tree
version=v4
num_class=1
num_tree_per_iteration=1
label_index=0
max_feature_idx=12
objective=regression
feature_names=consumption_lag_24h consumption_lag_168h temp_national HDD CDD is_hot is_cold hour_sin hour_cos dow_sin_x dow_cos_x is_weekend_x is_holiday_day
feature_infos=[15333.299999999999:55575.019999999997] [15333.299999999999:55575.019999999997] [-2.2555740000000002:18.692222999999998] [0:20.255572999999998] none none [0:1] [-1:1] [-1:1] [-0.97492791218182362:0.97492791218182362] [-0.90096886790241903:1] [0:1] [0:1]
tree_sizes=1453 1493 1491 1490 1505 1478 1489 1487 1473 1491 1499 1481 1503 1502 1493 1501 1500 1491 1495 1476 1501 1496 1487 1501 1490 1493 1502 1488 1495 1477 1490 1500 1483 1463 1475 1487 1491 1494 1462 1443 1514 1473 1479 1486 1468 1482 1466 1462 1484 1456 1501 1476 1494 1458 1493 1472 1477 1445 1495 1467 1492 1478 1414 1357 1475 1464 1473 1492 1488 1454 1487 1478 1484 1496 1498 1491 1490 1500 1485 1489 1472 1212 1481 1460 1290 1467 1434 1474 1435 1483 1459 1474 1471 1474 1296 1501 1357 1313 1469 1488 1476 1511 1484 1480 1483 1309 1256 1197 1485 1297 1284 1479 1282 1443 1486 1476 1298 1480 1482 1485 1487 1475 1366 1490 1481 1482 1479 1445 1494 1487 1458 1477 1460 1494 1493 1426 1471 1378 1106 1480 1482 1375 1307 1488 1470 1192 1485 1471 1281 1423 1374 1478 1469 1468 1206 1476 1466 1486 1451 1320 1487 1488 1471 1475 1215 1483 1478 1331 1460 1266 1466 1281 1477 1488 1301 1445 1398 1431 1483 1471 1384 1481 1490 1485 1460 1215 1479 1480 1473 1468 1474 1280 1486 1470 1468 1465 1470 1463 1483 1470

Tree=0
num_leaves=15
num_cat=0
split_feature=1 0 0 1 0 0 0 1 0 9 1 9 0 9
split_gain=5.68614e+11 8.7201e+10 7.50352e+10 2.34052e+10 2.2341e+10 1.67348e+10 1.37405e+10 1.06652e+10 8.12963e+09 6.96113e+09 6.84421e+09 6.67992e+09 5.54241e+09 1.80729e+09
threshold=35349.020000000004 41504.310000000005 31569.870000000006 38486.30000000001 25154.420000000002 46832.990000000013 38766.695000000007 29396.640000000003 29387.120000000006 -0.60785761079279388 32880.240000000013 -0.60785761079279388 37078.555000000008 -0.60785761079279388
decision_type=2 2 2 2 2 2 2 2 2 2 2 2 2 2
left_child=2 3 4 12 -1 9 10 -6 -5 -3 -4 -8 -2 -7
right_child=1 5 6 8 7 13 11 -9 -10 -11 -12 -13 -14 -15
leaf_value=34519.412905062396 35693.677105641858 36148.240988664969 35335.247186370354 35420.401669598825 34934.201430654299 36616.638192887011 35687.68338326599 35192.369669046908 36106.412138246676 36466.448092066952 35545.375885727895 36342.611094495529 35900.871740979339 37017.186893019229
leaf_weight=800 2479 897 3552 177 2849 157 533 3678 6242 3020 2754 219 2693 535
leaf_count=800 2479 897 3552 177 2849 157 533 3678 6242 3020 2754 219 2693 535
internal_value=35700 36106.3 35242.4 35959.9 35018.3 36474.1 35475.2 35079.6 36087.5 36393.7 35427 35879 35801.6 36927.8
internal_weight=30585 16200 14385 11591 7327 4609 7058 6527 6419 3917 6306 752 5172 692
internal_count=30585 16200 14385 11591 7327 4609 7058 6527 6419 3917 6306 752 5172 692
is_linear=0
shrinkage=1


Tree=1
num_leaves=15
num_cat=0
split_feature=0 0 0 9 10 0 0 8 10 9 9 0 9 9
split_gain=3.99002e+11 9.6352e+10 4.73621e+10 3.56427e+10 3.39353e+10 1.88631e+10 1.79381e+10 1.36557e+10 1.16735e+10 7.37254e+09 7.30099e+09 5.94229e+09 4.1578e+09 3.48327e+09
threshold=34408.125000000007 41019.980000000003 30354.210000000003 -0.60785761079279388 0.81174490092936691 45269.875000000007 25538.520000000004 1.0000000180025095e-35 0.81174490092936691 -0.60785761079279388 -1.0000000180025095e-35 37919.235000000008 -0.60785761079279388 -0.60785761079279388
decision_type=2 2 2 2 2 2 2 2 2 2 2 2 2 2
left_child=2 3 6 11 12 9 -1 -6 -5 -3 -8 -2 -4 -7
right_child=1 5 4 8 7 13 10 -9 -10 -11 -12 -13 -14 -15
leaf_value=-1020.9716107379296 -209.83730281190731 316.067710742602 -473.01427534256857 226.18841209190384 426.13968404210067 697.7383729113883 -725.59029588871454 -162.42698073994029 583.3009769784079 627.8567174245951 -465.84842647849018 37.174085047607171 -294.02576242231652 1080.8515208249107
leaf_weight=968 2092 998 2087 7036 878 322 1606 714 1052 3203 3355 1821 3457 996
leaf_count=968 2092 998 2087 7036 878 322 1606 714 1052 3203 3355 1821 3457 996
internal_value=0.00466558 311.902 -418.237 152.845 -244.634 657.678 -627.105 162.236 272.704 553.88 -550.063 -94.905 -361.478 987.853
internal_weight=30585 17520 13065 12001 7136 5519 5929 1592 8088 4201 4961 3913 5544 1318
internal_count=30585 17520 13065 12001 7136 5519 5929 1592 8088 4201 4961 3913 5544 1318
is_linear=0
shrinkage=0.1


Tree=2
num_leaves=15
num_cat=0
split_feature=1 1 0 0 12 1 12 0 0 9 12 1 0 0
split_gain=3.83662e+11 6.31467e+10 4.3641e+10 1.94377e+10 1.57554e+10 1.38803e+10 1.30122e+10 1.09071e+10 9.39096e+09 7.74951e+09 5.19564e+09 4.42872e+09 4.03234e+09 3.8297e+09
threshold=34854.370000000003 40354.215000000004 31189.230000000007 43707.545000000006 1.0000000180025095e-35 27567.260000000006 1.0000000180025095e-35 38946.780000000006 36939.030000000006 -0.60785761079279388 1.0000000180025095e-35 32045.955000000005 24717.765000000003 48063.770000000011
decision_type=2 2 2 2 2 2 2 2 2 2 2 2 2 2
left_child=2 4 5 6 7 12 -3 -2 11 -10 -7 -4 -1 -5
right_child=1 3 8 13 -6 10 -8 -9 9 -11 -12 -13 -14 -15
leaf_value=-1079.6994659291718 103.84027230155155 487.04711878552274 -367.86265876384419 749.24800366611726 -414.4444102921675 -466.34094349011161 -268.8768620125453 320.83866963353057 -123.30620821371534 421.79413568018492 -880.8927371544471 -190.24019968900359 -729.8073119127497 1090.5445845784132
leaf_weight=461 5956 4587 2769 1461 453 4644 239 3791 1049 346 324 2855 1217 433
leaf_count=461 5956 4587 2769 1461 453 4644 239 3791 1049 346 324 2855 1217 433
internal_value=0.00630453 318.29 -394.086 556.277 161.459 -577.73 449.563 188.264 -220.145 12.0996 -493.549 -277.743 -826.52 827.808
internal_weight=30585 16920 13665 6720 10200 6646 4826 9747 7019 1395 4968 5624 1678 1894
internal_count=30585 16920 13665 6720 10200 6646 4826 9747 7019 1395 4968 5624 1678 1894
is_linear=0
shrinkage=0.1


Tree=3
num_leaves=15
num_cat=0
split_feature=1 0 0 12 1 1 0 0 0 12 0 0 11 11
split_gain=3.12931e+11 4.60694e+10 4.39921e+10 1.96767e+10 1.52883e+10 1.52532e+10 7.23278e+09 6.47784e+09 5.50496e+09 4.82675e+09 4.19013e+09 3.77229e+09 3.49565e+09 1.83137e+09
threshold=35792.570000000007 32155.305000000004 42646.750000000007 1.0000000180025095e-35 39230.81500000001 28895.130000000001 41924.740000000013 47380.965000000004 24246.345000000005 1.0000000180025095e-35 33903.405000000006 36865.450000000004 1.0000000180025095e-35 1.0000000180025095e-35
decision_type=2 2 2 2 2 2 2 2 2 2 2 2 2 2
left_child=1 5 3 4 -2 8 11 12 -1 -7 -5 -3 -4 -8
right_child=2 6 7 10 -6 9 13 -9 -10 -11 -12 -13 -14 -15
leaf_value=-991.84595851191773 142.83159482001332 -191.5938704660968 641.75977673105217 -565.89582753268166 372.13547768532584 -354.83099340458296 806.58712119654604 948.61796433130894 -604.43398361712104 -744.54936476763567 -39.795897476359194 -21.477509941777367 371.63464183420649 148.05303014975328
leaf_weight=431 5779 4700 2028 329 5855 5098 94 575 2562 339 280 1804 634 77
leaf_count=431 5779 4700 2028 329 5855 5098 94 575 2562 339 280 1804 634 77
internal_value=0.00126483 -323.802 315.961 229.244 258.255 -479.192 -127.513 643.769 -660.535 -379.263 -324.473 -144.42 577.589 512.639
internal_weight=30585 15105 15480 12243 11634 8430 6675 3237 2993 5437 609 6504 2662 171
internal_count=30585 15105 15480 12243 11634 8430 6675 3237 2993 5437 609 6504 2662 171
is_linear=0
shrinkage=0.1


Tree=4
num_leaves=15
num_cat=0
split_feature=1 1 0 0 12 0 0 1 12 9 9 12 1 0
split_gain=2.54404e+11 4.49314e+10 2.76744e+10 1.40923e+10 1.07687e+10 1.02905e+10 7.95182e+09 7.0932e+09 6.92274e+09 5.64784e+09 3.31999e+09 3.11962e+09 2.66992e+09 2.08969e+09
threshold=34608.870000000003 41098.765000000007 29974.175000000003 38649.625000000007 1.0000000180025095e-35 44558.235000000008 33446.150000000009 27252.950000000004 1.0000000180025095e-35 -0.60785761079279388 -0.60785761079279388 1.0000000180025095e-35 30875.770000000004 23615.035000000003
decision_type=2 2 2 2 2 2 2 2 2 2 2 2 2 2
left_child=2 3 7 4 -2 8 12 13 -3 -8 -5 -9 -4 -1
right_child=1 5 6 10 -6 -7 9 11 -10 -11 -12 -13 -14 -15
leaf_value=-952.32010533584457 79.794202222548023 441.79013877594753 -381.43584399219299 154.49710442674615 -439.0855536073168 730.46432663199664 -194.85538790014232 -417.96782856228106 -162.39441690826416 75.165994026855941 321.17846352829457 -776.36804006476154 -236.42069081747573 -651.43395933341799
leaf_weight=306 6109 3843 2363 1810 427 1358 2431 3012 199 1136 3534 265 2762 1030
leaf_count=306 6109 3843 2363 1810 427 1358 2431 3012 199 1136 3534 265 2762 1030
internal_value=0.000869374 253.066 -328.665 144.329 45.8336 492.217 -223.556 -526.624 412.011 -108.863 264.763 -447.178 -303.345 -721.01
internal_weight=30585 17280 13305 11880 6536 5400 8692 4613 4042 3567 5344 3277 5125 1336
internal_count=30585 17280 13305 11880 6536 5400 8692 4613 4042 3567 5344 3277 5125 1336
is_linear=0
shrinkage=0.1


Tree=5
num_leaves=15
num_cat=0
split_feature=1 1 1 1 1 1 1 2 3 3 9 2 3 2
split_gain=2.07656e+11 3.43891e+10 2.62512e+10 5.52123e+09 5.3186e+09 5.23717e+09 4.67062e+09 2.19319e+09 1.94688e+09 1.76369e+09 1.48551e+09 1.37963e+09 1.00626e+09 9.73559e+08
threshold=36387.485000000008 31002.400000000005 42327.935000000005 33038.060000000005 46832.380000000012 39179.570000000007 27949.805000000004 13.533726000000001 7.3426288500000014 5.8136520500000008 -0.60785761079279388 13.444966000000003 3.1910042500000002 5.0936638000000007
decision_type=2 2 2 2 2 2 2 2 2 2 2 2 2 2
left_child=1 6 5 7 -4 11 10 -3 -8 -5 -1 -2 -6 -7
right_child=2 3 4 9 12 13 8 -9 -10 -11 -12 -13 -14 -15
leaf_value=-607.47202286890729 109.34768732607903 -223.55230881660725 444.34971016146903 119.64777445910407 863.25724519042967 330.84953685829237 -165.32261707950647 196.46662624861844 -375.22981875041535 -69.938868967065858 -449.17650546800388 303.97701457357647 620.319653477972 236.94558764326814
leaf_weight=1146 4887 3624 3000 548 374 1542 496 128 4224 4625 1274 393 345 3979
leaf_count=1146 4887 3624 3000 548 374 1542 496 128 4224 4625 1274 393 345 3979
internal_value=-0.00709551 -247.72 274.062 -116.837 503.184 195.131 -411.284 -209.175 -353.211 -49.8358 -524.358 123.889 747.711 263.228
internal_weight=30585 16065 14520 8925 3719 10801 7140 3752 4720 5173 2420 5280 719 5521
internal_count=30585 16065 14520 8925 3719 10801 7140 3752 4720 5173 2420 5280 719 5521
is_linear=0
shrinkage=0.1


Tree=6
num_leaves=15
num_cat=0
split_feature=1 0 0 12 0 1 0 1 0 11 0 11 11 11
split_gain=1.68429e+11 2.81538e+10 2.4963e+10 1.31171e+10 1.05428e+10 7.08679e+09 5.25395e+09 4.91553e+09 4.0683e+09 3.21087e+09 2.89901e+09 2.05303e+09 1.80127e+09 1.22884e+09
threshold=36109.540000000008 32491.000000000004 42441.590000000004 1.0000000180025095e-35 26407.890000000003 39934.265000000007 42854.19000000001 30170.960000000003 47380.965000000004 1.0000000180025095e-35 33828.505000000005 1.0000000180025095e-35 1.0000000180025095e-35 1.0000000180025095e-35
decision_type=2 2 2 2 2 2 2 2 2 2 2 2 2 2
left_child=1 4 3 5 12 -2 9 -6 11 -3 -5 -4 -1 -8
right_child=2 6 8 10 7 -7 13 -9 -10 -11 -12 -13 -14 -15
leaf_value=-537.19427987977781 128.89141226888407 -6.232893602275646 473.59485437533772 -500.06670673601923 -382.74811623296819 293.65527662349058 785.59676557793682 -222.9853561635488 719.19046280562986 -148.1663175785128 -53.964401337787187 273.77697199145899 -804.56971716207158 150.39932624816896
leaf_weight=894 6681 2823 2197 312 3807 4287 82 3910 572 3660 273 678 360 49
leaf_count=894 6681 2823 2197 312 3807 4287 82 3910 572 3660 273 678 360 49
internal_value=-0.0020231 -230.216 239.19 168.698 -345.613 193.313 -73.668 -301.84 475.334 -86.3724 -292.333 426.584 -614.533 550.943
internal_weight=30585 15585 15000 11553 8971 10968 6614 7717 3447 6483 585 2875 1254 131
internal_count=30585 15585 15000 11553 8971 10968 6614 7717 3447 6483 585 2875 1254 131
is_linear=0
shrinkage=0.1


Tree=7
num_leaves=15
num_cat=0
split_feature=1 1 1 12 1 12 1 12 1 12 3 1 1 7
split_gain=1.37137e+11 2.46251e+10 1.39836e+10 9.81656e+09 7.88904e+09 4.62482e+09 4.9036e+09 3.27533e+09 2.70063e+09 2.61497e+09 1.99916e+09 6.77769e+08 6.37616e+08 3.04345e+08
threshold=34608.870000000003 41848.185000000005 30233.675000000003 1.0000000180025095e-35 37934.180000000008 1.0000000180025095e-35 46415.325000000004 1.0000000180025095e-35 32313.300000000007 1.0000000180025095e-35 7.765294550000001 44353.415000000008 27567.260000000006 0.37940952255126054
decision_type=2 2 2 2 2 2 2 2 2 2 2 2 2 2
left_child=2 3 9 4 -2 6 -3 8 -4 10 -1 -7 -11 -5
right_child=1 5 7 13 -6 11 -8 -9 -10 12 -12 -13 -14 -15
leaf_value=-186.48545577285614 41.653408281625083 362.1402507005273 -196.7309580723921 -256.76113139295802 203.11058663944107 -303.48128531582387 641.29894401334559 -466.44030403926456 -74.895687301560642 -892.60375805926583 -368.71798732739114 75.250076768445695 -547.42928792826331 -438.48554290396271
leaf_weight=693 5228 3351 3838 425 7187 82 777 318 3462 92 4753 109 149 121
leaf_count=693 5228 3351 3838 425 7187 82 777 318 3462 92 4753 109 149 121
internal_value=-0.0012679 185.8 -241.308 116.872 135.129 392.573 414.828 -152.698 -138.969 -359.957 -345.568 -88.0804 -682.341 -297.761
internal_weight=30585 17280 13305 12961 12415 4319 4128 7618 7300 5687 5446 191 241 546
internal_count=30585 17280 13305 12961 12415 4319 4128 7618 7300 5687 5446 191 241 546
is_linear=0
shrinkage=0.1


Tree=8
num_leaves=15
num_cat=0
split_feature=1 0 0 0 0 10 0 1 1 0 0 0 9 9
split_gain=1.11727e+11 2.20458e+10 1.59837e+10 8.18148e+09 4.71221e+09 4.57734e+09 1.02776e+10 3.52917e+09 3.4423e+09 3.14622e+09 2.33909e+09 1.60135e+09 1.37575e+09 2.8572e+08
threshold=36611.475000000013 32705.740000000002 42854.19000000001 26407.890000000003 44360.615000000013 0.81174490092936691 36519.345000000008 43574.015000000007 29718.090000000004 37144.475000000013 48680.075000000004 23615.035000000003 -0.60785761079279388 -0.60785761079279388
decision_type=2 2 2 2 2 2 2 2 2 2 2 2 2 2
left_child=1 3 5 11 9 6 -2 -7 -5 -3 12 -1 -4 -12
right_child=2 4 10 8 -6 7 -8 -9 -10 -11 13 -13 -14 -15
leaf_value=-661.01812686356823 -189.58880542587121 -98.948126462025428 248.18275608838383 -322.46896089401912 755.30298629133677 219.38080448980543 156.05238705584665 544.79977917506778 -188.82710866968418 44.254360047293233 474.16486430921054 -426.55168246074629 419.80189695693645 710.21576125810736
leaf_weight=473 964 4712 615 3169 72 1882 7937 405 4937 2274 75 788 2018 264
leaf_count=473 964 4712 615 3169 72 1882 7937 405 4937 2274 75 788 2018 264
internal_value=-0.00901526 -177.466 205.831 -278.024 -43.9902 151.048 118.602 277.221 -241.107 -52.3349 411.942 -514.954 379.826 659.54
internal_weight=30585 16425 14160 9367 7058 11188 8901 2287 8106 6986 2972 1261 2633 339
internal_count=30585 16425 14160 9367 7058 11188 8901 2287 8106 6986 2972 1261 2633 339
is_linear=0
shrinkage=0.1


Tree=9
num_leaves=15
num_cat=0
split_feature=1 0 0 10 0 0 0 9 9 9 1 1 9 0
split_gain=9.13111e+10 2.08679e+10 1.13509e+10 8.11188e+09 6.36369e+09 6.25241e+09 4.77529e+09 3.91049e+09 2.65536e+09 2.55122e+09 2.50048e+09 2.22928e+09 1.38046e+09 1.36174e+09
threshold=34106.525000000009 39882.665000000008 28500.755000000001 0.81174490092936691 35403.030000000006 44360.615000000013 37212.345000000008 -0.60785761079279388 -1.0000000180025095e-35 -0.60785761079279388 30813.135000000006 42643.090000000004 -0.60785761079279388 21887.480000000007
decision_type=2 2 2 2 2 2 2 2 2 2 2 2 2 2
left_child=2 3 8 4 -2 9 10 -8 -1 -3 -4 -5 -7 -10
right_child=1 5 6 11 -6 12 7 -9 13 -11 -12 -13 -14 -15
leaf_value=-543.95438861222362 -165.02410881966011 98.364993782366753 -235.91227484704629 163.35313660316081 51.440724017752807 282.62430729078494 -67.74368370349994 384.14831637162433 -596.29152927737266 258.24679437013225 -130.04904827748493 400.71126462940305 488.01887256134728 -297.40207471591737
leaf_weight=793 1733 1297 4272 2094 6264 441 726 259 168 4354 4681 488 1329 1686
leaf_count=793 1733 1297 4272 2094 6264 441 726 259 168 4354 4681 488 1329 1686
internal_value=-0.00260533 144.471 -206.635 54.2814 4.51667 273.016 -157.593 51.3478 -390.631 221.575 -180.583 208.352 437.033 -324.793
internal_weight=30585 18000 12585 10579 7997 7421 9938 985 2647 5651 8953 2582 1770 1854
internal_count=30585 18000 12585 10579 7997 7421 9938 985 2647 5651 8953 2582 1770 1854
is_linear=0
shrinkage=0.1


Tree=10
num_leaves=15
num_cat=0
split_feature=0 0 10 0 9 0 8 10 9 9 0 9 9 12
split_gain=7.11551e+10 1.65576e+10 1.09067e+10 1.05277e+10 6.00519e+09 4.70487e+09 4.07811e+09 3.41443e+09 2.48816e+09 2.4634e+09 1.83197e+09 1.44615e+09 9.64385e+08 8.80749e+08
threshold=37474.730000000003 30488.450000000004 0.81174490092936691 43298.990000000005 -0.60785761079279388 24717.765000000003 0.25881904510252057 0.81174490092936691 -0.60785761079279388 -1.0000000180025095e-35 48063.770000000011 -0.8783796973249266 -0.60785761079279388 1.0000000180025095e-35
decision_type=2 2 2 2 2 2 2 2 2 2 2 2 2 2
left_child=1 5 8 4 11 13 -4 -6 -3 -7 12 -2 -5 -1
right_child=3 2 6 10 7 9 -8 -9 -10 -11 -12 -13 -14 -15
leaf_value=-430.62122494319703 71.863488562479532 -168.16996406619876 247.901175677005 204.36448405051934 168.22372073979611 -324.22658598974022 -23.287193301927573 490.40858980741115 -63.775687566425113 -181.10613170064639 537.22361078122958 -73.591384547605259 359.07778013204631 -681.2774362275095
leaf_weight=529 1641 3802 1359 543 6804 1799 936 345 5718 3646 478 1170 1618 197
leaf_count=529 1641 3802 1359 543 6804 1799 936 345 5718 3646 478 1170 1618 197
internal_value=-0.00204953 -127.658 -58.3072 182.232 135.154 -260.406 137.337 183.838 -105.481 -228.443 359.792 11.3173 320.315 -499.48
internal_weight=30585 17986 11815 12599 9960 6171 2295 7149 9520 5445 2639 2811 2161 726
internal_count=30585 17986 11815 12599 9960 6171 2295 7149 9520 5445 2639 2811 2161 726
is_linear=0
shrinkage=0.1


Tree=11
num_leaves=15
num_cat=0
split_feature=1 0 0 12 10 0 0 1 0 0 12 10 0 0
split_gain=6.15947e+10 1.47105e+10 7.62522e+09 6.98343e+09 5.28343e+09 3.94334e+09 3.54857e+09 2.00367e+09 1.70843e+09 1.51399e+09 1.18593e+09 1.10425e+09 7.91702e+08 5.55266e+08
threshold=33850.495000000003 40224.740000000013 28500.755000000001 1.0000000180025095e-35 0.81174490092936691 45540.015000000007 39825.730000000003 25575.220000000005 30670.235000000004 32934.875000000007 1.0000000180025095e-35 0.81174490092936691 49477.955000000009 20317.635000000006
decision_type=2 2 2 2 2 2 2 2 2 2 2 2 2 2
left_child=2 3 7 4 -2 11 9 13 -5 -4 -9 -3 -7 -1
right_child=1 5 6 8 -6 12 -8 10 -10 -11 -12 -13 -14 -15
leaf_value=-752.61731875924511 28.489445257319581 192.22280434861057 -170.17471020795412 -464.27340223260427 192.69863770547113 357.34025608941505 245.65718927422833 -246.36738617440551 -139.40238128269422 -84.163511966973147 -488.61224550993552 551.93195555237514 563.5138847286961 -444.50039309275519
leaf_weight=67 8343 5498 6317 256 2560 941 241 1756 441 3032 229 86 237 581
leaf_count=67 8343 5498 6317 256 2560 941 241 1756 441 3032 229 86 237 581
internal_value=-0.00140911 115.78 -173.929 47.4341 67.0595 233 -132.518 -324.649 -259.218 -142.292 -274.546 197.861 399.263 -477.469
internal_weight=30585 18362 12223 11600 10903 6762 9590 2633 697 9349 1985 5584 1178 648
internal_count=30585 18362 12223 11600 10903 6762 9590 2633 697 9349 1985 5584 1178 648
is_linear=0
shrinkage=0.1


Tree=12
num_leaves=15
num_cat=0
split_feature=0 0 0 10 9 8 10 12 9 0 9 8 9 9
split_gain=4.85813e+10 9.13314e+09 9.09081e+09 7.31369e+09 5.51531e+09 3.99283e+09 3.08036e+09 2.70821e+09 2.81098e+09 2.00759e+09 1.74798e+09 1.30994e+09 8.92898e+08 6.58857e+08
threshold=36293.910000000011 42025.695000000014 29460.200000000004 0.81174490092936691 -0.60785761079279388 1.0000000180025095e-35 0.81174490092936691 1.0000000180025095e-35 -0.60785761079279388 46112.075000000004 -0.60785761079279388 -0.12940952255126034 -0.60785761079279388 -0.60785761079279388
decision_type=2 2 2 2 2 2 2 2 2 2 2 2 2 2
left_child=2 4 7 10 11 -5 -6 8 -1 12 -4 -2 -3 -11
right_child=1 9 3 5 6 -7 -8 -9 -10 13 -12 -13 -14 -15
leaf_value=-381.10149721363882 -80.476491769673174 123.99010492646121 -170.8124431726045 201.46767535566258 112.61119189585231 -54.618788914377348 363.03270168848337 -458.01947797310333 -170.62605723847116 235.65072824229367 -80.928454385650255 47.25749918612329 249.6143652083949 431.91416382672037
leaf_weight=803 1862 747 3515 1276 6760 1163 529 520 3033 229 5635 1410 2374 729
leaf_count=803 1862 747 3515 1276 6760 1163 529 520 3033 229 5635 1410 2374 729
internal_value=-0.00342075 131.521 -120.764 -74.46 82.4204 79.3844 130.833 -243.909 -214.773 258.597 -115.473 -25.4346 219.596 385.294
internal_weight=30585 14640 15945 11589 10561 2439 7289 4356 3836 4079 9150 3272 3121 958
internal_count=30585 14640 15945 11589 10561 2439 7289 4356 3836 4079 9150 3272 3121 958
is_linear=0
shrinkage=0.1


Tree=13
num_leaves=15
num_cat=0
split_feature=1 0 0 12 10 0 0 9 1 9 12 0 0 9
split_gain=4.14065e+10 1.05707e+10 5.27425e+09 4.89447e+09 4.12379e+09 2.91224e+09 2.74832e+09 1.38681e+09 1.32695e+09 1.04706e+09 9.50416e+08 9.39644e+08 9.01111e+08 4.85134e+08
threshold=33545.605000000003 39711.345000000008 27407.400000000005 1.0000000180025095e-35 0.81174490092936691 44026.395000000011 39825.730000000003 -0.60785761079279388 30942.745000000006 -1.0000000180025095e-35 1.0000000180025095e-35 30734.650000000005 49477.955000000009 -0.60785761079279388
decision_type=2 2 2 2 2 2 2 2 2 2 2 2 2 2
left_child=2 3 9 4 -2 7 8 -3 -4 -1 -11 -5 -7 -8
right_child=1 5 6 11 -6 12 13 -9 -10 10 -12 -13 -14 -15
leaf_value=-423.44577296214061 9.8894401597551642 57.033229478211837 -160.44969029388508 -374.10295402256412 156.24934916478111 259.84486735551582 80.363364941058776 172.06744592469738 -86.525934857610821 -223.84020978674786 -522.28769134521485 -135.41507846865161 468.01771986504565 387.04095357259121
leaf_weight=554 7772 1374 5440 267 2558 1770 100 4434 4394 1025 119 434 237 107
leaf_count=554 7772 1374 5440 267 2558 1770 100 4434 4394 1025 119 434 237 107
internal_value=-0.00187227 91.8269 -147.421 28.7842 46.1439 180.798 -119.834 144.868 -127.431 -310.387 -255.314 -226.731 284.648 239.986
internal_weight=30585 18846 11739 11031 10330 7815 10041 5808 9834 1698 1144 701 2007 207
internal_count=30585 18846 11739 11031 10330 7815 10041 5808 9834 1698 1144 701 2007 207
is_linear=0
shrinkage=0.1


Tree=14
num_leaves=15
num_cat=0
split_feature=1 1 1 12 1 12 3 3 9 1 3 12 12 2
split_gain=3.37074e+10 7.84562e+09 4.43622e+09 3.72383e+09 1.56289e+09 1.53809e+09 1.40714e+09 1.05945e+09 9.83454e+08 8.51418e+08 8.38017e+08 5.2289e+08 4.31882e+08 1.98074e+08
threshold=37019.915000000008 31525.155000000002 43574.015000000007 1.0000000180025095e-35 28304.120000000003 1.0000000180025095e-35 2.7356209500000004 3.1910042500000002 -0.60785761079279388 40049.210000000014 7.2370515000000006 1.0000000180025095e-35 1.0000000180025095e-35 11.110971000000001
decision_type=2 2 2 2 2 2 2 2 2 2 2 2 2 2
left_child=1 4 3 9 8 6 -3 11 -1 -2 -6 -4 -9 -7
right_child=2 5 7 -5 10 13 -8 12 -10 -11 -12 -13 -14 -15
leaf_value=-287.56730773573105 77.709376998904531 318.94165638695154 384.10675632268732 -203.99884076560417 -14.937317045631758 -257.57013691252979 -24.50147821883542 214.30686936631264 -168.272666113246 134.66006543123956 -145.9518823046968 17.609882266022439 -19.003851148628055 -105.88414121135588
leaf_weight=1324 5882 120 549 409 544 303 8491 1725 1459 4750 4781 42 83 123
leaf_count=1324 5882 120 549 409 544 303 8491 1725 1459 4750 4781 42 83 123
internal_value=-0.00278222 -92.9484 118.563 91.7673 -164.359 -28.8676 -19.6789 241.797 -225.109 103.163 -132.573 358.135 203.592 -214.124
internal_weight=30585 17145 13440 11041 8108 9037 8611 2399 2783 10632 5325 591 1808 426
internal_count=30585 17145 13440 11041 8108 9037 8611 2399 2783 10632 5325 591 1808 426
is_linear=0
shrinkage=0.1


Tree=15
num_leaves=15
num_cat=0
split_feature=1 1 1 12 12 1 1 2 12 9 12 9 1 8
split_gain=2.76326e+10 5.91206e+09 2.6289e+09 2.4151e+09 1.76728e+09 1.82634e+09 1.61055e+09 1.35735e+09 1.01748e+09 1.03151e+09 9.02059e+08 7.82721e+08 3.03923e+08 1.92713e+08
threshold=33545.605000000003 40739.055000000008 28982.450000000004 1.0000000180025095e-35 1.0000000180025095e-35 46832.380000000012 37302.765000000007 11.158458500000002 1.0000000180025095e-35 -0.60785761079279388 1.0000000180025095e-35 -1.0000000180025095e-35 44353.415000000008 -0.12940952255126034
decision_type=2 2 2 2 2 2 2 2 2 2 2 2 2 2
left_child=2 3 8 6 5 -3 -2 10 9 -1 -4 -9 -6 -5
right_child=1 4 7 13 12 -7 -8 11 -10 -11 -12 -13 -14 -15
leaf_value=-238.09396770901151 6.3924917433166355 147.7911827985051 -95.583555016920982 -226.36904348976475 -206.00524576131033 324.48370877551173 79.106129656390834 -48.023768650539338 -438.91789722082751 -128.69359398886095 -277.80666399440162 147.99039689344272 17.96263261795044 -108.65580193768591
leaf_weight=1619 5590 5095 6983 271 135 661 6693 503 158 1853 282 341 109 292
leaf_count=1619 5590 5095 6983 271 135 661 6693 503 158 1853 282 341 109 292
internal_value=-0.00276636 75.0135 -120.431 36.7298 156.959 168.135 46.0173 -88.7504 -191.159 -179.761 -102.694 31.2529 -106.289 -165.618
internal_weight=30585 18846 11739 12846 6000 5756 12283 8109 3630 3472 7265 844 244 563
internal_count=30585 18846 11739 12846 6000 5756 12283 8109 3630 3472 7265 844 244 563
is_linear=0
shrinkage=0.1


Tree=16
num_leaves=15
num_cat=0
split_feature=0 1 10 9 0 3 12 9 10 8 8 8 0 0
split_gain=2.38799e+10 7.34658e+09 4.16119e+09 3.19271e+09 2.62991e+09 2.61863e+09 1.53367e+09 1.32633e+09 1.05523e+09 1.03057e+09 1.00859e+09 7.67542e+08 7.10126e+08 6.67548e+08
threshold=37783.790000000001 31763.700000000001 0.81174490092936691 -0.60785761079279388 27407.400000000005 4.6775312500000004 1.0000000180025095e-35 -0.8783796973249266 0.81174490092936691 -0.37940952255126009 -0.37940952255126009 -0.37940952255126009 41924.740000000013 21887.480000000007
decision_type=2 2 2 2 2 2 2 2 2 2 2 2 2 2
left_child=1 4 6 7 13 8 -3 -2 -5 -6 -4 -9 -7 -1
right_child=3 2 10 5 9 12 -8 11 -10 -11 -12 -13 -14 -15
leaf_value=-416.06598208912629 75.421018253331724 -38.666030462500757 150.69209726688709 226.67730798286203 -206.05635830232575 94.21495659946595 -199.39683172824937 -125.12837014999826 493.59839828953602 -97.037160815607876 27.9317020622447 33.733885009062355 164.22172299247347 -230.2069914408188
leaf_weight=227 1996 6975 1409 1536 1024 5026 648 701 164 5674 1275 536 2040 1354
leaf_count=227 1996 6975 1409 1536 1024 5026 648 701 164 5674 1275 536 2040 1354
internal_value=-0.00590467 -71.0019 -14.6513 109.961 -141.146 141.285 -52.3535 25.0126 252.702 -113.732 92.4085 -56.3207 114.447 -257.139
internal_weight=30585 18586 10307 11999 8279 8766 7623 3233 1700 6698 2684 1237 7066 1581
internal_count=30585 18586 10307 11999 8279 8766 7623 3233 1700 6698 2684 1237 7066 1581
is_linear=0
shrinkage=0.1


Tree=17
num_leaves=15
num_cat=0
split_feature=0 0 1 10 10 9 8 8 0 0 0 8 9 2
split_gain=1.97974e+10 4.47897e+09 3.72394e+09 2.7514e+09 2.6982e+09 1.77958e+09 1.7315e+09 1.45874e+09 1.44275e+09 1.13298e+09 9.51056e+08 7.83374e+08 6.72717e+08 5.33714e+08
threshold=34908.720000000008 40602.295000000006 29234.025000000005 0.81174490092936691 0.81174490092936691 -0.60785761079279388 -0.37940952255126009 -0.12940952255126034 45540.015000000007 27237.795000000002 27806.320000000003 -0.37940952255126009 -1.0000000180025095e-35 16.664058500000003
decision_type=2 2 2 2 2 2 2 2 2 2 2 2 2 2
left_child=2 3 9 5 10 -2 -6 -5 12 -1 -4 -11 -3 -10
right_child=1 8 4 7 6 -7 -8 -9 13 11 -12 -13 -14 -15
leaf_value=-256.11165567293563 -39.162986721814875 74.090838430210042 -212.2592892248164 373.01781684449003 113.55542891516187 50.072988706361478 -49.990690466334541 103.62251213348864 219.97345595671993 -255.9155216095474 -77.496088334106176 -110.91757478672537 148.02707864629585 481.31092206169581
leaf_weight=1167 3489 2147 566 321 1277 6213 1311 538 1114 454 6926 2084 2894 84
leaf_count=1167 3489 2147 566 321 1277 6213 1311 538 1114 454 6926 2084 2894 84
internal_value=-0.00546471 72.871 -88.8201 33.1792 -57.2989 17.9815 30.7208 204.61 140.043 -174.539 -87.704 -136.946 116.558 238.684
internal_weight=30585 16800 13785 10561 10080 9702 2588 859 6239 3705 7492 2538 5041 1198
internal_count=30585 16800 13785 10561 10080 9702 2588 859 6239 3705 7492 2538 5041 1198
is_linear=0
shrinkage=0.1


Tree=18
num_leaves=15
num_cat=0
split_feature=0 1 0 10 9 10 0 9 8 0 8 3 9 9
split_gain=1.6171e+10 3.62037e+09 3.2937e+09 2.73656e+09 2.39919e+09 1.41725e+09 1.31066e+09 9.99683e+08 8.82209e+08 8.5921e+08 7.79238e+08 6.8747e+08 5.7349e+08 5.32468e+08
threshold=35843.335000000006 30619.055000000004 43069.765000000007 0.81174490092936691 -0.60785761079279388 0.81174490092936691 27237.795000000002 -0.8783796973249266 -0.12940952255126034 27933.765000000003 -0.37940952255126009 1.3953037500000003 -1.0000000180025095e-35 -0.60785761079279388
decision_type=2 2 2 2 2 2 2 2 2 2 2 2 2 2
left_child=1 6 4 9 7 -6 13 -2 -5 -3 -8 -4 -13 -1
right_child=2 3 11 8 5 -7 10 -9 -10 -11 -12 12 -14 -15
leaf_value=-322.92987842247135 32.051731470180307 -221.59985904054116 416.76595182065614 100.63787644937304 67.821583050664074 222.70790818058958 -209.28865612666789 -70.502140966511647 -20.113321497827194 -59.053228239091879 -91.329611470922742 107.69506485702765 199.47602678289115 -181.49293965130778
leaf_weight=365 2031 342 107 1574 8028 637 652 1785 982 6328 3974 1222 1550 1008
leaf_count=365 2031 342 107 1574 8028 637 652 1785 982 6328 3974 1222 1550 1008
internal_value=-0.00308139 -73.0358 72.3878 -33.708 50.1394 79.2323 -133.503 -15.9255 54.2563 -67.4197 -107.997 168.788 159.069 -219.3
internal_weight=30585 15225 15360 9226 12481 8665 5999 3816 2556 6670 4626 2879 2772 1373
internal_count=30585 15225 15360 9226 12481 8665 5999 3816 2556 6670 4626 2879 2772 1373
is_linear=0
shrinkage=0.1


Tree=19
num_leaves=15
num_cat=0
split_feature=1 1 12 2 1 12 9 1 9 3 2 8 12 1
split_gain=1.1803e+10 2.78391e+09 2.14164e+09 1.62144e+09 1.25055e+09 1.0984e+09 9.69184e+08 8.31784e+08 6.3774e+08 5.60403e+08 4.65782e+08 3.36889e+08 2.94043e+08 2.3428e+08
threshold=33186.05000000001 43574.015000000007 1.0000000180025095e-35 10.749576000000003 37874.905000000006 1.0000000180025095e-35 -0.60785761079279388 28612.310000000001 -0.8783796973249266 3.1910042500000002 13.961301000000002 -0.12940952255126034 1.0000000180025095e-35 27567.260000000006
decision_type=2 2 2 2 2 2 2 2 2 2 2 2 2 2
left_child=3 2 4 5 -2 7 8 -1 -5 12 -8 -4 -3 -7
right_child=1 9 11 6 -6 13 10 -9 -10 -11 -12 -13 -14 -15
leaf_value=-136.10407093448612 8.9707114485422803 251.86950010975926 -206.23597328474827 98.13770423996192 64.696267570758252 -401.22110853928785 70.848276111549325 -70.383435210434058 -117.79212472632126 120.08434073088156 299.37591738121534 -68.084608228441695 -22.137946426036748 -216.07902131306315
leaf_weight=2709 7191 549 354 185 9153 90 543 6676 517 1808 106 354 42 308
leaf_count=2709 7191 549 354 185 9153 90 543 6676 517 1808 106 354 42 308
internal_value=-0.00286865 46.9963 32.8015 -82.1069 40.1803 -96.287 20.571 -89.3663 -60.8289 147.837 108.576 -137.354 232.392 -258.846
internal_weight=30585 19451 17052 11134 16344 9783 1351 9385 702 2399 649 708 591 398
internal_count=30585 19451 17052 11134 16344 9783 1351 9385 702 2399 649 708 591 398
is_linear=0
shrinkage=0.1


Tree=20
num_leaves=15
num_cat=0
split_feature=0 1 10 0 0 10 12 11 12 11 1 11 1 8
split_gain=1.15079e+10 3.27602e+09 2.07429e+09 1.52366e+09 1.30006e+09 1.29833e+09 9.18399e+08 8.92764e+08 8.39206e+08 7.18723e+08 6.25888e+08 4.6621e+08 6.2823e+08 4.60208e+08
threshold=38188.265000000007 31763.700000000001 0.81174490092936691 44026.395000000011 28500.755000000001 0.81174490092936691 1.0000000180025095e-35 1.0000000180025095e-35 1.0000000180025095e-35 1.0000000180025095e-35 25193.570000000003 1.0000000180025095e-35 39766.55000000001 -0.12940952255126034
decision_type=2 2 2 2 2 2 2 2 2 2 2 2 2 2
left_child=1 4 6 5 10 9 -3 -6 -4 -2 -1 12 -5 -7
right_child=3 2 8 11 7 13 -8 -9 -10 -11 -12 -13 -14 -15
leaf_value=-246.43276099370803 74.00222161218197 -26.103405489103341 74.696323770993587 411.06163054093071 -33.369410678869876 432.91053997537369 -148.84407056411825 -111.42507856459825 -241.03913679013309 10.659806510021559 -127.185692210529 74.376233325556612 167.42629166607435 163.54077062282434
leaf_weight=580 6508 7583 2639 114 3227 114 662 2685 86 2472 1844 500 1425 146
leaf_count=580 6508 7583 2639 114 3227 114 662 2685 86 2472 1844 500 1425 146
internal_value=-0.00364126 -46.8878 -10.9766 80.244 -94.1393 62.9658 -35.9752 -68.8321 64.6471 56.5686 -155.808 158.473 185.729 282.855
internal_weight=30585 19306 10970 11279 8336 9240 8245 5912 2725 8980 2424 2039 1539 260
internal_count=30585 19306 10970 11279 8336 9240 8245 5912 2725 8980 2424 2039 1539 260
is_linear=0
shrinkage=0.1


Tree=21
num_leaves=15
num_cat=0
split_feature=0 0 10 12 8 11 8 8 0 11 10 0 2 8
split_gain=9.6416e+09 2.78642e+09 1.72909e+09 1.59398e+09 1.29453e+09 1.29411e+09 1.35008e+09 1.19502e+09 8.70334e+08 8.40335e+08 5.27033e+08 4.68083e+08 3.07113e+08 2.16546e+08
threshold=33446.150000000009 39711.345000000008 0.81174490092936691 1.0000000180025095e-35 -0.12940952255126034 1.0000000180025095e-35 -0.12940952255126034 -0.37940952255126009 46112.075000000004 1.0000000180025095e-35 0.81174490092936691 21887.480000000007 16.664058500000003 1.0000000180025095e-35
decision_type=2 2 2 2 2 2 2 2 2 2 2 2 2 2
left_child=3 2 9 5 -4 7 -7 -1 10 -2 -3 -5 -10 -13
right_child=1 8 4 11 -6 6 -8 -9 12 -11 -12 13 -14 -15
leaf_value=37.919911946507803 19.661599076908139 72.76918409250105 238.39989273736001 -439.18354258351513 37.570965916831945 -238.66855581452103 -79.118966442062742 -59.818147362691825 160.26336119991458 -41.135601625939401 276.87547117129776 -240.06247779462467 361.46002387092227 -132.94535935645192
leaf_weight=1553 5888 6953 532 76 808 712 2078 6419 875 3702 128 337 83 441
leaf_count=1553 5888 6953 532 76 808 712 2078 6419 875 3702 128 337 83 441
internal_value=-0.0017265 43.9342 11.0625 -71.7469 117.421 -61.2993 -119.906 -40.7757 88.6203 -3.80961 76.4973 -203.181 178.054 -179.593
internal_weight=30585 18969 10930 11616 1340 10762 2790 7972 8039 9590 7081 854 958 778
internal_count=30585 18969 10930 11616 1340 10762 2790 7972 8039 9590 7081 854 958 778
is_linear=0
shrinkage=0.1


Tree=22
num_leaves=15
num_cat=0
split_feature=1 3 3 12 12 1 9 12 9 9 9 3 8 8
split_gain=6.33312e+09 1.75218e+09 1.04882e+09 9.06095e+08 8.21922e+08 7.50055e+08 7.26845e+08 6.62185e+08 5.70739e+08 5.51824e+08 5.29036e+08 2.56859e+08 2.07929e+08 1.68418e+08
threshold=32669.145 5.6715140000000011 7.2935012500000012 1.0000000180025095e-35 1.0000000180025095e-35 38131.06500000001 -1.0000000180025095e-35 1.0000000180025095e-35 -0.60785761079279388 -0.8783796973249266 1.0000000180025095e-35 4.0810313000000011 -0.12940952255126034 -0.37940952255126009
decision_type=2 2 2 2 2 2 2 2 2 2 2 2 2 2
left_child=2 4 8 5 6 -3 -2 10 9 -1 -4 -10 -5 -9
right_child=1 3 7 12 -6 -7 -8 13 11 -11 -12 -13 -14 -15
leaf_value=111.80541887325901 50.060607046035898 -0.65531513032478528 -88.277588367563865 -177.93203747641593 -67.337203427526347 43.401701913311001 137.22009807567423 -350.91792647417856 248.28346343662429 -100.49216190397213 -36.800298525093453 65.95054650968035 -55.040147899059541 -174.23852560351594
leaf_weight=167 1621 7590 5625 238 310 7871 2340 67 91 451 3098 492 328 296
leaf_count=167 1621 7590 5625 238 310 7871 2340 67 91 451 3098 492 328 296
internal_value=-0.00163894 32.3927 -63.918 17.223 89.2998 21.7749 101.573 -75.526 23.8906 -43.0358 -70.0016 94.7872 -106.938 -207.723
internal_weight=30585 20298 10287 16027 4271 15461 3961 9086 1201 618 8723 583 566 363
internal_count=30585 20298 10287 16027 4271 15461 3961 9086 1201 618 8723 583 566 363
is_linear=0
shrinkage=0.1


Tree=23
num_leaves=15
num_cat=0
split_feature=1 2 3 12 1 12 11 12 11 11 10 8 2 1
split_gain=5.13461e+09 1.45171e+09 8.50188e+08 7.59518e+08 6.70188e+08 6.52383e+08 6.47406e+08 5.36183e+08 4.92589e+08 4.44259e+08 4.23921e+08 1.69258e+08 1.65464e+08 1.44878e+08
threshold=32592.555000000004 12.632126000000001 6.927061000000001 1.0000000180025095e-35 39714.355000000003 1.0000000180025095e-35 1.0000000180025095e-35 1.0000000180025095e-35 1.0000000180025095e-35 1.0000000180025095e-35 1.0000000180025095e-35 -0.12940952255126034 13.961301000000002 23640.325000000001
decision_type=2 2 2 2 2 2 2 2 2 2 2 2 2 2
left_child=2 3 9 4 -2 6 -3 8 -4 12 -11 -5 -1 -9
right_child=1 5 7 11 -6 -7 -8 13 -10 10 -12 -13 -14 -15
leaf_value=75.865332532136335 5.8086495839995216 122.40092062032107 -43.765215943553017 -156.93013651408847 49.160523411008271 -60.893555353398909 25.256198157100933 -405.68692583356585 -92.297458514018516 123.48753605622512 -86.983307610924257 -48.903904960334643 230.01785167347305 -166.40141775601154
leaf_weight=344 10675 2574 5493 251 5354 284 936 27 3380 129 362 345 87 344
leaf_count=344 10675 2574 5493 251 5354 284 936 27 3380 129 362 345 87 344
internal_value=-0.00276635 28.9076 -58.0681 16.1675 20.2912 84.7148 96.5102 -67.2008 -62.261 33.4708 -31.5479 -94.5848 107.442 -184.859
internal_weight=30585 20419 10166 16625 16029 3794 3510 9244 8873 922 491 596 431 371
internal_count=30585 20419 10166 16625 16029 3794 3510 9244 8873 922 491 596 431 371
is_linear=0
shrinkage=0.1


Tree=24
num_leaves=15
num_cat=0
split_feature=0 0 9 1 9 8 1 0 0 1 0 1 3 0
split_gain=5.81192e+09 1.90302e+09 1.09117e+09 8.41886e+08 8.20953e+08 1.24955e+09 7.30034e+08 6.38777e+08 6.03613e+08 3.75483e+08 3.73892e+08 3.9313e+08 1.88433e+08 1.57618e+08
threshold=37608.700000000004 28883.550000000003 -1.0000000180025095e-35 36387.485000000008 -1.0000000180025095e-35 -0.12940952255126034 27252.950000000004 22921.570000000003 43707.545000000006 28517.205000000005 41849.475000000013 29906.855000000007 9.622142000000002 50326.625000000007
decision_type=2 2 2 2 2 2 2 2 2 2 2 2 2 2
left_child=1 7 10 -4 5 -3 -6 12 -5 -9 11 -2 -1 -12
right_child=2 4 3 8 6 -7 -8 9 -10 -11 13 -13 -14 -15
leaf_value=-113.08956932841608 183.83177347121034 -111.13276505654221 237.77486101722127 57.406955949921304 228.95461650793106 -16.851299652734017 -3.0033396956047489 -126.49403200371601 136.10059815679051 -56.846771257295906 51.570480344156948 -3.9914630159303011 -273.5223329580889 225.10319766291866
leaf_weight=105 114 2055 321 5253 137 4446 8079 1384 1197 1762 1823 3598 258 53
leaf_count=105 114 2055 321 5253 137 4446 8079 1384 1197 1762 1823 3598 258 53
internal_value=-0.00389515 -35.8996 52.9307 79.9215 -20.1181 -46.6667 0.891901 -102.064 72.0299 -87.5167 20.2175 1.82477 -227.554 56.5904
internal_weight=30585 18226 12359 6771 14717 6501 8216 3509 6450 3146 5588 3712 363 1876
internal_count=30585 18226 12359 6771 14717 6501 8216 3509 6450 3146 5588 3712 363 1876
is_linear=0
shrinkage=0.1


Tree=25
num_leaves=15
num_cat=0
split_feature=0 9 2 9 8 0 1 1 12 1 1 2 9 9
split_gain=4.98701e+09 1.47309e+09 1.20924e+09 1.20221e+09 1.4111e+09 9.29496e+08 8.33825e+08 5.54552e+08 4.86848e+08 5.29379e+08 4.40391e+08 1.80502e+08 2.36328e+08 1.66995e+08
threshold=33302.105000000003 -0.60785761079279388 13.170073500000003 -0.8783796973249266 -0.37940952255126009 23615.035000000003 30875.770000000004 29789.480000000003 1.0000000180025095e-35 31698.655000000002 38066.765000000007 7.1080962000000012 -1.0000000180025095e-35 -0.60785761079279388
decision_type=2 2 2 2 2 2 2 2 2 2 2 2 2 2
left_child=5 3 6 7 -5 11 -3 -2 9 -7 -4 -1 -13 -10
right_child=1 2 10 4 -6 8 -8 -9 13 -11 -12 12 -14 -15
leaf_value=-243.98936412153822 302.57784938296754 231.34408962161044 227.57632689897196 -133.40662101034849 10.338613610472663 -57.618372101358297 32.504271275917439 25.390095647877658 -50.826320200431638 -9.8321518458219224 99.477604201751248 -254.02468467620486 -40.410267828532625 -158.7065834223983
leaf_weight=263 73 214 316 1324 1409 6627 11139 2950 204 3566 1786 82 139 493
leaf_count=263 73 214 316 1324 1409 6627 11139 2950 204 3566 1786 82 139 493
internal_value=-0.00214612 31.0678 49.1784 -11.2679 -59.322 -52.4783 36.2724 32.1815 -46.4408 -40.9031 118.834 -187.948 -120.457 -127.25
internal_weight=30585 19211 13455 5756 2733 11374 11353 3023 10890 10193 2102 484 221 697
internal_count=30585 19211 13455 5756 2733 11374 11353 3023 10890 10193 2102 484 221 697
is_linear=0
shrinkage=0.1


Tree=26
num_leaves=15
num_cat=0
split_feature=0 0 0 9 1 9 8 1 8 1 12 2 0 9
split_gain=4.10233e+09 9.99217e+08 9.9265e+08 6.79835e+08 7.98703e+08 5.17412e+08 9.83755e+08 5.13238e+08 4.67097e+08 4.54522e+08 4.39226e+08 3.69623e+08 2.1736e+08 1.9312e+08
threshold=35556.640000000007 43576.400000000001 28883.550000000003 -1.0000000180025095e-35 34347.400000000001 -1.0000000180025095e-35 -0.37940952255126009 27428.360000000004 -0.12940952255126034 27827.190000000006 1.0000000180025095e-35 16.289460000000002 20317.635000000006 1.0000000180025095e-35
decision_type=2 2 2 2 2 2 2 2 2 2 2 2 2 2
left_child=2 3 9 8 -5 6 -4 -7 -2 12 -11 13 -1 -3
right_child=1 11 5 4 -6 7 -8 -9 -10 10 -12 -13 -14 -15
leaf_value=-278.35510144026387 -23.083524587917395 51.072048947064566 -153.27888903409956 219.90409648840824 39.330259190353679 188.61436817681613 -28.756039109062996 -9.1490978954259194 32.061284454992709 -34.513907302771521 -152.9599024393427 240.77289734652015 -118.59528373903191 110.30457374868394
leaf_weight=91 3569 989 753 253 6924 133 4006 6344 2695 1762 380 161 1276 1249
leaf_count=91 3569 989 753 253 6924 133 4006 6344 2695 1762 380 161 1276 1249
internal_value=-0.00199566 35.332 -37.9598 24.7171 45.7255 -23.4559 -48.4869 -5.05969 0.643103 -84.3819 -55.5883 94.7697 -129.426 84.1635
internal_weight=30585 15840 14745 13441 7177 11236 4759 6477 6264 3509 2142 2399 1367 2238
internal_count=30585 15840 14745 13441 7177 11236 4759 6477 6264 3509 2142 2399 1367 2238
is_linear=0
shrinkage=0.1


Tree=27
num_leaves=15
num_cat=0
split_feature=0 0 10 8 8 12 1 3 9 10 1 10 0 0
split_gain=3.49448e+09 1.27465e+09 9.37627e+08 9.04462e+08 6.93095e+08 5.57294e+08 5.33638e+08 5.32079e+08 3.07869e+08 3.84078e+08 3.00557e+08 2.18357e+08 2.70332e+08 2.06706e+08
threshold=38999.850000000006 31126.485000000004 0.81174490092936691 -0.37940952255126009 -0.37940952255126009 1.0000000180025095e-35 31698.655000000002 2.7356209500000004 -1.0000000180025095e-35 1.0000000180025095e-35 38600.780000000006 0.81174490092936691 50326.625000000007 20317.635000000006
decision_type=2 2 2 2 2 2 2 2 2 2 2 2 2 2
left_child=1 5 4 -4 -3 6 -1 11 9 -9 -10 12 -2 -7
right_child=7 2 3 -5 -6 13 -8 8 10 -11 -12 -13 -14 -15
leaf_value=-62.028187517855088 88.229517410130654 -54.486797333303961 135.04303753331652 3.8841695044910538 -0.35673000324422088 -344.09554959932962 7.5842406036443553 36.911641551102512 138.51542343657854 -43.634307831705435 51.688402733989079 301.23986889284049 267.77134211825341 -127.65226735242693
leaf_weight=5325 640 3350 859 1353 8043 47 1388 3133 437 729 4498 66 96 621
leaf_count=5325 640 3350 859 1353 8043 47 1388 3133 437 729 4498 66 96 621
internal_value=-0.00152351 -22.8619 -4.70812 54.8559 -16.2765 -56.3186 -47.6359 49.9746 42.8556 21.7002 59.4035 127.91 111.98 -143.373
internal_weight=30585 20986 13605 2212 11393 7381 6713 9599 8797 3862 4935 802 736 668
internal_count=30585 20986 13605 2212 11393 7381 6713 9599 8797 3862 4935 802 736 668
is_linear=0
shrinkage=0.1


Tree=28
num_leaves=15
num_cat=0
split_feature=1 2 2 3 10 9 10 2 10 9 9 9 12 12
split_gain=1.8713e+09 7.14353e+08 7.07391e+08 5.39031e+08 4.03037e+08 3.35717e+08 6.24544e+08 3.23967e+08 3.12861e+08 2.43667e+08 2.42595e+08 2.7741e+08 2.24841e+08 1.21853e+08
threshold=32808.06500000001 11.848716500000002 4.464591050000001 6.7764645000000012 0.81174490092936691 0.6078576107927941 1.0000000180025095e-35 16.664058500000003 0.81174490092936691 0.87837969732492682 -0.60785761079279388 -0.8783796973249266 1.0000000180025095e-35 1.0000000180025095e-35
decision_type=2 2 2 2 2 2 2 2 2 2 2 2 2 2
left_child=3 2 4 10 -2 6 -5 8 -3 -7 11 -1 -4 -12
right_child=1 7 12 5 -6 9 -8 -9 -10 -11 13 -13 -14 -15
leaf_value=119.26195196000829 28.997910417048526 36.067323881491419 -4.0179064690117903 -22.212243956818455 120.42579529288146 25.327846220251224 -80.516800787043977 215.83506381408921 106.89602297047504 -40.041738413916626 109.59543527002846 -53.204628201248255 -74.568010034344411 -110.85890949390553
leaf_weight=125 3972 4166 10050 3665 548 1134 3685 115 733 1145 391 358 472 26
leaf_count=125 3972 4166 10050 3665 548 1134 3685 115 733 1145 391 358 472 26
internal_value=-6.78874e-05 17.9219 7.02438 -34.1368 40.1067 -41.0546 -51.4508 50.6064 46.6845 -7.51786 39.8388 -8.41623 -7.18946 95.6178
internal_weight=30585 20056 15042 10529 4520 9629 7350 5014 4899 2279 900 483 10522 417
internal_count=30585 20056 15042 10529 4520 9629 7350 5014 4899 2279 900 483 10522 417
is_linear=0
shrinkage=0.1


Tree=29
num_leaves=15
num_cat=0
split_feature=0 0 10 8 8 10 0 1 10 1 8 1 0 8
split_gain=2.60936e+09 8.48093e+08 5.1491e+08 9.5922e+08 7.14784e+08 5.10524e+08 4.94889e+08 4.51379e+08 4.44585e+08 5.03914e+08 2.71686e+08 2.20507e+08 8.64285e+07 7.52306e+07
threshold=38188.265000000007 28973.070000000003 0.81174490092936691 0.25881904510252057 -0.37940952255126009 0.81174490092936691 44026.395000000011 29906.855000000007 1.0000000180025095e-35 28715.565000000002 -0.12940952255126034 35866.580000000009 41099.205000000009 0.9159756150367534
decision_type=2 2 2 2 2 2 2 2 2 2 2 2 2 2
left_child=1 8 4 -4 -3 6 7 -2 -1 -10 12 -8 -7 -12
right_child=5 2 3 -5 -6 10 11 -9 9 -11 13 -13 -14 -15
leaf_value=-116.72759956974399 199.23641851242274 -65.196744170684454 75.109076552598353 -41.182677403068197 -8.2497292527730774 334.03035273398126 256.66502430859731 21.947181722652314 -90.434530597309319 0.23738995926437784 119.23396611690521 73.250288995280229 107.22274753736413 -63.67285908290318
leaf_weight=1166 145 2831 1671 1231 9943 92 67 8835 1141 1323 119 1972 22 27
leaf_count=1166 145 2831 1671 1231 9943 92 67 8835 1141 1323 119 1972 22 27
internal_value=0.00117147 -22.324 -12.2362 25.7821 -20.8746 38.2133 34.9356 24.8317 -65.8725 -41.7695 176.46 79.4 291.573 85.2057
internal_weight=30585 19306 15676 2902 12774 11279 11019 8980 3630 2464 260 2039 114 146
internal_count=30585 19306 15676 2902 12774 11279 11019 8980 3630 2464 260 2039 114 146
is_linear=0
shrinkage=0.1


Tree=30
num_leaves=15
num_cat=0
split_feature=1 3 2 9 10 2 12 8 9 10 10 9 9 1
split_gain=1.2518e+09 5.6486e+08 4.12251e+08 3.75248e+08 3.27626e+08 2.92707e+08 2.67558e+08 2.58155e+08 6.25823e+08 2.39415e+08 2.29941e+08 1.90988e+08 2.97797e+08 2.48508e+08
threshold=32241.410000000003 2.8468766000000003 9.2676205000000014 -1.0000000180025095e-35 0.81174490092936691 4.4264661500000004 1.0000000180025095e-35 -0.37940952255126009 -0.60785761079279388 1.0000000180025095e-35 0.81174490092936691 -0.60785761079279388 -0.8783796973249266 23640.325000000001
decision_type=2 2 2 2 2 2 2 2 2 2 2 2 2 2
left_child=2 4 7 9 6 -5 -2 8 -1 -3 -9 12 -4 -13
right_child=1 3 11 5 -6 -7 -8 10 -10 -11 -12 13 -14 -15
leaf_value=-141.20125033343672 78.200653513075395 2.5772571783086953 56.296541453481112 49.141982965083812 221.69918912617783 12.404270271296902 -131.37616849957089 -25.621793690417963 35.210925169032919 -38.609799866101284 -76.710822566636011 279.12355373859407 -61.657294774992501 25.681950435741999
leaf_weight=685 805 6004 310 2825 151 9330 65 5305 284 1844 1056 39 686 1196
leaf_count=685 805 6004 310 2825 151 9330 65 5305 284 1844 1056 39 686 1196
internal_value=0.00367467 13.6465 -29.9943 9.94105 86.1616 20.946 62.4098 -41.4489 -89.5144 -7.10392 -34.1139 7.64153 -24.9251 33.9047
internal_weight=30585 21024 9561 20003 1021 12155 870 7330 969 7848 6361 2231 996 1235
internal_count=30585 21024 9561 20003 1021 12155 870 7330 969 7848 6361 2231 996 1235
is_linear=0
shrinkage=0.1


Tree=31
num_leaves=15
num_cat=0
split_feature=0 0 10 8 12 9 8 10 8 0 8 9 9 3
split_gain=2.098e+09 6.01994e+08 6.94489e+08 7.3523e+08 5.21937e+08 3.90594e+08 8.3165e+08 5.51048e+08 2.45209e+08 2.208e+08 1.94559e+08 1.92016e+08 1.45676e+08 9.78859e+07
threshold=33828.505000000005 41849.475000000013 0.81174490092936691 -0.12940952255126034 1.0000000180025095e-35 -0.60785761079279388 -0.37940952255126009 1.0000000180025095e-35 1.0000000180025095e-35 50326.625000000007 0.1294095225512602 -0.60785761079279388 -1.0000000180025095e-35 10.356741500000002
decision_type=2 2 2 2 2 2 2 2 2 2 2 2 2 2
left_child=4 2 8 -4 5 6 -1 -7 -2 12 11 -6 -3 -12
right_child=1 9 3 -5 10 7 -8 -9 -10 -11 13 -13 -14 -15
leaf_value=-181.93729002006762 -7.6219074253280983 28.889479356393089 174.70598026418031 20.599041040726195 -49.496755686402324 -42.709910347889434 -35.012792719772889 8.6927834951033116 20.461290857205483 187.84077571312588 -12.875019380675424 -195.83527579368692 66.488734635849823 -107.97290337085724
leaf_weight=454 7369 1823 508 791 127 3912 2519 4465 5377 119 224 311 2377 209
leaf_count=454 7369 1823 508 791 127 3912 2519 4465 5377 119 224 311 2377 209
internal_value=0.00423955 21.3696 11.3276 80.9537 -32.0997 -26.3691 -57.5029 -15.3141 4.22589 54.0152 -106.66 -153.613 50.1796 -58.9198
internal_weight=30585 18364 14045 1299 12221 11350 2973 8377 12746 4319 871 438 4200 433
internal_count=30585 18364 14045 1299 12221 11350 2973 8377 12746 4319 871 438 4200 433
is_linear=0
shrinkage=0.1


Tree=32
num_leaves=15
num_cat=0
split_feature=0 0 9 1 9 1 7 0 10 1 9 10 12 1
split_gain=1.74348e+09 5.01437e+08 4.4547e+08 8.78812e+08 4.57604e+08 5.56473e+08 3.8254e+08 3.3793e+08 2.54611e+08 3.89682e+08 2.48245e+08 1.62893e+08 2.10867e+08 1.29326e+08
threshold=36160.560000000005 23615.035000000003 -0.60785761079279388 35866.580000000009 -0.8783796973249266 31763.700000000001 0.25881904510252091 44026.395000000011 0.81174490092936691 31525.155000000002 0.6078576107927941 0.81174490092936691 1.0000000180025095e-35 32173.755000000001
decision_type=2 2 2 2 2 2 2 2 2 2 2 2 2 2
left_child=1 11 4 13 5 -2 -6 -5 10 -10 -3 -1 -13 -4
right_child=2 8 3 7 6 -7 -8 -9 9 -11 -12 12 -14 -15
leaf_value=-162.32127875375178 280.4455894929817 -37.381109325294474 214.74803100272788 20.404939559931204 -14.307097620847342 17.028539765597738 -120.13485403060913 72.174451110955843 -44.011259016806029 25.746707248811465 -6.0321266450337916 23.766807385909658 -264.98257255554199 117.72503432014624
leaf_weight=333 82 7854 200 8399 1429 2382 448 1483 1187 2456 3724 120 31 457
leaf_count=333 82 7854 200 8399 1429 2382 448 1483 1187 2456 3724 120 31 457
internal_value=0.00340435 -23.2359 24.5311 35.6348 -2.42831 25.9051 -39.6165 28.1806 -20.0449 3.0116 -27.2993 -123.338 -36.8662 147.542
internal_weight=30585 15705 14880 10539 4341 2464 1877 9882 15221 3643 11578 484 151 657
internal_count=30585 15705 14880 10539 4341 2464 1877 9882 15221 3643 11578 484 151 657
is_linear=0
shrinkage=0.1


Tree=33
num_leaves=15
num_cat=0
split_feature=0 0 10 1 1 9 10 10 0 1 1 1 0 1
split_gain=1.44887e+09 5.97166e+08 3.28311e+08 3.69967e+08 2.68127e+08 3.12647e+08 2.40059e+08 2.16323e+08 2.18361e+08 2.51514e+08 1.5527e+08 7.88503e+07 4.22186e+07 7.36655e+07
threshold=39284.30000000001 29311.430000000004 1.0000000180025095e-35 28715.565000000002 25575.220000000005 -0.60785761079279388 0.81174490092936691 0.81174490092936691 46112.075000000004 37734.410000000011 30365.005000000001 29718.090000000004 41504.310000000005 46108.750000000007
decision_type=2 2 2 2 2 2 2 2 2 2 2 2 2 2
left_child=1 2 11 -4 5 -3 -6 8 10 -10 -2 -1 13 -9
right_child=7 4 3 -5 6 -7 -8 12 9 -11 -12 -13 -14 -15
leaf_value=-71.273766216172817 159.79332143206932 -13.128364994790822 -68.690966119673419 5.3118252097274556 -12.730979525144326 212.27315333894464 18.96271170831367 93.331660938262942 278.69156441524109 63.608573159383837 24.657264843585114 -122.42483758481345 38.282973225911455 245.79882632984837
leaf_weight=939 85 125 1232 1494 14361 120 2866 63 57 901 7797 449 29 67
leaf_count=939 85 125 1232 1494 14361 120 2866 63 57 901 7797 449 29 67
internal_value=0.00346566 -14.0496 -48.3216 -28.1462 -5.97753 97.6865 -7.45741 33.7105 31.6207 76.683 26.1347 -87.8967 148.975 173.187
internal_weight=30585 21586 4114 2726 17472 245 17227 8999 8840 958 7882 1388 159 130
internal_count=30585 21586 4114 2726 17472 245 17227 8999 8840 958 7882 1388 159 130
is_linear=0
shrinkage=0.1


Tree=34
num_leaves=15
num_cat=0
split_feature=2 9 8 8 1 2 10 10 8 3 10 1 1 1
split_gain=7.65859e+08 3.86126e+08 7.76371e+08 4.67808e+08 4.42195e+08 4.40855e+08 3.50114e+08 2.50236e+08 3.56968e+08 2.26887e+08 2.10484e+08 1.78995e+08 1.52201e+08 1.14713e+08
threshold=11.848716500000002 -0.60785761079279388 0.1294095225512602 1.0000000180025095e-35 29234.025000000005 5.0483115000000014 0.81174490092936691 0.81174490092936691 0.25881904510252057 3.9644193500000005 1.0000000180025095e-35 39410.49500000001 35423.095000000008 33850.495000000003
decision_type=2 2 2 2 2 2 2 2 2 2 2 2 2 2
left_child=1 2 4 5 -1 -3 -5 8 10 11 -2 -9 -10 -11
right_child=7 3 -4 6 -6 -7 -8 9 12 13 -12 -13 -14 -15
leaf_value=-121.64184810352795 28.187280161653831 52.227605856995233 5.4885484777434703 -4.7449540244669324 -39.986309721891296 1.9930483646368726 -51.633169030831851 281.42283573150638 183.31833477172853 182.04242812822451 -20.805801233803635 106.64875718648018 64.422785781820622 26.284179505230341
leaf_weight=889 2566 2595 3576 7958 2610 5342 1990 79 124 52 1331 229 800 444
leaf_count=889 2566 2595 3576 7958 2610 5342 1990 79 124 52 1331 229 800 444
internal_value=0.00590616 -7.50643 -27.28 0.316728 -60.7616 18.4217 -14.1287 33.336 24.7119 84.9537 11.4529 152.243 80.5594 42.9471
internal_weight=30585 24960 7075 17885 3499 7937 9948 5625 4821 804 3897 308 924 496
internal_count=30585 24960 7075 17885 3499 7937 9948 5625 4821 804 3897 308 924 496
is_linear=0
shrinkage=0.1


Tree=35
num_leaves=15
num_cat=0
split_feature=0 0 12 1 11 8 8 11 0 1 11 8 1 2
split_gain=1.14634e+09 3.72548e+08 3.40116e+08 2.44023e+08 2.05177e+08 5.25343e+08 2.4112e+08 1.81167e+08 1.7634e+08 1.55867e+08 1.44874e+08 2.0466e+08 9.00885e+07 8.72741e+07
threshold=32934.875000000007 40224.740000000013 1.0000000180025095e-35 26667.070000000003 1.0000000180025095e-35 -0.12940952255126034 -0.37940952255126009 1.0000000180025095e-35 50326.625000000007 34435.595000000008 1.0000000180025095e-35 -0.37940952255126009 29718.090000000004 16.664058500000003
decision_type=2 2 2 2 2 2 2 2 2 2 2 2 2 2
left_child=2 3 4 -2 6 -6 -1 -5 9 -3 11 -4 -12 -10
right_child=1 8 10 7 5 -7 -8 -9 13 -11 12 -13 -14 -15
leaf_value=24.515463867206115 143.23083049621582 108.16394506355681 -203.26861630267786 11.136025735461004 -124.02461455650628 -19.434826459812573 -21.467509124420438 -14.292581168559131 80.865891869862878 27.850528641732389 -131.68775953195865 -74.558208600147495 9.9946356017538847 256.16540650348276
leaf_weight=1408 124 250 182 8572 639 1926 5982 4161 71 6590 58 387 187 48
leaf_count=1408 124 250 182 8572 639 1926 5982 4161 71 6590 58 387 187 48
internal_value=0.00758199 14.2793 -26.2527 4.19095 -21.1656 -45.5287 -12.7043 2.82578 32.9147 30.8013 -88.3648 -116.012 -23.9455 153.12
internal_weight=30585 19816 10769 12857 9955 2565 7390 12733 6959 6840 814 569 245 119
internal_count=30585 19816 10769 12857 9955 2565 7390 12733 6959 6840 814 569 245 119
is_linear=0
shrinkage=0.1


Tree=36
num_leaves=15
num_cat=0
split_feature=0 9 1 8 0 1 9 0 12 9 2 8 1 12
split_gain=9.30747e+08 3.53575e+08 5.65032e+08 4.2046e+08 3.05047e+08 2.87381e+08 2.71311e+08 2.66592e+08 1.84982e+08 1.46793e+08 1.13935e+08 1.12173e+08 1.03765e+08 9.67896e+07
threshold=33446.150000000009 -1.0000000180025095e-35 31814.485000000004 1.0000000180025095e-35 21887.480000000007 31983.080000000005 -0.60785761079279388 44737.005000000012 1.0000000180025095e-35 -0.60785761079279388 13.961301000000002 1.0000000180025095e-35 24743.340000000004 1.0000000180025095e-35
decision_type=2 2 2 2 2 2 2 2 2 2 2 2 2 2
left_child=4 3 10 6 12 -5 -2 -4 9 -6 -3 -10 -1 -14
right_child=1 2 7 5 8 -7 -8 -9 11 -11 -12 -13 13 -15
leaf_value=-202.26272565758748 -34.710831481674298 158.99130367572491 17.843615750454898 133.78858241810758 -36.355718877991613 18.807481611624407 12.264217133588929 76.604957430402294 -110.3156867439225 -9.4921536394001631 393.33965587615967 -33.634716859985801 7.6684562391704993 -166.3558862751928
leaf_weight=114 3522 194 9198 233 2745 3069 1888 842 337 7851 23 441 71 57
leaf_count=114 3522 194 9198 233 2745 3069 1888 842 337 7851 23 441 71 57
internal_value=0.00706312 13.6579 26.2395 -1.15616 -22.2842 26.959 -18.3181 22.7787 -19.9137 -16.4542 185.52 -66.949 -133.155 -70.5156
internal_weight=30585 18969 10257 8712 11616 3302 5410 10040 11374 10596 217 778 242 128
internal_count=30585 18969 10257 8712 11616 3302 5410 10040 11374 10596 217 778 242 128
is_linear=0
shrinkage=0.1


Tree=37
num_leaves=15
num_cat=0
split_feature=0 10 3 0 0 10 12 0 10 9 0 2 0 10
split_gain=7.95906e+08 3.47723e+08 2.95304e+08 2.90317e+08 2.56412e+08 2.02271e+08 1.72775e+08 1.35894e+08 1.11674e+08 1.39263e+08 1.35902e+08 1.01489e+08 9.12539e+07 6.43775e+07
threshold=36160.560000000005 0.81174490092936691 4.6775312500000004 27933.765000000003 40602.295000000006 1.0000000180025095e-35 1.0000000180025095e-35 50326.625000000007 0.81174490092936691 0.6078576107927941 33093.810000000005 7.3876658500000003 41504.310000000005 1.0000000180025095e-35
decision_type=2 2 2 2 2 2 2 2 2 2 2 2 2 2
left_child=3 4 12 5 13 11 -7 -6 9 -5 -10 -1 -3 -2
right_child=1 2 -4 8 7 6 -8 -9 10 -11 -12 -13 -14 -15
leaf_value=-122.78034746797637 8.0738594863056967 206.05548208014011 35.883182995568568 -22.428773096950259 26.775848928051371 -16.469101327702031 -115.96166339101215 134.27378685315452 -8.7626004580433854 2.8635310938559728 35.947975185851199 -47.991432555019855 3.115217472956731 -10.863208719635848
leaf_weight=426 5453 196 353 7211 6059 1478 197 119 1898 3118 1058 319 25 2675
leaf_count=426 5453 196 353 7211 6059 1478 197 119 1898 3118 1058 319 25 2675
internal_value=0.00709628 16.5793 92.8288 -15.6946 13.5136 -47.5434 -28.2328 28.8679 -9.88983 -14.7943 7.24678 -90.8639 183.216 1.84093
internal_weight=30585 14880 574 15705 14306 2420 1675 6178 13285 10329 2956 745 221 8128
internal_count=30585 14880 574 15705 14306 2420 1675 6178 13285 10329 2956 745 221 8128
is_linear=0
shrinkage=0.1


Tree=38
num_leaves=15
num_cat=0
split_feature=0 0 1 9 1 1 2 1 9 9 1 0 0 9
split_gain=6.54647e+08 2.99277e+08 1.58546e+08 3.14612e+08 1.56393e+08 1.43142e+08 1.31886e+08 1.37934e+08 1.73139e+08 1.37116e+08 1.19864e+08 8.11706e+07 6.2951e+07 1.61649e+07
threshold=39123.625000000007 27933.765000000003 25575.220000000005 -0.60785761079279388 27091.695000000003 43852.770000000011 16.664058500000003 34435.595000000008 -0.8783796973249266 -1.0000000180025095e-35 35349.020000000004 20317.635000000006 50326.625000000007 -1.0000000180025095e-35
decision_type=2 2 2 2 2 2 2 2 2 2 2 2 2 2
left_child=1 4 3 -3 11 -4 7 8 -2 -9 -6 -1 13 -8
right_child=6 2 5 -5 10 -7 12 9 -10 -11 -12 -13 -14 -15
leaf_value=-171.57719060638806 199.49421161801627 -25.44405102883616 -7.8743035799468162 167.92078964772165 -11.969521656914091 58.782372109773682 8.6272812904850138 3.2373169684289111 43.857990062527541 28.544579811510957 -93.359838820639112 -66.279413715320729 214.06985258764149 106.04376957893372
leaf_weight=80 88 185 18141 153 1311 327 30 3694 368 5092 209 820 48 39
leaf_count=80 88 185 18141 153 1311 327 30 3694 368 5092 209 820 48 39
internal_value=0.00673885 -9.70794 -5.44732 62.3221 -42.8016 -6.69094 22.0381 20.6944 74.2639 17.9059 -23.2147 -75.8193 127.107 64.4171
internal_weight=30585 21226 18806 338 2420 18468 9359 9242 456 8786 1520 900 117 69
internal_count=30585 21226 18806 338 2420 18468 9359 9242 456 8786 1520 900 117 69
is_linear=0
shrinkage=0.1


Tree=39
num_leaves=15
num_cat=0
split_feature=0 1 0 3 2 8 2 8 2 11 12 1 8 0
split_gain=5.51802e+08 2.95645e+08 2.08522e+08 2.02507e+08 1.48957e+08 1.44472e+08 1.22554e+08 3.35749e+08 1.05666e+08 1.00046e+08 8.46843e+07 2.66818e+07 1.28831e+07 2.9191e+07
threshold=35155.155000000006 28187.680000000004 22921.570000000003 6.4616890000000007 4.1129010000000008 0.25881904510252057 3.5615912500000007 -0.5 7.1080962000000012 1.0000000180025095e-35 1.0000000180025095e-35 22934.720000000005 -0.5 37540.840000000004
decision_type=2 2 2 2 2 2 2 2 2 2 2 2 2 2
left_child=2 12 8 5 -5 -3 7 -4 11 -10 -8 -1 13 -2
right_child=1 3 6 4 -6 -7 10 -9 9 -11 -12 -13 -14 -15
leaf_value=-181.75902066114475 29.270542192459107 18.320363883073071 187.35535538798632 21.758986002750145 -3.7668581080718351 58.135085743485234 -14.668740792460609 -0.27297396332861318 26.833410182567913 -141.80840488580557 -47.93945856371122 -105.71883643980951 182.50552425697202 150.23835177938622
leaf_weight=81 27 3911 98 3205 7967 1188 10256 2602 108 51 826 123 60 82
leaf_count=81 27 3911 98 3205 7967 1188 10256 2602 108 51 826 123 60 82
internal_value=0.00754957 12.4663 -14.4725 11.0949 3.55723 27.6063 -12.4984 6.60408 -89.1829 -27.8075 -17.1527 -136.651 143.66 120.812
internal_weight=30585 16440 14145 16271 11172 5099 13782 2700 363 159 11082 204 169 109
internal_count=30585 16440 14145 16271 11172 5099 13782 2700 363 159 11082 204 169 109
is_linear=0
shrinkage=0.1


Tree=40
num_leaves=15
num_cat=0
split_feature=0 9 10 7 2 9 10 9 12 0 10 0 2 7
split_gain=4.64266e+08 2.3476e+08 5.33923e+08 4.25737e+08 2.0777e+08 2.75339e+08 1.45558e+08 2.08976e+08 4.20468e+08 1.30491e+08 1.18769e+08 9.64548e+07 8.23713e+07 8.0779e+07
threshold=31126.485000000004 -1.0000000180025095e-35 1.0000000180025095e-35 0.25881904510252091 13.961301000000002 1.0000000180025095e-35 1.0000000180025095e-35 -1.0000000180025095e-35 1.0000000180025095e-35 28973.070000000003 1.0000000180025095e-35 22921.570000000003 12.496859000000002 -0.37940952255126059
decision_type=2 2 2 2 2 2 2 2 2 2 2 2 2 2
left_child=6 2 -2 -4 10 -6 9 11 -9 12 -3 -8 -1 -11
right_child=1 4 3 -5 5 -7 7 8 -10 13 -12 -13 -14 -15
leaf_value=-69.994638835735714 11.361526710650061 3.0670137578376178 -13.014182357107257 -89.821366103732871 140.44622447003957 29.037213516732574 -156.49752121093945 11.501102220051255 -143.75902990412067 -89.035536790893474 23.662471271558129 -40.558706092939275 66.882996534264606 -16.331186881574293
leaf_weight=1121 7158 6536 2319 1047 288 958 77 3051 184 166 4898 925 45 1812
leaf_count=1121 7158 6536 2319 1047 288 958 77 3051 184 166 4898 925 45 1812
internal_value=0.00737817 6.9562 -4.08442 -36.9248 16.1192 54.8802 -21.8359 -9.73531 2.62854 -38.1351 11.8908 -49.6153 -64.6593 -22.4747
internal_weight=30585 23204 10524 3366 12680 1246 7381 4237 3235 3144 11434 1002 1166 1978
internal_count=30585 23204 10524 3366 12680 1246 7381 4237 3235 3144 11434 1002 1166 1978
is_linear=0
shrinkage=0.1


Tree=41
num_leaves=15
num_cat=0
split_feature=0 0 1 10 10 1 3 8 1 9 10 1 3 0
split_gain=4.09101e+08 1.74125e+08 1.37227e+08 2.74937e+08 1.29305e+08 1.10945e+08 1.08547e+08 1.03922e+08 1.66275e+08 1.50468e+08 9.41228e+07 8.9161e+07 7.91128e+07 6.56413e+07
threshold=39284.30000000001 27933.765000000003 25575.220000000005 0.81174490092936691 1.0000000180025095e-35 38952.600000000013 2.4850292000000005 0.37940952255126043 39067.55000000001 -0.60785761079279388 0.81174490092936691 36669.295000000006 10.612726500000003 43428.200000000004
decision_type=2 2 2 2 2 2 2 2 2 2 2 2 2 2
left_child=1 4 3 -3 12 -6 11 9 -9 -8 -4 -2 -1 -13
right_child=6 2 10 -5 5 -7 7 8 -10 -11 -12 13 -14 -15
leaf_value=-29.575275245057419 152.67047413793102 32.709843745307317 -8.6935607140149198 371.25984467634794 -13.369401968164624 -186.23096032393607 -16.124390568465962 90.295897927839832 17.442365367752021 18.196673160399474 9.8002533877843305 -13.404191993378305 -95.528345461947026 65.536317796306562
leaf_weight=319 86 314 15481 25 1638 37 1694 441 1078 5185 3346 147 426 368
leaf_count=319 86 314 15481 25 1638 37 1694 441 1078 5185 3346 147 426 368
internal_value=0.00555143 -7.46189 -4.26962 58.6952 -32.7319 -17.2967 17.9166 14.9742 38.6389 9.74377 -5.40643 58.9392 -67.3655 43.0215
internal_weight=30585 21586 19166 339 2420 1675 8999 8398 1519 6879 18827 601 745 515
internal_count=30585 21586 19166 339 2420 1675 8999 8398 1519 6879 18827 601 745 515
is_linear=0
shrinkage=0.1


Tree=42
num_leaves=15
num_cat=0
split_feature=0 10 8 8 12 8 0 9 9 2 2 0 2 0
split_gain=3.41251e+08 2.44852e+08 2.74766e+08 1.86828e+08 1.58691e+08 1.48718e+08 1.4534e+08 1.35422e+08 2.73734e+08 7.60698e+07 7.46897e+07 7.24552e+07 5.11116e+07 4.19816e+07
threshold=36519.345000000008 0.81174490092936691 0.96592582628906831 -0.37940952255126009 1.0000000180025095e-35 1.0000000180025095e-35 42242.670000000006 0.87837969732492682 0.6078576107927941 16.289460000000002 10.176399500000002 50326.625000000007 7.4899308000000007 29549.810000000005
decision_type=2 2 2 2 2 2 2 2 2 2 2 2 2 2
left_child=4 6 3 -3 7 10 9 8 -1 -2 -6 -8 -7 -9
right_child=1 2 -4 -5 5 12 11 13 -10 -11 -12 -13 -14 -15
leaf_value=-9.7086479314032683 2.9287090365443058 183.81744174386213 -218.52164727572736 51.347282158128372 -134.66101722534765 -46.850998183712363 22.90291827405628 -64.407986918587028 30.903853769894727 -159.26780417869833 -52.991416461265047 101.88983851909637 13.492671472083334 -25.55226510814407
leaf_weight=11518 9936 166 28 297 208 255 3706 342 1938 28 246 119 310 1488
leaf_count=11518 9936 166 28 297 208 255 3706 342 1938 28 246 119 310 1488
internal_value=0.00628773 11.2929 80.6136 99.1358 -9.87865 -48.0693 8.81883 -7.3298 -3.85757 2.45698 -90.622 25.3863 -13.7767 -32.845
internal_weight=30585 14280 491 463 16305 1019 13789 15286 13456 9964 454 3825 565 1830
internal_count=30585 14280 491 463 16305 1019 13789 15286 13456 9964 454 3825 565 1830
is_linear=0
shrinkage=0.1


Tree=43
num_leaves=15
num_cat=0
split_feature=2 3 8 10 1 10 9 1 2 9 9 9 8 1
split_gain=2.2287e+08 2.13083e+08 1.59098e+08 2.30356e+08 2.46696e+08 1.31346e+08 1.26455e+08 1.0941e+08 1.10917e+08 1.00753e+08 9.34733e+07 8.19907e+07 6.95098e+07 6.22427e+07
threshold=11.519156000000002 14.601454000000002 1.0000000180025095e-35 0.81174490092936691 34347.400000000001 1.0000000180025095e-35 -0.60785761079279388 37302.765000000007 -0.81803642999999993 0.6078576107927941 0.87837969732492682 -0.8783796973249266 -0.37940952255126009 34515.085000000014
decision_type=2 2 2 2 2 2 2 2 2 2 2 2 2 2
left_child=1 9 3 5 -5 -2 13 12 -9 11 -11 -1 -3 -4
right_child=2 7 6 4 -6 -7 -8 8 -10 10 -12 -13 -14 -15
leaf_value=1.8716809422835796 10.58460029667093 -41.174752497080696 146.74780472658449 240.28734258568807 40.370399278301988 -28.257644210070261 24.444966302134667 -150.92022364139558 37.014692322834655 14.865703191403142 -10.881573694281455 -17.570020764916588 7.8997084849842798 64.188394885805423
leaf_weight=2703 2575 321 117 68 593 1314 1255 31 1783 2855 2784 10979 2784 423
leaf_count=2703 2575 321 117 68 593 1314 1255 31 1783 2855 2784 10979 2784 423
internal_value=0.00466275 -4.36283 16.688 6.73851 61.2686 -2.54315 41.8903 14.2169 33.7216 -9.0936 2.15448 -13.7293 2.81469 82.3145
internal_weight=30585 24240 6345 4550 661 3889 1795 4919 1814 19321 5639 13682 3105 540
internal_count=30585 24240 6345 4550 661 3889 1795 4919 1814 19321 5639 13682 3105 540
is_linear=0
shrinkage=0.1


Tree=44
num_leaves=15
num_cat=0
split_feature=0 1 2 12 0 0 10 1 1 1 12 11 0 2
split_gain=2.84074e+08 1.72488e+08 1.48977e+08 2.1743e+08 1.09785e+08 1.03383e+08 9.36847e+07 2.43631e+08 2.24055e+08 7.0731e+07 5.40907e+07 2.1963e+07 5.14137e+07 1.83273e+07
threshold=31126.485000000004 25193.570000000003 15.061319250000002 1.0000000180025095e-35 21887.480000000007 40540.945000000007 1.0000000180025095e-35 31002.400000000005 30680.005000000005 24743.340000000004 1.0000000180025095e-35 1.0000000180025095e-35 33166.420000000006 8.0380085000000019
decision_type=2 2 2 2 2 2 2 2 2 2 2 2 2 2
left_child=4 11 5 -4 9 -3 7 -6 -8 13 -11 -2 -13 -1
right_child=1 2 3 -5 6 -7 8 -9 -10 10 -12 12 -14 -15
leaf_value=-159.72989374796552 159.57493910217286 -0.97344565541115369 50.482563104100009 -145.19395431041718 -11.921529983856438 14.841808132363679 -24.161995905472381 -77.149154247094202 23.785810589845063 26.42814867231581 -103.45548515073186 -42.788436542857781 176.867670694987 -54.872486014988112
leaf_weight=92 74 16435 1074 59 2334 5521 2414 758 1633 71 57 21 20 22
leaf_count=92 74 16435 1074 59 2334 5521 2414 758 1633 71 57 21 20 22
internal_value=0.00530637 5.44085 4.82954 40.1738 -17.0811 3.00391 -14.8289 -27.9318 -4.81354 -83.1874 -31.7643 127.078 66.0208 -140.147
internal_weight=30585 23204 23089 1133 7381 21956 7139 3092 4047 242 128 115 41 114
internal_count=30585 23204 23089 1133 7381 21956 7139 3092 4047 242 128 115 41 114
is_linear=0
shrinkage=0.1


Tree=45
num_leaves=15
num_cat=0
split_feature=0 9 1 10 1 7 0 0 2 12 9 10 1 1
split_gain=2.3125e+08 1.73733e+08 5.01086e+08 3.53474e+08 4.39422e+08 3.53849e+08 1.33666e+08 9.21222e+07 5.99835e+07 9.75867e+07 5.08789e+07 4.99972e+07 2.0693e+08 1.62496e+08
threshold=31569.870000000006 -1.0000000180025095e-35 28895.130000000001 1.0000000180025095e-35 30942.745000000006 0.25881904510252091 44978.905000000006 21887.480000000007 8.3778580000000016 1.0000000180025095e-35 0.6078576107927941 1.0000000180025095e-35 31137.650000000005 30680.005000000005
decision_type=2 2 2 2 2 2 2 2 2 2 2 2 2 2
left_child=7 3 10 4 -2 -5 -4 8 -1 -10 -3 12 -9 -13
right_child=1 2 6 5 -6 -7 -8 11 9 -11 -12 13 -14 -15
leaf_value=-105.64390990436078 113.18407491905981 267.75650630950929 8.2749940389894157 -10.519771371910453 2.2899050885604804 -83.461073318578158 50.977198911731954 -6.651694871746118 95.021911308982169 -152.39534521484376 144.81309939565568 -21.526311792676609 -60.83661134346162 17.432898263197853
leaf_weight=175 377 59 11290 2287 6534 937 783 2615 43 24 90 2577 964 1830
leaf_count=175 377 59 11290 2287 6534 937 783 2615 43 24 90 2577 964 1830
internal_value=0.00422559 5.27931 13.3063 -4.40091 8.35476 -31.7382 11.0485 -14.3281 -74.9887 5.45707 194.956 -12.4807 -21.2593 -5.34827
internal_weight=30585 22357 12222 10135 6911 3224 12073 8228 242 67 149 7986 3579 4407
internal_count=30585 22357 12222 10135 6911 3224 12073 8228 242 67 149 7986 3579 4407
is_linear=0
shrinkage=0.1


Tree=46
num_leaves=15
num_cat=0
split_feature=3 10 3 3 8 12 1 7 1 9 9 1 8 7
split_gain=1.47331e+08 1.49037e+08 1.2168e+08 1.15772e+08 2.11265e+08 1.00027e+08 1.34359e+08 8.19321e+07 8.0868e+07 7.0975e+07 7.0651e+07 6.59348e+07 5.96696e+07 1.92071e+07
threshold=2.8468766000000003 0.81174490092936691 14.601454000000002 7.1829342000000009 1.0000000180025095e-35 1.0000000180025095e-35 40414.610000000008 0.60355339059327384 39766.55000000001 -0.60785761079279388 -0.60785761079279388 37734.410000000011 0.37940952255126043 -0.9159756150367534
decision_type=2 2 2 2 2 2 2 2 2 2 2 2 2 2
left_child=1 5 3 4 -2 11 -7 12 -3 -9 -5 -1 -4 -10
right_child=2 8 7 10 -6 6 -8 9 13 -11 -12 -13 -14 -15
leaf_value=79.040424498416598 -7.3979872667683582 255.58360414247255 42.236777825698297 -18.607373879184905 28.381318368450589 79.686267484937403 -201.42617091699083 -30.375609866166727 6.823807466947116 10.044175861038113 -4.5433421833727206 14.593183825658748 12.556718225527113 105.30658153611787
leaf_weight=208 4165 36 1098 4969 2732 27 43 623 25 1429 12701 663 1769 97
leaf_count=208 4165 36 1098 4969 2732 27 43 623 25 1429 12701 663 1769 97
internal_value=0.00464895 35.938 -1.33583 -4.21044 6.77677 20.7832 -93.4019 13.0188 125.497 -2.23634 -8.49913 30.0566 23.9343 85.3452
internal_weight=30585 1099 29486 24567 6897 941 70 4919 158 2052 17670 871 2867 122
internal_count=30585 1099 29486 24567 6897 941 70 4919 158 2052 17670 871 2867 122
is_linear=0
shrinkage=0.1


Tree=47
num_leaves=15
num_cat=0
split_feature=2 10 3 2 9 8 8 12 1 1 1 1 1 2
split_gain=1.23609e+08 1.17596e+08 1.0261e+08 9.84114e+07 9.4534e+07 4.932e+08 1.63289e+08 8.6716e+07 1.14978e+08 6.42851e+07 5.80697e+07 5.57479e+07 2.07317e+07 2.01653e+07
threshold=15.061319250000002 0.81174490092936691 15.630416500000001 -0.81803642999999993 -1.0000000180025095e-35 -0.12940952255126034 1.0000000180025095e-35 1.0000000180025095e-35 40414.610000000008 39230.81500000001 37734.410000000011 38066.765000000007 36955.820000000007 16.037542000000006
decision_type=2 2 2 2 2 2 2 2 2 2 2 2 2 2
left_child=2 7 4 9 5 -1 -6 10 -9 -4 -2 -3 -5 -13
right_child=1 11 3 12 6 -7 -8 8 -10 -11 -12 13 -14 -15
leaf_value=-33.0029865452533 71.127728132686954 244.41513601449822 -33.269881800696147 14.48621024863013 12.385211700295862 8.9139030926532747 -8.3462942759525252 70.477646643320725 -180.85907004741912 -214.24535150942597 13.104933134835845 106.07207074795129 32.618012370279658 20.534544754028321
leaf_weight=5145 226 25 138 1722 7534 6175 7662 29 46 22 721 105 997 38
leaf_count=5145 226 25 138 1722 7534 6175 7662 29 46 22 721 105 997 38
internal_value=0.00539996 31.5877 -1.27418 16.6529 -3.22119 -10.1388 1.93228 18.7895 -84.0269 -59.3302 27.0124 108.871 21.1443 83.6423
internal_weight=30585 1190 29395 2879 26516 11320 15196 1022 75 160 947 168 2719 143
internal_count=30585 1190 29395 2879 26516 11320 15196 1022 75 160 947 168 2719 143
is_linear=0
shrinkage=0.1


Tree=48
num_leaves=15
num_cat=0
split_feature=0 10 8 8 8 11 11 0 10 8 11 10 8 0
split_gain=1.78935e+08 9.66991e+07 4.83834e+08 2.11726e+08 1.77482e+08 3.32651e+08 1.43326e+08 7.01138e+07 6.46189e+07 1.29474e+08 8.50953e+07 5.0569e+07 8.8624e+07 4.77782e+07
threshold=31126.485000000004 0.81174490092936691 0.96592582628906831 -0.5 1.0000000180025095e-35 1.0000000180025095e-35 1.0000000180025095e-35 21887.480000000007 1.0000000180025095e-35 1.0000000180025095e-35 1.0000000180025095e-35 0.81174490092936691 -0.37940952255126009 34408.125000000007
decision_type=2 2 2 2 2 2 2 2 2 2 2 2 2 2
left_child=7 4 3 -3 5 -2 -6 11 9 -9 -10 -1 -13 -4
right_child=1 2 13 -5 6 -7 -8 8 10 -11 -12 12 -14 -15
leaf_value=-102.93627647193703 5.7545294717697164 74.398782897343835 -90.31609005306079 11.233781466257936 3.6388277788967609 -29.895860093328913 30.391738328773954 -62.421029437638509 4.5840418028158529 -12.109468555173518 -29.638769218969397 79.677173453110925 -112.0019862789578 -198.41466647700261
leaf_weight=147 8042 906 160 1280 5832 3879 3049 646 3099 2446 948 51 44 56
leaf_count=147 8042 906 160 1280 5832 3879 3049 646 3099 2446 948 51 44 56
internal_value=0.00526673 4.31922 23.3124 37.4349 2.12507 -5.84736 12.8259 -13.5555 -11.7556 -22.6377 -3.43791 -66.3845 -9.34246 -119.127
internal_weight=30585 23204 2402 2186 20802 11921 8881 7381 7139 3092 4047 242 95 216
internal_count=30585 23204 2402 2186 20802 11921 8881 7381 7139 3092 4047 242 95 216
is_linear=0
shrinkage=0.1


Tree=49
num_leaves=15
num_cat=0
split_feature=0 1 8 11 1 0 1 1 2 8 0 3 1 1
split_gain=1.67916e+08 3.16687e+08 3.08695e+08 3.86696e+08 1.57122e+08 1.21127e+08 1.0045e+08 8.44848e+07 7.71482e+07 2.26933e+08 5.43958e+07 4.76226e+07 4.2829e+07 3.60868e+07
threshold=35155.155000000006 34854.370000000003 -0.37940952255126009 1.0000000180025095e-35 32173.755000000001 39284.30000000001 40478.785000000011 38775.385000000009 3.5615912500000007 -0.5 20317.635000000006 18.934560500000003 45834.81500000001 24279.045000000002
decision_type=2 2 2 2 2 2 2 2 2 2 2 2 2 2
left_child=8 2 3 -2 -4 7 -7 -3 9 -1 13 -11 -12 -10
right_child=1 5 4 -5 -6 6 -8 -9 10 11 12 -13 -14 -15
leaf_value=155.798227483576 120.8937335580938 -1.7665953960270706 152.37600446701049 -15.200776238475616 59.968228664493203 21.456033541232156 -0.59899209975634093 -28.118633381630417 -143.6234330444336 4.1448090007688316 -11.258173853824745 -68.722949987826169 86.50776140001085 -31.445083203996933
leaf_weight=98 254 3666 239 1151 802 3526 4982 1820 49 2519 11274 92 44 69
leaf_count=98 254 3666 239 1151 802 3526 4982 1820 49 2519 11274 92 44 69
internal_value=0.00334051 6.87609 40.0659 9.47127 81.3097 1.07242 8.5428 -10.5125 -7.98443 7.18735 -11.5787 1.55195 -10.8705 -78.8431
internal_weight=30585 16440 2446 1405 1041 13994 8508 5486 14145 2709 11436 2611 11318 118
internal_count=30585 16440 2446 1405 1041 13994 8508 5486 14145 2709 11436 2611 11318 118
is_linear=0
shrinkage=0.1


Tree=50
num_leaves=15
num_cat=0
split_feature=0 1 10 8 9 10 1 12 8 9 1 9 1 12
split_gain=1.41943e+08 2.00091e+08 3.26191e+08 2.1868e+08 1.30033e+08 1.83086e+08 1.55542e+08 8.38259e+07 1.03346e+08 9.90118e+07 1.8478e+08 1.81922e+08 7.15927e+07 3.18235e+07
threshold=36519.345000000008 34515.085000000014 1.0000000180025095e-35 -0.60355339059327384 -1.0000000180025095e-35 1.0000000180025095e-35 39290.105000000003 1.0000000180025095e-35 -0.37940952255126009 0.87837969732492682 36669.295000000006 0.6078576107927941 46415.325000000004 1.0000000180025095e-35
decision_type=2 2 2 2 2 2 2 2 2 2 2 2 2 2
left_child=7 2 13 -4 5 -3 -6 9 12 11 -11 -1 -9 -2
right_child=1 4 3 -5 6 -7 -8 8 -10 10 -12 -13 -14 -15
leaf_value=-6.3199918441951786 110.07707825570594 -0.26065882652494488 -30.298340562755229 71.7084452937289 33.905795610941325 -49.675357677409636 2.412252106668102 -92.834632555308289 -12.046548457180245 -17.219729355137797 -137.17942685532054 26.788288810334684 87.281230163574222 -14.880608933622188
leaf_weight=11518 507 4468 584 327 2238 900 5235 307 689 1692 138 1938 23 21
leaf_count=11518 507 4468 584 327 2238 900 5235 307 689 1692 138 1938 23 21
internal_value=0.00398869 7.28316 42.6303 6.35509 3.31905 -8.55325 11.8472 -6.37121 -34.1279 -4.51877 -26.3359 -1.54994 -80.0553 105.088
internal_weight=30585 14280 1439 911 12841 5368 7473 16305 1019 15286 1830 13456 330 528
internal_count=30585 14280 1439 911 12841 5368 7473 16305 1019 15286 1830 13456 330 528
is_linear=0
shrinkage=0.1


Tree=51
num_leaves=15
num_cat=0
split_feature=2 8 10 1 1 3 10 8 10 2 9 9 1 12
split_gain=1.04704e+08 1.13131e+08 1.39814e+08 2.18104e+08 1.08619e+08 9.87465e+07 8.35154e+07 6.88733e+07 1.40508e+08 5.90848e+07 5.5081e+07 1.57958e+08 1.3389e+08 5.16589e+07
threshold=12.029007500000001 0.25881904510252057 0.81174490092936691 34347.400000000001 39988.94000000001 14.385251500000001 1.0000000180025095e-35 -0.70710678118654757 0.81174490092936691 12.706171000000003 -0.8783796973249266 -0.60785761079279388 36027.805000000008 1.0000000180025095e-35
decision_type=2 2 2 2 2 2 2 2 2 2 2 2 2 2
left_child=5 2 6 -4 9 10 -2 8 -7 -3 12 -12 -1 -9
right_child=1 4 3 -5 -6 7 -8 13 -10 -11 11 -13 -14 -15
leaf_value=23.795162924885954 9.5551283361091066 55.629198320267051 226.32531724354578 30.120570532927829 15.742083181312125 21.23250217751453 -21.99908440564333 5.7727475277918616 154.53779337117962 138.58511113152989 -29.542395657705541 -3.7486762922020889 -21.792182850661536 -132.95104144061054
leaf_weight=1763 2477 234 62 568 520 607 1267 4676 90 137 2846 14298 1014 26
leaf_count=1763 2477 234 62 568 520 607 1267 4676 90 137 2846 14298 1014 26
internal_value=0.00349645 12.8331 6.21254 49.7577 45.2906 -2.66467 -1.1261 9.32996 38.6423 86.5527 -5.91577 -8.03205 7.14744 4.97756
internal_weight=30585 5265 4374 630 891 25320 3744 5399 697 371 19921 17144 2777 4702
internal_count=30585 5265 4374 630 891 25320 3744 5399 697 371 19921 17144 2777 4702
is_linear=0
shrinkage=0.1


Tree=52
num_leaves=15
num_cat=0
split_feature=0 1 9 9 0 10 0 1 1 10 3 0 10 0
split_gain=1.24511e+08 1.6479e+08 2.44204e+08 1.40968e+08 1.24019e+08 1.47075e+08 1.16775e+08 8.37737e+07 8.17233e+07 2.88703e+08 2.55777e+08 1.61059e+08 1.94229e+08 9.50215e+07
threshold=38590.105000000003 39230.81500000001 -0.60785761079279388 -0.8783796973249266 40735.725000000013 0.81174490092936691 45540.015000000007 41417.92500000001 36027.805000000008 0.81174490092936691 11.340673000000002 35155.155000000006 1.0000000180025095e-35 37212.345000000008
decision_type=2 2 2 2 2 2 2 2 2 2 2 2 2 2
left_child=8 2 3 -2 5 -3 -4 -6 11 13 -11 -1 -13 -10
right_child=1 4 6 -5 7 -7 -8 -9 9 10 -12 12 -14 -15
leaf_value=-5.535800285005875 26.283703715915863 -27.52393648420092 49.369195159914625 -29.512210152987532 29.066458327120614 76.212298516513542 176.55551550890272 0.36226991500344968 -47.674456031224139 -15.17403599632458 53.977368041328759 50.960476772471331 -3.7504037719594336 -14.780267001609577
leaf_weight=11814 1039 1952 1518 801 1437 146 75 3471 1890 1277 919 1222 1382 1642
leaf_count=11814 1039 1952 1518 801 1437 146 75 3471 1890 1277 919 1222 1382 1642
internal_value=0.00468757 8.86787 26.8131 1.99145 0.0719749 -20.2721 55.4643 8.7707 -4.58814 -14.6919 13.7764 -0.573384 21.9339 -32.3907
internal_weight=30585 10439 3433 1840 7006 2098 1593 4908 20146 5728 2196 14418 2604 3532
internal_count=30585 10439 3433 1840 7006 2098 1593 4908 20146 5728 2196 14418 2604 3532
is_linear=0
shrinkage=0.1


Tree=53
num_leaves=15
num_cat=0
split_feature=0 1 0 1 9 10 1 3 1 0 3 3 0 10
split_gain=1.11071e+08 8.44567e+07 7.7992e+07 1.60114e+08 2.16366e+08 9.29618e+07 1.21647e+08 9.51821e+07 8.64057e+07 5.07461e+07 5.40061e+07 4.13424e+07 3.343e+07 1.72959e+07
threshold=42536.855000000003 35265.405000000006 29311.430000000004 27428.360000000004 -0.60785761079279388 1.0000000180025095e-35 29789.480000000003 5.9418440000000006 40354.215000000004 50326.625000000007 14.825911250000003 1.3953037500000003 46832.990000000013 -0.22252093395631442
decision_type=2 2 2 2 2 2 2 2 2 2 2 2 2 2
left_child=2 12 5 4 -4 7 -7 -1 -5 10 -3 -11 13 -2
right_child=1 9 3 8 -6 6 -8 -9 -10 11 -12 -13 -14 -15
leaf_value=84.315595681326727 130.63923440748644 5.7500838245404458 7.3059032033612255 1.5496749719558101 130.99487442462532 -22.482808494613959 20.158115890807139 -41.569052375020981 -14.928672622377903 148.68715806299326 39.984846186809406 28.044619996207103 199.41413868091726 36.814072918069776
leaf_weight=62 30 2694 410 18526 215 1551 1175 1326 3841 48 555 69 26 57
leaf_count=62 30 2694 410 18526 215 1551 1175 1326 3841 48 555 69 26 57
internal_value=0.00526128 16.8236 -2.15388 0.115361 49.9962 -14.833 -4.10245 -35.8893 -1.28063 13.9521 11.6086 78.3796 101.484 70.2845
internal_weight=30585 3479 27106 22992 625 4114 2726 1388 22367 3366 3249 117 113 87
internal_count=30585 3479 27106 22992 625 4114 2726 1388 22367 3366 3249 117 113 87
is_linear=0
shrinkage=0.1


Tree=54
num_leaves=15
num_cat=0
split_feature=0 1 0 9 10 0 1 10 2 0 10 1 9 10
split_gain=9.46111e+07 1.19888e+08 1.37047e+08 1.0081e+08 8.94847e+07 7.68549e+07 6.99896e+07 2.10868e+08 1.91078e+08 1.62582e+08 2.35498e+08 1.117e+08 6.13158e+07 4.7153e+07
threshold=39123.625000000007 40478.785000000011 47380.965000000004 -0.60785761079279388 -0.56174490092936669 41682.185000000005 35349.020000000004 0.81174490092936691 6.4526388000000017 34987.865000000005 1.0000000180025095e-35 39766.55000000001 0.6078576107927941 0.81174490092936691
decision_type=2 2 2 2 2 2 2 2 2 2 2 2 2 2
left_child=6 2 3 -2 5 -3 9 11 -9 12 -11 -8 -1 -6
right_child=1 4 -4 -5 13 -7 7 8 -10 10 -12 -13 -14 -15
leaf_value=-8.8785495398329264 0.61589128211531907 -47.502714428903623 161.47169160983142 31.723437697462515 6.2483561463795549 -5.5966297492812886 -16.963164486979807 49.094836830994915 -9.3397768524255138 61.174273350261387 -2.5276607733160388 -59.885255143326177 7.6870011505506897 61.616269118069141
leaf_weight=8311 1827 612 67 2423 2737 1531 4422 912 1445 1002 1377 702 3055 162
leaf_count=8311 1827 612 67 2423 2737 1531 4422 912 1445 1002 1377 702 3055 162
internal_value=0.00720253 8.38267 20.6122 18.3541 -2.09037 -17.5808 -3.68594 -11.4687 13.2817 0.550535 24.3171 -22.8541 -4.42571 9.36257
internal_weight=30585 9359 4317 4250 5042 2143 21226 7481 2357 13745 2379 5124 11366 2899
internal_count=30585 9359 4317 4250 5042 2143 21226 7481 2357 13745 2379 5124 11366 2899
is_linear=0
shrinkage=0.1


Tree=55
num_leaves=15
num_cat=0
split_feature=0 0 2 9 7 8 2 9 9 12 0 2 0 9
split_gain=8.35045e+07 6.04339e+07 6.60692e+07 5.32385e+07 4.80028e+07 4.35545e+07 4.34351e+07 4.14407e+07 6.44419e+07 3.41917e+07 3.01778e+07 2.69601e+07 2.04851e+07 1.15321e+07
threshold=42441.590000000004 28883.550000000003 16.289460000000002 -0.8783796973249266 -0.25881904510252113 1.0000000180025095e-35 16.664058500000003 0.6078576107927941 -0.8783796973249266 1.0000000180025095e-35 50326.625000000007 13.444966000000003 40540.945000000007 -1.0000000180025095e-35
decision_type=2 2 2 2 2 2 2 2 2 2 2 2 2 2
left_child=1 4 3 -3 9 -6 7 8 -2 -1 13 -9 -4 -8
right_child=6 2 12 -5 5 -7 10 11 -10 -11 -12 -13 -14 -15
leaf_value=39.911915601910778 31.983925871708934 11.658420355174597 -57.277059740008738 -1.7971585564069927 -0.66029181198535036 -26.107652530273153 -21.345353663409199 16.071910785839734 -6.3009394816390367 -25.25948575989813 134.86418933479155 46.612732604433987 -185.44950145374645 66.486362973381503
leaf_weight=258 603 3447 32 19977 977 2158 26 830 1615 116 48 444 21 33
leaf_count=258 603 3447 32 19977 977 2158 26 830 1615 116 48 444 21 33
internal_value=0.00723079 -1.90113 -0.0713618 0.183334 -14.1397 -18.1799 14.313 12.3774 4.11716 19.6849 76.7829 26.7439 -110.556 28.0702
internal_weight=30585 26986 23477 23424 3509 3135 3599 3492 2218 374 107 1274 53 59
internal_count=30585 26986 23477 23424 3509 3135 3599 3492 2218 374 107 1274 53 59
is_linear=0
shrinkage=0.1


Tree=56
num_leaves=15
num_cat=0
split_feature=0 1 9 8 1 0 10 1 1 10 0 1 0 3
split_gain=7.26712e+07 1.1649e+08 2.11782e+08 1.57759e+08 1.09353e+08 1.09352e+08 1.17775e+08 8.47667e+07 1.07187e+08 2.20784e+08 1.12186e+08 5.1848e+07 2.20034e+07 8.34591e+06
threshold=37982.760000000002 39518.67500000001 -0.60785761079279388 -0.12940952255126034 37559.250000000007 40224.740000000013 0.81174490092936691 44019.820000000007 35792.570000000007 1.0000000180025095e-35 35689.390000000007 41585.865000000013 31745.34 15.007879000000001
decision_type=2 2 2 2 2 2 2 2 2 2 2 2 2 2
left_child=7 2 3 -2 -4 6 -3 8 10 -10 -1 -7 -9 -14
right_child=1 5 4 -5 -6 11 -8 12 9 -11 -12 -13 13 -15
leaf_value=-3.3485180248459985 -22.361867508804153 -35.984521384041265 71.106686559434749 32.545679198242958 24.95436865158938 18.139002213246837 54.618104649182435 -31.892122678403503 -42.097793606741021 0.94724031168639677 24.802951219588575 -2.6248742317676785 70.395561418627281 2.5589654831659225
leaf_weight=12222 1530 1324 723 794 1772 1829 160 26 2070 2806 1600 3507 202 20
leaf_count=12222 1530 1324 723 794 1772 1829 160 26 2070 2806 1600 3507 202 20
internal_value=0.00658418 6.22538 18.1251 -3.59665 38.3515 -2.18438 -26.1858 -3.81391 -4.58554 -17.3315 -0.0882161 4.49434 54.1484 64.323
internal_weight=30585 11639 4819 2324 2495 6820 1484 18946 18698 4876 13822 5336 248 222
internal_count=30585 11639 4819 2324 2495 6820 1484 18946 18698 4876 13822 5336 248 222
is_linear=0
shrinkage=0.1


Tree=57
num_leaves=15
num_cat=0
split_feature=0 0 2 2 2 12 2 2 8 0 0 9 0 9
split_gain=6.55503e+07 5.39281e+07 4.59834e+07 4.92414e+07 3.95479e+07 5.2441e+07 3.46664e+07 3.41574e+07 4.50953e+07 2.45053e+07 2.16969e+07 1.02841e+07 1.0161e+07 9.40046e+06
threshold=42441.590000000004 21887.480000000007 16.289460000000002 15.288784250000001 7.1080962000000012 1.0000000180025095e-35 16.664058500000003 3.1750412000000003 0.1294095225512602 50326.625000000007 40540.945000000007 1.0000000180025095e-35 44183.035000000011 -1.0000000180025095e-35
decision_type=2 2 2 2 2 2 2 2 2 2 2 2 2 2
left_child=1 4 3 -3 -1 -6 7 12 -9 13 -4 -11 -2 -8
right_child=6 2 10 -5 5 -7 9 8 -10 11 -12 -13 -14 -15
leaf_value=-83.770696937865111 18.902549878870829 -1.5470753858697268 -40.710965326097281 37.322554617567043 45.489666774174943 -104.86911870451534 -19.986307115908023 0.53640343941291346 32.351219340599734 65.964187721584153 -169.10430991432884 163.08345942850468 45.52161423048927 59.298475725510542
leaf_weight=137 272 26359 35 329 72 33 26 2364 548 22 21 26 308 33
leaf_count=137 272 26359 35 329 72 33 26 2364 548 22 21 26 308 33
internal_value=0.00645465 -1.68435 -1.25819 -1.06652 -48.5809 -2.30948 12.6814 10.9522 6.53258 68.4903 -90.9805 120.825 33.0922 24.6086
internal_weight=30585 26986 26744 26688 242 105 3599 3492 2912 107 56 48 580 59
internal_count=30585 26986 26744 26688 242 105 3599 3492 2912 107 56 48 580 59
is_linear=0
shrinkage=0.1


Tree=58
num_leaves=15
num_cat=0
split_feature=9 9 9 8 8 8 0 9 8 0 1 7 1 1
split_gain=6.23864e+07 1.01727e+08 1.71282e+08 4.63196e+08 2.69174e+08 1.52037e+08 1.52989e+08 9.45465e+07 1.78507e+08 1.05823e+08 1.2462e+08 1.04286e+08 5.88673e+07 4.99361e+07
threshold=0.6078576107927941 -0.8783796973249266 -0.60785761079279388 -0.12940952255126034 -0.12940952255126034 -0.12940952255126034 29837.300000000007 0.87837969732492682 0.96592582628906831 36865.450000000004 37799.910000000011 0.37940952255126054 28715.565000000002 38380.950000000004
decision_type=2 2 2 2 2 2 2 2 2 2 2 2 2 2
left_child=1 5 3 -3 -4 6 -1 8 11 10 -9 -2 -7 -11
right_child=7 2 4 -5 -6 12 -8 9 -10 13 -12 -13 -14 -15
leaf_value=-111.08276745201886 -1.9860572526701201 -58.799531593906899 15.032047400921607 6.5450072123209129 -13.730270599821015 73.158888468760935 -1.9647171219621187 -13.141296726194151 84.500072347170686 39.981328068147874 -109.68147710429298 30.831534452049961 22.435865213282934 3.8048869883250824
leaf_weight=137 2366 2002 6006 2366 7098 256 1865 1879 364 478 143 1638 2110 1877
leaf_count=137 2366 2002 6006 2366 7098 256 1865 1879 364 478 143 1638 2110 1877
internal_value=0.00596766 -2.85192 -6.26436 -23.4112 -0.5474 10.7961 -9.48357 7.14284 17.5496 -3.24421 -20.0197 11.4437 27.9527 11.1616
internal_weight=30585 21840 17472 4368 13104 4368 2002 8745 4368 4377 2022 4004 2366 2355
internal_count=30585 21840 17472 4368 13104 4368 2002 8745 4368 4377 2022 4004 2366 2355
is_linear=0
shrinkage=0.1


Tree=59
num_leaves=15
num_cat=0
split_feature=3 1 12 1 10 10 3 2 9 9 9 1 1 1
split_gain=5.52864e+07 9.2951e+07 1.03628e+08 1.02175e+08 8.43754e+07 6.37106e+07 5.41043e+07 6.45253e+07 5.56594e+07 6.01114e+07 5.3844e+07 5.09841e+07 5.04967e+07 2.30445e+07
threshold=3.0840759000000006 40227.475000000006 1.0000000180025095e-35 44019.820000000007 0.81174490092936691 1.0000000180025095e-35 15.703226500000001 -0.81803642999999993 0.6078576107927941 -0.8783796973249266 0.87837969732492682 39230.81500000001 46108.750000000007 43171.030000000006
decision_type=2 2 2 2 2 2 2 2 2 2 2 2 2 2
left_child=1 4 12 -4 5 -1 8 11 9 -2 -10 -8 -3 -9
right_child=6 2 3 -5 -6 -7 7 13 10 -11 -12 -13 -14 -15
leaf_value=73.216449554538727 6.15725254899976 -15.746582808578857 -304.92569289434522 -32.733250806445163 168.91811550685338 -0.83642402501828084 -25.850694669064861 18.945375582902518 13.349677598595228 -8.0040948212772349 -3.4815526753446555 -186.95925611413043 35.81954931292632 -16.243914897371049
leaf_weight=249 3736 395 20 41 55 217 138 2398 3799 15148 3802 22 364 201
leaf_count=249 3736 395 20 41 55 217 138 2398 3799 15148 3802 22 364 201
internal_value=0.00525944 19.852 -1.14464 -125.455 52.8375 38.8047 -0.905474 12.4186 -2.29389 -5.20224 4.93139 -49.0268 8.99801 16.2187
internal_weight=30585 1341 820 61 521 466 29244 2759 26485 18884 7601 160 759 2599
internal_count=30585 1341 820 61 521 466 29244 2759 26485 18884 7601 160 759 2599
is_linear=0
shrinkage=0.1


Tree=60
num_leaves=15
num_cat=0
split_feature=0 1 9 9 10 1 2 1 12 9 1 9 10 10
split_gain=6.29463e+07 1.31491e+08 2.64717e+08 2.76368e+08 6.29147e+07 1.10653e+08 9.60007e+07 9.13584e+07 7.68253e+07 7.30979e+07 5.3366e+07 1.13164e+08 9.82004e+07 5.04415e+07
threshold=29837.300000000007 28612.310000000001 -0.60785761079279388 -0.8783796973249266 1.0000000180025095e-35 30501.850000000002 13.170073500000003 29845.745000000006 1.0000000180025095e-35 0.6078576107927941 34680.870000000003 -0.8783796973249266 0.81174490092936691 1.0000000180025095e-35
decision_type=2 2 2 2 2 2 2 2 2 2 2 2 2 2
left_child=4 2 3 -2 6 9 7 -1 -7 -6 11 -3 -12 -4
right_child=1 10 13 -5 5 8 -8 -9 -10 -11 12 -13 -14 -15
leaf_value=-13.482619140946907 120.53884074718923 33.077518731760151 82.13776796263268 -31.022522124886514 -27.424814611657236 32.622483585201891 110.04179002724443 -62.529229164848601 -45.722856118795761 15.599114406440609 -5.7622047760557713 1.7629276172357988 16.615061195000589 165.50403262664167
leaf_weight=1187 153 1398 220 549 1478 1008 50 558 142 538 14331 6591 2271 111
leaf_count=1187 153 1398 220 549 1478 1008 50 558 142 538 14331 6591 2271 111
internal_value=0.00382333 2.00006 36.9337 2.13456 -10.3053 -1.8237 -25.2556 -29.1931 22.9172 -15.9412 0.531155 7.24614 -2.70039 110.509
internal_weight=30585 25624 1033 702 4961 3166 1795 1745 1150 2016 24591 7989 16602 331
internal_count=30585 25624 1033 702 4961 3166 1795 1745 1150 2016 24591 7989 16602 331
is_linear=0
shrinkage=0.1


Tree=61
num_leaves=15
num_cat=0
split_feature=0 1 10 7 10 8 0 1 10 1 2 1 2 0
split_gain=6.00078e+07 1.58034e+08 2.67271e+08 1.87464e+08 1.29768e+08 3.1559e+08 9.81962e+07 5.28739e+07 7.80464e+07 1.33691e+08 1.06197e+08 5.25268e+07 5.12001e+07 4.64459e+07
threshold=32934.875000000007 33038.060000000005 1.0000000180025095e-35 0.25881904510252091 0.81174490092936691 0.96592582628906831 38590.105000000003 34769.435000000005 -0.56174490092936669 40478.785000000011 6.6955535500000005 31464.695000000003 8.9233255000000025 22921.570000000003
decision_type=2 2 2 2 2 2 2 2 2 2 2 2 2 2
left_child=7 2 11 -4 6 -6 -3 12 9 -9 -10 -2 13 -1
right_child=1 4 3 -5 5 -7 -8 8 10 -11 -12 -13 -14 -15
leaf_value=-47.10365858295134 95.426696322216713 -12.842157466520678 29.88920418494699 -43.975891090861545 35.598925249265989 -206.0916105542864 3.3842303147144026 -135.7874155893922 24.053245903316299 85.407851388113841 -34.961329278521383 47.368195438862806 10.589309531075259 -5.5500884913175339
leaf_weight=279 424 5993 864 569 1542 55 9871 127 455 34 920 498 2097 6857
leaf_count=279 424 5993 864 569 1542 55 9871 127 455 34 920 498 2097 6857
internal_value=0.00472249 3.27003 27.5811 0.549445 -0.010237 27.1514 -2.74609 -6.00351 -23.1767 -88.8365 -15.4296 69.5483 -3.14438 -7.1811
internal_weight=30585 19816 2355 1433 17461 1597 15864 10769 1536 161 1375 922 9233 7136
internal_count=30585 19816 2355 1433 17461 1597 15864 10769 1536 161 1375 922 9233 7136
is_linear=0
shrinkage=0.1


Tree=62
num_leaves=14
num_cat=0
split_feature=0 1 10 9 9 10 1 1 1 10 2 1 10
split_gain=5.42497e+07 1.55489e+08 1.55039e+08 1.03307e+08 9.94695e+07 1.09424e+08 8.80409e+07 4.66524e+07 5.14458e+07 2.71236e+08 4.58628e+07 3.39965e+07 1.22442e+07
threshold=36160.560000000005 35265.405000000006 1.0000000180025095e-35 -1.0000000180025095e-35 -1.0000000180025095e-35 1.0000000180025095e-35 39290.105000000003 45530.170000000006 34769.435000000005 1.0000000180025095e-35 8.9233255000000025 32108.535000000003 1.0000000180025095e-35
decision_type=2 2 2 2 2 2 2 2 2 2 2 2 2
left_child=7 2 11 -4 5 -3 -6 8 10 -10 -1 -2 -9
right_child=1 4 3 -5 6 -7 -8 12 9 -11 -12 -13 -14
leaf_value=-4.9161338802049803 93.281335663612083 -4.7002790599179489 -1.3422711917809371 98.027616623588244 23.482218534220053 -46.785446707761338 0.25585114732594877 117.11773404015435 -51.994566514225994 4.2290669087661463 9.2541028518629762 49.379053359961887 34.424717223338597
leaf_weight=8669 259 4392 1159 114 2354 718 5316 35 1285 2578 3100 568 38
leaf_count=8669 259 4392 1159 114 2354 718 5316 35 1285 2578 3100 568 38
internal_value=0.00374481 4.33035 29.5412 7.62648 0.185738 -10.6216 7.38639 -4.09559 -4.4703 -14.4819 -1.18317 63.2244 75.119
internal_weight=30585 14880 2100 1273 12780 5110 7670 15705 15632 3863 11769 827 73
internal_count=30585 14880 2100 1273 12780 5110 7670 15705 15632 3863 11769 827 73
is_linear=0
shrinkage=0.1


Tree=63
num_leaves=14
num_cat=0
split_feature=0 3 1 1 1 1 10 9 3 1 3 3 7
split_gain=5.18625e+07 7.35027e+07 2.3293e+08 6.28877e+07 5.07633e+07 4.39278e+07 1.02308e+08 1.03924e+08 5.65595e+07 4.75064e+07 5.25966e+07 2.87273e+07 4.71764e+06
threshold=43174.670000000006 1.7435503000000001 41585.865000000013 49468.400000000001 38775.385000000009 42327.935000000005 1.0000000180025095e-35 0.6078576107927941 3.6460223500000004 49468.400000000001 1.3953037500000003 15.116714000000002 -0.25881904510252113
decision_type=2 2 2 2 2 2 2 2 2 2 2 2 2
left_child=1 2 12 4 -3 6 8 -8 -2 11 -11 -7 -1
right_child=5 3 -4 -5 -6 9 7 -9 -10 10 -12 -13 -14
leaf_value=84.360601466635003 111.11146284560083 1.4271008026973497 -294.93579214881447 139.08646421432496 -8.2016261751467638 -5.8541761829915844 -59.489392886683348 66.662423669208181 38.13886593928747 183.54512082613434 30.686280418329758 32.720435775292884 18.501524585226306
leaf_weight=22 141 20209 33 31 7509 1480 191 98 430 25 173 221 22
leaf_count=22 141 20209 33 31 7509 1480 191 98 430 25 173 221 22
internal_value=0.00441564 -1.2924 -98.2306 -1.01988 -1.18159 13.0793 31.8157 -16.6289 56.3211 4.58184 50.812 -0.826145 52.574
internal_weight=30585 27826 77 27749 27718 2759 860 289 571 1899 198 1701 44
internal_count=30585 27826 77 27749 27718 2759 860 289 571 1899 198 1701 44
is_linear=0
shrinkage=0.1


Tree=64
num_leaves=15
num_cat=0
split_feature=3 8 9 10 1 3 1 12 7 3 8 9 3 1
split_gain=4.46902e+07 9.49959e+07 8.5286e+07 7.79701e+07 1.2383e+08 5.5487e+07 9.39606e+07 8.05395e+07 1.37508e+08 7.42228e+07 7.37108e+07 5.48275e+07 3.97995e+07 3.9546e+07
threshold=6.7764645000000012 0.25881904510252057 -0.60785761079279388 0.81174490092936691 34854.370000000003 13.114826000000003 38196.915000000008 1.0000000180025095e-35 -0.25881904510252113 11.438630000000002 -0.70710678118654757 -0.60785761079279388 5.4697012000000012 49468.400000000001
decision_type=2 2 2 2 2 2 2 2 2 2 2 2 2 2
left_child=1 3 12 13 -5 6 11 10 -9 -8 -7 -2 -3 -1
right_child=5 2 -4 4 -6 7 9 8 -10 -11 -12 -13 -14 -15
leaf_value=-6.7486132548781272 -10.197271573050624 101.78624572405002 12.702728007754434 136.70980604372525 14.647581732213988 27.356118766957621 -28.641114894395027 129.53608638218472 -166.87484786624 -0.59958642463810941 1.3199355006802755 4.6992661328132312 42.180582791927094 37.998926835129225
leaf_weight=4307 3941 163 1228 94 667 1270 2653 20 62 1465 7527 6619 363 206
leaf_count=4307 3941 163 1228 94 667 1270 2653 20 62 1465 7527 6619 363 206
internal_value=0.00507833 7.00286 27.1557 0.296639 29.8845 -2.08285 -5.85742 4.1569 -93.8899 -18.6678 5.08139 -0.860572 60.8096 -4.69811
internal_weight=30585 7028 1754 5274 761 23557 14678 8879 82 4118 8797 10560 526 4513
internal_count=30585 7028 1754 5274 761 23557 14678 8879 82 4118 8797 10560 526 4513
is_linear=0
shrinkage=0.1


Tree=65
num_leaves=15
num_cat=0
split_feature=0 1 8 9 10 8 1 0 3 8 1 10 2 2
split_gain=5.08381e+07 1.21255e+08 1.9915e+08 1.84462e+08 1.24237e+08 1.70648e+08 9.98561e+07 9.88322e+07 3.36341e+07 9.01353e+07 3.23094e+07 6.56398e+07 4.52453e+07 3.1891e+07
threshold=33903.405000000006 34515.085000000014 -0.37940952255126009 -1.0000000180025095e-35 0.81174490092936691 -0.5 31583.400000000005 37783.790000000001 14.601454000000002 -0.5 34854.370000000003 -0.56174490092936669 8.9233255000000025 -0.81803642999999993
decision_type=2 2 2 2 2 2 2 2 2 2 2 2 2 2
left_child=8 2 3 -2 7 -6 -4 -3 10 -10 12 -12 -1 -11
right_child=1 4 6 -5 5 -7 -8 -9 9 13 11 -13 -14 -15
leaf_value=-9.5757195307583309 -17.261929676489917 -18.360697851376376 101.51678247996739 83.558236431933594 83.842055827067099 3.8071435536753455 35.188194338669 1.6450505114005229 115.40071019081221 -52.441917516217373 -72.222648750818692 -12.643805337941469 6.6107799199597554 5.097924660921727
leaf_weight=5740 1335 3199 279 209 400 794 1212 10815 72 100 207 1674 2469 2080
leaf_count=5740 1335 3199 279 209 400 794 1212 10815 72 100 207 1674 2469 2080
internal_value=0.0055379 3.35887 21.6052 -3.56939 -0.283649 30.6672 47.6595 -2.92268 -4.95097 6.09694 -7.41713 -19.2352 -4.70714 2.43565
internal_weight=30585 18243 3035 1544 15208 1194 1491 14014 12342 2252 10090 1881 8209 2180
internal_count=30585 18243 3035 1544 15208 1194 1491 14014 12342 2252 10090 1881 8209 2180
is_linear=0
shrinkage=0.1


Tree=66
num_leaves=15
num_cat=0
split_feature=0 1 7 2 9 9 1 2 3 1 1 1 0 0
split_gain=4.50871e+07 1.2932e+08 1.15291e+08 1.21019e+08 7.89679e+07 6.6882e+07 6.39642e+07 3.37683e+07 5.02896e+07 7.75412e+07 4.7052e+07 3.57557e+07 2.756e+07 2.54619e+07
threshold=35556.640000000007 34854.370000000003 0.25881904510252091 9.9015710000000023 -1.0000000180025095e-35 -0.8783796973249266 38898.445000000014 1.9015510500000001 18.934560500000003 32730.000000000004 39566.150000000009 45530.170000000006 20317.635000000006 40414.040000000008
decision_type=2 2 2 2 2 2 2 2 2 2 2 2 2 2
left_child=7 2 5 -4 13 -2 -6 8 10 -10 -1 12 -9 -3
right_child=1 4 3 -5 6 -7 -8 11 9 -11 -12 -13 -14 -15
leaf_value=14.100722819893926 88.023119540664396 -15.780832048224173 -42.44461695321948 39.533186357161583 20.568092241540363 32.405810063917365 0.83001062230986788 -53.058592622006529 3.3785851698933231 -190.93265904744467 130.33153614600499 74.332250833511353 -5.3099248242583963 -2.1611772026629397
leaf_weight=1092 264 2827 406 322 2276 1191 5886 121 65 29 35 55 13348 2668
leaf_count=1092 264 2827 406 322 2276 1191 5886 121 65 29 35 55 13348 2668
internal_value=0.00581506 3.71009 26.3041 -6.18071 0.0968988 42.5507 6.33588 -3.97353 11.9468 -57.9473 17.8227 -5.41166 -5.74279 -9.16965
internal_weight=30585 15840 2183 728 13657 1455 8162 14745 1221 94 1127 13524 13469 5495
internal_count=30585 15840 2183 728 13657 1455 8162 14745 1221 94 1127 13524 13469 5495
is_linear=0
shrinkage=0.1


Tree=67
num_leaves=15
num_cat=0
split_feature=0 1 9 8 0 1 10 12 0 0 9 0 10 3
split_gain=4.04261e+07 8.53643e+07 6.38281e+07 1.31272e+08 7.89337e+07 6.24802e+07 1.08854e+08 1.96818e+08 9.58044e+07 6.24229e+07 9.09749e+07 5.61335e+07 5.32941e+07 3.93744e+07
threshold=39456.140000000007 40870.820000000007 -0.60785761079279388 -0.12940952255126034 42329.99500000001 38196.915000000008 0.81174490092936691 1.0000000180025095e-35 31801.905000000002 36001.450000000004 -0.60785761079279388 41849.475000000013 0.81174490092936691 3.0840759000000006
decision_type=2 2 2 2 2 2 2 2 2 2 2 2 2 2
left_child=5 2 3 -2 -4 9 8 -8 -7 13 -11 12 -3 -1
right_child=1 11 4 -5 -6 6 7 -9 -10 10 -12 -13 -14 -15
leaf_value=69.782924152064979 -17.235630684364747 -28.992752592210316 19.310872700382728 42.480472724712818 71.93476237803246 51.847868189778367 11.020554021992254 -190.24489601898196 -32.651388417758618 -3.2507521989239958 26.418383195220976 3.0801849799187302 40.430174295689035 -3.3600061416077156
leaf_weight=73 1189 1104 2146 532 328 142 1720 49 2202 2144 1994 3218 122 13622
leaf_count=73 1189 1104 2146 532 328 142 1720 49 2202 2144 1994 3218 122 13622
internal_value=0.00554032 5.79973 16.0292 1.23792 26.3139 -2.27549 -13.3842 5.34132 -27.5125 0.287226 11.049 -3.85803 -22.0571 -2.96506
internal_weight=30585 8639 4195 1721 2474 21946 4113 1769 2344 17833 4138 4444 1226 13695
internal_count=30585 8639 4195 1721 2474 21946 4113 1769 2344 17833 4138 4444 1226 13695
is_linear=0
shrinkage=0.1


Tree=68
num_leaves=15
num_cat=0
split_feature=9 9 8 0 1 9 8 8 9 8 8 1 0 1
split_gain=3.94599e+07 6.13737e+07 1.49673e+08 6.69201e+07 8.51541e+07 5.55166e+07 1.19812e+08 1.48154e+08 1.04146e+08 3.44078e+08 1.8835e+08 5.21987e+07 4.94931e+07 4.74953e+07
threshold=0.6078576107927941 0.87837969732492682 0.96592582628906831 36865.450000000004 36535.785000000011 -0.8783796973249266 -0.12940952255126034 -0.9159756150367534 -0.60785761079279388 -0.12940952255126034 -0.12940952255126034 28895.130000000001 32934.875000000007 29150.020000000004
decision_type=2 2 2 2 2 2 2 2 2 2 2 2 2 2
left_child=5 2 11 4 -3 6 7 -1 9 -7 -10 -2 -4 -8
right_child=1 3 12 -5 -6 8 13 -9 10 -11 -12 -13 -14 -15
leaf_value=34.194878215894406 50.853555907534499 -8.1439635611986088 57.179404858157447 8.7682683354170905 -69.454837266481846 -48.659706288460072 59.079154368379513 -26.842754923479152 12.701507380136402 7.6587165949723746 -11.358238930224372 5.3981889168162107 151.21436816079276 17.464492189171459
leaf_weight=546 270 1763 295 2355 259 2002 316 1456 6006 2366 7098 3734 69 2050
leaf_count=546 270 1763 295 2355 259 2002 316 1456 6006 2366 7098 3734 69 2050
internal_value=0.00518429 5.68117 14.0658 -2.68757 -16.0278 -2.2677 7.81471 -10.1874 -4.78861 -18.1591 -0.330727 8.47529 75.3702 23.0451
internal_weight=30585 8745 4368 4377 2022 21840 4368 2002 17472 4368 13104 4004 364 2366
internal_count=30585 8745 4368 4377 2022 21840 4368 2002 17472 4368 13104 4004 364 2366
is_linear=0
shrinkage=0.1


Tree=69
num_leaves=15
num_cat=0
split_feature=0 1 10 3 10 8 0 1 1 3 9 0 1 8
split_gain=3.47646e+07 1.09234e+08 1.94911e+08 9.46029e+07 5.56657e+07 3.12548e+08 6.67666e+07 5.25827e+07 4.08259e+07 8.37765e+07 9.57993e+07 6.57117e+07 5.62261e+07 1.1204e+08
threshold=31624.265000000003 32045.955000000005 1.0000000180025095e-35 3.6460223500000004 0.81174490092936691 0.96592582628906831 38590.105000000003 30041.340000000004 36316.030000000006 11.908459000000002 -1.0000000180025095e-35 30608.200000000004 33115.270000000011 -0.5
decision_type=2 2 2 2 2 2 2 2 2 2 2 2 2 2
left_child=8 2 7 -4 6 -6 -3 -2 12 10 -10 -11 -1 -14
right_child=1 4 3 -5 5 -7 -8 -9 9 11 -12 -13 13 -15
leaf_value=-5.7307922495651562 82.626701968510943 -9.5049336753495073 117.35554466555196 -8.8535537381474434 23.120215784503088 -170.54099976989045 2.984775140575417 37.012344932722108 42.526504592895513 64.577961317259692 -65.167062936453718 -55.855403254971364 105.31265539086382 2.2011226006002236
leaf_weight=6978 359 7487 61 1411 1981 86 9990 861 99 144 480 65 137 446
leaf_count=6978 359 7487 61 1411 1981 86 9990 861 99 144 480 65 137 446
internal_value=0.00545072 2.07133 20.9525 -3.5473 -0.530307 14.9841 -2.36595 50.4916 -5.49623 -27.1424 -46.7116 27.035 -3.23699 26.5703
internal_weight=30585 22236 2692 1472 19544 2067 17477 1220 8349 788 579 209 7561 583
internal_count=30585 22236 2692 1472 19544 2067 17477 1220 8349 788 579 209 7561 583
is_linear=0
shrinkage=0.1


Tree=70
num_leaves=15
num_cat=0
split_feature=9 9 8 7 0 9 8 8 9 8 8 2 0 12
split_gain=3.42611e+07 5.18565e+07 1.22491e+08 8.58458e+07 5.20854e+07 4.23711e+07 1.039e+08 1.01615e+08 7.87631e+07 2.92428e+08 1.4687e+08 5.02883e+07 4.06195e+07 2.03397e+07
threshold=0.6078576107927941 0.87837969732492682 0.96592582628906831 0.37940952255126054 36865.450000000004 -0.8783796973249266 0.1294095225512602 -0.9159756150367534 -0.60785761079279388 -0.37940952255126009 -0.12940952255126034 12.778893250000001 32934.875000000007 1.0000000180025095e-35
decision_type=2 2 2 2 2 2 2 2 2 2 2 2 2 2
left_child=5 2 3 -2 13 6 7 -1 9 -7 -10 -8 -4 -3
right_child=1 4 12 -5 -6 8 11 -9 10 -11 -12 -13 -14 -15
leaf_value=30.310235579426262 -4.2398067229456116 -16.621980339593136 51.98003507546477 25.534541830153202 7.7083969714483702 -49.331951504207524 19.755525284740628 -18.840924810432 11.070083691330822 4.1021860484368018 -10.175760927247461 91.536616658238529 137.17170467921667 26.703119027510937
leaf_weight=546 2366 1908 295 1638 2355 1638 1900 1820 6006 2730 7098 102 69 114
leaf_count=546 2366 1908 295 1638 2355 1638 1900 1820 6006 2730 7098 102 69 114
internal_value=0.0054355 5.29432 13.0015 7.94394 -2.39825 -2.11244 6.69579 -7.49034 -4.31476 -15.9423 -0.43798 23.4566 68.4606 -14.1673
internal_weight=30585 8745 4368 4004 4377 21840 4368 2366 17472 4368 13104 2002 364 2022
internal_count=30585 8745 4368 4004 4377 21840 4368 2366 17472 4368 13104 2002 364 2022
is_linear=0
shrinkage=0.1


Tree=71
num_leaves=15
num_cat=0
split_feature=1 0 2 3 0 0 2 1 2 9 2 10 2 10
split_gain=3.4259e+07 1.04938e+08 6.82378e+07 7.1233e+07 6.65012e+07 6.54525e+07 6.44943e+07 6.09922e+07 6.01236e+07 4.92253e+07 4.47026e+07 3.68108e+07 3.06962e+07 1.0678e+07
threshold=40354.215000000004 38534.710000000006 5.7639892500000007 18.622190000000003 36293.910000000011 47380.965000000004 11.519156000000002 38196.915000000008 5.0936638000000007 -0.60785761079279388 9.2676205000000014 -0.56174490092936669 6.5619832500000008 -0.22252093395631442
decision_type=2 2 2 2 2 2 2 2 2 2 2 2 2 2
left_child=1 7 3 4 -2 9 12 10 -9 -3 -1 -8 -4 -7
right_child=2 5 6 -5 -6 13 11 8 -10 -11 -12 -13 -14 -15
leaf_value=-3.1478916705580353 55.984421670523879 1.627569052425808 -4.3487565152913756 -153.56600432925754 3.3729976001645299 144.90462637180235 -20.108923357405629 15.23766508581777 -30.080126330814974 21.471301928178207 8.2207252046546682 3.3482252176678622 -37.973204535618109 59.311414506700309
leaf_weight=12169 273 2167 354 26 1952 40 1025 377 1301 2954 4831 1922 1168 26
leaf_count=12169 273 2167 354 26 1952 40 1025 377 1301 2954 4831 1922 1168 26
internal_value=0.00589456 1.78191 -6.30065 7.89561 9.85049 14.3637 -13.4514 -1.71271 -19.8955 13.0762 0.0830953 -4.81449 -30.1605 112.575
internal_weight=30585 23865 6720 2251 2225 5187 4469 18678 1678 5121 17000 2947 1522 66
internal_count=30585 23865 6720 2251 2225 5187 4469 18678 1678 5121 17000 2947 1522 66
is_linear=0
shrinkage=0.1


Tree=72
num_leaves=15
num_cat=0
split_feature=0 1 10 8 10 8 12 7 8 3 1 1 10 0
split_gain=3.26897e+07 8.89818e+07 1.94048e+08 1.27599e+08 4.43731e+07 3.69419e+08 3.33305e+08 1.17169e+08 1.00477e+08 1.31663e+08 4.51347e+07 4.22264e+07 1.00065e+08 5.54899e+07
threshold=29311.430000000004 27428.360000000004 0.81174490092936691 1.0000000180025095e-35 0.81174490092936691 1.0000000180025095e-35 1.0000000180025095e-35 -1.0000000180025095e-35 1.0000000180025095e-35 5.9996628500000009 29396.640000000003 32880.240000000013 0.81174490092936691 36584.920000000006
decision_type=2 2 2 2 2 2 2 2 2 2 2 2 2 2
left_child=4 2 3 -2 8 6 -6 -7 9 -1 -10 12 -3 -13
right_child=1 11 -4 -5 5 7 -8 -9 10 -11 -12 13 -14 -15
leaf_value=58.23230188610485 -11.256480452684853 10.997255556626856 270.84775928609514 83.921713368516222 82.036215802537257 108.05981113910676 -213.09755200641914 -53.920004142348368 8.8330660291949812 -63.649551144358156 -21.187377827309362 -9.9916752150503445 -34.368218607059724 1.6173887071801294
leaf_weight=102 368 6015 33 227 583 47 40 655 1172 642 873 5953 528 13347
leaf_count=102 368 6015 33 227 583 47 40 655 1172 642 873 5953 528 13347
internal_value=0.00551519 1.29444 38.4568 25.1351 -8.28623 6.7779 62.7759 -42.9369 -15.4428 -46.8842 -3.9866 0.389923 7.33171 -1.96371
internal_weight=30585 26471 628 595 4114 1325 623 702 2789 744 2045 25843 6543 19300
internal_count=30585 26471 628 595 4114 1325 623 702 2789 744 2045 25843 6543 19300
is_linear=0
shrinkage=0.1


Tree=73
num_leaves=15
num_cat=0
split_feature=1 0 10 8 0 10 0 1 1 9 0 8 10 10
split_gain=3.03438e+07 1.34064e+08 1.17226e+08 1.09082e+08 5.88525e+07 8.40412e+07 1.36972e+08 1.23867e+08 7.42484e+07 4.84426e+07 4.36475e+07 3.3073e+07 1.65287e+08 1.17437e+08
threshold=36027.805000000008 35627.045000000006 1.0000000180025095e-35 -0.60355339059327384 40735.725000000013 0.81174490092936691 32293.535000000003 40870.820000000007 41848.185000000005 -0.60785761079279388 42967.240000000005 0.78656609248549303 0.81174490092936691 0.81174490092936691
decision_type=2 2 2 2 2 2 2 2 2 2 2 2 2 2
left_child=1 11 -3 -4 5 7 -7 -2 9 -6 -10 13 -13 -1
right_child=4 2 3 -5 8 6 -8 -9 10 -11 -12 12 -14 -15
leaf_value=-10.302886101421839 -8.4110044418920165 42.404808432715285 -22.534886229284481 27.692921080410027 0.010536939016780499 -27.293712089436283 24.640198055795125 -48.150416010890353 -23.055791873124253 28.501438671922138 2.4838690308256015 14.658370796129175 -41.152525883430528 22.624906297040862
leaf_weight=7012 6204 1448 822 910 965 739 1618 897 967 1563 2167 3364 629 1280
leaf_count=7012 6204 1448 822 910 965 739 1618 897 967 1563 2167 3364 629 1280
internal_value=0.00567339 3.12002 21.4167 3.85576 -3.17973 -8.00658 8.35247 -13.437 4.88318 17.6301 -5.40127 -1.61748 5.85862 -5.21785
internal_weight=30585 15465 3180 1732 15120 9458 2357 7101 5662 2528 3134 12285 3993 8292
internal_count=30585 15465 3180 1732 15120 9458 2357 7101 5662 2528 3134 12285 3993 8292
is_linear=0
shrinkage=0.1


Tree=74
num_leaves=15
num_cat=0
split_feature=9 9 7 0 0 0 1 10 8 1 7 8 10 1
split_gain=3.25777e+07 4.64153e+07 9.75172e+07 9.41243e+07 6.62256e+07 3.9557e+07 6.15335e+07 3.10252e+07 4.65782e+08 5.38739e+08 3.81564e+08 1.96171e+08 1.51313e+08 9.08846e+07
threshold=0.6078576107927941 0.87837969732492682 -1.0000000180025095e-35 28883.550000000003 38052.170000000006 36444.31500000001 36955.820000000007 0.81174490092936691 1.0000000180025095e-35 34769.435000000005 -1.0000000180025095e-35 0.1294095225512602 1.0000000180025095e-35 30100.380000000001
decision_type=2 2 2 2 2 2 2 2 2 2 2 2 2 2
left_child=7 2 4 -4 -2 6 -3 11 9 -9 -10 12 -1 -13
right_child=1 5 3 -5 -6 -7 -8 8 10 -11 -12 13 -14 -15
leaf_value=-6.3885497084993403 -29.699526836219249 -7.411956431686777 -3.6334306125432416 39.523708748850233 8.9663298384608918 6.3224506459269243 -71.811606214958942 139.6176767166192 22.271268298858871 13.821517789547066 -62.478056951906751 27.771800348338765 -35.586415956140726 1.9553402231296741
leaf_weight=7098 660 1768 731 1635 1342 2448 161 421 910 1763 1274 1742 2366 6266
leaf_count=7098 660 1768 731 1635 1342 2448 161 421 910 1763 1274 1742 2366 6266
internal_value=0.00504756 5.16236 12.454 26.194 -3.78912 -2.11547 -12.8214 -2.06014 5.47709 38.1235 -27.1718 -3.94466 -13.691 7.57402
internal_weight=30585 8745 4368 2366 2002 4377 1929 21840 4368 2184 2184 17472 9464 8008
internal_count=30585 8745 4368 2366 2002 4377 1929 21840 4368 2184 2184 17472 9464 8008
is_linear=0
shrinkage=0.1


Tree=75
num_leaves=15
num_cat=0
split_feature=1 0 9 1 0 10 0 0 1 1 0 0 1 10
split_gain=3.07814e+07 1.05771e+08 8.49557e+07 1.16287e+08 6.52035e+07 6.89926e+07 1.35075e+08 1.17305e+08 5.20931e+07 4.41032e+07 3.92896e+07 3.84495e+07 3.7165e+07 1.366e+08
threshold=38775.385000000009 36001.450000000004 -0.60785761079279388 34854.370000000003 40224.740000000013 0.81174490092936691 31801.905000000002 32222.755000000001 42241.970000000008 36535.785000000011 42967.240000000005 42025.695000000014 34769.435000000005 1.0000000180025095e-35
decision_type=2 2 2 2 2 2 2 2 2 2 2 2 2 2
left_child=1 12 3 -3 5 6 -2 -7 11 -4 -10 -6 -1 -14
right_child=4 2 9 -5 8 7 -8 -9 10 -11 -12 -13 13 -15
leaf_value=-0.42068540027444068 79.149034387752664 22.651018663799025 41.179451396249078 -14.698763415955014 2.544839323536674 -43.434885609898558 -28.572651125043222 17.890694249791764 -24.379820888237788 16.136929383798595 0.76614632495364299 26.369972839312524 -42.375973545478352 7.0952043425593274
leaf_weight=11674 121 1483 1052 1901 1674 417 2560 1228 890 2125 2053 1137 986 1284
leaf_count=11674 121 1483 1052 1901 1674 417 2560 1228 890 2125 2053 1137 986 1284
internal_value=0.00468418 2.22895 12.6983 1.67122 -4.51975 -13.794 -23.6832 2.328 2.45402 24.4396 -6.84401 12.1876 -2.69769 -14.4024
internal_weight=30585 20505 6561 3384 10080 4326 2681 1645 5754 3177 2943 2811 13944 2270
internal_count=30585 20505 6561 3384 10080 4326 2681 1645 5754 3177 2943 2811 13944 2270
is_linear=0
shrinkage=0.1


Tree=76
num_leaves=15
num_cat=0
split_feature=0 7 8 10 0 10 7 7 3 2 10 0 0 8
split_gain=3.04314e+07 6.09604e+07 3.62825e+07 2.34093e+08 1.71064e+08 1.35596e+08 2.57815e+08 9.20823e+07 8.19322e+07 3.61539e+07 6.31086e+07 5.15479e+07 1.97684e+07 3.69219e+07
threshold=27933.765000000003 -0.25881904510252113 1.0000000180025095e-35 0.81174490092936691 35403.030000000006 0.81174490092936691 -1.0000000180025095e-35 0.25881904510252091 8.145146500000001 7.5886932500000013 1.0000000180025095e-35 25538.520000000004 25538.520000000004 -0.12940952255126034
decision_type=2 2 2 2 2 2 2 2 2 2 2 2 2 2
left_child=1 12 3 4 -2 8 -7 -5 -4 10 -3 -11 -1 -14
right_child=2 9 5 7 -6 6 -8 -9 -10 11 -12 -13 13 -15
leaf_value=64.045229568246938 -31.423344897991186 -58.688743488702428 21.83335404367034 14.865100994087957 -1.7252233475077905 16.779311072288195 -59.66650674743525 62.854248333201305 3.3238071378683109 33.308781546374099 -11.971663368824586 -19.352534777146801 -42.495561912697809 58.130056639353441
leaf_weight=121 2394 414 3290 1156 10200 885 878 611 8751 300 956 485 70 74
leaf_count=121 2394 414 3290 1156 10200 885 878 611 8751 300 956 485 70 74
internal_value=0.00441163 -10.7542 0.929168 -2.58962 -7.3726 4.58987 -21.3041 31.4851 8.38262 -16.3229 -26.1216 0.789582 34.4214 9.2591
internal_weight=30585 2420 28165 14361 12594 13804 1763 1767 12041 2155 1370 785 265 144
internal_count=30585 2420 28165 14361 12594 13804 1763 1767 12041 2155 1370 785 265 144
is_linear=0
shrinkage=0.1


Tree=77
num_leaves=15
num_cat=0
split_feature=1 0 8 9 1 0 9 1 9 1 2 9 8 1
split_gain=3.5658e+07 1.05984e+08 6.83969e+07 1.00272e+08 9.86434e+07 6.14778e+07 6.56517e+07 8.89947e+07 5.19042e+07 7.81398e+07 7.70703e+07 3.38952e+07 2.11915e+08 8.28958e+07
threshold=35792.570000000007 34908.720000000008 1.0000000180025095e-35 -1.0000000180025095e-35 32880.240000000013 37608.700000000004 -1.0000000180025095e-35 39179.570000000007 1.0000000180025095e-35 42643.090000000004 6.3173413000000007 -0.60785761079279388 -0.37940952255126009 20317.635000000006
decision_type=2 2 2 2 2 2 2 2 2 2 2 2 2 2
left_child=1 11 3 -3 -4 8 -7 -8 10 -10 -2 12 -1 -13
right_child=5 2 4 -5 -6 6 7 -9 9 -11 -12 13 -14 -15
leaf_value=-62.097194302671454 16.612296921173733 -2.1191083434525413 93.342167507093791 55.483520950730998 23.469522525173751 -8.7693906610230155 29.516096887146603 1.0001370079590604 -32.356992859157543 70.277407323397128 -16.992402117691743 144.25300014077163 1.9021126860652018 1.6916979499875884
leaf_weight=626 1049 1829 244 361 1160 4350 1391 5120 1544 77 1949 40 2959 7886
leaf_count=626 1049 1829 244 361 1160 4350 1391 5120 1544 77 1949 40 2959 7886
internal_value=0.00413332 3.46062 18.449 7.39711 35.6704 -3.36863 0.741345 7.09584 -13.0308 -27.4414 -5.2325 -1.22028 -9.28742 2.42927
internal_weight=30585 15105 3594 2190 1404 15480 10861 6511 4619 1621 2998 11511 3585 7926
internal_count=30585 15105 3594 2190 1404 15480 10861 6511 4619 1621 2998 11511 3585 7926
is_linear=0
shrinkage=0.1


Tree=78
num_leaves=15
num_cat=0
split_feature=1 2 7 0 1 0 1 2 9 9 0 0 9 9
split_gain=3.17043e+07 7.57263e+07 6.38185e+07 5.41493e+07 5.88316e+07 4.35106e+07 4.40489e+07 3.75218e+07 3.03889e+07 2.94486e+07 5.49041e+07 2.70209e+07 2.45624e+07 1.94296e+07
threshold=40354.215000000004 14.401759500000002 0.12940952255126043 38534.710000000006 38196.915000000008 40670.445000000007 46108.750000000007 6.4001635000000006 -0.60785761079279388 -0.60785761079279388 42536.855000000003 47380.965000000004 1.0000000180025095e-35 -1.0000000180025095e-35
decision_type=2 2 2 2 2 2 2 2 2 2 2 2 2 2
left_child=1 3 5 4 -1 6 -2 -7 -5 10 -4 13 -11 -3
right_child=2 11 9 8 -6 7 -8 -9 -10 12 -12 -13 -14 -15
leaf_value=0.004485823564317799 -28.783670178273834 14.963780957271382 -171.93907925287886 0.44233645945547989 -19.921131610554916 9.1658687143392807 33.305216501592625 -13.203308778053518 16.930594572042207 29.634056287511203 -4.5377712055488875 94.254526003324074 4.3084698105911654 50.00993433796711
leaf_weight=16814 1639 472 23 1866 1624 1191 122 2021 2787 622 107 64 995 238
leaf_count=16814 1639 472 23 1866 1624 1191 122 2021 2787 622 107 64 995 238
internal_value=0.00475056 1.71326 -6.06211 0.681272 -1.75153 -11.8376 -24.4658 -4.90861 10.3198 10.3756 -35.2414 32.4604 14.0626 26.7655
internal_weight=30585 23865 6720 23091 18438 4973 1761 3212 4653 1747 130 774 1617 710
internal_count=30585 23865 6720 23091 18438 4973 1761 3212 4653 1747 130 774 1617 710
is_linear=0
shrinkage=0.1


Tree=79
num_leaves=15
num_cat=0
split_feature=1 0 8 12 0 3 1 1 11 0 8 11 1 0
split_gain=2.83909e+07 8.83411e+07 8.68772e+07 5.71858e+07 4.37373e+07 5.34808e+07 4.83969e+07 4.72184e+07 8.40306e+07 5.6743e+07 3.37655e+07 7.27136e+07 3.00713e+07 2.41418e+07
threshold=34680.870000000003 35316.760000000002 -0.37940952255126009 1.0000000180025095e-35 37783.790000000001 18.934560500000003 44019.820000000007 41347.860000000008 1.0000000180025095e-35 41849.475000000013 0.78656609248549303 1.0000000180025095e-35 33545.605000000003 33992.56500000001
decision_type=2 2 2 2 2 2 2 2 2 2 2 2 2 2
left_child=1 10 3 -3 5 6 -2 8 -6 -9 11 -1 -4 -12
right_child=4 2 12 -5 7 -7 -8 9 -10 -11 13 -13 -14 -15
leaf_value=2.9981026615470703 -10.685029821552202 8.8198893378685206 63.407228669878535 -130.81746756871541 13.70479093888736 -155.45304516601564 35.137085417906448 -25.789119062316431 -10.080901723210431 0.02148892996949299 4.9034279813795143 -17.613101427137632 26.089535852794597 30.358990548691665
leaf_weight=5148 5845 1312 470 29 4688 24 239 1188 2173 3003 3077 2563 403 423
leaf_count=5148 5845 1312 470 29 4688 24 239 1188 2173 3003 3077 2563 403 423
internal_value=0.00432336 3.44877 21.698 5.70491 -2.69046 -9.48078 -8.8795 1.0628 6.17107 -7.29931 -0.156778 -3.85409 46.23 7.98771
internal_weight=30585 13425 2214 1341 17160 6108 6084 11052 6861 4191 11211 7711 873 3500
internal_count=30585 13425 2214 1341 17160 6108 6084 11052 6861 4191 11211 7711 873 3500
is_linear=0
shrinkage=0.1


Tree=80
num_leaves=15
num_cat=0
split_feature=2 2 9 1 1 10 9 10 8 8 8 9 1 8
split_gain=2.80565e+07 3.05426e+07 3.51134e+07 4.2289e+07 2.89968e+07 8.40188e+07 2.52191e+07 3.65181e+07 3.10471e+08 1.12372e+08 3.3107e+07 7.11686e+07 2.53171e+07 1.03267e+07
threshold=1.9015510500000001 -0.81803642999999993 -1.0000000180025095e-35 32108.535000000003 43171.030000000006 -0.22252093395631442 0.6078576107927941 0.81174490092936691 0.25881904510252057 0.25881904510252057 0.96592582628906831 0.87837969732492682 28982.450000000004 -0.70710678118654757
decision_type=2 2 2 2 2 2 2 2 2 2 2 2 2 2
left_child=1 2 -1 -4 13 -6 7 9 -9 -2 12 -12 -8 -3
right_child=6 4 3 -5 5 -7 10 8 -10 -11 11 -13 -14 -15
leaf_value=26.213445188082183 -11.718729675146118 45.561273203577315 33.692473957456393 -111.01890151535257 53.011126912783268 -92.159458684921276 23.224242178103289 28.497303824718102 -27.634485672637194 5.2562297836046206 58.132371614274668 -7.1323372726609726 0.37068542345530459 15.855270993620392
leaf_weight=64 9640 125 28 68 72 87 520 2428 1657 6548 330 337 6965 1716
leaf_count=64 9640 125 28 68 72 87 520 2428 1657 6548 330 337 6965 1716
internal_value=0.00335159 10.9878 -30.9276 -68.8992 14.3548 -26.5014 -0.831708 -2.72049 5.72736 -4.85251 3.86522 25.1962 1.96126 17.8959
internal_weight=30585 2160 160 96 2000 159 28425 20273 4085 16188 8152 667 7485 1841
internal_count=30585 2160 160 96 2000 159 28425 20273 4085 16188 8152 667 7485 1841
is_linear=0
shrinkage=0.1


Tree=81
num_leaves=12
num_cat=0
split_feature=0 1 0 2 0 0 11 1 1 12 2
split_gain=2.94419e+07 2.93456e+07 6.32461e+07 5.91087e+07 6.4569e+07 6.07211e+07 5.4534e+07 3.07943e+07 1.67422e+07 2.25731e+07 4.81616e+06
threshold=20317.635000000006 38380.950000000004 35476.855000000003 5.0483115000000014 38119.910000000011 33828.505000000005 1.0000000180025095e-35 33699.895000000004 24279.045000000002 1.0000000180025095e-35 6.8975761500000008
decision_type=2 2 2 2 2 2 2 2 2 2 2
left_child=8 2 7 5 -5 -3 -4 -2 10 -10 -1
right_child=1 3 6 4 -6 -7 -8 -9 9 -11 -12
leaf_value=-115.40339864095051 0.92353098478049189 64.491707386440709 20.233016322900838 -24.193755856688369 -3.2876039173974441 4.5300025374697945 1.9705041903022089 -11.208229487593918 33.601846857070925 -80.151854948843678 -49.140910775320876
leaf_weight=32 10356 179 3072 1954 6048 2739 3495 2621 39 30 20
leaf_count=32 10356 179 3072 1954 6048 2739 3495 2621 39 30 20
internal_value=0.00314768 0.199481 2.51942 -3.95246 -8.39504 8.22909 10.5154 -1.52743 -49.0238 -16.2948 -91.3259
internal_weight=30585 30464 19544 10920 8002 2918 6567 12977 121 69 52
internal_count=30585 30464 19544 10920 8002 2918 6567 12977 121 69 52
is_linear=0
shrinkage=0.1


Tree=82
num_leaves=15
num_cat=0
split_feature=9 9 7 1 0 3 2 10 1 0 7 1 7 0
split_gain=2.70288e+07 7.18333e+07 1.20186e+08 6.67248e+07 6.26342e+07 6.17283e+07 5.88804e+07 5.57214e+07 5.17143e+07 7.52143e+07 5.89873e+07 4.18146e+07 3.44965e+07 5.37464e+07
threshold=-0.8783796973249266 -0.60785761079279388 1.0000000180025095e-35 20317.635000000006 40477.94000000001 8.3036965000000027 7.5886932500000013 1.0000000180025095e-35 35349.020000000004 29837.300000000007 0.60355339059327384 34515.085000000014 -0.25881904510252113 36082.010000000002
decision_type=2 2 2 2 2 2 2 2 2 2 2 2 2 2
left_child=5 2 11 6 -4 12 -3 -5 9 -7 -10 -2 -1 -14
right_child=1 3 4 7 -6 8 -8 -9 10 -11 -12 -13 13 -15
leaf_value=8.1265006479116231 14.808073153781676 5.5050155276343942 -24.613583737271533 -3.2295398393239418 -88.382008760989081 -28.172756145074967 245.53341078985306 7.0916487010575437 -10.589105608855752 21.444999096594419 -89.549927982000213 -13.504227890801985 5.867009423240539 59.603133761450685
leaf_weight=743 1325 20 2018 13105 166 399 20 8704 1053 1293 103 859 309 468
leaf_count=743 1325 20 2018 13105 166 399 20 8704 1053 1293 103 859 309 468
internal_value=0.00231751 -1.21117 -12.9166 1.12944 -29.4987 7.28436 128.581 0.889796 -1.40168 9.73463 -17.6959 3.67134 23.5495 38.2682
internal_weight=30585 26217 4368 21849 2184 4368 40 21809 2848 1692 1156 2184 1520 777
internal_count=30585 26217 4368 21849 2184 4368 40 21809 2848 1692 1156 2184 1520 777
is_linear=0
shrinkage=0.1


Tree=83
num_leaves=15
num_cat=0
split_feature=0 1 3 3 0 0 9 3 1 10 7 3 3 3
split_gain=2.53067e+07 3.1341e+07 5.86124e+07 5.59397e+07 5.12175e+07 5.09256e+07 3.9701e+07 3.03658e+07 2.90776e+07 3.05694e+07 1.94842e+07 2.40809e+07 2.03319e+07 2.11681e+06
threshold=46112.075000000004 38775.385000000009 11.438630000000002 7.1829342000000009 34908.720000000008 36001.450000000004 -0.60785761079279388 9.0766745000000011 39610.735000000008 1.0000000180025095e-35 0.25881904510252091 2.3431015000000004 3.9644193500000005 3.5225491500000001
decision_type=2 2 2 2 2 2 2 2 2 2 2 2 2 2
left_child=1 5 3 -3 -4 7 -7 -1 9 13 11 -10 -12 -2
right_child=8 2 4 -5 -6 6 -8 -9 10 -11 12 -13 -14 -15
leaf_value=5.5844174404227065 110.99721292669125 -4.4586696344802297 38.23178678367605 -25.582514426594663 0.26934391645037675 1.4480150322051435 17.110145910839332 -4.7106878206807004 27.373972286910654 -9.9711311364785224 67.400457500717025 -14.132868016890203 7.5420555748045448 67.332655218373176
leaf_weight=4028 54 3545 397 1939 3320 3361 3121 9916 213 38 102 402 127 22
leaf_count=4028 54 3545 397 1939 3320 3361 3121 9916 213 38 102 402 127 22
internal_value=0.0024452 -0.515052 -5.36077 -11.9308 4.33317 1.66788 8.99061 -1.73656 15.9903 63.1706 9.55043 0.263773 34.381 99.3961
internal_weight=30585 29627 9201 5484 3717 20426 6482 13944 958 114 844 615 229 76
internal_count=30585 29627 9201 5484 3717 20426 6482 13944 958 114 844 615 229 76
is_linear=0
shrinkage=0.1


Tree=84
num_leaves=13
num_cat=0
split_feature=0 1 0 10 0 1 10 1 8 2 1 1
split_gain=2.39653e+07 2.70115e+07 6.11413e+07 6.34397e+07 4.70745e+07 4.49542e+07 3.66031e+07 1.99971e+07 1.5073e+07 6.47561e+06 3.81648e+06 9.54638e+06
threshold=20317.635000000006 35349.020000000004 34987.865000000005 -0.22252093395631442 40047.610000000008 41848.185000000005 0.81174490092936691 31002.400000000005 -0.37940952255126009 6.2677238000000006 24279.045000000002 27428.360000000004
decision_type=2 2 2 2 2 2 2 2 2 2 2 2
left_child=8 2 7 -4 6 -6 -3 -2 10 -10 -1 -12
right_child=1 4 3 -5 5 -7 -8 -9 9 -11 11 -13
leaf_value=-47.633049247378395 3.6110068580360819 -11.01704598062789 35.440192988237065 5.185167136647256 11.339209293805263 -4.7865267100395306 3.2645449855177677 -4.9101136973470254 -47.076016524742393 -118.60053538569699 48.556188360850022 -39.745763946533202
leaf_weight=20 6428 6842 1077 1942 3612 3314 2432 4817 28 26 23 24
leaf_count=20 6428 6842 1077 1942 3612 3314 2432 4817 28 26 23 24
internal_value=0.00313065 0.180265 3.35349 15.9865 -2.61378 3.62368 -7.27191 -0.0392819 -44.2296 -83.044 -12.1851 3.57718
internal_weight=30585 30464 14264 3019 16200 6926 9274 11245 121 54 67 47
internal_count=30585 30464 14264 3019 16200 6926 9274 11245 121 54 67 47
is_linear=0
shrinkage=0.1


Tree=85
num_leaves=15
num_cat=0
split_feature=0 1 9 8 7 1 10 2 1 8 9 2 9 1
split_gain=2.31547e+07 7.49552e+07 8.59088e+07 1.29223e+08 5.35296e+07 3.44461e+07 4.87313e+07 3.58297e+07 3.10347e+07 4.80194e+07 3.74593e+07 3.01015e+07 2.95143e+07 4.20937e+07
threshold=27933.765000000003 27428.360000000004 -1.0000000180025095e-35 -0.12940952255126034 -0.25881904510252113 36387.485000000008 1.0000000180025095e-35 10.119520000000001 22934.720000000005 1.0000000180025095e-35 -1.0000000180025095e-35 6.3173413000000007 0.6078576107927941 28982.450000000004
decision_type=2 2 2 2 2 2 2 2 2 2 2 2 2 2
left_child=4 2 3 -2 5 7 -7 -1 10 -10 -6 -4 -3 -14
right_child=1 12 11 -5 8 6 -8 -9 9 -11 -12 -13 13 -15
leaf_value=74.303035317888913 -32.136537390454883 -2.2546319815740765 30.659220134252791 54.496859543016676 -77.989467443766145 35.23448019845145 -157.73059968494235 -21.519876256355872 12.393284655680324 -21.362548879680752 2.2651029779555949 104.25356819176237 59.343182933330539 4.0167732266505096
leaf_weight=160 350 19317 86 337 154 34 20 51 627 1281 93 162 139 7774
leaf_count=160 350 19317 86 337 154 34 20 51 627 1281 93 162 139 7774
internal_value=0.00227363 0.808925 28.6332 10.3779 -9.38234 32.9497 -37.8025 51.1498 -14.6008 -10.2691 -47.8849 78.9586 -0.147498 4.99601
internal_weight=30585 28165 935 687 2420 265 54 211 2155 1908 247 248 27230 7913
internal_count=30585 28165 935 687 2420 265 54 211 2155 1908 247 248 27230 7913
is_linear=0
shrinkage=0.1


Tree=86
num_leaves=15
num_cat=0
split_feature=2 2 9 2 2 7 3 9 9 9 9 9 9 8
split_gain=2.21705e+07 2.45614e+07 2.9203e+07 2.08492e+07 2.16949e+07 3.06222e+07 2.71797e+07 1.51794e+07 1.50192e+07 1.06621e+07 1.51424e+07 5.73302e+06 3.31419e+06 2.55358e+06
threshold=1.9015510500000001 -0.81803642999999993 -1.0000000180025095e-35 16.664058500000003 16.289460000000002 -0.5 2.4850292000000005 -1.0000000180025095e-35 0.87837969732492682 0.87837969732492682 0.6078576107927941 -0.8783796973249266 1.0000000180025095e-35 -0.70710678118654757
decision_type=2 2 2 2 2 2 2 2 2 2 2 2 2 2
left_child=1 2 11 4 6 -6 -2 -5 -9 10 -3 -1 -4 -11
right_child=3 9 12 7 5 -7 -8 8 -10 13 -12 -13 -14 -15
leaf_value=58.42557393482754 22.395291669478638 11.594462346723253 -90.380026352790097 0.8497518186216001 -95.577032145138446 5.4282552325536342 -1.1525189335692527 106.72389796430414 6.6998407363891603 -29.879422924393101 37.268596245081 -1.5096287777549344 -48.596172890734323 -1.8693907595097237
leaf_weight=27 498 1463 30 53 57 62 27689 43 23 37 272 37 66 228
leaf_count=27 498 1463 30 53 57 62 27689 43 23 37 272 37 66 228
internal_value=0.00225543 9.76675 -27.821 -0.74006 -0.916363 -43.3457 -0.735703 40.8545 72.4873 12.7862 15.6386 24.2854 -62.4508 -5.87785
internal_weight=30585 2160 160 28425 28306 119 28187 119 66 2000 1735 64 96 265
internal_count=30585 2160 160 28425 28306 119 28187 119 66 2000 1735 64 96 265
is_linear=0
shrinkage=0.1


Tree=87
num_leaves=15
num_cat=0
split_feature=0 1 8 10 0 7 1 10 10 1 10 0 1 8
split_gain=1.99955e+07 7.04702e+07 6.61206e+07 5.32484e+07 4.21244e+07 2.98093e+07 3.80594e+07 1.05671e+08 4.80926e+07 2.67099e+07 5.67568e+07 5.05681e+07 2.6303e+07 3.69934e+07
threshold=28973.070000000003 28187.680000000004 -0.37940952255126009 -0.22252093395631442 35155.155000000006 -0.25881904510252113 36535.785000000011 0.81174490092936691 0.81174490092936691 31814.485000000004 -0.22252093395631442 33014.010000000002 22934.720000000005 1.0000000180025095e-35
decision_type=2 2 2 2 2 2 2 2 2 2 2 2 2 2
left_child=5 2 4 -4 -2 6 8 -8 -1 10 -3 -11 -7 -14
right_child=1 9 3 -5 -6 12 7 -9 -10 11 -12 -13 13 -15
leaf_value=3.716936790689509 -29.94448759022044 18.78220322135666 84.218438346106723 25.352577054370748 40.357997141265869 -40.402303747895104 30.362739536680024 -223.15171170441999 85.059488347798833 -14.119727697313714 -3.2963903616970494 0.27791027139905439 9.9829922231042989 -14.531126408408747
leaf_weight=187 267 2126 221 504 124 262 57 22 118 2813 2572 18328 867 2117
leaf_count=187 267 2126 221 504 124 262 57 22 118 2813 2572 18328 867 2117
internal_value=0.00196585 0.940355 25.5319 43.3878 -7.60299 -6.9645 19.3491 -42.1431 35.3623 -0.122715 6.69677 -1.6384 -10.0824 -7.4076
internal_weight=30585 26955 1116 725 391 3630 384 79 305 25839 4698 21141 3246 2984
internal_count=30585 26955 1116 725 391 3630 384 79 305 25839 4698 21141 3246 2984
is_linear=0
shrinkage=0.1


Tree=88
num_leaves=15
num_cat=0
split_feature=0 2 1 1 1 3 1 10 11 10 2 0 7 2
split_gain=1.97061e+07 2.9628e+07 8.42332e+07 7.64712e+07 2.51157e+07 2.45628e+07 2.19802e+07 2.46573e+07 1.82247e+07 3.21151e+07 2.04619e+07 1.19878e+07 7.01288e+06 2.32708e+06
threshold=46112.075000000004 16.289460000000002 42749.085000000006 49468.400000000001 40354.215000000004 1.3953037500000003 39610.735000000008 1.0000000180025095e-35 1.0000000180025095e-35 1.0000000180025095e-35 15.679721000000002 39929.325000000004 -0.25881904510252113 14.401759500000002
decision_type=2 2 2 2 2 2 2 2 2 2 2 2 2 2
left_child=1 3 12 4 -1 -4 7 13 10 -10 -8 -5 -3 -2
right_child=6 2 5 11 -6 -7 8 -9 9 -11 -12 -13 -14 -15
leaf_value=0.9827434128495206 53.773921566917785 43.869908718835745 -75.447426932198667 69.60980173746745 -6.3614665479439765 -232.58071741850483 5.3202582612913689 -10.52184299666148 -2.7611800032854084 -124.70564990234375 44.578667881177822 180.11918067932129 -24.072581005096438 98.615632502237958
leaf_weight=23683 20 41 20 20 5795 22 478 38 159 24 183 23 23 56
leaf_count=23683 20 41 20 20 5795 22 478 38 159 24 183 23 23 56
internal_value=0.00167995 -0.454977 -52.9809 -0.264586 -0.461202 -161.25 14.1099 55.1304 8.51059 -19.3447 16.24 131.47 19.4584 87.6668
internal_weight=30585 29627 106 29521 29478 42 958 114 844 183 661 43 64 76
internal_count=30585 29627 106 29521 29478 42 958 114 844 183 661 43 64 76
is_linear=0
shrinkage=0.1


Tree=89
num_leaves=15
num_cat=0
split_feature=0 1 10 9 0 1 1 10 9 7 1 0 9 7
split_gain=1.98755e+07 9.82206e+07 9.06454e+07 7.11535e+07 4.26583e+07 3.89327e+07 3.30328e+07 3.11647e+07 2.00148e+07 1.74046e+07 2.85431e+07 2.70036e+07 1.46373e+07 3.87138e+07
threshold=30933.550000000003 31814.485000000004 1.0000000180025095e-35 -1.0000000180025095e-35 32780.890000000007 30813.135000000006 44729.875000000007 0.81174490092936691 0.87837969732492682 -1.0000000180025095e-35 31399.215000000004 28500.755000000001 0.6078576107927941 -1.0000000180025095e-35
decision_type=2 2 2 2 2 2 2 2 2 2 2 2 2 2
left_child=8 2 5 -4 6 -2 -3 -6 12 11 -11 -10 -1 -14
right_child=1 4 3 -5 7 -7 -8 -9 9 10 -12 -13 13 -15
leaf_value=-5.2168926461899385 49.623001639280297 -17.870750752156166 -8.9224389916712727 44.155922640098254 -1.1011333803257732 18.467862558497242 102.82891951851224 13.092301724766257 89.694664873395652 -16.579878403711902 -74.793140627157811 -32.206306221610625 -61.24906558898779 11.548211908949931
leaf_weight=5047 821 1696 1343 310 16886 787 22 1702 34 572 98 37 77 1153
leaf_count=5047 821 1696 1343 310 16886 787 22 1702 34 572 98 37 77 1153
internal_value=0.00157871 1.3927 17.4995 1.05244 -1.19467 34.3958 -16.2662 0.199115 -4.66947 -20.2012 -25.1934 26.6038 -2.83301 6.94493
internal_weight=30585 23567 3261 1653 20306 1608 1718 18588 7018 741 670 71 6277 1230
internal_count=30585 23567 3261 1653 20306 1608 1718 18588 7018 741 670 71 6277 1230
is_linear=0
shrinkage=0.1


Tree=90
num_leaves=15
num_cat=0
split_feature=0 1 1 6 8 0 3 3 3 1 0 1 8 3
split_gain=1.93166e+07 4.64405e+07 4.5053e+07 4.25522e+07 1.10625e+08 3.1892e+07 1.3752e+08 3.06453e+07 2.95051e+07 4.77835e+07 2.72769e+07 2.40349e+07 2.20184e+07 3.61986e+07
threshold=39668.220000000008 41848.185000000005 38196.915000000008 1.0000000180025095e-35 -0.5 42967.240000000005 1.9856815500000002 2.6139960000000007 9.0766745000000011 28982.450000000004 29837.300000000007 44729.875000000007 0.37940952255126043 5.4023543000000016
decision_type=2 2 2 2 2 2 2 2 2 2 2 2 2 2
left_child=2 12 8 11 -5 6 -3 -7 9 -1 -10 -4 -2 -14
right_child=1 5 3 4 -6 7 -8 -9 10 -11 -12 -13 13 -15
leaf_value=27.263882571503348 7.3856383875153089 -249.76080322265625 -17.998131714933088 51.951439278655585 -17.245809579468514 30.554130036737263 -12.783737522043209 -2.5003060305679585 -9.3130573486987291 2.5948608149960872 1.0069930262159146 17.09627509873647 64.569280633476907 14.268913218915552
leaf_weight=936 3918 24 3212 359 644 330 1208 1837 3652 4848 8568 207 182 660
leaf_count=936 3918 24 3212 359 644 330 1208 1837 3652 4848 8568 207 182 660
internal_value=0.00178528 4.16796 -1.51407 -10.5569 7.54878 -4.75932 -17.599 2.54514 0.707418 6.59097 -2.07771 -15.869 10.5424 25.2051
internal_weight=30585 8159 22426 4422 1003 3399 1232 2167 18004 5784 12220 3419 4760 842
internal_count=30585 8159 22426 4422 1003 3399 1232 2167 18004 5784 12220 3419 4760 842
is_linear=0
shrinkage=0.1


Tree=91
num_leaves=15
num_cat=0
split_feature=9 8 9 0 0 1 9 8 8 7 1 9 0 1
split_gain=1.91212e+07 3.21474e+07 6.57208e+07 3.53308e+07 2.84812e+07 6.77557e+07 2.63224e+07 6.08349e+07 1.03304e+08 5.087e+07 1.04364e+08 7.78803e+07 4.23406e+07 1.85512e+07
threshold=0.6078576107927941 0.96592582628906831 0.87837969732492682 33371.090000000004 40791.465000000004 41019.980000000003 -0.8783796973249266 -0.12940952255126034 -0.9159756150367534 -0.25881904510252113 27091.695000000003 -0.60785761079279388 41849.475000000013 42132.630000000012
decision_type=2 2 2 2 2 2 2 2 2 2 2 2 2 2
left_child=6 4 3 -3 5 -2 7 8 -1 10 -8 -11 -9 -6
right_child=1 2 -4 -5 13 -7 9 12 -10 11 -12 -13 -14 -15
leaf_value=29.593714790588326 1.5089102272015609 40.786607837063713 -5.9000671400523643 128.0916382078691 23.40668147958527 -39.951819104699531 92.566712112724787 12.417302039447648 -21.37417696412308 -23.013749413580442 1.4657497631599943 -2.8287018828208033 63.412258125435223 4.4467650370619696
leaf_weight=546 5431 310 366 54 852 424 127 2191 1456 2548 7153 7644 175 1308
leaf_count=546 5431 310 366 54 852 424 127 2191 1456 2548 7153 7644 175 1308
internal_value=0.00130295 3.95243 24.0278 54.0539 2.12121 -1.49985 -1.58088 5.36161 -7.46601 -3.31671 3.06751 -7.87673 16.2143 11.9328
internal_weight=30585 8745 730 364 8015 5855 21840 4368 2002 17472 7280 10192 2366 2160
internal_count=30585 8745 730 364 8015 5855 21840 4368 2002 17472 7280 10192 2366 2160
is_linear=0
shrinkage=0.1


Tree=92
num_leaves=15
num_cat=0
split_feature=3 10 8 1 8 8 1 1 1 10 2 3 1 8
split_gain=1.78412e+07 2.08945e+07 2.60566e+08 3.64932e+08 9.07239e+07 8.41834e+07 8.40518e+07 4.93433e+07 1.9557e+07 7.62261e+07 2.77144e+07 1.62042e+07 2.18221e+07 1.34237e+07
threshold=15.703226500000001 0.81174490092936691 -0.12940952255126034 34769.435000000005 0.96592582628906831 0.25881904510252057 28895.130000000001 24279.045000000002 43171.030000000006 0.81174490092936691 1.0736411000000003 18.934560500000003 32108.535000000003 -0.70710678118654757
decision_type=2 2 2 2 2 2 2 2 2 2 2 2 2 2
left_child=1 5 3 -3 -4 7 -7 -1 11 10 -10 13 -13 -2
right_child=8 2 4 -5 -6 6 -8 -9 9 -11 -12 12 -14 -15
leaf_value=-44.060452249835684 39.543616129869335 120.64208941950334 -9.4440919247125734 10.88807841799562 -67.25455689579249 29.920250506235035 1.7932085651615832 -5.8276913855749646 -45.11134851043289 -175.31157422746932 34.333102300431996 20.022991326072002 -66.318439992268893 9.8205790953243177
leaf_weight=345 162 378 1793 1511 319 1216 8366 13898 73 27 107 54 62 2274
leaf_count=345 162 378 1793 1511 319 1216 8366 13898 73 27 107 54 62 2274
internal_value=0.00216864 -0.758447 5.92753 32.9027 -18.2036 -1.88144 5.36541 -6.75681 7.67088 -21.8221 2.04274 10.0708 -26.2974 11.8126
internal_weight=30585 27826 4001 1889 2112 23825 9582 14243 2759 207 180 2552 116 2436
internal_count=30585 27826 4001 1889 2112 23825 9582 14243 2759 207 180 2552 116 2436
is_linear=0
shrinkage=0.1


Tree=93
num_leaves=15
num_cat=0
split_feature=0 1 8 10 10 10 8 0 1 0 0 3 1 9
split_gain=2.0205e+07 8.1743e+07 6.82988e+07 1.20108e+08 6.11413e+07 4.37578e+07 1.76714e+08 6.4868e+07 2.68663e+07 5.38976e+07 5.66162e+07 5.16357e+07 3.33222e+07 8.31352e+07
threshold=31624.265000000003 32960.805000000008 0.37940952255126043 0.81174490092936691 0.81174490092936691 0.81174490092936691 0.96592582628906831 37344.680000000008 35579.180000000008 30354.210000000003 28290.905000000002 4.298359350000001 33115.270000000011 1.0000000180025095e-35
decision_type=2 2 2 2 2 2 2 2 2 2 2 2 2 2
left_child=8 2 3 -2 -4 7 -7 -3 12 10 -10 -11 -1 -14
right_child=1 5 4 -5 -6 6 -8 -9 9 11 -12 -13 13 -15
leaf_value=-4.0114368129710041 0.39972844950728731 -13.113755101304779 36.964526477619394 182.08930150624869 -26.617696647813336 17.947513269787834 -152.20595195709714 0.97241873934221124 -39.143842573329614 51.371957579113193 25.572217757509364 -67.608481983330009 58.207636765119474 -25.092538191263493
leaf_weight=6978 2186 4514 1459 36 168 1963 62 11848 232 41 321 288 282 207
leaf_count=6978 2186 4514 1459 36 168 1963 62 11848 232 41 321 288 282 207
internal_value=0.00147323 1.57642 14.8263 3.42398 30.3869 -1.19787 12.6653 -2.91428 -4.19279 -20.688 -1.59975 -52.6704 -2.24187 22.9664
internal_weight=30585 22236 3849 2222 1627 18387 2025 16362 8349 882 553 329 7467 489
internal_count=30585 22236 3849 2222 1627 18387 2025 16362 8349 882 553 329 7467 489
is_linear=0
shrinkage=0.1


Tree=94
num_leaves=13
num_cat=0
split_feature=0 9 9 7 1 9 3 7 12 8 3 1
split_gain=1.92176e+07 1.9819e+07 3.01325e+07 8.14072e+07 2.35497e+07 2.21351e+07 4.85868e+07 4.10514e+07 1.41342e+07 2.63361e+07 8.45826e+06 6.31762e+06
threshold=20317.635000000006 0.6078576107927941 0.87837969732492682 -1.0000000180025095e-35 49468.400000000001 -0.8783796973249266 8.9108595000000026 -0.25881904510252113 1.0000000180025095e-35 -0.37940952255126009 11.392859000000001 27252.950000000004
decision_type=2 2 2 2 2 2 2 2 2 2 2 2
left_child=8 5 3 -3 -4 6 -2 -7 9 11 -10 -1
right_child=1 2 4 -5 -6 7 -8 -9 10 -11 -12 -13
leaf_value=72.948260402679452 18.135092978128778 -4.7690295358638037 -2.5446697643057874 22.672025079656308 61.065376933575692 2.6773788809859784 -3.5045456599572611 -7.1726262196702528 -117.57307682548252 -80.906037092208862 -30.417988768078033 -3.0067334765479679
leaf_weight=23 1697 1998 4303 2354 58 7273 2667 10114 27 31 20 20
leaf_count=23 1697 1998 4303 2354 58 7273 2667 10114 27 31 20 20
internal_value=0.00147542 0.160096 4.1898 10.0757 -1.68487 -1.45424 4.91255 -3.05244 -39.6082 -12.0184 -81.8922 38.3549
internal_weight=30585 30464 8713 4352 4361 21751 4364 17387 121 74 47 43
internal_count=30585 30464 8713 4352 4361 21751 4364 17387 121 74 47 43
is_linear=0
shrinkage=0.1


Tree=95
num_leaves=15
num_cat=0
split_feature=0 2 0 10 10 7 9 7 9 0 9 7 9 10
split_gain=1.70944e+07 3.36051e+07 6.28029e+07 3.35458e+07 2.93644e+07 2.39227e+07 2.19733e+07 3.55152e+07 8.83457e+07 3.46439e+07 2.19491e+07 5.19546e+07 3.40816e+07 1.86072e+07
threshold=27933.765000000003 7.3876658500000003 25538.520000000004 1.0000000180025095e-35 0.81174490092936691 -1.0000000180025095e-35 0.6078576107927941 -1.0000000180025095e-35 0.87837969732492682 37608.700000000004 -0.8783796973249266 -0.25881904510252113 -0.60785761079279388 -0.56174490092936669
decision_type=2 2 2 2 2 2 2 2 2 2 2 2 2 2
left_child=1 3 4 5 -3 -1 10 9 -9 -8 11 -2 -12 -4
right_child=6 2 13 -5 -6 -7 7 8 -10 -11 12 -13 -14 -15
leaf_value=51.918979512728178 -7.4673479555618201 16.847603101125905 27.746768567753936 -7.862330252425803 73.196920603254569 -47.410769113071673 -16.89343240715143 27.720593818612436 -1.8458561531117685 4.1121947933306533 -10.658295938693627 15.132911849150446 -0.055543365328630127 -22.305423190095464
leaf_weight=25 1784 283 86 977 137 401 1080 1861 2210 2868 4063 2364 11935 511
leaf_count=25 1784 283 86 977 137 401 1080 1861 2210 2868 4063 2364 11935 511
internal_value=0.00109122 -8.06242 5.77553 -18.0902 35.3584 -41.4736 0.694187 5.12103 11.6735 -1.63685 -1.06806 5.41338 -2.74881 -15.0609
internal_weight=30585 2420 1017 1403 420 426 28165 8019 4071 3948 20146 4148 15998 597
internal_count=30585 2420 1017 1403 420 426 28165 8019 4071 3948 20146 4148 15998 597
is_linear=0
shrinkage=0.1


Tree=96
num_leaves=14
num_cat=0
split_feature=0 2 2 9 9 10 8 8 0 9 2 9 2
split_gain=1.70843e+07 1.43872e+07 1.60174e+07 2.188e+07 1.58427e+07 2.36312e+07 2.14959e+07 1.38189e+07 1.20931e+07 8.768e+06 4.44024e+06 1.53987e+07 9.95641e+06
threshold=21887.480000000007 1.8147511000000003 -0.81803642999999993 -1.0000000180025095e-35 0.6078576107927941 0.81174490092936691 0.96592582628906831 -0.78656609248549325 20317.635000000006 0.87837969732492682 6.2677238000000006 0.6078576107927941 5.0056112500000003
decision_type=2 2 2 2 2 2 2 2 2 2 2 2 2
left_child=7 2 3 -2 5 -3 -6 8 -1 -4 12 -12 -9
right_child=1 4 9 -5 6 -7 -8 10 -10 -11 11 -13 -14
leaf_value=-17.819119262695313 23.117710850055403 -3.5742311444157466 13.551796704009494 -51.943189467597257 1.8209955235262378 5.007906378678296 20.585008619925134 -58.41878938896712 77.301910109747027 -6.7108030429700527 -24.45556623973544 -108.75692222258624 7.3834937896728521
leaf_weight=36 64 16181 1635 96 7457 4001 664 42 20 245 62 33 49
leaf_count=36 64 16181 1635 96 7457 4001 664 42 20 245 62 33 49
internal_value=0.00131614 0.21281 8.32143 -21.9617 -0.37191 -1.87269 3.35755 -26.4084 16.9129 10.909 -39.472 -54.567 -23.2917
internal_weight=30585 30343 2040 160 28303 20182 8121 242 56 1880 186 95 91
internal_count=30585 30343 2040 160 28303 20182 8121 242 56 1880 186 95 91
is_linear=0
shrinkage=0.1


Tree=97
num_leaves=13
num_cat=0
split_feature=0 9 8 12 9 2 2 2 9 9 12 7
split_gain=1.62241e+07 1.70756e+07 8.20778e+07 5.9456e+07 4.01647e+07 2.34385e+07 2.46906e+07 1.63612e+07 1.3909e+07 1.29441e+07 1.2504e+07 1.10663e+07
threshold=30798.540000000005 -1.0000000180025095e-35 1.0000000180025095e-35 1.0000000180025095e-35 -0.60785761079279388 16.664058500000003 16.289460000000002 15.412445500000002 0.87837969732492682 0.87837969732492682 1.0000000180025095e-35 0.12940952255126043
decision_type=2 2 2 2 2 2 2 2 2 2 2 2
left_child=7 2 3 -2 -4 6 -3 9 -7 11 -11 -1
right_child=1 5 4 -5 -6 8 -8 -9 -10 10 -12 -13
leaf_value=-12.469471570811102 -7.7736746270936621 3.6780795037479908 14.545389637592178 -64.925219189867065 -4.6683628604563339 95.601750668612397 -56.302291002135348 71.972130053383964 -0.34451586405436196 -21.433036838983185 27.093734320278827 -1.1758464743481989
leaf_weight=1049 5758 12900 3176 187 1654 43 68 27 23 646 57 4997
leaf_count=1049 5758 12900 3176 187 1654 43 68 27 23 646 57 4997
internal_value=0.000782671 1.2295 -1.71585 -9.58199 7.96617 3.66431 3.35924 -4.31612 62.6598 -4.63194 -17.4655 -3.13706
internal_weight=30585 23809 10775 5945 4830 13034 12968 6776 66 6749 703 6046
internal_count=30585 23809 10775 5945 4830 13034 12968 6776 66 6749 703 6046
is_linear=0
shrinkage=0.1


Tree=98
num_leaves=15
num_cat=0
split_feature=1 2 10 0 0 2 1 0 1 1 12 0 8 1
split_gain=2.04773e+07 5.07295e+07 6.08702e+07 1.61914e+08 3.93708e+07 1.06065e+08 5.22042e+07 3.65896e+07 3.59632e+07 3.52891e+07 2.65558e+07 2.03736e+07 1.85961e+07 8.32295e+06
threshold=40227.475000000006 14.401759500000002 0.81174490092936691 32155.305000000004 41849.475000000013 16.289460000000002 46108.750000000007 38534.710000000006 42643.090000000004 36316.030000000006 1.0000000180025095e-35 43707.545000000006 -0.12940952255126034 40478.785000000011
decision_type=2 2 2 2 2 2 2 2 2 2 2 2 2 2
left_child=1 7 10 -4 5 6 -2 9 13 -1 -3 -10 -9 -6
right_child=4 2 3 -5 8 -7 -8 12 11 -11 -12 -13 -14 -15
leaf_value=0.82003321953902608 -13.854885237637061 11.617267077941897 -74.517662762057398 215.24852576622598 45.791005554097765 -231.10677448619495 38.523671465142087 3.5058352553755228 -18.374613675419084 -10.015194286433058 91.197632339265624 1.9454204576562131 16.696178214806753 14.688320464266921
leaf_weight=14601 3292 624 30 51 93 21 201 2738 717 3784 44 1577 1753 1059
leaf_count=14601 3292 624 30 51 93 21 201 2738 717 3784 44 1577 1753 1059
internal_value=0.000847637 1.40531 26.9967 108.328 -4.76596 -12.2124 -10.8307 0.566254 2.8288 -1.4105 16.9876 -4.41094 8.65707 17.2368
internal_weight=30585 23625 749 81 6960 3514 3493 22876 3446 18385 668 2294 4491 1152
internal_count=30585 23625 749 81 6960 3514 3493 22876 3446 18385 668 2294 4491 1152
is_linear=0
shrinkage=0.1


Tree=99
num_leaves=15
num_cat=0
split_feature=1 7 12 10 3 8 3 10 7 10 1 10 9 1
split_gain=1.70876e+07 4.10932e+07 1.12145e+08 4.0692e+07 3.79239e+07 4.89815e+07 4.63377e+07 3.7435e+07 3.05194e+07 7.11104e+07 2.85204e+08 3.83253e+07 8.73818e+07 7.27634e+07
threshold=38380.950000000004 0.12940952255126043 1.0000000180025095e-35 -0.56174490092936669 11.438630000000002 0.37940952255126043 7.1829342000000009 0.81174490092936691 1.0000000180025095e-35 0.81174490092936691 27428.360000000004 -0.22252093395631442 0.6078576107927941 30813.135000000006
decision_type=2 2 2 2 2 2 2 2 2 2 2 2 2 2
left_child=8 4 7 -4 6 -6 -2 -3 9 -1 -11 13 -13 -10
right_child=1 2 3 -5 5 -7 -8 -9 11 10 -12 12 -14 -15
leaf_value=3.1659870148765004 -5.3231981345851889 6.0759256941493938 -23.840944937001105 -151.66857356355902 9.7446023427768864 -19.873548006532019 -25.469918078680806 38.13418875221813 20.293511465358346 304.9169302966144 21.357118056993286 -16.535112419960601 6.1216792009967316 -4.5129575967272464
leaf_weight=6944 3512 2217 45 56 2219 745 1691 435 1950 36 865 3760 3109 3001
leaf_count=6944 3512 2217 45 56 2219 745 1691 435 1950 36 865 3760 3109 3001
internal_value=0.00106416 -3.17068 7.39329 -95.5078 -6.73214 2.2959 -11.8746 11.3467 1.76241 6.59763 33.0124 -1.44703 -6.28095 5.25944
internal_weight=30585 10920 2753 101 8167 2964 5203 2652 19665 7845 901 11820 6869 4951
internal_count=30585 10920 2753 101 8167 2964 5203 2652 19665 7845 901 11820 6869 4951
is_linear=0
shrinkage=0.1


Tree=100
num_leaves=15
num_cat=0
split_feature=1 8 10 1 10 7 9 2 2 10 1 2 8 1
split_gain=1.59235e+07 5.72084e+07 4.25903e+08 1.83723e+08 7.53746e+07 2.05108e+08 4.24934e+07 3.992e+07 1.84924e+07 2.85641e+07 3.08118e+07 2.241e+07 5.00152e+07 3.69524e+07
threshold=29396.640000000003 -0.37940952255126009 0.81174490092936691 24279.045000000002 0.81174490092936691 -1.0000000180025095e-35 1.0000000180025095e-35 9.9554085000000025 4.0216586500000009 1.0000000180025095e-35 45834.81500000001 10.804491000000001 0.37940952255126043 43695.460000000006
decision_type=2 2 2 2 2 2 2 2 2 2 2 2 2 2
left_child=1 2 6 -4 7 -6 -1 -3 9 -2 -11 13 -13 -10
right_child=8 4 3 -5 5 -7 -8 -9 11 10 -12 12 -14 -15
leaf_value=-47.898182007101248 -0.95536019648038806 16.038754243509327 465.45437709263399 112.60109631573712 294.43262096586682 -22.125761667059322 4.3526924717660043 55.674525475667593 -3.8821312479929158 15.401427925299823 -103.66265276128595 -2.925152270349038 15.297851579830354 -35.329929418997331
leaf_weight=664 3722 2178 20 53 20 810 203 287 12698 1903 21 5557 2065 384
leaf_count=664 3722 2178 20 53 20 810 203 287 12698 1903 21 5557 2065 384
internal_value=0.00148932 5.69227 -16.0567 214.257 11.8998 -14.1527 -35.6732 20.6743 -0.91332 4.15919 14.0487 -2.29673 2.0133 -4.80786
internal_weight=30585 4235 940 73 3295 830 867 2465 26350 5646 1924 20704 7622 13082
internal_count=30585 4235 940 73 3295 830 867 2465 26350 5646 1924 20704 7622 13082
is_linear=0
shrinkage=0.1


Tree=101
num_leaves=15
num_cat=0
split_feature=0 1 8 12 1 0 9 10 1 3 8 9 10 12
split_gain=1.94945e+07 6.67809e+07 7.46017e+07 5.71722e+07 3.43171e+07 8.31169e+07 7.55336e+07 4.46088e+07 6.17406e+07 5.69791e+07 3.65612e+07 3.12077e+07 4.33373e+07 3.18225e+07
threshold=33903.405000000006 33256.715000000004 0.25881904510252057 1.0000000180025095e-35 30100.380000000001 29895.660000000003 -0.60785761079279388 1.0000000180025095e-35 32730.000000000004 11.682882000000001 -0.60355339059327384 -1.0000000180025095e-35 1.0000000180025095e-35 1.0000000180025095e-35
decision_type=2 2 2 2 2 2 2 2 2 2 2 2 2 2
left_child=4 2 3 -2 5 10 -7 8 -6 -9 -1 12 -3 -13
right_child=1 11 -4 -5 7 6 -8 9 -10 -11 -12 13 -14 -15
leaf_value=-38.524442633018623 11.098018902544425 -1.0164338530068899 53.569741690474658 -130.7525139907311 -5.8791480294810849 4.02974292974472 47.317632561728097 -9.7445371003403984 -32.995717352481584 15.695911500583058 -2.4683709745441966 2.9215119458656025 -20.503327430478461 46.579948929478142
leaf_weight=310 1412 5360 485 28 2495 999 675 2185 1265 1473 2940 9340 1449 169
leaf_count=310 1412 5360 485 28 2495 999 675 2185 1265 1473 2940 9340 1449 169
internal_value=0.00383331 2.08036 19.6908 8.25099 -3.06545 3.40627 21.5024 -7.3612 -15.0085 0.501289 -5.91836 0.00180818 -5.16577 3.70225
internal_weight=30585 18243 1925 1440 12342 4924 1674 7418 3760 3658 3250 16318 6809 9509
internal_count=30585 18243 1925 1440 12342 4924 1674 7418 3760 3658 3250 16318 6809 9509
is_linear=0
shrinkage=0.1


Tree=102
num_leaves=15
num_cat=0
split_feature=0 1 10 7 10 7 0 1 0 2 10 10 1 3
split_gain=1.77093e+07 7.16346e+07 5.15633e+07 4.74858e+07 2.8905e+07 8.3694e+07 4.90213e+07 2.86222e+07 5.9369e+07 4.52419e+07 8.18503e+07 4.9804e+07 3.94266e+07 3.22942e+07
threshold=31910.705000000005 32960.805000000008 -0.22252093395631442 0.25881904510252091 0.81174490092936691 0.78656609248549325 34987.865000000005 30100.380000000001 29895.660000000003 13.260953500000001 0.81174490092936691 1.0000000180025095e-35 24279.045000000002 6.1883898000000004
decision_type=2 2 2 2 2 2 2 2 2 2 2 2 2 2
left_child=7 2 -2 -4 6 -6 -3 8 13 11 -11 -9 -10 -1
right_child=1 4 3 -5 5 -7 -8 9 12 10 -12 -13 -14 -15
leaf_value=-79.937344907459476 30.541809079680128 -18.03808854424522 18.751205601288856 -11.394001422164564 13.972779896462928 -117.11385870361329 -0.39747795624971477 -22.747932249551976 99.969920926983079 103.05563939546285 -34.838434824158874 -1.092573724446378 16.228933285603745 -3.9950526289910031
leaf_weight=56 1297 1766 1162 948 1890 49 14519 2042 58 94 78 2212 1220 3194
leaf_count=56 1297 1766 1162 948 1890 49 14519 2042 58 94 78 2212 1220 3194
internal_value=0.00325161 1.55141 14.8586 5.20831 -0.937056 10.6015 -2.31148 -3.73654 1.8532 -9.45422 40.6824 -11.4905 20.1046 -5.32778
internal_weight=30585 21631 3407 2110 18224 1939 16285 8954 4528 4426 172 4254 1278 3250
internal_count=30585 21631 3407 2110 18224 1939 16285 8954 4528 4426 172 4254 1278 3250
is_linear=0
shrinkage=0.1


Tree=103
num_leaves=15
num_cat=0
split_feature=1 7 0 12 10 0 10 0 3 3 10 1 7 10
split_gain=1.65899e+07 4.89339e+07 4.47846e+07 4.25633e+07 7.8466e+07 3.37632e+07 4.32345e+07 2.6284e+07 2.49105e+07 2.20982e+07 3.16549e+07 2.80809e+07 2.1486e+07 1.56316e+07
threshold=40227.475000000006 0.25881904510252091 38534.710000000006 1.0000000180025095e-35 -0.56174490092936669 40224.740000000013 -0.56174490092936669 47380.965000000004 17.344956500000006 3.4118986500000004 0.81174490092936691 36316.030000000006 0.25881904510252091 0.81174490092936691
decision_type=2 2 2 2 2 2 2 2 2 2 2 2 2 2
left_child=2 5 9 13 -5 8 -7 12 -2 10 -1 -11 -4 -3
right_child=1 3 7 4 -6 6 -8 -9 -10 11 -12 -13 -14 -15
leaf_value=4.2490202802548307 -19.316468075655848 8.6950773478597085 12.556921438242867 57.707736100821663 -160.12821413798213 -16.70666129630656 5.6554876634577766 72.363154891042996 -105.89717574400061 0.63499229606839547 88.058365206931967 -9.0207478209752505 -2.8282381478899019 34.064125159169222
leaf_weight=138 1594 1428 3741 28 38 1490 2057 65 33 14625 66 3792 1198 292
leaf_count=138 1594 1428 3741 28 38 1490 2057 65 33 14625 66 3792 1198 292
internal_value=0.00290346 -4.28765 1.26704 9.98018 -68.231 -9.2137 -3.74032 9.66492 -21.1365 -0.990107 31.6611 -1.35347 8.82529 13.0192
internal_weight=30585 6960 23625 1786 66 5174 3547 5004 1627 18621 204 18417 4939 1720
internal_count=30585 6960 23625 1786 66 5174 3547 5004 1627 18621 204 18417 4939 1720
is_linear=0
shrinkage=0.1


Tree=104
num_leaves=15
num_cat=0
split_feature=0 1 8 9 1 0 2 9 8 0 9 8 1 0
split_gain=1.50767e+07 5.21497e+07 5.56646e+07 3.66446e+07 2.99846e+07 6.03868e+07 3.26015e+07 3.06608e+07 2.76852e+07 2.76221e+07 2.6068e+07 3.8107e+07 2.51822e+07 2.48114e+07
threshold=32780.890000000007 33038.060000000005 0.25881904510252057 -1.0000000180025095e-35 30100.380000000001 29895.660000000003 -0.81803642999999993 -0.60785761079279388 -0.37940952255126009 25538.520000000004 -1.0000000180025095e-35 0.96592582628906831 32730.000000000004 34735.06500000001
decision_type=2 2 2 2 2 2 2 2 2 2 2 2 2 2
left_child=4 2 3 -2 5 8 12 -7 -1 -8 11 -3 -6 -4
right_child=1 10 13 -5 6 7 9 -9 -10 -11 -12 -13 -14 -15
leaf_value=-28.829967386098133 -2.4095648707415247 -6.8263843834200575 24.441647343188045 39.410561658490089 -20.311464357376099 7.1808897892747225 25.561319735368738 36.030663268108789 -1.3164529178920334 -8.6305209513890713 2.9074433394130779 22.801427240441715 -153.17695823952005 61.305409934306056
leaf_weight=419 1350 6746 617 247 31 877 246 635 2831 5462 10375 463 26 260
leaf_count=419 1350 6746 617 247 31 877 246 635 2831 5462 10375 463 26 260
internal_value=0.00251532 1.61095 15.2017 4.07916 -3.06203 2.8099 -7.91201 19.3128 -4.87136 -7.15272 -0.301969 -4.92063 -82.5128 35.4278
internal_weight=30585 20058 2474 1597 10527 4762 5765 1512 3250 5708 17584 7209 57 877
internal_count=30585 20058 2474 1597 10527 4762 5765 1512 3250 5708 17584 7209 57 877
is_linear=0
shrinkage=0.1


Tree=105
num_leaves=13
num_cat=0
split_feature=0 1 10 3 0 9 1 1 1 1 10 0
split_gain=1.39606e+07 4.61262e+07 4.31087e+07 9.88554e+07 7.61712e+07 4.06326e+07 6.92896e+07 4.22156e+07 3.41744e+07 2.67635e+07 5.69542e+07 2.02533e+07
threshold=36584.920000000006 39179.570000000007 0.81174490092936691 16.099084000000001 39456.140000000007 -0.60785761079279388 29396.640000000003 30431.915000000005 47378.745000000003 34769.435000000005 1.0000000180025095e-35 36001.450000000004
decision_type=2 2 2 2 2 2 2 2 2 2 2 2
left_child=8 5 4 -4 -3 6 -2 -7 9 11 -11 -1
right_child=1 2 3 -5 -6 7 -8 -9 -10 10 -12 -13
leaf_value=-0.42034048949185226 85.018058947299394 -29.930003609963151 41.624747118384732 -153.04838959148952 -0.55572053298020019 -38.648436975479129 -2.145752494486084 18.680074149738346 119.8293030116869 -24.114961693702 -0.33500966988993236 24.09526698853853
leaf_weight=11674 93 1026 385 27 6287 133 3061 3148 22 1567 2816 346
leaf_count=11674 93 1026 385 27 6287 133 3061 3148 22 1567 2816 346
internal_value=0.00225769 2.30318 -2.90586 28.5274 -4.68041 8.55595 0.450524 16.3451 -1.98139 -2.15206 -8.84032 0.287296
internal_weight=30585 14160 7725 412 7313 6435 3154 3281 16425 16403 4383 12020
internal_count=30585 14160 7725 412 7313 6435 3154 3281 16425 16403 4383 12020
is_linear=0
shrinkage=0.1


Tree=106
num_leaves=13
num_cat=0
split_feature=0 1 0 0 7 2 10 1 2 10 7 2
split_gain=1.31583e+07 1.58129e+07 3.30731e+07 3.28724e+07 2.63601e+07 2.10105e+07 1.52392e+07 9.97992e+06 1.62671e+07 9.85199e+06 3.70663e+06 1.48047e+06
threshold=50326.625000000007 41182.35500000001 39711.345000000008 29311.430000000004 0.25881904510252091 15.412445500000002 -0.22252093395631442 49468.400000000001 16.664058500000003 0.81174490092936691 -0.5 15.679721000000002
decision_type=2 2 2 2 2 2 2 2 2 2 2 2
left_child=1 2 5 9 -5 -1 -4 10 11 -3 -2 -9
right_child=7 3 6 4 -6 -7 -8 8 -10 -11 -12 -13
leaf_value=-0.89951567431330215 -29.36577795277471 123.12050437927246 14.665489643030199 -10.153435377080701 6.2291655079273127 40.889553241099208 2.1913051723469201 1.004249668121338 125.05339991251628 29.806084720293683 22.614663415796617 38.648067613081501
leaf_weight=21184 22 23 2259 3805 1323 120 1729 20 23 23 33 21
leaf_count=21184 22 23 2259 3805 1323 120 1729 20 23 23 33 21
internal_value=0.00216286 -0.128006 0.902477 -5.16451 -5.92641 -0.66222 9.2592 33.0509 59.5789 78.0902 1.66939 20.7464
internal_weight=30585 30466 25292 5174 5128 21304 3988 119 64 46 55 41
internal_count=30585 30466 25292 5174 5128 21304 3988 119 64 46 55 41
is_linear=0
shrinkage=0.1


Tree=107
num_leaves=12
num_cat=0
split_feature=0 0 2 0 9 9 0 12 2 12 2
split_gain=1.27418e+07 1.13399e+07 2.33003e+07 2.74069e+07 1.48981e+07 4.52146e+07 1.91833e+07 1.13343e+07 1.66957e+07 9.6957e+06 7.46197e+06
threshold=20317.635000000006 42329.99500000001 16.289460000000002 40540.945000000007 -0.8783796973249266 -0.60785761079279388 48063.770000000011 1.0000000180025095e-35 7.1080962000000012 1.0000000180025095e-35 6.7407712000000011
decision_type=2 2 2 2 2 2 2 2 2 2 2
left_child=7 2 9 -4 6 -6 -3 8 -1 -2 -9
right_child=1 4 3 -5 5 -7 -8 10 -10 -11 -12
leaf_value=-53.152661406688196 -0.86586280897058776 26.236360355312691 -10.522694503598743 -155.35751836867561 -37.225126519130662 6.1260103880644117 -23.873178988628172 -22.182501075381325 40.63579522210199 8.3247294858897636 -103.54283794675555
leaf_weight=38 25489 546 35 20 262 2823 88 20 36 1201 27
leaf_count=38 25489 546 35 20 262 2823 88 20 36 1201 27
internal_value=0.00313597 0.132295 -0.587222 -65.0237 5.30544 2.43346 19.2545 -32.2497 -7.59239 -0.452007 -70.1048
internal_weight=30585 30464 26745 55 3719 3085 634 121 74 26690 47
internal_count=30585 30464 26745 55 3719 3085 634 121 74 26690 47
is_linear=0
shrinkage=0.1


Tree=108
num_leaves=15
num_cat=0
split_feature=1 2 8 10 7 12 2 9 9 7 1 9 1 1
split_gain=1.36202e+07 3.057e+07 4.80092e+07 3.87724e+07 2.9073e+07 2.92348e+07 2.3264e+07 3.19373e+07 2.24176e+07 2.0984e+07 3.74017e+07 3.58755e+07 2.00081e+07 1.91683e+07
threshold=37934.180000000008 4.8855067000000014 0.60355339059327384 0.81174490092936691 0.12940952255126043 1.0000000180025095e-35 9.2676205000000014 -0.8783796973249266 -0.60785761079279388 0.12940952255126043 35866.580000000009 -0.60785761079279388 23640.325000000001 41098.765000000007
decision_type=2 2 2 2 2 2 2 2 2 2 2 2 2 2
left_child=6 2 3 -2 -3 -6 9 12 -9 10 -1 -11 -8 -4
right_child=1 4 13 -5 5 -7 7 8 -10 11 -12 -13 -14 -15
leaf_value=10.511848825691253 6.0519612073400104 -8.770713995900751 -19.365332941601551 40.333530948773415 7.6245268240902506 -47.054607291360504 -56.865472393011061 -7.0051017058738045 8.0287536969685291 -13.376500355565426 -7.8523865785636122 0.83285142735999451 26.226061360820616 -105.12745028904506
leaf_weight=3345 2145 6771 394 389 1932 102 29 1400 3396 2640 1658 5430 927 27
leaf_count=3345 2145 6771 394 389 1932 102 29 1400 3396 2640 1658 5430 927 27
internal_value=0.00175853 -2.66805 6.1315 11.3284 -5.62159 4.86073 1.66965 6.96877 3.63968 -0.662275 4.42557 -3.81664 23.6487 -25.1016
internal_weight=30585 11760 2955 2534 8805 2034 18825 5752 4796 13073 5003 8070 956 421
internal_count=30585 11760 2955 2534 8805 2034 18825 5752 4796 13073 5003 8070 956 421
is_linear=0
shrinkage=0.1


Tree=109
num_leaves=13
num_cat=0
split_feature=1 0 3 3 1 9 7 0 0 3 7 10
split_gain=1.20925e+07 3.43904e+07 2.91728e+07 2.98017e+07 2.55745e+07 2.5629e+07 2.44229e+07 1.83937e+07 1.83835e+07 1.67201e+07 1.60535e+07 7.08756e+06
threshold=40354.215000000004 38247.820000000007 18.622190000000003 13.273276000000001 38196.915000000008 1.0000000180025095e-35 0.25881904510252091 47380.965000000004 36293.910000000011 2.3431015000000004 0.25881904510252091 -0.22252093395631442
decision_type=2 2 2 2 2 2 2 2 2 2 2 2
left_child=1 4 3 6 9 -6 -2 10 -5 -1 -3 -9
right_child=2 7 -4 8 5 -7 -8 11 -10 -11 -12 -13
leaf_value=78.670470585204953 -10.948199602966 10.15607567940426 -107.48460241247106 39.03837272394663 -3.3116362392250247 -30.399435135006065 5.6494037456103676 85.867650045999667 4.6822954148214135 -0.086569430179973261 -2.3623918569895728 18.259303396719474
leaf_weight=26 3884 4323 26 173 913 565 1148 40 1489 16630 1342 26
leaf_count=26 3884 4323 26 173 913 565 1148 40 1489 16630 1342 26
internal_value=0.00104057 1.0562 -3.74578 -3.32685 -1.07795 -13.6801 -7.16125 7.80805 8.27979 0.0410858 7.19064 59.9041
internal_weight=30585 23865 6720 6694 18134 1478 5032 5731 1662 16656 5665 66
internal_count=30585 23865 6720 6694 18134 1478 5032 5731 1662 16656 5665 66
is_linear=0
shrinkage=0.1


Tree=110
num_leaves=13
num_cat=0
split_feature=1 1 0 9 0 3 1 1 0 2 2 2
split_gain=1.15216e+07 1.26528e+07 2.95056e+07 3.05127e+07 2.53206e+07 8.19166e+07 2.65824e+07 2.36051e+07 7.99335e+06 1.2772e+07 9.22961e+06 6.61046e+06
threshold=50326.625000000007 40354.215000000004 36865.450000000004 -0.60785761079279388 41849.475000000013 2.1785721500000004 42643.090000000004 36535.785000000011 50326.625000000007 15.679721000000002 16.037542000000006 15.061319250000002
decision_type=2 2 2 2 2 2 2 2 2 2 2 2
left_child=1 2 7 -4 5 -3 -6 -1 9 11 -10 -2
right_child=8 4 3 -5 6 -7 -8 -9 10 -11 -12 -13
leaf_value=-0.049687679701989007 9.6158273645349457 -132.33296190765168 -1.4750140542956762 11.060461274688913 14.883233313564677 -8.1427916720779461 -4.1561073748707562 -11.481202769973292 18.291728675094518 -53.239886266534988 113.09620294116792 79.510171127319339
leaf_weight=13773 36 53 3302 4712 1101 3256 2191 2078 21 21 20 21
leaf_count=13773 36 53 3302 4712 1101 3256 2191 2078 21 21 20 21
internal_value=0.00122335 -0.120581 0.951235 5.89594 -3.99514 -10.1713 2.21413 -1.54894 30.9264 11.8194 66.1295 36.2933
internal_weight=30585 30466 23865 8014 6601 3309 3292 15851 119 78 41 57
internal_count=30585 30466 23865 8014 6601 3309 3292 15851 119 78 41 57
is_linear=0
shrinkage=0.1


Tree=111
num_leaves=15
num_cat=0
split_feature=1 8 10 1 0 0 10 0 1 12 10 0 1 6
split_gain=1.10971e+07 3.92092e+07 3.50674e+08 1.34193e+08 7.54413e+07 6.8007e+07 3.11792e+07 2.33643e+07 4.25219e+07 3.10959e+07 3.06755e+07 2.41804e+07 4.34994e+07 2.08071e+07
threshold=28895.130000000001 -0.37940952255126009 0.81174490092936691 24279.045000000002 35155.155000000006 29634.295000000002 0.81174490092936691 32293.535000000003 32880.240000000013 1.0000000180025095e-35 0.81174490092936691 25538.520000000004 34854.370000000003 1.0000000180025095e-35
decision_type=2 2 2 2 2 2 2 2 2 2 2 2 2 2
left_child=1 2 4 -4 -1 6 -3 11 9 -9 -10 12 -2 -13
right_child=7 5 3 -5 -6 -7 -8 8 10 -11 -12 13 -14 -15
leaf_value=-49.124710881819333 39.943248755264285 9.8163612781009491 418.37127540225077 107.33968458387588 25.881448821800987 35.56467358499691 -17.605269660009899 15.378684793710711 -2.0110443896636214 -71.489021555582681 11.654382740748211 -11.778837785620839 -53.679418128536589 -0.083466804735332953
leaf_weight=599 249 1255 20 44 172 801 618 2259 16279 41 1826 3844 61 2517
leaf_count=599 249 1255 20 44 172 801 618 2259 16279 41 1826 3844 61 2517
internal_value=0.00121734 5.29154 -13.6139 209.478 -32.38 11.198 0.763974 -0.684569 0.995102 13.7998 -0.632235 -5.82166 21.4074 -7.15181
internal_weight=30585 3509 835 64 771 2674 1873 27076 20405 2300 18105 6671 310 6361
internal_count=30585 3509 835 64 771 2674 1873 27076 20405 2300 18105 6671 310 6361
is_linear=0
shrinkage=0.1


Tree=112
num_leaves=13
num_cat=0
split_feature=0 9 1 0 0 2 1 2 8 0 1 1
split_gain=1.29704e+07 1.30096e+07 2.29328e+07 3.93815e+07 2.10507e+07 1.17151e+07 4.01954e+07 1.38351e+07 1.10167e+07 8.62071e+06 7.16844e+06 1.92163e+07
threshold=21887.480000000007 0.6078576107927941 28982.450000000004 28883.550000000003 27237.795000000002 13.093436500000001 39934.265000000007 1.8147511000000003 -0.78656609248549325 20317.635000000006 29982.350000000002 25193.570000000003
decision_type=2 2 2 2 2 2 2 2 2 2 2 2
left_child=8 5 4 -4 -3 7 -7 -2 9 -1 11 -10
right_child=1 2 3 -5 -6 6 -8 -9 10 -11 -12 -13
leaf_value=-13.69082350859771 7.3151987113782511 1.8301568396629826 -21.822628847157691 4.1504412740250665 41.408538099224288 19.675281910637707 -5.8327114179330524 -2.7438950573648517 -50.351032183103477 66.639876592726935 -80.591937255859378 23.410064589302497
leaf_weight=36 1481 247 632 7507 294 1095 1415 17672 106 20 28 52
leaf_count=36 1481 247 632 7507 294 1095 1415 17672 106 20 28 52
internal_value=0.00259358 0.186872 3.4578 2.13118 23.3753 -1.12383 5.29868 -1.96574 -23.0087 15.6645 -34.6738 -26.0807
internal_weight=30585 30343 8680 8139 541 21663 2510 19153 242 56 186 158
internal_count=30585 30343 8680 8139 541 21663 2510 19153 242 56 186 158
is_linear=0
shrinkage=0.1


Tree=113
num_leaves=15
num_cat=0
split_feature=0 1 8 10 10 0 1 0 1 1 1 2 2 10
split_gain=1.05288e+07 1.1679e+07 4.42899e+07 3.99557e+08 5.05422e+07 2.88855e+07 5.69761e+07 2.6919e+07 9.42322e+06 2.70126e+07 6.92849e+06 6.35595e+06 4.90677e+06 3.97105e+06
threshold=21887.480000000007 29396.640000000003 -0.37940952255126009 0.81174490092936691 -0.22252093395631442 25154.420000000002 35183.790000000008 31624.265000000003 25193.570000000003 27567.260000000006 20317.635000000006 7.8633765000000002 7.0548860000000007 0.81174490092936691
decision_type=2 2 2 2 2 2 2 2 2 2 2 2 2 2
left_child=8 2 3 -2 -4 6 -3 -7 10 11 -1 -10 -12 -11
right_child=1 5 4 -5 -6 7 -8 -9 9 13 12 -13 -14 -15
leaf_value=1.3023955821990967 -28.915879828172876 66.521423494661008 29.590656157988072 320.91918227251841 2.24482568079139 -7.8028353113265458 -59.417792983765302 0.60115858284109747 99.028487429411527 -16.199515641530354 -37.634525702981385 20.644678588140579 -88.768621935163239 -63.021430587768556
leaf_weight=31 821 153 972 33 2214 4633 46 21471 22 44 67 20 27 31
leaf_count=31 821 153 972 33 2214 4633 46 21471 22 44 67 20 27 31
internal_value=0.00229956 0.16833 5.17357 -15.0381 10.5943 -0.600616 37.2583 -0.890644 -20.7303 -0.292123 -39.7063 63.051 -53.1018 -36.1272
internal_weight=30585 30343 4040 854 3186 26303 199 26104 242 117 125 42 94 75
internal_count=30585 30343 4040 854 3186 26303 199 26104 242 117 125 42 94 75
is_linear=0
shrinkage=0.1


Tree=114
num_leaves=15
num_cat=0
split_feature=9 8 9 3 1 9 10 8 7 1 8 10 12 1
split_gain=1.07818e+07 1.85776e+07 4.69731e+07 2.01777e+07 1.14154e+07 1.66839e+07 1.09512e+07 2.33666e+08 2.4114e+08 1.59009e+08 5.40434e+07 5.83725e+07 5.45855e+07 1.05819e+07
threshold=0.6078576107927941 0.96592582628906831 0.87837969732492682 7.1344417500000015 28982.450000000004 0.87837969732492682 0.81174490092936691 0.25881904510252057 -1.0000000180025095e-35 34769.435000000005 0.37940952255126043 1.0000000180025095e-35 1.0000000180025095e-35 49468.400000000001
decision_type=2 2 2 2 2 2 2 2 2 2 2 2 2 2
left_child=6 4 3 -3 5 -2 10 9 -9 -8 11 -1 -12 -6
right_child=1 2 -4 -5 13 -7 7 8 -10 -11 12 -13 -14 -15
leaf_value=-2.3905717033368483 32.119349752485959 100.8244828134213 -7.0657927099300668 33.78990044791859 0.096378543180769508 -3.1308580835817361 66.939811436309569 20.498187934142248 -53.767380898056615 8.6871949648595521 2.7893186733555448 -19.273283391093127 44.82812295840337 30.798255155797591
leaf_weight=8190 286 52 366 312 7364 252 618 728 1092 1930 6228 2730 324 113
leaf_count=8190 286 52 366 312 7364 252 618 728 1092 1930 6228 2730 324 113
internal_value=0.00285132 2.96979 18.2309 43.6163 1.57772 15.6329 -1.18523 3.29278 -24.0662 22.8367 -2.30485 -6.61263 4.87468 0.564433
internal_weight=30585 8745 730 364 8015 538 21840 4368 1820 2548 17472 10920 6552 7477
internal_count=30585 8745 730 364 8015 538 21840 4368 1820 2548 17472 10920 6552 7477
is_linear=0
shrinkage=0.1


Tree=115
num_leaves=15
num_cat=0
split_feature=0 2 1 1 0 8 10 0 10 1 0 1 7 1
split_gain=1.15599e+07 4.38622e+07 4.61186e+07 3.72598e+07 3.30063e+07 2.85636e+07 4.22197e+07 2.98317e+07 2.48413e+07 1.7734e+07 1.40962e+07 4.44086e+07 3.44841e+07 1.36077e+07
threshold=27237.795000000002 7.3876658500000003 35651.310000000005 27949.805000000004 25538.520000000004 -0.60355339059327384 -0.22252093395631442 34408.125000000007 1.0000000180025095e-35 25943.045000000002 31910.705000000005 32313.300000000007 -1.0000000180025095e-35 31871.360000000004
decision_type=2 2 2 2 2 2 2 2 2 2 2 2 2 2
left_child=1 2 8 5 9 7 -7 -2 -1 -3 12 -12 -5 -6
right_child=3 4 -4 10 13 6 -8 -9 -10 -11 11 -13 -14 -15
leaf_value=-38.657764549368238 -34.962184413603552 1.6583649029857235 -118.17823887682977 -23.056459098642325 -24.821832575056497 54.020475871907848 11.408907450706419 32.802221084127623 -5.1443673597317989 44.462751128320349 14.028452227276697 -0.7214241446053824 -1.5098131366626986 16.177531283242363
leaf_weight=337 192 151 46 867 253 317 868 97 641 269 2286 18993 5150 118
leaf_count=337 192 151 46 867 253 317 868 97 641 269 2286 18993 5150 118
internal_value=0.00340233 -7.73458 -21.3887 0.491817 9.94621 15.9727 22.8439 -12.183 -16.7201 29.114 -0.344716 0.863738 -4.61782 -11.7732
internal_weight=30585 1815 1024 28770 791 1474 1185 289 978 420 27296 21279 6017 371
internal_count=30585 1815 1024 28770 791 1474 1185 289 978 420 27296 21279 6017 371
is_linear=0
shrinkage=0.1


Tree=116
num_leaves=13
num_cat=0
split_feature=0 1 0 10 0 10 3 1 9 8 1 2
split_gain=1.1199e+07 1.10879e+07 4.32772e+07 5.36458e+07 2.43838e+07 5.54919e+07 2.21399e+07 1.99132e+07 7.12153e+06 6.02771e+06 5.29694e+06 1.72017e+06
threshold=20317.635000000006 31137.650000000005 30157.975000000002 -0.22252093395631442 33014.010000000002 1.0000000180025095e-35 6.1883898000000004 33038.060000000005 -1.0000000180025095e-35 -0.37940952255126009 27827.190000000006 6.3611460000000006
decision_type=2 2 2 2 2 2 2 2 2 2 2 2
left_child=8 2 6 -4 5 -3 -2 -6 -1 10 -10 -11
right_child=1 4 3 -5 7 -7 -8 -9 9 11 -12 -13
leaf_value=11.726577201966316 -58.01471106516172 -19.358486053804569 27.942441731059592 1.7337358069341713 12.647084582308656 2.8651007113025213 -2.4321866191456771 -0.23897491118384676 7.5701147079467779 -47.890732756115142 -56.466342428456187 -94.037941124325712
leaf_weight=30 72 2112 1288 1982 1287 2399 3925 17399 29 20 22 20
leaf_count=30 72 2112 1288 1982 1287 2399 3925 17399 29 20 22 20
internal_value=0.0028251 0.123913 3.53219 12.0623 -0.943916 -7.54172 -3.44768 0.649183 -30.2344 -44.0448 -20.6081 -72.6952
internal_weight=30585 30464 7267 3270 23197 4511 3997 18686 121 91 51 40
internal_count=30585 30464 7267 3270 23197 4511 3997 18686 121 91 51 40
is_linear=0
shrinkage=0.1


Tree=117
num_leaves=15
num_cat=0
split_feature=1 7 12 2 10 2 8 3 7 10 8 2 8 11
split_gain=9.05768e+06 2.26317e+07 5.61156e+07 4.4147e+07 3.1341e+07 2.1835e+07 4.70497e+07 2.11871e+07 1.55911e+07 5.85176e+07 1.87179e+08 3.00865e+07 2.91074e+07 2.61603e+07
threshold=37934.180000000008 0.12940952255126043 1.0000000180025095e-35 7.8633765000000002 0.81174490092936691 5.134751350000001 0.1294095225512602 6.1246390000000011 0.12940952255126043 0.81174490092936691 0.98296291314453432 13.170073500000003 0.98296291314453432 1.0000000180025095e-35
decision_type=2 2 2 2 2 2 2 2 2 2 2 2 2 2
left_child=8 5 4 -4 -3 6 -2 -7 9 12 -11 -10 -1 -13
right_child=1 2 3 -5 -6 7 -8 -9 11 10 -12 13 -14 -15
leaf_value=-0.9466321320018527 17.362582908625679 3.4502966647980196 -195.65801006498793 -33.520092552358456 31.859548416534633 -1.4981681779985792 -11.807114999849821 -12.873685163470416 -1.7246406703863693 52.591843612154491 -63.17973534066337 82.526203414005579 17.567134310227008 6.2839038866870816
leaf_weight=5899 1193 2383 20 87 463 3049 1029 3536 10886 692 174 78 991 105
leaf_count=5899 1193 2383 20 87 463 3049 1029 3536 10886 692 174 78 991 105
internal_value=0.00184307 -2.17535 5.39937 -65.3573 8.08161 -4.71549 3.85497 -7.6076 1.36198 4.79969 29.2845 -1.04702 1.7184 39.0525
internal_weight=30585 11760 2953 107 2846 8807 2222 6585 18825 7756 866 11069 6890 183
internal_count=30585 11760 2953 107 2846 8807 2222 6585 18825 7756 866 11069 6890 183
is_linear=0
shrinkage=0.1


Tree=118
num_leaves=15
num_cat=0
split_feature=9 9 7 12 1 1 3 3 1 1 12 3 10 1
split_gain=1.17141e+07 1.3655e+07 4.62861e+07 5.53033e+07 2.54961e+07 1.50791e+07 9.6627e+06 1.15798e+07 3.1503e+07 1.33105e+07 6.95592e+06 6.08998e+06 5.98474e+06 4.11922e+07
threshold=0.6078576107927941 0.87837969732492682 -1.0000000180025095e-35 1.0000000180025095e-35 35713.140000000007 49468.400000000001 16.187120000000004 4.8660612000000008 40165.545000000006 46832.380000000012 1.0000000180025095e-35 2.3431015000000004 1.0000000180025095e-35 42241.970000000008
decision_type=2 2 2 2 2 2 2 2 2 2 2 2 2 2
left_child=6 2 4 -4 -2 10 7 8 -1 -9 -3 -7 -8 -14
right_child=1 5 3 -5 -6 11 12 9 -10 -11 -12 -13 13 -15
leaf_value=16.892360271739875 -31.451712521869844 -2.2730851931904197 19.347768198838398 -65.773288287392148 0.51932723357300847 86.967406050205227 11.398556939085156 -2.5252254028394181 -5.7742983662471827 -47.861206689981316 20.387578426088609 21.08668342590332 4.4897891295922774 -122.20550084997106
leaf_weight=1131 291 4180 2288 78 1711 24 937 17828 1337 64 139 34 517 26
leaf_count=1131 291 4180 2288 78 1711 24 937 17828 1337 64 139 34 517 26
internal_value=0.00130052 3.09385 7.04878 16.515 -4.14119 -0.853652 -1.23708 -1.80429 4.61569 -2.69006 -1.53924 49.3596 6.56179 -1.79014
internal_weight=30585 8745 4368 2366 2002 4377 21840 20360 2468 17892 4319 58 1480 543
internal_count=30585 8745 4368 2366 2002 4377 21840 20360 2468 17892 4319 58 1480 543
is_linear=0
shrinkage=0.1


Tree=119
num_leaves=15
num_cat=0
split_feature=0 1 1 3 0 0 10 9 3 1 0 3 3 1
split_gain=1.03363e+07 2.74244e+07 2.57931e+07 3.46041e+07 2.63701e+07 2.39513e+07 2.22263e+07 3.94541e+07 2.27525e+07 1.90255e+07 1.8886e+07 1.21384e+08 2.00646e+07 1.81416e+07
threshold=40414.040000000008 42327.935000000005 39011.405000000006 18.622190000000003 29634.295000000002 36001.450000000004 1.0000000180025095e-35 0.6078576107927941 13.666409500000002 31002.400000000005 43707.545000000006 1.9856815500000002 2.4850292000000005 36027.805000000008
decision_type=2 2 2 2 2 2 2 2 2 2 2 2 2 2
left_child=2 6 5 4 -4 9 8 -8 -2 -1 11 -3 -12 -7
right_child=1 10 3 -5 -6 13 7 -9 -10 -11 12 -13 -14 -15
leaf_value=2.1827530843866874 19.467939918086152 -223.19919795283565 31.58379460551782 -120.94107566409642 -8.9784167703197362 12.451215251418141 -24.019064894464552 14.692914724978497 -1.0665847025520869 -5.1907806178667801 27.736504605226902 -8.6856700180514856 -1.9457439121699402 1.1155264695187139
leaf_weight=6672 1976 26 166 26 4000 2469 489 568 742 7357 272 1153 1373 3296
leaf_count=6672 1976 26 166 26 4000 2469 489 568 742 7357 272 1153 1373 3296
internal_value=0.000854073 3.50539 -0.963414 -8.08814 -7.35497 0.545801 9.08013 -3.22219 13.8638 -1.68412 -3.94727 -13.6014 2.97607 5.97163
internal_weight=30585 6599 23986 4192 4166 19794 3775 1057 2718 14029 2824 1179 1645 5765
internal_count=30585 6599 23986 4192 4166 19794 3775 1057 2718 14029 2824 1179 1645 5765
is_linear=0
shrinkage=0.1


Tree=120
num_leaves=15
num_cat=0
split_feature=9 8 9 2 10 8 1 7 8 10 12 1 2 1
split_gain=9.78566e+06 1.31222e+07 3.46566e+07 1.67631e+07 1.00231e+07 1.93324e+08 1.78339e+08 1.68182e+08 4.74288e+07 5.52405e+07 5.05658e+07 9.60203e+06 1.31117e+07 6.52512e+06
threshold=0.6078576107927941 0.96592582628906831 0.87837969732492682 11.005596000000002 0.81174490092936691 -0.12940952255126034 34769.435000000005 -1.0000000180025095e-35 -0.12940952255126034 1.0000000180025095e-35 1.0000000180025095e-35 28982.450000000004 10.384015500000002 49468.400000000001
decision_type=2 2 2 2 2 2 2 2 2 2 2 2 2 2
left_child=4 11 3 -3 8 6 -6 -7 9 -1 -10 12 -2 -13
right_child=1 2 -4 -5 5 7 -8 -9 10 -11 -12 13 -14 -15
leaf_value=-3.0700673150166868 8.2569928659931318 28.707827746073406 -6.0760721770554218 90.763706102558217 85.197505111823531 12.595558218768401 10.963428630667725 -40.866996273891601 0.92038964983061122 -22.247933540055442 34.600946618651527 0.35946296293963731 53.351058639526372 24.468449104041383
leaf_weight=6006 464 314 366 50 405 1092 1597 1274 8996 2002 468 7364 74 113
leaf_count=6006 464 314 366 50 405 1092 1597 1274 8996 2002 468 7364 74 113
internal_value=-0.000162474 2.8264 15.6525 37.4573 -1.13203 3.15204 26.0158 -16.1971 -2.20317 -7.86671 2.58939 1.6564 14.547 0.727046
internal_weight=30585 8745 730 364 21840 4368 2002 2366 17472 8008 9464 8015 538 7477
internal_count=30585 8745 730 364 21840 4368 2002 2366 17472 8008 9464 8015 538 7477
is_linear=0
shrinkage=0.1


Tree=121
num_leaves=15
num_cat=0
split_feature=1 8 10 1 9 10 7 2 10 1 2 8 1 9
split_gain=1.02636e+07 2.91062e+07 1.98619e+08 1.05397e+08 4.22432e+07 2.92023e+07 3.64213e+07 1.04488e+07 1.98882e+07 2.06875e+07 1.06532e+07 1.38698e+07 9.63309e+06 9.12095e+06
threshold=28895.130000000001 -0.37940952255126009 0.81174490092936691 24279.045000000002 1.0000000180025095e-35 -0.22252093395631442 -1.0000000180025095e-35 16.664058500000003 1.0000000180025095e-35 40940.23000000001 4.0216586500000009 -0.70710678118654757 39410.49500000001 1.0000000180025095e-35
decision_type=2 2 2 2 2 2 2 2 2 2 2 2 2 2
left_child=1 2 4 -4 -1 13 -7 10 9 -9 11 -2 -12 -3
right_child=7 5 3 -5 -6 6 -8 8 -10 -11 12 -13 -14 -15
leaf_value=-38.132286052109819 14.820315942927351 33.670656747138985 341.42021629696802 67.012782228257933 17.327367997302691 59.016914943286352 0.26006212316010852 73.059190131878026 96.338767755031597 -30.094821619583389 -0.3268977737149979 0.98356834866217369 -4.8598687209592368 8.7005456678052937
leaf_weight=593 847 545 20 44 178 111 1817 28 31 58 14122 4973 7017 201
leaf_count=593 847 545 20 44 178 111 1817 28 31 58 14122 4973 7017 201
internal_value=0.000762456 5.08855 -11.2005 156.698 -25.3225 10.1773 3.67169 -0.658769 29.0336 3.94393 -0.788703 2.99947 -1.83176 26.9634
internal_weight=30585 3509 835 64 771 2674 1928 27076 117 86 26959 5820 21139 746
internal_count=30585 3509 835 64 771 2674 1928 27076 117 86 26959 5820 21139 746
is_linear=0
shrinkage=0.1


Tree=122
num_leaves=14
num_cat=0
split_feature=0 1 8 10 0 0 1 0 8 0 1 1 8
split_gain=1.26406e+07 1.2892e+07 3.47849e+07 2.02071e+08 3.24907e+07 2.83627e+07 4.09207e+07 2.65994e+07 1.09131e+07 1.75708e+07 4.7862e+06 1.25937e+07 1.76378e+06
threshold=22921.570000000003 28895.130000000001 -0.37940952255126009 0.81174490092936691 29634.295000000002 25154.420000000002 34106.525000000009 31624.265000000003 -0.9159756150367534 20317.635000000006 25193.570000000003 27567.260000000006 0.25881904510252057
decision_type=2 2 2 2 2 2 2 2 2 2 2 2 2
left_child=8 2 3 -2 -4 6 -3 -7 9 -1 12 -12 -10
right_child=1 5 4 -5 -6 7 -8 -9 10 -11 11 -13 -14
leaf_value=-36.356099943681201 -22.124798378139651 72.392901984783791 3.9801365257673704 285.58978715376423 28.39424102339067 -7.1698793018333138 -34.155412387847903 0.79674089972382323 -42.938554022134831 88.927124388321602 30.722149300575257 -31.235905906901912 -19.956174531637455
leaf_weight=21 713 118 1703 21 801 5198 51 21617 120 22 47 103 50
leaf_count=21 713 118 1703 21 801 5198 51 21617 120 22 47 103 50
internal_value=0.00277604 0.225875 6.18716 -12.9444 11.7981 -0.489664 40.2275 -0.747772 -18.5212 28.3066 -24.8822 -11.7475 -36.3353
internal_weight=30585 30222 3238 734 2504 26984 169 26815 363 43 320 150 170
internal_count=30585 30222 3238 734 2504 26984 169 26815 363 43 320 150 170
is_linear=0
shrinkage=0.1


Tree=123
num_leaves=15
num_cat=0
split_feature=0 2 0 0 7 10 2 11 8 7 3 7 8 8
split_gain=1.24445e+07 3.18143e+07 2.37574e+07 2.08618e+07 1.52842e+07 1.34043e+07 1.09216e+07 9.65788e+06 9.33897e+07 6.29134e+07 6.03741e+07 4.03759e+07 4.7991e+07 2.65845e+07
threshold=27237.795000000002 7.0086555000000006 25538.520000000004 21887.480000000007 -0.9159756150367534 1.0000000180025095e-35 5.2243210000000007 1.0000000180025095e-35 0.1294095225512602 0.25881904510252091 5.872769850000001 0.25881904510252091 -0.37940952255126009 -0.9159756150367534
decision_type=2 2 2 2 2 2 2 2 2 2 2 2 2 2
left_child=1 5 3 -3 -4 6 -1 11 9 -9 -10 13 -13 -2
right_child=7 2 4 -5 -6 -7 -8 8 10 -11 -12 12 -14 -15
leaf_value=-54.043417539010505 -13.275084485696121 -16.718440264305183 69.412419683283034 32.583823590924347 -16.233279909635723 -12.363727076471145 -16.206176304466585 -1.4456853031774146 48.977823761570662 -25.261058776133115 5.1649098796906641 16.197813932875754 0.55217830321311745 -0.012948189043778785
leaf_weight=178 1759 112 21 359 400 610 135 2468 345 2014 3461 3412 4607 10704
leaf_count=178 1759 112 21 359 400 610 135 2468 345 2014 3461 3412 4607 10704
internal_value=0.00353442 -8.02507 5.44067 20.8496 -11.8068 -21.0304 -37.8274 0.510293 -2.36979 -12.1504 9.14821 1.67577 7.21042 -1.88565
internal_weight=30585 1815 892 471 421 923 313 28770 8288 4482 3806 20482 8019 12463
internal_count=30585 1815 892 471 421 923 313 28770 8288 4482 3806 20482 8019 12463
is_linear=0
shrinkage=0.1


Tree=124
num_leaves=15
num_cat=0
split_feature=0 1 7 1 10 1 8 9 10 1 1 0 1 1
split_gain=1.00823e+07 3.05731e+07 2.70485e+07 2.46194e+07 3.69602e+07 3.01827e+07 2.33273e+07 6.74588e+07 2.07925e+07 3.31346e+07 1.35295e+07 1.34132e+07 3.25287e+07 2.00389e+07
threshold=27237.795000000002 27567.260000000006 -1.0000000180025095e-35 34854.370000000003 1.0000000180025095e-35 31002.400000000005 1.0000000180025095e-35 -1.0000000180025095e-35 1.0000000180025095e-35 22934.720000000005 25193.570000000003 38422.535000000011 35349.020000000004 31002.400000000005
decision_type=2 2 2 2 2 2 2 2 2 2 2 2 2 2
left_child=2 6 8 5 -5 -4 7 -2 -1 -10 -8 13 -13 -3
right_child=1 11 3 4 -6 -7 10 -9 9 -11 -12 12 -14 -15
leaf_value=67.708025272472483 -18.393751742200156 3.7992594832846751 -14.474443739946231 17.917280578613283 -110.21604413824566 28.051796894768877 57.202681329555084 69.485208885519356 109.10476577465352 -12.890156701610934 21.429116252238693 21.451638973682801 0.9441564432923869 -4.0352973485955728
leaf_weight=73 409 4428 1278 36 58 191 132 110 25 154 530 838 9904 12419
leaf_count=73 409 4428 1278 36 58 191 132 110 25 154 530 838 9904 12419
internal_value=0.00323765 0.459371 -7.22331 -12.127 -61.4717 -8.92984 16.2083 0.329654 23.1191 4.65972 28.6377 -0.215356 2.54582 -1.97599
internal_weight=30585 28770 1815 1563 94 1469 1181 519 252 179 662 27589 10742 16847
internal_count=30585 28770 1815 1563 94 1469 1181 519 252 179 662 27589 10742 16847
is_linear=0
shrinkage=0.1


Tree=125
num_leaves=15
num_cat=0
split_feature=0 1 10 2 0 1 1 10 7 10 1 8 2 10
split_gain=1.01543e+07 5.42026e+07 3.75324e+07 3.28146e+07 3.01597e+07 2.77606e+07 2.46975e+07 3.61434e+07 2.46958e+07 1.57697e+07 6.11714e+07 2.21198e+07 1.53317e+07 1.45949e+07
threshold=30798.540000000005 31583.400000000005 -0.22252093395631442 14.401759500000002 32856.555000000008 44729.875000000007 41019.980000000003 0.81174490092936691 -0.60355339059327362 1.0000000180025095e-35 30680.005000000005 -0.37940952255126009 6.9484064500000011 0.81174490092936691
decision_type=2 2 2 2 2 2 2 2 2 2 2 2 2 2
left_child=6 2 8 -4 5 -3 9 -8 -2 10 -1 -11 -9 -6
right_child=1 4 3 -5 13 -7 7 12 -10 11 -12 -13 -14 -15
leaf_value=-1.0703439715158714 -11.30247930761886 -13.477399070899693 2.3283154187089514 82.150259284253394 -0.46500122163681967 97.025920896944797 126.22428232828777 38.063291992081538 32.675753367278631 14.34756149923458 -34.849295159372794 -3.961199710002612 -67.899416507374156 9.290122633746881
leaf_weight=2058 145 2062 1825 52 16976 22 35 35 1042 840 724 3063 21 1685
leaf_count=2058 145 2062 1825 52 16976 22 35 35 1042 840 724 3063 21 1685
internal_value=0.00368898 0.975752 13.3886 4.58225 -0.858163 -12.2649 -3.41151 48.0496 27.2985 -4.11911 -9.87049 -0.0181395 -2.16682 0.416291
internal_weight=30585 23809 3064 1877 20745 2084 6776 91 1187 6685 2782 3903 56 18661
internal_count=30585 23809 3064 1877 20745 2084 6776 91 1187 6685 2782 3903 56 18661
is_linear=0
shrinkage=0.1


Tree=126
num_leaves=15
num_cat=0
split_feature=9 0 7 9 2 2 0 7 0 10 8 8 9 2
split_gain=9.44873e+06 1.76871e+07 2.16107e+07 5.38105e+07 2.12931e+07 1.9194e+07 1.72885e+07 1.34099e+07 1.05143e+07 2.17839e+07 1.26259e+08 4.48382e+07 1.66996e+07 2.31508e+07
threshold=0.6078576107927941 29138.325000000004 -1.0000000180025095e-35 0.87837969732492682 9.7433180000000004 12.294391000000003 37608.700000000004 -0.5 33992.56500000001 0.81174490092936691 0.96592582628906831 0.96592582628906831 1.0000000180025095e-35 6.8975761500000008
decision_type=2 2 2 2 2 2 2 2 2 2 2 2 2 2
left_child=8 4 6 -4 7 -6 -3 -2 12 11 -11 -10 13 -1
right_child=1 2 3 -5 5 -7 -8 -9 9 10 -12 -13 -14 -15
leaf_value=3.3279106752305974 57.33134192875454 -11.513180682972637 24.110432104858788 -0.42540534137822705 -58.188935109626414 45.417381068638399 3.4320102132724402 -5.6567205053814478 -2.0444157542321584 21.089595854902637 -114.413565570361 27.156952654474686 -13.487347641505384 -7.5290395639567924
leaf_weight=4134 34 1059 1563 2086 128 20 2868 987 10700 1187 72 552 1455 3740
leaf_count=4134 34 1059 1563 2086 128 20 2868 987 10700 1187 72 552 1455 3740
internal_value=0.00419986 2.78167 4.54842 10.0879 -8.66227 -43.9772 -0.600187 -3.50513 -1.10801 0.786665 13.2558 -0.609571 -3.64875 -1.82924
internal_weight=30585 8745 7576 3649 1169 148 3927 1021 21840 12511 1259 11252 9329 7874
internal_count=30585 8745 7576 3649 1169 148 3927 1021 21840 12511 1259 11252 9329 7874
is_linear=0
shrinkage=0.1


Tree=127
num_leaves=15
num_cat=0
split_feature=0 9 9 8 7 8 7 3 0 0 12 9 3 0
split_gain=8.37667e+06 1.21128e+07 2.87877e+07 6.22778e+07 2.29748e+07 2.02639e+07 2.2305e+07 1.11617e+07 2.27436e+07 7.99138e+06 1.03311e+07 8.48876e+06 7.39537e+06 2.95292e+06
threshold=42329.99500000001 -0.8783796973249266 -0.60785761079279388 -0.60355339059327384 0.12940952255126043 -0.12940952255126034 -0.5 1.7435503000000001 40540.945000000007 20317.635000000006 1.0000000180025095e-35 -1.0000000180025095e-35 4.7857915000000011 37919.235000000008
decision_type=2 2 2 2 2 2 2 2 2 2 2 2 2 2
left_child=7 5 3 -3 -4 6 -2 8 13 11 -11 -9 -7 -1
right_child=1 2 4 -5 -6 12 -8 9 -10 10 -12 -13 -14 -15
leaf_value=28.350469970703127 -22.827269754328846 -70.111280202254278 -0.59112875164987944 28.744520345054294 19.875518726086458 79.83132608933883 22.266221515431127 19.598171332574662 -124.66163295399059 -0.82441414684449732 8.6663375928538926 -41.147448205947882 31.48135461336301 -24.68377859933036
leaf_weight=20 161 155 2079 107 744 54 339 30 21 25484 1200 91 80 20
leaf_count=20 161 155 2079 107 744 54 339 30 21 25484 1200 91 80 20
internal_value=0.00367724 4.45107 1.86156 -29.7831 4.80797 17.0287 7.72954 -0.612108 -42.9928 -0.514062 -0.397299 -26.0494 51.4127 1.87806
internal_weight=30585 3719 3085 262 2823 634 500 26866 61 26805 26684 121 134 40
internal_count=30585 3719 3085 262 2823 634 500 26866 61 26805 26684 121 134 40
is_linear=0
shrinkage=0.1


Tree=128
num_leaves=15
num_cat=0
split_feature=1 0 10 8 3 0 3 1 10 3 1 11 8 1
split_gain=1.25031e+07 3.11864e+07 3.32368e+07 4.21458e+07 2.37127e+07 2.31936e+07 2.94323e+07 2.93269e+07 2.70725e+07 5.73228e+07 2.54122e+07 1.42597e+07 3.8951e+07 3.44659e+07
threshold=36535.785000000011 35316.760000000002 -0.22252093395631442 -0.60355339059327384 13.114826000000003 37608.700000000004 18.622190000000003 45530.170000000006 0.81174490092936691 16.027592000000002 41848.185000000005 1.0000000180025095e-35 0.25881904510252057 29396.640000000003
decision_type=2 2 2 2 2 2 2 2 2 2 2 2 2 2
left_child=1 11 4 -4 -3 6 7 -2 10 -10 -7 13 -13 -1
right_child=5 2 3 -5 -6 8 -8 -9 9 -11 -12 12 -14 -15
leaf_value=12.397675676423304 -9.4646435839687424 26.245054247922212 -14.128506052918929 12.987127686213478 -1.5894815130107649 2.9522277747844461 -105.84146868798041 44.130864205133349 40.110370602097404 -130.93461787360056 -7.6643697451929631 -18.070374520324631 2.5461666225710289 -2.1606792375444313
leaf_weight=2205 3720 1345 981 1376 396 6715 30 104 298 20 3393 1527 2289 6186
leaf_count=2205 3720 1345 981 1376 396 6715 30 104 298 20 3393 1527 2289 6186
internal_value=0.003159 1.89527 9.44228 1.7002 19.9167 -2.15725 -8.78477 -7.99587 0.293245 28.9761 -0.611901 -0.638897 -5.70626 1.66601
internal_weight=30585 16305 4098 2357 1741 14280 3854 3824 10426 318 10108 12207 3816 8391
internal_count=30585 16305 4098 2357 1741 14280 3854 3824 10426 318 10108 12207 3816 8391
is_linear=0
shrinkage=0.1


Tree=129
num_leaves=15
num_cat=0
split_feature=1 0 10 7 0 8 10 10 1 12 0 2 10 1
split_gain=1.06476e+07 2.8946e+07 3.47579e+07 3.52541e+07 1.9981e+07 2.48861e+07 2.81267e+07 2.45558e+07 2.11775e+07 1.6361e+07 1.54375e+07 1.49921e+07 2.30276e+07 1.83945e+07
threshold=36027.805000000008 33992.56500000001 -0.22252093395631442 0.25881904510252091 40735.725000000013 0.9159756150367534 0.81174490092936691 0.81174490092936691 42643.090000000004 1.0000000180025095e-35 42967.240000000005 11.307688000000001 -0.56174490092936669 31002.400000000005
decision_type=2 2 2 2 2 2 2 2 2 2 2 2 2 2
left_child=1 11 9 -4 5 7 -7 -2 -6 -3 -10 13 -13 -1
right_child=4 2 3 -5 8 6 -8 -9 10 -11 -12 12 -14 -15
leaf_value=3.297900762589359 -6.3348126264648101 17.131456987541299 8.5462888665321426 -15.933814571731819 8.2835492760587179 -14.138139552498856 -69.029668527082961 5.7933475593723642 -17.795391868381966 71.126067327630935 0.42903667766319109 -64.459254868277185 -8.1700274619627535 -5.3665244596915542
leaf_weight=6115 6478 1852 1990 834 3145 623 109 2248 614 57 1903 86 444 4087
leaf_count=6115 6478 1852 1990 834 3145 623 109 2248 614 57 1903 86 444 4087
internal_value=0.00235762 1.8472 8.36097 1.3136 -1.88458 -4.69706 -22.3949 -3.21004 2.81349 18.7801 -4.02195 -1.026 -17.4079 -0.173321
internal_weight=30585 15465 4733 2824 15120 9458 732 8726 5662 1909 2517 10732 530 10202
internal_count=30585 15465 4733 2824 15120 9458 732 8726 5662 1909 2517 10732 530 10202
is_linear=0
shrinkage=0.1


Tree=130
num_leaves=15
num_cat=0
split_feature=1 0 10 0 10 0 3 12 7 1 1 3 10 1
split_gain=1.06471e+07 2.28064e+07 3.75539e+07 3.07162e+07 3.14099e+07 1.91661e+07 1.6672e+07 1.61077e+07 2.81591e+07 1.58296e+07 1.3708e+07 1.31256e+07 1.1722e+07 2.70363e+06
threshold=40354.215000000004 29634.295000000002 -0.22252093395631442 40224.740000000013 0.81174490092936691 38534.710000000006 2.3431015000000004 1.0000000180025095e-35 0.25881904510252091 33850.495000000003 35792.570000000007 9.741496500000002 -0.56174490092936669 37019.915000000008
decision_type=2 2 2 2 2 2 2 2 2 2 2 2 2 2
left_child=5 2 -2 4 -3 6 13 10 -9 -8 -7 -4 -5 -1
right_child=1 3 11 12 -6 7 9 8 -10 -11 -12 -13 -14 -15
leaf_value=33.853278576244008 153.42131296793622 -28.235373601556251 -39.524206325411797 -5.5110961374953158 -2.973009175402618 16.228676732290598 1.5986729895770537 72.136502624139553 -55.738203499533917 -4.4304072356623472 3.044041139110325 46.910255603301223 4.6233865248791055 86.730491096323192
leaf_weight=21 23 913 31 2010 1067 975 11701 81 21 6935 4110 38 2638 21
leaf_count=21 23 913 31 2010 1067 975 11701 81 21 6935 4110 38 2638 21
internal_value=0.0018387 -3.51394 45.6649 -4.20335 -14.6301 0.99193 -0.501568 6.36897 45.5238 -0.645041 5.57476 8.06751 0.240547 61.694
internal_weight=30585 6720 92 6628 1980 23865 18678 5187 102 18636 5085 69 4648 42
internal_count=30585 6720 92 6628 1980 23865 18678 5187 102 18636 5085 69 4648 42
is_linear=0
shrinkage=0.1


Tree=131
num_leaves=15
num_cat=0
split_feature=9 0 1 1 1 0 3 0 3 10 8 12 0 1
split_gain=9.9597e+06 1.67183e+07 2.76701e+07 2.09906e+07 2.05249e+07 5.82046e+07 3.08794e+07 1.16765e+07 8.93428e+06 9.26808e+06 1.30053e+08 2.85876e+07 8.19454e+06 1.79041e+07
threshold=0.6078576107927941 29138.325000000004 30875.770000000004 38486.30000000001 37799.910000000011 37608.700000000004 5.099326200000001 27237.795000000002 16.395629000000003 0.81174490092936691 -0.12940952255126034 1.0000000180025095e-35 40670.445000000007 42241.970000000008
decision_type=2 2 2 2 2 2 2 2 2 2 2 2 2 2
left_child=8 2 7 -4 6 -6 -3 -2 9 11 -11 -1 13 -10
right_child=1 4 3 -5 5 -7 -8 -9 12 10 -12 -13 -14 -15
leaf_value=-3.7002707697364117 -11.02640925678047 -29.517241001650287 -41.892322266761823 41.391632127761845 -34.308610892013924 3.9584255278888367 12.740854734521642 12.435854791511801 5.8571892583673355 21.528010564363612 -14.018925081217787 14.999076331414603 24.379863230602162 -60.732208778744656
leaf_weight=15537 406 182 288 33 443 3792 3159 442 1046 1930 2203 862 221 41
leaf_count=15537 406 182 288 33 443 3792 3159 442 1046 1930 2203 862 221 41
internal_value=0.00257723 2.85416 -8.27199 -33.2285 4.57183 -0.0516325 10.4307 1.20299 -1.13931 -1.64992 2.58173 -2.7165 6.87094 3.29203
internal_weight=30585 8745 1169 321 7576 4235 3341 848 21840 20532 4133 16399 1308 1087
internal_count=30585 8745 1169 321 7576 4235 3341 848 21840 20532 4133 16399 1308 1087
is_linear=0
shrinkage=0.1


Tree=132
num_leaves=15
num_cat=0
split_feature=1 0 2 1 1 3 12 0 9 1 3 3 0 1
split_gain=9.70773e+06 2.30863e+07 6.88513e+07 2.87594e+07 1.83613e+07 1.76893e+07 1.51984e+07 1.50859e+07 2.67046e+07 2.32402e+07 1.38489e+07 9.7589e+06 9.27199e+06 7.27368e+06
threshold=40227.475000000006 41849.475000000013 16.289460000000002 46108.750000000007 42327.935000000005 3.4118986500000004 1.0000000180025095e-35 36519.345000000008 -0.60785761079279388 34769.435000000005 1.7435503000000001 3.9644193500000005 29138.325000000004 35265.405000000006
decision_type=2 2 2 2 2 2 2 2 2 2 2 2 2 2
left_child=5 2 3 -2 10 6 12 9 -9 -7 -3 -6 -1 -8
right_child=1 4 -4 -5 11 7 13 8 -10 -11 -12 -13 -14 -15
leaf_value=-49.387782022227412 -10.11382273571278 91.00207599142324 -185.34250626997516 28.762810804348181 7.151515617265642 0.68479409395263191 28.717709604899092 -3.0059328024012983 8.8775036772286544 -8.9192991784028433 12.399904990654726 -6.2761253712382521 15.355411967718622 113.10092322308085
leaf_weight=22 3292 22 21 201 794 11918 20 3180 4663 3194 935 1695 606 22
leaf_count=22 3292 22 21 201 794 11918 20 3180 4663 3194 935 1695 606 22
internal_value=0.00213017 -3.27995 -8.98215 -7.86913 2.53568 0.969141 16.9735 0.501294 4.05951 -1.34554 14.3 -1.99151 13.0124 74.5208
internal_weight=30585 6960 3514 3493 3446 23625 670 22955 7843 15112 957 2489 628 42
internal_count=30585 6960 3514 3493 3446 23625 670 22955 7843 15112 957 2489 628 42
is_linear=0
shrinkage=0.1


Tree=133
num_leaves=15
num_cat=0
split_feature=1 2 12 8 2 1 8 2 9 8 8 9 8 7
split_gain=8.91948e+06 1.79246e+07 6.63308e+07 4.10495e+07 2.56925e+07 2.98291e+07 1.57851e+07 1.26952e+07 2.20173e+07 1.73199e+07 1.63345e+07 1.27163e+07 4.06059e+07 3.64742e+07
threshold=38380.950000000004 6.5619832500000008 1.0000000180025095e-35 0.1294095225512602 10.696318000000003 43418.890000000007 0.37940952255126043 8.9233255000000025 -0.8783796973249266 -0.9159756150367534 -0.9159756150367534 -0.60785761079279388 -0.37940952255126009 0.25881904510252091
decision_type=2 2 2 2 2 2 2 2 2 2 2 2 2 2
left_child=7 2 3 -2 5 -3 -6 11 9 -9 -10 13 -13 -1
right_child=1 4 -4 -5 6 -7 -8 8 10 -11 -12 12 -14 -15
leaf_value=3.7570676000793299 9.8775111873074888 -11.713807922217816 -153.38194112424497 -12.550797244208811 -4.4634897825354498 -64.298879554815457 9.4642244897084975 49.091572081963754 -12.741354553188597 12.673465044237865 4.205366507921009 18.498400493619524 -1.1167521705912764 -13.701698737961449
leaf_weight=2489 3043 2033 26 1114 3535 113 1056 150 643 978 4869 1242 6991 2303
leaf_count=2489 3043 2033 26 1114 3535 113 1056 150 643 978 4869 1242 6991 2303
internal_value=0.00205773 -2.28949 2.85174 3.86556 -5.48162 -14.5114 -1.25854 1.27461 4.83283 17.5555 2.2265 -0.53957 1.8442 -4.6346
internal_weight=30585 10920 4183 4157 6737 2146 4591 19665 6640 1128 5512 13025 8233 4792
internal_count=30585 10920 4183 4157 6737 2146 4591 19665 6640 1128 5512 13025 8233 4792
is_linear=0
shrinkage=0.1


Tree=134
num_leaves=15
num_cat=0
split_feature=1 0 1 9 1 9 0 8 0 9 8 1 1 10
split_gain=8.48774e+06 3.3783e+07 3.00769e+07 4.06939e+07 2.35164e+07 2.22966e+07 5.53492e+07 1.95074e+07 1.60744e+07 3.15032e+07 6.30161e+07 5.08944e+07 3.13152e+07 3.47192e+07
threshold=33850.495000000003 30798.540000000005 33115.270000000011 1.0000000180025095e-35 30100.380000000001 -0.8783796973249266 38590.105000000003 -0.60355339059327384 36939.030000000006 -0.60785761079279388 -0.12940952255126034 39179.570000000007 44974.485000000008 1.0000000180025095e-35
decision_type=2 2 2 2 2 2 2 2 2 2 2 2 2 2
left_child=1 2 4 -4 -1 6 -3 -7 12 10 -10 -11 13 -2
right_child=8 5 3 -5 -6 7 -8 -9 9 11 -12 -13 -14 -15
leaf_value=-0.2847254561464882 -15.971491738797639 13.351421638325915 90.34286301769788 -12.014249230979326 -14.115575302531211 -7.4676079643903863 95.202128096686465 7.5450590612407513 -20.682714330745839 15.036357225649338 8.213450308386669 -1.1460814196845288 46.417063985778171 -0.12695716200233229
leaf_weight=3974 2375 1015 78 76 1779 1095 89 4117 1739 2725 1332 6770 112 3309
leaf_count=3974 2375 1015 78 76 1779 1095 89 4117 1739 2725 1332 6770 112 3309
internal_value=0.001308 2.04301 -3.39294 40.0773 -4.56335 7.12669 20.0301 4.39019 -1.35783 0.651675 -8.15084 3.49926 -5.71388 -6.74908
internal_weight=30585 12223 5907 154 5753 6316 1104 5212 18362 12566 3071 9495 5796 5684
internal_count=30585 12223 5907 154 5753 6316 1104 5212 18362 12566 3071 9495 5796 5684
is_linear=0
shrinkage=0.1


Tree=135
num_leaves=15
num_cat=0
split_feature=0 2 0 2 1 0 1 1 2 0 9 1 1 2
split_gain=7.85397e+06 1.25567e+07 2.01143e+07 1.17856e+07 4.5041e+07 4.36636e+07 1.06805e+08 1.13866e+07 1.11389e+07 1.09906e+07 8.12624e+06 1.36084e+07 1.29517e+07 2.2493e+06
threshold=46112.075000000004 14.08067825 47380.965000000004 16.289460000000002 49468.400000000001 43298.990000000005 42749.085000000006 41182.35500000001 11.625353250000002 40102.810000000005 -0.60785761079279388 39610.735000000008 46108.750000000007 13.358521000000001
decision_type=2 2 2 2 2 2 2 2 2 2 2 2 2 2
left_child=3 2 8 4 7 6 -5 -1 -2 -6 11 -3 -12 -4
right_child=1 10 13 5 9 -7 -8 -9 -10 -11 12 -13 -14 -15
leaf_value=0.50416758997571576 33.360146154141894 47.870091831684114 -61.793668322867546 17.842684621396273 48.214594712464709 58.838921901157931 -230.55360499790737 -5.0194361739965281 -11.604034117062888 151.46244617808949 49.387169665315724 -19.412912462565526 13.042514310768674 -29.783535673180406
leaf_weight=25095 101 39 46 45 22 34 27 4383 119 21 136 120 349 48
leaf_count=25095 101 39 46 45 22 34 27 4383 119 21 136 120 349 48
internal_value=0.00184511 8.90857 -7.47125 -0.286448 -0.166368 -33.4147 -77.1882 -0.317264 9.09616 100.934 16.8942 -2.71349 23.3147 -45.9336
internal_weight=30585 958 314 29627 29521 106 72 29478 220 43 644 159 485 94
internal_count=30585 958 314 29627 29521 106 72 29478 220 43 644 159 485 94
is_linear=0
shrinkage=0.1


Tree=136
num_leaves=15
num_cat=0
split_feature=9 8 9 0 0 7 1 2 0 0 1 9 0 7
split_gain=7.70938e+06 1.2024e+07 2.95941e+07 2.30175e+07 8.38667e+06 2.08116e+07 2.03336e+07 7.56602e+06 9.50888e+06 8.49619e+06 4.7185e+07 2.18469e+07 5.19487e+06 4.64419e+06
threshold=0.6078576107927941 0.96592582628906831 0.87837969732492682 34158.160000000011 29138.325000000004 0.37940952255126054 30875.770000000004 1.8147511000000003 46112.075000000004 35556.640000000007 32108.535000000003 1.0000000180025095e-35 29311.430000000004 -0.60355339059327362
decision_type=2 2 2 2 2 2 2 2 2 2 2 2 2 2
left_child=7 4 3 -3 6 -6 -2 8 13 11 -11 -9 -4 -1
right_child=1 2 12 -5 5 -7 -8 9 -10 10 -12 -13 -14 -15
leaf_value=17.572393891570417 1.1342314687082402 25.190804179213639 -49.297695541381842 100.34809119447749 -1.2415554925370862 10.330083899308173 -30.890592381234441 -1.579685201245302 59.822026604413992 25.391996018542436 -1.3265971632669578 -14.441511766869974 -2.0684506324567877 2.2134179731152934
leaf_weight=234 787 318 24 46 4624 2340 264 8702 31 710 9391 1556 342 1216
leaf_count=234 787 318 24 46 4624 2340 264 8702 31 710 9391 1556 342 1216
internal_value=0.00186448 2.5107 14.7884 34.9376 1.39076 2.6476 -6.93178 -1.00277 5.89578 -1.50487 0.553782 -3.53187 -5.29134 4.70244
internal_weight=30585 8745 730 364 8015 6964 1051 21840 1481 20359 10101 10258 366 1450
internal_count=30585 8745 730 364 8015 6964 1051 21840 1481 20359 10101 10258 366 1450
is_linear=0
shrinkage=0.1


Tree=137
num_leaves=14
num_cat=0
split_feature=9 8 8 9 0 1 1 1 0 1 9 3 1
split_gain=7.30405e+06 6.10975e+07 4.25597e+07 5.01805e+07 3.44912e+07 2.85423e+07 1.91995e+07 1.90732e+07 1.7636e+07 3.249e+07 1.38878e+07 1.2597e+07 1.22682e+07
threshold=-0.60785761079279388 -0.12940952255126034 -0.9159756150367534 -0.8783796973249266 41849.475000000013 35265.405000000006 20317.635000000006 36109.540000000008 27237.795000000002 29396.640000000003 0.6078576107927941 12.776583500000003 38775.385000000009
decision_type=2 2 2 2 2 2 2 2 2 2 2 2 2
left_child=1 2 3 -1 7 -4 10 -3 11 -10 -2 -8 -6
right_child=6 4 5 -5 12 -7 8 -9 9 -11 -12 -13 -14
leaf_value=26.713598365190919 126.16198252723331 6.3654750578037289 -10.316351565700508 -16.121611065696754 84.536630877326516 -30.875339077564053 -4.3573899673817102 -10.184546049098081 15.874302723475433 0.4673784862814177 9.2280962262834816 -26.208057216880071 29.62385150155356
leaf_weight=546 20 3606 1847 546 50 1065 975 862 1474 18999 20 361 214
leaf_count=546 20 3606 1847 546 50 1065 975 862 1474 18999 20 361 214
internal_value=0.00213953 -2.44162 -11.5316 5.30084 5.25069 -17.8434 0.979307 3.17096 0.850741 1.57736 69.3461 -10.2768 40.3038
internal_weight=30585 8736 4004 1092 4732 2912 21849 4468 21809 20473 40 1336 264
internal_count=30585 8736 4004 1092 4732 2912 21849 4468 21809 20473 40 1336 264
is_linear=0
shrinkage=0.1


Tree=138
num_leaves=11
num_cat=0
split_feature=0 0 9 12 9 8 10 9 3 7
split_gain=7.3571e+06 6.77451e+06 8.00763e+06 2.4383e+07 6.15709e+06 5.32874e+07 1.72424e+07 5.55568e+06 4.22087e+06 1.96093e+06
threshold=50326.625000000007 20317.635000000006 -1.0000000180025095e-35 1.0000000180025095e-35 -0.60785761079279388 0.37940952255126043 1.0000000180025095e-35 1.0000000180025095e-35 1.7435503000000001 -0.5
decision_type=2 2 2 2 2 2 2 2 2 2
left_child=1 2 -1 -4 5 -3 -6 9 -9 -2
right_child=7 4 3 -5 6 -7 -8 8 -10 -11
leaf_value=20.686827284289947 -21.768911875849184 -8.3482258957151529 3.873642781802586 -101.05104623743006 -1.3985845123189389 7.8123842789124511 4.3616638321251759 69.434626608183891 18.478138885498048 16.511450588703156
leaf_weight=30 22 5406 55 36 13013 3276 8650 32 34 31
leaf_count=30 22 5406 55 36 13013 3276 8650 32 34 31
internal_value=0.00258245 -0.0947508 -23.6121 -38.2822 -0.000200988 -2.25011 0.901568 24.7147 43.8519 0.512619
internal_weight=30585 30466 121 91 30345 8682 21663 119 66 53
internal_count=30585 30466 121 91 30345 8682 21663 119 66 53
is_linear=0
shrinkage=0.1


Tree=139
num_leaves=15
num_cat=0
split_feature=0 1 0 10 9 1 10 2 8 9 0 2 9 8
split_gain=7.2648e+06 1.97779e+07 3.6291e+07 6.22202e+07 5.92779e+07 1.48171e+07 2.69254e+07 2.81171e+07 2.10039e+07 1.55704e+07 2.11064e+07 1.5116e+07 1.01368e+07 3.28406e+07
threshold=39456.140000000007 40227.475000000006 35919.450000000004 0.81174490092936691 1.0000000180025095e-35 37874.905000000006 -0.22252093395631442 4.2431939000000005 -0.60355339059327384 -1.0000000180025095e-35 40477.94000000001 16.664058500000003 -0.60785761079279388 0.37940952255126043
decision_type=2 2 2 2 2 2 2 2 2 2 2 2 2 2
left_child=1 12 4 -4 -3 6 7 -2 -8 10 -7 -11 13 -1
right_child=5 2 3 -5 -6 9 8 -9 -10 11 -12 -13 -14 -15
leaf_value=-9.6543773350331712 -13.42807451301897 -8.0466803015190358 -52.534161988949336 4.7339053067485848 65.14260733127594 -24.346212043991169 -17.503597050306027 36.71874855529321 19.724031450060519 3.598686085460626 -1.2158064453142685 54.975831919702991 1.4533605256064344 4.6245720619074104
leaf_weight=3638 141 816 431 338 127 478 377 531 252 4566 2237 57 13707 2889
leaf_count=3638 141 816 431 338 127 478 377 531 252 4566 2237 57 13707 2889
internal_value=0.00235229 -0.964617 -11.2819 -27.3896 1.86877 2.45861 12.2899 26.1926 -2.58124 0.714128 -5.29559 4.2439 -0.0911589 -3.33445
internal_weight=30585 21946 1712 769 943 8639 1301 672 629 7338 2715 4623 20234 6527
internal_count=30585 21946 1712 769 943 8639 1301 672 629 7338 2715 4623 20234 6527
is_linear=0
shrinkage=0.1


Tree=140
num_leaves=15
num_cat=0
split_feature=0 1 12 8 0 10 10 9 1 10 1 2 10 2
split_gain=7.23077e+06 4.06957e+07 3.56964e+07 5.31043e+07 2.30119e+07 3.27473e+07 2.22182e+07 1.28405e+07 1.00187e+07 3.89963e+07 1.18328e+07 2.82043e+07 1.20467e+07 8.94233e+06
threshold=31058.260000000006 32045.955000000005 1.0000000180025095e-35 -0.37940952255126009 32856.555000000008 1.0000000180025095e-35 1.0000000180025095e-35 -1.0000000180025095e-35 41019.980000000003 0.81174490092936691 40227.475000000006 9.0393680000000014 1.0000000180025095e-35 6.9484064500000011
decision_type=2 2 2 2 2 2 2 2 2 2 2 2 2 2
left_child=8 2 6 -4 5 -3 -2 -6 10 -10 12 -12 -1 -11
right_child=1 4 3 -5 7 -7 -8 -9 9 13 11 -13 -14 -15
leaf_value=-7.5531255159554993 20.406759350352999 -28.015239252772307 -176.82009164428712 7.1002519163974505 -2.9784189000540509 1.3740004347486781 4.2122141998107638 2.3718836546322888 105.99469612121582 10.011112213134766 18.01751326536521 -103.41772738004987 0.78315269257566933 -62.908104084156179
leaf_weight=3034 1692 727 24 42 7802 791 1697 10550 39 44 38 37 4042 26
leaf_count=3034 1692 727 24 42 7802 791 1697 10550 39 44 38 37 4042 26
internal_value=0.0023271 0.860158 10.8755 -61.4208 -0.881775 -12.7103 12.3012 0.097267 -2.75346 27.1979 -3.21374 -42.463 -2.79178 -17.5777
internal_weight=30585 23325 3455 66 19870 1518 3389 18352 7260 109 7151 75 7076 70
internal_count=30585 23325 3455 66 19870 1518 3389 18352 7260 109 7151 75 7076 70
is_linear=0
shrinkage=0.1


Tree=141
num_leaves=14
num_cat=0
split_feature=1 0 0 1 0 3 7 1 1 0 1 0 3
split_gain=7.00397e+06 1.73911e+07 1.7246e+07 1.8139e+07 1.65794e+07 2.77119e+07 1.48233e+07 1.43008e+07 1.19398e+07 2.79069e+07 1.02518e+07 1.02247e+07 5.51967e+06
threshold=40870.820000000007 29311.430000000004 39668.220000000008 28895.130000000001 41849.475000000013 2.1785721500000004 0.25881904510252091 35265.405000000006 28895.130000000001 29974.175000000003 42643.090000000004 31910.705000000005 5.4023543000000016
decision_type=2 2 2 2 2 2 2 2 2 2 2 2 2
left_child=2 12 8 6 5 -3 -4 -5 9 -1 -6 -10 -2
right_child=1 4 3 7 10 -7 -8 -9 11 -11 -12 -13 -14
leaf_value=-1.0444001444550739 90.676735289200508 -81.345101532396285 -117.41607082911901 24.915648665090274 9.9542275858827551 -8.2412186152915226 -3.3140019930326021 5.4868373326175828 -4.8740564154804931 18.350358844445985 -2.515832742227968 0.25130957739841892 24.847039639949799
leaf_weight=2389 22 52 20 427 924 2437 25 3310 5816 1075 2294 11763 31
leaf_count=2389 22 52 20 427 924 2437 25 3310 5816 1075 2294 11763 31
internal_value=0.00140316 -3.13989 0.730355 6.94658 -3.67371 -9.80055 -55.4761 7.7129 -0.387146 4.97803 1.06674 -1.4446 53.3457
internal_weight=30585 5760 24825 3782 5707 2489 45 3737 21043 3464 3218 17579 53
internal_count=30585 5760 24825 3782 5707 2489 45 3737 21043 3464 3218 17579 53
is_linear=0
shrinkage=0.1


Tree=142
num_leaves=13
num_cat=0
split_feature=1 3 7 9 2 7 10 8 2 10 2 7
split_gain=6.55376e+06 1.44476e+07 9.17309e+06 4.02629e+07 1.3195e+07 7.96109e+06 6.07835e+07 1.57393e+08 3.21586e+07 3.10798e+07 2.66814e+07 9.97056e+06
threshold=36535.785000000011 18.934560500000003 0.25881904510252091 -0.60785761079279388 5.5372485000000013 0.12940952255126043 0.81174490092936691 0.98296291314453432 13.170073500000003 -0.22252093395631442 2.5061687000000004 0.60355339059327384
decision_type=2 2 2 2 2 2 2 2 2 2 2 2
left_child=5 2 4 -4 -2 6 10 -8 9 -7 -1 -10
right_child=1 -3 3 -5 -6 8 7 -9 11 -11 -12 -13
leaf_value=27.088726183541571 2.6503043626516689 -80.755921239438266 -24.755447614166705 7.1740141561907649 -5.0940812288389408 5.6076818228722303 66.568365372361285 -47.097541426490338 30.523610694386136 -5.5583512531106107 -1.0405109299862505 90.795507681997208
leaf_weight=361 3081 22 453 3035 7689 4246 430 169 106 6034 4922 37
leaf_count=361 3081 22 453 3035 7689 4246 430 169 106 6034 4922 37
internal_value=0.00111811 -1.56301 -1.43516 3.02131 -2.87859 1.371 4.3121 34.474 -0.289003 -0.946292 0.88639 46.6407
internal_weight=30585 14280 14258 3488 10770 16305 5882 599 10423 10280 5283 143
internal_count=30585 14280 14258 3488 10770 16305 5882 599 10423 10280 5283 143
is_linear=0
shrinkage=0.1


Tree=143
num_leaves=15
num_cat=0
split_feature=1 0 12 7 8 2 9 8 2 0 0 9 0 0
split_gain=6.2644e+06 2.10822e+07 3.15303e+07 2.74287e+07 2.08013e+07 1.7049e+07 1.72054e+07 1.63389e+07 4.01518e+07 2.0983e+07 2.06641e+07 1.84952e+07 6.55243e+07 3.23412e+07
threshold=34680.870000000003 34735.06500000001 1.0000000180025095e-35 0.37940952255126054 -0.70710678118654757 11.307688000000001 -0.60785761079279388 0.78656609248549303 11.411835000000002 35155.155000000006 34408.125000000007 -0.60785761079279388 33599.535000000011 32856.555000000008
decision_type=2 2 2 2 2 2 2 2 2 2 2 2 2 2
left_child=1 5 3 -3 -4 6 -1 11 9 -9 -10 12 -2 -13
right_child=7 2 4 -5 -6 -7 -8 8 10 -11 -12 13 -14 -15
leaf_value=-5.4387552864425928 68.482937628139155 17.870059047932322 -137.53257193358047 -5.3192064734540985 -13.194549065477709 -17.502222028461684 3.3666696834243015 -32.179755992013803 79.736250770923704 -9.1573096182045859 7.9879479831252285 -13.633547486270871 -10.231953294264592 3.5578665098423734
leaf_weight=3235 109 1820 22 708 33 547 7060 564 42 1327 610 1220 2743 10545
leaf_count=3235 109 1820 22 708 33 547 7060 564 42 1327 610 1220 2743 10545
internal_value=0.00122242 1.61919 9.73614 11.3761 -64.4976 -0.315316 0.59948 -1.2646 -8.66084 -16.0372 12.7248 0.0226667 -7.20062 1.77415
internal_weight=30585 13425 2583 2528 55 10842 10295 17160 2543 1891 652 14617 2852 11765
internal_count=30585 13425 2583 2528 55 10842 10295 17160 2543 1891 652 14617 2852 11765
is_linear=0
shrinkage=0.1


Tree=144
num_leaves=15
num_cat=0
split_feature=1 0 8 10 0 2 3 0 1 12 10 2 0 10
split_gain=6.39881e+06 2.13292e+07 1.7571e+07 2.02507e+07 1.65296e+07 1.23973e+07 1.46281e+07 1.10749e+07 2.78844e+07 2.30628e+07 1.45937e+07 1.33199e+07 1.05221e+07 8.22699e+06
threshold=28074.580000000005 28058.465 -0.60355339059327384 -0.22252093395631442 30488.450000000004 8.4368815000000019 6.6251917000000011 31910.705000000005 32441.265000000003 1.0000000180025095e-35 0.81174490092936691 15.412445500000002 25538.520000000004 1.0000000180025095e-35
decision_type=2 2 2 2 2 2 2 2 2 2 2 2 2 2
left_child=1 5 4 -4 -3 13 -7 11 9 -9 -10 12 -2 -1
right_child=7 2 3 -5 -6 6 -8 8 10 -11 -12 -13 -14 -15
leaf_value=-24.101538603450546 12.58738921799443 -50.17256963782841 41.766963950629091 10.827170445150578 5.3307172623290837 -68.864817446754088 17.50954053823153 12.104301239750875 -1.5634531086313288 -59.398966573632279 7.5532355696616733 61.455090627362658 -5.1716975072444962 -3.8504608103723239
leaf_weight=312 351 71 290 779 210 20 299 2389 16858 45 1959 30 6412 560
leaf_count=312 351 71 290 779 210 20 299 2389 16858 45 1959 30 6412 560
internal_value=0.000893632 4.80509 13.4062 19.2518 -8.82143 -4.94731 11.8959 -0.434559 0.689018 10.7585 -0.613982 -3.94911 -4.24828 -11.1156
internal_weight=30585 2541 1350 1069 281 1191 319 28044 21251 2434 18817 6793 6763 872
internal_count=30585 2541 1350 1069 281 1191 319 28044 21251 2434 18817 6793 6763 872
is_linear=0
shrinkage=0.1


Tree=145
num_leaves=12
num_cat=0
split_feature=1 1 2 10 2 3 7 9 10 2 2
split_gain=5.96382e+06 7.75784e+06 1.60581e+07 2.22771e+07 1.63026e+07 9.38736e+06 1.78489e+07 6.9512e+06 1.72559e+06 1.02284e+07 566780
threshold=50326.625000000007 41182.35500000001 0.65915849500000012 -0.22252093395631442 3.6152036000000005 16.395629000000003 -0.78656609248549292 -0.60785761079279388 1.0000000180025095e-35 15.849028500000001 15.178679000000002
decision_type=2 2 2 2 2 2 2 2 2 2 2
left_child=1 5 3 -3 -4 7 -7 -1 9 10 -2
right_child=8 2 4 -5 -6 6 -8 -9 -10 -11 -12
leaf_value=-2.2995410080962446 2.1654595804214476 19.184386019706729 10.563553025829306 -74.244075071811679 -5.2078994756322041 46.457105740403705 5.1654250300826732 1.3405069194488595 4.1677122015702102 90.60722474597749 21.760952170689905
leaf_weight=7817 39 39 773 71 4278 112 1429 15947 37 20 23
leaf_count=7817 39 39 773 71 4278 112 1429 15947 37 20 23
internal_value=0.000660424 -0.086973 -3.62003 -41.245 -2.79264 0.633715 8.19469 0.143092 22.2501 30.2606 9.66478
internal_weight=30585 30466 5161 110 5051 25305 1541 23764 119 82 62
internal_count=30585 30466 5161 110 5051 25305 1541 23764 119 82 62
is_linear=0
shrinkage=0.1


Tree=146
num_leaves=15
num_cat=0
split_feature=1 8 10 1 10 3 7 7 7 10 1 2 2 10
split_gain=5.49281e+06 2.00261e+07 1.26253e+08 7.15868e+07 2.6218e+07 2.23293e+07 2.14186e+07 1.88702e+07 6.09842e+06 1.23048e+07 5.08303e+07 2.70708e+07 6.5013e+06 1.26941e+07
threshold=29396.640000000003 -0.37940952255126009 0.81174490092936691 24279.045000000002 -0.22252093395631442 5.6715140000000011 -1.0000000180025095e-35 -1.0000000180025095e-35 0.91597561503675362 0.81174490092936691 34019.515000000007 11.573353500000001 4.0216586500000009 1.0000000180025095e-35
decision_type=2 2 2 2 2 2 2 2 2 2 2 2 2 2
left_child=1 2 5 -4 7 -1 -6 -3 12 11 -11 -10 13 -2
right_child=8 4 3 -5 6 -7 -8 -9 9 10 -12 -13 -14 -15
leaf_value=17.900753630572606 -0.56528744189219604 -17.309798590453536 272.43656047639394 52.841689438290068 40.773187231093416 -26.940669116777617 -1.1621874564547212 25.667600501239093 -5.1723004488228161 -12.481630418060023 -175.49765855698359 53.400982043801292 -0.87371495867578519 10.243657811038343
leaf_weight=130 3072 115 20 53 128 737 2180 872 2091 217 20 81 19189 1680
leaf_count=130 3072 115 20 53 128 737 2180 872 2091 217 20 81 19189 1680
internal_value=0.000985581 3.34332 -9.52454 115.873 7.01605 -20.2042 1.18017 20.6477 -0.536304 -5.33113 -26.9178 -2.96437 -0.053635 3.25741
internal_weight=30585 4235 940 73 3295 867 2308 987 26350 2409 237 2172 23941 4752
internal_count=30585 4235 940 73 3295 867 2308 987 26350 2409 237 2172 23941 4752
is_linear=0
shrinkage=0.1


Tree=147
num_leaves=15
num_cat=0
split_feature=0 1 3 0 9 0 9 9 8 7 1 9 9 8
split_gain=6.55611e+06 1.63832e+07 2.04075e+07 5.2834e+07 2.22854e+07 1.72263e+07 1.589e+07 1.91044e+07 4.12506e+07 1.80083e+07 1.32859e+07 1.23907e+07 1.18787e+07 9.32765e+06
threshold=42329.99500000001 39011.405000000006 2.1785721500000004 41099.205000000009 -0.8783796973249266 39123.625000000007 -0.8783796973249266 -0.60785761079279388 -0.60355339059327384 0.12940952255126043 35949.115000000013 0.87837969732492682 -0.60785761079279388 -0.12940952255126034
decision_type=2 2 2 2 2 2 2 2 2 2 2 2 2 2
left_child=1 5 3 -3 -4 12 10 8 -8 -9 -2 -7 -1 -12
right_child=6 2 4 -5 -6 11 7 9 -10 -11 13 -13 -14 -15
leaf_value=-3.6702447714487194 94.764999944513505 -3.9405508637428284 -29.447348063755893 -175.8193182067871 -2.8954026387503768 12.009831046022066 -57.628323984757451 -1.4085336992660396 22.828995651227459 16.711085286487471 9.1018401398421815 -16.066534861852958 1.682325568205602 39.136730095111965
leaf_weight=6262 21 63 333 24 5907 1840 155 2079 107 744 482 171 12266 131
leaf_count=6262 21 63 333 24 5907 1840 155 2079 107 744 482 171 12266 131
internal_value=0.00164968 -0.543125 -4.99196 -52.8145 -4.31685 0.827507 3.93618 0.970681 -24.8079 3.37111 18.3418 9.61563 -0.12681 15.5737
internal_weight=30585 26866 6327 87 6240 20539 3719 3085 262 2823 634 2011 18528 613
internal_count=30585 26866 6327 87 6240 20539 3719 3085 262 2823 634 2011 18528 613
is_linear=0
shrinkage=0.1


Tree=148
num_leaves=13
num_cat=0
split_feature=0 10 3 3 1 0 10 3 0 3 1 1
split_gain=6.37946e+06 1.05099e+07 7.71957e+06 7.78825e+06 6.55188e+06 2.94973e+07 2.57371e+07 2.00685e+07 1.5387e+07 2.08301e+07 1.75779e+07 5.87601e+06
threshold=20317.635000000006 0.81174490092936691 10.457349000000002 11.732534000000003 30299.485000000004 29837.300000000007 -0.22252093395631442 6.1883898000000004 32780.890000000007 18.934560500000003 33038.060000000005 26903.260000000002
decision_type=2 2 2 2 2 2 2 2 2 2 2 2
left_child=1 2 -1 -4 5 7 -7 -2 9 -6 -10 -3
right_child=4 11 3 -5 8 6 -8 -9 10 -11 -12 -13
leaf_value=49.719644196828206 -62.591893604823525 -24.647381223738194 -59.351456809043889 24.26394991193499 -4.7466341151339284 24.636896761367254 3.6114692058398017 -2.1924299182138967 10.306208797185002 -73.83576237938621 -0.23584699666454864 -90.949743995666509
leaf_weight=23 55 31 23 20 5402 912 1608 3123 1737 43 17584 24
leaf_count=23 55 31 23 20 5402 912 1608 3123 1737 43 17584 24
internal_value=0.00117528 -22.8203 4.15492 -20.793 0.0925661 3.14968 11.2274 -3.25709 -0.610894 -5.3057 0.712391 -54.6868
internal_weight=30585 121 66 43 30464 5698 2520 3178 24766 5445 19321 55
internal_count=30585 121 66 43 30464 5698 2520 3178 24766 5445 19321 55
is_linear=0
shrinkage=0.1


Tree=149
num_leaves=15
num_cat=0
split_feature=0 2 0 2 2 1 0 1 0 1 1 9 9 2
split_gain=5.96335e+06 1.11569e+07 1.56311e+07 8.21182e+06 7.86547e+06 3.75454e+07 3.18408e+07 8.31624e+07 8.82323e+06 7.81582e+06 6.14561e+06 1.02696e+07 9.1916e+06 2.21315e+06
threshold=46112.075000000004 14.08067825 47380.965000000004 11.625353250000002 16.289460000000002 49468.400000000001 43298.990000000005 42749.085000000006 40102.810000000005 43695.460000000006 40227.475000000006 -0.8783796973249266 -0.60785761079279388 13.358521000000001
decision_type=2 2 2 2 2 2 2 2 2 2 2 2 2 2
left_child=4 2 3 -2 5 9 7 -6 -7 -1 11 -3 -12 -4
right_child=1 10 13 -5 6 8 -8 -9 -10 -11 12 -13 -14 -15
leaf_value=0.087047193446424989 27.767716399828597 92.993927734375006 -57.23955529801389 -10.83625199476878 19.085439928718237 44.806421595034394 51.446000611441484 -200.04212221418109 137.46276328346946 -7.312999311049885 -15.550617203478502 20.347813250941616 17.277033414908335 -25.713890463965285
leaf_weight=27975 101 24 46 119 45 22 34 27 21 1503 106 92 422 48
leaf_count=27975 101 24 46 119 45 22 34 27 21 1503 106 92 422 48
internal_value=0.000384217 7.7614 -7.67709 6.93193 -0.250825 -0.152726 -27.3144 -64.702 92.1529 -0.290496 15.2891 36.0444 10.6697 -41.5815
internal_weight=30585 958 314 220 29627 29521 106 72 43 29478 644 116 528 94
internal_count=30585 958 314 220 29627 29521 106 72 43 29478 644 116 528 94
is_linear=0
shrinkage=0.1


Tree=150
num_leaves=14
num_cat=0
split_feature=0 8 0 1 0 1 8 11 2 0 1 1 2
split_gain=5.48374e+06 7.40376e+06 1.11101e+07 7.06537e+06 1.72109e+07 2.48366e+07 1.31887e+07 1.97116e+07 1.77497e+07 1.20405e+07 3.53197e+06 1.05244e+07 1.61046e+06
threshold=22921.570000000003 -0.9159756150367534 20317.635000000006 28074.580000000005 25538.520000000004 34854.370000000003 -0.60355339059327384 1.0000000180025095e-35 8.3778580000000016 31910.705000000005 25193.570000000003 27567.260000000006 7.0548860000000007
decision_type=2 2 2 2 2 2 2 2 2 2 2 2 2
left_child=1 2 -1 6 5 -5 7 -2 -8 -6 12 -12 -3
right_child=3 10 -4 4 9 -7 8 -9 -10 -11 11 -13 -14
leaf_value=-25.204706688360737 17.708075566725299 -21.047973738861085 74.499129303641936 42.604107159560492 -4.3121868134927448 -34.178299780024425 2.7562887085139098 -29.395399804013842 24.080608513586267 0.62361362089561245 32.582232920328778 -24.036600157847772 -43.254734181343245
leaf_weight=21 142 124 22 193 6439 53 1364 234 546 21251 47 103 46
leaf_count=21 142 124 22 193 6439 53 1364 234 546 21251 47 103 46
internal_value=0.000654971 -12.2001 26.3404 0.147599 -0.289862 25.9902 5.49137 -11.6065 8.86155 -0.524266 -17.4449 -6.19774 -27.2747
internal_weight=30585 363 43 30222 27936 246 2286 376 1910 27690 320 150 170
internal_count=30585 363 43 30222 27936 246 2286 376 1910 27690 320 150 170
is_linear=0
shrinkage=0.1


Tree=151
num_leaves=15
num_cat=0
split_feature=9 8 9 1 12 12 2 0 8 12 2 2 0 0
split_gain=5.55774e+06 1.24843e+07 3.0428e+07 2.76078e+07 2.12779e+07 1.90934e+07 6.29278e+07 2.27985e+07 8.58402e+06 2.12521e+07 4.37482e+07 2.12121e+07 7.31967e+07 2.10012e+07
threshold=0.6078576107927941 1.0000000180025095e-35 0.87837969732492682 28074.580000000005 1.0000000180025095e-35 1.0000000180025095e-35 11.914430500000003 37670.880000000012 -0.70710678118654757 1.0000000180025095e-35 3.1241386500000004 4.464591050000001 30798.540000000005 31624.265000000003
decision_type=2 2 2 2 2 2 2 2 2 2 2 2 2 2
left_child=8 5 3 -3 -4 7 -7 -2 11 -10 -11 12 -1 -13
right_child=1 2 4 -5 -6 6 -8 -9 9 10 -12 13 -14 -15
leaf_value=202.26912776402065 -11.975519160603708 59.70692121604133 -4.24662940137185 11.469710863863382 50.664532878300918 39.426224234796344 -93.539373625460129 4.2433296190746121 -2.7896326815090897 -115.7677791748047 18.785764489232438 -15.438525367042647 12.870928285047007 2.96122915765919
leaf_weight=20 1216 125 2119 2059 72 61 83 3010 15624 24 732 734 731 3975
leaf_count=20 1216 125 2119 2059 72 61 83 3010 15624 24 732 734 731 3975
internal_value=0.000633382 2.13079 5.90638 14.2566 -2.41986 -1.6496 -37.3302 -0.425252 -0.852367 -1.99696 14.3669 2.58116 18.1771 0.0905586
internal_weight=30585 8745 4375 2184 2191 4370 144 4226 21840 16380 756 5460 751 4709
internal_count=30585 8745 4375 2184 2191 4370 144 4226 21840 16380 756 5460 751 4709
is_linear=0
shrinkage=0.1


Tree=152
num_leaves=15
num_cat=0
split_feature=1 2 10 2 10 8 9 2 10 9 2 10 10 1
split_gain=4.82694e+06 1.43555e+07 1.68443e+07 9.09912e+06 2.72694e+07 2.39541e+07 1.7151e+07 9.01146e+06 1.03684e+07 8.95713e+06 2.62161e+07 7.41741e+06 6.90816e+06 3.58355e+06
threshold=40870.820000000007 1.0000000180025095e-35 -0.22252093395631442 14.401759500000002 0.81174490092936691 -0.9159756150367534 -0.8783796973249266 3.6152036000000005 -0.56174490092936669 0.6078576107927941 13.358521000000001 0.81174490092936691 1.0000000180025095e-35 43418.890000000007
decision_type=2 2 2 2 2 2 2 2 2 2 2 2 2 2
left_child=3 2 -2 9 6 -6 -5 11 -9 12 -11 -3 -1 -4
right_child=1 7 13 4 5 -7 -8 8 -10 10 -12 -13 -14 -15
leaf_value=0.75285473613857135 21.446779701926491 3.2692206374963533 -53.599618398575558 31.618332213096028 2.6927533411979674 106.01909978614663 -4.0943817137926812 -10.210579684315602 -0.43300816794423347 4.3878317222013434 -40.314729185780486 28.682339627212947 -3.2688680322023864 -117.8645028977167
leaf_weight=10301 21 772 20 176 39 52 559 1657 3136 6270 133 134 7295 20
leaf_count=10301 21 772 20 176 39 52 559 1657 3136 6270 133 134 7295 20
internal_value=0.0010887 -2.6067 -50.4664 0.606239 10.9194 62.247 4.48857 -2.08566 -3.81466 0.25084 3.45314 7.05537 -0.914574 -87.8231
internal_weight=30585 5760 61 24825 826 91 735 5699 4793 23999 6403 906 17596 40
internal_count=30585 5760 61 24825 826 91 735 5699 4793 23999 6403 906 17596 40
is_linear=0
shrinkage=0.1


Tree=153
num_leaves=15
num_cat=0
split_feature=0 2 1 1 0 10 0 1 7 11 10 0 1 1
split_gain=5.51663e+06 1.95645e+07 4.40623e+07 1.66068e+07 1.75091e+07 1.62503e+07 1.61757e+07 1.98723e+07 1.1561e+07 1.07069e+07 1.01883e+07 6.80796e+06 1.42778e+07 1.17826e+07
threshold=27237.795000000002 7.0086555000000006 35651.310000000005 27567.260000000006 38946.780000000006 1.0000000180025095e-35 25538.520000000004 30501.850000000002 -0.9159756150367534 1.0000000180025095e-35 -0.56174490092936669 39668.220000000008 41585.865000000013 31002.400000000005
decision_type=2 2 2 2 2 2 2 2 2 2 2 2 2 2
left_child=1 2 5 4 9 -1 7 -3 -8 -2 -6 13 -13 -5
right_child=3 6 -4 11 10 -7 8 -9 -10 -11 -12 12 -14 -15
leaf_value=-29.618586497871505 26.133696115749036 4.1833567623151557 -118.21555532455446 3.3185198981930526 -100.14188515799387 -1.0816551995594887 61.608524114435376 48.590724347715508 -12.87086762561465 6.3550606043946232 -4.5647967529296878 6.049536891365829 -2.3745401238165051 -2.5221735097363376
leaf_weight=303 459 326 39 4489 20 581 21 145 400 678 24 4484 3648 14968
leaf_count=303 459 326 39 4489 20 581 21 145 400 678 24 4484 3648 14968
internal_value=0.000878806 -5.34462 -15.5435 0.338282 11.9454 -10.8854 5.2143 17.9284 -9.01856 14.3555 -49.2689 -0.158999 2.27068 -1.17454
internal_weight=30585 1815 923 28770 1181 884 892 471 421 1137 44 27589 8132 19457
internal_count=30585 1815 923 28770 1181 884 892 471 421 1137 44 27589 8132 19457
is_linear=0
shrinkage=0.1


Tree=154
num_leaves=12
num_cat=0
split_feature=1 1 7 12 12 2 9 9 10 2 2
split_gain=4.63685e+06 5.23722e+06 8.51984e+06 3.97237e+07 1.54138e+07 5.49873e+06 1.93948e+07 8.29769e+06 1.405e+06 8.37539e+06 431706
threshold=50326.625000000007 37934.180000000008 0.12940952255126043 1.0000000180025095e-35 1.0000000180025095e-35 8.9233255000000025 -0.8783796973249266 -0.60785761079279388 1.0000000180025095e-35 15.849028500000001 15.178679000000002
decision_type=2 2 2 2 2 2 2 2 2 2 2
left_child=1 5 4 -4 -3 7 -7 -1 9 10 -2
right_child=8 2 3 -5 -6 6 -8 -9 -10 -11 -12
leaf_value=-3.574868507738068 1.679788284301758 -4.153868223239507 5.1785446409969422 -56.614843043574581 17.816937221676472 15.744548630468067 0.87340027434069667 1.7365924138453295 3.3164908685182271 81.450796490623844 18.774716071287791
leaf_weight=4704 39 8371 2832 107 331 1053 5223 7845 37 20 23
leaf_count=4704 39 8371 2832 107 331 1053 5223 7845 37 20 23
internal_value=0.00041442 -0.076857 -1.74408 2.91034 -3.31621 0.954156 3.37062 -0.254538 19.619 26.8464 8.21881
internal_weight=30585 30466 11641 2939 8702 18825 6276 12549 119 82 62
internal_count=30585 30466 11641 2939 8702 18825 6276 12549 119 82 62
is_linear=0
shrinkage=0.1


Tree=155
num_leaves=15
num_cat=0
split_feature=0 1 2 0 0 2 12 1 3 1 7 1 8 1
split_gain=5.21459e+06 1.19919e+07 1.51163e+07 1.45238e+07 1.35144e+07 1.76618e+07 1.18478e+07 1.15543e+07 1.18341e+07 3.85311e+07 3.13871e+07 9.2626e+06 9.88641e+06 9.02642e+06
threshold=42329.99500000001 39011.405000000006 -0.81803642999999993 30217.440000000006 35476.855000000003 15.679721000000002 1.0000000180025095e-35 42241.970000000008 4.6775312500000004 46832.380000000012 0.25881904510252091 39067.55000000001 0.78656609248549303 40605.320000000007
decision_type=2 2 2 2 2 2 2 2 2 2 2 2 2 2
left_child=1 4 -3 -4 5 -1 -6 11 10 -10 -9 12 -2 -13
right_child=7 2 3 -5 6 -7 -8 8 9 -11 -12 13 -14 -15
leaf_value=-1.3626188680652782 -4.3807588906816743 -88.997419639428472 21.599206140108198 -4.9071981784498426 3.5488401457925507 79.598670014739042 30.421857825631186 -1.0518182078387841 -1.6452197743561663 -61.690509368211792 44.086106992771754 29.500898898832983 59.107937387319716 8.9061000808968522
leaf_weight=13305 432 20 213 6094 7041 26 167 814 1235 116 189 341 25 567
leaf_count=13305 432 20 213 6094 7041 26 167 814 1235 116 189 341 25 567
internal_value=0.000641815 -0.48521 -4.29142 -4.00874 0.687437 -1.19876 4.17559 3.50961 -0.735521 -6.84266 7.48917 10.8257 -0.786162 16.6644
internal_weight=30585 26866 6327 6307 20539 13331 7208 3719 2354 1351 1003 1365 457 908
internal_count=30585 26866 6327 6307 20539 13331 7208 3719 2354 1351 1003 1365 457 908
is_linear=0
shrinkage=0.1


Tree=156
num_leaves=15
num_cat=0
split_feature=0 1 8 9 9 1 10 3 1 9 1 3 9 8
split_gain=4.94493e+06 1.596e+07 1.72847e+07 2.54727e+07 1.03482e+07 9.67518e+06 5.83218e+07 3.02764e+07 2.45757e+07 6.65262e+07 1.73175e+07 1.01438e+07 8.42648e+06 3.70512e+07
threshold=27933.765000000003 27567.260000000006 1.0000000180025095e-35 -1.0000000180025095e-35 -0.8783796973249266 36185.06500000001 1.0000000180025095e-35 12.187840500000002 31814.485000000004 1.0000000180025095e-35 37998.715000000004 5.2602615000000013 -0.60785761079279388 0.1294095225512602
decision_type=2 2 2 2 2 2 2 2 2 2 2 2 2 2
left_child=5 2 3 -2 -4 8 10 -8 11 -10 -7 -1 13 -3
right_child=1 12 4 -5 -6 6 7 -9 9 -11 -12 -13 -14 -15
leaf_value=-67.522389249448423 -12.233551356256918 -9.4646514511522817 59.327978117842434 44.972902897706973 19.363106096727879 -25.276134270888107 -120.09669237598297 -0.31745744185014207 50.974147640108527 -61.436093272333565 77.311451516721561 -5.7904209061075926 1.0074443243995073 4.5579317044497314
leaf_weight=26 393 4037 75 96 457 25 61 32 222 68 45 1941 19575 3532
leaf_count=26 393 4037 75 96 457 25 61 32 222 68 45 1941 19575 3532
internal_value=0.000946196 0.373721 12.6415 -0.933975 25.098 -4.33593 -27.7886 -79.3242 -2.63063 24.4953 40.8331 -6.6403 -0.0881695 -2.92141
internal_weight=30585 28165 1021 489 532 2420 163 93 2257 290 70 1967 27144 7569
internal_count=30585 28165 1021 489 532 2420 163 93 2257 290 70 1967 27144 7569
is_linear=0
shrinkage=0.1


Tree=157
num_leaves=15
num_cat=0
split_feature=0 1 8 10 7 0 10 10 1 10 2 10 2 8
split_gain=4.95278e+06 2.96569e+07 1.97855e+07 1.4061e+08 2.10359e+07 1.92799e+07 2.79409e+07 1.32849e+07 1.32014e+07 2.02016e+07 1.50521e+07 1.09716e+07 4.14592e+07 2.14324e+07
threshold=30798.540000000005 32045.955000000005 -0.37940952255126009 0.81174490092936691 -0.78656609248549292 33014.010000000002 1.0000000180025095e-35 0.81174490092936691 40940.23000000001 0.81174490092936691 6.9484064500000011 1.0000000180025095e-35 13.260953500000001 -0.37940952255126009
decision_type=2 2 2 2 2 2 2 2 2 2 2 2 2 2
left_child=8 2 3 -2 -4 6 -3 -7 11 -10 -11 12 -1 -13
right_child=1 5 4 -5 -6 7 -8 -9 9 10 -12 13 -14 -15
leaf_value=-9.2733996237562888 -7.5678586630935305 -23.909826600756716 -14.629458813019742 242.2776324728261 16.238188945216191 -0.71079834934641362 0.81251746175566097 8.8146770133454808 93.64775149027507 38.857108840189483 -61.05268817138672 14.700011449938186 87.503944922553174 -3.3642434625748994
leaf_weight=2738 1091 849 242 22 2436 16575 989 1605 35 37 24 835 44 3063
leaf_count=2738 1091 849 242 22 2436 16575 989 1605 35 37 24 835 44 3063
internal_value=0.000705712 0.679589 8.78845 -2.41626 13.4444 -0.856426 -10.6139 0.130586 -2.38445 34.243 -0.802372 -2.91588 -7.71188 0.508122
internal_weight=30585 23809 3791 1113 2678 20018 1838 18180 6776 96 61 6680 2782 3898
internal_count=30585 23809 3791 1113 2678 20018 1838 18180 6776 96 61 6680 2782 3898
is_linear=0
shrinkage=0.1


Tree=158
num_leaves=15
num_cat=0
split_feature=0 10 7 8 8 9 3 10 0 0 2 9 9 2
split_gain=5.01288e+06 1.58173e+07 4.00297e+07 1.66814e+07 1.39665e+07 6.91631e+06 6.16957e+06 1.74652e+07 1.64552e+07 9.54047e+06 7.01822e+06 3.1503e+07 9.97603e+06 3.37532e+06
threshold=39123.625000000007 0.81174490092936691 -1.0000000180025095e-35 -0.60355339059327384 0.98296291314453432 -0.8783796973249266 2.4850292000000005 0.81174490092936691 30798.540000000005 34076.125000000007 12.778893250000001 0.6078576107927941 0.6078576107927941 12.363891000000001
decision_type=2 2 2 2 2 2 2 2 2 2 2 2 2 2
left_child=6 4 3 -3 5 -2 7 8 -1 -9 12 -12 -8 -6
right_child=1 2 -4 -5 13 -7 10 9 -10 -11 11 -13 -14 -15
leaf_value=64.835295395624073 7.090114286336207 109.58287159687764 -83.440318415715154 31.87413416237667 30.361411677273839 -0.24265490774892498 -1.8784930665699315 10.141199081594294 -39.25608968561346 96.399392627267275 -0.21524781965899412 -43.088250768351003 3.2190352528366093 78.824090666998003
leaf_weight=20 1549 36 25 115 54 7560 14864 21 54 33 845 214 5175 20
leaf_count=20 1549 36 25 115 54 7560 14864 21 54 33 845 214 5175 20
internal_value=0.00188517 1.92977 31.5396 50.9998 1.3589 1.00494 -0.848212 20.9546 -10.6339 63.6488 -0.981475 -8.91139 -0.56198 44.3358
internal_weight=30585 9359 176 151 9183 9109 21226 128 74 54 21098 1059 20039 74
internal_count=30585 9359 176 151 9183 9109 21226 128 74 54 21098 1059 20039 74
is_linear=0
shrinkage=0.1


Tree=159
num_leaves=13
num_cat=0
split_feature=1 0 10 7 8 0 8 10 10 2 10 1
split_gain=4.72376e+06 1.76151e+07 2.10442e+07 1.42568e+08 2.89416e+07 1.72011e+07 1.55742e+07 3.08884e+07 1.51487e+07 1.24423e+07 1.95003e+07 1.50178e+07
threshold=35866.580000000009 33992.56500000001 0.81174490092936691 -1.0000000180025095e-35 1.0000000180025095e-35 24246.345000000005 0.9159756150367534 0.81174490092936691 0.81174490092936691 11.307688000000001 -0.56174490092936669 31002.400000000005
decision_type=2 2 2 2 2 2 2 2 2 2 2 2
left_child=1 9 4 -4 -3 -2 8 -8 -7 11 -11 -1
right_child=5 2 3 -5 -6 6 7 -9 -10 10 -12 -13
leaf_value=2.9426362449603563 -89.595056663859978 0.54895838324067892 152.33872777303063 -100.95460324620092 16.90997453640659 -1.7159307853857961 -6.6269752296213742 -61.002393756707512 7.1166420357700453 -59.537111533398551 -7.4195221310881188 -4.9000744796255384
leaf_weight=6115 21 2516 29 85 1895 12098 810 119 2312 85 437 4063
leaf_count=6115 21 2516 29 85 1895 12098 810 119 2312 85 437 4063
internal_value=0.00256049 1.25078 6.48058 -35.7559 7.58002 -1.23469 -1.10789 -13.6503 -0.298401 -0.961282 -16.0037 -0.188303
internal_weight=30585 15225 4525 114 4411 15360 15339 929 14410 10700 522 10178
internal_count=30585 15225 4525 114 4411 15360 15339 929 14410 10700 522 10178
is_linear=0
shrinkage=0.1


Tree=160
num_leaves=15
num_cat=0
split_feature=9 8 9 3 8 10 1 10 12 2 1 7 9 2
split_gain=4.5793e+06 9.57736e+06 2.34176e+07 1.03946e+07 7.13968e+06 8.933e+07 9.16951e+07 3.62136e+07 2.35567e+07 3.59627e+07 2.73269e+07 5.4858e+06 3.71246e+07 1.74243e+07
threshold=0.6078576107927941 0.96592582628906831 0.87837969732492682 7.1344417500000015 -0.60355339059327384 0.81174490092936691 34934.045000000006 1.0000000180025095e-35 1.0000000180025095e-35 9.9554085000000025 33545.605000000003 0.37940952255126054 0.87837969732492682 7.8633765000000002
decision_type=2 2 2 2 2 2 2 2 2 2 2 2 2 2
left_child=4 11 3 -3 5 7 -7 -1 10 -10 -6 13 -13 -2
right_child=1 2 -4 -5 8 6 -8 -9 9 -11 -12 12 -14 -15
leaf_value=0.99094216856942774 5.1831556199030828 71.872877327901023 -4.9682980617361112 23.766255332734261 1.6116264503550473 95.526888672898451 15.399580019262197 -18.471053745466119 -2.0361688596512573 43.995928426210632 -6.9969473254964134 14.728578885999418 -6.533400377718209 -6.9706785171592998
leaf_weight=3822 2230 52 366 312 7209 163 1111 1274 438 276 7547 1638 1645 2502
leaf_count=3822 2230 52 366 312 7209 163 1111 1274 438 276 7547 1638 1645 2502
internal_value=0.00180782 1.93539 12.8929 30.8167 -0.772475 2.04497 25.7182 -3.87723 -1.93266 15.7944 -2.79143 0.9359 4.07618 -1.24318
internal_weight=30585 8745 730 364 21840 6370 1274 5096 15470 714 14756 8015 3283 4732
internal_count=30585 8745 730 364 21840 6370 1274 5096 15470 714 14756 8015 3283 4732
is_linear=0
shrinkage=0.1


Tree=161
num_leaves=15
num_cat=0
split_feature=0 1 12 1 12 7 0 9 7 1 9 1 7 1
split_gain=6.77572e+06 2.379e+07 2.85228e+07 2.44598e+07 1.66036e+07 7.87271e+07 2.0627e+07 1.49165e+07 8.70215e+06 3.10475e+07 4.05047e+07 1.42981e+07 4.00271e+07 1.42293e+07
threshold=30990.680000000004 31583.400000000005 1.0000000180025095e-35 30813.135000000006 1.0000000180025095e-35 1.0000000180025095e-35 32222.755000000001 -0.8783796973249266 0.25881904510252091 27252.950000000004 -1.0000000180025095e-35 33186.05000000001 0.78656609248549325 30942.745000000006
decision_type=2 2 2 2 2 2 2 2 2 2 2 2 2 2
left_child=8 2 7 -4 6 -6 -3 -2 9 10 -1 13 -13 -10
right_child=1 4 3 -5 5 -7 -8 -9 11 -11 -12 12 -14 -15
leaf_value=-4.9883774291085938 26.913532564385488 -14.143296848029278 -107.33091782017758 26.100151096690787 41.961919376087678 -35.474744684442044 -0.069318677525377487 7.5206927157685151 -0.14428470235615606 -14.991509672667597 77.769728399948647 36.372246863171014 -18.063487984876801 -14.816293024410895
leaf_weight=180 479 1101 37 21 393 196 18926 2293 4129 1398 87 333 226 786
leaf_count=180 479 1101 37 21 393 196 18926 2293 4129 1398 87 333 226 786
internal_value=0.00236955 0.823694 9.4195 -59.3961 -0.356669 16.1771 -0.843714 10.8803 -2.69477 -9.02298 22.1673 -0.768657 14.3713 -2.49315
internal_weight=30585 23446 2830 58 20616 589 20027 2772 7139 1665 267 5474 559 4915
internal_count=30585 23446 2830 58 20616 589 20027 2772 7139 1665 267 5474 559 4915
is_linear=0
shrinkage=0.1


Tree=162
num_leaves=15
num_cat=0
split_feature=9 8 3 1 1 12 3 1 8 10 1 1 3 1
split_gain=4.29412e+06 8.42463e+06 1.88438e+07 1.58483e+07 1.51266e+07 1.34791e+07 4.56904e+07 8.92456e+06 5.71737e+06 2.70805e+07 6.58038e+07 2.46379e+07 1.36174e+07 2.01653e+07
threshold=0.6078576107927941 0.1294095225512602 7.5042258000000013 35107.170000000006 31002.400000000005 1.0000000180025095e-35 6.2498431000000005 49468.400000000001 -0.70710678118654757 0.81174490092936691 26903.260000000002 28517.205000000005 5.9418440000000006 41347.860000000008
decision_type=2 2 2 2 2 2 2 2 2 2 2 2 2 2
left_child=8 5 4 -4 -3 7 -7 -2 9 11 -11 -1 13 -10
right_child=1 2 3 -5 -6 6 -8 -9 12 10 -12 -13 -14 -15
leaf_value=-28.7356509323244 -0.64310593196356225 69.744009770287406 7.249166280149236 -7.3204745601807062 14.985522659472014 -80.126059518541609 27.744784538165945 30.015682074949918 13.881743995288019 191.46208670479913 12.6855490358378 0.60021533994633502 -2.7629257269274738 -6.6636534885898717
leaf_weight=307 4483 53 1959 1205 793 83 73 96 1245 20 1072 4061 14361 774
leaf_count=307 4483 53 1959 1205 793 83 73 96 1245 20 1072 4061 14361 774
internal_value=0.00215421 1.87456 5.24671 1.6998 18.4943 -0.981765 -29.7928 0.00607733 -0.747632 2.05453 16.132 -1.46773 -1.68175 6.0061
internal_weight=30585 8745 4010 3164 846 4735 156 4579 21840 5460 1092 4368 16380 2019
internal_count=30585 8745 4010 3164 846 4735 156 4579 21840 5460 1092 4368 16380 2019
is_linear=0
shrinkage=0.1


Tree=163
num_leaves=15
num_cat=0
split_feature=3 1 10 8 9 1 9 8 9 8 10 12 7 9
split_gain=4.25734e+06 1.74737e+07 5.35585e+07 5.46986e+06 9.77253e+06 6.74731e+06 3.94765e+06 6.91041e+06 1.73172e+07 4.34634e+06 5.57602e+07 1.96115e+07 3.29446e+06 185828
threshold=16.187120000000004 45255.490000000013 -0.22252093395631442 -0.70710678118654757 -1.0000000180025095e-35 40049.210000000014 0.6078576107927941 0.96592582628906831 0.87837969732492682 -0.60355339059327384 0.81174490092936691 1.0000000180025095e-35 0.37940952255126054 0.87837969732492682
decision_type=2 2 2 2 2 2 2 2 2 2 2 2 2 2
left_child=6 3 -3 4 -2 -5 9 12 -9 10 -1 -11 -8 -4
right_child=1 2 13 5 -6 -7 7 8 -10 11 -12 -13 -14 -15
leaf_value=-3.6088998215772907 0.054117388664921634 56.207778751850128 -129.18332094938859 7.0703175011137533 51.144765273729966 -10.961660394508968 -1.0203164931994602 27.540260487380706 -4.6275335565604996 -2.8751457261624425 20.131422691641795 14.14256498711641 3.2591825066086191 -93.162386842207482
leaf_weight=4925 78 31 22 1578 71 238 4540 330 338 13486 1237 712 2978 21
leaf_count=4925 78 31 22 1578 71 238 4540 330 338 13486 1237 712 2978 21
internal_value=0.0027304 4.41606 -42.9619 6.22121 24.578 4.70236 -0.312651 1.54183 11.2812 -1.05831 1.15938 -2.02081 0.675069 -114.109
internal_weight=30585 2039 74 1965 149 1816 28546 8186 668 20360 6162 14198 7518 43
internal_count=30585 2039 74 1965 149 1816 28546 8186 668 20360 6162 14198 7518 43
is_linear=0
shrinkage=0.1


Tree=164
num_leaves=12
num_cat=0
split_feature=0 1 10 2 2 1 0 1 10 12 2
split_gain=7.15902e+06 2.48646e+07 2.41479e+07 5.39785e+07 1.9795e+07 1.72135e+07 6.76057e+07 1.70939e+07 2.92705e+07 1.66616e+07 1.64469e+07
threshold=36584.920000000006 47378.745000000003 0.81174490092936691 1.9015510500000001 12.706171000000003 41585.865000000013 39284.30000000001 35579.180000000008 -0.56174490092936669 1.0000000180025095e-35 11.307688000000001
decision_type=2 2 2 2 2 2 2 2 2 2 2
left_child=1 7 5 -4 -5 9 -7 10 -9 -2 -1
right_child=2 -3 3 4 -6 6 -8 8 -10 -11 -12
leaf_value=1.145831545757753 2.4563468208931671 102.48403210847276 -104.14999150922222 8.6522514453679324 50.823233731900615 -75.501541843123107 -2.3586757205147659 -27.855201208951492 -3.6442226931795916 31.830821232384235 -13.091416352597225
leaf_weight=11856 9775 22 30 199 253 130 3577 595 3082 196 870
leaf_count=11856 9775 22 30 199 253 130 3577 595 3082 196 870
internal_value=0.00224193 -1.41825 1.64994 23.6251 32.3169 0.873885 -4.94338 -1.56385 -7.56847 3.0369 0.171564
internal_weight=30585 16425 14160 482 452 13678 3707 16403 3677 9971 12726
internal_count=30585 16425 14160 482 452 13678 3707 16403 3677 9971 12726
is_linear=0
shrinkage=0.1


Tree=165
num_leaves=15
num_cat=0
split_feature=1 2 10 7 7 3 1 7 7 10 7 10 9 1
split_gain=4.19029e+06 7.79217e+06 1.04814e+07 1.70409e+07 1.27275e+07 1.02986e+07 1.62974e+07 7.03737e+06 4.5351e+06 3.39909e+07 8.48367e+07 2.37317e+07 4.48257e+07 2.53945e+07
threshold=37934.180000000008 4.8855067000000014 0.81174490092936691 -0.5 0.37940952255126054 7.1829342000000009 43418.890000000007 0.12940952255126043 0.12940952255126043 0.81174490092936691 -1.0000000180025095e-35 -0.22252093395631442 0.6078576107927941 30942.745000000006
decision_type=2 2 2 2 2 2 2 2 2 2 2 2 2 2
left_child=8 2 4 -4 -2 7 -7 -3 9 -1 -11 13 -13 -10
right_child=1 5 3 -5 -6 6 -8 -9 11 10 -12 12 -14 -15
leaf_value=0.43283447132710368 4.4379025683513555 -1.9094416332966617 -1.7094485419137138 36.930988202636897 -12.239270281791688 -4.7436228424600495 -27.501653959931332 7.2464889264282064 13.608131684311301 39.91582382453916 -31.447064480887519 -11.942523157734652 4.8014793688342152 -1.3510965855563222
leaf_weight=6890 1897 3674 237 219 602 3701 343 1087 1992 642 224 3500 2942 2635
leaf_count=6890 1897 3674 237 219 602 3701 343 1087 1992 642 224 3500 2942 2635
internal_value=0.00192221 -1.47893 2.96374 16.8883 0.417144 -2.97007 -6.68021 0.182063 0.927039 2.78109 21.4421 -0.372223 -4.29614 5.09065
internal_weight=30585 11760 2955 456 2499 8805 4044 4761 18825 7756 866 11069 6442 4627
internal_count=30585 11760 2955 456 2499 8805 4044 4761 18825 7756 866 11069 6442 4627
is_linear=0
shrinkage=0.1


Tree=166
num_leaves=15
num_cat=0
split_feature=0 1 0 1 7 10 1 9 7 7 10 9 1 9
split_gain=8.00813e+06 1.92658e+07 1.61882e+07 2.09751e+07 1.57083e+07 1.31841e+07 1.17955e+07 3.65423e+07 4.55685e+07 1.94116e+07 1.11525e+07 1.1147e+07 1.09774e+07 5.50387e+07
threshold=31624.265000000003 32880.240000000013 37982.760000000002 44974.485000000008 -0.9159756150367534 0.81174490092936691 36316.030000000006 -0.60785761079279388 0.25881904510252091 -1.0000000180025095e-35 -0.22252093395631442 -0.60785761079279388 33115.270000000011 1.0000000180025095e-35
decision_type=2 2 2 2 2 2 2 2 2 2 2 2 2 2
left_child=6 4 3 -3 11 -4 12 9 -9 -8 -6 -2 -1 -14
right_child=1 2 5 -5 10 -7 7 8 -10 -11 -12 -13 13 -15
leaf_value=-2.5263317372845808 -0.70483848558713325 -4.7246138937144817 1.508760665500489 35.355857068972476 16.073249498946691 23.523712586758386 107.53908632596334 -45.525642740693456 4.3031819377990974 -14.672368512834822 4.5870607533282302 -45.986969681443838 35.36920594071173 -28.07694008422828
leaf_weight=6978 145 7170 10901 132 1408 278 35 360 373 20 2116 86 366 217
leaf_count=6978 145 7170 10901 132 1408 278 35 360 373 20 2116 86 366 217
internal_value=0.00177753 0.993299 -0.333636 -3.99533 7.52243 2.05828 -2.63876 -14.2739 -20.198 63.6301 9.17958 -17.6887 -1.42443 11.7461
internal_weight=30585 22236 18481 7302 3755 11179 8349 788 733 55 3524 231 7561 583
internal_count=30585 22236 18481 7302 3755 11179 8349 788 733 55 3524 231 7561 583
is_linear=0
shrinkage=0.1


Tree=167
num_leaves=13
num_cat=0
split_feature=0 1 1 0 9 10 8 9 1 0 10 2
split_gain=6.62432e+06 2.44677e+07 1.72765e+07 2.41679e+07 6.70852e+07 1.87019e+07 2.13415e+07 1.44555e+07 1.42039e+07 3.13505e+07 2.35494e+07 1.12229e+07
threshold=33903.405000000006 45834.81500000001 37626.125000000007 37608.700000000004 1.0000000180025095e-35 1.0000000180025095e-35 -0.60355339059327384 -1.0000000180025095e-35 30942.745000000006 29837.300000000007 1.0000000180025095e-35 4.8448008000000007
decision_type=2 2 2 2 2 2 2 2 2 2 2 2
left_child=1 8 5 4 -4 11 -7 -5 9 -1 -10 -2
right_child=2 -3 3 7 -6 6 -8 -9 10 -11 -12 -13
leaf_value=-4.7818534331839464 0.51966150213976026 91.587091827392584 3.1631686704516779 -4.6118252415971757 -39.782524702256623 -12.053717519871475 5.3398690226530743 3.5136962332066362 -11.890213560868476 9.4955245572789622 0.60704593241214755 12.612349550581351
leaf_weight=3592 1030 27 978 3393 578 1090 1995 6168 2931 2688 3104 3011
leaf_count=3592 1030 27 978 3393 578 1090 1995 6168 2931 2688 3104 3011
internal_value=0.00188107 -1.78729 1.21235 -1.25147 -12.805 5.0557 -0.807591 0.629937 -1.99943 1.32977 -5.46342 9.53097
internal_weight=30585 12342 18243 11117 1556 7126 3085 9561 12315 6280 6035 4041
internal_count=30585 12342 18243 11117 1556 7126 3085 9561 12315 6280 6035 4041
is_linear=0
shrinkage=0.1


Tree=168
num_leaves=15
num_cat=0
split_feature=0 1 3 0 9 0 9 9 8 7 3 3 1 8
split_gain=5.92364e+06 1.26458e+07 1.94825e+07 3.94646e+07 1.7478e+07 1.39657e+07 1.116e+07 1.42789e+07 3.14097e+07 1.22093e+07 1.06539e+07 1.05153e+07 9.43075e+06 8.22553e+06
threshold=42329.99500000001 39011.405000000006 2.1785721500000004 41099.205000000009 -0.8783796973249266 35476.855000000003 -0.8783796973249266 -0.60785761079279388 -0.37940952255126009 0.12940952255126043 2.3431015000000004 18.263317000000004 35949.115000000013 -0.12940952255126034
decision_type=2 2 2 2 2 2 2 2 2 2 2 2 2 2
left_child=1 5 3 -3 -4 10 12 8 -8 -9 -1 -7 -2 -14
right_child=6 2 4 -5 -6 11 7 9 -10 -11 -12 -13 13 -15
leaf_value=60.390983315876554 80.205350286310377 -8.8206100355833765 -26.020453175206384 -157.46803970336916 -2.5061914316997105 3.8664501048815896 -45.775045683740203 -0.60426820476181231 27.043535708321464 14.315573713699445 -1.3587791609004274 43.969144672245697 7.4071645739069885 35.606408534086114
leaf_weight=27 21 63 333 24 5907 7143 173 2079 89 744 13304 65 482 131
leaf_count=27 21 63 333 24 5907 7143 173 2079 89 744 13304 65 482 131
internal_value=0.00186858 -0.515962 -4.42456 -51.1502 -3.76501 0.688231 3.7418 1.25641 -21.0302 3.33152 -1.22919 4.23414 15.8145 13.4816
internal_weight=30585 26866 6327 87 6240 20539 3719 3085 262 2823 13331 7208 634 613
internal_count=30585 26866 6327 87 6240 20539 3719 3085 262 2823 13331 7208 634 613
is_linear=0
shrinkage=0.1


Tree=169
num_leaves=13
num_cat=0
split_feature=0 10 8 2 1 1 0 2 1 8 10 0
split_gain=5.75756e+06 1.07894e+07 6.44315e+06 9.07631e+06 6.11071e+06 5.41674e+06 1.32614e+07 1.50351e+07 1.47124e+07 1.32257e+07 1.37224e+08 2.10396e+07
threshold=20317.635000000006 0.81174490092936691 -0.5 6.3173413000000007 26903.260000000002 29396.640000000003 31624.265000000003 13.260953500000001 32960.805000000008 -0.37940952255126009 0.81174490092936691 37287.205000000009
decision_type=2 2 2 2 2 2 2 2 2 2 2 2
left_child=1 2 -1 -4 -3 9 7 -7 -8 10 -2 -11
right_child=5 4 3 -5 -6 6 8 -9 -10 11 -12 -13
leaf_value=45.930011001586919 -16.549812505987081 -23.411421775817871 30.094781539269857 -60.992462581136955 -90.922634735107422 -6.2007459338525948 7.0185247478297219 24.424562879211933 -0.44414200970936674 7.3051661599637585 160.82633083177652 -65.677695886194712
leaf_weight=24 841 31 20 22 24 4695 3084 165 18387 3208 45 39
leaf_count=24 841 31 20 22 24 4695 3084 165 18387 3208 45 39
internal_value=0.00178063 -21.6788 5.63305 -17.9264 -53.9684 0.0886026 -0.43973 -5.15619 0.62804 3.45386 -7.36971 6.40861
internal_weight=30585 121 66 42 55 30464 26331 4860 21471 4133 886 3247
internal_count=30585 121 66 42 55 30464 26331 4860 21471 4133 886 3247
is_linear=0
shrinkage=0.1


Tree=170
num_leaves=15
num_cat=0
split_feature=0 1 0 10 0 9 1 9 7 1 7 0 1 10
split_gain=5.60714e+06 1.42774e+07 2.14561e+07 4.56601e+07 2.56732e+07 1.23153e+07 2.7201e+07 1.7362e+07 2.84955e+07 1.77884e+07 1.17757e+07 9.81972e+06 1.99862e+07 1.57625e+07
threshold=40735.725000000013 39829.005000000005 30217.440000000006 -0.22252093395631442 31569.870000000006 -0.8783796973249266 34184.290000000008 -0.60785761079279388 -0.5 33256.715000000004 0.25881904510252091 29549.810000000005 30365.005000000001 1.0000000180025095e-35
decision_type=2 2 2 2 2 2 2 2 2 2 2 2 2 2
left_child=1 11 3 -3 -4 6 -2 8 -7 -9 -8 13 -13 -1
right_child=5 2 4 -5 -6 7 10 9 -10 -11 -12 12 -14 -15
leaf_value=-12.272875073361398 99.430702514648445 134.00228465687144 -50.073157323157041 0.4258116796742315 -6.6647244018135652 10.036262617886067 16.575342500449672 -46.078511250985635 -40.725325429055005 3.3555918823485009 -7.7515970566289898 8.9370814892202048 -0.19810891267796807 0.37857807567758772
leaf_weight=1499 34 32 142 114 2903 199 701 73 247 4468 277 2882 14147 2867
leaf_count=1499 34 32 142 114 2903 199 701 73 247 4468 277 2882 14147 2867
internal_value=0.00163984 -0.667205 -6.90595 30.4153 -8.7048 2.74245 12.7947 0.700421 -18.1043 2.55093 9.68432 0.263564 1.34837 -3.96692
internal_weight=30585 24586 3191 146 3045 5999 1012 4987 446 4541 978 21395 17029 4366
internal_count=30585 24586 3191 146 3045 5999 1012 4987 446 4541 978 21395 17029 4366
is_linear=0
shrinkage=0.1


Tree=171
num_leaves=13
num_cat=0
split_feature=0 2 1 0 1 0 0 3 7 2 12 9
split_gain=5.17365e+06 8.55653e+06 5.36782e+06 1.76057e+07 2.59245e+07 1.58644e+07 1.35972e+07 1.35216e+07 1.22307e+07 5.24968e+06 2.57239e+07 6.09527e+06
threshold=22921.570000000003 10.119520000000001 28895.130000000001 25154.420000000002 35183.790000000008 39711.345000000008 32293.535000000003 5.6715140000000011 0.25881904510252091 8.6653200000000012 1.0000000180025095e-35 -1.0000000180025095e-35
decision_type=2 2 2 2 2 2 2 2 2 2 2 2
left_child=1 9 5 4 -4 7 -5 -2 -7 11 -11 -1
right_child=2 -3 3 6 -6 8 -8 -9 -10 10 -12 -13
leaf_value=4.8587764383476468 37.205912611176892 -70.905521998198139 53.485487348116365 -4.5378120114412921 -37.889734463575415 -110.59294942220052 0.74164342721821042 3.5208857145042773 -6.7811803084153404 65.469818206060495 -61.167222947340747 -25.6557432309319
leaf_weight=106 123 22 129 6410 40 20 20405 3070 25 41 25 169
leaf_count=106 123 22 129 6410 40 20 20405 3070 25 41 25 169
internal_value=0.00183346 -11.849 0.144562 -0.31715 31.7626 3.99117 -0.520508 4.82973 -54.3209 -7.8427 17.3042 -13.9188
internal_weight=30585 363 30222 26984 169 3238 26815 3193 45 341 66 275
internal_count=30585 363 30222 26984 169 3238 26815 3193 45 341 66 275
is_linear=0
shrinkage=0.1


Tree=172
num_leaves=15
num_cat=0
split_feature=0 1 0 10 11 7 7 7 1 10 8 1 1 2
split_gain=4.89045e+06 1.098e+07 1.39634e+07 1.13395e+07 1.01512e+07 2.99832e+07 1.63681e+07 8.47906e+06 1.59908e+07 1.8506e+07 8.13063e+06 1.84883e+07 1.72688e+07 6.70638e+06
threshold=27933.765000000003 27949.805000000004 38590.105000000003 -0.56174490092936669 1.0000000180025095e-35 0.25881904510252091 0.25881904510252091 -0.25881904510252113 24743.340000000004 1.0000000180025095e-35 1.0000000180025095e-35 25193.570000000003 34106.525000000009 10.119520000000001
decision_type=2 2 2 2 2 2 2 2 2 2 2 2 2 2
left_child=7 2 13 -4 6 -6 -3 8 -1 -10 11 -9 -12 -2
right_child=1 4 3 -5 5 -7 -8 10 9 -11 12 -13 -14 -15
leaf_value=71.69062855549349 7.9216834163867098 -1.0966085843053415 -87.529781165489794 0.75148362552418435 1.547642745889938 -11.708004631942622 4.8996116366079105 -25.406862813588738 41.149641915559769 -18.477232363400045 -9.4621096681634267 11.015940850181918 -98.789562017267414 26.265941282857462
leaf_weight=38 976 12206 25 33 4756 2660 7259 184 79 148 1386 564 21 250
leaf_count=38 976 12206 25 33 4756 2660 7259 184 79 148 1386 564 21 250
internal_value=0.00115237 0.371868 9.40234 -38.1394 -0.0598164 -3.20788 1.13967 -4.31176 12.5368 2.36344 -6.38849 2.03436 -10.8646 11.6807
internal_weight=30585 28165 1284 58 26881 7416 19465 2420 265 227 2155 748 1407 1226
internal_count=30585 28165 1284 58 26881 7416 19465 2420 265 227 2155 748 1407 1226
is_linear=0
shrinkage=0.1


Tree=173
num_leaves=15
num_cat=0
split_feature=0 1 12 10 1 0 12 1 8 2 12 10 0 2
split_gain=4.93996e+06 1.06612e+07 1.12358e+07 1.43802e+07 9.95334e+06 1.49979e+07 2.42138e+07 1.99976e+07 1.28582e+07 5.41251e+07 3.52797e+07 8.5838e+06 1.72004e+07 1.48185e+07
threshold=39123.625000000007 42241.970000000008 1.0000000180025095e-35 -0.56174490092936669 33850.495000000003 30798.540000000005 1.0000000180025095e-35 33115.270000000011 -0.60355339059327384 7.804930950000001 1.0000000180025095e-35 1.0000000180025095e-35 41349.560000000005 1.1909210000000001
decision_type=2 2 2 2 2 2 2 2 2 2 2 2 2 2
left_child=4 2 -2 -4 5 7 -7 -1 9 -6 -10 12 -3 -13
right_child=1 11 3 -5 8 6 -8 -9 10 -11 -12 13 -14 -15
leaf_value=-3.4412503545501085 3.7662533941877214 -32.812438930564213 70.332049728903854 -7.7087312279677978 19.962099589731626 5.6085570833279768 -36.775921195486319 32.958802309420797 -7.4664642897646338 -9.2327003688078673 22.299644040724814 -77.13059576125373 -3.2164421033592903 7.9584039901266523
leaf_weight=5753 6145 216 56 40 1070 5811 137 154 6318 1559 424 20 2069 813
leaf_count=5753 6145 216 56 40 1070 5811 137 154 6318 1559 424 20 2069 813
internal_value=0.000751964 1.91456 4.29995 38.0708 -0.84314 1.08211 4.6263 -2.48686 -3.27858 2.65262 -5.59146 -2.85987 -6.02727 5.82542
internal_weight=30585 9359 6241 96 21226 11855 5948 5907 9371 2629 6742 3118 2285 833
internal_count=30585 9359 6241 96 21226 11855 5948 5907 9371 2629 6742 3118 2285 833
is_linear=0
shrinkage=0.1


Tree=174
num_leaves=13
num_cat=0
split_feature=0 1 1 10 0 8 10 1 1 8 3 2
split_gain=4.31742e+06 2.04105e+07 1.3358e+07 1.8469e+07 6.88585e+07 3.5356e+07 1.50681e+07 1.669e+07 1.07059e+07 2.97468e+07 1.47912e+07 9.04665e+06
threshold=33903.405000000006 45834.81500000001 37626.125000000007 0.81174490092936691 37212.345000000008 -0.5 1.0000000180025095e-35 32880.240000000013 30100.380000000001 -0.37940952255126009 14.104224500000003 4.8448008000000007
decision_type=2 2 2 2 2 2 2 2 2 2 2 2
left_child=1 8 6 4 -4 -5 11 -8 9 -1 -10 -2
right_child=2 -3 3 5 -6 -7 7 -9 10 -11 -12 -13
leaf_value=-16.838602171817531 0.28400891668350225 83.838303702218198 -36.088289651005631 34.969129538415963 -0.47716016260081706 -2.6561085942944715 9.0969620167108349 -6.3106105483354575 -6.5903354969510382 5.1840917669272075 3.8127640507353768 11.140942552442828
leaf_weight=717 1030 27 575 396 9473 673 1082 2003 5582 4207 1809 3011
leaf_count=717 1030 27 575 396 9473 673 1082 2003 5582 4207 1809 3011
internal_value=0.000628054 -1.44379 0.977852 -1.18861 -2.51841 11.3014 4.35736 -0.905526 -1.63756 1.97453 -4.04393 8.3744
internal_weight=30585 12342 18243 11117 10048 1069 7126 3085 12315 4924 7391 4041
internal_count=30585 12342 18243 11117 10048 1069 7126 3085 12315 4924 7391 4041
is_linear=0
shrinkage=0.1


Tree=175
num_leaves=15
num_cat=0
split_feature=9 0 2 2 7 8 7 12 0 2 8 0 12 2
split_gain=4.97617e+06 8.17364e+06 1.28265e+07 1.9039e+07 1.35417e+07 1.10137e+07 2.68077e+07 2.66206e+07 7.08257e+06 1.77132e+07 4.48813e+07 1.73485e+07 1.25393e+07 1.43317e+08
threshold=0.6078576107927941 29138.325000000004 9.7433180000000004 12.294391000000003 -0.5 -0.5 -1.0000000180025095e-35 1.0000000180025095e-35 35556.640000000007 6.8975761500000008 -0.5 25538.520000000004 1.0000000180025095e-35 6.0030610500000003
decision_type=2 2 2 2 2 2 2 2 2 2 2 2 2 2
left_child=8 2 4 -4 -2 7 -7 -3 9 10 -1 -11 -10 -14
right_child=1 5 3 -5 -6 6 -8 -9 12 11 -12 -13 13 -15
leaf_value=26.325067458437672 59.369377201625277 -0.2430143645941798 -47.366254329681396 55.602712794712616 -3.9253322274216758 -0.97430268290023536 14.035901771637322 -64.512701508493137 0.49493559056379688 13.994452193950085 -1.8327974055549991 -8.2858549398440324 -204.63133367919923 47.468431659578243
leaf_weight=635 34 2740 128 20 987 2510 2261 65 10457 375 5147 4972 24 230
leaf_count=635 34 2740 128 20 987 2510 2261 65 10457 375 5147 4972 24 230
internal_value=0.000824732 2.01645 -5.76315 -33.1717 -1.76155 3.21747 6.14056 -1.75479 -0.806313 -2.57288 1.26362 -6.72095 1.02926 22.9389
internal_weight=30585 8745 1169 148 1021 7576 4771 2805 21840 11129 5782 5347 10711 254
internal_count=30585 8745 1169 148 1021 7576 4771 2805 21840 11129 5782 5347 10711 254
is_linear=0
shrinkage=0.1


Tree=176
num_leaves=14
num_cat=0
split_feature=1 0 10 7 0 0 8 10 12 9 12 8 0
split_gain=4.31334e+06 9.61768e+06 1.09948e+07 1.05514e+07 9.56978e+06 1.11723e+07 9.24886e+06 9.04181e+06 6.98502e+06 6.60786e+06 3.15288e+07 1.64975e+07 3.19821e+06
threshold=41182.35500000001 42329.99500000001 1.0000000180025095e-35 -0.78656609248549292 29311.430000000004 41849.475000000013 -0.78656609248549325 -0.22252093395631442 1.0000000180025095e-35 -0.60785761079279388 1.0000000180025095e-35 0.25881904510252057 28290.905000000002
decision_type=2 2 2 2 2 2 2 2 2 2 2 2 2
left_child=1 9 3 -3 12 7 -4 -6 -7 10 -1 -11 -2
right_child=4 2 6 -5 5 8 -8 -9 -10 11 -12 -13 -14
leaf_value=-3.6688824881812758 12.622789937799627 -0.52115109373743718 -23.17811138897526 26.966022643620597 -18.917407605972798 1.3813898538252176 10.348040572079746 -4.4891505144104782 -44.197456068151141 4.4803754205011108 26.557881648039952 -1.8266766806597206 65.830008638822122
leaf_weight=7386 21 207 146 428 601 3037 186 1563 33 8172 361 8419 25
leaf_count=7386 21 207 146 428 601 3037 186 1563 33 8172 361 8419 25
internal_value=0.000367948 0.542849 10.3181 18.0189 -2.59914 -3.00198 -4.42072 -8.50315 0.877222 0.154049 -2.25711 1.27998 42.3251
internal_weight=30585 25305 967 635 5280 5234 332 2164 3070 24338 7747 16591 46
internal_count=30585 25305 967 635 5280 5234 332 2164 3070 24338 7747 16591 46
is_linear=0
shrinkage=0.1


Tree=177
num_leaves=15
num_cat=0
split_feature=0 2 7 0 7 2 10 1 1 1 1 0 8 2
split_gain=3.88827e+06 9.43302e+06 1.69314e+07 1.25188e+07 1.12183e+07 7.69938e+06 3.16124e+07 3.21702e+07 2.22332e+07 1.02714e+07 7.93564e+06 7.25386e+06 6.87338e+06 4.93639e+06
threshold=46112.075000000004 14.08067825 0.25881904510252091 47380.965000000004 0.25881904510252091 16.289460000000002 1.0000000180025095e-35 41585.865000000013 49468.400000000001 47378.745000000003 46832.380000000012 40102.810000000005 -0.9159756150367534 15.679721000000002
decision_type=2 2 2 2 2 2 2 2 2 2 2 2 2 2
left_child=5 3 13 12 -5 8 7 -7 10 -8 -1 -10 -2 -3
right_child=1 2 -4 4 -6 6 9 -9 11 -11 -12 -13 -14 -15
leaf_value=-0.064860680222296796 -27.513263145446782 -4.4792329928565486 46.569553637310747 -77.716230280806386 -8.1637252738259054 -10.649920349121095 61.842748006184905 -167.56221720377607 28.773796019346818 -25.501458474864133 -18.593191417808697 111.77076235684481 14.617160881951799 14.938818684671865
leaf_weight=29246 49 259 122 40 54 29 32 23 22 22 232 21 171 263
leaf_count=29246 49 259 122 40 54 29 32 23 22 22 232 21 171 263
internal_value=0.00049916 6.26738 13.1896 -7.92661 -38.2671 -0.202348 -26.9786 -81.9055 -0.105292 26.4414 -0.21131 70.9262 5.15153 5.31405
internal_weight=30585 958 644 314 94 29627 106 52 29521 54 29478 43 220 522
internal_count=30585 958 644 314 94 29627 106 52 29521 54 29478 43 220 522
is_linear=0
shrinkage=0.1


Tree=178
num_leaves=15
num_cat=0
split_feature=0 7 1 10 8 2 0 1 8 10 12 0 2 1
split_gain=3.83355e+06 1.36318e+07 1.4982e+07 3.19722e+07 1.60594e+07 1.44028e+07 1.41823e+07 9.41661e+06 1.80336e+07 1.22856e+08 3.73738e+07 1.19448e+07 1.78681e+07 1.06568e+07
threshold=27407.400000000005 -0.25881904510252113 35018.220000000008 1.0000000180025095e-35 1.0000000180025095e-35 10.119520000000001 23615.035000000003 30299.485000000004 1.0000000180025095e-35 0.81174490092936691 1.0000000180025095e-35 32780.890000000007 -0.81803642999999993 32108.535000000003
decision_type=2 2 2 2 2 2 2 2 2 2 2 2 2 2
left_child=1 5 4 -4 -3 6 -1 8 9 -2 -10 12 -9 -13
right_child=7 2 3 -5 -6 -7 -8 11 10 -11 -12 13 -14 -15
leaf_value=-13.108160559336344 -10.77613914572196 9.4366834600162157 26.604561545209187 -85.840745595675799 -11.856306502483958 -26.084508596471064 51.305777086977095 -61.543525921214716 6.9406185898508301 187.74499085843564 80.845217823130753 10.972152909975303 -4.2229226582762349 0.11038550105707663
leaf_weight=47 1207 525 40 66 1084 53 121 54 3070 31 69 949 4897 18372
leaf_count=47 1207 525 40 66 1084 53 121 54 3070 31 69 949 4897 18372
internal_value=0.000247406 -4.30531 -7.3199 -43.5565 -4.90708 19.016 33.3143 0.291342 4.56009 -5.65758 8.59038 -0.478602 -4.86041 0.644429
internal_weight=30585 1936 1715 106 1609 221 168 28649 4377 1238 3139 24272 4951 19321
internal_count=30585 1936 1715 106 1609 221 168 28649 4377 1238 3139 24272 4951 19321
is_linear=0
shrinkage=0.1


Tree=179
num_leaves=15
num_cat=0
split_feature=9 8 9 1 12 0 1 1 0 1 12 8 3 8
split_gain=3.9662e+06 8.30548e+06 1.51715e+07 2.60253e+07 1.56132e+07 7.98996e+06 1.57183e+07 1.31173e+07 5.89435e+06 2.16213e+07 2.28044e+07 2.03943e+07 1.49365e+07 3.70555e+07
threshold=0.6078576107927941 0.60355339059327384 0.87837969732492682 34769.435000000005 1.0000000180025095e-35 28883.550000000003 28412.800000000003 25943.045000000002 35556.640000000007 34680.870000000003 1.0000000180025095e-35 0.25881904510252057 11.102634500000002 -0.5
decision_type=2 2 2 2 2 2 2 2 2 2 2 2 2 2
left_child=8 5 3 -3 -4 6 -2 -7 12 11 -11 -10 -1 -14
right_child=1 2 4 -5 -6 7 -8 -9 9 10 -12 -13 13 -15
leaf_value=-6.1405173297478317 12.110758200997399 27.514542268840383 -3.1574355827661034 -1.1477631526942156 58.138741510967876 -53.317273998260504 -20.975822678345903 1.5018734680777879 5.027485337816664 -1.9445702220368901 30.305191401587592 29.837099188295277 23.96347560280196 -1.6219952638378974
leaf_weight=5347 209 687 1236 587 42 43 454 5487 1458 8601 224 428 635 5147
leaf_count=5347 209 687 1236 587 42 43 454 5487 1458 8601 224 428 635 5147
internal_value=0.000747522 1.80024 6.59982 14.3177 -1.09913 -0.178305 -10.5433 1.06605 -0.719841 0.954695 -1.12265 10.6705 -2.33142 1.19155
internal_weight=30585 8745 2552 1274 1278 6193 663 5530 21840 10711 8825 1886 11129 5782
internal_count=30585 8745 2552 1274 1278 6193 663 5530 21840 10711 8825 1886 11129 5782
is_linear=0
shrinkage=0.1


Tree=180
num_leaves=14
num_cat=0
split_feature=1 0 0 2 7 7 0 2 10 7 1 12 10
split_gain=3.7297e+06 1.15083e+07 1.17954e+07 1.35466e+07 1.07027e+07 9.77406e+06 7.89248e+06 1.16395e+07 7.61875e+07 2.24625e+07 1.03935e+07 1.60631e+07 8.41719e+06
threshold=28895.130000000001 39711.345000000008 26194.800000000007 12.294391000000003 -0.25881904510252113 0.25881904510252091 31624.265000000003 13.260953500000001 0.81174490092936691 -0.9159756150367534 32441.265000000003 1.0000000180025095e-35 0.81174490092936691
decision_type=2 2 2 2 2 2 2 2 2 2 2 2 2
left_child=1 2 4 -4 -1 -3 7 9 -9 -2 11 -8 -12
right_child=6 5 3 -5 -6 -7 10 8 -10 -11 12 -13 -14
leaf_value=37.515532321555945 -40.822830221164658 -96.923208291190008 5.410151381400663 40.217835626846707 -9.8189069937340356 -4.2047724026900068 7.4869072354700865 83.574030842988392 -50.814687528060034 -3.4449307119910872 -1.0815644794575361 -49.198520228442021 5.7067499242027795
leaf_weight=50 165 20 2540 116 758 25 2557 91 77 5126 16964 50 2046
leaf_count=50 165 20 2540 116 758 25 2557 91 77 5126 16964 50 2046
internal_value=0.00100004 3.06801 3.72682 6.94493 -6.84704 -46.6242 -0.396577 -3.79368 22.043 -4.61806 0.461438 6.38128 -0.350693
internal_weight=30585 3509 3464 2656 808 45 27076 5459 168 5291 21617 2607 19010
internal_count=30585 3509 3464 2656 808 45 27076 5459 168 5291 21617 2607 19010
is_linear=0
shrinkage=0.1


Tree=181
num_leaves=15
num_cat=0
split_feature=9 8 9 7 12 12 2 2 3 2 9 2 7 10
split_gain=3.6785e+06 7.63617e+06 1.98656e+07 5.25458e+07 1.61182e+07 8.46146e+06 4.15004e+07 5.08805e+06 4.74344e+06 4.29918e+06 1.83899e+07 6.46293e+06 4.26143e+06 3.38658e+06
threshold=0.6078576107927941 0.1294095225512602 0.87837969732492682 -1.0000000180025095e-35 1.0000000180025095e-35 1.0000000180025095e-35 11.914430500000003 1.0736411000000003 2.4850292000000005 16.664058500000003 -1.0000000180025095e-35 16.289460000000002 -0.60355339059327362 -0.56174490092936669
decision_type=2 2 2 2 2 2 2 2 2 2 2 2 2 2
left_child=7 5 3 -3 -4 8 -7 12 -2 11 -11 -9 13 -1
right_child=1 2 4 -5 -6 6 -8 9 -10 10 -12 -13 -14 -15
leaf_value=0.57756235192461713 14.897012861529786 -5.7544508023332694 -3.7456118557719122 26.769841284241462 46.141546921231857 30.978501709087478 -71.798041152954099 -0.97606993579346979 -0.88869564458302774 -16.253050246062102 76.12607741885715 -27.256570990542151 4.0118598738304598 36.228797028064733
leaf_weight=40 198 910 1942 1092 66 73 83 20807 4381 53 35 93 733 79
leaf_count=40 198 910 1942 1092 66 73 83 20807 4381 53 35 93 733 79
internal_value=0.000650255 1.73365 4.94413 11.9906 -2.08374 -0.985723 -23.8129 -0.693312 -0.203004 -1.00097 20.9312 -1.09431 6.87771 24.3499
internal_weight=30585 8745 4010 2002 2008 4735 156 21840 4579 20988 88 20900 852 119
internal_count=30585 8745 4010 2002 2008 4735 156 21840 4579 20988 88 20900 852 119
is_linear=0
shrinkage=0.1


Tree=182
num_leaves=15
num_cat=0
split_feature=0 1 0 9 9 9 12 8 1 10 0 3 1 1
split_gain=4.20058e+06 1.31692e+07 2.05246e+07 5.46707e+07 3.70423e+07 7.91281e+06 2.66379e+07 1.96513e+07 7.67218e+06 9.6032e+06 1.34351e+07 1.34035e+07 7.40031e+06 9.97005e+06
threshold=39456.140000000007 40227.475000000006 35919.450000000004 1.0000000180025095e-35 0.6078576107927941 -0.60785761079279388 1.0000000180025095e-35 -0.37940952255126009 42643.090000000004 1.0000000180025095e-35 43707.545000000006 4.7857915000000011 28895.130000000001 35349.020000000004
decision_type=2 2 2 2 2 2 2 2 2 2 2 2 2 2
left_child=1 5 3 -3 -4 6 -1 -7 12 10 -10 -11 -2 -14
right_child=8 2 4 -5 -6 7 -8 -9 9 11 -12 -13 13 -15
leaf_value=-4.3837979643961535 -34.427556198120122 -8.7839886609314419 -7.2481304628570591 61.503383055329323 -55.620592338835706 8.3866248175653357 24.365686356565533 -0.69220252328017473 -16.725036624481469 23.513271536350253 0.23282101452112391 -4.1401550580539981 17.868512773240099 2.9682584835682153
leaf_weight=6188 49 816 547 127 222 3072 339 10635 745 299 1250 421 489 5386
leaf_count=6188 49 816 547 127 222 3072 339 10635 745 299 1250 421 489 5386
internal_value=0.00094181 -0.734342 -9.15321 0.737197 -21.2667 -0.0216042 -2.8871 1.343 1.86868 -2.53269 -6.10502 7.36038 3.88594 4.2113
internal_weight=30585 21946 1712 943 769 20234 6527 13707 8639 2715 1995 720 5924 5875
internal_count=30585 21946 1712 943 769 20234 6527 13707 8639 2715 1995 720 5924 5875
is_linear=0
shrinkage=0.1


Tree=183
num_leaves=15
num_cat=0
split_feature=0 1 0 7 8 12 9 9 1 1 7 8 1 2
split_gain=3.98381e+06 1.6849e+07 1.63873e+07 2.13462e+07 1.57936e+07 3.55736e+07 1.11396e+07 9.46277e+06 2.86634e+07 2.50318e+07 2.00641e+07 2.78167e+07 2.07565e+07 1.595e+07
threshold=30798.540000000005 32313.300000000007 32856.555000000008 -0.25881904510252113 0.25881904510252057 1.0000000180025095e-35 -0.8783796973249266 1.0000000180025095e-35 30100.380000000001 39766.55000000001 0.25881904510252091 -0.37940952255126009 25193.570000000003 0.65915849500000012
decision_type=2 2 2 2 2 2 2 2 2 2 2 2 2 2
left_child=7 4 3 -3 5 -2 -6 10 13 -10 12 -12 -1 -9
right_child=1 2 -4 -5 6 -7 -8 8 9 -11 11 -13 -14 -15
leaf_value=25.446056357362217 2.0405802463827878 6.4350775162216101 0.20954061948698344 -19.092583517064313 28.299091581187838 -88.861644692854455 9.101993666914094 79.867510859171546 -19.940024422207223 50.237830871006231 24.00765821020989 0.17350596942322849 -16.939888251724557 2.1806847964983556
leaf_weight=132 1994 487 18152 997 364 43 1772 26 1275 52 605 2551 883 1252
leaf_count=132 1994 487 18152 997 364 43 1772 26 1275 52 605 2551 883 1252
internal_value=0.000869871 0.609734 -0.616708 -10.7166 6.3795 0.0790212 12.3851 -2.13828 -6.86571 -17.1543 0.815171 4.74863 -11.408 3.82238
internal_weight=30585 23809 19636 1484 4173 2037 2136 6776 2605 1327 4171 3156 1015 1278
internal_count=30585 23809 19636 1484 4173 2037 2136 6776 2605 1327 4171 3156 1015 1278
is_linear=0
shrinkage=0.1


Tree=184
num_leaves=15
num_cat=0
split_feature=0 1 10 2 1 9 3 1 1 8 0 9 9 8
split_gain=3.99608e+06 1.19865e+07 5.24286e+07 4.39942e+07 1.36826e+07 3.30256e+07 1.61081e+07 1.17358e+07 8.83198e+06 1.29594e+07 2.07806e+07 1.88846e+07 9.00485e+06 2.6803e+07
threshold=27933.765000000003 36737.110000000008 0.81174490092936691 6.6955535500000005 31464.695000000003 1.0000000180025095e-35 5.2602615000000013 38322.170000000006 27567.260000000006 -0.60355339059327384 37344.680000000008 -1.0000000180025095e-35 -0.60785761079279388 0.1294095225512602
decision_type=2 2 2 2 2 2 2 2 2 2 2 2 2 2
left_child=1 4 7 -4 6 -6 -1 -3 9 11 -11 -2 13 -10
right_child=8 2 3 -5 5 -7 -8 -9 12 10 -12 -13 -14 -15
leaf_value=-85.195227600097667 -25.903579912390764 -36.590495000353883 -30.452224035824049 -209.50766824086509 32.516421392068757 -40.572908030748373 -4.3928089287272902 41.911030960083011 -8.5015021880932711 18.795771592006204 -67.509497596477644 42.286907966320335 1.1251471628213068 3.425203712240279
leaf_weight=24 185 27 33 23 272 79 1903 59 4037 757 28 51 19575 3532
leaf_count=24 185 27 33 23 272 79 1903 59 4037 757 28 51 19575 3532
internal_value=0.00105481 -3.89759 -31.982 -106.378 -2.13367 15.9976 -5.44284 17.1279 0.336162 9.46211 15.6354 -11.0513 -0.00743932 -2.9363
internal_weight=30585 2420 142 56 2278 351 1927 86 28165 1021 785 236 27144 7569
internal_count=30585 2420 142 56 2278 351 1927 86 28165 1021 785 236 27144 7569
is_linear=0
shrinkage=0.1


Tree=185
num_leaves=12
num_cat=0
split_feature=0 1 10 8 2 2 8 8 1 9 1
split_gain=4.06581e+06 1.81671e+07 1.51766e+07 5.98289e+07 5.06859e+07 1.35411e+07 3.30913e+07 1.33174e+07 1.31243e+07 1.0016e+07 9.9029e+06
threshold=36584.920000000006 47378.745000000003 0.81174490092936691 0.96592582628906831 1.9015510500000001 11.307688000000001 -0.70710678118654757 0.96592582628906831 35579.180000000008 -0.60785761079279388 41585.865000000013
decision_type=2 2 2 2 2 2 2 2 2 2 2
left_child=1 5 7 4 -4 8 -7 10 -1 -9 -2
right_child=2 -3 3 -5 -6 6 -8 9 -10 -11 -12
leaf_value=1.2574475840359935 1.8689105483253035 87.742118137815737 -96.267001268940589 -123.30201000486102 36.269484725524563 -26.864754387127931 1.1050290913733627 48.853384580959876 -6.4181717607508801 7.6369283848424123 -4.2187471273621604
leaf_weight=11856 9749 22 30 27 425 675 1130 95 2742 154 3680
leaf_count=11856 9749 22 30 27 425 675 1130 95 2742 154 3680
internal_value=-0.000255699 -1.07075 1.24146 18.6627 27.3389 -1.19521 -9.36367 0.626239 -0.184635 23.4946 0.200497
internal_weight=30585 16425 14160 482 455 16403 1805 13678 14598 249 13429
internal_count=30585 16425 14160 482 455 16403 1805 13678 14598 249 13429
is_linear=0
shrinkage=0.1


Tree=186
num_leaves=15
num_cat=0
split_feature=0 9 8 7 8 9 8 7 3 10 0 3 7 9
split_gain=4.21844e+06 1.01808e+07 1.91106e+07 2.53494e+07 1.85725e+07 1.39179e+07 3.03159e+07 9.78947e+06 6.66719e+06 4.3825e+07 1.32517e+07 8.34745e+06 3.14891e+07 5.85848e+06
threshold=40735.725000000013 -0.8783796973249266 -0.9159756150367534 1.0000000180025095e-35 -0.12940952255126034 -0.60785761079279388 -0.37940952255126009 -1.0000000180025095e-35 2.3431015000000004 -0.56174490092936669 39284.30000000001 4.4038162500000011 0.60355339059327384 -0.60785761079279388
decision_type=2 2 2 2 2 2 2 2 2 2 2 2 2 2
left_child=8 2 3 -2 -4 6 -3 -7 9 -1 -11 12 -10 -13
right_child=1 5 4 -5 -6 7 -8 -9 11 10 -12 13 -14 -15
leaf_value=-111.17011278325862 93.268539389917407 -35.961380188590603 -7.3025614324861996 17.38263948408224 25.105822839684151 -1.0437893262639903 18.132480996956854 8.8682110667635055 -6.7910807078440474 19.917646681133132 87.795861675625758 -2.7817233695653312 -116.37844970491197 0.68031824420673292
leaf_weight=21 58 284 508 176 270 3066 162 1475 917 94 41 6935 26 16552
leaf_count=21 58 284 508 176 270 3066 162 1475 917 94 41 6935 26 16552
internal_value=-0.000466603 2.37684 11.5165 36.5088 3.96235 0.520204 -16.3163 2.17705 -0.580603 19.9609 41.0265 -0.712585 -9.93266 -0.341993
internal_weight=30585 5999 1012 234 778 4987 446 4541 24586 156 135 24430 943 23487
internal_count=30585 5999 1012 234 778 4987 446 4541 24586 156 135 24430 943 23487
is_linear=0
shrinkage=0.1


Tree=187
num_leaves=15
num_cat=0
split_feature=0 7 8 0 0 10 2 3 11 8 8 2 7 8
split_gain=3.48011e+06 6.56806e+06 1.60473e+07 2.0298e+07 1.62934e+07 5.87726e+06 3.11896e+07 1.23963e+07 4.9129e+06 2.62459e+07 4.32248e+07 1.97169e+07 1.14867e+07 2.62546e+07
threshold=29057.330000000005 -0.70710678118654735 0.1294095225512602 27237.795000000002 26636.750000000004 1.0000000180025095e-35 5.4911990500000014 3.7399563500000004 1.0000000180025095e-35 -0.12940952255126034 -0.9159756150367534 13.010118500000003 0.25881904510252091 -0.9159756150367534
decision_type=2 2 2 2 2 2 2 2 2 2 2 2 2 2
left_child=1 2 3 -1 -4 6 -3 -7 12 10 -10 -11 13 -2
right_child=8 5 4 -5 -6 7 -8 -9 9 11 -12 -13 -14 -15
leaf_value=27.486434920628867 -12.104625693274627 -33.251226273494424 -17.240494210379463 -52.71895425184718 91.253473716558418 -67.152175630841938 1.7465211132806031 -0.2235254098875562 9.5877720809375599 2.0001883014510038 -14.48987339387088 31.011678112367072 4.5797698144848233 1.3084477779655606
leaf_weight=77 1695 377 20 52 42 27 780 2376 1031 3961 2687 248 6756 10456
leaf_count=77 1695 377 20 52 42 27 780 2376 1031 3961 2687 248 6756 10456
internal_value=-0.000453545 -2.8531 15.165 -5.00125 56.5373 -3.82379 -9.67611 -1.00315 0.398396 -1.69116 -7.81237 3.71654 1.27451 -0.563447
internal_weight=30585 3751 191 129 62 3560 1157 2403 26834 7927 3718 4209 18907 12151
internal_count=30585 3751 191 129 62 3560 1157 2403 26834 7927 3718 4209 18907 12151
is_linear=0
shrinkage=0.1


Tree=188
num_leaves=15
num_cat=0
split_feature=1 0 0 3 0 9 1 3 2 1 2 7 10 3
split_gain=3.68948e+06 1.25932e+07 1.12311e+07 1.86661e+07 5.79468e+07 1.88048e+07 1.14675e+07 1.15365e+07 1.10978e+07 1.08692e+07 7.33001e+06 3.39763e+07 9.71916e+06 6.27373e+06
threshold=38380.950000000004 35155.155000000006 41849.475000000013 2.1785721500000004 40477.94000000001 -0.8783796973249266 42327.935000000005 1.7435503000000001 15.679721000000002 38196.915000000008 3.6152036000000005 0.25881904510252091 1.0000000180025095e-35 13.202911000000002
decision_type=2 2 2 2 2 2 2 2 2 2 2 2 2 2
left_child=1 8 3 4 -2 -5 7 -4 9 -1 11 -3 -12 -8
right_child=2 10 6 5 -6 -7 13 -9 -10 -11 12 -13 -14 -15
leaf_value=-0.97660543820650259 1.48939631926386 8.1292157500385454 63.717049515553015 -23.444280830690232 -190.0231297232888 -1.9696774277389917 -4.1799843897609792 8.5320030357893657 68.344602203369149 -42.949645913752818 8.9381182472106762 -31.1474763689897 0.66666451998246024 7.3176127520100822
leaf_weight=12617 56 748 38 434 21 6520 1852 1362 22 61 3528 311 2378 637
leaf_count=12617 56 748 38 434 21 6520 1852 1362 22 61 3528 311 2378 637
internal_value=-0.00050044 0.817941 -1.47431 -3.85924 -52.5079 -3.31309 2.83733 10.0743 -1.05612 -1.18193 4.23477 -3.4238 5.60837 -1.23569
internal_weight=30585 19665 10920 7031 77 6954 3889 1400 12700 12678 6965 1059 5906 2489
internal_count=30585 19665 10920 7031 77 6954 3889 1400 12700 12678 6965 1059 5906 2489
is_linear=0
shrinkage=0.1


Tree=189
num_leaves=15
num_cat=0
split_feature=1 8 10 1 0 0 10 0 1 2 10 2 10 1
split_gain=3.53312e+06 8.38037e+06 5.05196e+07 4.01862e+07 2.38763e+07 2.01022e+07 1.67243e+07 6.98406e+06 1.16708e+07 1.32263e+07 1.14535e+07 1.12787e+07 4.83785e+07 1.7733e+07
threshold=28895.130000000001 -0.37940952255126009 0.81174490092936691 24743.340000000004 34579.830000000009 37344.680000000008 -0.22252093395631442 32293.535000000003 33038.060000000005 11.158458500000002 0.81174490092936691 14.187929000000002 0.81174490092936691 42851.655000000006
decision_type=2 2 2 2 2 2 2 2 2 2 2 2 2 2
left_child=1 2 4 -4 -1 6 -3 11 9 -9 -10 13 -13 -2
right_child=7 5 3 -5 -6 -7 -8 8 10 -11 -12 12 -14 -15
leaf_value=-23.283659666193117 -3.2549790594628285 19.51565306754145 185.22985256029213 20.223116196033569 16.796323215877589 -75.691813309987396 1.7273176440859315 10.975703606383581 -1.2055106201212711 -6.3935308566218936 7.1694896248958075 81.712317646251009 -50.33211835090151 -59.771620096479154
leaf_weight=571 6503 729 22 42 200 29 1916 1901 16119 569 1816 67 46 55
leaf_count=571 6503 729 22 42 200 29 1916 1901 16119 569 1816 67 46 55
internal_value=-0.000867418 2.98422 -5.75635 78.9212 -12.8785 5.71474 6.63556 -0.387826 0.530511 6.97348 -0.357151 -3.19646 27.9897 -3.73801
internal_weight=30585 3509 835 64 771 2674 2645 27076 20405 2470 17935 6671 113 6558
internal_count=30585 3509 835 64 771 2674 2645 27076 20405 2470 17935 6671 113 6558
is_linear=0
shrinkage=0.1


Tree=190
num_leaves=15
num_cat=0
split_feature=0 1 0 9 0 1 10 2 0 2 2 2 3 1
split_gain=3.55744e+06 9.97601e+06 1.42697e+07 2.57048e+07 2.42149e+07 9.29367e+06 1.23761e+07 1.95148e+07 8.7581e+06 1.0308e+08 1.10158e+07 8.67139e+06 6.12513e+06 1.06557e+07
threshold=40414.040000000008 39829.005000000005 35919.450000000004 1.0000000180025095e-35 36226.69000000001 42749.085000000006 1.0000000180025095e-35 4.3346386500000014 43707.545000000006 16.037542000000006 15.412445500000002 1.5015234000000002 2.4850292000000005 30431.915000000005
decision_type=2 2 2 2 2 2 2 2 2 2 2 2 2 2
left_child=1 12 3 -3 -4 6 7 -2 9 -7 -10 -8 13 -1
right_child=5 2 4 -5 -6 8 11 -9 10 -11 -12 -13 -14 -15
leaf_value=81.247191799163829 -4.7411085973389264 -3.0979906410885758 -72.007191467285153 41.961923281133998 -9.3469798736460188 -5.3659356428668241 29.983859311526931 13.398348910894109 -2.1943920099518346 -229.44247585478286 19.355955597676644 -6.1054277756515507 0.066631884822036538 6.4679649829864507
leaf_weight=24 819 952 63 145 1722 920 70 2145 1263 20 291 1071 20999 81
leaf_count=24 819 952 63 145 1722 920 70 2145 1263 20 291 1071 20999 81
internal_value=-0.000377179 -0.566074 -6.08368 2.89076 -11.5976 2.05559 4.98027 8.38622 -2.75835 -10.3723 1.85095 -3.86704 0.187672 24.1656
internal_weight=30585 23986 2882 1097 1785 6599 4105 2964 2494 940 1554 1141 21104 105
internal_count=30585 23986 2882 1097 1785 6599 4105 2964 2494 940 1554 1141 21104 105
is_linear=0
shrinkage=0.1


Tree=191
num_leaves=13
num_cat=0
split_feature=0 10 3 3 3 1 8 10 10 0 1 1
split_gain=3.538e+06 9.64151e+06 5.52667e+06 5.55941e+06 4.87112e+06 3.65378e+06 7.8251e+06 8.7298e+07 1.49166e+07 6.49328e+06 1.53561e+07 1.00342e+07
threshold=20317.635000000006 0.81174490092936691 10.457349000000002 11.732534000000003 10.837534000000002 29396.640000000003 -0.37940952255126009 0.81174490092936691 -0.22252093395631442 33903.405000000006 45834.81500000001 36466.035000000011
decision_type=2 2 2 2 2 2 2 2 2 2 2 2
left_child=1 2 -1 -4 -3 6 7 -2 -8 10 -7 -11
right_child=5 4 3 -5 -6 9 8 -9 -10 11 -12 -13
leaf_value=47.274649389584859 -12.81686759569866 -71.279082533892463 -45.069363864262897 25.480099632626491 -10.350239231275475 -2.8883291835585201 15.398331067384868 128.65859501050866 0.64239760128132939 4.5064466061457935 71.292032241821289 -0.76714693103450271
leaf_weight=23 841 33 23 20 22 8458 981 45 2266 5019 27 12827
leaf_count=23 841 33 23 20 22 8458 981 45 2266 5019 27 12827
internal_value=-0.000796592 -16.9962 8.77625 -12.4223 -47.5276 0.0672631 2.83115 -5.49437 5.1039 -0.366656 -2.64391 0.716165
internal_weight=30585 121 66 43 55 30464 4133 886 3247 26331 8485 17846
internal_count=30585 121 66 43 55 30464 4133 886 3247 26331 8485 17846
is_linear=0
shrinkage=0.1


Tree=192
num_leaves=15
num_cat=0
split_feature=9 8 9 7 0 9 1 12 8 2 0 0 12 2
split_gain=3.76653e+06 7.06987e+06 2.22687e+07 4.46481e+07 1.44492e+07 2.51383e+07 1.34976e+07 1.27255e+07 5.22633e+06 1.37152e+07 4.64513e+07 1.95569e+07 7.61718e+06 3.10184e+07
threshold=0.6078576107927941 1.0000000180025095e-35 0.87837969732492682 -1.0000000180025095e-35 30933.550000000003 0.87837969732492682 25943.045000000002 1.0000000180025095e-35 -0.70710678118654757 4.464591050000001 30798.540000000005 31624.265000000003 1.0000000180025095e-35 3.1241386500000004
decision_type=2 2 2 2 2 2 2 2 2 2 2 2 2 2
left_child=8 4 3 -3 5 -2 -6 -4 9 10 -1 -11 -10 -14
right_child=1 2 7 -5 6 -7 -8 -9 12 11 -12 -13 13 -15
leaf_value=161.16948659987679 -43.480316632809028 -5.1770946383034619 -3.9405826690371306 23.814972492570973 -69.870543020742915 11.029297310195558 1.0723478267944198 38.52506755565944 -2.0700880130779509 -15.011512850855485 10.290269377746219 2.7442437742557568 -101.35735733032227 11.926783784727935
leaf_weight=20 201 910 2119 1274 26 145 3998 72 15624 734 731 3975 24 732
leaf_count=20 201 910 2119 1274 26 145 3998 72 15624 734 731 3975 24 732
internal_value=-0.00022624 1.75339 4.59462 11.7381 -1.0915 -20.6707 0.596724 -2.52815 -0.702442 1.97669 14.5173 -0.0259764 -1.59555 8.20132
internal_weight=30585 8745 4375 2184 4370 346 4024 2191 21840 5460 751 4709 16380 756
internal_count=30585 8745 4375 2184 4370 346 4024 2191 21840 5460 751 4709 16380 756
is_linear=0
shrinkage=0.1


Tree=193
num_leaves=15
num_cat=0
split_feature=0 1 10 7 2 1 2 8 2 0 2 10 1 2
split_gain=3.61787e+06 1.68368e+07 1.86467e+07 4.32883e+07 1.44126e+07 1.26818e+07 2.02048e+07 4.50622e+07 2.47837e+07 1.154e+07 2.13556e+07 1.0579e+07 4.3102e+07 2.05966e+07
threshold=29549.810000000005 30744.910000000003 -0.22252093395631442 -1.0000000180025095e-35 14.949056000000002 32808.06500000001 6.3173413000000007 -0.5 11.787801500000002 32780.890000000007 -0.81803642999999993 1.0000000180025095e-35 29718.090000000004 13.533726000000001
decision_type=2 2 2 2 2 2 2 2 2 2 2 2 2 2
left_child=5 2 3 -2 -4 11 7 -7 -8 10 -3 12 -1 -13
right_child=1 9 4 -5 -6 6 8 -9 -10 -11 -12 13 -14 -15
leaf_value=-2.4434021746186381 -22.781575842464672 -92.833062008449019 0.060806030155432345 24.146074110326758 72.28764550345285 94.144265383261228 -15.445334571498936 -1.1553924578104833 34.131168422293158 0.41668380564859248 -5.1392795925494692 -0.062141724879426333 -45.747611983080169 -87.887476815117736
leaf_weight=1029 237 27 2078 1132 27 80 353 128 140 19161 3446 2426 295 26
leaf_count=1029 237 27 2078 1132 27 80 353 128 140 19161 3446 2426 295 26
internal_value=-0.000139336 0.450267 6.93121 16.0113 1.02112 -2.62624 9.71722 35.7734 -1.32622 -0.544728 -5.84756 -4.91972 -12.1192 -1.02885
internal_weight=30585 26108 3474 1369 2105 4477 701 208 493 22634 3473 3776 1324 2452
internal_count=30585 26108 3474 1369 2105 4477 701 208 493 22634 3473 3776 1324 2452
is_linear=0
shrinkage=0.1


Tree=194
num_leaves=15
num_cat=0
split_feature=9 0 1 0 1 0 0 3 2 0 8 10 1 10
split_gain=3.49947e+06 7.50556e+06 1.10037e+07 1.40888e+07 9.90244e+06 4.07462e+07 1.84381e+07 9.36049e+06 4.54333e+06 4.9797e+06 4.6951e+06 1.47936e+07 7.83542e+06 3.66772e+06
threshold=0.6078576107927941 27679.825000000004 28412.800000000003 26407.890000000003 31002.400000000005 37344.680000000008 28883.550000000003 8.3036965000000027 1.0736411000000003 28795.745000000003 -0.70710678118654757 0.81174490092936691 28612.310000000001 1.0000000180025095e-35
decision_type=2 2 2 2 2 2 2 2 2 2 2 2 2 2
left_child=8 2 3 -2 5 -3 -6 -4 9 -1 11 -10 -12 -11
right_child=1 4 7 -5 6 -7 -8 -9 10 13 12 -13 -14 -15
leaf_value=42.884589025709367 -5.6020665597915658 17.038205362325353 -56.567778439357362 49.658008000055951 -35.671363977382065 -68.686501254065561 1.9145202550880989 -12.858207848484135 -1.0451257049892477 9.7120230401361454 3.5885571043257785 12.035640755367433 -2.7722398264339776 -4.3765976017248551
leaf_weight=35 199 925 57 59 132 58 6992 323 4318 536 2265 1080 13325 281
leaf_count=35 199 925 57 59 132 58 6992 323 4318 536 2265 1080 13325 281
internal_value=-0.000283356 1.69002 -8.74479 7.17787 2.51219 11.9155 1.21319 -19.5459 -0.677147 6.47714 -0.967867 1.57374 -1.84794 4.86694
internal_weight=30585 8745 638 258 8107 983 7124 380 21840 852 20988 5398 15590 817
internal_count=30585 8745 638 258 8107 983 7124 380 21840 852 20988 5398 15590 817
is_linear=0
shrinkage=0.1


Tree=195
num_leaves=15
num_cat=0
split_feature=1 2 10 2 8 2 1 2 7 9 12 8 1 1
split_gain=3.01611e+06 6.55622e+06 9.78271e+06 8.92202e+06 1.41709e+07 1.41316e+07 7.10702e+06 5.23111e+06 9.93238e+06 4.58588e+06 2.20766e+07 1.56421e+07 3.21628e+06 2.89382e+06
threshold=40870.820000000007 0.29423603500000006 -0.56174490092936669 6.5619832500000008 0.60355339059327384 10.438466500000002 44173.485000000008 0.9421360150000001 -0.60355339059327362 -0.60785761079279388 1.0000000180025095e-35 0.25881904510252057 38486.30000000001 31201.775000000005
decision_type=2 2 2 2 2 2 2 2 2 2 2 2 2 2
left_child=7 2 -2 4 -3 -5 -4 8 12 10 -9 -11 -1 -10
right_child=1 3 6 5 -6 -7 -8 9 13 11 -12 -13 -14 -15
leaf_value=54.918882906878437 19.761766079493935 4.4235097418413538 -20.795787485908061 -18.361622840719225 -67.193840871538427 -1.7967377295018707 -91.552617639761706 -2.9230533285062799 12.71748840291305 4.3080579417147424 22.388713786080274 -1.9518778091531741 15.741333203702361 0.26211922373488655
leaf_weight=53 27 2096 33 624 27 2928 25 7576 280 7959 360 8006 36 555
leaf_count=53 27 2096 33 624 27 2928 25 7576 280 7959 360 8006 36 555
internal_value=-0.000420923 -2.06181 -29.4662 -1.64623 3.48148 -4.71113 -52.3292 0.477935 7.85665 0.192361 -1.77216 1.16895 39.4228 4.44899
internal_weight=30585 5760 85 5675 2123 3552 58 24825 924 23901 7936 15965 89 835
internal_count=30585 5760 85 5675 2123 3552 58 24825 924 23901 7936 15965 89 835
is_linear=0
shrinkage=0.1


Tree=196
num_leaves=15
num_cat=0
split_feature=0 8 10 0 10 7 2 3 7 8 10 0 8 10
split_gain=3.71073e+06 5.20909e+06 8.4766e+07 2.22413e+07 1.58364e+07 5.70811e+07 9.89842e+06 9.64927e+06 5.10013e+06 1.28954e+07 2.76549e+07 9.14014e+06 1.02361e+07 9.58635e+06
threshold=30933.550000000003 0.96592582628906831 0.81174490092936691 33371.090000000004 0.81174490092936691 0.78656609248549325 10.229593500000002 18.622190000000003 0.25881904510252091 -0.5 0.81174490092936691 30354.210000000003 0.78656609248549303 -0.22252093395631442
decision_type=2 2 2 2 2 2 2 2 2 2 2 2 2 2
left_child=8 4 6 -4 7 -6 -3 -2 11 10 -10 13 -13 -1
right_child=1 2 3 -5 5 -7 -8 -9 9 -11 -12 12 -14 -15
leaf_value=-16.942078728188751 -0.94280062130105302 8.7157421395554859 -25.518928681638904 -89.653682637983763 11.384079970575463 -69.050469251300981 26.220192986547815 27.385176609567374 -10.250688881793266 -2.1022666477443255 36.752591932311041 -42.282267562379232 -5.5506205110664837 1.973654209988849
leaf_weight=371 19263 1280 132 92 2157 91 432 120 235 4884 266 140 165 957
leaf_count=371 19263 1280 132 92 2157 91 432 120 235 4884 266 140 165 957
internal_value=-0.000607877 0.600479 5.56861 -52.1414 0.155589 8.0988 13.1455 -0.766019 -2.0189 -0.533939 14.7286 -6.91242 -22.4941 -3.31956
internal_weight=30585 23567 1936 224 21631 2248 1712 19383 7018 5385 501 1633 305 1328
internal_count=30585 23567 1936 224 21631 2248 1712 19383 7018 5385 501 1633 305 1328
is_linear=0
shrinkage=0.1


Tree=197
num_leaves=15
num_cat=0
split_feature=1 0 2 8 3 9 7 0 12 9 1 8 9 8
split_gain=3.74016e+06 1.33785e+07 2.48373e+07 1.13927e+07 2.44982e+07 1.32423e+07 1.06268e+07 9.99583e+06 2.33766e+07 3.04516e+07 2.08909e+07 4.63317e+07 1.22169e+07 8.50387e+06
threshold=34680.870000000003 26194.800000000007 7.1626761500000002 0.78656609248549303 6.5702252500000009 -0.60785761079279388 0.37940952255126054 29837.300000000007 1.0000000180025095e-35 -0.60785761079279388 32808.06500000001 -0.37940952255126009 -0.8783796973249266 -0.5
decision_type=2 2 2 2 2 2 2 2 2 2 2 2 2 2
left_child=7 2 -2 5 -5 -3 -4 10 12 -10 13 -12 -9 -1
right_child=1 3 6 4 -6 -7 -8 8 9 -11 11 -13 -14 -15
leaf_value=-17.561845463012983 -115.61049235113735 -5.8232086414378079 27.141489875607377 9.899829812264592 -12.677083932750325 1.7914466456319975 -57.788087430207625 12.139397875811206 -76.337519319852206 -0.277211891009774 84.014599097460177 -10.947101146455795 2.2691180541079432 -2.6851797573531542
leaf_weight=427 28 2837 40 643 1895 11695 22 1514 83 141 86 125 7284 3765
leaf_count=427 28 2837 40 643 1895 11695 22 1514 83 141 86 125 7284 3765
internal_value=-0.00103709 -0.979127 -39.2201 -0.775219 -6.9556 0.304582 -3.43373 1.24915 3.15527 -28.6743 -2.65643 27.9714 3.96883 -4.20435
internal_weight=30585 17160 90 17070 2538 14532 62 13425 9022 224 4403 211 8798 4192
internal_count=30585 17160 90 17070 2538 14532 62 13425 9022 224 4403 211 8798 4192
is_linear=0
shrinkage=0.1


Tree=198
num_leaves=15
num_cat=0
split_feature=1 0 0 0 2 9 12 2 0 7 10 2 2 7
split_gain=3.76985e+06 1.14696e+07 1.82425e+07 2.69468e+07 1.91832e+07 1.07622e+07 1.82793e+07 1.14382e+07 1.00906e+07 9.56237e+06 6.01116e+07 9.7559e+06 5.8546e+06 2.9077e+07
threshold=38380.950000000004 38119.910000000011 35919.450000000004 36226.69000000001 4.1561886500000007 -1.0000000180025095e-35 1.0000000180025095e-35 16.664058500000003 35155.155000000006 -0.9159756150367534 -0.22252093395631442 15.679721000000002 3.6152036000000005 0.25881904510252091
decision_type=2 2 2 2 2 2 2 2 2 2 2 2 2 2
left_child=8 2 4 -4 -2 6 -3 -7 9 10 -1 -11 13 -10
right_child=1 5 3 -5 -6 7 -8 -9 12 11 -12 -13 -14 -15
leaf_value=-70.874798946380608 26.799710947162705 -3.6885308744507088 -68.62138868570328 -12.867422214370023 -5.390054437843478 2.3814203955435054 -67.246600325211247 47.025102539720208 7.7272017112004265 -0.44988404546648469 9.3286060550103063 67.767717633928569 5.1119560643357032 -28.607412132659022
leaf_weight=134 211 2795 97 759 1460 5496 45 57 748 12243 303 20 5906 311
leaf_count=134 211 2795 97 759 1460 5496 45 57 748 12243 303 20 5906 311
internal_value=-0.00146452 -1.49124 -7.39615 -19.258 -1.3118 0.287306 -4.71893 2.84806 0.825843 -0.851701 -15.3703 -0.33311 3.88436 -2.96023
internal_weight=30585 10920 2527 856 1671 8393 2840 5553 19665 12700 437 12263 6965 1059
internal_count=30585 10920 2527 856 1671 8393 2840 5553 19665 12700 437 12263 6965 1059
is_linear=0
shrinkage=0.1


Tree=199
num_leaves=15
num_cat=0
split_feature=1 0 8 9 1 7 0 1 3 1 9 0 2 3
split_gain=3.36297e+06 8.34793e+06 9.59993e+06 3.65578e+07 1.949e+07 8.43382e+06 6.07264e+06 1.37474e+07 1.00876e+07 7.96623e+06 1.39169e+07 9.3686e+06 4.91876e+06 4.7019e+06
threshold=28895.130000000001 26194.800000000007 -0.60355339059327384 -1.0000000180025095e-35 24279.045000000002 -0.25881904510252113 36584.920000000006 47378.745000000003 13.978489000000001 39347.580000000009 -0.60785761079279388 39456.140000000007 9.636448500000002 7.5042258000000013
decision_type=2 2 2 2 2 2 2 2 2 2 2 2 2 2
left_child=1 5 3 -3 -4 12 7 8 -2 10 -8 -11 -1 -7
right_child=6 2 4 -5 -6 13 9 -9 -10 11 -12 -13 -14 -15
leaf_value=2.8149452774612995 -3.6294486024300228 -25.179896600071977 41.328928578116681 38.753022854114938 5.6224176829642465 -50.453664134098936 -1.2021473381054573 75.317139899212393 2.8682686337900587 -9.3781002874870758 8.0181730776508271 0.36328083417220175 65.051942562103278 -7.1472029462822126
leaf_weight=26 9914 327 164 122 2088 25 3137 22 3147 1171 3422 6263 24 733
leaf_count=26 9914 327 164 122 2088 25 3137 22 3147 1171 3422 6263 24 733
internal_value=-0.00161754 2.91071 5.57813 -7.76085 8.2399 -6.0019 -0.379143 -1.92788 -2.06375 1.06891 3.60882 -1.17223 33.3785 -8.64011
internal_weight=30585 3509 2701 449 2252 808 27076 13083 13061 13993 6559 7434 50 758
internal_count=30585 3509 2701 449 2252 808 27076 13083 13061 13993 6559 7434 50 758
is_linear=0
shrinkage=0.1


end of trees

feature_importances:
consumption_lag_168h=590
consumption_lag_24h=539
dow_sin_x=329
dow_cos_x=302
hour_cos=267
temp_national=248
HDD=154
hour_sin=137
is_holiday_day=133
is_weekend_x=34
is_cold=2

parameters:
[boosting: gbdt]
[objective: regression]
[metric: l1]
[tree_learner: serial]
[device_type: cpu]
[data_sample_strategy: bagging]
[data: ]
[valid: ]
[num_iterations: 200]
[learning_rate: 0.1]
[num_leaves: 15]
[num_threads: 11]
[seed: 42]
[deterministic: 0]
[force_col_wise: 0]
[force_row_wise: 1]
[histogram_pool_size: -1]
[max_depth: 4]
[min_data_in_leaf: 20]
[min_sum_hessian_in_leaf: 0.001]
[bagging_fraction: 0.8]
[pos_bagging_fraction: 1]
[neg_bagging_fraction: 1]
[bagging_freq: 0]
[bagging_seed: 400]
[bagging_by_query: 0]
[feature_fraction: 0.8]
[feature_fraction_bynode: 1]
[feature_fraction_seed: 30056]
[extra_trees: 0]
[extra_seed: 12879]
[early_stopping_round: 0]
[early_stopping_min_delta: 0]
[first_metric_only: 0]
[max_delta_step: 0]
[lambda_l1: 0]
[lambda_l2: 1]
[linear_lambda: 0]
[min_gain_to_split: 0]
[drop_rate: 0.1]
[max_drop: 50]
[skip_drop: 0.5]
[xgboost_dart_mode: 0]
[uniform_drop: 0]
[drop_seed: 17869]
[top_rate: 0.2]
[other_rate: 0.1]
[min_data_per_group: 100]
[max_cat_threshold: 32]
[cat_l2: 10]
[cat_smooth: 10]
[max_cat_to_onehot: 4]
[top_k: 20]
[monotone_constraints: ]
[monotone_constraints_method: basic]
[monotone_penalty: 0]
[feature_contri: ]
[forcedsplits_filename: ]
[refit_decay_rate: 0.9]
[cegb_tradeoff: 1]
[cegb_penalty_split: 0]
[cegb_penalty_feature_lazy: ]
[cegb_penalty_feature_coupled: ]
[path_smooth: 0]
[interaction_constraints: ]
[verbosity: -1]
[saved_feature_importance_type: 0]
[use_quantized_grad: 0]
[num_grad_quant_bins: 4]
[quant_train_renew_leaf: 0]
[stochastic_rounding: 1]
[linear_tree: 0]
[max_bin: 255]
[max_bin_by_feature: ]
[min_data_in_bin: 3]
[bin_construct_sample_cnt: 200000]
[data_random_seed: 175]
[is_enable_sparse: 1]
[enable_bundle: 1]
[use_missing: 1]
[zero_as_missing: 0]
[feature_pre_filter: 1]
[pre_partition: 0]
[two_round: 0]
[header: 0]
[label_column: ]
[weight_column: ]
[group_column: ]
[ignore_column: ]
[categorical_feature: ]
[forcedbins_filename: ]
[precise_float_parser: 0]
[parser_config_file: ]
[objective_seed: 16083]
[num_class: 1]
[is_unbalance: 0]
[scale_pos_weight: 1]
[sigmoid: 1]
[boost_from_average: 1]
[reg_sqrt: 0]
[alpha: 0.9]
[fair_c: 1]
[poisson_max_delta_step: 0.7]
[tweedie_variance_power: 1.5]
[lambdarank_truncation_level: 30]
[lambdarank_norm: 1]
[label_gain: ]
[lambdarank_position_bias_regularization: 0]
[eval_at: ]
[multi_error_top_k: 1]
[auc_mu_weights: ]
[num_machines: 1]
[local_listen_port: 12400]
[time_out: 120]
[machine_list_filename: ]
[machines: ]
[gpu_platform_id: -1]
[gpu_device_id: -1]
[gpu_use_dp: 0]
[num_gpu: 1]

end of parameters

pandas_categorical:[]
