tree
version=v4
num_class=1
num_tree_per_iteration=1
label_index=0
max_feature_idx=26
objective=regression
feature_names=reserve_margin_ratio renewable_saturation load_factor spark_spread_proxy realtime_premium_lag24h system_short_signal thermal_gap price_volatility_lag24h price_ptf_lag_24h price_ptf_lag_168h price_ptf_rolling_mean_24h price_ptf_rolling_std_24h consumption_forecast consumption_lag_24h hour_sin hour_cos dow_sin_x dow_cos_x month_sin month_cos is_weekend_x is_holiday_day day_of_week temp_national HDD CDD USD_TRY
feature_infos=[0.10296164692965946:0.70241138145944593] [0.0021784835942654911:0.31010744646373994] [0.29758861854055407:0.89703835307034052] [0:2.6401914138775062] [0.10000000000000001:10] [-4150:4300.0100000000002] [15071.275:52990.050000000003] [0:1359.6180822608026] [0:3444.3599598399201] [0:3444.3599598399201] [36.979077484800428:3298.8255837588599] [0:1359.6180822608026] [17237:55243] [15333.299999999999:55575.019999999997] [-1:1] [-1:1] [-0.97492791218182362:0.97492791218182362] [-0.90096886790241903:1] [-1:1] [-1:1] [0:1] [0:1] [0:6] [-2.2555740000000002:18.692222999999998] [0:20.255572999999998] none [5.8529:26.031199999999998]
tree_sizes=2859 2827 2865 2875 2841 2880 2859 2854 2887 2853 2848 2880 2862 2852 2879 2867 2882 2894 2855 2877 2868 2867 2854 2877 2852 2851 2870 2855 2871 2868 2855 2881 2897 2868 2871 2856 2873 2887 2872 2852 2878 2888 2871 2879 2851 2883 2906 2863 2874 2876 2855 2862 2886 2880 2875 2856 2859 2847 2864 2861 2870 2889 2840 2867 2857 2853 2862 2867 2844 2856 2859 2827 2840 2902 2828 2888 2818 2808 2827 2810 2825 2880 2787 2828 2806 2777 2766 2821 2778 2820 2789 2823 2775 2847 2831 2825 2846 2756 2825 2781 2756 2733 2785 2758 2756 2768 2743 2762 2780 2744 2809 2715 2818 2722 2729 2735 2800 2799 2719 2760 2753 2769 2724 2689 2732 2368 2743 2299 2780 2709 2749 2713 2725 2781 2727 2301 2621 2711 2661 2716 2789 2667 2721 2714 2439 2715 2750 2532 2769 2683 2697 2748 2762 2653 2741 2707 2801 2705 2744 2720 2704 2721 2679 2763 2296 2695 2726 2700 2743 2704 2766 2775 2695 2758 2701 2679 2734 2797 2407 2705 2694 2690 2749 2716 2761 2744 2610 2660 2722 2663 2684 2710 2717 2725 2773 2683 2625 2700 2709 2773 2716 2715 2749 2795 2712 2764 2696 2720 2697 2703 2743

Tree=0
num_leaves=31
num_cat=0
split_feature=10 10 8 10 6 8 8 8 8 2 10 10 6 1 11 6 17 17 14 8 1 8 17 10 11 6 7 12 10 10
split_gain=1.131e+10 1.63803e+09 1.16387e+09 2.26951e+08 1.52977e+08 1.48828e+08 1.3414e+08 9.8504e+07 8.16159e+07 5.36724e+07 4.10271e+07 3.99139e+07 3.69064e+07 3.09956e+07 3.03499e+07 2.44085e+07 2.42992e+07 2.37405e+07 1.77583e+07 2.17726e+07 1.91238e+07 1.61103e+07 1.41476e+07 1.37158e+07 1.37079e+07 1.32554e+07 1.59182e+07 1.14963e+07 1.14527e+07 1.06085e+07
threshold=1381.6118996345785 764.00236317173085 2273.1114059773076 1962.7455307003709 27102.58666666667 1121.1268698485089 520.53403998596036 2863.635411009132 1658.6664974867074 0.56361752959557476 363.50138822157817 975.90267022014484 24980.067500000005 0.15094606262164065 815.9462725892173 30878.295833333337 0.81174490092936691 0.81174490092936691 -0.70710678118654735 1720.0260074008504 0.16823590160644428 753.39488002536666 0.81174490092936691 2257.4581861031606 464.25703865863346 29840.895833333336 338.37106591708442 35110.500000000007 1046.6642317271019 2400.9679739864473
decision_type=2 2 2 2 2 2 2 2 2 2 2 2 2 2 2 2 2 2 2 2 2 2 2 2 2 2 2 2 2 2
left_child=1 6 3 8 14 11 10 23 12 13 -1 27 -2 29 -4 -10 -13 -14 19 -7 28 -8 -11 -6 -18 -12 -27 -3 -20 -5
right_child=2 5 4 9 7 18 21 -9 15 22 25 16 17 -15 -16 -17 24 -19 20 -21 -22 -23 -24 -25 -26 26 -28 -29 -30 -31
leaf_value=980.56201175576132 1020.0350674515932 1004.1239371757664 1057.3763791817887 1060.3221611132335 1080.5037339510229 1031.2333744058035 997.35904636544194 1110.3968469064346 1046.2330695146536 1075.6820072807741 987.03804920871062 1015.9505176149914 1041.5074650334898 1035.3666754334267 1003.2114678836282 1060.5236976258818 1025.1715497193977 1057.1878357511014 1017.1239194363169 1060.0889857367313 1011.7184659772786 1005.2686155766911 1095.4985883637917 1094.0392458825133 1049.6315347225068 990.66076598215977 1023.7157588939518 1011.7971817522758 1028.9346016613849 1074.1456138093727
leaf_weight=1541 177 856 134 548 525 1107 1613 1107 455 526 4068 1656 1700 103 29 1237 276 295 243 66 230 1132 187 834 69 7076 35 1163 1294 303
leaf_count=1541 177 856 134 548 525 1107 1613 1107 455 526 4068 1656 1700 103 29 1237 276 295 243 66 230 1132 187 834 69 7076 35 1163 1294 303
internal_value=1017.92 999.576 1068.3 1055.23 1095.69 1019.72 990.513 1098.81 1048.5 1070.68 988.346 1013.47 1041.98 1062.39 1047.59 1056.78 1018.47 1043.92 1028.26 1033.03 1025.06 1000.59 1081.38 1089.06 1030.45 989.435 990.827 1008.52 1027.07 1065.54
internal_weight=30585 22425 8160 5531 2629 6960 15465 2466 3864 1667 12720 4020 2172 954 163 1692 2001 1995 2940 1173 1767 2745 713 1359 345 11179 7111 2019 1537 851
internal_count=30585 22425 8160 5531 2629 6960 15465 2466 3864 1667 12720 4020 2172 954 163 1692 2001 1995 2940 1173 1767 2745 713 1359 345 11179 7111 2019 1537 851
is_linear=0
shrinkage=1


Tree=1
num_leaves=31
num_cat=0
split_feature=3 3 26 3 3 3 6 7 18 6 6 3 26 26 18 6 6 6 26 6 4 6 3 19 26 6 26 6 1 3
split_gain=9.5076e+09 1.37628e+09 1.20276e+09 2.52973e+08 1.9657e+08 1.39275e+08 1.01678e+08 1.09727e+08 8.15348e+07 7.97547e+07 6.04809e+07 5.09335e+07 4.76746e+07 4.39283e+07 4.24626e+07 4.16386e+07 3.85823e+07 3.82585e+07 3.15003e+07 2.76914e+07 2.71564e+07 2.6727e+07 2.54682e+07 2.43534e+07 1.81062e+07 1.7028e+07 1.59784e+07 1.58397e+07 1.55271e+07 1.30795e+07
threshold=1.0660977007725549 1.7263873213943486 8.8883500000000009 1.342247683271232 2.1661870192782646 0.59032134265119751 24980.067500000005 560.69823162522187 -0.5 25433.005000000005 26490.769166666669 0.81983794604122406 18.852700000000002 16.665200000000002 1.0000000180025095e-35 27538.727500000005 25433.005000000005 34524.35333333334 18.966950000000004 24980.067500000005 0.34987711706399 32523.530000000002 2.3427335009017347 -0.5 18.810450000000003 28485.420000000002 8.1765500000000007 27879.015833333335 0.19305214367951343 0.3046457821390553
decision_type=2 2 2 2 2 2 2 2 2 2 2 2 2 2 2 2 2 2 2 2 2 2 2 2 2 2 2 2 2 2
left_child=2 3 5 12 10 15 20 11 16 -6 28 21 13 -2 -12 29 -5 27 -13 -15 -4 -8 -11 -9 -19 -24 -17 -10 -3 -1
right_child=1 4 6 8 9 -7 7 23 17 22 14 18 -14 19 -16 26 -18 24 -20 -21 -22 -23 25 -25 -26 -27 -28 -29 -30 -31
leaf_value=-36.886903654344145 17.327005132048843 35.265311886706449 -34.956127779167822 11.153295080965027 1.0970119582282174 -12.057625962902687 -7.652877210029307 10.544297959106139 16.417205253675213 73.278154754638678 65.386781388964536 11.109383342028787 7.5781930526415708 3.9451544157516807 46.495483476876331 -26.839139808826118 57.15615260634312 44.195272815284547 -1.1244046058369148 36.281570147442778 -11.546467134334135 2.533148528153129 42.367103102400499 41.896185019255824 25.379618296333263 90.41361556875485 -21.803846337520287 30.648590431451801 1.4146508310128141 -29.855940270749052
leaf_weight=1152 1676 108 161 52 31 1665 1534 94 278 709 963 1482 807 76 533 8144 640 831 813 588 528 1104 32 204 180 859 2154 870 49 2268
leaf_count=1152 1676 108 161 52 31 1665 1534 94 278 709 963 1482 807 76 533 8144 640 831 813 588 528 1104 32 204 180 859 2154 870 49 2268
internal_value=0.0048778 42.2245 -18.3963 27.9398 68.2322 -25.7645 0.755195 3.1382 38.7282 80.7122 55.712 1.34292 18.1202 21.7319 58.8335 -27.4231 53.8042 33.7829 6.78254 32.6376 -17.2292 -3.39329 82.2465 32.344 40.9867 88.9341 -25.797 27.2885 25.0705 -32.2747
internal_weight=30585 9282 21303 5998 3284 15383 5920 5231 2851 1631 1653 4933 3147 2340 1496 13718 692 2159 2295 664 689 2638 1600 298 1011 891 10298 1148 157 3420
internal_count=30585 9282 21303 5998 3284 15383 5920 5231 2851 1631 1653 4933 3147 2340 1496 13718 692 2159 2295 664 689 2638 1600 298 1011 891 10298 1148 157 3420
is_linear=0
shrinkage=0.05


Tree=2
num_leaves=31
num_cat=0
split_feature=8 26 9 9 8 8 8 9 8 1 21 9 8 9 1 1 9 8 4 12 1 12 12 1 8 22 1 1 9 26
split_gain=8.72832e+09 1.51398e+09 1.0285e+09 2.02771e+08 1.68107e+08 1.39465e+08 1.33658e+08 8.2291e+07 6.48308e+07 4.47258e+07 4.00195e+07 3.91549e+07 3.16091e+07 2.9414e+07 2.88968e+07 2.87171e+07 2.41516e+07 2.38381e+07 2.25561e+07 1.82989e+07 1.8118e+07 1.7889e+07 1.7764e+07 1.75728e+07 1.55525e+07 1.189e+07 1.14899e+07 1.12202e+07 1.09816e+07 9.98477e+06
threshold=1420.263053060253 8.8883500000000009 2148.5964702371089 1222.0183875528421 1873.4163097475914 520.53403998596036 2626.1050338120644 2019.4196213484609 942.61101605018291 0.18311622431001986 1.0000000180025095e-35 1603.25204566808 313.36243140441212 2803.4179486041867 0.17754724334573557 0.20179298745144222 2507.049509271968 2536.291659429196 0.74735754229470575 30678.500000000004 0.17475777883368729 26277.500000000004 33556.500000000007 0.13921441832033407 753.39488002536666 5.5000000000000009 0.16623843604882318 0.14429117344799927 446.1872835029489 19.126500000000004
decision_type=2 2 2 2 2 2 2 2 2 2 2 2 2 2 2 2 2 2 2 2 2 2 2 2 2 2 2 2 2 2
left_child=1 5 4 8 11 12 15 10 21 17 14 20 -1 23 -5 16 -4 -6 -12 -8 -2 -3 -11 -9 -7 -23 29 -13 -14 -10
right_child=2 3 6 7 9 24 19 13 26 22 18 27 28 -15 -16 -17 -18 -19 -20 -21 -22 25 -24 -25 -26 -27 -28 -29 -30 -31
leaf_value=-34.034837533007462 21.248037397067282 -24.914936834506776 52.778076400729901 13.601135799346913 42.491264675710518 -17.972901746657868 37.546748690605163 43.600845725355406 6.379505663282071 -4.2796704844917572 -33.136874167330852 33.567997598032491 -28.051597558675965 72.369175907603491 -3.9874143686003358 20.069720238499475 67.724087940776812 59.050894406594729 2.8161892070220067 82.633592896766231 5.0770924470482806 -6.6582847665970597 31.856957312878492 13.751335002808345 -10.517026305181023 -16.691347641052481 -8.9305934373419085 20.114858370428689 -24.587499847433506 -1.0781211768902661
leaf_weight=1380 1496 173 703 2352 1564 1529 35 107 1215 65 72 1002 4004 52 257 52 694 299 99 1325 200 1800 64 100 1346 353 196 217 7126 708
leaf_count=1380 1496 173 703 2352 1564 1529 35 107 1215 65 72 1002 4004 52 257 52 694 299 99 1325 200 1800 64 100 1346 353 196 217 7126 708
internal_value=0.00863245 -15.5072 45.9754 2.93729 32.1095 -24.4776 70.0976 12.88 -3.8673 43.3244 10.3248 24.3845 -26.7623 39.5922 11.8642 59.0441 60.418 45.3 -12.833 81.6151 19.3616 -9.62191 14.1679 29.8454 -14.5066 -8.33816 2.45723 31.2651 -25.8457 3.63809
internal_weight=30585 22869 7716 7484 4907 15385 2809 3039 4445 1992 2780 2915 12510 259 2609 1449 1397 1863 171 1360 1696 2326 129 207 2875 2153 2119 1219 11130 1923
internal_count=30585 22869 7716 7484 4907 15385 2809 3039 4445 1992 2780 2915 12510 259 2609 1449 1397 1863 171 1360 1696 2326 129 207 2875 2153 2119 1219 11130 1923
is_linear=0
shrinkage=0.05


Tree=3
num_leaves=31
num_cat=0
split_feature=3 3 26 3 6 3 3 12 11 26 26 3 26 26 6 6 3 15 1 17 6 3 4 7 11 24 1 26 26 6
split_gain=7.75794e+09 1.12406e+09 9.78637e+08 2.05647e+08 1.67099e+08 1.24266e+08 1.0627e+08 8.92525e+07 7.98845e+07 5.49341e+07 4.69612e+07 4.33778e+07 3.96164e+07 3.69697e+07 3.53409e+07 3.37955e+07 3.3586e+07 2.89908e+07 2.71906e+07 2.68164e+07 2.25172e+07 2.07535e+07 2.02149e+07 1.78975e+07 1.71468e+07 1.30572e+07 1.28335e+07 1.27209e+07 1.13385e+07 1.10401e+07
threshold=1.0660977007725549 1.7263873213943486 8.8553500000000014 1.342247683271232 28202.850833333338 2.2824269971427964 0.5764194410878104 33105.500000000007 709.18839906504832 18.786450000000006 17.424700000000005 0.72250836051360412 18.852700000000002 15.922700000000001 27538.727500000005 26644.033333333336 1.9467176928395675 -0.37940952255126009 0.18311622431001986 0.81174490092936691 30948.295833333337 0.81983794604122406 0.39550427423027895 576.58915984026874 355.85602432362407 14.713011000000002 0.21364731160036707 18.696500000000004 8.1765500000000007 24460.21166666667
decision_type=2 2 2 2 2 2 2 2 2 2 2 2 2 2 2 2 2 2 2 2 2 2 2 2 2 2 2 2 2 2
left_child=2 3 6 12 17 16 14 11 19 10 20 22 13 -2 -1 -12 27 -3 -15 21 -5 -9 -4 25 -21 -13 -19 -6 -16 -11
right_child=1 4 7 9 5 -7 -8 8 -10 29 15 23 -14 18 28 -17 -18 26 -20 24 -22 -23 -24 -25 -26 -27 -28 -29 -30 -31
leaf_value=-29.343150078347932 15.199657818731737 -0.64261219110061873 -26.055618369214923 20.300211791476688 55.64634359041122 80.832679106106355 -11.465571162873585 -2.7958712630850799 53.025102201001403 -13.471116953629716 17.657656437266958 -4.1008610485598282 6.777099895468119 32.366466518115644 -24.218673981958393 48.587653711049455 63.977753304434827 39.530577427005085 4.5302547040912842 8.4592199645978265 35.611732173950422 6.151022369891499 -9.7451122359893638 19.812204014371943 26.475821371409626 9.2296797719064241 4.9244344896740389 40.658546561087157 -19.868842236139244 21.105947104824363
leaf_weight=3390 1572 62 224 365 432 966 1677 1176 82 21 105 925 807 665 8093 1007 1139 306 103 530 879 1433 1216 103 175 224 31 348 2055 474
leaf_count=3390 1572 62 224 365 432 966 1677 1176 82 21 105 925 807 665 8093 1007 1139 306 103 530 879 1433 1216 103 175 224 31 348 2055 474
internal_value=0.0115669 38.149 -16.6105 25.2394 61.6532 65.8648 -23.3875 0.331824 5.71828 34.9666 38.1639 -6.46125 16.3857 19.6779 -24.8595 45.7593 58.1396 30.763 28.6867 4.46961 31.2185 2.12058 -12.3637 0.349653 13.0865 -1.47327 36.4659 49.2611 -23.348 19.5189
internal_weight=30585 9282 21303 5998 3284 2885 15215 6088 3396 2851 2356 2692 3147 2340 13538 1112 1919 399 768 3314 1244 2609 1440 1252 705 1149 337 780 10148 495
internal_count=30585 9282 21303 5998 3284 2885 15215 6088 3396 2851 2356 2692 3147 2340 13538 1112 1919 399 768 3314 1244 2609 1440 1252 705 1149 337 780 10148 495
is_linear=0
shrinkage=0.05


Tree=4
num_leaves=31
num_cat=0
split_feature=8 8 26 8 8 8 7 6 6 15 18 6 6 6 8 6 7 8 6 22 17 6 1 6 7 26 18 8 1 8
split_gain=7.13365e+09 1.12629e+09 7.82447e+08 2.04077e+08 1.51572e+08 1.06828e+08 7.52133e+07 7.81913e+07 6.90592e+07 4.68581e+07 4.54173e+07 4.25605e+07 4.07476e+07 3.11576e+07 2.74976e+07 2.37594e+07 2.30082e+07 2.27773e+07 2.01712e+07 1.85176e+07 1.76881e+07 1.75148e+07 1.52501e+07 1.50935e+07 1.44416e+07 1.42891e+07 1.25221e+07 1.25179e+07 1.20151e+07 1.18198e+07
threshold=1268.0931206398557 2084.4454757204603 8.8553500000000014 1603.25204566808 2700.8174739057463 520.53403998596036 595.16997336795305 28603.572500000006 25433.005000000005 -0.37940952255126009 -0.5 27945.633333333335 22943.710833333338 25433.005000000005 313.36243140441212 29706.657500000005 333.99930859017695 942.61101605018291 24862.843333333334 2.5000000000000004 0.81174490092936691 29974.000833333335 0.1969881678844059 22031.844166666669 338.37106591708442 17.936000000000003 -0.5 799.63361735704586 0.16073202496419656 1426.8210489660182
decision_type=2 2 2 2 2 2 2 2 2 2 2 2 2 2 2 2 2 2 2 2 2 2 2 2 2 2 2 2 2 2
left_child=2 3 5 16 11 14 7 9 -6 -4 13 22 -8 -5 -1 28 29 20 -18 26 -9 -10 -3 -11 -19 -13 -14 -7 -12 -2
right_child=1 4 6 10 8 27 12 17 21 23 15 25 19 -15 -16 -17 18 24 -20 -21 -22 -23 -24 -25 -26 -27 -28 -29 -30 -31
leaf_value=-30.944926791965749 10.318824523436675 34.08602479316226 -28.690029519393637 7.4425195422665826 0.60856549678704686 -15.790495787051462 -15.777699981016273 -5.095333271057485 50.712959125860415 -22.289855686417976 25.526251897787809 42.470823990335369 49.194218199593678 48.231235386183286 -23.317249188098529 32.726359532570257 -2.8761340625584126 4.3894866456087858 27.894789680272723 9.2776685179926321 6.7821350757848649 74.718321758054302 -0.91498917777363842 -5.4283001063739862 18.361457495027754 55.313118914138613 23.799105857280978 -8.6675622851041236 9.8452070892774159 16.948564573262356
leaf_weight=1380 1695 213 291 53 34 1706 63 1233 129 142 391 391 93 590 11129 1586 59 1673 469 107 415 1333 36 1458 204 1223 136 1002 190 1161
leaf_count=1380 1695 213 291 53 34 1706 63 1233 129 142 391 391 93 590 11129 1586 59 1673 469 107 415 1333 36 1458 204 1223 136 1002 190 1161
internal_value=0.0148237 35.8335 -16.2591 23.1598 59.1346 -22.2191 -0.657021 -2.2075 71.1476 -10.3959 33.1173 49.3235 20.1559 44.9526 -24.1708 29.5101 14.8546 2.19366 24.4616 27.0261 -2.09285 72.7803 29.107 -6.98957 5.95279 52.3428 34.9434 -13.1758 20.526 13.0388
internal_weight=30585 9553 21032 6194 3359 15217 5815 5416 1496 1891 2810 1863 399 643 12509 2167 3384 3525 528 336 1648 1462 249 1600 1877 1614 229 2708 581 2856
internal_count=30585 9553 21032 6194 3359 15217 5815 5416 1496 1891 2810 1863 399 643 12509 2167 3384 3525 528 336 1648 1462 249 1600 1877 1614 229 2708 581 2856
is_linear=0
shrinkage=0.05


Tree=5
num_leaves=31
num_cat=0
split_feature=10 10 10 2 8 10 10 6 6 10 17 10 6 3 12 8 11 8 11 12 6 11 10 8 6 17 6 11 19 6
split_gain=6.93244e+09 9.70381e+08 7.20297e+08 1.28611e+08 1.24778e+08 8.76046e+07 8.33635e+07 5.30783e+07 4.4091e+07 3.94677e+07 3.56184e+07 2.99952e+07 2.56276e+07 2.53238e+07 2.30292e+07 2.093e+07 1.73917e+07 1.7114e+07 1.62473e+07 1.56749e+07 1.42912e+07 1.06175e+07 9.43069e+06 8.54504e+06 9.52382e+06 8.40394e+06 8.29905e+06 8.15655e+06 8.02267e+06 6.59565e+06
threshold=1381.6118996345785 771.37542028724295 2228.4778661858099 0.5645568529606696 1928.6294953818244 543.68993134195205 1046.6642317271019 28727.690833333338 25220.020000000004 1689.9532828652807 0.81174490092936691 370.26730456037649 26971.845000000005 2.0229317428466573 33026.500000000007 2700.8174739057463 739.19286622200468 955.20857122062841 866.73822657055348 36338.500000000007 23768.352500000005 631.09926442692938 1236.433106384646 1743.9111632769943 28059.969166666669 0.81174490092936691 29644.338333333337 209.63030065910314 -0.24999999999999994 23379.125000000004
decision_type=2 2 2 2 2 2 2 2 2 2 2 2 2 2 2 2 2 2 2 2 2 2 2 2 2 2 2 2 2 2
left_child=1 5 4 12 8 11 17 20 -2 18 -11 29 21 -9 -8 -5 22 25 -10 -7 -6 -4 -16 24 -19 -3 -13 -28 -14 -1
right_child=2 6 3 15 7 19 14 13 9 10 -12 26 28 -15 16 -17 -18 23 -20 -21 -22 -23 -24 -25 -26 -27 27 -29 -30 -31
leaf_value=-33.689895995975462 3.6837695325883453 -8.6968071882639126 37.592466717520679 59.945251503354612 -16.116950869560242 -17.462742185713442 0.51270884557267893 38.442046383389254 19.06217694213078 27.416332692640239 48.944214508313095 -24.071516761134539 33.81717643377916 53.486783003646337 6.552474492892312 73.769268316080129 43.872334559758507 -9.9605937351182448 59.818595416729273 -9.9679757380975147 20.601669668680742 13.69133183624171 13.20124262424754 23.335247112543158 1.6931804406423319 -0.29953332889307421 -21.092066832963962 7.8882625721119073 52.647830813575254 -26.491237891722221
leaf_weight=640 265 1689 172 624 27 1278 1089 1135 1750 1344 233 3690 101 440 1688 1076 31 210 21 1602 185 74 792 34 945 362 7299 22 713 1054
leaf_count=640 265 1689 172 624 27 1278 1089 1135 1750 1344 233 3690 101 440 1688 1076 31 210 21 1602 185 74 792 34 945 362 7299 22 713 1054
internal_value=0.0172609 -14.3426 39.4652 60.2429 28.7996 -21.2313 1.35718 39.634 23.3935 24.9457 30.7417 -23.019 46.1234 42.801 6.58951 68.8857 9.21869 -4.4577 19.7125 -13.3183 15.6614 30.8189 8.6981 0.315803 -0.459445 -7.21905 -22.0396 -20.9996 50.5321 -29.3021
internal_weight=30585 22425 8160 2760 5400 15585 6840 1787 3613 3348 1577 12705 1060 1575 3600 1700 2511 3240 1771 2880 212 246 2480 1189 1155 2051 11011 7321 814 1694
internal_count=30585 22425 8160 2760 5400 15585 6840 1787 3613 3348 1577 12705 1060 1575 3600 1700 2511 3240 1771 2880 212 246 2480 1189 1155 2051 11011 7321 814 1694
is_linear=0
shrinkage=0.05


Tree=6
num_leaves=31
num_cat=0
split_feature=8 9 9 8 9 9 9 6 9 6 6 8 6 8 8 8 6 6 6 21 1 6 1 9 8 8 1 8 1 8
split_gain=5.82901e+09 1.07577e+09 6.40161e+08 2.1985e+08 1.23183e+08 1.08169e+08 4.7971e+07 4.08879e+07 3.87238e+07 3.81891e+07 3.76729e+07 3.5143e+07 2.86433e+07 2.75821e+07 2.30503e+07 2.13218e+07 2.09436e+07 1.87821e+07 1.38381e+07 1.29479e+07 1.28835e+07 1.11641e+07 1.07956e+07 1.02571e+07 1.02027e+07 9.02865e+06 8.90563e+06 8.75352e+06 7.09455e+06 6.61383e+06
threshold=1249.0823035081685 2131.9594740145162 598.93948057395687 1743.9111632769943 1133.1627061669908 2803.4179486041867 2019.4196213484609 27176.583333333336 1506.3969027476808 25433.005000000005 22943.710833333338 490.78966262072498 27102.58666666667 2536.291659429196 880.58907530248223 2626.1050338120644 26644.033333333336 24590.025833333337 24460.21166666667 1.0000000180025095e-35 0.1496473349357926 33849.631666666675 0.18058820999331973 2803.4179486041867 1412.3653628747913 304.3907199453833 0.20179298745144222 786.15894839621672 0.11658082995994952 718.13339971377411
decision_type=2 2 2 2 2 2 2 2 2 2 2 2 2 2 2 2 2 2 2 2 2 2 2 2 2 2 2 2 2 2
left_child=2 3 11 8 14 7 10 26 18 22 -6 16 -7 21 29 28 25 -8 -2 -12 -10 -11 -5 -19 -20 -1 -3 -13 -9 -4
right_child=1 5 4 9 6 12 17 15 20 13 19 27 -14 -15 -16 -17 -18 23 24 -21 -22 -23 -24 -25 -26 -27 -28 -29 -30 -31
leaf_value=-30.829693680966887 -7.8284964980501117 27.475763788501038 -11.902730091552538 19.261428584098816 -22.555921010460175 22.017457130343416 -4.4571818863644319 49.25526032398087 23.959875434061448 27.674813641102492 8.6064492427086492 -17.359053073222093 69.84962394797563 49.147962948254182 -1.9292569213988315 60.510770307669127 -21.114922446317767 29.280901710003146 8.7488613608307002 -8.3714623877259555 10.255849932363907 35.484412166050504 -6.0024780562718716 61.567613256545293 14.769515504880662 -24.102686254074584 -2.6855843120151097 -9.8154065442134133 38.006766882802616 -7.1961803173675243
leaf_weight=852 94 98 1325 95 107 38 29 858 958 1039 1573 2463 1187 275 1672 471 8469 121 1688 117 222 1115 70 37 1252 1747 31 483 300 1799
leaf_count=852 94 98 1325 95 107 38 29 858 958 1039 1573 2463 1187 275 1672 471 8469 121 1688 117 222 1115 70 37 1252 1747 31 483 300 1799
internal_value=0.0202573 31.8211 -14.9575 20.8243 -2.34207 56.8419 8.12319 48.574 13.7482 32.2711 5.56787 -21.0578 68.4614 33.8523 -6.67528 50.736 -22.3586 31.8942 10.7279 7.4098 21.4359 31.7902 8.68181 38.4987 11.3335 -26.3629 20.3976 -16.141 46.5171 -9.20824
internal_weight=30585 9791 20794 6808 6780 2983 1984 1758 4214 2594 1797 14014 1225 2429 4796 1629 11068 187 3034 1690 1180 2154 165 158 2940 2599 129 2946 1158 3124
internal_count=30585 9791 20794 6808 6780 2983 1984 1758 4214 2594 1797 14014 1225 2429 4796 1629 11068 187 3034 1690 1180 2154 165 158 2940 2599 129 2946 1158 3124
is_linear=0
shrinkage=0.05


Tree=7
num_leaves=31
num_cat=0
split_feature=10 9 10 10 9 9 10 6 6 10 10 10 9 10 6 10 6 6 6 9 15 0 9 6 8 9 1 9 9 6
split_gain=5.68322e+09 7.05995e+08 6.98539e+08 1.30955e+08 1.01868e+08 7.75868e+07 6.63957e+07 4.9267e+07 3.93785e+07 3.60691e+07 2.79812e+07 2.55045e+07 2.06022e+07 2.04032e+07 1.92711e+07 1.86961e+07 1.54812e+07 1.52196e+07 1.2273e+07 1.22296e+07 1.12457e+07 1.11627e+07 1.07351e+07 9.12132e+06 8.66826e+06 8.58421e+06 8.38773e+06 8.2465e+06 7.61431e+06 6.84813e+06
threshold=1307.4506428975419 2148.5964702371089 764.00236317173085 1962.7455307003709 2803.4179486041867 1133.1627061669908 543.68993134195205 27176.583333333336 28264.799166666671 1536.7513263795634 2199.5145717372438 370.26730456037649 2921.6531414937131 2374.987419907327 26644.033333333336 1097.1830890323909 25324.271666666671 23768.352500000005 29315.593333333338 598.93948057395687 -0.60355339059327384 0.39332024983561858 1420.263053060253 33201.045833333344 1699.6209308463654 441.5020125364685 0.17475777883368729 3005.0980100075335 1151.974653264883 28330.060000000001
decision_type=2 2 2 2 2 2 2 2 2 2 2 2 2 2 2 2 2 2 2 2 2 2 2 2 2 2 2 2 2 2
left_child=2 3 6 8 7 15 11 26 17 -10 -9 -1 18 16 -6 19 -5 -2 24 -4 -19 -8 -20 -11 -7 -13 -3 -16 -18 -21
right_child=1 4 5 13 14 12 21 10 9 23 -12 25 -14 -15 27 -17 28 20 22 29 -22 -23 -24 -25 -26 -27 -28 -29 -30 -31
leaf_value=-26.594364409533725 -4.6185733792858743 26.89301572341634 -13.556255343955952 7.8675998276149901 16.714812084313095 -2.7841174707978693 -9.247376068017342 40.29490749163152 15.162984767933672 21.485459115228153 54.800906036738752 -22.058948037955844 49.177578475557532 43.708422037121522 59.601734155975613 1.975914821696745 18.760827991697521 -9.8393917326657281 6.6030372106368223 -8.9451914391798137 14.414424765074905 -15.70603217124939 16.01871637737467 28.978235005651204 19.196462915420533 -18.910946154867961 2.507462936639786 71.425167830712539 34.776765194136445 -3.0773525768217809
leaf_weight=1694 150 87 450 69 24 431 1505 686 1274 763 882 3433 24 607 560 972 103 48 1621 675 674 1255 373 1185 45 7578 59 652 817 1889
leaf_count=1694 150 87 450 69 24 431 1505 686 1274 763 882 3433 24 607 560 972 103 48 1621 675 674 1255 373 1185 45 7578 59 652 817 1889
internal_value=0.022348 34.3605 -13.5017 24.0339 54.2041 0.279853 -19.2746 46.0075 19.2555 21.8093 48.6028 -20.8044 7.1884 36.1927 65.3394 -4.04633 31.3833 9.74906 6.68186 -5.98855 12.7453 -12.2073 8.40003 26.106 -0.528071 -19.902 17.4482 66.2296 33.0948 -4.63655
internal_weight=30585 8640 21945 5690 2950 6480 15465 1714 4094 3222 1568 12705 2494 1596 1236 3986 989 872 2470 3014 722 2760 1994 1948 476 11011 146 1212 920 2564
internal_count=30585 8640 21945 5690 2950 6480 15465 1714 4094 3222 1568 12705 2494 1596 1236 3986 989 872 2470 3014 722 2760 1994 1948 476 11011 146 1212 920 2564
is_linear=0
shrinkage=0.05


Tree=8
num_leaves=31
num_cat=0
split_feature=10 10 10 0 8 10 10 6 6 17 10 14 14 14 6 10 3 10 6 6 6 6 8 17 6 6 19 3 26 10
split_gain=5.13434e+09 7.13341e+08 5.43909e+08 9.84075e+07 9.06931e+07 6.38108e+07 6.35588e+07 4.14682e+07 3.32532e+07 3.31694e+07 2.31431e+07 2.17728e+07 2.01164e+07 1.82873e+07 1.79987e+07 1.77195e+07 1.73985e+07 1.70749e+07 1.41635e+07 1.13593e+07 1.01717e+07 8.71263e+06 8.0555e+06 7.26645e+06 7.19766e+06 6.98354e+06 6.5923e+06 6.02233e+06 5.82976e+06 5.63167e+06
threshold=1381.6118996345785 771.37542028724295 2228.4778661858099 0.43530259575842151 1928.6294953818244 543.68993134195205 1046.6642317271019 28059.969166666669 26134.245000000006 0.81174490092936691 363.50138822157817 -0.70710678118654735 -0.70710678118654735 -0.70710678118654735 26971.845000000005 1677.7554946954856 2.0229317428466573 1627.9255476811095 30313.206666666669 34131.285833333335 23768.352500000005 24460.21166666667 1821.205440764641 0.81174490092936691 29180.94333333334 22031.844166666669 -0.24999999999999994 1.2883701351349146 14.636050000000003 1262.9201617401197
decision_type=2 2 2 2 2 2 2 2 2 2 2 2 2 2 2 2 2 2 2 2 2 2 2 2 2 2 2 2 2 2
left_child=1 5 4 11 8 10 13 20 25 15 -1 -4 22 27 -5 -10 -9 -11 -14 -7 -6 -15 -8 -23 -12 -2 -16 -3 -26 -20
right_child=2 6 3 14 7 19 12 16 9 17 24 -13 18 21 26 -17 -18 -19 29 -21 -22 23 -24 -25 28 -27 -28 -29 -30 -31
leaf_value=-25.519690330861039 -11.389090543634751 0.83091998906720854 67.580950831324088 26.821889503923547 -15.565538275241853 -14.573764671241737 10.973581035482614 32.889875430324047 15.430674124552732 22.977273426633893 -20.920293364494487 54.244795653877077 -0.83094315245921779 -15.819818283890335 28.560610360919306 23.617052026875456 45.277541458134088 42.809612747879541 4.7338392547996753 -8.2306938331763622 15.715820399308818 -6.4285624613505554 33.534350231081945 1.394850953266527 -18.118292740953294 8.5536542414523229 45.285951390632739 13.504520642315899 5.1640567270914719 11.560586377626443
leaf_weight=1573 46 716 658 246 27 1469 875 1160 1378 226 3451 1040 1107 208 101 1370 449 258 1170 1411 151 1862 38 351 7656 335 715 103 25 410
leaf_count=1573 46 716 658 246 27 1469 875 1160 1378 226 3451 1040 1107 208 101 1370 449 258 1170 1411 151 1862 38 351 7656 335 715 103 25 410
internal_value=0.0246231 -12.3334 33.9734 52.0281 24.7058 -18.2397 1.12742 33.9433 20.0963 21.7426 -19.7655 59.596 5.69618 -3.94992 39.7054 19.5474 36.4763 33.8788 3.50516 -11.4858 10.675 -6.13157 12.0902 -5.18734 -18.9414 6.0294 43.4024 2.49713 -18.0392 6.53625
internal_weight=30585 22425 8160 2760 5400 15585 6840 1787 3613 3232 12705 1698 3600 3240 1062 2748 1609 484 2687 2880 178 2421 913 2213 11132 381 816 819 7681 1580
internal_count=30585 22425 8160 2760 5400 15585 6840 1787 3613 3232 12705 1698 3600 3240 1062 2748 1609 484 2687 2880 178 2421 913 2213 11132 381 816 819 7681 1580
is_linear=0
shrinkage=0.05


Tree=9
num_leaves=31
num_cat=0
split_feature=8 9 9 8 9 9 8 6 9 6 9 6 8 6 9 8 8 9 6 9 26 1 9 9 1 8 1 6 22 9
split_gain=4.30648e+09 8.17098e+08 4.61877e+08 1.59516e+08 9.2801e+07 7.69182e+07 4.22041e+07 3.9234e+07 3.96017e+07 3.5296e+07 2.85793e+07 2.84606e+07 2.1277e+07 2.09794e+07 1.80081e+07 1.50908e+07 1.48894e+07 1.35737e+07 1.24886e+07 1.1975e+07 1.0953e+07 1.03705e+07 9.72852e+06 9.0463e+06 8.73159e+06 8.11548e+06 7.06128e+06 6.36002e+06 6.14563e+06 5.91364e+06
threshold=1234.7430767968854 2111.7118711774119 691.30499012125676 1743.9111632769943 2626.1050338120644 1222.0183875528421 503.47563956699781 25220.020000000004 1699.6209308463654 25860.555000000004 1426.8210489660182 25433.005000000005 2536.291659429196 27176.583333333336 345.30973808767914 918.90674303651838 2199.3054585573159 2803.4179486041867 24131.927500000002 3005.0980100075335 15.500850000000002 0.11421608886533151 1821.205440764641 1720.0260074008504 0.18058820999331973 737.99007240261528 0.092407992926232821 22662.251666666671 1.5000000000000002 910.35760903550988
decision_type=2 2 2 2 2 2 2 2 2 2 2 2 2 2 2 2 2 2 2 2 2 2 2 2 2 2 2 2 2 2
left_child=2 3 6 10 13 15 14 20 28 -6 21 24 23 -3 -1 26 -15 -10 -12 -11 -7 -2 -20 -13 -5 -8 29 -22 -9 -4
right_child=1 4 5 11 9 7 25 8 17 19 18 12 -14 16 -16 -17 -18 -19 22 -21 27 -23 -24 -25 -26 -27 -28 -29 -30 -31
leaf_value=-23.278848600024961 10.193619309182191 17.383255693110925 -6.2707474549626792 16.653161578178409 7.7418322676704037 -23.061791523297629 -14.067330356790251 11.606001738232417 22.85651559884521 53.26022217803532 -6.0132800194524947 22.77020604714496 42.3228751915887 34.431759021004432 -18.080673689622923 -0.32545137086081088 45.804861809389436 55.484584064018442 15.258700227189443 64.430510892939751 -14.382244760649545 3.1290065185600837 24.881800334109126 29.973308553655944 -6.0423854193687445 -8.2894440476714628 -9.5574027312792094 5.5171535869976429 3.7912290037339731 0.44710752622268535
leaf_weight=2099 1854 111 1287 95 37 91 1884 426 256 859 57 870 272 613 9823 1386 817 36 1322 660 58 729 348 1195 70 940 1223 106 623 438
leaf_count=2099 1854 111 1287 95 37 91 1884 426 256 859 57 870 272 613 9823 1386 817 36 1322 660 58 729 348 1195 70 940 1223 106 623 438
internal_value=0.0264497 27.1201 -12.9616 17.4172 48.3996 -1.17556 -17.6993 8.19237 11.6075 57.1354 11.5656 27.4542 28.8708 39.4224 -19.0052 -4.63079 41.0665 27.7457 16.5466 58.3092 -9.64465 8.20969 17.3323 27.0009 7.12993 -12.1622 -6.65094 -1.73744 7.00487 -4.56861
internal_weight=30585 9909 20676 6812 3097 5930 14746 1596 1341 1556 4310 2502 2337 1541 11922 4334 1430 292 1727 1519 255 2583 1670 2065 165 2824 2948 164 1049 1725
internal_count=30585 9909 20676 6812 3097 5930 14746 1596 1341 1556 4310 2502 2337 1541 11922 4334 1430 292 1727 1519 255 2583 1670 2065 165 2824 2948 164 1049 1725
is_linear=0
shrinkage=0.05


Tree=10
num_leaves=31
num_cat=0
split_feature=10 10 9 10 9 6 10 9 6 6 9 6 9 10 10 10 12 6 6 4 11 6 15 9 10 9 9 9 6 11
split_gain=4.20693e+09 5.822e+08 4.78116e+08 9.82391e+07 6.20357e+07 6.16191e+07 6.15065e+07 4.28711e+07 3.01958e+07 2.03577e+07 2.00548e+07 1.88244e+07 1.60854e+07 1.46192e+07 1.41911e+07 1.31266e+07 1.21565e+07 1.17314e+07 1.08475e+07 1.00013e+07 9.47723e+06 8.68411e+06 8.10986e+06 8.08272e+06 7.026e+06 6.58078e+06 6.16924e+06 6.0277e+06 5.74727e+06 5.66086e+06
threshold=1381.6118996345785 790.92793130418727 2273.1114059773076 1962.7455307003709 1133.1627061669908 27176.583333333336 543.68993134195205 2803.4179486041867 27999.430833333336 28540.855833333339 1720.0260074008504 33418.070000000007 1769.3285804849877 1827.0680963295231 2289.661802668134 1097.1830890323909 36338.500000000007 22662.251666666671 29244.441666666669 0.48920102747341815 709.18839906504832 24980.067500000005 -0.5 598.93948057395687 1563.727621682867 3005.0980100075335 1420.263053060253 3005.0980100075335 28330.060000000001 418.28706033867599
decision_type=2 2 2 2 2 2 2 2 2 2 2 2 2 2 2 2 2 2 2 2 2 2 2 2 2 2 2 2 2 2
left_child=1 6 3 8 15 17 9 13 20 19 24 14 18 -7 21 23 22 -4 -6 -1 -2 -5 -8 -3 -10 -14 -20 -9 -25 -11
right_child=2 4 5 11 12 7 16 27 10 29 -12 -13 25 -15 -16 -17 -18 -19 26 -21 -22 -23 -24 28 -26 -27 -28 -29 -30 -31
leaf_value=-26.728362064016689 10.662093248982615 -12.2394588090783 -14.207423528035484 1.1989487102319456 -0.66366325554748373 27.126445752882191 -21.974455070301772 51.643712796294835 13.129297295673608 -16.484037188035025 25.00959963457079 37.643846870030998 16.54880931908826 45.520138853009982 32.998159642677862 1.8455832552736287 -7.3598839717291646 22.698699143658516 6.1946158105289015 -19.642369899708481 -6.0490729107856751 22.756428462678937 -11.781205184976111 -7.6980624923988445 19.557771996183021 44.431283777100703 13.063540241398464 61.859569784848752 -2.1155434332329492 7.9678347660945015
leaf_weight=631 614 314 22 53 499 150 241 554 868 8448 1203 843 161 1090 497 1051 1810 133 1764 3605 95 429 1189 643 959 23 405 650 1620 21
leaf_count=631 614 314 22 53 499 150 241 554 868 8448 1203 843 161 1090 497 1051 1810 133 1764 3605 95 429 1189 643 959 23 405 650 1620 21
internal_value=0.0280585 -11.1584 30.7582 22.4497 1.47871 48.4581 -16.2929 50.4027 17.7677 -17.8632 19.9431 31.9831 6.99024 43.413 26.9421 -2.85758 -10.1173 17.1798 5.97824 -20.7282 8.39619 20.4227 -13.5697 -4.7756 16.5478 21.1176 7.50431 57.392 -3.71523 -16.4187
internal_weight=30585 22425 8160 5561 6480 2599 15945 2444 3739 12705 3030 1822 2852 1240 979 3628 3240 155 2668 4236 709 482 1430 2577 1827 184 2169 1204 2263 8469
internal_count=30585 22425 8160 5561 6480 2599 15945 2444 3739 12705 3030 1822 2852 1240 979 3628 3240 155 2668 4236 709 482 1430 2577 1827 184 2169 1204 2263 8469
is_linear=0
shrinkage=0.05


Tree=11
num_leaves=31
num_cat=0
split_feature=8 9 9 9 8 9 8 6 8 9 6 6 6 6 22 8 6 9 8 8 6 15 8 15 9 18 22 21 8 21
split_gain=3.51705e+09 6.69281e+08 3.77461e+08 1.1948e+08 9.39548e+07 6.26938e+07 3.44969e+07 3.38927e+07 3.37338e+07 3.03921e+07 2.93558e+07 1.87552e+07 1.61127e+07 1.47344e+07 1.39297e+07 1.34778e+07 1.31294e+07 1.35492e+07 1.23661e+07 1.15921e+07 8.89878e+06 7.08252e+06 6.71593e+06 6.11449e+06 5.55994e+06 5.29961e+06 4.97261e+06 4.97162e+06 4.83648e+06 4.75583e+06
threshold=1234.7430767968854 1950.5840221573269 691.30499012125676 2626.1050338120644 1679.8958772287044 1222.0183875528421 503.47563956699781 23165.886666666669 2148.5964702371089 2762.2196417614418 26042.829166666674 25433.005000000005 24460.21166666667 28202.850833333338 1.0000000180025095e-35 2084.4454757204603 24460.21166666667 1426.8210489660182 918.90674303651838 2970.0870861186709 24980.067500000005 1.0000000180025095e-35 799.63361735704586 -0.37940952255126009 439.60165944303247 1.0000000180025095e-35 5.5000000000000009 1.0000000180025095e-35 2700.8174739057463 1.0000000180025095e-35
decision_type=2 2 2 2 2 2 2 2 2 2 2 2 2 2 2 2 2 2 2 2 2 2 2 2 2 2 2 2 2 2
left_child=2 4 6 8 16 18 12 -7 20 14 -5 23 -1 -10 -9 21 -2 -18 -4 29 -3 -13 -8 -6 -14 -22 -17 -19 -15 -12
right_child=1 3 5 10 11 7 22 9 13 -11 19 15 24 28 -16 26 17 27 -20 -21 25 -23 -24 -25 -26 -27 -28 -29 -30 -31
leaf_value=-22.402103172019679 -6.3062750313633176 5.1653025739333209 -6.0016294742686203 7.7293530442497955 -13.671096261342369 -17.661111364722252 -12.375108003524463 15.819640312852872 19.716495034718278 49.588615230892017 48.929152129592175 16.67757364702798 -18.218088530386183 38.252425335430949 4.9790402424175921 32.818451059459377 7.7942588990015071 14.557585447367899 -0.27566899277007384 59.112504027459295 33.542115122957746 24.209921338584898 -6.6112282156535729 10.35745852406491 -15.655103921064688 25.352890477674194 21.551660385389585 -6.8375761731465658 47.856252658401516 20.013282786566634
leaf_weight=1345 124 46 2948 39 28 120 2136 418 96 41 892 645 3438 639 1017 466 2441 1290 1386 601 382 754 688 137 7139 758 180 25 342 24
leaf_count=1345 124 46 2948 39 28 120 2136 418 96 41 892 645 3438 639 1017 466 2441 1290 1386 601 382 754 688 137 7139 758 180 25 342 24
internal_value=0.0292296 24.514 -11.7082 40.9135 14.2048 -1.0535 -15.9911 7.40398 33.4307 9.49457 51.6542 22.4289 -17.1718 39.9558 8.18079 23.7368 9.49759 10.027 -4.17292 52.7543 27.3624 20.809 -10.9851 5.99743 -16.4964 28.2315 29.8688 14.1264 41.8263 48.2843
internal_weight=30585 9909 20676 3819 6090 5930 14746 1596 2263 1476 1556 2210 11922 1077 1435 2045 3880 3756 4334 1517 1186 1399 2824 165 10577 1140 646 1315 981 916
internal_count=30585 9909 20676 3819 6090 5930 14746 1596 2263 1476 1556 2210 11922 1077 1435 2045 3880 3756 4334 1517 1186 1399 2824 165 10577 1140 646 1315 981 916
is_linear=0
shrinkage=0.05


Tree=12
num_leaves=31
num_cat=0
split_feature=10 9 10 10 9 9 9 10 6 6 6 9 6 6 10 10 10 10 8 11 9 8 10 14 6 9 6 11 13 6
split_gain=3.45276e+09 4.29003e+08 4.18811e+08 8.38394e+07 6.37999e+07 5.70107e+07 3.15681e+07 2.82664e+07 2.53109e+07 2.2829e+07 2.16399e+07 1.6546e+07 1.68468e+07 1.60808e+07 1.58114e+07 1.34237e+07 1.084e+07 1.03406e+07 9.65579e+06 8.91691e+06 7.81518e+06 7.62075e+06 7.47267e+06 6.06509e+06 5.45947e+06 5.41539e+06 5.17439e+06 4.92212e+06 4.87166e+06 3.94009e+06
threshold=1307.4506428975419 2148.5964702371089 730.97211729913704 1756.7994164434776 2700.8174739057463 910.35760903550988 481.44663607983904 2289.661802668134 27176.583333333336 32448.75583333334 25756.317500000001 2921.6531414937131 32373.50583333334 26134.245000000006 284.6815767390824 2257.4581861031606 2228.4778661858099 1536.7513263795634 661.82619661890294 648.80539728898964 1420.263053060253 1720.0260074008504 1097.1830890323909 -0.70710678118654735 28540.855833333339 598.93948057395687 30375.340833333335 815.9462725892173 35757.110000000008 35980.531666666677
decision_type=2 2 2 2 2 2 2 2 2 2 2 2 2 2 2 2 2 2 2 2 2 2 2 2 2 2 2 2 2 2
left_child=2 3 6 13 8 22 14 9 27 19 -6 12 21 28 -1 26 -12 -15 -8 -5 -14 -7 25 -19 -16 -4 -10 -3 -2 -9
right_child=1 4 5 7 10 11 18 29 15 -11 16 -13 20 17 24 -17 -18 23 -20 -21 -22 -23 -24 -25 -26 -27 -28 -29 -30 -31
leaf_value=-23.988112094091335 4.0051504147896813 18.99848573441599 -10.93141976215975 18.033056993129957 2.2249191481491617 -1.6240935798586109 -13.097040371090063 30.687541311614474 17.253768259645945 26.868628077961148 40.83593488695017 41.100862384664602 4.7565993601578676 11.28877604716336 -17.988758243554841 42.079861499211376 53.273554833245385 23.803243955302314 -7.7235555421494242 4.5444620651803964 13.925462820989488 15.489526236583206 -0.021219386240421249 15.394233395025971 -15.326670660944934 -5.4547890700079336 32.859319516128259 -2.0345948622340249 -17.520115720814672 41.106878770412287
leaf_weight=731 281 97 610 728 24 1502 3753 575 78 1045 330 24 2217 1467 3200 675 1110 312 1111 152 257 63 479 923 6190 1808 599 37 24 183
leaf_count=731 281 97 610 728 24 1502 3753 575 78 1045 330 24 2217 1467 3200 675 1110 312 1111 152 257 63 479 923 6190 1808 599 37 24 183
internal_value=0.0308581 26.7956 -10.5104 18.7457 42.2642 -0.374334 -15.2166 25.1752 34.7055 21.8362 49.7922 3.44529 3.17099 12.9768 -16.8139 36.7675 50.5745 14.2034 -11.8789 15.7421 5.73525 -0.888007 -5.72802 17.6061 -16.243 -6.85613 31.2011 13.3262 2.05593 33.456
internal_weight=30585 8640 21945 5690 2950 6960 14985 2683 1486 1925 1464 4063 4039 3007 10121 1352 1440 2702 4864 880 2474 1565 2897 1235 9390 2418 677 134 305 758
internal_count=30585 8640 21945 5690 2950 6960 14985 2683 1486 1925 1464 4063 4039 3007 10121 1352 1440 2702 4864 880 2474 1565 2897 1235 9390 2418 677 134 305 758
is_linear=0
shrinkage=0.05


Tree=13
num_leaves=31
num_cat=0
split_feature=10 10 10 9 9 9 6 6 9 9 10 6 9 6 10 11 10 15 8 10 6 15 6 15 6 8 10 14 6 15
split_gain=3.12135e+09 4.50676e+08 3.08712e+08 1.06956e+08 6.47266e+07 5.00503e+07 2.91703e+07 2.61641e+07 2.36907e+07 1.77894e+07 1.57457e+07 1.54555e+07 1.4949e+07 1.75707e+07 1.3861e+07 1.11099e+07 1.03933e+07 1.00392e+07 9.57803e+06 9.37193e+06 8.75948e+06 6.43073e+06 6.33878e+06 6.17706e+06 6.16389e+06 5.95721e+06 5.80876e+06 5.35328e+06 5.21432e+06 4.93009e+06
threshold=1236.433106384646 1998.6334189596382 684.59061149821753 2626.1050338120644 1769.3285804849877 910.35760903550988 33561.394166666672 24590.025833333337 431.30090789025417 2507.049509271968 2289.661802668134 28485.420000000002 1720.0260074008504 32523.530000000002 1563.727621682867 106.19546761270797 2665.9354191262587 -0.60355339059327384 3005.0980100075335 543.68993134195205 24316.990833333337 -0.5 23768.352500000005 -0.9829629131445341 23768.352500000005 786.15894839621672 900.41847929769665 -0.70710678118654735 22662.251666666671 -0.60355339059327384
decision_type=2 2 2 2 2 2 2 2 2 2 2 2 2 2 2 2 2 2 2 2 2 2 2 2 2 2 2 2 2 2
left_child=2 4 8 6 11 22 10 28 15 27 20 17 13 21 -13 -1 23 -2 -5 -10 -3 -7 -4 -8 -19 -24 -14 -9 -6 -12
right_child=1 3 5 18 7 12 16 9 19 -11 29 14 26 -15 -16 -17 -18 24 -20 -21 -22 -23 25 -25 -26 -27 -28 -29 -30 -31
leaf_value=-16.500862184627046 -13.401109249200395 -3.0916303935150307 -16.55344732591314 44.382978353731247 -19.65518935951027 -11.694592390699283 20.838638284471301 25.656097923021221 -14.102355376658872 36.353829652118684 13.960165183774889 10.007410332472054 0.10643763177924687 4.4702123923129156 17.420732104781138 -22.787612751721102 49.261767250790314 -3.441393090588178 54.855961765010925 -9.751552389756279 20.153399221542035 -1.5187493761581026 -8.5518823481590029 35.693157113308942 8.4962884214496111 -4.1316562911869497 24.957345198611826 19.086361488959451 5.1400287506627107 31.111343763687167
leaf_weight=3214 62 43 138 896 32 176 103 567 8582 245 57 1679 31 2085 1042 962 165 124 502 1507 465 1108 1202 901 729 2127 93 994 46 708
leaf_count=3214 62 43 138 896 32 176 103 567 8582 245 57 1679 31 2085 1042 962 165 124 502 1507 465 1108 1202 901 729 2127 93 994 46 708
internal_value=0.0321175 24.0778 -10.5749 37.2265 14.9054 -1.94009 30.7866 22.4278 -14.7858 23.6505 25.3299 10.9823 2.28282 1.64065 12.8731 -17.9746 36.5955 5.31996 48.3258 -13.4576 18.1748 -2.95356 -6.19184 34.2801 6.75092 -5.73811 18.9899 21.547 -5.60302 29.9324
internal_weight=30585 9360 21225 3840 5520 6960 2442 1884 14265 1806 1273 3636 3493 3369 2721 4176 1169 915 1398 10089 508 1284 3467 1004 853 3329 124 1561 78 765
internal_count=30585 9360 21225 3840 5520 6960 2442 1884 14265 1806 1273 3636 3493 3369 2721 4176 1169 915 1398 10089 508 1284 3467 1004 853 3329 124 1561 78 765
is_linear=0
shrinkage=0.05


Tree=14
num_leaves=31
num_cat=0
split_feature=10 10 9 10 9 6 9 9 6 10 9 10 10 9 1 1 6 6 6 8 15 6 8 1 6 8 15 17 15 7
split_gain=2.82039e+09 3.99371e+08 3.10316e+08 6.37173e+07 4.80082e+07 4.35905e+07 3.89478e+07 3.12011e+07 2.06398e+07 1.79536e+07 1.65763e+07 1.40372e+07 1.22726e+07 1.1959e+07 1.1252e+07 1.06067e+07 1.0496e+07 1.03454e+07 9.09946e+06 8.14257e+06 7.77306e+06 7.76505e+06 6.94371e+06 6.29105e+06 5.85426e+06 5.66726e+06 5.25612e+06 5.25016e+06 4.90594e+06 4.75115e+06
threshold=1397.3956482188705 822.62264923049884 2273.1114059773076 1962.7455307003709 517.61510958817939 27176.583333333336 1151.974653264883 3005.0980100075335 30375.340833333335 2228.4778661858099 303.37034084237683 2374.987419907327 1627.9255476811095 1950.5840221573269 0.17248759455961213 0.15497246883075538 31092.200833333336 24590.025833333337 22662.251666666671 1121.1268698485089 -0.60355339059327384 23768.352500000005 799.63361735704586 0.22031234280403358 35605.790000000008 454.72274095215397 -0.70710678118654757 0.81174490092936691 0.78656609248549303 221.78921163140225
decision_type=2 2 2 2 2 2 2 2 2 2 2 2 2 2 2 2 2 2 2 2 2 2 2 2 2 2 2 2 2 2
left_child=1 4 3 8 10 18 15 9 21 28 -1 16 -10 14 -8 19 20 -6 -4 -3 -5 -2 27 -15 -11 -12 -14 -19 -7 -17
right_child=2 6 5 11 17 7 13 -9 12 24 25 -13 26 23 -16 29 -18 22 -20 -21 -22 -23 -24 -25 -26 -27 -28 -29 -30 -31
leaf_value=-19.947226360252316 -2.1324168487480195 -2.4252994707115292 -14.043483451560693 -6.2483096214441156 -17.783192027625883 31.968783999564057 6.4739543387418257 51.058054002059329 13.011779709239409 36.476604169849274 -15.286296783089155 31.927397134771059 15.977677678780058 25.49435696995684 -3.7783086687621505 -5.0209605325600171 26.348343824762082 -10.382513730773612 18.297667150566543 3.373343953976319 17.912839027698794 10.829231920270665 -4.2783743671090466 -3.0998073012740526 45.537808678823225 -12.954947857989991 22.845912469238172 -4.5294288109908711 15.450825453495634 -16.040838280968043
leaf_weight=1327 127 2164 22 34 253 594 2390 650 956 512 4927 711 492 107 298 268 696 1669 133 835 381 1128 1216 22 622 6401 918 512 64 156
leaf_count=1327 127 2164 22 34 253 594 2390 650 956 512 4927 711 492 107 298 268 696 1669 133 835 381 1128 1216 22 622 6401 918 512 64 156
internal_value=0.0327739 -9.03475 25.4489 18.6346 -13.1505 39.6676 1.72164 41.3033 14.7601 37.6328 -14.6091 26.2731 17.5167 6.07084 5.33243 -1.86121 22.5277 -8.08048 13.4116 -0.807861 15.8824 9.51428 -7.33276 20.6838 41.6248 -13.9752 20.5143 -9.022 30.4909 -9.21526
internal_weight=30585 22545 8040 5443 16305 2597 6240 2442 3621 1792 12655 1822 2366 2817 2688 3423 1111 3650 155 2999 415 1255 3397 129 1134 11328 1410 2181 658 424
internal_count=30585 22545 8040 5443 16305 2597 6240 2442 3621 1792 12655 1822 2366 2817 2688 3423 1111 3650 155 2999 415 1255 3397 129 1134 11328 1410 2181 658 424
is_linear=0
shrinkage=0.05


Tree=15
num_leaves=31
num_cat=0
split_feature=10 10 10 9 9 9 2 6 9 1 9 9 6 6 15 10 11 15 10 10 10 1 1 2 1 6 11 9 18 6
split_gain=2.54887e+09 3.68587e+08 2.5164e+08 8.80666e+07 5.32641e+07 4.1364e+07 2.55724e+07 2.21275e+07 1.97814e+07 1.80597e+07 1.44335e+07 1.29936e+07 1.49661e+07 1.29444e+07 1.27848e+07 1.09931e+07 9.31554e+06 9.13624e+06 9.12704e+06 8.53816e+06 7.99473e+06 7.34639e+06 6.40347e+06 6.31351e+06 6.15826e+06 5.38846e+06 4.88898e+06 5.07088e+06 4.762e+06 4.73399e+06
threshold=1236.433106384646 1998.6334189596382 684.59061149821753 2626.1050338120644 1769.3285804849877 910.35760903550988 0.54716191107484324 24590.025833333337 416.42871920763656 0.14429117344799927 2507.049509271968 1720.0260074008504 33418.070000000007 28485.420000000002 -0.9829629131445341 1563.727621682867 106.19546761270797 -0.37940952255126009 2631.610696155893 2548.6437464042765 484.7648770179436 0.22920403930075578 0.20179298745144222 0.56020500470501722 0.18946953262365177 23768.352500000005 631.09926442692938 598.93948057395687 0.25000000000000006 35668.942500000012
decision_type=2 2 2 2 2 2 2 2 2 2 2 2 2 2 2 2 2 2 2 2 2 2 2 2 2 2 2 2 2 2
left_child=2 4 8 6 13 25 9 -6 16 19 29 12 22 17 -8 -15 -1 -2 -16 -3 -10 28 -7 -5 -19 -4 27 -27 -13 -9
right_child=1 3 5 23 7 11 14 10 20 -11 -12 21 -14 15 18 -17 -18 24 -20 -21 -22 -23 -24 -25 -26 26 -28 -29 -30 -31
leaf_value=-15.008241995258292 -9.3696695887926715 20.583705660696356 -15.173149597269671 33.635228505359819 -5.4710407478263576 -1.2467025902449729 17.723552726299172 16.78621194153601 -13.074412332265442 3.503082405260908 32.861182467842106 36.854428981599355 4.3937325104471601 9.085219326250769 32.19435690692 15.689613887728854 -20.951875366128011 8.7985865947403106 45.743305820322291 30.623133542864249 -9.9177501734422933 -6.6899158545902795 -12.53444726690114 45.378478104801964 -1.5268160584098416 -8.6232843300355011 15.723998699443682 -4.1778104997067995 13.295932164550692 22.730599833834948
leaf_weight=2881 98 666 138 212 78 1326 144 860 7611 118 245 37 1909 1679 961 1042 915 632 182 371 2858 23 134 1186 185 880 23 2426 64 701
leaf_count=2881 98 666 138 212 78 1326 144 860 7611 118 245 37 1909 1679 961 1042 915 632 182 371 2858 23 134 1186 185 880 23 2426 64 701
internal_value=0.0330561 21.7621 -9.55207 33.6532 13.467 -1.75613 27.8102 20.2907 -13.3538 22.2043 21.4154 2.08287 1.48425 9.90828 32.7358 11.6385 -16.4666 4.72764 34.5416 24.3052 -12.2178 17.6588 -2.32198 43.7239 6.46539 -5.62137 -5.20324 -5.37237 23.2581 19.5197
internal_weight=30585 9360 21225 3840 5520 6960 2442 1884 14265 1155 1806 3493 3369 3636 1287 2721 3796 915 1143 1037 10469 124 1460 1398 817 3467 3329 3306 101 1561
internal_count=30585 9360 21225 3840 5520 6960 2442 1884 14265 1155 1806 3493 3369 3636 1287 2721 3796 915 1143 1037 10469 124 1460 1398 817 3467 3329 3306 101 1561
is_linear=0
shrinkage=0.05


Tree=16
num_leaves=31
num_cat=0
split_feature=9 9 3 3 9 3 1 21 9 1 3 1 3 13 9 4 18 3 12 11 9 18 18 9 4 11 11 17 26 14
split_gain=2.12563e+09 3.73402e+08 2.52458e+08 7.17514e+07 5.46331e+07 3.80606e+07 2.92348e+07 2.07515e+07 2.01806e+07 1.56898e+07 1.62047e+07 1.45902e+07 1.44016e+07 1.4324e+07 1.39932e+07 1.28653e+07 1.18328e+07 1.17118e+07 1.10902e+07 7.93147e+06 7.64671e+06 7.64174e+06 6.83439e+06 6.82901e+06 6.06844e+06 5.44122e+06 5.2485e+06 5.1425e+06 4.85549e+06 4.72327e+06
threshold=1274.0841273047001 2111.7118711774119 0.59032134265119751 1.342247683271232 2803.4179486041867 0.90598827827926787 0.11658082995994952 1.0000000180025095e-35 540.38965734328144 0.17248759455961213 1.4297969607747862 0.22031234280403358 1.615922704426386 30157.975000000002 1699.6209308463654 0.74735754229470575 1.0000000180025095e-35 0.33485988852702148 30486.500000000004 866.73822657055348 910.35760903550988 1.0000000180025095e-35 0.68301270189221941 3005.0980100075335 0.60068071889745844 668.06494927022538 497.39075132390343 0.81174490092936691 18.885400000000001 -0.37940952255126059
decision_type=2 2 2 2 2 2 2 2 2 2 2 2 2 2 2 2 2 2 2 2 2 2 2 2 2 2 2 2 2 2
left_child=2 3 8 7 6 20 16 11 17 10 28 14 22 -8 -2 -9 29 -1 -6 21 -4 -14 -5 -20 -15 -13 -11 -10 -7 -3
right_child=1 4 5 12 18 9 13 15 27 26 -12 25 19 24 -16 -17 -18 -19 23 -21 -22 -23 -24 -25 -26 -27 -28 -29 -30 -31
leaf_value=-16.224459650949566 7.961014066889911 41.453240922809016 -5.0647565015449345 17.915132452841213 11.083314057400353 5.5635001844217804 -1.9490784423826615 -23.987395907402039 -9.0439684662893622 -3.9453617705927266 14.99024536466338 -0.97925702545377957 27.733851240188791 1.4507548364197336 17.044856534618884 1.5921801400511233 25.329735254210235 -12.355560928679525 37.329971413951462 -5.9072234789530436 -0.25508454737958508 19.312436486758795 10.596431058580462 46.53307721294739 22.951229326180194 -23.599059794499325 -21.860868151845605 -2.9690945589247182 0.54663495560128861 32.162775738759677
leaf_weight=2500 2655 324 2802 883 33 1185 74 70 1399 149 361 85 554 36 507 141 495 10261 561 22 1172 677 547 670 472 34 53 472 813 578
leaf_count=2500 2655 324 2802 883 33 1185 74 70 1399 149 361 85 554 36 507 141 495 10261 561 22 1172 677 547 670 472 34 53 472 813 578
internal_value=0.033707 19.7886 -8.7586 12.5568 33.5182 -0.586908 28.1791 7.81473 -12.4068 4.16158 5.31059 8.79328 18.7027 18.4893 9.44216 -7.25253 32.1355 -13.1196 41.7335 22.6668 -3.64842 23.1993 15.1623 42.507 21.4567 -8.13344 -9.06071 -7.52348 3.52859 35.7101
internal_weight=30585 9418 21167 6175 3243 6535 1979 3492 14632 2561 2359 3281 2683 582 3162 211 1397 12761 1264 1253 3974 1231 1430 1231 508 119 202 1871 1998 902
internal_count=30585 9418 21167 6175 3243 6535 1979 3492 14632 2561 2359 3281 2683 582 3162 211 1397 12761 1264 1253 3974 1231 1430 1231 508 119 202 1871 1998 902
is_linear=0
shrinkage=0.05


Tree=17
num_leaves=31
num_cat=0
split_feature=10 10 10 10 0 10 2 15 14 10 1 10 14 11 14 17 15 1 14 13 2 15 1 1 3 0 15 10 15 2
split_gain=2.09197e+09 2.96783e+08 2.29381e+08 4.67401e+07 4.584e+07 3.41973e+07 2.73055e+07 1.86414e+07 1.75806e+07 1.35709e+07 1.23618e+07 1.07496e+07 1.00691e+07 1.06348e+07 9.76296e+06 9.19453e+06 9.017e+06 8.23216e+06 8.10434e+06 7.58694e+06 7.35996e+06 7.33435e+06 6.05083e+06 5.53403e+06 5.44615e+06 4.56235e+06 4.50171e+06 4.32312e+06 3.99975e+06 3.79624e+06
threshold=1397.3956482188705 921.29225017694137 2228.4778661858099 543.68993134195205 0.43530259575842151 1756.7994164434776 0.56020500470501722 -0.9829629131445341 -0.70710678118654735 284.6815767390824 0.17248759455961213 1097.1830890323909 -0.37940952255126059 777.22274205627548 -0.70710678118654735 0.81174490092936691 -0.9159756150367534 0.14699110845276478 -0.70710678118654735 30354.210000000003 0.64113990541145838 -0.60355339059327384 0.16823590160644428 0.20768790288737579 1.4133617053066219 0.38587442491302326 0.78656609248549303 444.63113935938219 -0.60355339059327384 0.48492550601761891
decision_type=2 2 2 2 2 2 2 2 2 2 2 2 2 2 2 2 2 2 2 2 2 2 2 2 2 2 2 2 2 2
left_child=1 3 5 9 7 12 10 -4 24 -1 28 -10 13 -2 -5 16 -8 21 -9 -19 26 -6 -13 -14 -3 -24 -16 -11 -7 -23
right_child=2 8 4 14 17 6 15 18 11 27 -12 22 23 -15 20 -17 -18 19 -20 -21 -22 29 25 -25 -26 -27 -28 -29 -30 -31
leaf_value=-18.699157893125999 14.377635363465812 6.3010073525787362 17.499960758833762 -2.4712898865059465 6.5037922427339367 3.6851513330038497 13.315211190288963 45.015490834565547 -1.9580026001949453 -13.01316038508519 -1.6814892793458605 4.0695670677676441 10.035590000895912 37.51070074709979 -11.199050861480741 33.771916344989044 24.113620042245966 -9.768413893381755 36.478613334813076 21.738894503457207 -4.6794531600696034 21.164278496977495 3.7964718477233599 -1.6999579850617832 17.166574088610137 -10.921742482932787 -6.2244235211074788 -11.037321692826589 16.27717616770067 29.488869643176965
leaf_weight=847 943 1230 108 1102 48 72 258 658 1891 6292 121 1946 1541 50 1481 218 1155 31 932 37 1167 258 87 106 125 121 690 5566 816 688
leaf_count=847 943 1230 108 1102 48 72 258 658 1891 6292 121 1946 1541 50 1481 218 1155 31 932 37 1167 258 87 106 125 121 690 5566 816 688
internal_value=0.0337661 -7.77555 21.9231 -10.9943 33.6027 15.7919 19.8263 38.7571 2.44476 -12.5385 13.25 0.790232 11.7276 15.7246 -6.56647 23.8416 22.1959 25.2185 40.1416 7.68932 -7.91271 26.3732 3.20188 9.27741 7.36283 -4.82072 -9.63594 -12.0908 15.2826 27.3418
internal_weight=30585 22545 8040 17145 2760 5280 2640 1698 5400 12705 1009 4045 2640 993 4440 1631 1413 1062 1590 68 3338 994 2154 1647 1355 208 2171 11858 888 946
internal_count=30585 22545 8040 17145 2760 5280 2640 1698 5400 12705 1009 4045 2640 993 4440 1631 1413 1062 1590 68 3338 994 2154 1647 1355 208 2171 11858 888 946
is_linear=0
shrinkage=0.05


Tree=18
num_leaves=31
num_cat=0
split_feature=10 10 9 9 9 10 14 9 10 9 9 12 3 10 1 1 15 10 9 1 12 12 1 13 1 7 4 0 1 0
split_gain=1.89053e+09 2.88913e+08 1.73129e+08 6.70465e+07 4.36444e+07 3.11858e+07 1.68247e+07 1.47638e+07 1.47322e+07 1.33369e+07 1.16432e+07 1.05124e+07 1.02942e+07 1.01493e+07 9.29837e+06 8.70756e+06 8.68772e+06 7.85068e+06 6.82127e+06 6.79796e+06 6.76799e+06 6.3374e+06 6.16332e+06 6.24375e+06 5.83595e+06 4.9901e+06 4.83115e+06 4.23909e+06 4.06389e+06 4.46634e+06
threshold=1203.7994076510533 1998.6334189596382 598.93948057395687 2507.049509271968 1769.3285804849877 921.29225017694137 -0.5 3050.8705243132035 2548.6437464042765 431.30090789025417 1287.4162629641171 33556.500000000007 2.5750175502600348 1469.6315793078418 0.15364126980085169 0.11421608886533151 -0.60355339059327384 268.99110784165651 1720.0260074008504 0.14551972909613339 31693.500000000004 33407.500000000007 0.11499628604412611 30092.535000000003 0.18946953262365177 435.66904081343336 0.10055000000000001 0.36369985488925355 0.17248759455961213 0.37329506931008494
decision_type=2 2 2 2 2 2 2 2 2 2 2 2 2 2 2 2 2 2 2 2 2 2 2 2 2 2 2 2 2 2
left_child=2 4 9 6 13 14 -3 11 15 17 19 16 22 28 25 -8 -6 -1 -12 27 24 -16 -5 -24 -15 26 -4 -7 -2 -30
right_child=1 3 5 12 7 10 8 -9 -10 -11 18 -13 -14 20 21 -17 -18 -19 -20 -21 -22 -23 23 -25 -26 -27 -28 -29 29 -31
leaf_value=-19.918765080972499 6.4481055013605859 31.806443848544411 -15.84440734088421 35.942349697617594 -13.48601632602513 4.1117631278892706 19.906041380317269 40.993056732860964 27.670200837400809 -10.539699487387516 4.863680097278503 18.505094841098416 44.821675320866973 7.9697705643834871 -18.515587514877883 9.6082647898762517 11.378268423137044 -13.108080377726431 20.891726641459009 -5.9968369438845137 12.724585219138543 -5.9066439986518287 1.5334978701670965 28.274051679755157 -7.4236433679858855 7.3617713333530865 -4.3843121441044088 -0.63291213248201417 7.6643291948806684 -7.4250202219365011
leaf_weight=497 1780 459 91 1070 35 657 890 62 541 9638 829 1472 362 458 207 286 332 3837 68 443 1362 201 25 207 67 83 2808 1626 79 113
leaf_count=497 1780 459 91 1070 35 657 890 62 541 9638 829 1472 362 458 207 286 332 3837 68 443 1362 201 25 207 67 83 2808 1626 79 113
internal_value=0.0342763 18.4078 -8.37346 29.0263 11.3098 -1.96123 23.1445 17.5098 20.7433 -11.5901 1.26365 16.609 36.6254 8.23695 -5.40456 17.453 8.85749 -13.9112 6.18787 -0.365022 10.8615 -12.4507 34.1838 25.4859 5.95368 -4.42126 -4.77072 0.738487 5.70436 -1.17918
internal_weight=30585 9600 20985 3840 5760 7013 2176 1901 1717 13972 3623 1839 1664 3859 3390 1176 367 4334 897 2726 1887 408 1302 232 525 2982 2899 2283 1972 192
internal_count=30585 9600 20985 3840 5760 7013 2176 1901 1717 13972 3623 1839 1664 3859 3390 1176 367 4334 897 2726 1887 408 1302 232 525 2982 2899 2283 1972 192
is_linear=0
shrinkage=0.05


Tree=19
num_leaves=31
num_cat=0
split_feature=10 10 9 10 6 9 9 6 10 10 6 9 9 6 1 3 6 15 15 1 6 15 3 9 3 7 15 10 9 5
split_gain=1.70774e+09 2.34436e+08 1.96962e+08 4.1024e+07 3.05346e+07 2.88815e+07 2.32832e+07 2.01444e+07 1.81601e+07 1.39256e+07 1.11909e+07 1.09608e+07 9.14544e+06 9.02143e+06 8.10656e+06 7.22226e+06 7.21922e+06 6.75485e+06 6.23603e+06 5.70415e+06 5.55577e+06 5.43385e+06 4.90334e+06 4.77956e+06 4.70611e+06 4.21817e+06 4.09938e+06 4.09149e+06 4.03855e+06 3.9414e+06
threshold=1381.6118996345785 822.62264923049884 2273.1114059773076 2257.4581861031606 29910.420000000002 494.94905381194712 1133.1627061669908 30375.340833333335 2228.4778661858099 1677.7554946954856 22662.251666666671 303.37034084237683 3005.0980100075335 24980.067500000005 0.15497246883075538 0.6345486349829671 22662.251666666671 -0.60355339059327384 -0.9829629131445341 0.15364126980085169 35980.531666666677 -0.60355339059327384 1.2524231056641475 1699.6209308463654 2.5791342372321999 215.27161861764964 -0.9159756150367534 1097.1830890323909 2970.0870861186709 -377.50000000000006
decision_type=2 2 2 2 2 2 2 2 2 2 2 2 2 2 2 2 2 2 2 2 2 2 2 2 2 2 2 2 2 2
left_child=1 5 3 7 10 11 14 13 28 -9 -4 -1 16 -2 27 29 -8 -15 -10 22 21 -5 -17 -18 -20 -16 -11 -3 -6 -7
right_child=2 6 4 20 8 15 12 9 18 26 -12 -13 -14 17 25 19 23 -19 24 -21 -22 -23 -24 -25 -26 -27 -28 -29 -30 -31
leaf_value=-15.880602395248127 -0.59435246502845618 -1.9945432186336463 -14.380927460281939 9.3624154570079092 24.042617258892427 -19.191500139797437 -12.077727822101478 10.58099318460614 13.11925172507763 12.079452995556158 19.858886349209108 -11.001420291554457 33.096862480895865 -2.7582732867311552 -3.935562169793331 -3.8570025110016388 4.0812740450046761 10.461022371023549 35.215529729239492 -13.527450908546326 30.395891417278335 22.900102217032643 13.702183366403347 11.935197932807343 44.423935831482737 -14.389486277394179 18.708087045990904 1.9514325870374742 35.48899760437012 -8.0737742959733172
leaf_weight=1327 271 1922 22 96 585 80 61 1252 35 323 372 10272 23 103 248 1548 2508 1206 1202 149 262 581 36 207 263 159 1467 992 120 2893
leaf_count=1327 271 1922 22 96 585 80 61 1252 35 323 372 10272 23 103 248 1548 2508 1206 1202 149 262 581 36 207 263 159 1467 992 120 2893
internal_value=0.0343552 -7.09285 19.6134 14.281 30.9737 -10.2241 1.25103 12.3205 33.2837 14.7032 17.7906 -11.5662 4.60633 7.70111 -1.57953 -6.90735 4.31117 9.41427 36.5021 -4.32184 23.8145 21.0632 -3.41604 4.70094 37.0142 -8.14472 17.549 -0.650174 26.2272 -8.40468
internal_weight=30585 22425 8160 5561 2599 16305 6120 4622 2205 3042 394 11599 2799 1580 3321 4706 2776 1309 1500 1733 939 677 1584 2715 1465 407 1790 2914 705 2973
internal_count=30585 22425 8160 5561 2599 16305 6120 4622 2205 3042 394 11599 2799 1580 3321 4706 2776 1309 1500 1733 939 677 1584 2715 1465 407 1790 2914 705 2973
is_linear=0
shrinkage=0.05


Tree=20
num_leaves=31
num_cat=0
split_feature=10 10 9 9 9 10 6 8 6 6 9 8 6 6 15 7 15 6 10 6 6 10 10 14 1 13 14 9 1 7
split_gain=1.54379e+09 2.37222e+08 1.42267e+08 5.51264e+07 3.60141e+07 2.09004e+07 1.73142e+07 1.49821e+07 1.47753e+07 1.2774e+07 1.18165e+07 1.04183e+07 9.94378e+06 9.5695e+06 1.04612e+07 9.23807e+06 7.7033e+06 8.67088e+06 7.05242e+06 6.57975e+06 6.25066e+06 5.68999e+06 5.59183e+06 5.29682e+06 4.25334e+06 4.19096e+06 4.06837e+06 3.64622e+06 3.54933e+06 4.35826e+06
threshold=1203.7994076510533 1998.6334189596382 691.30499012125676 2507.049509271968 1769.3285804849877 921.29225017694137 22662.251666666671 431.32321617327807 33561.394166666672 23379.125000000004 3050.8705243132035 3005.0980100075335 33418.070000000007 29180.94333333334 -0.37940952255126009 867.10914946797095 -0.60355339059327384 25433.005000000005 1563.727621682867 22031.844166666669 26221.600000000002 662.17795505402682 2665.9354191262587 -0.70710678118654735 0.24704976018373964 37287.205000000009 -0.70710678118654735 1420.263053060253 0.09181202052367933 244.49517153773596
decision_type=2 2 2 2 2 2 2 2 2 2 2 2 2 2 2 2 2 2 2 2 2 2 2 2 2 2 2 2 2 2
left_child=2 4 7 8 13 9 -6 19 16 -4 23 20 15 14 -2 -7 25 -18 -15 -1 -5 -9 26 -8 -16 -3 -10 -14 29 -11
right_child=1 3 5 11 6 12 10 21 22 28 -12 -13 27 18 24 -17 17 -19 -20 -21 -22 -23 -24 -25 -26 -27 -28 -29 -30 -31
leaf_value=-18.445602935215213 -9.6379821529962086 -7.3758698638604621 -17.927152327104775 8.4755063692728694 -18.559497498177194 -1.9301615513015555 19.291161272144624 -9.7120804511707775 29.83947023319293 -3.0606175599833687 37.518843468623373 39.435518231328814 3.359457557576123 7.1044143969077487 5.9249618942395808 27.562943889476635 5.9560012076893001 19.949316252027874 12.488245584023012 -12.054461633703797 30.784891310344968 -6.3332163490653839 35.53999695573534 13.44662318604612 -10.062376312776045 11.706502507102321 21.227430690638442 13.463720073699953 -5.6069408933000195 4.6548998515273246
leaf_weight=472 128 44 161 37 32 1636 667 9026 232 1240 62 524 1716 1735 993 22 132 909 964 3713 1103 1491 135 1140 39 66 658 90 1208 210
leaf_count=472 128 44 161 37 32 1636 667 9026 232 1240 62 524 1716 1735 993 22 132 909 964 3713 1103 1491 135 1140 39 66 658 90 1208 210
internal_value=0.0345154 16.6379 -7.56316 26.2596 10.2062 -1.26419 15.838 -10.2537 20.9266 -4.4571 16.4749 33.1499 1.33685 7.41493 3.59521 -1.45709 16.8853 18.2119 9.04691 -12.7964 30.101 -9.2363 25.3606 15.6513 5.27514 4.0843 23.6266 3.8988 -3.60904 -1.93101
internal_weight=30585 9600 20985 3840 5760 6283 1901 14702 2176 2819 1869 1664 3464 3859 1160 1658 1151 1041 2699 4185 1140 10517 1025 1807 1032 110 890 1806 2658 1450
internal_count=30585 9600 20985 3840 5760 6283 1901 14702 2176 2819 1869 1664 3464 3859 1160 1658 1151 1041 2699 4185 1140 10517 1025 1807 1032 110 890 1806 2658 1450
is_linear=0
shrinkage=0.05


Tree=21
num_leaves=31
num_cat=0
split_feature=10 10 9 10 9 9 9 1 9 12 1 14 11 8 1 9 1 1 11 11 8 12 10 11 14 12 1 11 11 8
split_gain=1.39593e+09 2.10523e+08 1.50844e+08 4.37937e+07 3.27057e+07 1.77115e+07 1.74028e+07 1.61826e+07 1.0938e+07 1.0603e+07 9.81302e+06 9.79437e+06 9.02531e+06 8.41771e+06 7.17677e+06 7.00984e+06 6.92558e+06 6.89823e+06 6.8196e+06 5.48374e+06 5.2793e+06 4.83891e+06 4.78048e+06 4.75362e+06 4.63629e+06 4.51552e+06 4.46709e+06 4.22046e+06 4.187e+06 4.14988e+06
threshold=1423.1258677895378 921.29225017694137 2507.049509271968 2257.4581861031606 540.38965734328144 1274.0841273047001 1720.0260074008504 0.11269189017778734 303.37034084237683 30552.500000000004 0.18058820999331973 -0.37940952255126059 531.76801472283285 3005.0980100075335 0.15364126980085169 3005.0980100075335 0.10734758632215723 0.14551972909613339 866.73822657055348 308.17369765710924 822.73278426324293 33407.500000000007 1706.1374638911916 182.135683935375 -0.5 30611.500000000004 0.24704976018373964 464.25703865863346 106.19546761270797 465.26652363718102
decision_type=2 2 2 2 2 2 2 2 2 2 2 2 2 2 2 2 2 2 2 2 2 2 2 2 2 2 2 2 2 2
left_child=1 4 3 6 8 17 18 13 28 -9 22 -5 -13 -4 20 26 -14 24 25 -19 -6 23 -8 -16 -3 -2 -7 -22 -1 -10
right_child=2 5 7 11 14 15 10 9 29 -11 -12 12 16 -15 21 -17 -18 19 -20 -21 27 -23 -24 -25 -26 -27 -28 -29 -30 -31
leaf_value=-11.641126108033705 4.553848278118628 4.2368524065059905 30.368954605068694 31.190877095596257 -5.8152618895759209 5.7185841406721405 11.574521462213474 -2.5054064187136564 -10.561659946716409 24.346015556809171 5.1529813957010582 23.202608365219206 18.264678018301435 39.828183492515549 -5.4557476704040271 30.756150616918291 2.9686144121231575 -2.1833487624172974 -9.7770955299844555 -13.643960621596335 -2.4742564387398414 -5.1958786882938597 17.575052668541691 -20.402440203003021 -0.22338066026766029 10.357792457015284 -13.843870010375978 10.878841995423841 -17.484973988217089 -8.6266642337380635
leaf_weight=697 423 786 1002 268 2241 2048 476 39 6451 454 229 706 201 416 84 23 119 412 44 136 1343 213 1568 166 2210 1855 25 57 644 5249
leaf_count=697 423 786 1002 268 2241 2048 476 39 6451 454 229 706 201 416 84 23 119 412 44 136 1343 213 1568 166 2210 1855 25 57 644 5249
internal_value=0.0346455 -6.2155 18.2846 14.3022 -8.97141 2.16268 11.9901 30.4874 -10.197 22.2179 15.1092 22.4349 20.0076 33.2742 -5.06915 5.80015 12.7098 0.00624323 8.91081 -5.12533 -4.31209 -10.9128 16.2093 -15.586 0.951853 9.29242 5.4499 -1.89378 -14.5021 -9.69762
internal_weight=30585 22785 7800 5889 17145 5640 4595 1911 13041 493 2273 1294 1026 1418 4104 2096 320 3544 2322 548 3641 463 2044 250 2996 2278 2073 1400 1341 11700
internal_count=30585 22785 7800 5889 17145 5640 4595 1911 13041 493 2273 1294 1026 1418 4104 2096 320 3544 2322 548 3641 463 2044 250 2996 2278 2073 1400 1341 11700
is_linear=0
shrinkage=0.05


Tree=22
num_leaves=31
num_cat=0
split_feature=9 9 8 8 9 8 21 0 9 11 4 9 8 9 8 22 9 8 3 0 22 18 11 14 8 11 23 18 4 8
split_gain=1.17037e+09 1.82527e+08 1.688e+08 4.39002e+07 2.86459e+07 2.72609e+07 1.78846e+07 1.45389e+07 1.32609e+07 1.13321e+07 9.17938e+06 8.19352e+06 8.18409e+06 6.22104e+06 5.92206e+06 5.76466e+06 5.62971e+06 5.43761e+06 4.56045e+06 4.51017e+06 4.17026e+06 3.38171e+06 3.22458e+06 4.25945e+06 3.31318e+06 3.18752e+06 4.03179e+06 3.18621e+06 2.83166e+06 2.65705e+06
threshold=1329.1249317153095 2148.5964702371089 737.99007240261528 1786.1298771869133 3005.0980100075335 1234.7430767968854 1.0000000180025095e-35 0.47225895453051486 456.58362865070427 866.73822657055348 0.79594076328328034 1720.0260074008504 2863.635411009132 937.00950936752349 304.3907199453833 5.5000000000000009 811.56075938547838 2536.291659429196 1.4297969607747862 0.46019978635390335 1.5000000000000002 0.68301270189221941 631.09926442692938 1.0000000180025095e-35 2536.291659429196 497.39075132390343 6.1802585000000008 -0.24999999999999997 1.0966622915452684 441.66682340203874
decision_type=2 2 2 2 2 2 2 2 2 2 2 2 2 2 2 2 2 2 2 2 2 2 2 2 2 2 2 2 2 2
left_child=2 3 8 6 7 13 11 12 14 -9 -8 15 21 -4 -1 -2 -10 -5 25 -6 -18 -3 24 -24 -20 28 -27 -13 -7 -22
right_child=1 4 5 17 19 18 10 9 16 -11 -12 27 -14 -15 -16 -17 20 -19 22 -21 29 -23 23 -25 -26 26 -28 -29 -30 -31
leaf_value=-14.233519802834918 7.0237088679117621 23.083522773532906 -3.2032390568948061 14.966468408019658 35.556897751218109 3.3426517012483772 -20.466333477795125 16.805672209341758 -8.2256826318498177 -10.916588830947877 0.71328866873701957 17.396335411875206 30.399418241719445 0.6937264445564052 -10.131159260714924 -1.7076139711306997 -0.055949879119995286 23.017627198277538 9.4076009166711607 13.659519093287621 -18.924211744732329 10.718434909770364 13.253878917694093 -7.812026294072469 25.190128340721131 4.2382988600297411 -15.834289443239252 10.105822378311194 9.6110984524766234 -5.777510790640811
leaf_weight=1098 2302 1285 3091 1842 652 1578 75 418 7710 37 141 212 512 1528 5352 204 389 257 332 33 40 71 35 55 35 50 42 655 201 353
leaf_count=1098 2302 1285 3091 1842 652 1578 75 418 7710 37 141 212 512 1528 5352 204 389 257 332 33 40 71 35 55 35 50 42 655 201 353
internal_value=0.0340667 15.5467 -6.13088 10.2639 25.5026 0.308689 6.88885 22.7488 -9.12394 14.4571 -6.93718 7.78322 24.7245 -1.91473 -10.84 6.31093 -7.81491 16.0046 4.71485 34.6087 -3.73835 22.4779 9.1763 0.646143 11.2312 3.60354 -5.26861 11.9781 4.07587 -7.33665
internal_weight=30585 8696 21889 5688 3008 6947 3589 2323 14942 455 216 3373 1868 4619 6450 2506 8492 2099 2328 685 782 1356 457 90 367 1871 92 867 1779 393
internal_count=30585 8696 21889 5688 3008 6947 3589 2323 14942 455 216 3373 1868 4619 6450 2506 8492 2099 2328 685 782 1356 457 90 367 1871 92 867 1779 393
is_linear=0
shrinkage=0.05


Tree=23
num_leaves=31
num_cat=0
split_feature=9 9 26 9 9 1 9 1 26 26 21 1 1 12 12 15 2 15 23 4 15 12 12 12 26 21 7 4 7 14
split_gain=1.05679e+09 1.6524e+08 1.36689e+08 3.06789e+07 2.30966e+07 1.83858e+07 1.60913e+07 1.57668e+07 1.44918e+07 1.5323e+07 1.34007e+07 1.32976e+07 9.56051e+06 7.4685e+06 7.02826e+06 6.82991e+06 6.64145e+06 7.0873e+06 6.02302e+06 5.90504e+06 5.82677e+06 9.21642e+06 5.81319e+06 5.75288e+06 5.34278e+06 5.30624e+06 6.02345e+06 5.88572e+06 5.19158e+06 4.82916e+06
threshold=1329.1249317153095 2084.4454757204603 8.8297500000000024 2803.4179486041867 1720.0260074008504 0.08601658294058849 481.44663607983904 0.1199493963633096 19.234650000000006 12.039350000000001 1.0000000180025095e-35 0.17754724334573557 0.20179298745144222 43787.500000000007 30486.500000000004 -0.12940952255126034 0.54599187790125325 -0.37940952255126009 7.9153435000000014 0.45964085826965484 -0.12940952255126034 34330.500000000007 30810.500000000004 42397.500000000007 18.696500000000004 1.0000000180025095e-35 299.44297742495627 0.83943616972985802 385.01845853232277 -0.70710678118654735
decision_type=2 2 2 2 2 2 2 2 2 2 2 2 2 2 2 2 2 2 2 2 2 2 2 2 2 2 2 2 2 2
left_child=2 4 6 5 11 24 19 8 9 -4 13 25 29 -6 -5 -12 17 -9 -14 -1 21 -10 -13 -8 -3 26 -2 -27 -11 -7
right_child=1 3 7 14 10 12 23 16 20 28 15 22 18 -15 -16 -17 -18 -19 -20 -21 -22 -23 -24 -25 -26 27 -28 -29 -30 -31
leaf_value=-14.48127199708923 6.5133241855113191 26.489025842950692 -1.5644324870819741 5.8762527729335581 13.21855077833626 21.016602516174316 -6.9628524207987157 -18.17865729480982 -13.051661470543749 4.7399669721362034 -15.358215117348093 -12.253714121038264 -11.054068737030029 22.938492505302662 30.281216243285577 6.7973991715389745 -1.3979096085123839 -5.1791815375429575 14.60299028963656 -9.3076544506481991 0.58679364216066188 -1.5028385423929895 1.710802139540087 -2.6259751609183763 18.481350226224738 -18.669670329949795 11.540452374585877 4.5698442501026193 11.377319317012184 12.924817391723984
leaf_weight=600 1883 768 1029 33 1737 316 4026 123 258 1896 51 105 55 232 1231 87 1174 628 32 9517 827 508 228 954 371 34 894 86 349 553
leaf_count=600 1883 768 1029 33 1737 316 4026 123 258 1896 51 105 55 232 1231 87 1174 628 32 9517 827 508 228 954 371 34 894 86 349 553
internal_value=0.0336052 14.7742 -5.82455 23.4577 9.29222 19.6479 -8.474 0.0664512 1.58154 3.48296 13.3658 6.6184 14.397 14.419 29.6698 -1.6409 -3.7583 -7.41447 -1.33569 -9.62149 -2.32499 -5.45213 -2.80841 -6.13553 23.9729 7.70497 8.14956 -2.49769 5.7948 15.9707
internal_weight=30585 8696 21889 3359 5337 2095 15097 6792 4867 3274 2107 3230 956 1969 1264 138 1925 751 87 10117 1593 766 333 4980 1139 2897 2777 120 2245 869
internal_count=30585 8696 21889 3359 5337 2095 15097 6792 4867 3274 2107 3230 956 1969 1264 138 1925 751 87 10117 1593 766 333 4980 1139 2897 2777 120 2245 869
is_linear=0
shrinkage=0.05


Tree=24
num_leaves=31
num_cat=0
split_feature=8 9 9 8 9 8 8 6 9 17 9 6 6 8 6 6 6 4 22 6 19 11 6 11 22 23 8 8 8 11
split_gain=9.55172e+08 1.50212e+08 1.36528e+08 3.52158e+07 2.31757e+07 1.80074e+07 1.7471e+07 1.66189e+07 1.67043e+07 1.095e+07 1.03114e+07 9.60979e+06 8.45673e+06 7.49671e+06 7.26481e+06 6.39682e+06 4.80533e+06 4.27873e+06 4.17184e+06 3.9294e+06 3.70414e+06 3.50354e+06 3.38382e+06 3.36003e+06 3.19632e+06 3.5594e+06 2.91444e+06 2.76101e+06 2.68104e+06 2.46067e+06
threshold=1329.1249317153095 1950.5840221573269 811.56075938547838 2626.1050338120644 2803.4179486041867 553.2163897711697 1873.4163097475914 22662.251666666671 1420.263053060253 0.81174490092936691 2507.049509271968 25433.005000000005 23939.937500000004 992.63087228520772 26971.845000000005 33561.394166666672 39840.536666666674 1.0786221444000528 5.5000000000000009 25860.555000000004 -0.24999999999999994 408.82633411873377 32590.930833333336 544.86233109898774 5.5000000000000009 6.9484064500000011 1821.205440764641 918.90674303651838 304.3907199453833 360.44349352172293
decision_type=2 2 2 2 2 2 2 2 2 2 2 2 2 2 2 2 2 2 2 2 2 2 2 2 2 2 2 2 2 2
left_child=2 6 5 10 7 12 17 -4 13 -10 16 23 28 -9 -12 19 26 18 -2 -5 -17 -20 -14 -8 -13 -26 -3 -7 -1 -18
right_child=1 3 4 15 -6 27 11 8 9 -11 14 24 22 -15 -16 20 29 -19 21 -21 -22 -23 -24 -25 25 -27 -28 -29 -30 -31
leaf_value=-15.517399363727362 6.249198200885794 9.8127664497823961 -13.414455493992449 -0.046261718750000007 32.928215382780351 -5.1407458774847008 8.9077594752495113 -1.7483570733708438 3.650166457574846 15.813600270259077 4.2120361587457493 15.718016307834461 -9.1410403893946111 2.2084823109849769 24.058225852664005 21.972766079507927 17.276415592849983 9.5442747938745427 2.9424125729706563 22.694835232137663 31.373990067610375 -8.8419753560653103 -7.4067723948165884 -7.7748517605993488 16.461684430691232 5.0241658837695402 15.441245883388016 -1.1445855835403842 -10.425345355964476 29.473338671976872
leaf_weight=541 2310 348 199 20 51 2444 47 2748 588 268 52 975 6405 2113 677 183 159 843 325 364 879 73 5388 67 109 186 996 529 615 83
leaf_count=541 2310 348 199 20 51 2444 47 2748 588 268 52 975 6405 2113 677 183 159 843 325 364 879 73 5388 67 109 186 996 529 615 83
internal_value=0.0325959 14.0466 -5.5368 21.5705 0.913175 -7.95355 8.29662 0.609602 1.10906 7.52812 17.6705 13.0622 -8.75985 -0.0278692 22.681 27.7318 15.3034 6.42346 5.43613 21.5249 29.8646 0.697946 -8.35216 -0.811225 14.3059 9.45433 14.0257 -4.43282 -12.865 21.9718
internal_weight=30585 8696 21889 3761 5967 15922 4935 5916 5717 856 2315 1384 12949 4861 729 1446 1586 3551 2708 384 1062 398 11793 114 1270 295 1344 2973 1156 242
internal_count=30585 8696 21889 3761 5967 15922 4935 5916 5717 856 2315 1384 12949 4861 729 1446 1586 3551 2708 384 1062 398 11793 114 1270 295 1344 2973 1156 242
is_linear=0
shrinkage=0.05


Tree=25
num_leaves=31
num_cat=0
split_feature=9 9 8 8 6 18 6 8 8 15 8 6 26 6 15 11 11 18 6 8 24 21 9 9 8 9 15 11 4 6
split_gain=8.64141e+08 1.5354e+08 1.0475e+08 3.5541e+07 2.83779e+07 2.05435e+07 1.82519e+07 1.6973e+07 1.06059e+07 9.79974e+06 7.89083e+06 7.82604e+06 6.90322e+06 6.28417e+06 5.94689e+06 8.344e+06 5.54351e+06 4.9022e+06 4.65809e+06 5.21825e+06 4.55766e+06 4.4558e+06 4.72204e+06 3.91401e+06 3.85125e+06 3.63744e+06 3.42945e+06 3.1948e+06 2.94504e+06 2.91831e+06
threshold=1274.0841273047001 2084.4454757204603 737.99007240261528 1603.25204566808 29706.657500000005 1.0000000180025095e-35 23768.352500000005 1234.7430767968854 466.16131816231001 -0.9829629131445341 2084.4454757204603 24590.025833333337 18.160600000000006 22031.844166666669 -0.37940952255126009 448.97942493170416 866.73822657055348 -0.6830127018922193 23379.125000000004 1543.9451096952896 10.084657000000002 1.0000000180025095e-35 1658.6664974867074 910.35760903550988 2345.2743751583434 780.7811674276935 -0.12940952255126034 509.51803386083446 1.080541774242298 28330.060000000001
decision_type=2 2 2 2 2 2 2 2 2 2 2 2 2 2 2 2 2 2 2 2 2 2 2 2 2 2 2 2 2 2
left_child=2 3 8 6 11 9 -2 23 13 -6 -5 20 -11 -1 15 -9 -12 -13 -16 -20 -3 22 -8 -4 -17 -10 -23 29 -22 -15
right_child=1 4 7 10 5 -7 21 14 25 12 16 17 -14 27 18 24 -18 -19 19 -21 28 26 -24 -25 -26 -27 -28 -29 -30 -31
leaf_value=-14.352196056894767 -10.635766527690787 10.841673281318265 -2.9262969090656519 10.428510419171152 5.1439137384295464 15.749039041335543 4.9216485838928028 2.4317633136891432 -6.8054878524927496 19.955704622846142 17.243892541092478 18.559853569702668 27.851850278097444 -10.050591353322064 -8.4600843172233837 -21.482348502915485 -7.8308873214721686 7.8059178664643545 4.5232552564666095 12.191596268458539 -18.973677646823045 -10.40287900582338 10.193704392771119 0.16308315839148174 -0.074147336733968644 -3.0966254590901308 4.6653122180217022 7.6947811865037501 3.6475526657104496 -7.9603918434693774
leaf_weight=537 183 33 2812 1820 59 726 2629 652 6179 412 755 215 1629 2842 47 53 20 229 703 327 36 73 510 1611 33 754 69 26 20 4591
leaf_count=537 183 33 2812 1820 59 726 2629 652 6179 412 755 215 1629 2842 47 53 20 229 703 327 36 73 510 1611 33 754 69 26 20 4591
internal_value=0.0327252 12.6285 -5.57325 7.86434 21.1975 23.1979 4.53954 -0.131469 -7.84625 25.7296 12.2852 10.4742 26.3106 -9.09141 3.9335 0.469414 16.5507 13.1621 6.29404 7.00495 -2.92179 5.40086 5.79308 -1.80212 -13.7236 -6.40466 -3.17103 -8.7033 -11.2571 -8.7658
internal_weight=30585 9418 21167 6059 3359 2826 3464 6238 14929 2100 2595 533 2041 7996 1815 738 775 444 1077 1030 89 3281 3139 4423 86 6933 142 7459 56 7433
internal_count=30585 9418 21167 6059 3359 2826 3464 6238 14929 2100 2595 533 2041 7996 1815 738 775 444 1077 1030 89 3281 3139 4423 86 6933 142 7459 56 7433
is_linear=0
shrinkage=0.05


Tree=26
num_leaves=31
num_cat=0
split_feature=10 10 10 2 10 9 9 2 10 9 10 17 11 8 11 10 9 10 5 9 22 23 2 2 9 11 22 19 2 5
split_gain=8.58355e+08 1.27706e+08 9.71316e+07 2.00079e+07 1.89849e+07 1.80506e+07 1.00854e+07 8.45268e+06 7.00998e+06 6.39354e+06 6.33268e+06 5.95744e+06 5.89534e+06 5.4254e+06 5.14117e+06 5.02509e+06 4.94975e+06 4.77142e+06 4.38998e+06 4.1992e+06 3.83253e+06 3.63988e+06 3.52526e+06 3.50217e+06 3.06911e+06 3.0331e+06 3.02355e+06 2.83082e+06 2.75239e+06 2.71997e+06
threshold=1423.1258677895378 921.29225017694137 2257.4581861031606 0.58192737636793745 473.93637447067692 1873.4163097475914 1274.0841273047001 0.54716191107484324 232.86589403628523 691.30499012125676 2695.7789523617867 0.81174490092936691 648.80539728898964 1873.4163097475914 325.07324323628023 2593.2568529125997 3005.0980100075335 1733.3553164963075 -377.50000000000006 1845.9241844862479 2.5000000000000004 6.4526388000000017 0.5735240604871098 0.47199811522348928 2895.5032941072968 360.44349352172293 5.5000000000000009 0.93301270189221952 0.60659981816160646 -638.51999999999987
decision_type=2 2 2 2 2 2 2 2 2 2 2 2 2 2 2 2 2 2 2 2 2 2 2 2 2 2 2 2 2 2
left_child=1 4 5 15 8 12 22 27 -1 14 20 13 17 -9 -6 29 -8 26 -11 -20 -5 23 -3 -14 -22 -24 -2 -7 -27 -4
right_child=2 6 3 10 9 7 16 11 -10 18 -12 -13 21 -15 -16 -17 -18 -19 19 -21 24 -23 25 -25 -26 28 -28 -29 -30 -31
leaf_value=-14.235967848625164 7.346782208158853 -1.5373200122522379 4.2778509032569429 26.923172755376267 -5.851723161231833 8.9369405960236801 4.1077819741452055 8.1420789546922805 -8.044936748747558 -11.256839742609545 31.678335567315418 21.881380160798166 -4.1581755554234539 15.804287653005558 -16.438331505060198 20.850147530671045 25.354181194305422 10.653219405653511 -2.7625703748911712 12.507157004397849 16.589688169032247 -8.7824446494320796 1.9952623204208439 13.820094547952927 25.333323985627555 2.7154153410593671 0.88985271380386421 -5.936746433046129 -18.531572009495328 15.027610966433651
leaf_weight=484 1352 1782 71 543 3860 457 2073 322 10044 147 415 316 49 1016 115 516 23 1277 2454 41 324 78 1707 51 201 25 211 31 30 570
leaf_count=484 1352 1782 71 543 3860 457 2073 322 10044 147 415 316 49 1016 115 516 23 1277 2454 41 324 78 1707 51 201 25 211 31 30 570
internal_value=0.0315875 -4.8695 14.3424 22.1417 -7.01595 10.3345 1.65589 13.8509 -8.33618 -4.91067 26.032 15.5652 7.81995 13.9975 -6.17828 17.0646 4.40073 8.37234 -2.99542 -2.48711 23.7005 -0.981197 0.0286012 5.23175 20.1448 1.61219 6.48077 7.94137 -9.45154 13.8793
internal_weight=30585 22785 7800 2640 17145 5160 5640 2142 10528 6617 1483 1654 3018 1338 3975 1157 2096 2840 2642 2495 1068 178 3544 100 525 1762 1563 488 55 641
internal_count=30585 22785 7800 2640 17145 5160 5640 2142 10528 6617 1483 1654 3018 1338 3975 1157 2096 2840 2642 2495 1068 178 3544 100 525 1762 1563 488 55 641
is_linear=0
shrinkage=0.05


Tree=27
num_leaves=31
num_cat=0
split_feature=9 9 8 8 6 6 9 8 8 1 1 6 21 1 9 6 7 15 3 11 1 11 15 15 9 11 15 8 9 1
split_gain=7.06015e+08 1.10905e+08 1.02746e+08 2.78863e+07 2.49321e+07 1.61829e+07 1.33475e+07 1.26684e+07 1.23757e+07 8.29995e+06 6.39679e+06 6.12272e+06 6.05514e+06 6.01157e+06 5.51734e+06 4.91027e+06 6.07685e+06 4.84101e+06 4.82725e+06 4.81226e+06 4.64447e+06 4.24055e+06 4.13099e+06 4.08151e+06 3.71582e+06 3.51236e+06 3.45688e+06 3.45539e+06 3.26834e+06 3.14998e+06
threshold=1329.1249317153095 2148.5964702371089 822.73278426324293 1786.1298771869133 29910.420000000002 23768.352500000005 3005.0980100075335 481.48857254716626 1234.7430767968854 0.21364731160036707 0.17248759455961213 23939.937500000004 1.0000000180025095e-35 0.08601658294058849 1699.6209308463654 25324.271666666671 375.23001420982661 -0.5 1.4297969607747862 497.39075132390343 0.16623843604882318 338.3537910039542 -0.9829629131445341 -0.37940952255126009 862.78481538327071 286.94712952411214 -0.37940952255126009 2700.8174739057463 1049.3359823433866 0.11343215125001936
decision_type=2 2 2 2 2 2 2 2 2 2 2 2 2 2 2 2 2 2 2 2 2 2 2 2 2 2 2 2 2 2
left_child=2 3 7 5 9 26 13 11 20 17 18 -1 14 21 -7 -5 -17 -3 -10 -12 28 -6 -15 -20 -9 -22 -2 -18 -4 -26
right_child=1 4 8 15 6 12 -8 24 10 -11 19 -13 -14 22 -16 16 27 -19 23 -21 25 -23 -24 -25 29 -27 -28 -29 -30 -31
leaf_value=-11.390809684960246 -24.485465855752267 -9.2628142703462526 -1.3250719584998552 0.43756859552028571 16.201075763961835 5.2099624715856185 28.358740285561552 -5.3654448504751207 3.3034271257151446 -7.057473246730976 0.13205464047596868 -7.4535509759079064 -3.6059432306866741 -5.5707231292724613 9.8292303311611935 10.582433608767317 14.539927858173934 13.192602432436415 2.8096102180346003 -17.328247947023627 -2.9999856714046365 23.722611795494299 16.315014829975063 13.215607454804596 1.4925525463179024 -14.692737241224812 -5.8322996095100548 23.219191869197449 2.3366529728860956 -6.364728201174815
leaf_weight=1127 26 22 2504 81 304 2350 628 5116 1742 62 128 9158 152 20 905 1166 694 427 154 52 193 888 657 252 384 94 156 158 800 185
leaf_count=1127 26 22 2504 81 304 2350 628 5116 1742 62 128 9158 152 20 905 1166 694 427 154 52 193 888 657 252 384 94 156 158 800 185
internal_value=0.0314577 12.0799 -4.75676 7.96202 19.8404 5.27262 21.9036 -6.84172 0.869666 9.64372 3.70518 -7.89031 6.05156 19.6648 6.5074 12.537 13.0204 12.0023 4.46555 -5.24377 -0.971142 21.8801 15.6323 9.35083 -4.93939 -7.01585 -9.08075 16.2756 -0.43625 -1.0952
internal_weight=30585 8696 21889 5688 3008 3589 2497 15970 5919 511 2328 10285 3407 1869 3255 2099 2018 449 2148 180 3591 1192 677 406 5685 287 182 852 3304 569
internal_count=30585 8696 21889 5688 3008 3589 2497 15970 5919 511 2328 10285 3407 1869 3255 2099 2018 449 2148 180 3591 1192 677 406 5685 287 182 852 3304 569
is_linear=0
shrinkage=0.05


Tree=28
num_leaves=31
num_cat=0
split_feature=8 9 9 8 9 8 1 9 1 8 9 1 16 11 9 8 8 1 8 0 12 12 8 12 14 11 1 22 7 11
split_gain=6.37713e+08 1.01373e+08 9.1278e+07 2.83881e+07 1.74151e+07 1.24106e+07 1.19393e+07 1.02556e+07 9.62954e+06 1.0351e+07 8.47041e+06 8.06867e+06 6.53799e+06 6.32923e+06 5.95539e+06 5.22435e+06 4.98065e+06 4.79104e+06 4.54225e+06 4.16168e+06 4.01675e+06 3.6583e+06 3.61999e+06 3.19111e+06 3.06451e+06 3.08156e+06 2.68093e+06 2.63482e+06 2.59669e+06 2.49589e+06
threshold=1329.1249317153095 1873.4163097475914 811.56075938547838 2626.1050338120644 2803.4179486041867 480.67657431654487 0.091187769873347993 1873.4163097475914 0.18311622431001986 1786.1298771869133 2507.049509271968 0.11658082995994952 -1.0000000180025095e-35 509.51803386083446 1049.3359823433866 3005.0980100075335 661.82619661890294 0.07815191598035949 304.3907199453833 0.50247997818105761 27319.500000000004 30552.500000000004 799.63361735704586 31934.000000000004 -0.70710678118654735 531.76801472283285 0.060671807164413907 5.5000000000000009 687.70773411900234 308.17369765710924
decision_type=2 2 2 2 2 2 2 2 2 2 2 2 2 2 2 2 2 2 2 2 2 2 2 2 2 2 2 2 2 2
left_child=2 8 5 10 6 18 7 14 9 26 17 15 16 -10 -4 -5 -8 28 -1 -19 -14 -12 -7 -13 -11 -26 29 -28 -3 -2
right_child=1 3 4 11 -6 22 12 -9 13 24 21 23 20 -15 -16 -17 -18 19 -20 -21 -22 -23 -24 -25 25 -27 27 -29 -30 -31
leaf_value=-10.313344439019984 6.1950481952684617 14.149784806518596 0.0217699239360238 21.366975899238504 28.505893649373736 -5.3408467883595589 -12.742306738169422 20.081399476237415 2.7315752689172381 15.622155438451205 6.0641592167317873 -3.051966406748845 -10.947021655356274 -11.786009299313582 4.4566946109773466 28.839574155407753 -3.3868652179837229 10.669755286795017 -7.1441972809088217 -1.0179036795407876 0.67309153298375302 19.703331204308405 -2.3665576871921967 16.458161872190317 10.505184214205222 3.3249344096999423 4.7118047582868163 -1.0826250229339933 28.2214625453949 13.494803277622882
leaf_weight=1333 983 902 1578 673 51 4585 163 77 242 250 59 21 73 103 1450 496 982 931 8672 82 1593 670 1332 293 928 185 1485 224 35 134
leaf_count=1333 983 902 1578 673 51 4585 163 77 242 250 59 21 73 103 1450 496 982 931 8672 82 1593 670 1332 293 928 185 1485 224 35 134
internal_value=0.0303931 11.4812 -4.52032 17.113 0.753549 -6.4964 0.490427 2.62564 6.29828 6.95901 13.99 22.6886 -1.86856 -1.70897 2.14936 24.6469 -4.76834 12.2052 -7.57138 9.72326 0.132665 18.6484 -4.67386 15.1258 10.5386 9.33195 5.21696 3.95135 14.8225 7.12704
internal_weight=30585 8696 21889 4162 5967 15922 5916 3105 4534 4189 2679 1483 2811 345 3028 1169 1145 1950 10005 1013 1666 729 5917 314 1363 1113 2826 1709 937 1117
internal_count=30585 8696 21889 4162 5967 15922 5916 3105 4534 4189 2679 1483 2811 345 3028 1169 1145 1950 10005 1013 1666 729 5917 314 1363 1113 2826 1709 937 1117
is_linear=0
shrinkage=0.05


Tree=29
num_leaves=31
num_cat=0
split_feature=9 8 8 6 9 8 9 8 9 6 15 6 1 6 15 15 12 8 1 15 24 1 7 1 7 1 4 9 1 7
split_gain=5.78012e+08 9.06485e+07 8.34084e+07 2.41423e+07 2.30797e+07 1.72956e+07 1.049e+07 1.01607e+07 9.72147e+06 6.80924e+06 7.68839e+06 6.13714e+06 5.49515e+06 5.06527e+06 4.75255e+06 4.51351e+06 5.3927e+06 4.99034e+06 4.46083e+06 4.39617e+06 6.84936e+06 4.34097e+06 4.21797e+06 4.13552e+06 4.07325e+06 3.61125e+06 3.46003e+06 3.35964e+06 3.50844e+06 3.06942e+06
threshold=1329.1249317153095 2055.8953207150594 822.73278426324293 23768.352500000005 2536.291659429196 2970.0870861186709 479.86684091365447 1234.7430767968854 1699.6209308463654 29122.735000000004 -0.70710678118654757 40957.381666666675 0.17248759455961213 25756.317500000001 -0.9829629131445341 -0.37940952255126009 30239.500000000004 1543.9451096952896 0.11658082995994952 -0.12940952255126034 8.2516140000000018 0.066298056667291869 395.03103763224357 0.15364126980085169 687.70773411900234 0.15497246883075538 0.54723555043623129 910.35760903550988 0.10038766748185719 360.45150963417058
decision_type=2 2 2 2 2 2 2 2 2 2 2 2 2 2 2 2 2 2 2 2 2 2 2 2 2 2 2 2 2 2
left_child=2 3 6 19 8 9 13 23 21 10 -3 -10 15 26 -11 16 -9 -17 -7 -2 -21 -5 -15 29 -16 -12 -1 -8 -29 -4
right_child=1 5 7 4 -6 18 27 12 11 14 25 -13 -14 22 24 17 -18 -19 -20 20 -22 -23 -24 -25 -26 -27 -28 28 -30 -31
leaf_value=-13.422283714029525 -20.898360000337874 -16.700972993033272 -0.6571321450705776 7.3424130476832365 21.624484029741051 26.152082387535117 -4.8905313070927914 -14.649885469675064 8.7020162252501283 2.6069364106477195 13.765506278778137 20.199888124616127 -4.9565202625699953 -6.6846449519079814 16.095278854582912 3.9273792803354106 2.2482777335358266 10.906898505293608 15.979390865530091 17.042149020779519 -8.6655841463949628 3.2902283367550695 12.615099288677348 -5.633922393015224 24.235320574508432 1.8221483872486997 -8.2772713237859836 2.4792257493736596 -5.7272485271792553 6.2863397729538733
leaf_weight=445 51 23 3024 1099 276 609 5452 45 1992 62 254 122 180 8059 1892 890 852 361 169 26 159 1688 24 404 188 86 1453 328 209 163
leaf_count=445 51 23 3024 1099 276 609 5452 45 1992 62 254 122 180 8059 1892 890 852 361 169 26 159 1688 24 404 188 86 1453 328 209 163
internal_value=0.0303992 10.932 -4.30207 6.94595 7.66043 17.4837 -6.18061 0.767316 6.8528 15.3978 8.86808 9.41169 3.33658 -7.17479 16.4811 4.04146 1.32398 5.97689 24.0585 -8.56082 -4.69894 4.89844 -6.61957 -0.900618 16.8874 10.8149 -9.51568 -4.51913 -0.738006 -0.2927
internal_weight=30585 8696 21889 5413 5177 3283 15970 5919 4901 2505 363 2114 2328 9981 2142 2148 897 1251 778 236 185 2787 8083 3591 2080 340 1898 5989 537 3187
internal_count=30585 8696 21889 5413 5177 3283 15970 5919 4901 2505 363 2114 2328 9981 2142 2148 897 1251 778 236 185 2787 8083 3591 2080 340 1898 5989 537 3187
is_linear=0
shrinkage=0.05


Tree=30
num_leaves=31
num_cat=0
split_feature=9 9 8 8 6 6 8 9 9 1 17 1 21 15 15 15 8 24 15 9 15 6 24 18 6 7 6 24 1 8
split_gain=5.21953e+08 8.27542e+07 7.55032e+07 2.29621e+07 1.90185e+07 1.32055e+07 1.25524e+07 8.96978e+06 7.25569e+06 6.79762e+06 6.75069e+06 6.74649e+06 5.22538e+06 5.17667e+06 4.92509e+06 4.90692e+06 4.6062e+06 4.52877e+06 4.45883e+06 4.22388e+06 4.16233e+06 6.38941e+06 4.8407e+06 4.1114e+06 3.99244e+06 3.64488e+06 3.27439e+06 3.14527e+06 2.93358e+06 2.91937e+06
threshold=1329.1249317153095 2231.5016179326008 737.99007240261528 1786.1298771869133 29910.420000000002 24980.067500000005 1039.4924051361979 3005.0980100075335 439.60165944303247 0.21364731160036707 0.81174490092936691 0.17248759455961213 1.0000000180025095e-35 -0.9829629131445341 -0.37940952255126009 -0.12940952255126034 1543.9451096952896 9.2762287500000014 -0.5 1581.5484171780806 -0.12940952255126034 37108.800833333335 7.399533850000001 1.0000000180025095e-35 31224.476666666673 576.58915984026874 22031.844166666669 10.084657000000002 0.12697770325017094 2148.5964702371089
decision_type=2 2 2 2 2 2 2 2 2 2 2 2 2 2 2 2 2 2 2 2 2 2 2 2 2 2 2 2 2 2
left_child=2 3 8 5 9 14 28 13 25 18 12 15 -7 -6 -2 24 -17 -16 -3 -12 21 22 -5 -15 -8 26 -1 -11 -4 -22
right_child=1 4 6 20 7 10 11 -9 -10 27 19 -13 -14 23 17 16 -18 -19 -20 -21 29 -23 -24 -25 -26 -27 -28 -29 -30 -31
leaf_value=-11.905520436225649 -22.545229951958909 -9.7274329291449657 -1.1034343851227897 -1.5959892021579165 1.6626100674010162 4.8963268573033973 -3.8345940912139578 24.635253409092652 -5.3508713945103628 5.3943885833986345 6.3229784341765125 -5.2462356567607742 -5.9801682024166505 19.366199648233714 10.488878004074097 3.6368307039082475 10.366623985075361 -6.2899636052619847 11.772572753713723 15.540072626733977 11.17233256189037 12.133631032761645 8.7103852899752656 13.135366298733098 2.3786644071066689 10.871694960417571 -7.386976545720886 -16.383719564739028 -4.642046744187633 16.604528166720502
leaf_weight=458 33 22 2865 209 52 2720 325 628 10363 26 279 260 111 1215 45 1254 318 205 397 238 929 524 242 403 1192 22 4099 33 733 385
leaf_count=458 33 22 2865 209 52 2720 325 628 10363 26 279 260 111 1215 45 1254 318 205 397 238 929 524 242 403 1192 22 4099 33 733 385
internal_value=0.0297473 10.3892 -4.08727 7.03917 17.5079 4.55654 0.219504 19.3986 -6.08903 8.31165 5.43418 2.42063 4.46006 17.3617 -5.74016 3.0734 5.02678 -3.12313 10.5422 10.6744 10.9588 8.39655 3.96902 17.8595 1.03929 -7.75194 -7.85367 -7.11415 -1.82979 12.8209
internal_weight=30585 8696 21889 5920 2776 3631 6947 2298 14942 478 3348 3349 2831 1670 283 3089 1572 250 419 517 2289 975 451 1618 1517 4579 4557 59 3598 1314
internal_count=30585 8696 21889 5920 2776 3631 6947 2298 14942 478 3348 3349 2831 1670 283 3089 1572 250 419 517 2289 975 451 1618 1517 4579 4557 59 3598 1314
is_linear=0
shrinkage=0.05


Tree=31
num_leaves=31
num_cat=0
split_feature=10 10 10 10 14 14 14 4 17 15 11 10 17 11 14 11 21 15 11 10 12 10 1 15 1 0 7 12 15 7
split_gain=5.29807e+08 8.93192e+07 4.61016e+07 1.88363e+07 1.63497e+07 1.24622e+07 8.4146e+06 7.62792e+06 7.44888e+06 7.28174e+06 6.93061e+06 6.92565e+06 6.38905e+06 6.69481e+06 5.34453e+06 5.69451e+06 5.69238e+06 5.11922e+06 4.53257e+06 4.37111e+06 4.30434e+06 3.95682e+06 3.858e+06 3.75315e+06 3.40205e+06 4.39039e+06 2.79551e+06 2.6398e+06 2.56901e+06 2.48964e+06
threshold=1203.7994076510533 2257.4581861031606 684.59061149821753 1706.1374638911916 -0.60355339059327362 -0.70710678118654735 -0.70710678118654735 0.43178446182897229 0.81174490092936691 1.0000000180025095e-35 614.20424327994806 2665.9354191262587 0.81174490092936691 338.3537910039542 -0.5 777.22274205627548 1.0000000180025095e-35 0.25881904510252057 488.30152107479847 995.42088291273444 29158.500000000004 452.01352900344153 0.22031234280403358 1.0000000180025095e-35 0.07815191598035949 0.50367037814016602 520.58208160068637 33556.500000000007 -0.37940952255126009 239.88761233091273
decision_type=2 2 2 2 2 2 2 2 2 2 2 2 2 2 2 2 2 2 2 2 2 2 2 2 2 2 2 2 2 2
left_child=2 3 7 14 -3 -5 -4 27 10 -10 -7 24 13 19 15 -2 22 -15 28 -8 -20 -9 -16 -18 26 -26 -6 29 -14 -1
right_child=1 4 6 5 11 8 12 21 9 -11 -12 -13 18 17 16 -17 23 -19 20 -21 -22 -23 -24 -25 25 -27 -28 -29 -30 -31
leaf_value=-10.451047668642852 6.2337137617547977 23.748290598331277 2.0526975527993478 15.034131123872488 12.451658989251264 7.8467543397280899 -3.6133588490837059 -6.5195965773871896 22.628317462398282 7.1380505000672692 -0.30866553806639341 19.442067395888394 4.3608542017745124 -14.647209580280075 3.8686729497359433 22.54529392008196 -18.154075875649085 -2.434362579509616 -0.21800868954769401 -0.28198440292088151 21.634520839344376 -4.7818537869419258 -5.5845995466077802 3.0073920557373448 11.630466780861219 -0.21006466657808512 19.301639942133203 -3.6998669065475465 -2.1255980328784236 -18.941160617652148
leaf_weight=582 1200 774 1681 789 490 1836 2241 7415 153 159 303 605 275 194 2279 52 47 155 38 1755 50 6038 109 33 415 96 260 120 331 110
leaf_count=582 1200 774 1681 789 490 1836 2241 7415 153 159 303 605 275 194 2279 52 47 155 38 1755 50 6038 109 33 415 96 260 120 331 110
internal_value=0.0289721 9.75557 -4.42191 6.7768 17.581 9.56361 -1.00641 -6.02998 7.77556 14.9715 6.69345 14.9662 -2.02795 -2.73939 4.33998 6.99822 2.98003 -9.3343 2.41389 -2.15245 12.6933 -5.74173 3.42639 -9.76095 12.7505 9.42544 14.9385 -10.7412 0.829441 -11.9269
internal_weight=30585 9600 20985 6960 2640 3240 6720 14265 2451 312 2139 1866 5039 4345 3720 1252 2468 349 694 3996 88 13453 2388 80 1261 511 750 812 606 692
internal_count=30585 9600 20985 6960 2640 3240 6720 14265 2451 312 2139 1866 5039 4345 3720 1252 2468 349 694 3996 88 13453 2388 80 1261 511 750 812 606 692
is_linear=0
shrinkage=0.05


Tree=32
num_leaves=31
num_cat=0
split_feature=10 10 10 14 6 6 17 10 15 11 6 15 10 11 14 11 15 6 10 11 11 17 5 11 4 12 14 10 11 5
split_gain=4.78892e+08 7.33236e+07 5.56748e+07 1.48881e+07 1.33816e+07 1.20978e+07 8.69576e+06 8.2359e+06 7.78111e+06 8.46491e+06 7.31544e+06 1.14695e+07 6.74641e+06 6.50947e+06 5.92616e+06 5.8663e+06 5.59042e+06 5.25679e+06 4.89428e+06 4.60128e+06 4.0505e+06 3.95595e+06 4.55103e+06 3.68622e+06 3.57669e+06 3.33942e+06 3.2317e+06 3.1249e+06 2.82243e+06 2.53719e+06
threshold=1442.9152373423965 921.29225017694137 2257.4581861031606 -0.70710678118654735 29706.657500000005 29180.94333333334 0.81174490092936691 595.13717568167135 -0.37940952255126009 338.3537910039542 29910.420000000002 -0.60355339059327384 2665.9354191262587 560.65504025192899 -0.70710678118654735 631.09926442692938 -0.60355339059327384 23379.125000000004 1720.8692368396044 425.07594124034773 249.49294195276309 0.81174490092936691 -638.51999999999987 435.62761669301636 0.43178446182897229 31240.500000000004 0.12940952255126043 1097.1830890323909 448.97942493170416 417.00500000000005
decision_type=2 2 2 2 2 2 2 2 2 2 2 2 2 2 2 2 2 2 2 2 2 2 2 2 2 2 2 2 2 2
left_child=1 5 4 -4 16 8 14 28 9 -1 11 20 21 27 18 -13 25 23 -6 -8 -3 22 -5 -18 -10 -2 -16 -12 -7 -26
right_child=2 10 3 12 6 7 19 -9 24 -11 13 15 -14 -15 26 -17 17 -19 -20 -21 -22 -23 -24 -25 29 -27 -28 -29 -30 -31
leaf_value=-8.9609006871665464 -20.321622611380914 0.32630238439522541 23.247397051192543 1.4545965006308896 6.7672634964266782 -5.1395218178762825 11.40161551820772 -2.0354285608538034 -10.60483171270236 -21.825761147067972 0.51508796394717526 -0.70710026298594153 18.753912194939549 16.942316922274504 4.8745494479978495 10.981621827768244 9.0689996907205295 5.2960735560139085 14.127822687386354 21.476707047796012 -16.571532543709406 20.898105644033507 12.326124468803192 -10.515416390337844 -5.8057037242611349 -0.12900662328682694 8.8045765217531073 3.4394365695212623 11.510364209688627 1.3538192098462627
leaf_weight=1277 32 46 664 107 373 8247 332 3022 392 141 1549 1607 640 72 1121 110 28 1164 637 193 147 125 1104 89 3919 46 1025 2229 21 126
leaf_count=1277 32 46 664 107 373 8247 332 3022 392 141 1549 1607 640 72 1121 110 28 1164 637 193 147 125 1104 89 3919 46 1025 2229 21 126
internal_value=0.0284303 -3.59461 10.8292 16.7101 7.73517 -5.23395 9.3002 -4.27387 -7.08001 -10.3124 1.28528 -1.24237 14.4603 2.53925 8.28399 0.0714233 3.47754 4.27833 11.4563 15.2732 -12.6373 12.3411 11.3755 -5.64854 -6.03655 -9.13891 6.76779 2.24272 -5.0903 -5.58128
internal_weight=30585 22905 7680 2640 5040 17145 3681 11290 5855 1418 5760 1910 1976 3850 3156 1717 1359 1281 1010 525 193 1336 1211 117 4437 78 2146 3778 8268 4045
internal_count=30585 22905 7680 2640 5040 17145 3681 11290 5855 1418 5760 1910 1976 3850 3156 1717 1359 1281 1010 525 193 1336 1211 117 4437 78 2146 3778 8268 4045
is_linear=0
shrinkage=0.05


Tree=33
num_leaves=31
num_cat=0
split_feature=9 9 8 8 1 8 8 0 1 1 1 8 11 11 21 4 11 18 9 15 0 1 11 15 2 1 23 9 11 17
split_gain=3.87493e+08 7.00519e+07 4.64153e+07 1.61603e+07 1.60589e+07 9.56914e+06 9.22729e+06 8.94053e+06 7.26749e+06 5.97039e+06 5.61078e+06 5.2745e+06 4.74594e+06 4.60712e+06 4.53584e+06 5.11053e+06 4.09861e+06 3.81558e+06 3.71888e+06 3.37601e+06 3.55878e+06 3.3708e+06 3.8511e+06 3.32483e+06 4.06672e+06 3.19617e+06 3.35078e+06 3.16845e+06 3.08967e+06 2.89375e+06
threshold=1274.0841273047001 2084.4454757204603 634.69102500918314 1603.25204566808 0.11194166193044565 2895.5032941072968 1039.4924051361979 0.48170589843767903 0.17754724334573557 0.060671807164413907 0.087347966513776756 394.15101217318721 497.39075132390343 576.46600801760758 1.0000000180025095e-35 0.79594076328328034 351.01163321540656 -0.24999999999999997 3050.8705243132035 -0.12940952255126034 0.44912654535751489 0.12907691640303154 221.77355822719016 -0.12940952255126034 0.66379568397211286 0.15926292198568234 6.0916937000000013 1720.0260074008504 325.07324323628023 0.81174490092936691
decision_type=2 2 2 2 2 2 2 2 2 2 2 2 2 2 2 2 2 2 2 2 2 2 2 2 2 2 2 2 2 2
left_child=2 3 11 8 5 13 21 18 14 -5 19 29 -10 17 16 -16 -2 -3 -6 20 -8 -4 -23 24 -11 26 -9 -14 -21 -1
right_child=1 4 6 9 7 -7 10 25 12 23 -12 -13 27 -15 15 -17 -18 -19 -20 28 -22 22 -24 -25 -26 -27 -28 -29 -30 -31
leaf_value=-7.9535493071731285 3.4687415236860262 15.854698264790557 -1.1506573483357436 11.552842475134614 8.836299815354737 21.422591653289931 3.4000711654468412 -6.256876496707692 0.95686391778891133 0.84777086231458409 -0.65481678350595862 -4.8281723733433006 -15.590938506704388 20.45829108108174 -14.497469079153881 2.7459932538260401 8.6448525010368193 10.461261664050442 17.642114971837692 4.5848593640892439 -4.6628185309836123 -2.5903615484119475 -10.210472519630972 8.2572379071580428 8.9187959780377799 -11.400260752790116 17.243081855773926 -0.56889191100994752 12.62746314295133 -4.5085443633466609
leaf_weight=2529 2446 679 3417 891 697 705 540 29 243 443 1224 10803 94 270 65 108 453 743 150 657 178 614 225 1024 237 63 23 55 145 835
leaf_count=2529 2446 679 3417 891 697 705 540 29 243 443 1224 10803 94 270 65 108 453 743 150 657 178 614 225 1024 237 63 23 55 145 835
internal_value=0.0278344 8.4624 -3.72613 5.24452 14.2504 16.4471 -0.394743 8.72023 3.0027 8.22552 1.86405 -5.37147 -3.37616 14.3169 3.82085 -3.95773 4.29107 13.0832 10.4902 3.88793 1.3827 -1.85156 -4.68234 6.45696 3.7054 -4.20954 4.73724 -10.2447 6.10824 -7.10642
internal_weight=30585 9418 21167 6059 3359 2397 7000 962 3464 2595 2744 14167 392 1692 3072 173 2899 1422 847 1520 718 4256 839 1704 680 115 52 149 802 3364
internal_count=30585 9418 21167 6059 3359 2397 7000 962 3464 2595 2744 14167 392 1692 3072 173 2899 1422 847 1520 718 4256 839 1704 680 115 52 149 802 3364
is_linear=0
shrinkage=0.05


Tree=34
num_leaves=31
num_cat=0
split_feature=10 10 10 10 0 6 6 6 17 6 11 6 1 11 22 4 10 11 19 1 11 11 22 3 10 4 7 7 10 8
split_gain=3.93966e+08 6.65873e+07 3.3899e+07 1.4542e+07 1.13294e+07 1.06504e+07 7.39111e+06 6.14075e+06 5.70108e+06 5.22996e+06 6.90495e+06 5.16214e+06 5.1311e+06 6.10969e+06 5.48534e+06 4.91614e+06 4.42552e+06 4.07587e+06 3.82449e+06 4.33218e+06 6.66439e+06 3.81464e+06 3.19827e+06 3.17523e+06 3.15827e+06 2.51151e+06 2.45963e+06 2.29213e+06 2.27449e+06 2.03349e+06
threshold=1203.7994076510533 2257.4581861031606 684.59061149821753 1677.7554946954856 0.41693426933808292 31867.895000000004 35093.708333333343 28412.020000000004 0.81174490092936691 28202.850833333338 924.74512740195235 23379.125000000004 0.24704976018373964 631.09926442692938 1.5000000000000002 0.48920102747341815 2695.7789523617867 497.39075132390343 -0.24999999999999994 0.10659098059708945 576.46600801760758 464.25703865863346 2.5000000000000004 2.4674322294762998 951.10093999420133 0.95345179898211219 325.12058066250438 239.88761233091273 933.38103525368763 1135.0050216201496
decision_type=2 2 2 2 2 2 2 2 2 2 2 2 2 2 2 2 2 2 2 2 2 2 2 2 2 2 2 2 2 2
left_child=2 3 7 9 16 11 12 15 25 17 -11 29 13 28 -15 27 22 -2 -6 -20 -21 -9 -3 -13 -8 -7 -19 -1 -4 -5
right_child=1 4 6 5 18 8 24 21 -10 10 -12 23 -14 14 -16 -17 -18 26 19 20 -22 -23 -24 -25 -26 -27 -28 -29 -30 -31
leaf_value=-9.2791192058946059 1.6320688870008695 19.045271593870162 -4.0027212006920427 0.64965355783700951 2.655575110498539 4.1906934387468056 -0.58559454623860818 -4.5474124750279996 16.824047018134078 4.2391910298439441 25.228652572631837 4.8982287836390306 -18.246486513376237 20.015436559967828 0.26104931978835272 -6.0200045185233932 22.72755479401949 -19.311692739214219 14.075263036353498 13.114867257400299 -3.6842209737856417 10.815761654551437 13.137663041504513 19.702039160226523 2.7182759187142751 9.9394856990461236 -3.8412370048463345 -17.547099681334064 -1.4605579245532354 -15.668719598723621
leaf_weight=563 596 538 1498 35 116 227 1479 9771 294 2708 35 1242 45 52 92 3790 413 30 819 137 98 36 519 33 1408 1613 111 105 2146 36
leaf_count=563 596 538 1498 35 116 227 1479 9771 294 2708 35 1242 45 52 92 3790 413 30 819 137 98 36 519 33 1408 1613 111 105 2146 36
internal_value=0.0272035 8.41468 -3.8109 5.84275 15.1713 8.12776 -0.882077 -5.18982 10.3248 3.54934 4.55245 4.61909 -2.31993 -2.10691 7.82719 -6.73241 18.1193 -0.189514 11.4062 12.3521 6.17828 -4.48553 16.2201 5.35689 1.02761 9.24357 -7.6818 -10.6995 -2.50967 -8.11028
internal_weight=30585 9600 20985 6960 2640 3480 6720 14265 2134 3480 2743 1346 3833 3788 144 4458 1470 737 1170 1054 235 9807 1057 1275 2887 1840 141 668 3644 71
internal_count=30585 9600 20985 6960 2640 3480 6720 14265 2134 3480 2743 1346 3833 3788 144 4458 1470 737 1170 1054 235 9807 1057 1275 2887 1840 141 668 3644 71
is_linear=0
shrinkage=0.05


Tree=35
num_leaves=31
num_cat=0
split_feature=10 10 10 6 0 6 15 15 11 17 9 15 6 15 11 15 11 6 8 11 11 11 15 10 6 12 11 1 11 19
split_gain=3.56219e+08 5.7609e+07 3.89877e+07 1.03928e+07 1.02368e+07 9.73971e+06 7.89246e+06 7.08995e+06 6.93775e+06 6.90308e+06 6.34472e+06 5.70543e+06 5.54408e+06 1.04719e+07 5.5616e+06 4.28078e+06 4.20875e+06 4.2008e+06 4.0781e+06 3.90737e+06 3.87631e+06 3.82565e+06 3.73511e+06 3.53281e+06 3.22506e+06 3.21544e+06 3.12959e+06 3.02285e+06 6.20562e+06 3.53384e+06
threshold=1469.6315793078418 933.38103525368763 2257.4581861031606 30375.340833333335 0.41693426933808292 31433.727500000005 -0.9829629131445341 -0.5 360.44349352172293 0.81174490092936691 540.38965734328144 -0.9159756150367534 29910.420000000002 -0.78656609248549325 560.65504025192899 0.96592582628906831 924.74512740195235 23379.125000000004 2055.8953207150594 249.49294195276309 244.47097625518157 478.87360381594812 -0.60355339059327384 2695.7789523617867 33913.65083333334 30552.500000000004 425.07594124034773 0.10659098059708945 576.46600801760758 -0.24999999999999994
decision_type=2 2 2 2 2 2 2 2 2 2 2 2 2 2 2 2 2 2 2 2 2 2 2 2 2 2 2 2 2 2
left_child=1 5 3 17 6 7 -4 8 -1 11 -7 24 13 19 -14 27 -15 21 -13 -3 -12 -2 25 -8 -5 -19 -11 29 -29 -6
right_child=2 12 4 9 15 10 23 -9 -10 26 20 18 14 16 -16 -17 -18 22 -20 -21 -22 -23 -24 -25 -26 -27 -28 28 -30 -31
leaf_value=-7.6884868076981423 8.3689609698951255 3.6530250443352594 3.671222853219068 -6.7260808993912775 1.8816508675756909 -4.2221360058062212 16.425448266979171 -4.9890523806462728 -19.843176714823798 10.56418868091572 -1.9049871834097762 6.8196115563942419 2.0410934554960263 -0.28399733795518989 15.291924507235302 17.683460179121806 18.599797808329267 -19.469209453037806 11.17213693701278 -18.767275154365684 4.8810430774222251 -11.135906009172851 4.8614311427535561 22.550928404636874 4.2225911106886684 0.23487911852342741 19.441688160123775 11.354519342631102 -6.4248203291134409 12.042397158550949
leaf_weight=1544 31 22 103 76 100 6386 982 6489 125 292 2496 1498 3868 1788 76 193 25 23 880 101 225 83 1264 385 400 79 174 107 83 687
leaf_count=1544 31 22 103 76 100 6386 982 6489 125 292 2496 1498 3868 1788 76 193 25 23 880 101 225 83 1264 385 400 79 174 107 83 687
internal_value=0.0266748 -3.0329 9.54031 6.84401 14.4204 -4.48833 17.2226 -5.74398 -8.65539 8.39709 -3.361 7.45107 1.24077 -0.948925 2.31549 10.8414 0.0268079 3.34348 8.45038 -14.7707 -1.33591 -5.70275 4.11652 18.2266 2.42263 -4.90989 14.0503 9.4066 3.62191 10.7714
internal_weight=30585 23145 7440 4800 2640 17265 1470 8158 1669 3320 9107 2854 5880 1936 3944 1170 1813 1480 2378 123 2721 114 1366 1367 476 102 466 977 190 787
internal_count=30585 23145 7440 4800 2640 17265 1470 8158 1669 3320 9107 2854 5880 1936 3944 1170 1813 1480 2378 123 2721 114 1366 1367 476 102 466 977 190 787
is_linear=0
shrinkage=0.05


Tree=36
num_leaves=31
num_cat=0
split_feature=10 10 9 14 14 10 1 17 6 11 8 6 7 11 5 5 9 17 11 9 0 11 1 0 16 5 10 1 11 6
split_gain=3.22746e+08 5.66744e+07 2.60735e+07 1.509e+07 9.32063e+06 8.49165e+06 7.3383e+06 6.2187e+06 5.55094e+06 7.79515e+06 5.37427e+06 5.33972e+06 5.73153e+06 5.0379e+06 4.99264e+06 4.72405e+06 4.54996e+06 4.50979e+06 4.10008e+06 4.05713e+06 3.99378e+06 3.24132e+06 2.61134e+06 2.51527e+06 2.44444e+06 2.40075e+06 2.35888e+06 2.17364e+06 2.13286e+06 2.07356e+06
threshold=1173.6769452678893 1998.6334189596382 598.93948057395687 -0.70710678118654735 -0.70710678118654735 2548.6437464042765 0.079306453220254175 0.81174490092936691 29974.000833333335 709.18839906504832 1769.3285804849877 21696.998333333337 816.11141565159744 252.26299266618435 -1504.4999999999998 599.97500000000002 303.37034084237683 0.81174490092936691 408.82633411873377 910.35760903550988 0.44690705193421881 390.10552129938475 0.17754724334573557 0.51558491325377398 -0.60785761079279388 298.97000000000008 951.10093999420133 0.11658082995994952 520.41605753204374 33849.631666666675
decision_type=2 2 2 2 2 2 2 2 2 2 2 2 2 2 2 2 2 2 2 2 2 2 2 2 2 2 2 2 2 2
left_child=2 4 16 21 13 7 19 14 9 22 11 -8 -13 -2 -5 -11 24 25 -19 -4 -9 -3 -6 -7 -1 -10 -26 -23 -25 -18
right_child=1 3 6 5 8 23 10 20 17 15 -12 12 -14 -15 -16 -17 29 18 -20 -21 -22 27 -24 28 26 -27 -28 -29 -30 -31
leaf_value=-9.7475250933111095 4.9421998446421318 13.203222116212288 -0.92918341031695051 -11.103827701116863 3.3218481310727115 14.664509636392498 -13.394225023190181 20.799952326854072 3.0943634813204604 -12.401644061757374 12.371379236181578 -2.5508398325776378 21.499358566284183 10.812611406413286 7.4236372505749841 5.6705157231311416 -4.9511070082703554 5.8514253236259881 17.230375091672883 2.6653083781083713 7.0147593043206902 21.32067077574721 -1.6685780287840524 9.8420820274660681 -6.0282310910195553 7.0435537839679725 8.0074509143829342 12.707333544938546 -5.9662759945310402 -3.6176874650442352
leaf_weight=639 753 329 1623 33 1250 985 109 145 1900 149 55 3467 20 735 1508 44 7726 234 122 1512 92 518 328 88 746 485 27 118 24 4821
leaf_count=639 753 329 1623 33 1250 985 109 145 1900 149 55 3467 20 735 1508 44 7726 234 122 1512 92 518 328 88 746 485 27 118 24 4821
internal_value=0.0261124 7.4816 -3.51121 12.2222 4.43995 10.3718 -0.96791 8.19433 3.30181 1.11556 -2.49005 -2.73423 -2.3823 7.86843 6.99222 -8.24216 -4.74681 4.70976 9.93573 0.805896 15.7044 17.6533 2.28252 13.8477 -7.44416 3.91052 -5.48961 19.8343 6.34395 -4.44041
internal_weight=30585 9840 20745 3840 6000 2875 6786 1778 4512 1771 3651 3596 3487 1488 1541 193 13959 2741 356 3135 237 965 1578 1097 1412 2385 773 636 112 12547
internal_count=30585 9840 20745 3840 6000 2875 6786 1778 4512 1771 3651 3596 3487 1488 1541 193 13959 2741 356 3135 237 965 1578 1097 1412 2385 773 636 112 12547
is_linear=0
shrinkage=0.05


Tree=37
num_leaves=31
num_cat=0
split_feature=10 10 10 14 14 10 1 14 17 7 11 10 17 7 10 9 7 11 17 14 11 17 2 4 13 0 11 2 13 1
split_gain=2.92064e+08 4.55608e+07 3.29873e+07 1.05791e+07 8.59542e+06 7.66196e+06 6.04861e+06 5.17352e+06 5.15924e+06 7.52591e+06 6.9769e+06 4.73478e+06 4.18247e+06 4.17651e+06 3.90553e+06 3.60427e+06 3.42624e+06 3.40801e+06 3.32894e+06 3.31405e+06 3.39959e+06 3.09095e+06 3.029e+06 2.8141e+06 2.75514e+06 2.65151e+06 3.28104e+06 2.61597e+06 2.53812e+06 1.79494e+06
threshold=1456.1478029944046 933.38103525368763 2257.4581861031606 -0.70710678118654735 -0.70710678118654735 454.45907452993941 0.17475777883368729 -0.70710678118654735 0.81174490092936691 867.10914946797095 370.03976961598988 2665.9354191262587 0.81174490092936691 316.15238512326607 232.86589403628523 162.58200991215867 709.52667636726585 247.26169252403 0.81174490092936691 -0.70710678118654735 87.350194167814593 0.81174490092936691 0.54924276745279876 1.103822511888773 28598.865000000002 0.43091317154648795 430.40480358111773 0.67907370328342487 34658.780000000006 0.20768790288737579
decision_type=2 2 2 2 2 2 2 2 2 2 2 2 2 2 2 2 2 2 2 2 2 2 2 2 2 2 2 2 2 2
left_child=1 5 4 -4 17 14 12 -3 10 29 27 16 23 -12 -1 -7 18 -2 -5 20 -17 -21 -14 -6 -18 28 -27 -9 -8 -10
right_child=2 7 3 11 6 15 25 8 9 -11 13 -13 22 -15 -16 19 24 -19 -20 21 -22 -23 -24 -25 -26 26 -28 -29 -30 -31
leaf_value=-9.5097680245257603 5.4931113566437819 3.6730653599707139 18.556293432138339 7.4097754902003139 3.8917548860711011 -15.827184281782671 13.877216868497889 -0.4856439109147388 3.8120218927654834 28.95504224141439 -14.912608902620489 14.751421746052513 5.2049150208735098 -2.8535193997908408 -4.8733600620657507 -3.3357727122801202 0.67779239377667833 11.386651402172749 16.589894859728059 -3.9229260445786469 0.55600743824851662 -0.63746380617896337 13.799628012076667 7.4204102779354306 18.386035887906505 2.9935000773061788 -8.0529017758583592 3.0946447673712654 0.50292359856819668 -9.0213198036983098
leaf_weight=484 360 1434 664 1049 1992 50 44 2813 547 25 117 640 188 182 7865 1062 26 885 109 5804 1181 819 248 802 152 109 162 618 130 24
leaf_count=484 360 1434 664 1049 1992 50 44 2813 547 25 117 640 188 182 7865 1062 26 885 109 5804 1181 819 248 802 152 109 162 618 130 24
internal_value=0.0259281 -2.77397 8.54959 13.0578 6.11974 -4.05835 4.89144 1.07602 0.211878 4.51126 -0.480208 11.1679 5.64331 -7.74012 -5.14767 -3.03598 9.40263 9.71132 8.34153 -2.95496 -1.28994 -3.51744 10.1948 4.9161 15.8889 -0.567883 -3.63596 0.162797 4.17837 3.1989
internal_weight=30585 23025 7560 2640 4920 17265 3675 5760 4326 596 3730 1976 3230 299 8349 8916 1336 1245 1158 8866 2243 6623 436 2794 178 445 271 3431 174 571
internal_count=30585 23025 7560 2640 4920 17265 3675 5760 4326 596 3730 1976 3230 299 8349 8916 1336 1245 1158 8866 2243 6623 436 2794 178 445 271 3431 174 571
is_linear=0
shrinkage=0.05


Tree=38
num_leaves=31
num_cat=0
split_feature=10 10 10 0 6 6 11 1 10 10 1 8 1 24 11 24 0 11 24 10 11 17 6 11 10 6 5 5 8 17
split_gain=2.64457e+08 4.65243e+07 2.09989e+07 1.35459e+07 6.79997e+06 5.8442e+06 5.59734e+06 5.15685e+06 5.0232e+06 4.77502e+06 4.25345e+06 5.59625e+06 4.11477e+06 4.10671e+06 3.92843e+06 3.78685e+06 3.7677e+06 3.44259e+06 3.35046e+06 3.08721e+06 3.05064e+06 2.9733e+06 2.94719e+06 2.78211e+06 2.54735e+06 2.18485e+06 2.12319e+06 2.08621e+06 2.43038e+06 2.08725e+06
threshold=1173.6769452678893 1998.6334189596382 684.59061149821753 0.40981496607995499 29706.657500000005 34131.285833333335 311.58822615612172 0.074941269561409882 2593.2568529125997 401.07411390462636 0.24704976018373964 1720.0260074008504 0.11421608886533151 8.9108595000000026 709.18839906504832 7.5042258000000013 0.48643883837795626 995.41203310160665 12.040444000000003 1780.3254619662914 408.82633411873377 0.81174490092936691 34900.12750000001 280.17707909155911 1262.9201617401197 21696.998333333337 -377.50000000000006 -223.97999999999999 3050.8705243132035 1.0000000180025095e-35
decision_type=2 2 2 2 2 2 2 2 2 2 2 2 2 2 2 2 2 2 2 2 2 2 2 2 2 2 2 2 2 2
left_child=2 4 9 7 14 10 19 20 12 25 11 21 15 -7 -2 -5 -14 22 24 -6 -3 -4 -8 -15 -16 -1 -11 29 -29 -9
right_child=1 3 5 8 6 13 17 27 -10 26 -12 -13 16 23 18 -17 -18 -19 -20 -21 -22 -23 -24 -25 -26 -27 -28 28 -30 -31
leaf_value=-9.4040446738982464 2.2932066147085504 13.307047780246586 -2.912348269171575 1.7427227923174227 3.2087006971866394 -0.88168668267625128 5.1611897037231076 -1.6144637880040638 12.069630695114409 -11.464632736883322 -17.079229423403742 13.910223063716183 6.810440724301924 1.9950817087196988 5.0759688212953762 9.3901364335888324 -3.8496541725460598 21.267388314616923 4.1261430892225821 7.2590844559548273 19.084057423572983 1.6495487324367766 10.453174928620863 9.5378149817971618 -11.832054658979178 -5.5002359367917926 -3.7447592017436593 10.134508179849831 17.062477642038594 15.155399425213155
leaf_weight=440 1562 509 2800 204 2493 1779 630 62 554 86 43 49 158 1272 24 831 164 44 68 582 558 406 474 131 123 2222 11517 600 179 21
leaf_count=440 1562 509 2800 204 2493 1779 630 62 554 86 43 49 158 1272 24 831 164 44 68 582 558 406 474 131 123 2222 11517 600 179 21
internal_value=0.0255117 6.77427 -3.17649 11.0694 4.01842 -0.815388 5.10954 14.0336 8.0485 -4.24838 -2.28876 -2.06746 6.36853 0.712875 1.4183 7.89849 1.40508 8.08901 -4.84542 3.98587 16.4032 -2.33296 7.47022 2.73076 -8.99507 -6.16193 -3.8069 11.0228 11.8252 3.24797
internal_weight=30585 9840 20745 3840 6000 6480 4223 1929 1911 14265 3298 3255 1357 3182 1777 1035 322 1148 215 3075 1067 3206 1104 1403 147 2662 11603 862 779 83
internal_count=30585 9840 20745 3840 6000 6480 4223 1929 1911 14265 3298 3255 1357 3182 1777 1035 322 1148 215 3075 1067 3206 1104 1403 147 2662 11603 862 779 83
is_linear=0
shrinkage=0.05


Tree=39
num_leaves=31
num_cat=0
split_feature=10 10 10 14 6 15 10 14 6 15 11 11 10 6 6 11 15 11 15 15 6 6 26 12 5 23 8 5 23 10
split_gain=2.39303e+08 3.65651e+07 2.44941e+07 9.2462e+06 8.92376e+06 1.03856e+07 6.20618e+06 6.13959e+06 5.12681e+06 5.21925e+06 6.14674e+06 4.78149e+06 4.55957e+06 4.23507e+06 4.10553e+06 3.94369e+06 3.73812e+06 4.64369e+06 3.617e+06 3.37155e+06 3.51115e+06 3.34306e+06 3.10531e+06 2.89438e+06 2.64168e+06 2.57555e+06 2.55533e+06 2.47299e+06 2.24725e+06 1.96898e+06
threshold=1274.7662544137927 2257.4581861031606 730.97211729913704 -0.78656609248549292 29910.420000000002 -0.60355339059327384 1706.1374638911916 -0.70710678118654735 29122.735000000004 -0.5 190.30317605116554 448.97942493170416 2739.3066488678764 36152.1175 22031.844166666669 739.19286622200468 -0.9159756150367534 531.76801472283285 -0.70710678118654757 -0.9829629131445341 36470.810000000005 38509.695000000007 16.517650000000007 33407.500000000007 150.00500000000002 7.6432585000000008 1720.0260074008504 100.00000000000013 6.2200513500000012 582.23144018365736
decision_type=2 2 2 2 2 2 2 2 2 2 2 2 2 2 2 2 2 2 2 2 2 2 2 2 2 2 2 2 2 2
left_child=2 4 8 -3 5 22 15 26 9 10 -1 -10 19 18 -7 -6 21 -18 25 -5 -21 -8 -2 -24 -20 -9 -4 -11 -15 -29
right_child=1 3 7 12 6 14 16 13 11 27 -12 -13 -14 28 -16 -17 17 -19 24 20 -22 -23 23 -25 -26 -27 -28 29 -30 -31
leaf_value=-6.6843724715700352 4.2512071688969932 17.584873063830393 1.9479068280833118 -0.20690946111974029 3.7048608466581356 -8.935651721954347 -2.8877246489263562 -1.4654977672815324 -3.3366522942880295 -4.6548727125830913 -17.359342708054537 13.41039796651796 15.27747537395147 3.8872265923305513 3.4538214893482664 18.410270818750909 7.6755090507559558 15.010105001225192 -2.2171463946790833 8.01540778352099 13.195161122149893 6.7426425905095488 -19.772613284028608 -2.6505331726961359 1.3079990342407362 -8.033091372046762 12.651628832570438 -2.0874459028244021 -0.29711833572300683 8.677584707736969
leaf_weight=953 25 555 1616 92 2092 65 141 245 9684 3958 156 38 376 478 1643 42 1754 250 2166 1127 490 234 76 38 700 388 53 141 954 55
leaf_count=953 25 555 1616 92 2092 65 141 245 9684 3958 156 38 376 478 1643 42 1754 250 2166 1127 490 234 76 38 700 388 53 141 954 55
internal_value=0.0252374 6.87228 -2.83061 11.816 4.8125 1.87812 6.01001 -0.292304 -3.94811 -5.2069 -8.25721 -3.26433 10.242 -1.17952 2.95759 4.03666 7.76792 8.62561 -2.11607 9.09275 9.6209 3.13114 -11.0279 -14.4168 -1.35536 -5.52262 2.32461 -4.3836 1.10824 1.07382
internal_weight=30585 9000 21585 2640 6360 1847 4513 6600 14985 5263 1109 9722 2085 4931 1708 2134 2379 2004 3499 1709 1617 375 139 114 2866 633 1669 4154 1432 196
internal_count=30585 9000 21585 2640 6360 1847 4513 6600 14985 5263 1109 9722 2085 4931 1708 2134 2379 2004 3499 1709 1617 375 139 114 2866 633 1669 4154 1432 196
is_linear=0
shrinkage=0.05


Tree=40
num_leaves=31
num_cat=0
split_feature=9 9 8 8 6 1 23 17 1 14 1 11 11 1 4 0 11 8 15 6 11 11 5 8 9 6 6 18 14 0
split_gain=1.94791e+08 3.32104e+07 2.63806e+07 1.15965e+07 7.30598e+06 6.34029e+06 5.25203e+06 4.96619e+06 4.67818e+06 4.65956e+06 5.05022e+06 4.22937e+06 4.21031e+06 4.03162e+06 3.99882e+06 3.86651e+06 3.68925e+06 3.40955e+06 3.37555e+06 5.4564e+06 4.77101e+06 2.92692e+06 2.7315e+06 2.68451e+06 2.42057e+06 2.41039e+06 2.39437e+06 2.28545e+06 2.16123e+06 2.13684e+06
threshold=1329.1249317153095 2507.049509271968 634.69102500918314 1786.1298771869133 23768.352500000005 0.11269189017778734 6.3173413000000007 0.81174490092936691 0.16412451633533634 -0.70710678118654735 0.057352983316166985 404.63300267533253 497.39075132390343 0.11421608886533151 0.78895229715728521 0.48170589843767903 316.11610342264345 394.15101217318721 -0.12940952255126034 35980.531666666677 280.17707909155911 395.01328771373051 269.00500000000005 3005.0980100075335 3199.5985812441477 22031.844166666669 27473.039166666673 1.0000000180025095e-35 0.60355339059327384 0.4805678920291892
decision_type=2 2 2 2 2 2 2 2 2 2 2 2 2 2 2 2 2 2 2 2 2 2 2 2 2 2 2 2 2 2
left_child=2 3 17 4 -2 23 13 14 18 21 -11 -9 27 16 -6 24 -4 25 19 -8 -20 -5 -12 -3 28 -1 -18 -10 -7 -15
right_child=1 5 6 9 7 15 8 11 12 10 22 -13 -14 29 -16 -17 26 -19 20 -21 -22 -23 -24 -25 -26 -27 -28 -29 -30 -31
leaf_value=-8.5564723949458283 -6.450587954272085 12.294605674687588 1.883413312576401 7.9396183475697599 -2.6947061552102807 5.5577424191599416 -5.0747257130580978 4.1735642071902275 -0.02160642134319795 8.8006296546995575 2.2934302305776693 12.938361484076069 -17.932285076463724 0.28193317384029842 3.1563497154084299 -6.0100009862114412 3.3563981730849655 -3.3346964770589853 -0.30639057213332971 -0.059275961080198052 6.744006840041525 14.283000015520805 7.4535963665019516 17.374112824518722 18.359170737509 -4.6193990808576935 13.186125710540578 -10.037915022783382 14.980276346903345 -4.6136946923224658
leaf_weight=455 196 1005 1891 574 324 367 920 372 147 814 926 221 66 826 2667 46 130 10803 1640 1311 276 288 354 416 54 2914 122 88 72 300
leaf_count=455 196 1005 1891 574 324 367 920 372 147 814 926 221 66 826 2667 46 130 10803 1640 1311 276 288 354 416 54 2914 122 88 72 300
internal_value=0.0245855 6.35318 -2.49049 4.68018 2.83967 12.0763 -0.137958 3.35602 -1.25562 7.02496 5.72598 7.52099 -7.22256 1.38238 2.51908 7.3487 2.65307 -3.771 -0.814336 -2.13425 0.724104 10.1292 3.74403 13.8374 8.64308 -5.16303 8.27938 -3.90358 7.25453 -1.03699
internal_weight=30585 8696 21889 6736 3780 1960 7717 3584 4448 2956 2094 593 301 3269 2991 539 2143 14172 4147 2231 1916 862 1280 1421 493 3369 252 235 439 1126
internal_count=30585 8696 21889 6736 3780 1960 7717 3584 4448 2956 2094 593 301 3269 2991 539 2143 14172 4147 2231 1916 862 1280 1421 493 3369 252 235 439 1126
is_linear=0
shrinkage=0.05


Tree=41
num_leaves=31
num_cat=0
split_feature=9 9 9 1 7 1 1 3 1 12 12 15 5 9 3 3 15 12 5 15 12 12 15 26 12 9 15 15 15 7
split_gain=1.76146e+08 2.87181e+07 2.55394e+07 9.29312e+06 6.79184e+06 6.46023e+06 6.30373e+06 5.85216e+06 5.70248e+06 4.90976e+06 3.53661e+06 3.50663e+06 3.3822e+06 2.80256e+06 2.66892e+06 2.51122e+06 2.38164e+06 4.49512e+06 4.4707e+06 2.28023e+06 2.21952e+06 2.19391e+06 4.0455e+06 2.17366e+06 2.0565e+06 2.03568e+06 2.03166e+06 1.88461e+06 1.85871e+06 1.8117e+06
threshold=1420.263053060253 862.78481538327071 2507.049509271968 0.1969881678844059 380.05603431913977 0.079306453220254175 0.077061651740503209 0.54598297188338074 0.11269189017778734 30928.500000000004 30178.500000000004 -0.9829629131445341 -4.5900000000000025 1873.4163097475914 0.36801680736231357 2.5791342372321999 -0.12940952255126034 31240.500000000004 199.00000000000009 -0.9159756150367534 39204.500000000007 43972.500000000007 -0.70710678118654757 19.551900000000007 34566.500000000007 133.87200642658311 1.0000000180025095e-35 -0.37940952255126009 -0.9159756150367534 739.3636290339058
decision_type=2 2 2 2 2 2 2 2 2 2 2 2 2 2 2 2 2 2 2 2 2 2 2 2 2 2 2 2 2 2
left_child=1 7 3 4 13 23 24 14 15 -5 -10 -8 -7 -2 -1 29 17 27 -18 -12 -15 22 -14 -3 -6 -19 -21 -9 -11 -4
right_child=2 5 8 9 6 12 11 16 10 28 19 -13 21 20 -16 -17 18 25 -20 26 -22 -23 -24 -25 -26 -27 -28 -29 -30 -31
leaf_value=-4.8959322526301392 2.8733158635717269 3.470757705439798 11.228561566944284 -11.082704111812561 7.4510074956336885 -4.1179111035279226 -6.6084577279012713 -12.794811093970521 -6.3607677160425391 -11.125979953342014 -3.3790614264351984 5.8082514251586668 -5.0455159087242976 3.7677196408255345 -3.2601443059781157 18.236016278517877 -1.2223317536450613 6.1719439493815109 5.706575544667694 12.042839569393195 7.966987075908917 5.1857879732847216 0.7994829168127161 0.0023745591368745356 12.705964677307815 -2.2553241870218987 5.1492991859156909 -3.2551459304988386 2.8111161481956364 17.187542395371235
leaf_weight=3372 2112 2130 1030 118 322 572 56 141 42 22 37 1068 361 658 9909 223 1912 70 260 260 630 195 1544 573 562 1743 200 87 208 168
leaf_count=3372 2112 2130 1030 118 322 572 56 141 42 22 37 1068 361 658 9909 223 1912 70 260 260 630 195 1544 573 562 1743 200 87 208 168
internal_value=0.024054 -2.18013 6.55409 4.86809 5.37778 1.01568 7.68502 -3.16205 11.4804 -3.01645 6.99638 5.16305 -0.727339 4.00586 -3.67716 13.1507 -1.53579 -2.76001 -0.38168 8.17737 5.84461 0.203752 -0.318434 2.73689 10.8446 -1.91384 9.13335 -9.30286 1.26943 12.1322
internal_weight=30585 22869 7716 5756 5408 5375 2008 17494 1960 348 539 1124 2672 3400 13281 1421 4213 2041 2172 497 1288 2100 1905 2703 884 1813 460 228 230 1198
internal_count=30585 22869 7716 5756 5408 5375 2008 17494 1960 348 539 1124 2672 3400 13281 1421 4213 2041 2172 497 1288 2100 1905 2703 884 1813 460 228 230 1198
is_linear=0
shrinkage=0.05


Tree=42
num_leaves=31
num_cat=0
split_feature=10 10 10 14 17 5 12 15 14 4 11 13 10 14 23 16 11 11 15 11 13 26 4 7 11 7 12 15 14 11
split_gain=1.81004e+08 3.29913e+07 1.69919e+07 7.72286e+06 6.28146e+06 5.99212e+06 5.59165e+06 5.5868e+06 5.35376e+06 5.33768e+06 4.02412e+06 3.75325e+06 3.56948e+06 3.47974e+06 3.74427e+06 4.11548e+06 3.37838e+06 3.29969e+06 2.97139e+06 4.56422e+06 2.60296e+06 2.58207e+06 2.57789e+06 2.5172e+06 3.00536e+06 2.35089e+06 1.87746e+06 1.49599e+06 1.45715e+06 1.41731e+06
threshold=1563.727621682867 933.38103525368763 2438.4874958489418 -0.70710678118654735 0.81174490092936691 -1227.9999999999998 33983.500000000007 1.0000000180025095e-35 -0.70710678118654735 0.53013352905635491 924.74512740195235 35155.155000000006 519.67329902536756 -0.70710678118654735 5.8630007000000015 -0.60785761079279388 425.07594124034773 924.74512740195235 -0.5 342.34426700996619 31318.245000000006 24.444700000000001 0.92104161307371279 739.3636290339058 497.39075132390343 239.88761233091273 41908.500000000007 0.98296291314453432 -0.70710678118654735 425.07594124034773
decision_type=2 2 2 2 2 2 2 2 2 2 2 2 2 2 2 2 2 2 2 2 2 2 2 2 2 2 2 2 2 2
left_child=1 6 3 16 5 29 9 -6 -4 25 13 -12 -8 -3 26 -16 -2 -7 19 -11 -14 -20 -10 24 -24 -1 -15 -9 -22 -5
right_child=2 10 8 4 7 17 12 27 22 18 11 -13 20 14 15 -17 -18 -19 21 -21 28 -23 23 -25 -26 -27 -28 -29 -30 -31
leaf_value=-6.4192279662776119 7.1744787413513498 2.8905013699263353 15.760204171138966 -0.99562792633519026 15.553229443583868 4.2760846900843061 -3.0706173644646828 2.8918022452701226 4.34223363893922 -5.128405871306323 22.311711270468578 -2.0750759650921 7.533629081989158 0.7094904477017947 -5.4430640711932483 -0.13261538291649289 12.880031356865302 -5.1360185569094625 -3.3219736670807141 -18.708569052002648 0.25628410327696377 5.7016239905063024 11.050393894529654 17.248472649177526 4.7185129580016323 -12.924413246979586 3.9755801278336125 14.311009587084548 -1.9983424215329308 -15.288742227943576
leaf_weight=690 849 1599 486 28 221 3048 5806 215 212 1285 37 24 82 2435 494 1358 394 92 5892 61 1082 76 841 126 255 180 533 29 2111 44
leaf_count=690 849 1599 486 28 221 3048 5806 215 212 1285 37 24 82 2435 494 1358 394 92 5892 61 1082 76 841 126 255 180 533 29 2111 44
internal_value=0.0232861 -2.04135 7.18692 5.62005 4.45749 3.6601 -3.1829 9.86787 11.177 -4.13125 1.00022 13.2858 -2.32641 0.873216 0.201684 -1.55999 9.02739 3.99257 -3.68606 -5.81085 -1.00439 -3.20238 9.5743 10.4606 9.60536 -7.83135 1.30174 4.50932 -1.2351 -10.1565
internal_weight=30585 23745 6840 4920 3677 3212 17265 465 1920 8184 6480 61 9081 6419 4820 1852 1243 3140 7314 1346 3275 5968 1434 1222 1096 870 2968 244 3193 72
internal_count=30585 23745 6840 4920 3677 3212 17265 465 1920 8184 6480 61 9081 6419 4820 1852 1243 3140 7314 1346 3275 5968 1434 1222 1096 870 2968 244 3193 72
is_linear=0
shrinkage=0.05


Tree=43
num_leaves=31
num_cat=0
split_feature=10 10 0 10 15 14 15 22 11 1 23 1 0 1 11 11 17 11 14 11 7 10 10 10 15 15 11 11 1 11
split_gain=1.63529e+08 3.37299e+07 9.44797e+06 8.8873e+06 7.05028e+06 6.07578e+06 5.12943e+06 4.91405e+06 9.57239e+06 4.53014e+06 4.14113e+06 4.11851e+06 4.37815e+06 4.07521e+06 3.90522e+06 3.85752e+06 3.78386e+06 5.32301e+06 4.20394e+06 4.01959e+06 3.72429e+06 3.61249e+06 3.05387e+06 2.69316e+06 2.63858e+06 2.58375e+06 2.4275e+06 2.1498e+06 1.93328e+06 2.40465e+06
threshold=1104.6751303923145 1998.6334189596382 0.40981496607995499 612.29240983742307 -0.9159756150367534 -0.70710678118654735 -0.70710678118654757 2.5000000000000004 544.86233109898774 0.07815191598035949 5.9596188000000003 0.11573843638251087 0.50247997818105761 0.22920403930075578 400.20756300939792 252.26299266618435 0.81174490092936691 576.46600801760758 -0.5 277.40899900864594 709.52667636726585 232.86589403628523 2612.5536112046047 1677.7554946954856 1.0000000180025095e-35 -0.12940952255126034 576.46600801760758 478.87360381594812 0.10443405087852671 338.3537910039542
decision_type=2 2 2 2 2 2 2 2 2 2 2 2 2 2 2 2 2 2 2 2 2 2 2 2 2 2 2 2 2 2
left_child=3 5 4 21 9 15 27 14 23 -3 -10 20 -13 16 -7 -2 18 -18 25 -20 -8 -1 26 -9 -16 -5 -6 -4 -23 -30
right_child=1 2 6 13 22 7 11 8 10 -11 -12 12 -14 -15 24 -17 17 -19 19 -21 -22 28 -24 -25 -26 -27 -28 -29 29 -31
leaf_value=-7.6480383794609992 3.2669091922698628 9.0792349539327297 2.487899390662589 -2.0029465938050062 9.4697433174670156 2.7710944019456618 7.1985156915725987 0.48405963706156518 1.2360050900341715 -1.7668878086461317 -13.367116409284206 6.0997916279648381 -5.1999378666733254 -11.726795883973439 11.8646440619916 8.0101143516422972 0.96844608277240973 17.412792752339289 -1.8488988123083356 -6.7315037598761069 15.441556568052619 -2.9120731038142331 16.294620883210094 3.7756913205629061 4.0048348108658924 1.894015396669952 14.948699542209505 -9.7364205081646276 -4.0987716604528455 -12.085185869775637
leaf_weight=484 951 277 77 674 730 1702 1251 1938 68 144 158 241 127 85 221 794 935 47 3121 484 155 9814 463 911 217 1134 315 60 2913 94
leaf_count=484 951 277 77 674 730 1702 1251 1938 68 144 158 241 127 85 221 794 935 47 3121 484 155 9814 463 911 217 1134 315 60 2913 94
internal_value=0.0227183 4.96984 8.72933 -2.67833 11.2032 2.89085 6.20946 2.03283 0.750162 5.39208 -9.04139 6.92872 2.18259 -1.15863 3.86986 5.44188 -1.0091 1.83977 -1.52716 -2.51286 8.15878 -3.41776 12.8023 1.54138 8.05989 0.439731 11.1847 -3.01979 -3.25514 -4.36809
internal_weight=30585 10800 3840 19785 1929 6960 1911 5215 3075 421 226 1774 368 6480 2140 1745 6395 982 5413 3605 1406 13305 1508 2849 438 1808 1045 137 12821 3007
internal_count=30585 10800 3840 19785 1929 6960 1911 5215 3075 421 226 1774 368 6480 2140 1745 6395 982 5413 3605 1406 13305 1508 2849 438 1808 1045 137 12821 3007
is_linear=0
shrinkage=0.05


Tree=44
num_leaves=31
num_cat=0
split_feature=9 9 9 12 4 26 5 15 12 7 9 11 21 18 11 11 4 11 5 18 22 15 11 9 23 11 15 17 7 15
split_gain=1.31194e+08 3.05498e+07 1.27011e+07 4.94294e+06 4.31454e+06 4.28592e+06 4.09786e+06 3.89147e+06 5.65758e+06 3.12352e+06 3.01417e+06 2.83294e+06 2.79964e+06 2.67271e+06 2.57543e+06 2.44591e+06 2.41506e+06 2.39791e+06 2.35964e+06 2.35733e+06 2.16094e+06 3.27305e+06 2.52277e+06 2.08453e+06 2.03312e+06 1.96166e+06 6.92979e+06 4.60233e+06 3.0155e+06 1.89918e+06
threshold=1627.7543623828017 862.78481538327071 2507.049509271968 43787.500000000007 0.91135668156867056 8.1765500000000007 -638.51999999999987 -0.70710678118654757 33173.500000000007 360.45150963417058 3005.0980100075335 351.01163321540656 1.0000000180025095e-35 -0.93301270189221919 777.22274205627548 509.51803386083446 0.95345179898211219 866.73822657055348 200.00000000000014 -0.5 2.5000000000000004 -0.12940952255126034 325.07324323628023 303.37034084237683 3.6602760000000005 338.3537910039542 0.1294095225512602 0.81174490092936691 370.05562067166494 1.0000000180025095e-35
decision_type=2 2 2 2 2 2 2 2 2 2 2 2 2 2 2 2 2 2 2 2 2 2 2 2 2 2 2 2 2 2
left_child=1 5 3 7 20 23 14 8 -2 15 12 -5 -8 -9 -4 24 -15 -11 -10 -19 -3 22 -22 -1 -6 -7 27 -27 -28 -17
right_child=2 4 6 11 9 25 10 13 18 17 -12 -13 -14 16 -16 29 -18 19 -20 -21 21 -23 -24 -25 -26 26 28 -29 -30 -31
leaf_value=-5.2514667649082396 -13.901552871122199 0.40947782921579234 5.651912090520967 5.5633289292894839 2.7876363905894888 -1.4302517360071949 9.4631440004475298 10.995113636216811 -0.14061581875290236 5.2583703404066249 13.504825183243998 13.375575384624216 -5.523483838754542 1.5660638924402397 -8.6019253608507977 -18.054806212875349 5.4338691865107549 -16.666843874637898 6.2326843745627656 4.1889746650060022 -3.8564851927292816 -0.33159304076943225 -14.315248368859294 -3.069381101882402 0.65460417601813337 -11.152446776272958 -4.5488646474603103 7.9201732029785994 8.7307865474337625 1.6039719619750976
leaf_weight=1240 54 614 171 232 1673 5867 1088 181 377 769 638 254 29 497 34 24 2266 21 231 25 149 293 95 9907 3356 280 68 32 100 20
leaf_count=1240 54 614 171 232 1673 5867 1088 181 377 769 638 254 29 497 34 24 2266 21 231 25 149 293 95 9907 3356 280 68 32 100 20
internal_value=0.0220535 -1.60466 6.61216 5.01623 1.1763 -2.72364 9.92279 4.36683 0.894913 1.72352 10.704 9.741 9.05113 5.14468 3.1391 1.25922 4.74224 4.58818 2.31182 -6.03174 -1.61836 -3.91944 -8.13443 -3.31437 1.36628 -1.68438 -4.74368 -9.10205 3.37928 -9.86612
internal_weight=30585 24533 6052 4092 7039 17494 1960 3606 662 5888 1755 486 1117 2944 205 5073 2763 815 608 46 1151 537 244 11147 5029 6347 480 312 168 44
internal_count=30585 24533 6052 4092 7039 17494 1960 3606 662 5888 1755 486 1117 2944 205 5073 2763 815 608 46 1151 537 244 11147 5029 6347 480 312 168 44
is_linear=0
shrinkage=0.05


Tree=45
num_leaves=31
num_cat=0
split_feature=10 10 10 14 17 5 15 10 14 11 4 13 15 24 2 9 11 2 4 2 11 22 10 11 15 10 11 15 26 4
split_gain=1.35597e+08 2.4533e+07 1.29384e+07 6.03289e+06 5.27618e+06 5.15602e+06 4.78673e+06 4.38839e+06 4.29676e+06 3.57102e+06 3.34444e+06 3.06356e+06 2.99772e+06 4.42547e+06 3.41379e+06 2.79138e+06 2.77904e+06 2.72858e+06 2.46395e+06 2.70435e+06 2.41128e+06 2.02784e+06 2.02366e+06 1.90739e+06 1.90041e+06 1.54439e+06 1.50373e+06 1.39159e+06 1.35289e+06 1.97461e+06
threshold=1563.727621682867 933.38103525368763 2438.4874958489418 -0.70710678118654735 0.81174490092936691 -1227.9999999999998 1.0000000180025095e-35 428.73204713259628 -0.78656609248549292 924.74512740195235 1.1205502485537067 35155.155000000006 -0.9159756150367534 11.155399000000001 0.54819474631297505 1845.9241844862479 531.76801472283285 0.68677292104467458 0.92104161307371279 0.48492550601761891 531.76801472283285 3.5000000000000004 232.86589403628523 509.51803386083446 -0.9829629131445341 1097.1830890323909 576.46600801760758 0.98296291314453432 18.576600000000003 0.95345179898211219
decision_type=2 2 2 2 2 2 2 2 2 2 2 2 2 2 2 2 2 2 2 2 2 2 2 2 2 2 2 2 2 2
left_child=1 7 3 16 5 -5 -6 22 -4 12 -7 -11 13 21 -14 17 -2 20 -10 23 -9 -3 -1 -20 -21 -16 -17 -8 -18 -30
right_child=2 9 8 4 6 10 27 15 18 11 -12 -13 14 -15 25 26 28 -19 19 24 -22 -23 -24 -25 -26 -27 -28 -29 29 -31
leaf_value=-7.0808908254456675 6.522054448723793 -2.8999098252242721 14.333029335970972 -9.7145739159026707 14.043390965461732 2.4109528229570669 2.2879785097729077 -2.5268447620584116 3.4591422020601281 20.580264893883751 6.1023716042378826 -1.5160103896568562 -0.66490119101996192 1.2445067129911473 0.53170400306784948 0.23778497326758599 18.101992374584999 -0.56005730353927319 6.1276200930277511 1.3034702235001785 -9.4519931403920054 -10.557231852931361 -3.6665894880579786 -6.176090344515714 10.561622893173016 2.6749762206570464 16.845860224756702 13.269562268958374 -4.0248389005661016 11.335739632437104
leaf_weight=484 961 208 403 72 221 2301 215 10210 222 37 839 24 1780 438 1246 26 76 1921 109 60 123 150 4477 39 1087 2597 24 29 21 185
leaf_count=484 961 208 403 72 221 2301 215 10210 222 37 839 24 1780 438 1246 26 76 1921 109 60 123 150 4477 39 1087 2597 24 29 21 185
internal_value=0.0209223 -1.76608 6.22125 4.85408 3.82686 3.09669 8.78389 -2.75047 9.70289 0.856781 3.40544 12.4296 0.737207 -2.12576 1.14403 -2.24261 7.86519 -2.29222 8.42979 9.26528 -2.61382 -6.20965 -4.0065 2.78922 10.0851 1.98168 9.0173 3.83362 12.2488 9.71135
internal_weight=30585 23745 6840 4920 3677 3212 465 17265 1920 6480 3140 61 6419 796 5623 12304 1243 12254 1517 1295 10333 358 4961 148 1147 3843 50 244 282 206
internal_count=30585 23745 6840 4920 3677 3212 465 17265 1920 6480 3140 61 6419 796 5623 12304 1243 12254 1517 1295 10333 358 4961 148 1147 3843 50 244 282 206
is_linear=0
shrinkage=0.05


Tree=46
num_leaves=31
num_cat=0
split_feature=10 10 10 14 17 15 5 4 14 17 23 15 10 14 15 4 0 15 14 17 5 3 15 2 22 14 15 15 21 24
split_gain=1.22481e+08 2.2168e+07 1.17196e+07 7.02184e+06 5.90957e+06 5.01346e+06 4.83858e+06 4.04086e+06 3.16088e+06 3.28236e+06 4.21603e+06 3.38044e+06 2.94997e+06 2.72664e+06 2.67174e+06 2.36677e+06 2.3328e+06 2.19652e+06 2.02045e+06 1.9392e+06 1.86135e+06 1.77471e+06 1.61699e+06 1.5998e+06 1.58792e+06 1.52171e+06 1.50217e+06 1.44128e+06 1.42341e+06 1.41302e+06
threshold=1563.727621682867 921.29225017694137 2548.6437464042765 -0.70710678118654735 0.81174490092936691 1.0000000180025095e-35 -153.40499999999994 0.43178446182897229 -0.70710678118654735 0.81174490092936691 6.2200513500000012 -0.9159756150367534 460.82760183353406 -0.60355339059327362 1.0000000180025095e-35 1.1205502485537067 0.45590199492226907 0.96592582628906831 -0.70710678118654735 0.81174490092936691 -1227.9999999999998 2.5750175502600348 -0.9829629131445341 0.48492550601761891 5.5000000000000009 0.25881904510252091 -0.9159756150367534 0.98296291314453432 1.0000000180025095e-35 8.5443190000000016
decision_type=2 2 2 2 2 2 2 2 2 2 2 2 2 2 2 2 2 2 2 2 2 2 2 2 2 2 2 2 2 2
left_child=1 7 3 21 6 26 20 19 -3 10 16 -12 -9 -4 25 -8 -10 22 -14 -1 -5 -2 -15 -24 -20 -11 -6 -7 -21 -16
right_child=2 8 13 4 5 27 15 12 9 14 11 -13 18 17 29 -17 -18 -19 24 28 -22 -23 23 -25 -26 -27 -28 -29 -30 -31
leaf_value=-7.210296519229388 7.3154774032801342 2.6834690868569187 13.492881692898127 -7.7368527309868931 7.4681655108928684 2.4663954208936478 2.9070169408703368 -3.0842541987471144 1.731599894407905 2.6729826086491504 -6.6451796505441694 -1.1284462075780819 -0.35197900188764919 -0.21844945309767083 8.7629950332641595 6.0131884076732991 -1.3687035487725088 14.728247060042163 -1.8848322346584732 -0.28990451733061406 0.025715991252142453 13.945719071970149 2.3371615552065665 8.9513863071779394 -4.3778412092896621 9.0254642280691488 16.824984173315116 13.455130447660174 -10.596861792206765 -1.2493976223181833
leaf_weight=678 1273 1640 400 88 75 231 2098 8498 1923 184 371 1073 1977 62 35 876 881 125 5017 208 455 113 109 744 732 202 161 30 35 291
leaf_count=678 1273 1640 400 88 75 231 2098 8498 1923 184 371 1073 1977 62 35 876 881 125 5017 208 455 113 109 744 732 202 161 30 35 291
internal_value=0.0206378 -1.67774 5.91347 4.83661 3.76885 8.85169 3.03902 -2.6254 0.784144 0.154061 -0.373677 -2.56391 -2.44102 9.92095 3.28342 3.83052 0.756783 8.4891 -1.73196 -5.84272 -1.29133 7.90426 7.56129 8.1248 -2.2058 6.07037 14.0683 3.95883 -1.95836 -0.0581628
internal_weight=30585 23745 6840 5400 4014 497 3517 17145 6600 4960 4248 1444 16224 1440 712 2974 2804 1040 7726 921 543 1386 915 853 5749 386 236 261 243 326
internal_count=30585 23745 6840 5400 4014 497 3517 17145 6600 4960 4248 1444 16224 1440 712 2974 2804 1040 7726 921 543 1386 915 853 5749 386 236 261 243 326
is_linear=0
shrinkage=0.05


Tree=47
num_leaves=31
num_cat=0
split_feature=9 9 1 6 1 7 4 9 6 6 26 15 7 26 0 15 13 23 15 22 4 7 18 7 23 6 15 12 7 26
split_gain=9.71758e+07 2.47348e+07 9.88446e+06 8.19742e+06 6.93028e+06 6.27793e+06 4.74024e+06 4.11842e+06 3.81537e+06 3.16307e+06 3.13311e+06 2.84957e+06 2.64368e+06 2.29025e+06 2.14807e+06 2.87169e+06 2.10598e+06 2.03287e+06 3.7732e+06 2.03199e+06 2.36657e+06 1.77916e+06 1.7682e+06 2.01585e+06 1.76801e+06 1.70691e+06 2.42079e+06 1.66547e+06 1.44526e+06 1.39619e+06
threshold=1699.6209308463654 862.78481538327071 0.08601658294058849 22662.251666666671 0.079306453220254175 380.05603431913977 0.95345179898211219 2970.0870861186709 24460.21166666667 42798.356666666674 8.3160000000000025 -0.9829629131445341 488.33529821735692 18.567550000000004 0.43968005264420923 -0.9159756150367534 33237.680000000008 4.5587458500000011 -0.12940952255126034 1.5000000000000002 0.17832577229564558 560.69823162522187 0.25000000000000006 221.78921163140225 4.9654785000000006 38509.695000000007 -0.5 40203.500000000007 687.70773411900234 19.551900000000007
decision_type=2 2 2 2 2 2 2 2 2 2 2 2 2 2 2 2 2 2 2 2 2 2 2 2 2 2 2 2 2 2
left_child=1 8 5 -4 12 9 19 11 22 -2 -10 -5 29 -13 15 27 -9 21 -19 -6 -21 -8 -1 -24 -25 26 -12 -7 -16 -3
right_child=2 4 3 7 6 14 17 16 10 -11 25 13 -14 -15 28 -17 -18 18 -20 20 -22 -23 23 24 -26 -27 -28 -29 -30 -31
leaf_value=-2.0253763025662908 4.804398818661153 2.7622695661389467 -12.398094898075254 -6.7550871446951106 -0.6411137922715664 -0.95381793192454745 1.6708580087052924 18.852242187586697 -2.6070495628334847 15.669459760189056 -3.4578283049135261 4.8971691671779363 8.288122954949511 1.4301074315405007 5.6166907722661925 12.327767749218516 7.5323611130852912 -3.0264273326500515 1.5573240787366964 -12.828820900965219 -4.0380221827737408 12.408732097148896 -5.0506190354035105 -1.1105277553681405 -16.469408790588378 0.72698877967337672 -0.81872803585888121 8.5793325202690589 13.36024035664348 0.057374817988526651
leaf_weight=456 1294 2903 72 62 301 65 1238 50 10562 67 1199 1451 192 716 384 971 236 841 952 94 381 35 1030 26 70 1011 3140 143 72 571
leaf_count=456 1294 2903 72 62 301 65 1238 50 10562 67 1199 1451 192 716 384 971 236 841 952 94 381 35 1030 26 70 1011 3140 143 72 571
internal_value=0.0203309 -1.31172 5.98143 3.70616 1.08836 7.93663 -0.395551 4.1909 -2.3418 5.3947 -2.1077 3.45067 2.64195 3.75757 10.0296 11.1781 9.80145 0.489507 -0.595077 -3.87325 -5.89329 2.01352 -4.68234 -5.74458 -12.5711 -1.12036 -1.55115 5.64753 6.97111 2.31842
internal_weight=30585 25002 5583 2587 7508 2996 3842 2515 17494 1361 15912 2229 3666 2167 1635 1179 286 3066 1793 776 475 1273 1582 1126 96 5350 4339 208 456 3474
internal_count=30585 25002 5583 2587 7508 2996 3842 2515 17494 1361 15912 2229 3666 2167 1635 1179 286 3066 1793 776 475 1273 1582 1126 96 5350 4339 208 456 3474
is_linear=0
shrinkage=0.05


Tree=48
num_leaves=31
num_cat=0
split_feature=10 10 10 17 5 6 7 3 6 7 21 1 10 1 6 12 1 26 0 26 13 7 6 5 10 7 12 1 7 7
split_gain=1.01302e+08 1.97064e+07 9.35747e+06 6.54795e+06 5.76451e+06 4.81108e+06 3.67876e+06 3.39274e+06 2.96705e+06 4.15036e+06 2.95656e+06 2.73289e+06 2.70376e+06 2.33271e+06 2.32924e+06 2.06919e+06 1.97772e+06 1.9525e+06 1.91343e+06 1.6974e+06 1.63615e+06 1.62901e+06 1.98646e+06 1.58751e+06 1.51684e+06 1.39195e+06 1.24822e+06 1.23749e+06 1.21611e+06 1.11653e+06
threshold=1627.9255476811095 942.87352994662808 2612.5536112046047 0.81174490092936691 -153.40499999999994 24980.067500000005 338.37106591708442 2.2357967022157044 29910.420000000002 867.10914946797095 1.0000000180025095e-35 0.10592229655737891 612.29240983742307 0.18058820999331973 33561.394166666672 30928.500000000004 0.24704976018373964 18.190700000000003 0.43968005264420923 18.620500000000003 35241.895000000011 385.01845853232277 35093.708333333343 769.50000000000011 252.49729336593842 412.65580852970925 33026.500000000007 0.06415770680355494 867.10914946797095 408.87592371001875
decision_type=2 2 2 2 2 2 2 2 2 2 2 2 2 2 2 2 2 2 2 2 2 2 2 2 2 2 2 2 2 2
left_child=1 5 3 4 13 6 24 10 16 -10 -6 18 27 28 -4 -9 20 -16 -5 -8 25 22 -14 -23 -1 -3 -22 -7 -2 -13
right_child=2 8 14 11 7 12 19 15 9 -11 -12 29 21 -15 17 -17 -18 -19 -20 -21 26 23 -24 -25 -26 -27 -28 -29 -30 -31
leaf_value=-6.8430002482950689 0.061854209308433043 -0.3467121827578924 6.7143683342624918 13.488342944163461 4.3715160534514643 -1.9456740232130441 -16.282880880477581 -3.2451590323448181 1.4279055985208302 20.097793242136639 -4.7648873685494717 -1.0870755181119249 -2.2565811388481434 -10.139635800014844 21.614824894596552 8.8767052577060905 -9.8017550129828788 10.759733628599268 6.4235957678800792 -5.9029675921933222 -7.084890209362932 6.3818085229955619 0.07216569480472329 -7.5431265767812734 -3.2399089535801853 3.8855732670775405 -1.0467083931999273 -2.9848753465753943 9.6592802653993886 7.0152158649462582
leaf_weight=370 581 1551 412 328 3380 6090 89 35 4521 25 87 69 1852 50 46 583 53 622 156 83 141 123 1806 20 1452 217 212 5500 30 101
leaf_count=370 581 1551 412 328 3380 6090 89 35 4521 25 87 69 1852 50 46 583 53 622 156 83 141 123 1806 20 1452 217 212 5500 30 101
internal_value=0.0197097 -1.47244 5.56721 4.70946 4.05505 -2.36107 -4.67077 4.75522 0.82656 1.55256 4.1357 9.39156 -2.06042 -0.275163 9.81447 8.16958 -0.69161 11.6623 11.3003 -11.5825 -0.441424 -0.901586 -1.10831 4.24489 -3.98835 0.182213 -3.52397 -2.4399 0.607746 3.78925
internal_weight=30585 24105 6480 5400 4746 17385 1994 4085 6720 4546 3467 654 15391 661 1080 618 2174 668 484 172 2121 3801 3658 143 1822 1768 353 11590 611 170
internal_count=30585 24105 6480 5400 4746 17385 1994 4085 6720 4546 3467 654 15391 661 1080 618 2174 668 484 172 2121 3801 3658 143 1822 1768 353 11590 611 170
is_linear=0
shrinkage=0.05


Tree=49
num_leaves=31
num_cat=0
split_feature=10 10 0 6 15 15 15 15 6 0 8 7 1 26 26 10 26 1 1 12 1 15 1 16 12 17 4 10 4 1
split_gain=9.1775e+07 1.95335e+07 6.32624e+06 5.33731e+06 5.08056e+06 5.04239e+06 4.04917e+06 3.75032e+06 4.97682e+06 3.71555e+06 3.68772e+06 3.38475e+06 3.27101e+06 3.07499e+06 2.88281e+06 2.838e+06 2.55212e+06 3.08244e+06 2.4307e+06 2.34854e+06 2.34035e+06 2.22904e+06 2.09107e+06 2.08779e+06 1.9845e+06 1.93506e+06 1.86146e+06 1.79317e+06 1.66177e+06 1.61754e+06
threshold=1104.6751303923145 1998.6334189596382 0.40981496607995499 35025.419166666674 -0.9829629131445341 -0.5 -0.70710678118654757 -0.9159756150367534 31496.79416666667 0.44690705193421881 1769.3285804849877 408.87592371001875 0.18946953262365177 18.160600000000006 19.249950000000002 582.23144018365736 14.827350000000001 0.14551972909613339 0.1969881678844059 31864.500000000004 0.074941269561409882 -0.9159756150367534 0.22031234280403358 -1.0000000180025095e-35 29994.500000000004 0.81174490092936691 2.6050496261871845 1793.8878411864259 1.0833334722226853 0.077061651740503209
decision_type=2 2 2 2 2 2 2 2 2 2 2 2 2 2 2 2 2 2 2 2 2 2 2 2 2 2 2 2 2 2
left_child=3 7 4 5 29 14 -4 8 -2 11 16 27 13 -8 22 -5 26 -18 28 -14 -6 -22 -1 -16 -20 -13 -7 -9 -11 -3
right_child=1 2 6 15 20 10 12 9 -10 18 -12 25 19 -15 23 -17 17 -19 24 -21 21 -23 -24 -25 -26 -27 -28 -29 -30 -31
leaf_value=-3.7303803557678252 -10.611936223092286 3.3115873662715263 -3.6504369666668732 -1.7446459477532823 10.99122856833003 -2.4599015077569026 0.3375475121631486 2.3845610369022654 0.54112612721788422 0.22136612769619926 11.262667707296519 5.1057044787485095 -11.180865815969614 6.4601918639070322 -12.302616987593188 0.38143842712081955 1.151336063392699 -4.9416791917741767 -10.197568580964033 6.968652612822396 0.48829755878874237 8.2538749163839196 -18.076383473322945 -2.1778089619512797 -0.23562205907866712 11.682191025401339 6.5542700350284582 5.6143903767531782 3.386375380461196 -7.6144002590539319
leaf_weight=2848 110 89 137 3569 980 8889 239 3028 765 1121 47 422 47 1465 178 2796 1057 253 80 23 107 705 21 74 122 157 53 501 654 48
leaf_count=2848 110 89 137 3569 980 8889 239 3028 765 1121 47 422 47 1465 178 2796 1057 253 80 23 107 705 21 74 122 157 53 501 654 48
internal_value=0.019021 3.72512 6.58605 -2.00445 8.60865 -2.56991 4.52724 2.14307 -0.913245 2.58296 -2.03462 3.43935 5.16729 5.60497 -4.33024 -0.811131 -2.10104 -0.0396839 0.799249 -5.14977 9.31631 7.23989 -3.86667 -9.42987 -4.33221 6.9738 -2.40284 2.8504 1.39378 -0.649465
internal_weight=30585 10800 3840 19785 1929 13420 1911 6960 875 6085 10299 4108 1774 1704 3121 6365 10252 1310 1977 70 1792 812 2869 252 202 579 8942 3529 1775 137
internal_count=30585 10800 3840 19785 1929 13420 1911 6960 875 6085 10299 4108 1774 1704 3121 6365 10252 1310 1977 70 1792 812 2869 252 202 579 8942 3529 1775 137
is_linear=0
shrinkage=0.05


Tree=50
num_leaves=31
num_cat=0
split_feature=10 10 10 17 14 15 11 7 1 26 9 9 15 23 7 2 1 1 14 7 26 9 11 11 7 26 12 26 15 1
split_gain=8.30759e+07 1.6113e+07 7.90149e+06 5.67714e+06 5.36691e+06 4.20166e+06 4.0242e+06 4.61855e+06 3.89448e+06 3.64699e+06 3.53342e+06 3.192e+06 2.69188e+06 3.55775e+06 2.62025e+06 2.49155e+06 2.19271e+06 2.11834e+06 2.05459e+06 2.04478e+06 1.91792e+06 2.53309e+06 1.80709e+06 1.67624e+06 1.70413e+06 1.79556e+06 1.59151e+06 1.55e+06 1.43829e+06 1.4051e+06
threshold=1627.9255476811095 921.29225017694137 2612.5536112046047 0.81174490092936691 -0.70710678118654735 1.0000000180025095e-35 815.9462725892173 816.11141565159744 0.15364126980085169 14.636050000000003 2921.6531414937131 467.83829691191676 -0.9159756150367534 6.3611460000000006 777.36461542940708 0.54819474631297505 0.069201051545509221 0.1969881678844059 -0.60355339059327362 435.66904081343336 14.827350000000001 1845.9241844862479 320.45246966419393 497.39075132390343 739.3636290339058 18.565850000000001 39151.500000000007 18.216350000000002 -0.37940952255126009 0.13006485369619034
decision_type=2 2 2 2 2 2 2 2 2 2 2 2 2 2 2 2 2 2 2 2 2 2 2 2 2 2 2 2 2 2
left_child=1 8 3 4 22 -5 14 -8 11 -10 12 -1 13 -3 -6 17 -17 -14 -4 -13 -11 -22 -2 27 25 -25 -15 -20 -24 -7
right_child=2 10 18 5 6 29 7 -9 9 20 -12 19 15 26 -16 16 -18 -19 23 -21 21 -23 28 24 -26 -27 -28 -29 -30 -31
leaf_value=-2.6994628190059942 4.1127362483431122 1.425247830931353 12.414495062415705 12.693009015365885 2.7286535257596269 6.1644144774566998 -11.661383189816101 4.240979011285873 -3.5390983165370096 -16.642876486942686 14.662260093688966 -1.3664987423369923 0.010704597186353089 -8.0219897265546027 8.9491127794318732 3.0945133871281811 0.73285081807851116 -5.876829717544739 14.485275929071467 6.0946175267619473 -9.7141595349079228 6.9954081370912746 3.0080242158920787 4.8642707199885926 11.761882911008946 -8.0746527214050285 -2.112871083803475 7.3528478766481093 9.2270760715389866 -1.8863122730595725
leaf_weight=7599 468 403 313 319 3229 270 97 79 895 82 40 8339 1794 219 175 1634 2466 162 93 88 118 24 118 53 29 45 242 547 580 65
leaf_count=7599 468 403 313 319 3229 270 97 79 895 82 40 8339 1794 219 175 1634 2466 162 93 88 118 24 118 53 29 45 242 547 580 65
internal_value=0.018039 -1.33322 5.04176 4.25369 3.64459 8.61261 2.67842 -4.60314 -2.15669 -5.00458 0.695356 -1.95633 0.604087 -1.9992 3.06112 0.976845 1.67669 -0.490629 8.94432 -1.28501 -10.6546 -6.74779 6.58689 7.4569 2.10833 -1.18014 -4.97608 8.49361 8.20466 4.59742
internal_weight=30585 24105 6480 5400 4746 654 3580 176 17145 1119 6960 16026 6920 864 3404 6056 4100 1956 1080 8427 224 142 1166 767 127 98 461 640 698 335
internal_count=30585 24105 6480 5400 4746 654 3580 176 17145 1119 6960 16026 6920 864 3404 6056 4100 1956 1080 8427 224 142 1166 767 127 98 461 640 698 335
is_linear=0
shrinkage=0.05


Tree=51
num_leaves=31
num_cat=0
split_feature=10 10 9 0 9 7 21 8 1 9 23 1 1 5 0 8 1 10 1 7 7 14 14 14 8 23 1 1 17 10
split_gain=7.52431e+07 1.47291e+07 5.39802e+06 5.39733e+06 3.78357e+06 3.31932e+06 3.19889e+06 3.14622e+06 3.61259e+06 3.45143e+06 2.65638e+06 2.65159e+06 2.59058e+06 2.58601e+06 2.31851e+06 2.78017e+06 2.44692e+06 2.05157e+06 1.99675e+06 2.55931e+06 2.1333e+06 1.86213e+06 1.85833e+06 2.22266e+06 1.19665e+06 1.99711e+06 1.1707e+06 1.13561e+06 1.11312e+06 1.0368e+06
threshold=1144.1496351358087 1998.6334189596382 467.83829691191676 0.40981496607995499 3050.8705243132035 709.52667636726585 1.0000000180025095e-35 1786.1298771869133 0.081080730179258764 910.35760903550988 12.4316455 0.1969881678844059 0.074941269561409882 -153.40499999999994 0.46354000387391053 661.82619661890294 0.18946953262365177 232.86589403628523 0.21364731160036707 290.78584905913357 687.70773411900234 -0.70710678118654735 -0.60355339059327362 0.60355339059327384 590.30592280092503 6.2677238000000006 0.13309314721995116 0.11658082995994952 -0.56174490092936669 1512.4994410164497
decision_type=2 2 2 2 2 2 2 2 2 2 2 2 2 2 2 2 2 2 2 2 2 2 2 2 2 2 2 2 2 2
left_child=2 4 17 12 6 10 14 8 9 -4 11 -5 -3 -7 15 -2 -16 -1 20 -20 -10 -8 27 -24 -19 -26 -27 -14 -11 -23
right_child=1 3 7 5 -6 13 21 -9 18 28 -12 -13 22 -15 16 -17 -18 24 19 -21 -22 29 23 -25 25 26 -28 -29 -30 -31
leaf_value=-6.3744043749570851 12.407171582844523 9.4960637323447141 -0.92692491769570828 4.0030410553561966 13.699721388540405 -2.0279401672440907 3.8815784288489299 10.556393107052507 -1.9916632428278707 -0.23751088174437607 -6.8472179927523174 -7.8655408319161868 10.250532952137291 11.981702445295392 1.1037026226082614 2.4810818455516586 -5.1855740392749965 -2.4533664227435019 -1.7841616868972778 -14.42028627822528 9.9182181257950646 -12.903008740635242 1.6431400350361534 10.584995982016641 5.4757658712325563 -6.0416073696687818 -16.867593524191115 4.7329685325622561 2.8072217043396854 -3.379008216602462
leaf_weight=365 67 1067 5278 1580 64 38 41 53 5224 434 58 44 251 191 1271 4627 171 7695 91 69 33 54 359 82 26 123 31 170 963 65
leaf_count=365 67 1067 5278 1580 64 38 41 53 5224 434 58 44 251 191 1271 4627 171 7695 91 69 33 54 359 82 26 123 31 170 963 65
internal_value=0.0176561 3.52259 -1.73653 5.96634 2.04359 4.06532 1.91431 -1.06564 -1.12092 -0.341889 3.27678 3.65829 7.83422 9.66309 2.09761 2.63582 0.342511 -2.72412 -2.07967 -7.50564 -1.90754 -4.96518 5.7342 3.40594 -2.55099 -6.54492 -8.68308 8.10436 1.86382 -8.04724
internal_weight=30585 10200 20385 3840 6360 1911 6296 12145 12092 6675 1682 1624 1929 229 6136 4694 1442 8240 5417 160 5257 160 862 441 7875 180 154 421 1397 119
internal_count=30585 10200 20385 3840 6360 1911 6296 12145 12092 6675 1682 1624 1929 229 6136 4694 1442 8240 5417 160 5257 160 862 441 7875 180 154 421 1397 119
is_linear=0
shrinkage=0.05


Tree=52
num_leaves=31
num_cat=0
split_feature=10 10 10 17 4 15 15 1 26 3 9 9 16 15 23 1 16 4 7 2 7 1 7 15 26 1 23 1 5 18
split_gain=6.84555e+07 1.2053e+07 7.23519e+06 4.87433e+06 5.44623e+06 3.99299e+06 3.667e+06 3.38617e+06 3.20081e+06 2.99263e+06 2.57667e+06 2.3219e+06 2.14998e+06 2.14826e+06 2.99523e+06 2.06268e+06 1.97296e+06 1.96575e+06 1.94129e+06 1.88979e+06 1.77369e+06 1.68795e+06 1.61721e+06 1.59402e+06 1.55458e+06 1.59122e+06 1.44346e+06 1.3978e+06 1.39752e+06 1.39556e+06
threshold=1563.727621682867 921.29225017694137 2665.9354191262587 0.81174490092936691 0.95345179898211219 1.0000000180025095e-35 -0.9159756150367534 0.15364126980085169 14.636050000000003 2.0229317428466573 468.51878308080467 3005.0980100075335 -1.0000000180025095e-35 -0.9159756150367534 6.8450907500000007 0.068650442830567884 -1.0000000180025095e-35 1.1997576838897079 390.17570595671549 0.54819474631297505 435.66904081343336 0.093726962052257792 614.42196075951949 -0.9829629131445341 18.216350000000002 0.047425524799994428 9.4532530000000019 0.20179298745144222 -480.05500000000001 1.0000000180025095e-35
decision_type=2 2 2 2 2 2 2 2 2 2 2 2 2 2 2 2 2 2 2 2 2 2 2 2 2 2 2 2 2 2
left_child=1 7 3 4 15 23 17 10 -9 -8 -1 13 -10 14 -3 22 -16 -6 -17 26 28 -21 -2 -5 25 -4 -15 -7 -12 -25
right_child=2 11 24 5 6 27 9 8 12 -11 20 -13 -14 19 16 18 -18 -19 -20 21 -22 -23 -24 29 -26 -27 -28 -29 -30 -31
leaf_value=-2.422604805567719 1.3960746180786279 0.94664486437701112 23.111119367678963 -0.0011587844175450941 -1.2048494747975189 4.7165036857781351 3.5939683718031166 -3.2346332145567676 -13.361553575020089 6.6938518715269097 -6.7324106996780948 13.999830821156502 -2.8767998404619171 -0.99299647100543376 -9.1798155412312124 0.83240487893286363 -1.9554137125772575 7.0198039027147523 -5.5692152542467337 2.4315420791239788 5.719494694022722 0.34345609962610985 13.8870986675394 14.584844205663069 7.865358951163067 9.0466900640063823 3.2463534492006989 -6.810838459277976 -1.1515435085780377 7.3082758054500676
leaf_weight=7717 260 440 34 29 463 360 2865 895 147 1083 109 27 77 1629 162 214 226 81 257 2088 88 1804 24 222 739 67 224 24 8112 118
leaf_count=7717 260 440 34 29 463 360 2865 895 147 1083 109 27 77 1629 162 214 226 81 257 2088 88 1804 24 222 739 67 224 24 8112 118
internal_value=0.0169834 -1.25273 4.42247 3.80801 3.26227 7.56418 3.92206 -1.9515 -4.60687 4.45172 -1.76471 0.562598 -9.89914 0.496795 -1.87692 -0.663161 -5.05033 0.0724655 -2.68233 0.84025 -1.15259 1.46538 2.67383 11.2557 8.76287 14.6485 -0.473138 3.91763 -1.22959 12.2021
internal_weight=30585 23745 6840 6000 5247 753 4492 17145 1119 3948 16026 6600 224 6573 828 755 388 544 471 5745 8309 3892 284 369 840 101 1853 384 8221 340
internal_count=30585 23745 6840 6000 5247 753 4492 17145 1119 3948 16026 6600 224 6573 828 755 388 544 471 5745 8309 3892 284 369 840 101 1853 384 8221 340
is_linear=0
shrinkage=0.05


Tree=53
num_leaves=31
num_cat=0
split_feature=10 10 10 0 15 11 15 1 1 12 9 9 9 1 11 1 4 11 15 23 0 15 8 9 7 4 1 12 11 11
split_gain=6.19794e+07 1.17778e+07 6.34229e+06 4.84125e+06 5.26889e+06 4.49446e+06 4.39871e+06 3.23353e+06 3.079e+06 2.91305e+06 2.84585e+06 2.75256e+06 2.67143e+06 2.64422e+06 2.61494e+06 2.53771e+06 2.50383e+06 2.42029e+06 2.2484e+06 1.93444e+06 1.85177e+06 2.08409e+06 1.78938e+06 1.72005e+06 1.6879e+06 1.6509e+06 1.5841e+06 1.54438e+06 1.51046e+06 1.46422e+06
threshold=1627.9255476811095 933.38103525368763 2739.3066488678764 0.44072558017973784 -0.9159756150367534 400.20756300939792 -0.60355339059327384 0.080540969049177027 0.18946953262365177 30810.500000000004 2921.6531414937131 627.19341434453338 303.37034084237683 0.074347724142009977 614.20424327994806 0.07815191598035949 1.1858000851474368 247.26169252403 -0.9829629131445341 6.0916937000000013 0.45257025101786091 -0.60355339059327384 1769.3285804849877 221.66253622007531 165.03154808419001 0.10055000000000001 0.055680606748290042 38901.500000000007 531.76801472283285 109.34015893840511
decision_type=2 2 2 2 2 2 2 2 2 2 2 2 2 2 2 2 2 2 2 2 2 2 2 2 2 2 2 2 2 2
left_child=1 7 3 4 13 26 9 11 16 -5 18 -1 29 27 -10 -7 -8 -13 19 -3 23 -22 24 -20 -14 -19 -6 -2 -15 -9
right_child=2 10 -4 6 5 15 8 12 14 -11 -12 17 22 28 -16 -17 -18 25 20 -21 21 -23 -24 -25 -26 -27 -28 -29 -30 -31
leaf_value=-1.6140668249107266 -2.7320620860138987 0.89495389638468625 9.8689879564403267 -17.743905992507933 6.1471445105473208 10.73838805639202 2.4955195107802566 -3.0592333018718936 2.0161099908327818 -1.9178390810122856 13.138904651535881 -0.23964920747731236 -2.0870766381501453 0.31258409583458197 -9.9980262543173399 6.2083962211125305 7.6223677790111726 -3.803964535733487 10.677267805735271 -7.3668725652574771 -6.7333982292071797 -0.15209379537100737 10.753145342606764 1.1538800163212473 -4.3072970579019119 6.62070564899979 2.9670563136400454 5.427932532261039 -6.7634359462648383 -8.4010563897348955
leaf_weight=8597 68 123 480 35 640 545 1682 240 94 112 40 1237 5593 211 80 790 275 42 43 159 124 1786 21 4565 1014 227 1050 306 112 294
leaf_count=8597 68 123 480 35 640 545 1682 240 94 112 40 1237 5593 211 80 790 275 42 43 159 124 1786 21 4565 1014 227 1050 306 112 294
internal_value=0.0167169 -1.15043 4.35594 3.90704 5.01796 5.91983 2.08488 -1.84593 2.66574 -6.14601 0.605167 -1.26877 -2.65865 1.08945 -3.63233 8.09092 3.23356 0.701173 0.521832 -3.81032 0.712047 -0.595853 -2.38098 1.25424 -2.43083 4.95317 4.18596 3.9277 -2.20657 -6.05098
internal_weight=30585 24105 6480 6000 3722 3025 2278 17265 2131 147 6840 10103 7162 697 174 1335 1957 1506 6800 282 6518 1910 6628 4608 6607 269 1690 374 323 534
internal_count=30585 24105 6480 6000 3722 3025 2278 17265 2131 147 6840 10103 7162 697 174 1335 1957 1506 6800 282 6518 1910 6628 4608 6607 269 1690 374 323 534
is_linear=0
shrinkage=0.05


Tree=54
num_leaves=31
num_cat=0
split_feature=10 10 6 6 11 7 10 8 5 1 11 22 11 5 11 14 24 7 22 11 5 11 11 22 9 9 9 11 3 22
split_gain=5.60094e+07 1.23358e+07 6.12836e+06 3.86801e+06 3.15471e+06 3.06015e+06 2.77083e+06 2.73068e+06 2.71953e+06 2.6196e+06 2.89998e+06 2.94973e+06 2.77545e+06 4.1454e+06 2.44962e+06 2.42914e+06 2.31221e+06 2.31193e+06 2.26096e+06 4.56442e+06 4.22047e+06 2.15483e+06 2.11709e+06 2.04072e+06 1.97807e+06 1.88027e+06 1.69117e+06 1.35211e+06 1.5987e+06 1.22669e+06
threshold=1097.1830890323909 1827.0680963295231 33561.394166666672 35025.419166666674 924.74512740195235 739.3636290339058 2767.1847758161971 1769.3285804849877 -438.74499999999995 0.15364126980085169 215.26295192261028 5.5000000000000009 509.51803386083446 -24.999999999999989 78.238657920977133 -0.70710678118654735 11.304636500000003 739.3636290339058 2.5000000000000004 360.44349352172293 300.00000000000017 221.77355822719016 400.20756300939792 1.0000000180025095e-35 3105.7539177504273 964.05262549549161 2762.2196417614418 815.9462725892173 2.1005746971663721 1.0000000180025095e-35
decision_type=2 2 2 2 2 2 2 2 2 2 2 2 2 2 2 2 2 2 2 2 2 2 2 2 2 2 2 2 2 2
left_child=3 15 4 7 5 24 17 9 -7 12 -11 -12 25 -14 -5 21 -6 23 22 -20 -21 -2 -17 -4 -3 -1 -24 -23 -29 -16
right_child=1 2 6 14 16 8 -8 -9 -10 10 11 -13 13 -15 29 18 -18 -19 19 20 -22 27 26 -25 -26 -27 -28 28 -30 -31
leaf_value=-2.1167420304923446 1.1775898752038025 2.0453570735168367 9.0463671807234984 -1.4737761203888819 -14.766724193638021 -5.7198331210017201 11.314280060681597 9.2850469949110508 10.962620739055717 -2.5929375356171733 -4.5328094666027177 -13.265956828823768 -4.8129426087651943 13.515100836418046 2.4883589102798642 1.3495970107198736 2.3000818619361292 10.534209913570264 0.79092579122760398 -7.6918537380139531 3.3341970884799959 4.2276590372612119 4.567365911745342 4.6607643538527093 10.018366980843428 0.25657787623503431 17.634739129883904 17.672461831292441 2.0738673715030447 -0.024956455795130839
leaf_weight=10836 755 1708 312 3376 39 25 254 48 179 1008 306 143 51 66 609 1588 34 234 2213 321 115 729 309 1938 77 903 23 38 29 2319
leaf_count=10836 755 1708 312 3376 39 25 254 48 179 1008 306 143 51 66 609 1588 34 234 2213 321 115 729 309 1938 77 903 23 38 29 2319
internal_value=0.0160455 2.8866 4.78306 -1.57831 2.71444 3.09467 6.33313 -2.05987 8.83003 -2.10425 -4.10384 -7.42977 -1.85689 5.65572 -0.556821 1.39649 -7.17927 5.80206 0.814346 -0.133032 -4.77866 3.10324 2.11841 5.28763 2.41634 -1.93414 5.721 4.9109 11.5344 0.501126
internal_weight=30585 10920 4800 19665 2062 1989 2738 13361 204 13313 1457 449 11856 117 6304 6120 73 2484 4569 2649 436 1551 1920 2250 1785 11739 332 796 67 2928
internal_count=30585 10920 4800 19665 2062 1989 2738 13361 204 13313 1457 449 11856 117 6304 6120 73 2484 4569 2649 436 1551 1920 2250 1785 11739 332 796 67 2928
is_linear=0
shrinkage=0.05


Tree=55
num_leaves=31
num_cat=0
split_feature=10 10 10 14 17 11 7 7 12 15 11 11 15 11 11 15 23 11 26 10 13 2 14 11 15 9 26 0 15 23
split_gain=5.07439e+07 9.64109e+06 5.33295e+06 4.22836e+06 3.80271e+06 3.38152e+06 4.07049e+06 3.87456e+06 2.60303e+06 2.98971e+06 4.81125e+06 2.51443e+06 2.44445e+06 2.3868e+06 2.14649e+06 2.08402e+06 2.85819e+06 2.07195e+06 1.96331e+06 1.8929e+06 1.87496e+06 1.77693e+06 1.49101e+06 1.47259e+06 1.42245e+06 1.38334e+06 1.28798e+06 1.24855e+06 1.21924e+06 1.13986e+06
threshold=1627.9255476811095 921.29225017694137 2739.3066488678764 -0.70710678118654735 0.81174490092936691 815.9462725892173 816.11141565159744 739.3636290339058 33983.500000000007 -0.5 360.44349352172293 924.74512740195235 1.0000000180025095e-35 400.20756300939792 464.25703865863346 -0.9159756150367534 6.3611460000000006 106.19546761270797 24.444700000000001 798.19621236849707 35757.110000000008 0.54819474631297505 0.37940952255126054 384.94467117176657 0.98296291314453432 408.33640951823747 18.216350000000002 0.28385721731658087 -0.9829629131445341 9.3313510000000015
decision_type=2 2 2 2 2 2 2 2 2 2 2 2 2 2 2 2 2 2 2 2 2 2 2 2 2 2 2 2 2 2
left_child=1 8 3 13 5 7 -7 -5 9 10 17 15 28 -2 27 16 -3 -1 22 -16 -13 29 -11 -18 -14 -23 -4 -10 -6 -17
right_child=2 11 26 4 12 6 -8 -9 14 18 -12 20 24 -15 19 21 23 -19 -20 -21 -22 25 -24 -25 -26 -27 -28 -29 -30 -31
leaf_value=-2.0081526937396648 3.9489760942519148 1.1614125424603403 15.856843979908872 2.1185625740304279 0.4548007791692561 -11.072643095605514 3.8602971241587682 8.3841280415093991 0.50805937387244193 -0.86933785598959001 -14.345981451814826 14.204105623144853 1.844342864709988 7.9964857387139068 16.367184295076314 -0.95656762175863885 -3.0527463377242081 -5.748162551834497 5.0585196166646256 -0.49427460871244738 -2.4832964808852585 9.3768679204976788 -2.4908785512090592 -10.04327193414322 13.344802622641289 1.2357046715532165 7.8421186313208411 -1.3658132123780997 11.609390164971886 2.6668232834048897
leaf_weight=949 809 403 60 3570 28 97 79 261 998 2145 105 52 223 689 28 1692 352 612 97 33 22 48 4220 94 26 4053 420 7958 218 244
leaf_count=949 809 403 60 3570 28 97 79 261 998 2145 105 52 223 689 28 1692 352 612 97 33 22 48 4220 94 26 4053 420 7958 218 244
internal_value=0.0159163 -1.04016 3.94218 3.53062 2.75954 2.24301 -4.44804 2.55581 -1.67713 -2.32604 -4.21338 0.529007 6.8765 5.83106 -1.09122 0.426926 -1.88555 -3.48815 -1.83657 7.89825 9.39918 0.753436 -1.94554 -4.62121 3.28445 1.34231 8.99721 -1.15683 10.3743 -0.494181
internal_weight=30585 24105 6480 6000 4502 4007 176 3831 17145 8128 1666 6960 495 1498 9017 6886 849 1561 6462 61 74 6037 6365 446 249 4101 480 8956 246 1936
internal_count=30585 24105 6480 6000 4502 4007 176 3831 17145 8128 1666 6960 495 1498 9017 6886 849 1561 6462 61 74 6037 6365 446 249 4101 480 8956 246 1936
is_linear=0
shrinkage=0.05


Tree=56
num_leaves=31
num_cat=0
split_feature=10 10 15 2 10 10 9 15 12 14 1 7 1 12 12 1 11 9 11 8 23 13 8 11 13 11 9 10 1 1
split_gain=4.59526e+07 1.00074e+07 3.63563e+06 3.30271e+06 3.4728e+06 3.2204e+06 3.71756e+06 3.1879e+06 3.55734e+06 2.92463e+06 2.91749e+06 2.76656e+06 2.48746e+06 2.45138e+06 2.62579e+06 2.26199e+06 3.81857e+06 2.14942e+06 1.963e+06 1.86205e+06 1.82291e+06 1.79109e+06 1.60638e+06 1.54259e+06 1.386e+06 1.42874e+06 1.36939e+06 1.29502e+06 1.25078e+06 880674
threshold=1104.6751303923145 2289.661802668134 -0.9829629131445341 0.55165511270234202 1756.7994164434776 429.47418708519177 1720.0260074008504 -0.60355339059327384 30552.500000000004 -0.78656609248549292 0.22031234280403358 709.52667636726585 0.1969881678844059 27498.500000000004 44332.500000000007 0.14551972909613339 257.68101129683959 598.93948057395687 280.17707909155911 793.8507880396163 5.6664435000000006 28598.865000000002 1699.6209308463654 472.37178621456525 29387.120000000006 560.65504025192899 2055.8953207150594 166.95333112748082 0.11824496080429213 0.038369234764303935
decision_type=2 2 2 2 2 2 2 2 2 2 2 2 2 2 2 2 2 2 2 2 2 2 2 2 2 2 2 2 2 2
left_child=5 2 20 7 19 27 15 8 -4 -3 24 13 -9 -11 -15 17 -17 -7 -19 -5 -2 -13 -18 -22 -8 -26 -23 -1 -6 -29
right_child=1 9 3 4 28 6 10 12 -10 11 -12 21 -14 14 -16 16 22 18 -20 -21 23 26 -24 -25 25 -27 -28 29 -30 -31
leaf_value=-6.0470382119721364 1.6137693963433042 8.7350136589414724 -17.897437765243208 7.94693001774717 5.4670227233038737 -1.3815317171236867 20.283089046220525 1.4910945267120983 -1.4332054409206423 16.211747531401809 -7.0373888607025155 -2.3571408791975546 -4.1189745854620545 2.800874605392929 9.4135688618535092 -1.1700192498010462 -7.8270651677994039 -0.44149782438925089 2.6261195605848506 1.6292384650736567 -3.4527443892554026 16.001591909499396 3.6756438555036279 -13.358735067439529 -2.7884879571420176 14.163470476150515 7.5306461448318389 -0.94959925942985324 2.5490075146327968 -2.6516038836787335
leaf_weight=242 126 521 42 116 1185 8627 32 2122 112 34 20 28 213 1537 163 849 392 4119 592 3588 176 79 30 48 22 20 158 954 552 3886
leaf_count=242 126 521 42 116 1185 8627 32 2122 112 34 20 28 213 1537 163 849 392 4119 592 3588 176 79 30 48 22 20 158 954 552 3886
internal_value=0.0157168 2.63818 1.79652 2.01711 2.70678 -1.41611 -1.04045 0.50706 -6.34537 5.39459 8.61906 4.50433 0.971612 3.75663 3.46069 -1.10553 -3.11747 -0.912713 -0.0536246 1.83755 -3.15931 9.23646 -6.97575 -5.821 13.0288 5.9308 10.6268 -2.50084 4.54972 -2.31746
internal_weight=30585 10800 8280 7930 5441 19785 14703 2489 154 2520 94 1999 2335 1734 1700 14609 1271 13338 4711 3704 350 265 422 224 74 42 237 5082 1737 4840
internal_count=30585 10800 8280 7930 5441 19785 14703 2489 154 2520 94 1999 2335 1734 1700 14609 1271 13338 4711 3704 350 265 422 224 74 42 237 5082 1737 4840
is_linear=0
shrinkage=0.05


Tree=57
num_leaves=31
num_cat=0
split_feature=10 10 1 2 11 4 6 9 26 6 8 26 9 6 11 11 13 14 9 11 6 11 18 14 6 23 1 23 11 23
split_gain=4.16847e+07 7.89444e+06 5.28816e+06 3.50816e+06 3.27938e+06 2.85703e+06 2.81518e+06 2.44775e+06 2.3462e+06 2.30901e+06 2.23287e+06 2.19121e+06 2.10891e+06 1.84954e+06 2.02011e+06 2.0044e+06 2.82461e+06 1.68371e+06 1.6064e+06 1.40619e+06 1.38294e+06 2.02247e+06 1.35888e+06 1.33043e+06 1.78931e+06 1.16936e+06 1.16363e+06 1.13503e+06 1.1173e+06 1.03203e+06
threshold=1627.9255476811095 1046.6642317271019 0.07815191598035949 0.58405734446265456 390.10552129938475 0.95345179898211219 21696.998333333337 3005.0980100075335 18.565850000000001 38509.695000000007 1786.1298771869133 18.160600000000006 2970.0870861186709 29122.735000000004 739.19286622200468 497.39075132390343 31801.905000000002 -0.70710678118654735 221.66253622007531 206.9757618120652 26304.932500000003 560.65504025192899 -0.6830127018922193 -0.5 42502.757500000007 10.065666500000001 0.12907691640303154 5.5813688000000008 127.4996365008483 12.4316455
decision_type=2 2 2 2 2 2 2 2 2 2 2 2 2 2 2 2 2 2 2 2 2 2 2 2 2 2 2 2 2 2
left_child=1 6 3 11 -5 8 -1 13 -4 10 17 29 20 15 18 28 -17 -8 -15 -11 21 -7 -13 -6 -25 -22 -10 -24 -3 -2
right_child=2 7 5 4 23 12 9 -9 26 19 -12 22 -14 14 -16 16 -18 -19 -20 -21 25 -23 27 24 -26 -27 -28 -29 -30 -31
leaf_value=-4.663957275226827 0.93163399314844464 3.309811567034818 1.6052627153412993 4.5451444932444014 11.121629207463641 3.6118147958096842 -0.6331381489495298 14.555526192486287 -2.2234503877335703 -0.061271044335810536 10.013013866969517 7.1688238835334772 6.8546220851282698 9.6923081539295346 13.555619059186993 0.53260475131544738 -11.418490906281047 -1.8324829387583563 1.00119848920099 5.8697690141768684 4.0898206476998444 -4.5012047989250616 4.073506909013676 5.1194634899628904 13.965497557757653 1.6860393156017719 -9.803739345766779 -1.0584436668694475 -0.8251598037662552 -7.894074200497319
leaf_weight=642 410 192 286 990 375 134 3868 27 133 2070 37 315 277 49 28 96 96 12108 3840 100 892 167 671 334 68 1190 81 126 952 31
leaf_count=642 410 192 286 990 375 134 3868 27 133 2070 37 315 277 49 28 96 96 12108 3840 100 892 167 671 334 68 1190 81 126 952 31
internal_value=0.0153333 -0.941838 3.57391 4.96701 6.49197 2.10472 -1.42097 0.766156 -1.35213 -1.30522 -1.51258 3.21662 2.75584 0.681497 1.22907 -0.922498 -5.58084 -1.5424 1.12302 0.224891 2.26603 -0.889265 4.39486 8.92749 6.76911 2.72326 -5.25118 3.26058 -0.119752 0.229577
internal_weight=30585 24105 6480 3320 1767 3160 18825 5280 500 18183 16013 1553 2660 5253 3917 1336 192 15976 3889 2170 2383 301 1112 777 402 2082 214 797 1144 441
internal_count=30585 24105 6480 3320 1767 3160 18825 5280 500 18183 16013 1553 2660 5253 3917 1336 192 15976 3889 2170 2383 301 1112 777 402 2082 214 797 1144 441
is_linear=0
shrinkage=0.05


Tree=58
num_leaves=31
num_cat=0
split_feature=10 10 6 15 11 21 15 11 6 6 11 15 7 15 0 15 16 11 10 0 24 26 6 3 16 14 10 11 26 15
split_gain=3.76487e+07 7.30982e+06 3.84494e+06 4.12048e+06 3.9736e+06 3.68082e+06 9.97442e+06 3.49455e+06 4.91414e+06 2.90294e+06 2.66943e+06 2.65766e+06 2.5876e+06 2.5781e+06 2.51345e+06 2.91944e+06 2.342e+06 2.64518e+06 1.98491e+06 1.97812e+06 1.87015e+06 1.66964e+06 1.60772e+06 1.60405e+06 1.33987e+06 1.31111e+06 1.29582e+06 1.70157e+06 1.3668e+06 1.09924e+06
threshold=1173.6769452678893 2289.661802668134 35093.708333333343 -0.5 122.49747787530427 1.0000000180025095e-35 -0.12940952255126034 560.65504025192899 21696.998333333337 21696.998333333337 78.238657920977133 -0.9829629131445341 375.23001420982661 -0.9829629131445341 0.41693426933808292 0.96592582628906831 -1.0000000180025095e-35 325.07324323628023 582.23144018365736 0.55259521540536871 11.219126500000002 18.620500000000003 35731.832500000011 1.342247683271232 1.0000000180025095e-35 0.37940952255126054 2695.7789523617867 668.06494927022538 18.216350000000002 -0.9829629131445341
decision_type=2 2 2 2 2 2 2 2 2 2 2 2 2 2 2 2 2 2 2 2 2 2 2 2 2 2 2 2 2 2
left_child=2 5 3 4 -1 9 -7 21 -9 -2 -4 22 -13 -3 26 19 17 -6 -10 -16 -8 23 -11 -5 -18 -23 27 -15 -28 -12
right_child=1 13 10 7 16 6 20 8 18 11 29 12 -14 14 15 -17 24 -19 -20 -21 -22 25 -24 -25 -26 -27 28 -29 -30 -31
leaf_value=-1.8792712672284051 -9.5147502777793189 -2.7183110333500657 -1.2210014616265541 -1.5191517490579434 -5.3060827741834027 -16.20508190116497 10.951913747016121 -9.3521645100911464 -2.4108718395233155 -7.82234232495634 -2.5693400670633171 1.6349223203658205 3.8307039168777979 4.7252725837297014 1.7693493280152326 9.0969896968548483 1.4419223995816788 -11.971294001198951 12.101114421851875 13.163473583459854 -3.1632711040346249 1.8753044296171077 -0.041331297943094897 -13.117309894561769 -4.4896258549005905 -1.2309926561594273 16.728152424097061 11.047359236329795 7.7966731738200226 1.0036331603564461
leaf_weight=2030 50 104 3331 9195 580 94 63 40 27 93 226 4934 1847 797 891 185 144 205 124 35 33 675 206 25 265 674 51 123 334 3204
leaf_count=2030 50 104 3331 9195 580 94 63 40 27 93 226 4934 1847 797 891 185 144 205 124 35 33 675 206 25 265 674 51 123 334 3204
internal_value=0.0152079 2.56157 -1.19294 -1.66611 -3.23314 1.75984 -5.0245 -1.1953 5.42321 1.94403 -0.213733 2.03161 2.2354 4.88231 5.21445 3.44122 -5.51746 -7.11149 9.51183 2.26845 6.18293 -1.31742 -2.55053 -1.5577 -2.40894 0.324456 6.70514 5.62571 9.17923 0.764801
internal_weight=30585 9840 20745 13984 3224 7320 190 10760 191 7130 6761 7080 6781 2520 2416 1111 1194 785 151 926 96 10569 299 9220 409 1349 1305 920 385 3430
internal_count=30585 9840 20745 13984 3224 7320 190 10760 191 7130 6761 7080 6781 2520 2416 1111 1194 785 151 926 96 10569 299 9220 409 1349 1305 920 385 3430
is_linear=0
shrinkage=0.05


Tree=59
num_leaves=31
num_cat=0
split_feature=10 10 6 15 15 15 11 1 14 10 6 15 11 24 11 1 7 24 11 11 11 24 15 1 3 14 26 16 7 7
split_gain=3.42922e+07 7.40065e+06 4.3297e+06 5.18965e+06 2.79671e+06 2.59439e+06 3.13688e+06 2.49775e+06 2.40005e+06 2.25815e+06 2.21291e+06 4.4521e+06 4.36972e+06 3.11378e+06 2.63492e+06 2.17833e+06 2.94893e+06 2.16962e+06 2.10294e+06 2.08743e+06 1.78648e+06 1.77332e+06 1.64446e+06 1.5952e+06 2.17852e+06 1.54849e+06 1.51922e+06 1.24623e+06 1.19773e+06 1.32929e+06
threshold=1706.1374638911916 1046.6642317271019 35484.740000000013 -0.70710678118654757 0.98296291314453432 -0.9159756150367534 400.20756300939792 0.080540969049177027 0.25881904510252091 390.59366716169399 28202.850833333338 -0.37940952255126009 739.19286622200468 8.5443190000000016 418.28706033867599 0.18946953262365177 709.52667636726585 10.136623750000002 193.88810081328435 224.853204396319 648.80539728898964 12.236510000000001 -0.70710678118654757 0.24704976018373964 1.440297830598712 -0.5 18.598000000000003 -1.0000000180025095e-35 739.3636290339058 430.44667324903764
decision_type=2 2 2 2 2 2 2 2 2 2 2 2 2 2 2 2 2 2 2 2 2 2 2 2 2 2 2 2 2 2
left_child=1 7 3 21 15 8 -7 18 -4 -9 11 -3 20 14 -13 16 -5 -17 -1 -15 22 28 -12 24 -11 -20 -6 -27 29 -2
right_child=2 10 5 4 26 6 -8 9 -10 23 12 13 -14 19 -16 17 -18 -19 25 -21 -22 -23 -24 -25 -26 27 -28 -29 -30 -31
leaf_value=-1.0061565205063931 -2.1797178107847288 -9.7174393930855913 -0.49820766788479443 2.1953186054477416 11.404300183928768 4.1923441330988807 8.2210603024473574 -4.1184567735336373 6.256305472102107 -1.643301719089667 -0.32154609884002006 -0.39953977319060785 12.667338671626116 1.2892467509080534 14.416090809926391 3.257194591978545 7.4835840991169125 -6.9841854337918567 4.3295766307408838 -3.5031305675771502 -9.5083940076828011 4.4304233210427419 1.7301949552274474 -10.631408324168653 8.0985924901633428 -2.8096787688024807 2.5862708642903498 1.7271309648670201 2.5365109842877054 -9.9470639145287283
leaf_weight=9876 98 131 365 2215 137 1265 802 1046 200 6859 1398 56 77 455 59 88 296 113 309 445 35 51 3224 44 53 236 80 402 38 132
leaf_count=9876 98 131 365 2215 137 1265 802 1046 200 6859 1398 56 77 455 59 88 296 113 309 445 35 51 3224 44 53 236 80 402 38 132
internal_value=0.0144687 -0.802452 3.44456 2.21773 2.8781 4.95143 5.77158 -1.28603 1.92659 -1.95571 0.745503 -1.22213 1.22262 -0.0833798 7.48507 2.43099 2.83236 -2.52993 -0.790218 -1.08653 1.02 -3.7964 1.10992 -1.62776 -1.5628 1.45514 8.28511 0.0400618 -5.41461 -6.75451
internal_weight=30585 24705 5880 3248 2929 2632 2067 18825 565 8002 5880 1146 4734 1015 115 2712 2511 201 10823 900 4657 319 4622 6956 6912 947 217 638 268 230
internal_count=30585 24705 5880 3248 2929 2632 2067 18825 565 8002 5880 1146 4734 1015 115 2712 2511 201 10823 900 4657 319 4622 6956 6912 947 217 638 268 230
is_linear=0
shrinkage=0.05


Tree=60
num_leaves=31
num_cat=0
split_feature=10 10 10 17 4 15 15 13 17 15 11 11 19 7 12 4 2 14 22 15 15 12 11 23 7 12 11 15 7 9
split_gain=3.09829e+07 5.41471e+06 4.2052e+06 3.2389e+06 4.58112e+06 3.03848e+06 2.79088e+06 3.80458e+06 2.1874e+06 2.74976e+06 9.75724e+06 3.47704e+06 4.12169e+06 2.52196e+06 2.17952e+06 2.11847e+06 2.09556e+06 2.00995e+06 1.81388e+06 1.66638e+06 1.46907e+06 2.0164e+06 1.39778e+06 1.95301e+06 1.27767e+06 1.92754e+06 1.20092e+06 1.90847e+06 1.60385e+06 1.15749e+06
threshold=1563.727621682867 741.17480295465418 2739.3066488678764 0.81174490092936691 0.95345179898211219 -0.12940952255126034 -0.9159756150367534 37670.880000000012 0.81174490092936691 -0.12940952255126034 333.97612482584282 464.25703865863346 -0.5 867.10914946797095 42496.000000000007 0.53013352905635491 0.52730227949592912 -0.60355339059327362 4.5000000000000009 1.0000000180025095e-35 -0.78656609248549325 42100.500000000007 509.51803386083446 7.1626761500000002 239.88761233091273 33556.500000000007 520.41605753204374 -0.12940952255126034 709.52667636726585 1679.8958772287044
decision_type=2 2 2 2 2 2 2 2 2 2 2 2 2 2 2 2 2 2 2 2 2 2 2 2 2 2 2 2 2 2
left_child=1 15 3 4 26 20 7 -6 9 10 14 17 -13 19 -3 24 -8 -11 -12 -10 21 -5 -17 -24 -1 -26 27 -2 -28 -21
right_child=2 8 -4 5 6 -7 16 -9 13 11 18 12 -14 -15 -16 22 -18 -19 -20 29 -22 -23 23 -25 25 -27 28 -29 -30 -31
leaf_value=-2.8348458569033905 -3.5675084834297501 -1.1449911887702189 7.4730972281559236 -1.140881646968223 -12.389328662554425 2.8244412188717414 1.4645246122942068 0.89814419855053229 3.4461230404906722 2.107428205290808 -3.5907789386621043 12.473809125541731 -1.3548225272329231 13.864305149425162 1.8163226671484893 -1.2853738062812108 3.9452996508411546 -0.39419367750900591 -11.435096189852167 0.43622365908037203 11.981997841849925 10.288782855763156 11.654814132731012 -5.9316359100341804 -10.086348221390336 4.7594142385891507 -7.657241107959833 2.1950955182698935 1.289477610440902 -7.2425104922718475
leaf_weight=860 235 2151 480 69 55 437 1199 523 622 1144 114 126 90 39 868 14030 3003 2662 241 534 195 80 42 20 130 23 135 353 76 49
leaf_count=860 235 2151 480 69 55 437 1199 523 622 1144 114 126 90 39 868 14030 3003 2662 241 534 195 80 42 20 130 23 135 353 76 49
internal_value=0.0140197 -0.840183 2.97783 2.63296 2.20697 5.64246 2.79241 -0.46156 0.158117 -0.168606 -1.22028 0.714038 6.81136 2.09354 -0.291965 -1.41107 3.24003 0.359504 -9.00107 1.65682 9.13043 5.13033 -1.25138 5.96172 -3.61546 -7.77433 -1.29089 -0.118563 -4.47924 -0.265172
internal_weight=30585 23745 6840 6360 5579 781 4780 578 8640 7396 3374 4022 216 1244 3019 15105 4202 3806 355 1205 344 149 14092 62 1013 153 799 588 211 583
internal_count=30585 23745 6840 6360 5579 781 4780 578 8640 7396 3374 4022 216 1244 3019 15105 4202 3806 355 1205 344 149 14092 62 1013 153 799 588 211 583
is_linear=0
shrinkage=0.05


Tree=61
num_leaves=31
num_cat=0
split_feature=10 10 1 2 11 6 4 11 24 17 1 17 11 4 4 9 11 23 17 11 9 14 23 16 10 13 6 24 11 11
split_gain=2.81955e+07 6.12349e+06 3.85283e+06 2.62708e+06 2.29229e+06 2.27144e+06 2.19809e+06 2.24882e+06 1.93134e+06 1.88702e+06 2.02457e+06 1.82887e+06 2.75408e+06 1.91699e+06 1.78993e+06 1.73111e+06 1.62814e+06 1.7854e+06 1.56024e+06 6.77992e+06 1.9259e+06 1.48439e+06 1.48347e+06 1.40517e+06 1.31032e+06 1.25386e+06 1.13756e+06 1.83692e+06 912216 870471
threshold=1706.1374638911916 1046.6642317271019 0.07815191598035949 0.58405734446265456 425.07594124034773 21696.998333333337 0.95345179898211219 595.13008241021805 6.1883898000000004 0.81174490092936691 0.086679291276755735 0.81174490092936691 576.46600801760758 0.63101017105871493 0.95787064569029223 2970.0870861186709 390.10552129938475 1.6046511000000001 -0.56174490092936669 614.20424327994806 2895.5032941072968 -0.70710678118654735 6.2677238000000006 1.0000000180025095e-35 2289.661802668134 27679.825000000004 42502.757500000007 3.4118986500000004 576.46600801760758 269.89323609900458
decision_type=2 2 2 2 2 2 2 2 2 2 2 2 2 2 2 2 2 2 2 2 2 2 2 2 2 2 2 2 2 2
left_child=1 5 3 8 -5 -1 7 -4 -2 10 -3 13 29 28 23 18 -11 -18 19 -8 -20 -15 -16 -12 -10 -19 27 -6 -7 -13
right_child=2 9 6 4 26 11 15 -9 24 16 14 12 -14 21 22 -17 17 25 20 -21 -22 -23 -24 -25 -26 -27 -28 -29 -30 -31
leaf_value=-4.0798245015719665 -4.2700362358404247 1.2549742378551398 1.0552340045571327 4.3532680380371991 -4.744199235977665 -3.0196071346090503 1.9232702285045535 -6.5874575055801659 1.7371659260832488 1.3622268817313403 -6.9828503424977217 -0.36773555896369825 11.636299883150587 -0.27039785139877781 0.92640428298404298 6.1373250697465505 -5.3154197335243225 -1.9296654589035933 3.189518814361719 -11.95539320450203 -7.3673564708232879 -1.4266735608204046 -1.9854347415001534 -1.2595653109498077 4.876303478058186 8.8662352103278756 15.246606671608101 8.1900645141360133 -10.238050928521664 2.8165063372064143
leaf_weight=642 87 2681 283 1075 26 978 636 140 703 573 177 2471 46 3756 1255 267 27 29 1362 97 40 10660 665 268 641 205 54 469 42 230
leaf_count=642 87 2681 283 1075 26 978 636 140 703 573 177 2471 46 3756 1255 267 27 29 1362 97 40 10660 665 268 641 205 54 469 42 230
internal_value=0.0135057 -0.727244 3.12377 4.35404 5.73122 -1.16712 1.78798 -1.52155 2.77658 0.68082 0.315393 -1.06318 0.125297 -1.27466 -0.750111 2.37277 2.87667 6.11319 1.88872 0.0180435 2.86318 -1.12561 -0.0846347 -3.58842 3.24689 7.51569 8.36565 7.46994 -3.36538 -0.0918641
internal_weight=30585 24705 5880 3055 1624 18825 2825 423 1431 5880 5046 18183 2747 15436 2365 2402 834 261 2135 733 1402 14416 1920 445 1344 234 549 495 1020 2701
internal_count=30585 24705 5880 3055 1624 18825 2825 423 1431 5880 5046 18183 2747 15436 2365 2402 834 261 2135 733 1402 14416 1920 445 1344 234 549 495 1020 2701
is_linear=0
shrinkage=0.05


Tree=62
num_leaves=31
num_cat=0
split_feature=26 6 15 7 15 4 7 7 11 11 6 11 6 6 15 5 12 11 15 11 6 12 26 23 11 6 5 11 14 11
split_gain=1.93436e+07 7.56861e+06 1.2232e+07 7.2984e+06 3.72717e+06 3.16017e+06 3.9073e+06 3.07889e+06 3.24909e+06 2.52928e+06 2.52872e+06 2.37831e+06 2.3267e+06 2.29336e+06 2.1718e+06 1.95488e+06 1.75989e+06 3.12012e+06 3.00924e+06 1.80432e+06 1.7527e+06 1.57958e+06 1.57863e+06 1.45572e+06 1.18143e+06 997957 908103 864735 719185 752519
threshold=12.633850000000001 30375.340833333335 -0.60355339059327384 380.05603431913977 -0.9159756150367534 0.79594076328328034 739.3636290339058 926.39038297204081 709.18839906504832 316.11610342264345 21696.998333333337 520.41605753204374 38053.147500000014 29315.593333333338 1.0000000180025095e-35 -400.00500000000005 44332.500000000007 412.5423184596591 -0.70710678118654757 190.30317605116554 22943.710833333338 39033.500000000007 19.249950000000002 7.9717285500000008 206.9757618120652 20008.381666666672 6.9850000000000145 360.44349352172293 -0.5 346.17131145310685
decision_type=2 2 2 2 2 2 2 2 2 2 2 2 2 2 2 2 2 2 2 2 2 2 2 2 2 2 2 2 2 2
left_child=12 2 11 16 7 20 14 8 -5 -6 -8 22 25 -13 -7 -11 18 -18 21 -20 23 -3 26 -4 -14 -1 -2 -24 -27 -30
right_child=1 3 5 4 9 6 10 -9 -10 15 -12 13 24 -15 -16 -17 17 -19 19 -21 -22 -23 27 -25 -26 28 -28 -29 29 -31
leaf_value=-5.1449499988692935 -4.7691386018480575 -3.4220368933880874 -11.417946899353073 0.90399970056717871 1.1016465585471249 -2.0168854473549644 -5.5309905951363705 16.039130592346194 -12.288426041603088 1.094523461494181 9.2551585812555484 -15.107564302539149 -0.03351977497647473 -1.3593515152401396 1.3680078977098926 6.3030436075713325 2.810362043551907 17.134419497047983 0.35882683069831628 2.5908310866849278 -1.2894827094517256 0.11486258286846525 -5.5389877784710668 0.93505346323992766 4.1462955415166993 -0.79411868541604569 1.9989914094077219 -14.023587387912679 -1.5440819963493981 -10.089930824133067
leaf_weight=169 107 435 81 451 336 562 30 25 47 202 211 136 2376 40 2891 1863 591 36 1482 2330 546 1116 99 32 177 4376 85 48 9684 21
leaf_count=169 107 435 81 451 336 562 30 25 47 202 211 136 2376 40 2891 1863 591 36 1482 2330 546 1116 99 32 177 4376 85 48 9684 21
internal_value=0.0128447 1.40099 -0.184531 2.26649 4.31235 0.680531 1.24997 0.481817 -0.450744 5.14398 7.33935 -7.43274 -1.12581 -12.1071 0.814959 5.79744 1.26503 3.76193 0.969873 1.72471 -2.49676 -0.884888 -4.86508 -8.02794 0.263786 -1.37477 -1.79789 -8.67997 -1.32771 -1.56777
internal_weight=30585 13782 4868 8914 2924 4353 3694 523 498 2401 241 515 16803 176 3453 2065 5990 627 5363 3812 659 1551 339 113 2553 14250 192 147 14081 9705
internal_count=30585 13782 4868 8914 2924 4353 3694 523 498 2401 241 515 16803 176 3453 2065 5990 627 5363 3812 659 1551 339 113 2553 14250 192 147 14081 9705
is_linear=0
shrinkage=0.05


Tree=63
num_leaves=31
num_cat=0
split_feature=10 10 1 15 2 15 11 11 1 2 11 8 13 8 6 11 15 24 11 11 9 10 15 9 26 5 24 15 18 6
split_gain=2.31621e+07 4.97054e+06 3.46389e+06 2.31569e+06 2.30149e+06 2.45021e+06 2.39933e+06 2.25875e+06 2.17551e+06 1.94065e+06 2.78815e+06 3.13476e+06 2.19794e+06 1.8438e+06 1.73451e+06 3.58796e+06 3.43699e+06 2.73257e+06 2.26282e+06 1.87515e+06 1.8277e+06 1.66914e+06 1.66202e+06 1.65461e+06 1.62533e+06 1.61746e+06 1.55296e+06 1.45635e+06 2.52364e+06 1.44757e+06
threshold=1706.1374638911916 1046.6642317271019 0.07815191598035949 -0.9829629131445341 0.56020500470501722 -0.5 400.20756300939792 425.07594124034773 0.084721040309403542 0.5294908243487747 614.20424327994806 1106.1013734149151 32934.875000000007 1786.1298771869133 28202.850833333338 739.19286622200468 -0.37940952255126009 8.5443190000000016 418.28706033867599 224.853204396319 221.66253622007531 232.86589403628523 -0.70710678118654757 540.38965734328144 18.160600000000006 -377.50000000000006 13.486521500000002 -0.78656609248549325 -0.6830127018922193 24131.927500000002
decision_type=2 2 2 2 2 2 2 2 2 2 2 2 2 2 2 2 2 2 2 2 2 2 2 2 2 2 2 2 2 2
left_child=1 8 4 -4 5 6 -2 -6 23 10 29 -12 -11 21 16 20 -3 18 -18 -19 -16 -10 -22 -1 -7 -14 -26 28 -9 -5
right_child=2 14 3 9 7 24 -8 27 13 12 11 -13 25 -15 15 -17 17 19 -20 -21 22 -23 -24 -25 26 -27 -28 -29 -30 -31
leaf_value=-0.97362951442746049 4.3736614528967408 -8.5969838956699647 -5.8426158941843935 10.744393033516117 3.7774055748940563 -0.16084128468728706 -9.8946142865465845 -0.45913874999336574 -5.3101483547798942 8.026470499939153 3.115545536069309 -8.8638819628260421 -2.537897566148251 8.3898421690199125 9.0491804051755089 11.401790642156834 -0.34993159966390641 1.1807069567663839 13.381412737071514 -3.3616666858626738 -0.72862332230975291 -1.6173085913181617 1.3472191932878539 0.40787356100399424 6.7819283016962917 2.6140939815943298 2.1950056626019392 9.2469451519705004 9.5247717507680267 0.94893956138196622
leaf_weight=8435 44 131 97 36 1225 293 72 133 316 170 80 154 164 40 62 77 56 455 59 445 1371 7121 3224 2913 329 1633 429 415 115 491
leaf_count=8435 44 131 97 36 1225 293 72 133 316 170 80 154 164 40 62 77 56 455 59 445 1371 7121 3224 2913 329 1633 429 415 115 491
internal_value=0.0119717 -0.659413 2.83099 1.5648 3.99736 2.23745 -4.52501 5.07638 -1.05572 1.83841 -0.304428 -4.78864 2.66613 -1.71772 0.609189 1.03163 -1.13271 -0.131873 6.95845 -1.07135 0.848108 -1.77769 0.727725 -0.618974 3.00177 2.13814 4.21736 7.43013 4.26704 1.71286
internal_weight=30585 24705 5880 2825 3055 1167 116 1888 18825 2728 761 234 1967 7477 5880 4734 1146 1015 115 900 4657 7437 4595 11348 1051 1797 758 663 248 527
internal_count=30585 24705 5880 2825 3055 1167 116 1888 18825 2728 761 234 1967 7477 5880 4734 1146 1015 115 900 4657 7437 4595 11348 1051 1797 758 663 248 527
is_linear=0
shrinkage=0.05


Tree=64
num_leaves=31
num_cat=0
split_feature=10 10 14 4 6 1 22 1 3 26 1 9 26 26 12 23 17 1 22 26 26 9 3 10 10 26 26 6 14 4
split_gain=2.09638e+07 4.48325e+06 3.1206e+06 3.1583e+06 2.74566e+06 2.71876e+06 2.14536e+06 1.92838e+06 2.88259e+06 1.84981e+06 1.83797e+06 1.65738e+06 1.55248e+06 1.49796e+06 1.33052e+06 1.61315e+06 1.25427e+06 1.24306e+06 1.23105e+06 1.82588e+06 2.02289e+06 1.29724e+06 1.32131e+06 1.20983e+06 1.18224e+06 1.15755e+06 992357 1.06561e+06 909402 842156
threshold=1173.6769452678893 2631.610696155893 -0.70710678118654735 1.1217164099534516 36343.611666666671 0.10592229655737891 2.5000000000000004 0.15364126980085169 1.2310013698282696 18.567550000000004 0.19305214367951343 2345.2743751583434 18.885400000000001 18.216350000000002 35341.500000000007 10.645456500000002 0.81174490092936691 0.04124901574957867 5.5000000000000009 14.636050000000003 14.939100000000002 1720.0260074008504 1.4133617053066219 489.05967234857729 1706.1374638911916 18.589750000000006 24.444700000000001 20008.381666666672 -0.70710678118654735 0.10055000000000001
decision_type=2 2 2 2 2 2 2 2 2 2 2 2 2 2 2 2 2 2 2 2 2 2 2 2 2 2 2 2 2 2
left_child=4 2 14 5 7 16 11 8 26 -7 -8 -5 -10 17 15 -2 -4 -3 21 -20 -21 22 -9 -6 -16 -23 27 -1 -15 -28
right_child=1 13 3 6 23 9 10 18 12 -11 -12 -13 -14 28 24 -17 -18 -19 19 20 -22 25 -24 -25 -26 -27 29 -29 -30 -31
leaf_value=-5.1265255106976753 9.7283904069178817 17.734207731339989 0.86214166462003927 3.9747835282787065 -0.83299819460488278 -0.084895563727560797 1.9962417874863183 -2.6726750721603385 13.292605504989623 -3.6254931327491668 -7.2205739218613205 10.678994815102939 2.4798550599121625 7.2878696306604116 1.4167822950565154 -0.67209213574727378 3.7204554704142541 6.2781288130143116 -2.1779064694300612 -15.851332364362831 -4.6841234551101438 -0.55904415409739427 7.6735097270458938 0.72968890303041412 3.854575556102799 13.37140315246582 -4.5684086561203001 -1.1259293277157305 3.4013746069701045 4.25006918474618
leaf_weight=164 143 36 3011 526 2049 1156 823 1133 35 537 53 111 219 202 895 49 436 80 230 63 117 36 27 3115 1140 20 29 13369 642 139
leaf_count=164 143 36 3011 526 2049 1156 823 1133 35 537 53 111 219 202 895 49 436 80 230 63 117 36 27 3115 1140 20 29 13369 642 139
internal_value=0.0118459 1.91197 1.55915 1.01545 -0.889681 0.423189 3.01945 -1.22075 -1.03013 -1.21533 1.40073 5.21717 4.19784 5.15044 3.17749 7.12416 1.22856 10.4198 -2.84847 -5.20786 -8.9157 -2.03484 -2.39992 0.109422 2.78855 5.10351 -1.12855 -1.17629 4.36906 2.6395
internal_weight=30585 9840 8880 6653 20745 5140 1513 15581 13955 1693 876 637 254 960 2227 192 3447 116 1626 410 180 1216 1160 5164 2035 56 13701 13533 844 168
internal_count=30585 9840 8880 6653 20745 5140 1513 15581 13955 1693 876 637 254 960 2227 192 3447 116 1626 410 180 1216 1160 5164 2035 56 13701 13533 844 168
is_linear=0
shrinkage=0.05


Tree=65
num_leaves=31
num_cat=0
split_feature=10 10 6 14 4 3 14 21 1 17 9 1 6 11 11 16 11 14 4 9 17 11 3 11 11 6 1 11 11 17
split_gain=1.91261e+07 4.06415e+06 2.96767e+06 3.10261e+06 3.00084e+06 2.24576e+06 2.79584e+06 2.59109e+06 1.98723e+06 1.76218e+06 2.14087e+06 1.80178e+06 1.71133e+06 1.81501e+06 1.69903e+06 1.52057e+06 1.42349e+06 1.35334e+06 1.34406e+06 1.74634e+06 1.28314e+06 1.23547e+06 1.07993e+06 994557 980013 2.00167e+06 935943 1.3192e+06 790041 761993
threshold=1706.1374638911916 921.29225017694137 42798.356666666674 -0.70710678118654735 1.1217164099534516 2.2357967022157044 -1.0000000180025095e-35 1.0000000180025095e-35 0.080540969049177027 0.81174490092936691 2803.4179486041867 0.086679291276755735 24980.067500000005 520.41605753204374 193.88810081328435 0.6078576107927941 109.34015893840511 -0.70710678118654735 0.10055000000000001 1402.6237858425727 0.81174490092936691 560.65504025192899 2.5924786695537843 104.6000843779817 390.10552129938475 22943.710833333338 0.11658082995994952 418.28706033867599 375.17067062483983 0.81174490092936691
decision_type=2 2 2 2 2 2 2 2 2 2 2 2 2 2 2 2 2 2 2 2 2 2 2 2 2 2 2 2 2 2
left_child=1 8 3 22 5 7 -7 -5 14 11 24 -3 13 23 -1 21 -13 -18 20 -20 -16 -6 26 -10 -11 -26 27 -2 -4 -14
right_child=2 9 28 4 15 6 -8 -9 12 10 -12 16 29 -15 18 -17 17 -19 19 -21 -22 -23 -24 -25 25 -27 -28 -29 -30 -31
leaf_value=-0.730103705305305 3.1835365867415715 0.84944784641264492 3.7575430206954481 0.54488264027982947 4.2921950699040359 -1.618762746808881 5.9249920775688123 -10.518690571520064 -1.3288772608980592 0.92219898678746803 14.394994844709124 2.4066792163562467 -1.5334874834162342 -12.054731733634554 -8.2700748079473332 7.4930920868306847 0.7191621590268511 -1.8160093294908422 2.2400048309139975 14.74545977274577 5.3771569903080279 -0.29467218565386399 9.7751392493087259 -4.295195186675616 -9.0093666241719177 5.7019362565530729 1.7404800103119251 6.978622577049463 9.8455229517992819 0.14684254107722552
leaf_weight=9489 564 3369 91 2655 478 171 415 49 531 809 30 303 5118 53 50 246 701 2081 467 25 21 210 84 615 21 246 351 401 165 776
leaf_count=9489 564 3369 91 2655 478 171 415 49 531 809 30 303 5118 53 50 246 701 2081 467 25 21 210 84 615 21 246 351 401 165 776
internal_value=0.0117732 -0.598318 2.57343 2.32902 1.64945 0.936244 3.7285 0.325334 -1.02408 0.367272 2.20656 0.050608 -1.66469 -3.3842 -0.571433 4.14328 -0.821718 -1.17704 2.08565 3.0175 -4.14471 2.90004 4.36619 -2.93254 1.80168 4.40034 3.98521 4.78846 7.79507 -1.31231
internal_weight=30585 24705 5880 5624 4224 3290 586 2704 17145 7560 1106 6454 7093 1199 10052 934 3085 2782 563 492 71 688 1400 1146 1076 267 1316 965 256 5894
internal_count=30585 24705 5880 5624 4224 3290 586 2704 17145 7560 1106 6454 7093 1199 10052 934 3085 2782 563 492 71 688 1400 1146 1076 267 1316 965 256 5894
is_linear=0
shrinkage=0.05


Tree=66
num_leaves=31
num_cat=0
split_feature=10 10 1 14 22 11 15 7 15 2 15 11 11 2 11 7 7 11 15 14 16 7 7 7 11 23 11 21 15 18
split_gain=1.72805e+07 3.54175e+06 3.26939e+06 2.58331e+06 2.67004e+06 4.74099e+06 6.48304e+06 2.13494e+06 2.11529e+06 2.02471e+06 2.1687e+06 2.121e+06 1.98385e+06 1.87599e+06 2.25718e+06 2.64063e+06 1.93531e+06 1.77264e+06 2.93645e+06 1.76076e+06 1.73894e+06 1.64441e+06 1.57499e+06 1.99278e+06 1.52679e+06 3.36913e+06 1.40013e+06 1.33284e+06 1.22827e+06 2.30858e+06
threshold=1663.4810707368877 484.7648770179436 0.07815191598035949 -0.70710678118654735 2.5000000000000004 295.04571564515408 1.0000000180025095e-35 867.10914946797095 -0.9159756150367534 0.56020500470501722 -0.5 400.20756300939792 425.07594124034773 0.49671158309661834 560.65504025192899 400.22302417199722 576.58915984026874 192.31524920848992 -0.12940952255126034 0.25881904510252091 -0.60785761079279388 739.3636290339058 456.98066971196971 709.52667636726585 668.06494927022538 7.6432585000000008 509.51803386083446 1.0000000180025095e-35 -0.78656609248549325 -0.6830127018922193
decision_type=2 2 2 2 2 2 2 2 2 2 2 2 2 2 2 2 2 2 2 2 2 2 2 2 2 2 2 2 2 2
left_child=1 -1 9 17 7 -6 -7 21 19 10 11 -2 -11 14 15 -10 -16 -3 20 22 -19 -5 -4 -24 -15 -26 -12 -20 29 -14
right_child=2 3 8 4 5 6 -8 -9 13 12 26 -13 28 24 16 -17 -18 18 27 -21 -22 -23 23 -25 25 -27 -28 -29 -30 -31
leaf_value=-1.2404215651684136 3.3130916619939463 0.23797322880489458 -1.602091968148502 0.46824488717406765 -0.53092252339314217 -8.3876799168045988 0.34252845524730013 10.483017057742714 -1.9980949370757395 3.3108786502317211 1.7801064443022874 -9.5826977949637868 -0.7294416641843493 1.6289218554919747 -12.217272174536292 8.7094050672319199 -1.7530406399398832 -5.0782909965515142 3.6961913228222887 2.9017026650662325 1.5023594659213959 -11.091271000523722 -14.753063076915163 1.9513352257864818 1.1457888174164403 10.921470417340597 6.6420261858554372 10.899915511078305 8.354098762178932 8.7688282508029012
leaf_weight=11254 51 1968 129 4164 4728 480 378 48 156 1309 928 72 133 1934 62 85 136 145 788 93 299 26 61 23 217 145 173 67 416 117
leaf_count=11254 51 1968 129 4164 4728 480 378 48 156 1309 928 72 133 1934 62 85 136 145 788 93 299 26 61 23 217 145 173 67 416 117
internal_value=0.0115903 -0.590193 2.35801 -0.0309439 -0.436032 -1.15358 -4.56175 0.509989 1.18126 3.47305 1.86398 -4.31472 4.46301 1.62317 -1.35953 1.87847 -5.25018 1.18596 2.61572 -2.73096 -0.679235 0.383369 -5.20067 -10.326 2.1952 5.15705 2.57068 4.32084 6.68586 3.80033
internal_weight=30585 24345 6240 13091 9824 5586 858 4238 3041 3199 1224 123 1975 2735 439 241 198 3267 1299 306 444 4190 213 84 2296 362 1101 855 666 250
internal_count=30585 24345 6240 13091 9824 5586 858 4238 3041 3199 1224 123 1975 2735 439 241 198 3267 1299 306 444 4190 213 84 2296 362 1101 855 666 250
is_linear=0
shrinkage=0.05


Tree=67
num_leaves=31
num_cat=0
split_feature=10 10 4 14 6 15 11 6 15 11 17 11 17 5 11 15 15 12 14 5 2 14 11 15 11 26 4 14 23 23
split_gain=1.57804e+07 3.95446e+06 2.70364e+06 2.77804e+06 2.81623e+06 4.71179e+06 2.10207e+06 1.8824e+06 2.17054e+06 2.78869e+06 3.49427e+06 1.79536e+06 1.75359e+06 1.66913e+06 1.93985e+06 3.6303e+06 1.49774e+06 1.48772e+06 1.45956e+06 1.43072e+06 1.32135e+06 1.27825e+06 2.33007e+06 1.09949e+06 1.09374e+06 945717 930881 928545 798751 684238
threshold=1097.1830890323909 2548.6437464042765 1.1997576838897079 -0.70710678118654735 35668.942500000012 -0.70710678118654757 400.20756300939792 38509.695000000007 -0.5 122.49747787530427 0.81174490092936691 329.63139159596329 -0.56174490092936669 70.000000000000028 299.42770225776047 0.37940952255126043 0.96592582628906831 36542.500000000007 0.25881904510252091 -584.00499999999988 0.468835099884162 -0.60355339059327362 247.26169252403 -0.9829629131445341 206.9757618120652 18.786450000000006 0.67320704801513531 0.25881904510252091 6.4001635000000006 1.6046511000000001
decision_type=2 2 2 2 2 2 2 2 2 2 2 2 2 2 2 2 2 2 2 2 2 2 2 2 2 2 2 2 2 2
left_child=7 2 3 6 5 -5 -2 8 9 -1 11 -11 -4 21 -15 -16 19 -8 -6 -3 -21 22 -10 -22 -9 -14 -23 -12 -18 -27
right_child=1 16 12 4 18 -7 17 24 13 10 27 -13 25 14 15 -17 28 -19 -20 20 23 26 -24 -25 -26 29 -28 -29 -30 -31
leaf_value=-1.057569406726875 1.4415977152173203 -1.911815161129524 0.27076023249662129 -4.5007085269402811 0.64680698906889278 0.26718794946516577 8.6791649129079733 0.19808231046070646 -0.38368632378836676 -3.6945134296096871 -0.64643052195849482 -8.5064281553280452 5.6792438351332661 0.03409535864836484 -2.1331938749551775 9.3049979591510716 3.0255772803692107 3.2152875604548559 3.2802294532481868 -4.204025761935176 -2.5031232833862305 -2.663625115113577 4.951218970113211 4.6158041260432388 4.4095979195043267 -5.9098448956012728 -1.0016344378892155 5.5609926825532554 11.875178427215328 2.7577856390727198
leaf_weight=3322 1622 111 285 603 1209 3504 179 2171 2765 1182 141 233 610 1184 115 164 42 422 931 44 54 957 216 1106 161 25 6955 99 83 90
leaf_count=3322 1622 111 285 603 1209 3504 179 2171 2765 1182 141 233 610 1184 115 164 42 422 931 44 54 957 216 1106 161 25 6955 99 83 90
internal_value=0.0111591 1.53485 1.16271 0.869879 0.328967 -0.437456 2.38576 -0.835119 -1.01453 -1.89574 -3.56988 -4.51406 3.60197 -0.658949 0.924456 4.6356 3.97223 4.9009 1.79747 3.44891 3.94903 -0.871942 0.0105018 4.27504 0.497677 4.90059 -1.20422 1.97516 9.13283 0.705369
internal_weight=30585 10920 9480 8470 6247 4107 2223 19665 17333 4977 1655 1415 1010 12356 1463 279 1440 601 2140 1315 1204 10893 2981 1160 2332 725 7912 240 125 115
internal_count=30585 10920 9480 8470 6247 4107 2223 19665 17333 4977 1655 1415 1010 12356 1463 279 1440 601 2140 1315 1204 10893 2981 1160 2332 725 7912 240 125 115
is_linear=0
shrinkage=0.05


Tree=68
num_leaves=31
num_cat=0
split_feature=9 8 7 8 2 13 11 7 22 11 23 0 0 8 11 23 11 17 11 11 14 13 13 26 23 11 26 18 9 26
split_gain=1.25236e+07 3.23765e+06 2.54466e+06 1.98825e+06 1.59017e+06 1.97969e+06 1.87005e+06 1.54235e+06 1.46034e+06 2.38315e+06 4.36034e+06 8.00697e+06 1.91174e+06 1.80645e+06 1.63095e+06 1.38007e+06 1.35766e+06 1.33248e+06 1.90356e+06 1.84737e+06 1.23151e+06 1.15374e+06 1.1172e+06 1.30707e+06 1.08017e+06 1.01579e+06 926641 958682 894527 952023
threshold=1699.6209308463654 478.45318210849354 739.3636290339058 3302.9503335992745 0.49671158309661834 28400.150000000005 595.13008241021805 456.98066971196971 2.5000000000000004 520.41605753204374 8.1984135000000027 0.46354000387391053 0.50488326144062734 1911.1456186422686 290.77128328696205 14.401759500000002 247.26169252403 0.81174490092936691 509.51803386083446 99.536053447953677 0.25881904510252091 29387.120000000006 26407.890000000003 18.567550000000004 4.0661285000000005 338.3537910039542 18.620500000000003 -0.24999999999999997 527.72862677927287 6.7888500000000009
decision_type=2 2 2 2 2 2 2 2 2 2 2 2 2 2 2 2 2 2 2 2 2 2 2 2 2 2 2 2 2 2
left_child=1 17 3 4 6 -6 7 -2 14 13 11 -11 -12 25 -3 -15 -7 19 -19 -1 -8 24 -4 -24 -16 -10 27 -25 29 -21
right_child=2 8 22 -5 5 16 20 -9 9 10 12 -13 -14 15 21 -17 -18 18 -20 28 -22 -23 23 26 -26 -27 -28 -29 -30 -31
leaf_value=-1.0850323157088033 -1.2630339887248938 0.24279148056094743 -4.1339637633292901 8.2453156132983363 10.018958061218264 -0.31191933269413541 1.9776652113596598 5.4930041245654628 -0.22560943560457575 13.940997882628105 -13.933911865127499 -6.0000856548375481 2.2876219177246093 5.2115933304961697 4.6774637215592891 -4.6278453557990318 2.17893302188787 -0.19202012189430845 9.9037241230408366 -4.2232137686594298 -10.554991889993351 3.7511417092519248 10.56145193717059 4.0426492460096002 -1.8175832708088455 -2.4079938188559309 9.312634791268243 -5.1425071507692337 -6.4173091313378379 -1.44112146563828
leaf_weight=6719 330 5250 26 112 70 641 25 108 7702 66 111 168 20 230 84 38 3681 1707 43 519 67 618 114 306 223 568 76 27 171 765
leaf_count=6719 330 5250 26 112 70 641 25 108 7702 66 111 168 20 230 84 38 3681 1707 43 519 67 618 114 306 223 568 76 27 171 765
internal_value=0.0108556 -0.467341 2.15084 1.79464 1.63963 1.95166 -0.940161 0.445921 -0.00566245 -0.415382 -4.34405 -0.201481 -11.4639 -0.244981 0.584914 3.75706 1.80957 -1.16843 0.0835272 -1.43636 -7.22247 2.51489 5.37128 5.87858 0.00588233 -0.37687 4.46142 3.2327 -3.04943 -2.57772
internal_weight=30585 25002 5583 5034 4922 4392 530 438 15078 8903 365 234 131 8538 6175 268 4322 9924 1750 8174 92 925 549 523 307 8270 409 333 1455 1284
internal_count=30585 25002 5583 5034 4922 4392 530 438 15078 8903 365 234 131 8538 6175 268 4322 9924 1750 8174 92 925 549 523 307 8270 409 333 1455 1284
is_linear=0
shrinkage=0.05


Tree=69
num_leaves=31
num_cat=0
split_feature=10 10 7 15 10 15 4 23 11 17 17 15 4 11 17 15 11 15 11 11 26 15 23 15 10 19 10 8 26 13
split_gain=1.32209e+07 2.89642e+06 2.85498e+06 2.86552e+06 2.54903e+06 2.11045e+06 1.83697e+06 1.77448e+06 1.57114e+06 2.07353e+06 1.52159e+06 2.48014e+06 2.38812e+06 1.38513e+06 1.30755e+06 3.54779e+06 2.42504e+06 2.32375e+06 5.77578e+06 2.64872e+06 1.07933e+06 2.17309e+06 1.23902e+06 1.18211e+06 1.04847e+06 1.01254e+06 898903 884812 722010 1.27494e+06
threshold=1706.1374638911916 582.23144018365736 739.3636290339058 -0.9829629131445341 2767.1847758161971 -0.9159756150367534 0.72597540682601724 6.0916937000000013 252.26299266618435 0.81174490092936691 0.81174490092936691 -0.12940952255126034 0.95345179898211219 631.09926442692938 0.81174490092936691 -0.12940952255126034 346.17131145310685 -0.12940952255126034 338.3537910039542 456.93634900424689 18.579800000000002 0.1294095225512602 8.9836310000000008 -0.37940952255126009 166.95333112748082 0.25000000000000017 2374.987419907327 2921.6531414937131 18.190700000000003 43707.545000000006
decision_type=2 2 2 2 2 2 2 2 2 2 2 2 2 2 2 2 2 2 2 2 2 2 2 2 2 2 2 2 2 2
left_child=1 24 3 13 10 7 -4 -3 -9 -10 12 -12 -5 -2 17 16 -16 18 -7 -19 23 22 -22 26 -1 -17 -8 -23 -6 -30
right_child=2 5 6 4 28 14 20 8 9 -11 11 -13 -14 -15 15 25 -18 19 -20 -21 21 27 -24 -25 -26 -27 -28 -29 29 -31
leaf_value=-4.237057434112919 -2.226197490994545 1.2101589443972549 -3.9396794542670253 -1.6154415068272567 12.149585358301799 -0.16423160544019882 -2.5473381161689761 -1.3518025988690037 -7.475447624301359 1.2196676261247472 8.1895324646125189 1.3252607018500566 1.8747522761069655 -14.39567240962276 2.506490318176501 1.0798094958558335 9.3995890349627818 0.46848596432202716 -6.5302587359996851 5.2907478524754383 9.8897239674159465 2.0097377637608185 -1.3814551889896394 13.53193772701507 -0.9449791585866617 -2.2763615019917487 10.249635468482971 -8.1834465179443363 6.1155962286999932 -5.9279300193786622
leaf_weight=242 199 388 43 561 43 2913 27 728 276 89 224 315 3696 22 420 556 182 5020 401 297 170 139 27 89 12823 370 20 20 265 20
leaf_count=242 199 388 43 561 43 2913 27 728 276 89 224 315 3696 22 420 556 182 5020 401 297 170 139 27 89 12823 370 20 20 265 20
internal_value=0.0105421 -0.496697 2.14034 1.78822 2.02962 0.0768891 5.60905 -1.68316 -2.71113 -5.3673 1.73373 4.22709 1.41344 -3.72955 0.33418 1.67982 4.65079 0.0951117 -0.943225 0.742578 6.47493 4.90654 8.34874 10.2605 -1.00756 -0.266179 3.35916 0.516866 6.26484 5.18263
internal_weight=30585 24705 5880 5345 5124 11640 535 1481 1093 365 4796 539 4257 221 10159 1528 602 8631 3314 5317 492 356 197 136 13065 926 47 159 328 285
internal_count=30585 24705 5880 5345 5124 11640 535 1481 1093 365 4796 539 4257 221 10159 1528 602 8631 3314 5317 492 356 197 136 13065 926 47 159 328 285
is_linear=0
shrinkage=0.05


Tree=70
num_leaves=31
num_cat=0
split_feature=9 1 11 4 14 21 23 17 11 12 11 9 1 2 9 11 1 16 8 12 26 11 5 18 12 14 11 2 11 12
split_gain=1.04241e+07 4.47714e+06 3.50829e+06 3.23217e+06 2.44521e+06 3.14996e+06 2.14261e+06 1.80547e+06 2.63406e+06 1.80394e+06 1.92553e+06 1.66171e+06 1.65905e+06 1.26991e+06 1.60008e+06 1.34243e+06 1.26408e+06 1.2226e+06 1.2167e+06 1.13625e+06 1.11345e+06 1.09377e+06 1.3944e+06 1.12715e+06 1.05165e+06 1.02377e+06 996313 981038 1.39733e+06 962144
threshold=1049.3359823433866 0.07815191598035949 412.5423184596591 0.95345179898211219 -0.5 1.0000000180025095e-35 8.4368815000000019 0.81174490092936691 576.46600801760758 29341.500000000004 472.37178621456525 3151.2881327577629 0.081621406900387647 0.51894117900116454 133.87200642658311 329.63139159596329 0.24704976018373964 -1.0000000180025095e-35 1223.5762089648749 32214.500000000004 6.7888500000000009 531.76801472283285 199.00000000000009 0.25000000000000006 31934.000000000004 -0.78656609248549292 255.08112789510906 0.67648389304828604 180.37953340173613 43972.500000000007
decision_type=2 2 2 2 2 2 2 2 2 2 2 2 2 2 2 2 2 2 2 2 2 2 2 2 2 2 2 2 2 2
left_child=12 2 26 7 -4 6 -6 8 19 -9 -11 16 18 15 24 20 29 -17 27 -3 -14 22 -20 -24 -15 -10 -2 -1 -29 -5
right_child=1 3 4 11 5 -7 -8 9 25 10 -12 -13 13 14 -16 17 -18 -19 21 -21 -22 -23 23 -25 -26 -27 -28 28 -30 -31
leaf_value=-0.61640238738541397 0.82695142287341317 1.6291788509211589 7.6172999337145839 0.48129268456997765 6.1311058525443087 -11.791630234037129 0.85694008773879016 -7.4351462279425737 1.0979087029733967 -0.079246462725881317 9.950088559640081 6.0405717046468856 -4.2681925529609046 -0.80745363879848187 -0.96117271241068625 -7.9467873391459936 -6.0963166440234469 -0.87300999688379699 1.2579135901863512 -2.9100681658249261 -1.1951254372138747 -4.3908501521746315 16.068782879511517 4.3589681517946852 10.727370787640007 -9.2862705725053001 2.3952021404961124 0.27390205983093241 5.5931458834807088 2.5785342758626872
leaf_weight=9441 2161 189 434 3933 395 30 375 40 26 129 71 144 364 32 5616 177 63 94 365 479 1504 55 25 86 44 184 1915 1453 130 631
leaf_count=9441 2161 189 434 3933 395 30 375 40 26 129 71 144 364 32 5616 177 63 94 365 479 1504 55 25 86 44 184 1915 1453 130 631
internal_value=0.0102055 1.22437 2.27648 0.274567 4.60808 2.93835 3.58468 -2.13934 -3.18622 1.67717 3.63677 0.841881 -0.691331 -1.25298 -0.861328 -2.29072 0.673732 -5.5536 -0.310312 -1.62312 -1.80377 2.01634 2.79471 7.57569 6.11994 -8.00474 1.5658 -0.423249 0.726999 0.773764
internal_weight=30585 11199 5310 5889 1234 800 770 1118 878 240 200 4771 19386 7831 5692 2139 4627 271 11555 668 1868 531 476 111 76 210 4076 11024 1583 4564
internal_count=30585 11199 5310 5889 1234 800 770 1118 878 240 200 4771 19386 7831 5692 2139 4627 271 11555 668 1868 531 476 111 76 210 4076 11024 1583 4564
is_linear=0
shrinkage=0.05


Tree=71
num_leaves=31
num_cat=0
split_feature=10 1 7 9 9 12 23 1 11 17 12 11 22 0 6 11 9 11 8 9 9 8 19 10 6 6 11 9 24 7
split_gain=1.10092e+07 3.09361e+06 2.58243e+06 2.37993e+06 2.46891e+06 2.23772e+06 2.7422e+06 1.78411e+06 2.167e+06 3.67389e+06 1.84048e+06 1.64063e+06 1.48336e+06 1.56557e+06 1.90393e+06 1.3827e+06 1.36958e+06 1.35311e+06 1.28809e+06 1.13705e+06 1.11071e+06 1.01588e+06 996493 1.12651e+06 1.21858e+06 880560 859160 1.19331e+06 819235 727345
threshold=1097.1830890323909 0.061552621303690887 425.10869052098866 133.87200642658311 3050.8705243132035 41908.500000000007 12.496859000000002 0.13006485369619034 509.51803386083446 1.0000000180025095e-35 32638.500000000004 215.26295192261028 5.5000000000000009 0.51143061044271121 28412.020000000004 777.22274205627548 929.96927329976768 488.30152107479847 1699.6209308463654 474.25041163515169 312.51673688218676 2312.5587359574915 -0.68301270189221952 2695.7789523617867 42502.757500000007 23165.886666666669 280.17707909155911 691.30499012125676 12.776583500000003 576.58915984026874
decision_type=2 2 2 2 2 2 2 2 2 2 2 2 2 2 2 2 2 2 2 2 2 2 2 2 2 2 2 2 2 2
left_child=7 2 22 -3 5 6 -5 8 19 10 -10 -9 18 14 -14 29 -15 -7 25 -1 -11 -6 -2 28 -25 -13 -21 -28 -24 -4
right_child=1 3 15 4 21 17 -8 11 9 20 -12 12 13 16 -16 -17 -18 -19 -20 26 -22 -23 23 24 -26 -27 27 -29 -30 -31
leaf_value=-0.97725175321623059 3.6367290221211244 9.0268347613782769 5.1952046357299366 0.1063109849202869 11.037914438067743 1.4544548652809663 -4.4393637099152423 -1.1709956459684563 -10.769412923540388 3.5138714130108171 6.5247485228947228 -6.9717082734201474 -12.935209128016332 -6.7694819249604876 1.6704664414928807 12.422626243697273 5.1561878703889397 6.2063106077355013 8.4146290461222346 -0.28035722265006396 18.421438480460125 3.3822262620080035 -0.20615612920120127 2.7374026293937979 12.171849308230662 -1.650078956656537 -2.256653264793409 2.9358075895477413 1.6589223576207173 2.3325019191911855
leaf_weight=7799 522 78 579 4526 48 1215 353 2394 30 21 23 97 117 52 26 49 37 167 22 8064 41 298 950 177 39 349 142 451 1539 380
leaf_count=7799 522 78 579 4526 48 1215 353 2394 30 21 23 97 117 52 26 49 37 167 22 8064 41 298 950 177 39 349 142 451 1539 380
internal_value=0.00985253 1.28252 2.33913 0.611895 0.505792 0.276791 -0.226771 -0.697005 -0.490897 6.20467 -3.34804 -1.7983 -3.92008 -7.15427 -10.3126 4.54386 -1.80054 2.04901 -2.25803 -0.539562 14.0119 4.58654 1.64447 1.25399 4.67791 -2.87204 -0.144909 1.68386 0.948054 4.0789
internal_weight=30585 10920 4235 6685 6607 6261 4879 19665 16571 115 53 3094 700 232 143 1008 89 1382 468 16456 62 346 3227 2705 216 446 8657 593 2489 959
internal_count=30585 10920 4235 6685 6607 6261 4879 19665 16571 115 53 3094 700 232 143 1008 89 1382 468 16456 62 346 3227 2705 216 446 8657 593 2489 959
is_linear=0
shrinkage=0.05


Tree=72
num_leaves=31
num_cat=0
split_feature=10 7 6 15 4 6 6 6 1 9 10 15 16 6 23 26 1 7 16 10 7 6 9 15 26 17 15 23 1 1
split_gain=1.01065e+07 2.64009e+06 2.777e+06 3.14213e+06 2.6124e+06 2.36928e+06 2.14789e+06 1.83687e+06 1.81948e+06 1.80964e+06 1.79562e+06 1.77059e+06 6.11595e+06 2.18261e+06 2.002e+06 1.76126e+06 2.18355e+06 1.62731e+06 1.56236e+06 1.49584e+06 1.44888e+06 1.37799e+06 1.25443e+06 1.08582e+06 957512 906964 883797 872996 866525 941801
threshold=1756.7994164434776 739.3636290339058 42798.356666666674 -0.9159756150367534 0.96555934699739054 38138.140000000007 33137.590833333343 28129.700833333336 0.15926292198568234 2895.5032941072968 519.67329902536756 -0.12940952255126034 -0.60785761079279388 26644.033333333336 6.1802585000000008 14.239450000000001 0.24704976018373964 709.52667636726585 -0.8783796973249266 2612.5536112046047 435.66904081343336 25539.136666666669 2312.5587359574915 0.37940952255126043 18.589750000000006 0.81174490092936691 -0.5 6.9484064500000011 0.13815152223009083 0.11573843638251087
decision_type=2 2 2 2 2 2 2 2 2 2 2 2 2 2 2 2 2 2 2 2 2 2 2 2 2 2 2 2 2 2
left_child=4 2 3 5 7 18 8 17 -5 -7 -6 12 13 -12 -14 -13 -17 26 -2 -8 25 24 23 -23 -3 -9 -1 -28 29 -24
right_child=1 21 -4 6 10 9 19 20 -10 -11 11 15 14 -15 -16 16 -18 -19 -20 -21 -22 22 28 -25 -26 -27 27 -29 -30 -31
leaf_value=-4.1322508882308746 1.1723355067690135 5.653911823272705 6.6374679444393436 1.2219655527128053 -0.65515754045615204 1.9405697885003403 2.1604154022054716 -1.1970801495287182 -3.0209479659994445 -10.80791354025564 -8.679259559990447 0.05686605037659679 2.5163665044364842 -2.4634621802385728 -0.088642362572566247 2.0417141463219526 -7.6161360692977915 -13.297513744410347 -8.3775695162977879 5.3265917017357429 3.6216407033501476 14.295231194526721 4.265556255190269 5.2870554827153686 -7.0662192241565611 0.62828084176921706 -2.5601560514923687 -0.25061645179190711 10.718532833845721 -4.4155616090104388
leaf_weight=480 55 20 256 1600 8103 269 1754 3572 295 26 157 2791 1097 1184 2229 2712 55 29 172 475 184 73 225 75 32 837 1105 650 41 32
leaf_count=480 55 20 256 1600 8103 269 1754 3572 295 26 157 2791 1097 1184 2229 2712 55 29 172 475 184 73 225 75 32 837 1105 650 41 32
internal_value=0.00992921 1.97176 1.61577 1.33222 -0.411019 -2.30696 1.7951 -1.24319 0.555221 0.655403 -0.0994266 0.341073 -0.376742 -3.22076 0.773029 0.943622 1.83633 -2.40738 -6.0881 2.84556 -0.667323 5.42494 6.31673 10.0526 -2.10618 -0.850225 -2.23668 -1.70794 4.32592 3.12081
internal_weight=30585 5400 4902 4646 25185 522 4124 6857 1895 295 18328 10225 4667 1341 3326 5558 2767 2264 227 2229 4593 498 446 148 52 4409 2235 1755 298 257
internal_count=30585 5400 4902 4646 25185 522 4124 6857 1895 295 18328 10225 4667 1341 3326 5558 2767 2264 227 2229 4593 498 446 148 52 4409 2235 1755 298 257
is_linear=0
shrinkage=0.05


Tree=73
num_leaves=31
num_cat=0
split_feature=10 7 4 15 11 0 15 11 10 15 20 11 11 19 21 22 15 11 15 11 22 7 11 1 4 1 1 4 0 1
split_gain=9.13302e+06 2.40184e+06 2.35953e+06 2.33814e+06 3.33595e+06 3.27459e+06 2.58381e+06 1.97358e+06 1.61942e+06 1.60003e+06 4.17035e+06 3.37413e+06 3.2725e+06 9.22331e+06 1.9708e+06 1.46609e+06 1.93337e+06 2.0232e+06 1.45436e+06 1.8953e+06 1.83306e+06 1.28051e+06 1.18296e+06 1.34384e+06 1.14196e+06 1.71513e+06 1.20856e+06 1.08575e+06 1.55323e+06 1.02931e+06
threshold=1756.7994164434776 739.3636290339058 0.96555934699739054 -0.9159756150367534 709.18839906504832 0.40675408621581371 0.98296291314453432 631.09926442692938 519.67329902536756 0.1294095225512602 1.0000000180025095e-35 441.98575352340697 379.89625017337096 -0.5 1.0000000180025095e-35 1.0000000180025095e-35 -0.12940952255126034 260.27376991069622 -0.12940952255126034 124.7734942137506 3.5000000000000004 631.16248673136681 400.20756300939792 0.12428960263369709 1.0111109876570648 0.11499628604412611 0.037581011403084889 1.1025544606348257 0.35852127283081475 0.069201051545509221
decision_type=2 2 2 2 2 2 2 2 2 2 2 2 2 2 2 2 2 2 2 2 2 2 2 2 2 2 2 2 2 2
left_child=2 3 15 4 27 22 7 -7 -4 10 14 -12 -11 -14 -10 16 17 -1 19 -17 -21 -20 -5 -24 25 -3 -26 29 -29 -2
right_child=1 24 8 5 -6 6 -8 -9 9 12 11 -13 13 -15 -16 18 -18 -19 21 20 -22 -23 23 -25 26 -27 -28 28 -30 -31
leaf_value=0.69829755855368358 0.53078623192975061 5.4780871234786126 -0.62241986505699876 2.3680597740823717 -14.938688021046776 0.80763642584185169 6.5759395705482184 -3.6465532823042439 0.84409608460572871 0.54594680578304633 -1.5973695428913794 -8.9671110531943192 13.839130266727006 -0.29496210324592403 -4.9821772121041032 -1.2824655365261617 -1.7912845098282268 7.2253757355014487 -0.69884140376231418 -1.6334130730816268 -5.9934026837872709 -9.1074187734852678 6.0289400086556597 1.3761204797168112 -3.5163984546294582 -3.5670186378667132 8.2771656466829171 6.4075880757475323 -3.9644569538257741 -4.3800980621638397
leaf_weight=576 238 150 8103 1091 37 1902 168 281 3775 4221 1419 170 176 318 146 1425 591 145 3088 427 564 41 631 210 21 75 252 108 49 187
leaf_count=576 238 150 8103 1091 37 1902 168 281 3775 4221 1419 170 176 318 146 1425 591 145 3088 427 564 41 631 210 21 75 252 108 49 187
internal_value=0.00937485 1.87433 -0.390787 1.53479 -1.32924 1.94979 0.693924 0.227239 -0.0946585 0.323671 -0.254864 -2.41151 0.999318 4.82878 0.621071 -1.18165 0.320358 2.05175 -1.53702 -2.45762 -4.13246 -0.823391 3.47226 4.88218 5.16799 2.45083 7.32286 -0.344073 3.1477 -1.65569
internal_weight=30585 5400 25185 4902 619 4283 2351 2183 18328 10225 5510 1589 4715 494 3921 6857 1312 721 5545 2416 991 3129 1932 841 498 225 273 582 157 425
internal_count=30585 5400 25185 4902 619 4283 2351 2183 18328 10225 5510 1589 4715 494 3921 6857 1312 721 5545 2416 991 3129 1932 841 498 225 273 582 157 425
is_linear=0
shrinkage=0.05


Tree=74
num_leaves=31
num_cat=0
split_feature=10 15 1 7 1 7 17 26 21 15 4 14 7 26 1 9 26 24 10 26 22 9 1 15 15 24 15 9 8 15
split_gain=8.29224e+06 3.09553e+06 2.46574e+06 2.15515e+06 1.71022e+06 2.69639e+06 2.49386e+06 1.69997e+06 1.92654e+06 4.25829e+06 1.52173e+06 1.32243e+06 1.30184e+06 1.46226e+06 1.7313e+06 2.924e+06 1.64741e+06 1.2826e+06 1.06325e+06 1.0608e+06 904138 1.26406e+06 834552 806840 793301 787680 828165 774685 771913 761980
threshold=1173.6769452678893 -0.9829629131445341 0.061552621303690887 425.10869052098866 0.14429117344799927 531.8410496750497 1.0000000180025095e-35 18.786450000000006 1.0000000180025095e-35 -0.12940952255126034 1.1958333420576872 -0.5 221.78921163140225 15.500850000000002 0.22920403930075578 1720.0260074008504 14.725100000000001 12.333636000000002 519.67329902536756 18.793050000000004 2.5000000000000004 71.155737247132606 0.13522422607677229 -0.37940952255126009 0.98296291314453432 5.872769850000001 -0.12940952255126034 1426.8210489660182 439.72757489685841 -0.70710678118654757
decision_type=2 2 2 2 2 2 2 2 2 2 2 2 2 2 2 2 2 2 2 2 2 2 2 2 2 2 2 2 2 2
left_child=4 17 3 25 5 11 -7 8 10 -10 -4 18 27 16 15 -15 -14 22 -1 -9 23 -22 -2 -13 -5 -3 -27 -6 -18 -21
right_child=1 2 7 24 12 6 -8 19 9 -11 -12 20 13 14 -16 -17 28 -19 -20 29 21 -23 -24 -25 -26 26 -28 -29 -30 -31
leaf_value=-0.36932544616416291 -3.450123312607408 4.0605288574224927 0.93897792032470528 4.1134769832154356 -1.2938131085890268 -2.5984447389035612 14.436299777853078 -6.6893866310859558 -12.479020778043772 3.2246749436443154 3.7098455099641749 0.42320141441777803 -2.9626246702259986 -1.9426425146892314 -8.869997729273404 12.761611038599259 -3.5666397612435476 1.324007560841499 0.96597002304610413 -4.0200518717298976 -5.1058691844190527 -1.007521779518638 -10.540948215520608 -0.81831901486032044 11.157227325439454 0.26298150345308696 2.1628675368937635 5.8484858262233246 -13.670360172496125 0.1123484124001225
leaf_weight=3845 245 304 4377 908 1624 32 53 82 76 89 555 2399 140 249 63 34 30 119 2428 138 189 6677 48 2868 39 990 1364 34 80 506
leaf_count=3845 245 304 4377 908 1624 32 53 82 76 89 555 2399 140 249 63 34 30 119 2428 138 189 6677 48 2868 39 990 1364 34 80 506
internal_value=0.00882421 1.20386 1.38971 2.41664 -0.558171 -0.399386 8.23459 0.752402 1.07497 -4.16254 1.25424 -0.441486 -1.857 -3.85263 -1.70623 0.0146584 -6.73135 -3.01445 0.147858 -1.50401 -0.746128 -1.12398 -4.7693 -0.25296 4.46069 1.68135 1.36612 -1.13017 -11.1901 -0.797238
internal_weight=30585 9840 9428 3605 20745 18491 85 5823 5097 165 4932 18406 2254 596 346 283 250 412 6273 726 12133 6866 293 5267 947 2658 2354 1658 110 644
internal_count=30585 9840 9428 3605 20745 18491 85 5823 5097 165 4932 18406 2254 596 346 283 250 412 6273 726 12133 6866 293 5267 947 2658 2354 1658 110 644
is_linear=0
shrinkage=0.05


Tree=75
num_leaves=31
num_cat=0
split_feature=10 7 1 26 4 2 15 11 3 15 14 24 13 15 24 2 11 10 14 11 15 15 11 17 15 11 15 11 16 2
split_gain=7.53604e+06 2.12773e+06 2.12787e+06 2.9237e+06 2.06196e+06 1.7761e+06 2.27208e+06 1.82061e+06 1.81864e+06 1.69138e+06 1.86226e+06 1.6429e+06 1.51769e+06 1.46834e+06 1.39695e+06 1.67545e+06 1.38008e+06 1.3489e+06 1.40491e+06 1.91416e+06 2.68936e+06 1.3488e+06 1.49903e+06 1.26909e+06 1.71663e+06 1.78628e+06 1.292e+06 1.67729e+06 1.53316e+06 1.26267e+06
threshold=1756.7994164434776 739.3636290339058 0.14161696835341123 18.559050000000003 0.96555934699739054 0.59102396779143163 -0.5 400.20756300939792 2.4674322294762998 -0.9159756150367534 0.25881904510252091 11.547504000000002 38312.140000000007 -0.12940952255126034 5.4023543000000016 0.72776466763101022 400.20756300939792 484.7648770179436 -0.70710678118654735 295.04571564515408 0.1294095225512602 0.96592582628906831 520.41605753204374 0.81174490092936691 -0.12940952255126034 260.27376991069622 -0.12940952255126034 114.45856643283396 1.0000000180025095e-35 0.63597520602086322
decision_type=2 2 2 2 2 2 2 2 2 2 2 2 2 2 2 2 2 2 2 2 2 2 2 2 2 2 2 2 2 2
left_child=4 2 5 14 23 6 7 -2 -8 10 -7 12 -5 -13 15 -4 -11 -6 19 -19 -21 29 -23 26 25 -25 27 -1 -29 -20
right_child=1 -3 3 11 17 9 8 -9 -10 16 -12 13 -14 -15 -16 -17 -18 18 21 20 -22 22 -24 24 -26 -27 -28 28 -30 -31
leaf_value=-1.0838912463960262 1.8015256614140842 4.8021102601443797 -5.0918776062646867 -14.852274135626281 -0.60158085539982631 -2.0708380723262536 0.91090379289553158 -7.1923501875226865 7.3063970467623554 2.3251491651830136 4.3698608796523759 4.8078646246876033 -2.7738018098867165 -5.0744951205006963 3.9125981619589441 8.6175218582153317 5.2413292980438868 0.60883698227663441 -0.7667441726664076 0.096225829383730893 7.2480008013651407 1.2801872315049032 10.565746755185335 0.66254902445100472 -1.6868638779442984 6.7956662329534696 -0.75261082800095414 -5.4051683243218012 -1.6309147148993948 0.63527332190927721
leaf_weight=1318 87 498 108 60 7364 318 1733 146 114 1015 167 51 48 111 232 23 689 2374 4759 245 279 848 41 576 591 145 3129 607 491 2418
leaf_count=1318 87 498 108 60 7364 318 1733 146 114 1015 167 51 48 111 232 23 689 2374 4759 245 279 848 41 576 591 145 3129 607 491 2418
internal_value=0.00826938 1.70234 1.38285 -1.31445 -0.355227 1.78389 0.734944 -3.86662 1.32433 2.77663 0.168746 -5.20676 -9.84477 -1.91228 1.61194 -2.45619 3.5162 -0.0784032 0.2731 1.21633 3.93675 -0.0663273 1.76518 -1.09454 0.302901 1.93435 -1.42517 -2.29285 -3.7325 -0.294271
internal_weight=30585 5400 4902 633 25185 4269 2080 233 1847 2189 485 270 108 162 363 131 1704 18328 10964 2898 524 8066 889 6857 1312 721 5545 2416 1098 7177
internal_count=30585 5400 4902 633 25185 4269 2080 233 1847 2189 485 270 108 162 363 131 1704 18328 10964 2898 524 8066 889 6857 1312 721 5545 2416 1098 7177
is_linear=0
shrinkage=0.05


Tree=76
num_leaves=31
num_cat=0
split_feature=10 15 10 4 6 11 17 17 7 9 6 15 11 5 6 11 11 14 23 26 23 11 19 26 9 3 7 11 6 23
split_gain=6.83172e+06 2.66248e+06 2.13812e+06 1.89823e+06 2.14054e+06 2.9468e+06 1.75085e+06 1.63111e+06 1.56769e+06 1.56759e+06 1.49301e+06 2.36008e+06 2.48696e+06 1.36083e+06 1.23679e+06 1.21927e+06 1.21883e+06 1.10716e+06 1.05656e+06 1.02512e+06 1.00881e+06 974877 796623 747928 745732 740201 713112 597407 618489 574947
threshold=1173.6769452678893 -0.9829629131445341 2739.3066488678764 1.1824455525468978 25651.764166666671 544.86233109898774 0.81174490092936691 -0.56174490092936669 867.10914946797095 1950.5840221573269 34131.285833333335 -0.5 122.49747787530427 485.01000000000005 35793.656666666669 266.67506364095544 299.42770225776047 -0.60355339059327362 6.0916937000000013 18.786450000000006 9.507200000000001 595.13008241021805 0.6830127018922193 18.216350000000002 1497.2305521121959 2.2824269971427964 449.12303786824015 58.006107095449259 38509.695000000007 14.516903500000002
decision_type=2 2 2 2 2 2 2 2 2 2 2 2 2 2 2 2 2 2 2 2 2 2 2 2 2 2 2 2 2 2
left_child=8 14 3 4 5 -3 -6 21 10 -10 11 12 -1 17 26 27 -15 -13 -14 -9 -17 -5 24 25 -16 -4 -2 -12 -29 -25
right_child=1 2 23 7 6 -7 -8 19 9 -11 15 13 18 16 22 20 -18 -19 -20 -21 -22 -23 -24 29 -26 -27 -28 28 -30 -31
leaf_value=-0.96514445919819625 -3.1876741995046167 1.0122789229457803 14.325306394293504 0.85045720198057673 0.75590695031039878 -6.7230930816193339 3.0979613142761475 5.0588829881086212 -1.3025243225097656 17.175632949829104 -0.60990503569816479 0.60438488226899523 -0.28965915157852401 -0.47153931762289814 1.0064372391700747 5.1006647860887009 6.4426169929630834 -0.83436922181708928 -4.6920949887088961 -0.57805174104869372 -1.3938585423875129 -8.9493658764021742 3.9582054904012973 4.2338449999690058 -4.7957744303159417 2.673735587827621 -10.733438545657743 -0.20451556557315675 1.0136926747204813 -2.8070070165576357
leaf_weight=1722 76 282 32 266 6545 212 905 643 20 20 3369 1599 161 122 95 199 127 8062 909 91 82 23 61 375 123 26 57 2637 1716 28
leaf_count=1722 76 282 32 266 6545 212 905 643 20 20 3369 1599 161 122 95 199 127 8062 909 91 82 23 61 375 123 26 57 2637 1716 28
internal_value=0.00804425 1.09275 1.26511 1.09279 0.830544 -2.34136 1.04231 3.11528 -0.506602 8.81728 -0.526741 -0.863654 -2.14643 -0.501345 -2.8193 0.00818997 3.11217 -0.596045 -4.03415 4.36078 3.21406 -0.0682257 -0.88688 4.5691 -2.30119 9.72972 -6.69366 -0.110468 0.276316 3.71613
internal_weight=30585 9840 9428 8967 7944 494 7450 1023 20745 40 20705 12702 2792 9910 412 8003 249 9661 1070 734 281 289 279 461 218 58 133 7722 4353 403
internal_count=30585 9840 9428 8967 7944 494 7450 1023 20745 40 20705 12702 2792 9910 412 8003 249 9661 1070 734 281 289 279 461 218 58 133 7722 4353 403
is_linear=0
shrinkage=0.05


Tree=77
num_leaves=31
num_cat=0
split_feature=10 6 7 15 6 1 7 2 15 10 1 17 7 15 16 6 14 13 7 1 14 14 26 16 7 15 2 7 26 3
split_gain=6.31805e+06 2.02044e+06 2.22021e+06 2.22302e+06 1.84967e+06 1.81156e+06 1.84868e+06 1.77687e+06 2.29748e+06 1.63546e+06 1.62503e+06 1.45372e+06 2.13641e+06 1.626e+06 1.36964e+06 1.16904e+06 1.51531e+06 1.13782e+06 1.03482e+06 955003 910425 850085 837447 808595 775243 678800 549474 512322 451121 369659
threshold=1756.7994164434776 42798.356666666674 739.3636290339058 -0.9159756150367534 38138.140000000007 0.066927053480448362 124.58725464009248 0.59313817761032916 0.96592582628906831 390.59366716169399 0.24704976018373964 0.81174490092936691 867.10914946797095 -0.12940952255126034 -0.8783796973249266 25539.136666666669 0.91597561503675362 36939.030000000006 631.16248673136681 0.14028351398216801 -0.5 0.25881904510252091 18.589750000000006 -0.60785761079279388 83.303577216916594 -0.70710678118654757 0.53607988294315978 464.32489651588804 9.0819000000000027 2.2013852343508646
decision_type=2 2 2 2 2 2 2 2 2 2 2 2 2 2 2 2 2 2 2 2 2 2 2 2 2 2 2 2 2 2
left_child=5 2 3 4 14 6 -1 8 -5 23 11 13 -13 -11 -2 22 19 -9 20 -17 28 -6 -4 24 -7 -20 -22 29 -8 -3
right_child=1 27 15 7 21 9 18 17 -10 10 -12 12 -14 -15 -16 16 -18 -19 25 -21 26 -23 -24 -25 -26 -27 -28 -29 -30 -31
leaf_value=-0.34824741045856139 1.372133642497162 8.5156247250694985 4.8988084583282472 -0.18250006925654005 -1.3403731499568072 -1.7033226761360503 0.34799039095021145 6.0024013525386195 4.1470457998181578 -1.375077978795324 -6.7363473880290989 0.56149407442747312 10.76806970272424 -0.13319194784500263 -7.5493082239802947 3.098711376467989 14.599580429821481 2.101107204057528 0.18643144486844543 9.25883462752825 -0.38545227155722994 4.243114290885555 -7.0218211889266975 -1.5732131509164167 -6.2816776437802364 11.669413966101571 0.99699704673825051 1.0086006164550783 2.4811530109152198 3.76621684442933
leaf_weight=7308 55 132 20 1993 197 167 332 210 357 4867 100 1603 48 5745 172 334 36 1564 20 76 1312 98 32 860 217 32 1579 47 995 77
leaf_count=7308 55 132 20 1993 197 167 332 210 357 4867 100 1603 48 5745 172 334 36 1564 20 76 1312 98 32 860 217 32 1579 47 995 77
internal_value=0.00779529 1.55894 1.33968 0.996815 -2.06369 -0.325033 0.134665 1.38624 0.48261 -0.716092 -0.541636 -0.488392 0.889879 -0.703144 -5.40452 4.49657 5.31954 2.57853 0.96061 4.3385 0.869069 0.554118 -2.40855 -2.4407 -4.33818 7.65753 0.370011 5.85447 1.95081 6.89495
internal_weight=30585 5400 5144 4646 522 25185 11578 4124 2350 13607 12363 12263 1651 10612 227 498 446 1774 4270 410 4218 295 52 1244 384 52 2891 256 1327 209
internal_count=30585 5400 5144 4646 522 25185 11578 4124 2350 13607 12363 12263 1651 10612 227 498 446 1774 4270 410 4218 295 52 1244 384 52 2891 256 1327 209
is_linear=0
shrinkage=0.05


Tree=78
num_leaves=31
num_cat=0
split_feature=10 6 14 5 23 11 6 11 23 0 16 6 8 10 14 5 11 14 26 2 11 26 2 8 9 11 26 13 9 11
split_gain=5.73997e+06 1.93225e+06 1.64751e+06 2.09311e+06 1.60352e+06 3.05662e+06 1.57973e+06 1.78755e+06 1.97564e+06 1.78496e+06 1.62845e+06 1.49419e+06 1.46733e+06 1.39012e+06 1.31307e+06 1.20994e+06 1.3087e+06 2.15799e+06 1.17251e+06 1.05989e+06 1.05401e+06 995710 910058 875337 962154 823230 820142 795646 943649 842634
threshold=1663.4810707368877 42798.356666666674 -0.70710678118654735 199.00000000000009 12.4316455 418.28706033867599 28202.850833333338 464.25703865863346 12.294391000000003 0.35207060973637705 -1.0000000180025095e-35 22031.844166666669 1456.0179500695344 1611.6507858416676 0.98296291314453432 1.0000000180025095e-35 212.21842032167106 -0.78656609248549292 6.7888500000000009 0.53398802258031974 866.73822657055348 24.444700000000001 0.70117156991113461 3302.9503335992745 1642.3785908357577 255.08112789510906 17.914900000000003 34237.195000000007 1799.3481316101695 430.40480358111773
decision_type=2 2 2 2 2 2 2 2 2 2 2 2 2 2 2 2 2 2 2 2 2 2 2 2 2 2 2 2 2 2
left_child=6 2 23 4 11 -6 15 22 9 10 -9 -4 -10 -11 19 16 18 -18 -1 -5 -19 27 -8 24 26 -26 -2 28 -17 -29
right_child=1 -3 3 14 5 -7 7 8 12 13 -12 -13 -14 -15 -16 21 17 20 -20 -21 -22 -23 -24 -25 25 -27 -28 29 -30 -31
leaf_value=-2.7068478554319801 4.0578496520112202 5.5744993357822814 -11.45939833323161 0.12054939658254885 -1.0763869797365855 -14.092210707748146 -0.31645345454547968 -9.8903661128452853 3.0309111471833856 8.3547181884529742 3.6954311418533323 0.36763368909727268 -13.048260017832121 -3.2020107746124271 7.2750065070337957 -0.17077857639632199 4.402922689232482 -3.6508290562098176 -0.45119462978900438 2.7230880697162787 -11.923602324440367 6.1134916664146992 0.71968825458996488 7.4765220490368938 -1.008727907131358 2.4523487166725699 14.811076831817628 -1.2351000581155807 6.4009371621268132 -7.2065419729653897
leaf_weight=796 77 256 22 652 221 52 15145 30 24 207 55 2456 25 27 108 2220 78 734 2062 975 37 56 2459 83 200 1117 21 267 51 72
leaf_count=796 77 256 22 652 221 52 15145 30 24 207 55 2456 25 27 108 2220 78 734 2062 975 37 56 2459 83 200 1117 21 267 51 72
internal_value=0.00785872 1.36019 1.17539 0.694439 -0.163725 -3.76464 -0.338971 -0.0990243 3.32627 4.7662 -1.38208 0.239747 -5.6204 6.98195 2.05173 -1.01501 -1.59866 -3.31769 -1.08308 1.68375 -4.12217 -0.201968 -0.171555 2.60852 2.29763 1.92488 6.96972 -0.348922 -0.00943754 -2.58983
internal_weight=30585 6240 5984 4486 2751 273 24345 17972 368 319 85 2478 49 234 1735 6373 3707 849 2858 1627 771 2666 17604 1498 1415 1317 98 2610 2271 339
internal_count=30585 6240 5984 4486 2751 273 24345 17972 368 319 85 2478 49 234 1735 6373 3707 849 2858 1627 771 2666 17604 1498 1415 1317 98 2610 2271 339
is_linear=0
shrinkage=0.05


Tree=79
num_leaves=31
num_cat=0
split_feature=10 15 1 11 4 0 23 1 10 23 17 7 1 23 0 7 0 26 10 8 5 6 4 7 15 6 0 15 11 11
split_gain=5.26012e+06 2.45015e+06 2.02636e+06 2.14524e+06 1.42005e+06 1.44778e+06 2.30504e+06 1.36434e+06 1.33478e+06 1.29789e+06 1.26532e+06 1.25608e+06 1.11592e+06 1.10203e+06 1.0294e+06 1.0048e+06 1.34715e+06 961818 959317 894577 864781 748424 742351 740938 664965 637115 629297 944981 1.08476e+06 1.07385e+06
threshold=1104.6751303923145 -0.9829629131445341 0.061552621303690887 777.22274205627548 1.1958333420576872 0.3952491753362673 12.496859000000002 0.084721040309403542 2887.9072378709611 5.6664435000000006 -0.56174490092936669 867.10914946797095 0.16623843604882318 3.3427336500000004 0.44180263208968468 668.18643537312937 0.38878822864233181 18.810450000000003 166.95333112748082 1799.3481316101695 769.50000000000011 35731.832500000011 1.0933459871037885 449.12303786824015 0.1294095225512602 27879.015833333335 0.33079310746324742 -0.5 145.93964872934015 260.27376991069622
decision_type=2 2 2 2 2 2 2 2 2 2 2 2 2 2 2 2 2 2 2 2 2 2 2 2 2 2 2 2 2 2
left_child=7 9 3 8 5 17 -7 20 14 -2 12 15 -6 -12 -3 18 -17 -4 -9 -20 26 23 -23 -11 -10 -22 -1 28 -28 -29
right_child=1 2 4 -5 10 6 -8 11 24 21 13 -13 -14 -15 -16 16 -18 -19 19 -21 25 22 -24 -25 -26 -27 27 29 -30 -31
leaf_value=0.61345480340221026 1.3509564555236993 2.243507303708268 1.2336981532170883 12.039939291660602 0.90974171026186523 -0.20503715445082255 -6.5071029120021393 -4.5214008660797766 3.316524081076345 -3.499689164446361 -0.41047436797100567 7.8636281204223639 -8.8979116878088789 5.2411865255689811 0.52534661145842132 1.69095947265625 -14.572790921118951 -4.4430289104387359 -0.93116769120975729 6.667253041878725 11.184912177232597 -4.674945126571795 1.5110649364335198 -11.858377855164665 11.693865577055483 2.017503756353225 -0.64097359609647109 -0.18044511584166603 -3.169496472544731 2.7413383730162275
leaf_weight=2070 137 2500 2603 47 193 2817 148 182 57 62 110 35 29 383 1343 20 26 72 7684 34 21 132 72 51 44 82 2098 6680 528 325
leaf_count=2070 137 2500 2603 47 193 2817 148 182 57 62 110 35 29 383 1343 20 26 72 7684 34 21 132 72 51 44 82 2098 6680 528 325
internal_value=0.00743422 0.894699 1.05285 1.9352 0.497641 0.230473 -0.530051 -0.476996 1.79968 -2.68154 2.58879 -0.981732 -0.538987 3.98861 1.64454 -1.02562 -8.02809 1.07288 -0.979788 -0.893393 -0.135455 -4.41837 -2.50749 -7.61524 7.34598 4.31834 -0.176493 -0.346512 -1.15445 -0.043022
internal_weight=30585 10800 10346 3991 6355 5640 2965 19785 3944 454 715 7981 222 493 3843 7946 46 2675 7900 7718 11804 317 204 113 101 103 11701 9631 2626 7005
internal_count=30585 10800 10346 3991 6355 5640 2965 19785 3944 454 715 7981 222 493 3843 7946 46 2675 7900 7718 11804 317 204 113 101 103 11701 9631 2626 7005
is_linear=0
shrinkage=0.05


Tree=80
num_leaves=31
num_cat=0
split_feature=7 6 15 6 15 16 15 15 12 6 23 3 13 17 4 21 14 15 21 7 9 9 23 6 23 14 4 19 15 7
split_gain=4.21758e+06 2.91015e+06 2.5325e+06 2.24046e+06 2.55631e+06 2.8091e+06 1.9586e+06 2.19156e+06 1.85713e+06 1.85632e+06 1.5851e+06 1.45617e+06 1.64342e+06 1.40676e+06 1.62524e+06 1.24077e+06 1.2305e+06 1.09433e+06 961824 938586 903435 889868 825302 807102 743407 724439 645779 639685 620966 600722
threshold=380.05603431913977 22337.725833333334 0.96592582628906831 37857.010833333341 -0.5 -0.60785761079279388 0.9159756150367534 -0.9159756150367534 33556.500000000007 30948.295833333337 8.2585035000000016 1.1901769177352677 37474.730000000003 -0.56174490092936669 0.93245205103986051 1.0000000180025095e-35 0.37940952255126054 1.0000000180025095e-35 1.0000000180025095e-35 124.58725464009248 2231.5016179326008 1845.9241844862479 6.7407712000000011 27999.430833333336 4.0216586500000009 0.25881904510252091 0.98394808220767327 0.6830127018922193 -0.9829629131445341 112.14771854221131
decision_type=2 2 2 2 2 2 2 2 2 2 2 2 2 2 2 2 2 2 2 2 2 2 2 2 2 2 2 2 2 2
left_child=3 10 6 4 5 11 7 9 -9 -3 -2 27 -13 -4 22 25 18 -12 29 -5 23 -20 -15 -8 -16 -7 -18 -1 -21 -6
right_child=1 2 13 19 16 15 20 8 -10 -11 17 12 -14 14 24 -17 26 -19 21 28 -22 -23 -24 -25 -26 -27 -28 -29 -30 -31
leaf_value=-2.6947234620756131 -8.4292561619166744 -7.7679313544304138 0.3516472147960289 -0.028913211327554152 -0.24899976583558689 -0.73064231280546865 -9.451987738609315 0.36284172077375559 2.8464953479943702 -0.086912712452629978 -3.9888725506969624 -14.72092853334215 -4.3088175815249246 -4.2930240773595871 2.3767156189680101 -3.7790277518493336 -1.3011555020870598 9.3666369111449637 1.7761830100010341 -1.1777028463239021 -8.7447942161560075 9.0474943744892986 6.366693110764027 0.44334283600250884 10.75113269964854 0.91501579185930049 -0.29496141006871107 -0.54597583680667661 1.6065556990763241 0.6276420869512398
leaf_weight=1466 109 88 97 2195 4164 1837 20 1141 2216 511 31 40 310 37 35 249 2299 22 332 215 55 44 27 115 175 1045 5194 457 2385 3674
leaf_count=1466 109 88 97 2195 4164 1837 20 1141 2216 511 31 40 310 37 35 249 2299 22 332 215 55 44 27 115 175 1045 5194 457 2385 3674
internal_value=0.00713077 1.38787 1.62593 -0.242468 -0.464079 -1.40156 1.26782 1.50734 2.00414 -1.27039 -5.09961 -2.73751 -5.68949 5.55763 7.36111 -0.428874 -0.141191 1.88362 0.281417 0.73268 -3.62967 2.73478 0.3388 -1.30749 9.44336 -0.133366 -0.60435 -2.18684 1.37448 0.162051
internal_weight=30585 4679 4517 25906 21111 5404 4146 3956 3357 599 162 2273 350 371 274 3131 15707 53 8214 4795 190 376 64 135 210 2882 7493 1923 2600 7838
internal_count=30585 4679 4517 25906 21111 5404 4146 3956 3357 599 162 2273 350 371 274 3131 15707 53 8214 4795 190 376 64 135 210 2882 7493 1923 2600 7838
is_linear=0
shrinkage=0.05


Tree=81
num_leaves=31
num_cat=0
split_feature=10 15 0 23 4 11 15 20 11 11 2 4 3 10 21 22 15 11 4 15 26 15 11 22 7 3 21 26 11 12
split_gain=4.52209e+06 1.64583e+06 2.15527e+06 2.18237e+06 1.56646e+06 1.47241e+06 1.33254e+06 3.23752e+06 3.9904e+06 2.22779e+06 1.4029e+06 1.21437e+06 1.57459e+06 1.13458e+06 1.13317e+06 1.11977e+06 1.68536e+06 1.70708e+06 1.04556e+06 1.03623e+06 1.03399e+06 1.01762e+06 1.3688e+06 1.21419e+06 1.06716e+06 863032 852150 844166 805331 751858
threshold=1827.0680963295231 0.98296291314453432 0.40675408621581371 12.4316455 0.96555934699739054 924.74512740195235 -0.5 1.0000000180025095e-35 441.98575352340697 280.17707909155911 0.55498325899392675 0.48920102747341815 0.87297218027408441 1536.7513263795634 1.0000000180025095e-35 1.0000000180025095e-35 -0.12940952255126034 260.27376991069622 1.0666667407409056 -0.9159756150367534 18.598000000000003 -0.12940952255126034 114.45856643283396 3.5000000000000004 631.16248673136681 1.1296684262054899 1.0000000180025095e-35 17.914900000000003 395.01328771373051 40457.500000000007
decision_type=2 2 2 2 2 2 2 2 2 2 2 2 2 2 2 2 2 2 2 2 2 2 2 2 2 2 2 2 2 2
left_child=4 2 14 11 15 6 7 26 -9 25 -11 -4 -13 -7 18 16 17 -1 19 -2 29 22 -17 -24 28 -8 -6 -20 -23 -3
right_child=1 20 3 -5 5 13 9 8 -10 10 -12 12 -14 -15 -16 21 -18 -19 27 -21 -22 24 23 -25 -26 -27 -28 -29 -30 -31
leaf_value=0.75932281809324298 -0.91342272273601055 9.7654896956531942 -6.0983327497606696 -7.4722793760535486 0.20874481393254465 11.580176134312408 -0.1770861547174763 -1.8580623156105209 -12.195709928840099 0.74370274157119753 3.8022440830852058 7.3520232683136362 0.36457083273455576 1.4696095658587172 -7.2653525198659601 -0.86970908469911201 -1.5596992122794087 6.6727648881173911 7.0511221383494904 2.301193700618668 0.62258005862434707 -0.63402816099734993 -1.423000031515316 -4.7261172353075107 -7.6494963310799511 1.1542812909981648 -3.4849049507559822 2.9837149211486795 4.0187600056951247 -0.4011560430893531
leaf_weight=582 308 114 64 86 4321 42 9500 1720 94 903 640 79 2029 72 26 1318 596 150 169 1289 67 3028 513 619 48 1391 157 548 91 21
leaf_count=582 308 114 64 86 4321 42 9500 1720 94 903 640 79 2029 72 26 1318 596 150 169 1289 67 3028 513 619 48 1391 157 548 91 21
internal_value=0.00656324 1.41486 1.217 0.114138 -0.255819 -0.0191338 -0.054354 -0.646992 -2.42583 0.245675 2.02053 0.431016 0.643236 5.52503 2.27868 -0.897402 0.407068 2.00821 2.40137 1.68027 5.78014 -1.20591 -1.97024 -3.24209 -0.612431 -0.00658748 0.0754908 3.98468 -0.492048 8.22581
internal_weight=30585 4800 4598 2258 25785 18840 18726 6292 1814 12434 1543 2172 2108 114 2340 6945 1328 732 2314 1597 202 5617 2450 1132 3167 10891 4478 717 3119 135
internal_count=30585 4800 4598 2258 25785 18840 18726 6292 1814 12434 1543 2172 2108 114 2340 6945 1328 732 2314 1597 202 5617 2450 1132 3167 10891 4478 717 3119 135
is_linear=0
shrinkage=0.05


Tree=82
num_leaves=31
num_cat=0
split_feature=9 1 11 4 15 22 9 12 11 15 19 17 8 1 13 11 0 15 11 8 11 15 9 12 9 23 14 9 0 14
split_gain=3.21327e+06 2.89347e+06 2.68999e+06 1.96491e+06 1.56417e+06 1.33892e+06 1.24451e+06 1.02595e+06 985424 1.59729e+06 2.35364e+06 1.78228e+06 1.34512e+06 1.32141e+06 940796 918573 1.16929e+06 1.35049e+06 906248 955014 897271 891324 883617 880224 836289 821799 1.58023e+06 894428 1.64108e+06 814821
threshold=964.05262549549161 0.076001204558575591 576.46600801760758 0.95345179898211219 0.98296291314453432 1.5000000000000002 3151.2881327577629 41908.500000000007 338.3537910039542 0.1294095225512602 -0.5 0.81174490092936691 1420.263053060253 0.081621406900387647 31507.895000000004 255.08112789510906 0.32282731069456455 -0.70710678118654757 576.46600801760758 1860.6573161070698 576.46600801760758 1.0000000180025095e-35 2507.049509271968 30356.500000000004 2863.635411009132 8.7945025000000019 -0.25881904510252113 2921.6531414937131 0.50367037814016602 -0.37940952255126059
decision_type=2 2 2 2 2 2 2 2 2 2 2 2 2 2 2 2 2 2 2 2 2 2 2 2 2 2 2 2 2 2
left_child=8 2 15 5 6 21 7 -5 12 11 20 -10 29 -12 -6 -2 -17 -18 19 -7 -11 24 -20 -13 -3 27 -27 28 -4 -1
right_child=1 3 25 4 14 18 -8 -9 9 10 13 23 -14 -15 -16 16 17 -19 22 -21 -22 -23 -24 -25 -26 26 -28 -29 -30 -31
leaf_value=0.074556683610208327 0.46992967764148885 1.4340032722048193 11.587266407313047 -0.38805879115052921 12.705841906865437 -3.4370543858419889 4.6354159922789266 1.3069740792674902 -5.6968319911577492 3.6564323449746157 2.9307571693470607 -2.9204928009598348 3.6040110236016392 -5.9418883636123256 3.0482865840769731 4.939417861872851 -0.63065209756106411 2.1126814508821323 -8.3047980190193567 1.1222504404591926 16.886334388732912 -1.6708560901180283 -0.53847760558128355 9.5601634334772836 11.23124066734314 5.5019579851402431 -9.7517828330993659 2.4521612461260025 1.6917138697496101 -0.63236927352037597
leaf_weight=6282 2359 188 138 3652 25 403 146 1176 325 34 71 22 209 90 203 266 583 1913 132 157 20 276 51 27 20 48 20 89 62 11598
leaf_count=6282 2359 188 138 3652 25 403 146 1176 325 34 71 22 209 90 203 266 583 1913 132 157 20 276 51 27 20 48 20 89 62 11598
internal_value=0.00626877 0.647995 1.49182 -0.0715994 0.353307 -1.8672 0.165566 0.0257305 -0.402885 -2.40701 1.01394 -4.36117 -0.336978 -2.05838 4.35738 1.19603 1.8142 1.47191 -3.19315 -2.16011 9.57304 0.180027 -6.21256 4.20411 2.61781 5.65949 0.654236 6.80587 8.63597 -0.384042
internal_weight=30585 11907 5478 6429 5202 1227 4974 4828 18678 589 215 374 18089 161 228 5121 2762 2496 743 560 54 484 183 49 208 357 68 289 200 17880
internal_count=30585 11907 5478 6429 5202 1227 4974 4828 18678 589 215 374 18089 161 228 5121 2762 2496 743 560 54 484 183 49 208 357 68 289 200 17880
is_linear=0
shrinkage=0.05


Tree=83
num_leaves=31
num_cat=0
split_feature=10 1 26 15 26 7 15 1 7 10 1 7 7 9 0 15 14 12 15 0 6 5 5 17 26 6 26 6 16 7
split_gain=3.73132e+06 1.98247e+06 1.81097e+06 3.21989e+06 2.05917e+06 1.91328e+06 1.77609e+06 1.48975e+06 1.55574e+06 1.38512e+06 1.29687e+06 1.547e+06 1.28721e+06 1.79229e+06 1.43455e+06 1.45961e+06 1.52064e+06 1.20468e+06 997076 1.07471e+06 1.02747e+06 970257 879541 869723 864407 777820 713026 680971 617899 778605
threshold=1827.0680963295231 0.11658082995994952 18.576600000000003 0.1294095225512602 18.626000000000001 560.69823162522187 -0.9159756150367534 0.060671807164413907 266.73632456381978 396.14241203056298 0.24704976018373964 412.65580852970925 709.52667636726585 2231.5016179326008 0.32282731069456455 0.96592582628906831 -0.70710678118654735 32872.500000000007 1.0000000180025095e-35 0.40675408621581371 24862.843333333334 -438.74499999999995 78.950000000000031 -0.56174490092936669 18.598000000000003 26042.829166666674 19.551900000000007 30948.295833333337 -0.60785761079279388 81.867028361136619
decision_type=2 2 2 2 2 2 2 2 2 2 2 2 2 2 2 2 2 2 2 2 2 2 2 2 2 2 2 2 2 2
left_child=7 12 5 6 23 18 -4 8 -1 28 11 21 14 -14 -2 16 -16 -13 19 -3 -20 -11 27 -5 -17 -10 -27 -7 29 -9
right_child=1 2 3 4 -6 22 -8 9 25 10 -12 17 13 -15 15 24 -18 -19 20 -21 -22 -23 -24 -25 -26 26 -28 -29 -30 -31
leaf_value=0.03180004487504938 4.1478918773929285 -1.0614836115988424 -7.9303580168315353 -16.113618436226478 -0.34703018242799782 6.1338659579937271 4.8114258541725583 -1.3616647028677291 -3.9721822037696839 -2.6414757567137599 -5.8738443521834984 -0.5387717099025332 10.067898958590296 2.3654963132322711 2.6935963234672808 6.7326747030881098 0.012169392272884253 3.0169190048761796 -6.6898427857293035 -9.4131474932845762 2.2216184280722433 -0.40597941922945974 9.5526331917541789 -7.2650151955393643 0.75212392550706864 3.010798113010495 -1.1150875101244546 -5.4275193252563483 -1.2889678262573014 -5.4302687250409534
leaf_weight=9677 445 188 30 47 74 21 123 233 45 501 102 401 103 267 725 168 1918 577 31 44 325 12060 77 99 95 788 118 20 1041 242
leaf_count=9677 445 188 30 47 74 21 123 233 45 501 102 401 103 267 725 168 1918 577 31 44 325 12060 77 99 95 788 118 20 1041 242
internal_value=0.00645482 1.2857 -0.599112 -3.39335 -7.20438 0.890573 2.14082 -0.231884 0.221916 -0.550059 -0.390314 -0.346845 1.83234 4.61546 1.51861 1.10953 0.751426 1.56364 -0.293189 -2.8108 1.36357 -0.496163 6.56186 -10.5531 4.62692 2.14613 2.47021 0.516142 -1.9814 -3.46959
internal_weight=30585 4800 1079 373 220 706 153 25785 10628 15157 13641 13539 3721 370 3351 2906 2643 978 588 232 356 12561 118 146 263 951 906 41 1516 475
internal_count=30585 4800 1079 373 220 706 153 25785 10628 15157 13641 13539 3721 370 3351 2906 2643 978 588 232 356 12561 118 146 263 951 906 41 1516 475
is_linear=0
shrinkage=0.05


Tree=84
num_leaves=31
num_cat=0
split_feature=10 1 26 15 11 24 24 15 15 10 1 11 6 4 11 24 2 11 15 14 7 10 26 14 18 26 1 8 1 24
split_gain=3.36711e+06 1.8033e+06 1.65587e+06 1.82712e+06 2.13603e+06 2.06487e+06 1.98919e+06 1.50238e+06 1.37845e+06 1.3131e+06 1.42499e+06 1.48969e+06 1.65148e+06 1.25546e+06 1.21906e+06 1.16605e+06 1.17726e+06 1.13344e+06 1.12591e+06 1.34959e+06 1.45118e+06 1.10711e+06 1.01767e+06 1.66601e+06 972170 962094 944661 896350 841963 787678
threshold=1827.0680963295231 0.11658082995994952 18.559050000000003 0.1294095225512602 370.03976961598988 10.297806000000001 8.425451500000003 -0.9159756150367534 -0.9829629131445341 454.45907452993941 0.24704976018373964 924.74512740195235 25433.005000000005 1.1231968994560984 204.25273939992789 5.4023543000000016 0.72776466763101022 441.98575352340697 0.98296291314453432 -0.70710678118654735 926.39038297204081 2351.3732872324877 17.914900000000003 0.91597561503675362 -0.5 18.576600000000003 0.077061651740503209 596.74588443185201 0.12428960263369709 13.202911000000002
decision_type=2 2 2 2 2 2 2 2 2 2 2 2 2 2 2 2 2 2 2 2 2 2 2 2 2 2 2 2 2 2
left_child=8 13 15 6 -5 -6 -4 -8 14 27 11 -11 -13 18 -1 16 17 -3 19 25 -21 -17 -15 26 -20 -2 -24 -10 -29 -25
right_child=1 2 3 4 5 -7 7 -9 9 10 -12 12 -14 22 -16 21 -18 -19 24 20 -22 -23 23 29 -26 -27 -28 28 -30 -31
leaf_value=-1.0108442890456675 4.5144493813339563 -1.455531333541048 -11.066026312311491 4.5564709464708963 4.3519331680403814 -8.9030459370411617 -6.4665272778934906 4.9589372395679661 -0.61946940550570018 0.10287273493214406 -5.6984333985760101 -2.6498066393534341 9.3079144815380666 8.0630149529530453 -4.9405527319446323 0.5677293548360467 5.4320093377776768 -11.367079466742439 9.3348884296417243 0.29652833590436062 10.710463039314046 6.0127369052544246 3.1562489737868309 14.339374362550132 0.72056566053821203 1.1530263882394678 -1.9125272274017335 -0.093780361639486776 -10.932239002134743 3.6700916656227998
leaf_weight=816 417 140 25 43 31 208 31 146 7932 16488 100 40 84 112 257 227 41 32 75 2114 29 155 270 36 57 439 134 32 36 38
leaf_count=816 417 140 25 43 31 208 31 146 7932 16488 100 40 84 112 257 227 41 32 75 2114 29 155 270 36 57 439 134 32 36 38
internal_value=0.00595747 1.22117 -0.576435 -2.73394 -5.29919 -7.12963 0.888521 2.83492 -0.220451 -0.144071 0.108121 0.144782 5.497 1.74252 -1.97067 1.18665 -1.7512 -3.56884 1.33969 1.13505 0.462081 2.82636 3.85097 2.79069 5.77749 2.80731 1.47207 -0.670646 -6.18824 9.44023
internal_weight=30585 4800 1079 484 282 239 202 177 25785 24712 16712 16612 124 3721 1073 595 213 172 3131 2999 2143 382 590 478 132 856 404 8000 68 74
internal_count=30585 4800 1079 484 282 239 202 177 25785 24712 16712 16612 124 3721 1073 595 213 172 3131 2999 2143 382 590 478 132 856 404 8000 68 74
is_linear=0
shrinkage=0.05


Tree=85
num_leaves=31
num_cat=0
split_feature=10 4 10 17 17 4 11 3 11 12 26 13 16 14 11 12 9 9 24 12 17 11 10 11 11 26 24 24 26 24
split_gain=3.08733e+06 1.70974e+06 1.84438e+06 1.39394e+06 1.37215e+06 1.58134e+06 1.45792e+06 1.22179e+06 1.04182e+06 899827 884742 990287 857693 843542 842902 876134 985512 907344 1.12937e+06 842138 809282 1.36873e+06 1.06162e+06 970484 1.00939e+06 718318 920215 823830 602712 615979
threshold=1097.1830890323909 1.1958333420576872 2739.3066488678764 -0.56174490092936669 0.81174490092936691 0.95345179898211219 408.82633411873377 2.5750175502600348 560.65504025192899 29341.500000000004 18.216350000000002 43707.545000000006 -0.60785761079279388 -0.70710678118654735 188.81319420672938 30052.000000000004 1083.9811639138104 1523.002253024885 10.892044000000002 27042.500000000004 0.81174490092936691 263.34458164658673 403.49753893580026 488.30152107479847 866.73822657055348 25.536800000000003 6.3549370000000005 11.682882000000001 18.780750000000005 16.500574000000004
decision_type=2 2 2 2 2 2 2 2 2 2 2 2 2 2 2 2 2 2 2 2 2 2 2 2 2 2 2 2 2 2
left_child=13 2 4 8 5 19 -6 -7 -3 -8 12 -12 -4 14 -1 16 -16 -17 -19 -2 21 22 -15 -22 -25 27 -27 -23 -5 -30
right_child=1 3 10 28 6 7 9 -9 -10 -11 11 -13 -14 20 15 17 -18 18 -20 -21 23 25 -24 24 -26 26 -28 -29 29 -31
leaf_value=-0.08034848776114499 -10.141124132701329 0.71846414555275329 2.818069779245477 4.2732950602991009 0.35154030135128139 0.2400100733013745 -1.0467745780944824 3.4972195243023556 -8.5185731943915872 4.8257564318526631 3.2117547091811596 -6.7513232937565562 14.857697916030885 -1.8501914058300319 1.9468420670249245 1.7581549916843899 13.322641314882222 -9.2703149578788064 2.8339697932203611 -1.3465584108069903 0.087700430642997929 -4.6674433400997755 -0.39893219220373632 7.740926063966147 -4.0700695190429688 -3.6827038385651329 6.3553334929049017 -1.2294366411222057 2.3221544177464719 -5.5961160816252233
leaf_weight=4151 23 294 33 658 644 6650 75 296 29 425 391 22 27 1433 50 605 28 39 31 1225 2196 411 10237 74 20 39 43 308 101 27
leaf_count=4151 23 294 33 658 644 6650 75 296 29 425 391 22 27 1433 50 605 28 39 31 1225 2196 411 10237 74 20 39 43 308 101 27
internal_value=0.00585716 0.679808 0.468765 2.53632 0.313518 0.0865547 1.93166 0.381237 -0.227929 3.94314 3.49823 2.60651 8.96282 -0.368464 0.199521 1.73275 6.58763 1.12736 -4.07761 -1.5485 -0.557171 -0.715778 -0.577858 0.306235 5.1488 -2.70906 1.6433 -3.21343 3.66658 0.50393
internal_weight=30585 10920 9811 1109 9338 8194 1144 6946 323 500 473 413 60 19665 4904 753 78 675 70 1248 14761 12471 11670 2290 94 801 82 719 786 128
internal_count=30585 10920 9811 1109 9338 8194 1144 6946 323 500 473 413 60 19665 4904 753 78 675 70 1248 14761 12471 11670 2290 94 801 82 719 786 128
is_linear=0
shrinkage=0.05


Tree=86
num_leaves=31
num_cat=0
split_feature=9 1 11 15 12 1 9 14 15 11 15 19 22 3 1 11 12 11 8 4 0 15 11 1 15 12 9 6 14 11
split_gain=2.22536e+06 2.31237e+06 2.21805e+06 1.5909e+06 1.64282e+06 1.56592e+06 1.08449e+06 988820 928660 892754 1.42178e+06 2.11863e+06 1.52589e+06 1.1615e+06 1.08354e+06 836399 809357 795613 754446 748352 881023 1.09246e+06 860340 741194 1.66275e+06 1.1275e+06 895438 1.30173e+06 722443 1.09885e+06
threshold=964.05262549549161 0.076001204558575591 576.46600801760758 -0.9159756150367534 43398.500000000007 0.24704976018373964 3151.2881327577629 0.25881904510252091 0.98296291314453432 338.3537910039542 0.1294095225512602 -0.5 1.0000000180025095e-35 1.2636990303730811 0.081621406900387647 576.46600801760758 30356.500000000004 408.82633411873377 1395.4842621329133 1.1217164099534516 0.47225895453051486 -0.70710678118654757 280.17707909155911 0.046414431735385502 -0.5 39272.500000000007 2567.8214038401825 28412.020000000004 -0.37940952255126059 221.77355822719016
decision_type=2 2 2 2 2 2 2 2 2 2 2 2 2 2 2 2 2 2 2 2 2 2 2 2 2 2 2 2 2 2
left_child=9 2 19 4 7 6 8 -3 -5 13 12 15 16 28 -13 -12 -11 18 -14 20 21 -2 -21 24 25 -4 27 -25 29 -1
right_child=1 3 23 5 -6 -7 -8 -9 -10 10 11 14 17 -15 -16 -17 -18 -19 -20 22 -22 -23 -24 26 -26 -27 -28 -29 -30 -31
leaf_value=-0.011946170858500048 -0.23159394698168123 -5.7895397210512005 -8.319885019893233 -0.0033708092858455215 0.848896077479802 -6.0977413542416627 4.0960941984918389 -0.62418051152357035 2.8852768902217045 -2.9632540420249658 3.4149332034282196 2.5899611099770197 -4.4047469629691198 3.6805119143232057 -5.4462774364571827 16.158269592285158 8.9849655710160743 -7.1870313037293307 3.9479825044289614 1.0014961166140635 -0.6939016555132097 1.7062619458806425 4.173794906391179 3.8290405642601755 6.7421528668630692 5.0348258399963379 3.1464085075717705 14.607178401224543 -0.54588479087125363 3.4447288857344307
leaf_weight=6045 1051 300 41 5187 250 93 175 135 289 22 34 71 86 179 90 20 27 205 34 509 844 2348 369 57 79 20 99 61 11631 234
leaf_count=6045 1051 300 41 5187 250 93 175 135 289 22 34 71 86 179 90 20 27 205 34 509 844 2348 369 57 79 20 99 61 11631 234
internal_value=0.00566672 0.53971 1.29406 -0.10355 -2.37207 0.168801 0.27724 -4.21192 0.151564 -0.33483 -2.24233 0.984681 -4.08608 -0.272114 -1.93078 9.1049 3.84187 -5.32163 -1.97449 1.02554 0.748834 1.10759 2.35087 5.07831 2.13446 -3.89082 6.88649 9.76849 -0.312637 0.119504
internal_weight=30585 11907 5478 6429 685 5744 5651 435 5476 18678 589 215 374 18089 161 54 49 325 120 5121 4243 3399 878 357 140 61 217 118 17910 6279
internal_count=30585 11907 5478 6429 685 5744 5651 435 5476 18678 589 215 374 18089 161 54 49 325 120 5121 4243 3399 878 357 140 61 217 118 17910 6279
is_linear=0
shrinkage=0.05


Tree=87
num_leaves=31
num_cat=0
split_feature=10 1 19 15 17 7 9 1 3 7 15 0 23 8 4 10 1 15 7 4 1 7 15 23 6 8 4 9 9 8
split_gain=2.60029e+06 1.53276e+06 1.4834e+06 2.78014e+06 1.83373e+06 1.65487e+06 1.3319e+06 1.29147e+06 1.26523e+06 1.26031e+06 1.15373e+06 1.37703e+06 2.054e+06 1.13513e+06 1.40123e+06 1.11553e+06 1.07094e+06 1.02457e+06 1.34486e+06 970606 944978 1.27644e+06 1.10265e+06 913799 871326 850862 845897 881528 810160 770625
threshold=1827.0680963295231 0.11658082995994952 0.6830127018922193 0.1294095225512602 -0.56174490092936669 576.58915984026874 1911.1456186422686 0.060671807164413907 0.90598827827926787 266.73632456381978 0.98296291314453432 0.40675408621581371 10.537016500000002 2396.8939039273037 1.0160001280020483 396.14241203056298 0.044987606965191218 -0.12940952255126034 430.44667324903764 1.0666667407409056 0.24704976018373964 412.65580852970925 0.1294095225512602 4.2041135000000009 24862.843333333334 535.37981905800996 1.1279215475013482 2396.8939039273037 2312.5587359574915 1562.9693154448792
decision_type=2 2 2 2 2 2 2 2 2 2 2 2 2 2 2 2 2 2 2 2 2 2 2 2 2 2 2 2 2 2
left_child=7 8 5 26 6 17 -5 9 16 29 11 19 -13 -7 -15 25 -2 18 -3 -10 21 28 -23 -12 -19 -9 27 -4 -17 -1
right_child=1 2 3 4 -6 13 -8 15 10 -11 23 12 -14 14 -16 20 -18 24 -20 -21 -22 22 -24 -25 -26 -27 -28 -29 -30 -31
leaf_value=-0.018486496646870142 -0.53400261977623253 0.42224304462854684 -5.9015428415158908 -4.0356196594238289 -4.1122294075695089 10.568086091096585 -21.849218550036031 -1.5687429910088888 1.4491727163741679 1.9612333144867895 -0.50109790107037167 1.0826067067543454 -3.2358977290858393 -8.5487906608581543 7.4794675620396935 -0.41416230893190209 12.206212034225466 -5.6007455249165385 -7.3409564313888556 4.0142883399134615 -5.0269449944808109 0.070564976190286816 3.4957619787411702 8.1213570476671979 1.9210684155254061 -8.8122406278337753 9.2967142134904872 3.0962416872566134 -5.7717185864985829 2.6526323898876316
leaf_weight=9404 24 125 36 20 157 60 26 1479 1289 951 42 1359 340 20 25 12495 45 38 95 518 102 594 384 104 374 37 27 76 66 273
leaf_count=9404 24 125 36 20 157 60 26 1479 1289 951 42 1359 340 20 25 12495 45 38 95 518 102 594 384 104 374 37 27 76 66 273
internal_value=0.00577577 1.07369 -0.583424 -3.27989 -6.9447 0.681454 -15.2601 -0.193189 1.55436 0.229327 1.42103 1.2347 0.211409 6.34173 0.212285 -0.489435 8.03749 -0.301258 -3.01846 2.19357 -0.346078 -0.308967 1.42642 5.70613 1.16835 -1.77395 2.12727 0.0750626 -0.444602 0.0581948
internal_weight=30585 4800 1079 342 203 737 46 25785 3721 10628 3652 3506 1699 105 45 15157 69 632 220 1807 13641 13539 978 146 412 1516 139 112 12561 9677
internal_count=30585 4800 1079 342 203 737 46 25785 3721 10628 3652 3506 1699 105 45 15157 69 632 220 1807 13641 13539 978 146 412 1516 139 112 12561 9677
is_linear=0
shrinkage=0.05


Tree=88
num_leaves=31
num_cat=0
split_feature=10 6 15 15 0 11 6 6 15 3 11 11 15 23 3 11 3 10 11 18 14 16 15 13 11 17 23 3 12 3
split_gain=2.34686e+06 1.27415e+06 1.29761e+06 1.16579e+06 1.1291e+06 1.10856e+06 1.76449e+06 1.11152e+06 2.09288e+06 2.65707e+06 1.36142e+06 1.24138e+06 1.08073e+06 2.42173e+06 1.30677e+06 1.06897e+06 1.03123e+06 773109 767297 703801 608528 607262 499054 495750 480594 455554 451925 445128 362073 279212
threshold=1827.0680963295231 43581.45416666667 0.98296291314453432 -0.9829629131445341 0.26967614282667279 924.74512740195235 25433.005000000005 35093.708333333343 -0.5 1.342247683271232 400.20756300939792 204.25273939992789 -0.70710678118654757 5.2243210000000007 0.87297218027408441 221.77355822719016 1.1631911838847659 1536.7513263795634 370.03976961598988 -0.6830127018922193 0.60355339059327384 1.0000000180025095e-35 -0.37940952255126009 31910.705000000005 56.83888447477235 1.0000000180025095e-35 3.7522112000000001 1.841147238817652 40015.500000000007 1.7085644401503672
decision_type=2 2 2 2 2 2 2 2 2 2 2 2 2 2 2 2 2 2 2 2 2 2 2 2 2 2 2 2 2 2
left_child=3 2 4 15 25 7 20 8 9 -5 -10 24 13 -6 -14 -1 -13 -8 -3 28 -7 -20 -19 -21 -9 29 -17 -25 -4 -2
right_child=1 18 19 5 12 6 17 11 10 -11 -12 16 14 -15 -16 26 -18 22 21 23 -22 -23 -24 27 -26 -27 -28 -29 -30 -31
leaf_value=-0.95995403103486587 6.3519252629115668 -0.92725376963615425 9.7428756860150418 -1.1763790088490198 4.5727702330018198 3.0736653900146487 14.892354410344906 -0.44141449867414767 -0.23111258076091146 -7.5528035505658639 1.8327858041247802 2.9537052097854097 6.8577433819411908 -1.9308149219812636 0.84225485382099174 1.9737798347473146 0.36505078723218609 9.1545129521687834 11.93460119125691 7.7545692443847658 -6.5952081860722735 4.1655159425131885 0.091676833894517695 2.6709156580043563 0.41875537678726665 10.865912481035506 -5.4763530711647768 -4.2416489071316192 1.64210435295105 -0.66741045900890905
leaf_weight=845 24 35 66 3028 167 25 28 2897 12408 168 849 740 88 851 3261 20 799 25 42 24 32 74 31 61 3682 30 208 31 20 26
leaf_count=845 24 35 66 3028 167 25 28 2897 12408 168 849 740 88 851 3261 20 799 25 42 24 32 74 31 61 3682 30 208 31 20 26
internal_value=0.00536068 1.0199 0.869714 -0.183659 0.688732 -0.113422 4.23062 -0.139208 -0.375395 -1.52285 -0.0982922 0.33941 0.576936 -0.846736 1.01032 -1.79321 1.61532 8.64588 5.46738 4.74087 -2.44779 7.3558 4.55714 2.05342 0.0399326 6.39792 -4.79429 0.242588 8.05326 2.97211
internal_weight=30585 4800 4649 25785 4447 24712 141 24571 16453 3196 13257 8118 4367 1018 3349 1073 1539 84 151 202 57 116 56 116 6579 80 228 92 86 50
internal_count=30585 4800 4649 25785 4447 24712 141 24571 16453 3196 13257 8118 4367 1018 3349 1073 1539 84 151 202 57 116 56 116 6579 80 228 92 86 50
is_linear=0
shrinkage=0.05


Tree=89
num_leaves=31
num_cat=0
split_feature=5 15 14 11 6 15 0 12 11 15 11 17 0 11 4 11 23 23 15 16 6 26 12 8 15 13 23 12 19 26
split_gain=2.1558e+06 2.03016e+06 1.76699e+06 2.54978e+06 1.46537e+06 1.92829e+06 1.64552e+06 1.36765e+06 1.2836e+06 1.18657e+06 1.31428e+06 2.3317e+06 1.06484e+06 1.0446e+06 1.03692e+06 1.02807e+06 1.20612e+06 1.00871e+06 980487 1.2033e+06 933452 852713 820267 1.77943e+06 823386 728427 704148 610100 582007 580659
threshold=69.629999999999924 0.96592582628906831 -0.70710678118654735 255.08112789510906 36595.937500000007 -0.5 0.31877558948564094 43057.500000000007 237.86472601254255 0.96592582628906831 122.49747787530427 0.81174490092936691 0.4805678920291892 255.08112789510906 1.103822511888773 472.37178621456525 7.8633765000000002 4.9654785000000006 -0.12940952255126034 -0.8783796973249266 26490.769166666669 17.216400000000004 26480.000000000004 968.67081498696814 0.9159756150367534 28701.425000000003 14.187929000000002 46979.000000000007 1.0000000180025095e-35 8.8297500000000024
decision_type=2 2 2 2 2 2 2 2 2 2 2 2 2 2 2 2 2 2 2 2 2 2 2 2 2 2 2 2 2 2
left_child=2 4 3 -1 5 6 13 9 21 10 29 -12 -8 -2 26 -11 -17 -5 19 -19 -20 -6 23 -7 -24 -3 -10 -16 -27 -4
right_child=1 25 7 17 8 22 12 -9 14 15 11 -13 -14 -15 27 16 -18 18 20 -21 -22 -23 24 -25 -26 28 -28 -29 -30 -31
leaf_value=-0.043233887554322142 -1.8302103187726892 9.4851031742095948 -0.48424796949601823 -0.32368964323465776 1.6172846149113491 0.72749220177643281 -0.33098263113729681 0.99260308405477682 2.0939855986581177 0.24397957806065362 -1.7762084894588654 0.92155942528786639 -4.1057345286516824 -12.766529794839713 3.9102312644349824 1.9237960263625862 13.335215784609318 -5.4310802283834239 12.255501605442593 2.18420777827756 3.7295915385907055 -1.5229488869139127 0.74587823196018999 11.654250901375178 -1.9955987336943943 4.7569003460385231 -3.4399023453954243 9.6703911895101733 1.3830082174156866 1.0575386266033335
leaf_weight=4689 41 45 7640 273 561 128 902 1453 302 1864 4926 953 231 47 453 92 27 56 30 346 680 345 2862 48 298 252 66 50 266 659
leaf_count=4689 41 45 7640 273 561 128 902 1453 302 1864 4926 953 231 47 453 92 27 56 30 346 680 345 2862 48 298 252 66 50 266 659
internal_value=0.00568138 0.783309 -0.220848 0.514245 0.526057 0.0506016 -1.64548 -0.474414 1.74174 -0.60658 -0.766795 -1.33847 -1.11529 -8.04408 3.10665 0.537944 4.94665 2.39503 3.06099 1.06956 4.17309 0.41965 0.672927 3.94741 0.484587 3.64731 1.06855 4.57246 3.05424 -0.36125
internal_weight=30585 6897 23688 6074 6334 4557 1221 17614 1777 16161 14178 5879 1133 88 871 1983 119 1385 1112 402 710 906 3336 176 3160 563 368 503 518 8299
internal_count=30585 6897 23688 6074 6334 4557 1221 17614 1777 16161 14178 5879 1133 88 871 1983 119 1385 1112 402 710 906 3336 176 3160 563 368 503 518 8299
is_linear=0
shrinkage=0.05


Tree=90
num_leaves=31
num_cat=0
split_feature=10 15 10 23 9 12 1 11 13 1 11 17 12 11 7 22 2 9 23 9 0 11 3 15 11 11 2 15 0 24
split_gain=2.02573e+06 1.64923e+06 1.30857e+06 1.20803e+06 1.19477e+06 1.39741e+06 1.14605e+06 2.35756e+06 991723 976478 1.36031e+06 2.61846e+06 1.51809e+06 1.22461e+06 1.11576e+06 975632 933048 725166 606428 548557 531276 891714 697080 695052 1.35378e+06 1.20494e+06 523330 595946 791863 557686
threshold=1104.6751303923145 -0.9829629131445341 2767.1847758161971 7.8633765000000002 133.87200642658311 28900.500000000004 0.062711983669396343 777.22274205627548 37287.205000000009 0.13006485369619034 509.51803386083446 1.0000000180025095e-35 32638.500000000004 215.26295192261028 867.10914946797095 5.5000000000000009 0.60367321801874863 312.51673688218676 7.6432585000000008 2148.5964702371089 0.30943850211679297 215.26295192261028 1.0025735820681754 -0.5 257.68101129683959 106.19546761270797 0.52017539773263499 -0.37940952255126009 0.34000396262040961 8.1962435000000031
decision_type=2 2 2 2 2 2 2 2 2 2 2 2 2 2 2 2 2 2 2 2 2 2 2 2 2 2 2 2 2 2
left_child=9 3 4 -2 5 -3 7 -6 -5 10 20 12 -12 -11 15 18 -8 -13 -15 -10 21 -1 -23 25 -25 -22 -4 28 -28 -29
right_child=1 2 26 8 6 -7 16 -9 19 13 11 17 -14 14 -16 -17 -18 -19 -20 -21 23 22 -24 24 -26 -27 27 29 -30 -31
leaf_value=0.28628992621697713 0.27841072941644002 -3.039527013722588 -0.26710966229438782 -10.332607758429743 1.0609649803483505 9.412540900242794 -0.4862014046648036 12.106439523307644 -1.5763960771120278 -0.56275035646268001 -9.6453901672363287 3.167285644091093 6.0531879918915887 -0.75522454653097237 5.6283749451508394 -6.0643970573213366 0.75163768826398492 15.328818210959435 -4.6125062260188558 -9.16816992595278 -0.2417928498021209 7.0750064341227219 0.006908853015592022 -0.19531984654234108 2.4132906550148729 -2.0377482662259712 5.6993036735057832 8.4510107994079586 -2.4178119366286235 2.1374884363080637
leaf_weight=1833 221 29 67 57 3757 72 3217 44 152 2409 30 21 23 317 32 220 2881 41 147 24 2899 85 57 9778 519 1374 55 112 56 56
leaf_count=1833 221 29 67 57 3757 72 3217 44 152 2409 30 21 23 317 32 220 2881 41 147 24 2899 85 57 9778 519 1374 55 112 56 56
internal_value=0.0057953 0.556409 0.68623 -2.37717 0.580582 5.862 0.523758 1.20458 -4.84913 -0.294829 -0.142545 5.16188 -2.8974 -1.10514 -2.91342 -3.35105 0.0987441 11.7541 -2.0135 -2.83658 -0.180966 0.587616 4.33489 -0.285319 -0.0627257 -0.821008 3.68773 4.62562 1.67605 6.46939
internal_weight=30585 10800 10346 454 10000 101 9899 3801 233 19785 16660 115 53 3125 716 684 6098 62 464 176 16545 1975 142 14570 10297 4273 346 279 111 168
internal_count=30585 10800 10346 454 10000 101 9899 3801 233 19785 16660 115 53 3125 716 684 6098 62 464 176 16545 1975 142 14570 10297 4273 346 279 111 168
is_linear=0
shrinkage=0.05


Tree=91
num_leaves=31
num_cat=0
split_feature=5 15 3 1 7 17 15 9 15 16 3 16 8 9 24 12 15 0 16 23 7 17 13 7 9 3 7 1 16 7
split_gain=1.91407e+06 1.82242e+06 1.79501e+06 1.62126e+06 1.66083e+06 1.28045e+06 2.00938e+06 1.32781e+06 1.24177e+06 2.25033e+06 1.90143e+06 1.50228e+06 1.8066e+06 1.25338e+06 1.15516e+06 952815 1.45255e+06 707530 735363 870749 701163 693104 660742 614925 614352 917144 611441 499743 497024 607484
threshold=69.629999999999924 0.96592582628906831 2.5750175502600348 0.19305214367951343 777.36461542940708 0.81174490092936691 1.0000000180025095e-35 3005.0980100075335 -0.12940952255126034 -0.60785761079279388 1.1901769177352677 -0.60785761079279388 1786.1298771869133 2345.2743751583434 11.821283500000002 43787.500000000007 1.0000000180025095e-35 0.42111683830595142 -0.8783796973249266 8.3778580000000016 193.94774678490998 -0.56174490092936669 28701.425000000003 595.16997336795305 2863.635411009132 0.66585374107932283 400.22302417199722 0.1199493963633096 -0.60785761079279388 333.99930859017695
decision_type=2 2 2 2 2 2 2 2 2 2 2 2 2 2 2 2 2 2 2 2 2 2 2 2 2 2 2 2 2 2
left_child=2 3 5 4 15 8 7 20 9 10 -1 12 -10 -13 -11 16 -2 18 -4 -20 -7 -5 -3 -19 25 -6 -17 -26 29 -24
right_child=1 22 17 21 24 6 -8 -9 11 14 -12 13 -14 -15 -16 26 -18 23 19 -21 -22 -23 28 -25 27 -27 -28 -29 -30 -31
leaf_value=-1.4577487777721609 -0.4290820587834383 9.0109412040710453 -2.7948865767625666 -7.704446484221787 -0.59423976898193354 0.91024534052717121 -0.63538409318159428 11.061795873979205 0.38748202444394286 -0.82353269412090124 -5.042921239065878 -0.33406218129922649 4.0193141830687331 -3.5828716503972973 0.62043417817867874 1.6400723419960579 1.2215314102437571 12.014879853016623 0.92320643275829384 6.1712800714618234 3.0907373899420842 -1.7677507399266608 2.6184387540512466 1.1633527685094762 3.5306065465853766 8.4572254333645116 6.0639896725295888 -4.3819812700666239 1.7853463205961544 8.9669505141331598
leaf_weight=2501 2876 45 60 56 35 1194 1628 33 3177 3835 431 7069 379 305 2162 298 2476 32 198 129 533 282 105 22 60 123 104 24 353 60
leaf_count=2501 2876 45 60 56 35 1194 1628 33 3177 3835 431 7069 379 305 2162 298 2476 32 198 129 533 282 105 22 60 123 104 24 353 60
internal_value=0.00573808 0.738472 -0.207713 0.494739 0.68548 -0.267941 0.629831 1.79867 -0.421226 -0.858492 -1.99247 -0.0637779 0.779678 -0.470781 -0.302871 0.512659 0.334961 2.93443 2.12422 3.05546 1.59021 -2.84946 3.45199 8.06798 4.70088 6.49512 2.84513 1.15013 2.88745 5.12312
internal_weight=30585 6897 23688 6334 5996 23247 3388 1760 19859 8929 2932 10930 3556 7374 5997 5754 5352 441 387 327 1727 338 563 54 242 158 402 84 518 165
internal_count=30585 6897 23688 6334 5996 23247 3388 1760 19859 8929 2932 10930 3556 7374 5997 5754 5352 441 387 327 1727 338 563 54 242 158 402 84 518 165
is_linear=0
shrinkage=0.05


Tree=92
num_leaves=31
num_cat=0
split_feature=10 1 2 18 3 1 1 7 3 6 21 2 10 1 7 6 8 6 24 0 9 24 4 9 24 6 9 8 16 0
split_gain=1.7454e+06 1.31796e+06 1.32947e+06 1.49144e+06 1.09776e+06 1.09093e+06 992477 975140 971677 966041 1.24343e+06 1.00076e+06 923398 823976 1.01525e+06 928000 800773 797971 1.64715e+06 836455 787670 686381 673491 625165 583057 507657 436458 431856 558259 479190
threshold=1827.0680963295231 0.11658082995994952 0.51304156392641753 1.0000000180025095e-35 0.90598827827926787 0.060671807164413907 0.048388004834240571 120.80440329893672 0.87297218027408441 24316.990833333337 1.0000000180025095e-35 0.58405734446265456 396.14241203056298 0.24704976018373964 412.65580852970925 29061.435000000001 535.37981905800996 28330.060000000001 11.0522735 0.26623545226883039 2312.5587359574915 12.333636000000002 2.6050496261871845 1627.7543623828017 5.4023543000000016 25539.136666666669 446.1872835029489 1562.9693154448792 -1.0000000180025095e-35 0.44912654535751489
decision_type=2 2 2 2 2 2 2 2 2 2 2 2 2 2 2 2 2 2 2 2 2 2 2 2 2 2 2 2 2 2
left_child=5 4 3 8 6 7 -2 -1 -3 -6 11 -11 16 14 20 -16 22 18 25 -19 -14 -10 26 -15 -21 -4 -7 29 -29 -9
right_child=1 2 17 -5 9 12 -8 27 21 10 -12 -13 13 23 15 -17 -18 19 -20 24 -22 -23 -24 -25 -26 -27 -28 28 -30 -31
leaf_value=-0.14695484499341224 -0.23179468512535095 1.323488570482303 1.0227960551716389 3.746554393768311 11.010949226379395 -2.2214929931900342 11.752873851810682 1.1232118860860341 -3.6246983258620555 0.31686595221998498 -7.2308740800077267 1.993221537597152 -0.35530339013160045 -1.1797961186904173 -0.38790231568714201 2.6922869260391495 -8.422984041486469 7.2172255551113809 -6.4782549713597151 -3.1679823804198137 -5.6376734804099717 -10.941201853464886 5.0236328810453417 -8.9985920581411811 0.077890928189745079 8.3548168529268541 -0.40763386605513685 3.6982866455662129 0.62107896082640446 -0.062311653039981242
leaf_weight=6547 27 34 35 45 20 924 42 2018 64 1630 39 1963 12495 60 449 529 37 29 28 186 66 78 35 42 501 79 520 277 314 1472
leaf_count=6547 27 34 35 45 20 924 42 2018 64 1630 39 1963 12495 60 449 529 37 29 28 186 66 78 35 42 501 79 520 277 314 1472
internal_value=0.00589388 0.880819 -0.655426 -4.06739 1.32659 -0.157115 7.36375 0.231206 -6.11386 1.2026 1.13351 1.23424 -0.429393 -0.298971 -0.264327 1.28334 -1.59806 0.241828 3.59819 -0.444086 -0.385295 -7.87941 -1.39948 -4.66982 -0.817373 6.24173 -1.572 0.837326 2.08237 0.623798
internal_weight=30585 4800 1079 221 3721 25785 69 10628 176 3652 3632 3593 15157 13641 13539 978 1516 858 142 716 12561 142 1479 102 687 114 1444 4081 591 3490
internal_count=30585 4800 1079 221 3721 25785 69 10628 176 3652 3632 3593 15157 13641 13539 978 1516 858 142 716 12561 142 1479 102 687 114 1444 4081 591 3490
is_linear=0
shrinkage=0.05


Tree=93
num_leaves=31
num_cat=0
split_feature=4 7 15 17 17 15 15 12 15 15 15 8 0 24 7 13 10 26 14 13 9 4 0 12 15 16 26 16 8 15
split_gain=1.63083e+06 1.74441e+06 1.72857e+06 1.78541e+06 1.23494e+06 1.19868e+06 1.10346e+06 1.01377e+06 2.1903e+06 1.00893e+06 942334 1.15845e+06 2.0346e+06 916593 974298 902210 804619 795903 1.11685e+06 1.05732e+06 792150 777644 747923 735326 1.07194e+06 3.05052e+06 1.42507e+06 1.26762e+06 1.0929e+06 877238
threshold=0.95345179898211219 380.05603431913977 0.96592582628906831 -0.56174490092936669 0.81174490092936691 -0.12940952255126034 -0.9829629131445341 30611.500000000004 -0.60355339059327384 0.9159756150367534 -0.12940952255126034 1135.0050216201496 0.46786666893859968 11.491747500000001 631.16248673136681 37418.74500000001 1808.0779705241741 14.827350000000001 0.37940952255126054 31801.905000000002 2131.9594740145162 1.1922634221266948 0.46662214522514028 44332.500000000007 -0.12940952255126034 -0.60785761079279388 16.517650000000007 -0.60785761079279388 590.30592280092503 -0.9159756150367534
decision_type=2 2 2 2 2 2 2 2 2 2 2 2 2 2 2 2 2 2 2 2 2 2 2 2 2 2 2 2 2 2
left_child=4 23 6 -4 10 17 15 8 -8 -9 11 -1 -13 -12 -15 -3 -7 -6 19 -19 -5 -17 -22 24 25 26 -2 28 -26 -27
right_child=1 2 3 20 5 16 7 9 -10 -11 13 12 -14 14 -16 21 -18 18 -20 -21 22 -23 -24 -25 27 29 -28 -29 -30 -31
leaf_value=-1.1426180436504236 -1.184179265330737 -8.1146685155771561 -1.429288848789259 9.5879593126809421 0.90568654750635835 -1.4638789659581422 -11.832585139501663 1.6983602222797953 0.025817935616607349 -2.5827757401009133 0.46477800961540439 -2.3571703890636737 -10.839643544928974 -0.88395967991508884 -5.8712536225740157 -2.6126779722578735 5.1503219543695451 -3.4475615163949822 8.40580008983612 4.8996978749399602 7.4753222799301149 7.4759002170562745 -1.2879090490341187 1.268555511374198 0.10610587376750898 -0.92235808239156492 -3.833114434780847 -0.086530229660218269 1.971128731833959 0.5642018889737177
leaf_weight=2067 1946 54 82 129 564 583 37 2583 534 141 1604 426 81 1757 99 76 45 60 95 87 45 20 45 1110 1452 1312 686 7134 1708 4023
leaf_count=2067 1946 54 82 129 564 583 37 2583 534 141 1604 426 81 1757 99 76 45 60 95 87 45 20 45 1110 1452 1312 686 7134 1708 4023
internal_value=0.00560294 0.213135 1.20006 4.80313 -0.636514 0.680613 0.878731 1.07126 -0.838546 1.47242 -0.949847 -1.67342 -3.80508 -0.409905 -1.16507 -3.24835 -0.952914 1.95148 4.32089 1.49099 7.11677 -0.244351 3.25601 0.0220187 -0.0540762 -0.489364 -1.88057 0.282882 1.1157 0.198092
internal_weight=30585 23117 3746 301 7468 1434 3445 3295 571 2724 6034 2574 507 3460 1856 150 628 806 242 147 219 96 90 19371 18261 7967 2632 10294 3160 5335
internal_count=30585 23117 3746 301 7468 1434 3445 3295 571 2724 6034 2574 507 3460 1856 150 628 806 242 147 219 96 90 19371 18261 7967 2632 10294 3160 5335
is_linear=0
shrinkage=0.05


Tree=94
num_leaves=31
num_cat=0
split_feature=5 7 14 11 1 6 11 22 11 15 15 6 15 16 11 11 12 9 9 14 23 19 9 14 15 13 5 23 15 7
split_gain=1.60777e+06 1.41813e+06 1.33804e+06 1.92707e+06 1.27031e+06 1.15101e+06 2.71481e+06 1.19399e+06 3.23797e+06 1.52961e+06 1.2182e+06 1.10159e+06 1.24053e+06 3.38623e+06 1.57603e+06 957903 944629 909151 906621 874559 838194 833036 1.70817e+06 1.12513e+06 955378 1.08491e+06 808788 742136 740971 710561
threshold=50.000000000000014 777.36461542940708 -0.70710678118654735 255.08112789510906 0.16623843604882318 25756.317500000001 520.41605753204374 1.0000000180025095e-35 509.51803386083446 -0.70710678118654757 1.0000000180025095e-35 43581.45416666667 -0.12940952255126034 -0.60785761079279388 299.42770225776047 286.94712952411214 31934.000000000004 1627.7543623828017 1497.2305521121959 0.91597561503675362 9.5720795000000027 0.6830127018922193 2273.1114059773076 -1.0000000180025095e-35 0.60355339059327384 34490.420000000006 -1227.9999999999998 4.9261810000000006 -0.12940952255126034 478.88074020182006
decision_type=2 2 2 2 2 2 2 2 2 2 2 2 2 2 2 2 2 2 2 2 2 2 2 2 2 2 2 2 2 2
left_child=2 4 3 -1 11 6 -4 8 10 -10 -7 12 13 -2 -14 -6 18 -8 -5 21 -17 24 -23 -24 25 -3 -9 -18 -29 -22
right_child=1 19 5 16 15 7 17 26 9 -11 -12 -13 14 -15 -16 20 27 -19 -20 -21 29 22 23 -25 -26 -27 -28 28 -30 -31
leaf_value=-0.058021994209928429 -2.5371084124185068 -3.9793941179911294 -0.87327375846077726 3.4609751584521242 0.8470301382386366 1.3271275638048128 -3.2980788126923986 -4.1715534589356853 2.445113757678441 11.977268768428416 -1.2596806807796472 7.27423045784235 0.5185635242681278 0.99070590090401811 2.7542628232747624 -4.4622910526742539 -0.64549092977566835 -9.5604436580340071 14.812822207698117 9.9109761144600679 -2.0644616296496054 -6.9900967603380026 -0.30341265764034975 9.9959474021738242 10.65939143527638 7.5567054522037509 -0.40159762893614498 0.51448581924014336 3.324683135006218 5.5728891925378283
leaf_weight=4472 973 37 2202 64 256 1086 128 139 86 84 776 58 2333 2229 1188 295 261 115 22 46 94 50 66 39 50 35 12337 366 659 39
leaf_count=4472 973 37 2202 64 256 1086 128 139 86 84 776 58 2333 2229 1188 295 261 115 22 46 94 50 66 39 50 35 12337 366 659 39
internal_value=0.00524162 0.625241 -0.206654 0.445512 0.483504 -0.431535 -1.43401 -0.262151 0.860392 7.36304 0.248546 0.690916 0.62875 -0.0835688 1.27575 -1.56275 2.08106 -6.39495 7.01982 3.84355 -2.99737 2.67792 0.210775 3.80209 5.68032 1.75433 -0.445259 1.72484 2.32865 0.295474
internal_weight=30585 7788 22797 5844 7465 16953 2445 14508 2032 170 1862 6781 6723 3202 3521 684 1372 243 86 323 428 277 155 105 122 72 12476 1286 1025 133
internal_count=30585 7788 22797 5844 7465 16953 2445 14508 2032 170 1862 6781 6723 3202 3521 684 1372 243 86 323 428 277 155 105 122 72 12476 1286 1025 133
is_linear=0
shrinkage=0.05


Tree=95
num_leaves=31
num_cat=0
split_feature=1 11 0 15 15 15 1 4 12 11 14 13 9 24 11 11 15 15 9 11 23 16 23 11 8 15 8 9 9 11
split_gain=1.52724e+06 2.09161e+06 1.41187e+06 1.854e+06 1.13824e+06 1.82876e+06 1.37003e+06 1.16129e+06 1.06747e+06 1.45252e+06 1.53661e+06 1.42807e+06 1.21881e+06 1.18304e+06 1.06248e+06 1.03872e+06 1.02848e+06 1.0254e+06 948583 1.12697e+06 857628 787088 780607 730104 652655 633418 613959 612326 1.04941e+06 772178
threshold=0.068051304740325322 255.08112789510906 0.44180263208968468 -0.5 0.96592582628906831 0.9159756150367534 0.20179298745144222 1.2613236586545484 33891.000000000007 648.80539728898964 -0.25881904510252113 30933.550000000003 1497.2305521121959 11.780278500000003 472.37178621456525 595.13008241021805 1.0000000180025095e-35 -0.9829629131445341 2895.5032941072968 668.06494927022538 7.8633765000000002 -0.60785761079279388 9.7433180000000004 161.23706068859158 2055.8953207150594 -0.78656609248549325 2626.1050338120644 2345.2743751583434 2626.1050338120644 456.93634900424689
decision_type=2 2 2 2 2 2 2 2 2 2 2 2 2 2 2 2 2 2 2 2 2 2 2 2 2 2 2 2 2 2
left_child=1 -1 17 14 5 8 23 26 9 16 -11 12 -10 -13 24 21 -2 20 19 -19 -3 -5 -16 -7 -4 -20 27 29 -29 -6
right_child=4 2 3 15 7 6 -8 -9 11 10 -12 13 -14 -15 22 -17 -18 18 25 -21 -22 -23 -24 -25 -26 -27 -28 28 -30 -31
leaf_value=0.050502351206442114 -1.5899020369145909 3.3375001624778466 -4.1168019944145566 2.2521959525031541 0.32272552208065891 -0.91823242785232972 -14.084736298852498 6.981993350615868 0.72355194289784341 1.9215142143269379 -5.3469751032144295 -0.51971408887543058 7.9612554040025261 0.7187903146625727 -15.717485631306966 5.6320139000632548 -0.11047906183694817 3.0991519515775585 -2.7119036452128338 11.507912462665921 -4.6115805941243329 -0.49706612685414692 -2.4445314444028416 -4.2900565595890878 3.0128072271955775 1.7007394800398581 5.5510892079722503 -10.194252967834473 2.2456313862119401 4.9815404466132529
leaf_weight=10959 1834 49 100 411 1083 344 22 73 138 91 318 5627 97 2927 25 105 3255 1266 99 37 88 692 21 302 42 371 57 30 30 92
leaf_count=10959 1834 49 100 411 1083 344 22 73 138 91 318 5627 97 2927 25 105 3255 1266 99 37 88 692 21 302 42 371 57 30 30 92
internal_value=0.00541561 0.383261 1.48456 0.274187 -0.324865 -0.451104 -2.99836 1.05478 -0.330994 -0.877094 -3.72598 0.0109199 3.81486 -0.0957456 -4.27873 0.99751 -0.644688 2.36616 2.68833 3.38104 -1.75072 0.53286 -10.4928 -2.51545 -1.97695 0.7524 0.694218 0.448535 -4.27926 0.707106
internal_weight=30585 14265 3306 1396 16320 14955 668 1365 14287 5498 409 8789 235 8554 188 1208 5089 1910 1773 1303 137 1103 46 646 142 470 1292 1235 60 1175
internal_count=30585 14265 3306 1396 16320 14955 668 1365 14287 5498 409 8789 235 8554 188 1208 5089 1910 1773 1303 137 1103 46 646 142 470 1292 1235 60 1175
is_linear=0
shrinkage=0.05


Tree=96
num_leaves=31
num_cat=0
split_feature=5 15 14 11 9 11 23 11 12 9 22 15 19 11 10 16 11 11 15 14 8 12 12 15 11 11 13 15 13 5
split_gain=1.45833e+06 1.38527e+06 1.24451e+06 1.69996e+06 1.07013e+06 1.24795e+06 1.11609e+06 1.05209e+06 2.59827e+06 1.60376e+06 993408 1.85898e+06 1.87131e+06 3.96931e+06 1.77178e+06 1.63695e+06 1.75275e+06 1.09097e+06 1.03693e+06 1.34521e+06 1.0966e+06 938045 892398 1.01702e+06 1.61843e+06 1.03736e+06 810718 707741 661581 589656
threshold=59.995000000000012 0.96592582628906831 -0.70710678118654735 311.58822615612172 2567.8214038401825 739.19286622200468 7.4403535000000014 866.73822657055348 34330.500000000007 1627.7543623828017 2.5000000000000004 1.0000000180025095e-35 1.0000000180025095e-35 497.39075132390343 2351.3732872324877 -0.60785761079279388 576.46600801760758 400.20756300939792 -0.12940952255126034 0.78656609248549325 623.23814660758364 27319.500000000004 43057.500000000007 0.96592582628906831 488.30152107479847 122.49747787530427 33302.105000000003 -0.37940952255126009 43069.765000000007 417.00500000000005
decision_type=2 2 2 2 2 2 2 2 2 2 2 2 2 2 2 2 2 2 2 2 2 2 2 2 2 2 2 2 2 2
left_child=2 10 3 -1 5 27 -6 22 9 -9 17 12 13 -12 -14 21 -17 -2 19 -19 -20 -13 23 25 -25 -4 -10 -5 -8 -3
right_child=1 29 7 4 6 -7 28 8 26 -11 11 15 14 -15 -16 16 -18 18 20 -21 -22 -23 -24 24 -26 -27 -28 -29 -30 -31
leaf_value=0.042618664734133539 0.53813253819897156 2.01137926111315 -0.26458998158126601 -0.72699634598033269 -2.3781113593422591 13.560991556413711 3.5052897997082226 2.0734357430384711 11.087247528076173 -13.211919724437553 -1.481010615880703 6.4468251757657358 -0.18588054729723252 -12.100726752030223 6.252659613609314 0.18583630689223246 -8.2357386000120822 3.2160808629459812 8.367717361450195 11.312003583908082 0.08115518055442307 1.8937772579070467 0.82240871549522654 0.25945476376254611 6.8227775248614222 -1.1451254066814882 -1.5063723268180058 3.971079723967966 -2.5555304941322126 5.7226883467312524
leaf_weight=4925 2009 453 8124 96 194 26 247 21 20 66 1230 129 734 90 120 791 62 283 40 60 355 792 1438 1844 94 5686 24 441 51 140
leaf_count=4925 2009 453 8124 96 194 26 247 21 20 66 1230 129 734 90 120 791 62 283 40 60 355 792 1438 1844 94 5686 24 441 51 140
internal_value=0.00510288 0.622147 -0.188017 0.43361 2.25 3.72899 0.53698 -0.402747 -4.78375 -9.60964 0.415854 -0.092336 -1.07134 -2.24805 0.749903 1.10702 -0.470651 1.14508 2.78254 4.7746 1.01453 2.56292 -0.367968 -0.476895 0.594563 -0.62742 4.76421 3.13215 2.44282 2.92818
internal_weight=30585 7288 23297 5980 1055 563 492 17317 131 87 6695 3948 2174 1320 854 1774 853 2747 738 343 395 921 17186 15748 1938 13810 44 537 298 593
internal_count=30585 7288 23297 5980 1055 563 492 17317 131 87 6695 3948 2174 1320 854 1774 853 2747 738 343 395 921 17186 15748 1938 13810 44 537 298 593
is_linear=0
shrinkage=0.05


Tree=97
num_leaves=31
num_cat=0
split_feature=10 5 16 14 11 12 7 12 23 12 11 23 10 19 12 6 23 23 11 11 10 12 12 9 11 7 11 10 10 11
split_gain=1.40561e+06 1.24164e+06 1.35035e+06 1.21399e+06 1.48003e+06 1.22077e+06 917298 961664 869745 936618 866004 2.34563e+06 1.04286e+06 833692 833370 642965 782103 545714 963609 927037 514745 435961 992859 396573 381644 501281 367605 365555 400668 352108
threshold=2739.3066488678764 417.00500000000005 0.6078576107927941 -0.70710678118654735 190.30317605116554 43787.500000000007 57.391148940504301 31934.000000000004 7.4403535000000014 33026.500000000007 295.04571564515408 12.4316455 1998.6334189596382 -0.68301270189221952 35957.500000000007 42502.757500000007 14.401759500000002 4.7982913500000004 576.46600801760758 266.67506364095544 754.09905588354775 29500.500000000004 30424.500000000004 1642.3785908357577 488.30152107479847 430.44667324903764 54.473343630432005 2571.5706662195612 2351.3732872324877 412.5423184596591
decision_type=2 2 2 2 2 2 2 2 2 2 2 2 2 2 2 2 2 2 2 2 2 2 2 2 2 2 2 2 2 2
left_child=1 3 8 4 23 10 -6 -8 17 13 12 -12 -5 -10 -11 16 21 18 -3 -19 -4 -2 -23 26 25 -7 -1 28 -22 -24
right_child=15 2 20 5 6 24 7 -9 9 14 11 -13 -14 -15 -16 -17 -18 19 -20 -21 27 22 29 -25 -26 -27 -28 -29 -30 -31
leaf_value=-0.55424660366706391 9.1753478012084955 1.6364539302885532 10.694705037117005 -0.29401613219069656 9.1645081245585498 1.3021200903298134 5.4717100166461687 1.0745519746288783 -0.86589743471704428 5.0874359387904411 -0.72106918856956748 -5.3371561209186922 3.29511161357755 -7.2817230289632624 -0.46427012436449938 8.5522236801857172 -4.7475506232335016 -2.5481050164517711 -5.0989971840020383 4.4557204451832106 3.1175732736109518 -7.4691104726791382 1.4848036768259827 -4.0804003363750025 5.347027186627658 -2.284001844731447 0.34993333112659963 7.378733256015372 -2.0752237514007925 4.6395923053500834
leaf_weight=1906 20 267 20 16021 33 1136 127 2282 123 75 3367 295 200 83 432 38 34 54 61 261 351 20 211 56 48 102 2725 42 38 157
leaf_count=1906 20 267 20 16021 33 1136 127 2282 123 75 3367 295 200 83 432 38 34 54 61 261 351 20 211 56 48 102 2725 42 38 157
internal_value=0.00521111 -0.0378004 1.23106 -0.11903 0.445096 -0.309071 1.44181 1.31724 0.437764 -0.762629 -0.405724 -1.09971 -0.248758 -3.56245 0.398552 2.67552 2.08016 1.76453 0.325921 3.23385 3.58517 2.69985 2.25344 -0.0751815 1.18104 0.998617 -0.0223894 3.13629 2.59028 2.87502
internal_weight=30585 30105 1807 28298 7129 21169 2442 2409 1356 713 19883 3662 16221 206 507 480 442 643 328 315 451 408 388 4687 1286 1238 4631 431 389 368
internal_count=30585 30105 1807 28298 7129 21169 2442 2409 1356 713 19883 3662 16221 206 507 480 442 643 328 315 451 408 388 4687 1286 1238 4631 431 389 368
is_linear=0
shrinkage=0.05


Tree=98
num_leaves=31
num_cat=0
split_feature=15 7 6 15 15 23 26 6 26 15 16 26 16 8 21 13 12 15 23 26 26 18 8 7 16 7 26 8 7 7
split_gain=1.32942e+06 1.37601e+06 1.49021e+06 1.26327e+06 1.59806e+06 1.18564e+06 1.13777e+06 1.07204e+06 967177 915767 3.40361e+06 2.26047e+06 1.55968e+06 1.17749e+06 1.14683e+06 831400 808370 783756 754234 1.01515e+06 632349 603358 573065 504349 617008 605526 561018 495725 427274 523326
threshold=-0.9829629131445341 380.05603431913977 22337.725833333334 0.96592582628906831 0.9159756150367534 8.3161285000000031 18.579800000000002 37857.010833333341 18.583150000000003 -0.12940952255126034 -0.60785761079279388 14.636050000000003 -0.60785761079279388 581.70190876608717 1.0000000180025095e-35 26194.800000000007 40150.000000000007 1.0000000180025095e-35 5.6664435000000006 18.216350000000002 18.620500000000003 1.0000000180025095e-35 2231.5016179326008 370.05562067166494 1.0000000180025095e-35 124.58725464009248 18.786450000000006 2273.1114059773076 631.16248673136681 442.0306932588071
decision_type=2 2 2 2 2 2 2 2 2 2 2 2 2 2 2 2 2 2 2 2 2 2 2 2 2 2 2 2 2 2
left_child=18 7 5 4 15 20 16 9 -6 10 11 -2 13 -11 -12 -4 -5 -7 -1 -20 -3 -14 -8 25 -25 -9 -27 28 29 -21
right_child=1 2 3 6 8 17 22 23 -10 12 14 -13 21 -15 -16 -17 -18 -19 19 27 -22 -23 -24 24 -26 26 -28 -29 -30 -31
leaf_value=0.70953054017403672 -1.1268181691633481 -9.2187593218568082 -3.6300325312512989 7.202574130778129 -0.44169262826970201 -2.992734498688669 2.7673203182762318 0.069325835816436573 -7.5480073830177048 0.010426423655983709 0.40030550905875562 -4.2277524705548162 -0.89959543328671066 1.7166287574984846 -2.7071675851217076 1.1379341263909557 -2.7811299543380739 8.5712094069079114 -1.3217025755184022 -3.4389155088152203 -1.0980761845906577 -0.035643995789690894 -3.278980976343155 -7.8863865808436744 1.5710638242609363 1.5616749316745495 -0.67787932935840134 -10.66951932642195 0.99663404684800383 -10.587390977995737
leaf_weight=280 2109 72 89 190 108 28 105 2034 82 2068 4286 813 3115 1974 314 3666 20 22 764 135 37 5738 56 33 29 2001 322 31 34 30
leaf_count=280 2109 72 89 190 108 28 105 2034 82 2068 4286 813 3115 1974 314 3666 20 22 764 135 37 5738 56 33 29 2001 322 31 34 30
internal_value=0.00526459 0.0741083 0.88066 1.05734 0.792252 -3.80092 3.82796 -0.0713638 -3.62378 -0.224216 -0.662458 -1.99537 0.0315761 0.844792 0.185467 1.02023 6.20895 2.41113 -1.57268 -2.21595 -6.6317 -0.339974 0.628539 0.6343 -3.67487 0.699773 1.25043 -5.09485 -3.98597 -5.0121
internal_weight=30585 29311 4475 4316 3945 159 371 24836 190 20417 7522 2922 12895 4042 4600 3755 210 50 1274 994 109 8853 161 4419 62 4357 2323 230 199 165
internal_count=30585 29311 4475 4316 3945 159 371 24836 190 20417 7522 2922 12895 4042 4600 3755 210 50 1274 994 109 8853 161 4419 62 4357 2323 230 199 165
is_linear=0
shrinkage=0.05


Tree=99
num_leaves=31
num_cat=0
split_feature=5 3 7 26 26 12 5 22 11 12 11 15 19 24 14 15 13 12 14 11 15 15 0 11 24 8 5 26 9 11
split_gain=1.25277e+06 1.20422e+06 1.20221e+06 1.4063e+06 2.03711e+06 1.07077e+06 993473 968202 1.67357e+06 1.59724e+06 1.36358e+06 1.83017e+06 3.05632e+06 1.90172e+06 1.20491e+06 938222 910449 901223 878294 863741 846894 728406 708179 700694 1.59818e+06 700685 669176 767104 612977 564889
threshold=50.000000000000014 2.5750175502600348 777.36461542940708 18.579800000000002 18.596550000000004 36185.500000000007 299.89500000000015 1.0000000180025095e-35 412.5423184596591 29341.500000000004 441.98575352340697 -0.12940952255126034 0.6830127018922193 10.612726500000003 0.37940952255126054 0.96592582628906831 27068.535000000003 43787.500000000007 0.78656609248549325 425.07594124034773 1.0000000180025095e-35 0.25881904510252057 0.42111683830595142 497.39075132390343 4.4038162500000011 446.15822438418928 417.00500000000005 18.567550000000004 2019.4196213484609 299.42770225776047
decision_type=2 2 2 2 2 2 2 2 2 2 2 2 2 2 2 2 2 2 2 2 2 2 2 2 2 2 2 2 2 2
left_child=1 7 15 5 6 -4 -5 8 20 16 25 12 -12 -13 -11 17 -10 23 -6 28 -1 -8 -3 -2 -25 -9 -17 -28 -19 -22
right_child=2 22 3 4 18 -7 21 10 9 14 11 13 -14 -15 -16 26 -18 19 -20 -21 29 -23 -24 24 -26 -27 27 -29 -30 -31
leaf_value=0.97548006426086831 0.29116832902907658 1.5927595872547209 13.082098664556231 -8.8853139730386967 3.5504032427469889 2.2695685133337977 3.8828510077794394 -0.89939236755936092 -7.6815202912618945 2.9339724114923569 -7.2526921694619322 3.110926115942922 1.4748549786085885 -2.5525889573324143 9.5652217031639317 1.4087176009147548 2.2102420818347199 3.0295637354038765 14.443427537168777 6.8676906162433413 -0.41902102781235712 -4.3812853430708252 7.5200090270931446 -12.292971903085709 -0.84977221397302949 -0.11311598394894487 11.302076460719109 2.7832252024235777 -1.238583737038649 -3.8927523390325001
leaf_weight=1469 5727 383 51 38 70 43 55 3517 38 211 310 241 145 368 102 473 47 202 23 84 1284 43 54 27 686 14504 35 93 138 124
leaf_count=1469 5727 383 51 38 70 43 55 3517 38 211 310 241 145 368 102 473 47 202 23 84 1284 43 54 27 686 14504 35 93 138 124
internal_value=0.00460962 -0.182434 0.551896 3.51504 1.33033 8.50088 -2.54893 -0.233474 0.560189 3.5779 -0.36978 -2.10491 -4.48548 -0.304198 5.21153 0.421411 -2.39248 0.254708 6.84435 2.47372 0.137222 0.219605 2.40208 0.106797 -1.36576 -0.266776 2.30744 5.45029 1.30421 -0.737674
internal_weight=30585 22797 7788 323 229 94 136 22360 3275 398 19085 1064 455 609 313 7465 85 6864 93 424 2877 98 437 6440 713 18021 601 128 340 1408
internal_count=30585 22797 7788 323 229 94 136 22360 3275 398 19085 1064 455 609 313 7465 85 6864 93 424 2877 98 437 6440 713 18021 601 128 340 1408
is_linear=0
shrinkage=0.05


Tree=100
num_leaves=31
num_cat=0
split_feature=1 7 0 15 4 7 15 4 6 8 4 15 12 8 24 24 8 8 14 4 6 7 15 12 10 15 2 10 10 16
split_gain=1.35766e+06 1.37494e+06 1.00832e+06 925566 874914 940034 863567 860837 925296 859202 803337 799884 893866 709137 1.10545e+06 680804 888717 676985 647066 638438 618003 609904 609711 622083 578809 988238 555781 549949 538487 522532
threshold=0.068051304740325322 120.80440329893672 0.44912654535751489 -0.9829629131445341 0.95345179898211219 739.3636290339058 -0.5 1.1447861042918688 24980.067500000005 2895.5032941072968 1.2078492591214214 -0.78656609248549325 41908.500000000007 490.78966262072498 12.509394000000002 12.373853500000001 1426.8210489660182 2567.8214038401825 -1.0000000180025095e-35 1.0943839603903598 23768.352500000005 435.66904081343336 0.98296291314453432 43787.500000000007 2801.8744911110803 -0.37940952255126009 0.46367246919396937 1983.9527159747879 2521.0321204144539 1.0000000180025095e-35
decision_type=2 2 2 2 2 2 2 2 2 2 2 2 2 2 2 2 2 2 2 2 2 2 2 2 2 2 2 2 2 2
left_child=1 -1 11 15 17 22 13 27 -9 10 -8 12 -3 -4 -15 16 -2 20 29 -14 26 -18 23 -6 -13 -26 -5 -7 -22 -19
right_child=3 2 6 4 5 7 9 8 -10 -11 -12 24 19 14 -16 -17 21 18 -20 -21 28 -23 -24 -25 25 -27 -28 -29 -30 -31
leaf_value=-0.12026854724186518 -1.9299525910092692 -0.67185532758679989 0.44470368781140152 -0.9496153127717375 -0.28848391487084757 -1.9941560716613342 -0.073924202802267233 -0.52976746062437696 8.2083322758577317 7.1273917451817939 2.6393190215786779 1.6619770441748429 0.98000733353582348 -6.4131097911359518 2.1492767149547363 0.90516725268265974 -3.3163799051134313 -1.5357391957883482 -0.49606342315673829 5.0801265055133449 -0.57665609905758375 -11.535563799350157 1.6968311390450279 1.0324112254892694 -1.6295856578930004 8.6853404517043131 -4.2304281919529396 2.6162539056142173 4.6016907009423944 -11.534316781088711
leaf_weight=7274 414 846 137 314 9758 109 1994 43 93 42 311 2832 421 141 48 141 56 22 52 119 3404 41 452 976 32 68 219 145 46 35
leaf_count=7274 414 846 137 314 9758 109 1994 43 93 42 311 2832 421 141 48 141 56 22 52 119 3404 41 452 976 32 68 219 145 46 35
internal_value=0.00472153 0.360973 0.86143 -0.306683 -0.229507 -0.00725578 0.0978466 2.38998 5.52438 0.4342 0.297056 1.33345 0.341963 -2.29352 -4.23893 -2.14533 -2.98776 -0.857454 -4.65977 1.92196 -0.747675 -7.18613 -0.0918704 -0.167951 1.80074 5.46367 -2.32452 0.637275 -0.501037 -8.11109
internal_weight=30585 14265 6991 16320 15668 11576 2673 390 136 2347 2305 4318 1386 326 189 652 511 4092 109 540 3983 97 11186 10734 2932 100 533 254 3450 57
internal_count=30585 14265 6991 16320 15668 11576 2673 390 136 2347 2305 4318 1386 326 189 652 511 4092 109 540 3983 97 11186 10734 2932 100 533 254 3450 57
is_linear=0
shrinkage=0.05


Tree=101
num_leaves=31
num_cat=0
split_feature=1 9 5 15 15 1 4 15 12 3 0 15 0 5 3 5 18 3 1 26 5 12 3 17 26 2 3 23 9 3
split_gain=1.22782e+06 973940 952886 838344 1.5429e+06 1.24552e+06 878364 815707 854701 755618 727543 1.16998e+06 646454 1.04763e+06 620201 615216 659566 609103 455977 429723 415495 413587 412819 374908 352669 341354 328026 454281 405841 295608
threshold=0.068051304740325322 3199.5985812441477 66.769999999999996 0.96592582628906831 0.9159756150367534 0.20179298745144222 1.2613236586545484 -0.9829629131445341 33891.000000000007 1.1901769177352677 0.32282731069456455 -0.5 0.47922952996817814 195.01000000000013 2.2182014127490191 749.93500000000017 -0.93301270189221919 1.1836065345044886 0.011138412109856064 18.619650000000004 299.99999999999972 35110.500000000007 2.2182014127490191 1.0000000180025095e-35 7.8938000000000006 0.65041781104915652 1.100889998640959 7.0086555000000006 1845.9241844862479 2.2013852343508646
decision_type=2 2 2 2 2 2 2 2 2 2 2 2 2 2 2 2 2 2 2 2 2 2 2 2 2 2 2 2 2 2
left_child=2 3 14 4 7 17 26 9 -9 -2 24 12 18 -14 29 16 -13 -6 -12 -8 22 -16 -3 -24 -4 -23 28 -28 -5 -1
right_child=1 20 10 6 5 -7 19 8 -10 -11 11 15 13 -15 21 -17 -18 -19 -20 -21 -22 25 23 -25 -26 -27 27 -29 -30 -31
leaf_value=0.070990024691194017 -1.2090842321657298 10.659083815983365 0.84401163903099519 0.17262476590688003 -1.4020731768156498 -13.341280222518577 9.5722866873915606 -0.73091169452764815 0.081819086338795227 -5.5492018687248237 6.5779739038944243 5.2345737971148445 0.040094446727674302 -9.4362459587115861 5.5230334766094504 5.0140970424652105 1.087506024520585 -4.9371964637055461 -0.28043271346074161 1.8260596936302527 -2.1233732032775881 0.67578464472350097 -0.34536988396536222 6.2755303382873535 4.4041648663819215 4.2914244673190973 0.1852947783987906 3.4762781814281194 -6.2910499515533447 -3.0584332235549625
leaf_weight=10667 532 23 103 844 485 22 36 5348 8173 120 20 98 68 46 60 120 1504 161 787 37 20 419 39 41 229 73 231 188 20 71
leaf_count=10667 532 23 103 844 485 22 36 5348 8173 120 20 98 68 46 60 120 1504 161 787 37 20 419 39 41 229 73 231 188 20 71
internal_value=0.00448515 -0.291654 0.343272 -0.325892 -0.434689 -2.774 0.862044 -0.323489 -0.23979 -2.04411 1.13856 0.857664 -0.578753 -4.01909 0.133291 1.6254 1.35673 -2.31435 -0.0709401 6.01549 4.05311 1.76007 5.29567 3.2168 3.32872 1.25013 0.546571 1.68562 -0.012276 0.0488797
internal_weight=30585 16320 14265 16197 14841 668 1356 14173 13521 652 2975 2643 921 114 11290 1722 1602 646 807 73 123 552 103 80 332 492 1283 419 864 10738
internal_count=30585 16320 14265 16197 14841 668 1356 14173 13521 652 2975 2643 921 114 11290 1722 1602 646 807 73 123 552 103 80 332 492 1283 419 864 10738
is_linear=0
shrinkage=0.05


Tree=102
num_leaves=31
num_cat=0
split_feature=15 7 6 23 15 15 17 4 6 11 0 11 15 19 19 11 11 11 3 15 6 11 23 11 15 20 20 11 8 7
split_gain=1.04931e+06 1.09057e+06 1.24072e+06 1.06405e+06 1.03831e+06 1.35682e+06 906565 869096 825401 909840 1.00244e+06 872501 2.28328e+06 2.60824e+06 1.50919e+06 772089 708717 685371 798356 679205 638466 629900 522283 609881 519865 1.46305e+06 1.20254e+06 470059 273963 246073
threshold=-0.9829629131445341 380.05603431913977 22337.725833333334 8.3161285000000031 0.96592582628906831 0.9159756150367534 -0.56174490092936669 0.93245205103986051 37857.010833333341 412.5423184596591 0.32748673870460759 497.39075132390343 0.37940952255126043 0.25000000000000017 -0.5 709.18839906504832 273.88431499429504 69.163290355828067 0.59032134265119751 1.0000000180025095e-35 27945.633333333335 520.41605753204374 5.8630007000000015 150.65296495243669 0.1294095225512602 1.0000000180025095e-35 1.0000000180025095e-35 576.46600801760758 675.15669659905097 364.41296759475995
decision_type=2 2 2 2 2 2 2 2 2 2 2 2 2 2 2 2 2 2 2 2 2 2 2 2 2 2 2 2 2 2
left_child=15 8 3 27 5 16 21 -8 11 17 -11 24 13 -13 -14 22 -4 -10 -19 -5 -7 -6 29 -24 25 -2 -26 -3 -29 -1
right_child=1 2 4 19 6 20 7 -9 9 10 -12 12 14 -15 -16 -17 -18 18 -20 -21 -22 -23 23 -25 26 -27 -28 28 -30 -31
leaf_value=0.17451816974138518 0.046984949216076113 -1.3371107691810247 -1.4420460499949375 -2.6574350631598271 2.2640964351156181 -10.258300156428897 -0.19409664575604424 6.4276810786890426 -0.41859697418395103 11.41981479227543 -0.22389077162131288 -12.478875469619579 11.560178658190896 0.62419463412862441 -1.7122972253958384 -7.9955914996391115 1.113675025902388 3.1189728125076552 0.59405138429752535 8.1171491463979084 -2.0966092217735381 -5.7121867033151483 -0.53869350044213515 -3.0845262362781138 -0.28025719418969647 -1.2516877537413915 0.85381985895221502 -3.7078027220333327 -10.857904892166456 4.8213715478777885
leaf_weight=264 5807 37 290 28 63 24 64 210 1465 35 34 83 29 66 55 38 3465 353 2532 22 166 34 506 439 7539 3456 3382 29 43 27
leaf_count=264 5807 37 290 28 63 24 64 210 1465 35 34 83 29 66 55 38 3465 353 2532 22 166 34 506 439 7539 3456 3382 29 43 27
internal_value=0.00440284 0.0655654 0.783604 -3.48802 0.944835 0.704529 3.45663 4.90505 -0.0639418 0.55525 6.0542 -0.198063 -3.20784 -6.84268 3.26133 -1.39748 0.914627 0.461163 0.907872 2.38941 -3.36441 -0.674184 -1.16319 -1.73142 -0.162531 -0.437955 0.0711676 -6.17108 -8.40643 0.679998
internal_weight=30585 29311 4475 159 4316 3945 371 274 24836 4419 69 20417 233 149 84 1274 3755 4350 2885 50 190 97 1236 945 20184 9263 10921 109 72 291
internal_count=30585 29311 4475 159 4316 3945 371 274 24836 4419 69 20417 233 149 84 1274 3755 4350 2885 50 190 97 1236 945 20184 9263 10921 109 72 291
is_linear=0
shrinkage=0.05


Tree=103
num_leaves=31
num_cat=0
split_feature=1 10 26 9 4 15 15 26 4 24 24 9 15 12 6 2 16 4 4 2 24 10 24 3 4 10 24 9 12 8
split_gain=1.09424e+06 961000 1.02881e+06 863857 799959 751797 1.08332e+06 735588 698804 638759 611724 546623 518798 1.01194e+06 751560 614894 650884 611138 502386 496266 624290 454764 438172 571432 616319 562718 419133 391188 625981 336967
threshold=0.068051304740325322 2739.3066488678764 18.216350000000002 3199.5985812441477 0.79594076328328034 0.96592582628906831 0.9159756150367534 18.583150000000003 1.2613236586545484 11.732534000000003 3.5225491500000001 506.68302738297217 -0.78656609248549325 41908.500000000007 28540.855833333339 0.55283953581040868 -0.60785761079279388 1.0139622722416595 1.0992531453801524 0.71646273088367252 5.0205455000000008 2228.4778661858099 6.681157100000001 1.2194699340046802 0.48920102747341815 1307.4506428975419 13.441533750000001 2131.9594740145162 32791.500000000007 2626.1050338120644
decision_type=2 2 2 2 2 2 2 2 2 2 2 2 2 2 2 2 2 2 2 2 2 2 2 2 2 2 2 2 2 2
left_child=1 11 -3 4 22 6 9 -8 29 -6 -4 19 13 14 -13 16 -14 -17 -15 -1 -21 -5 -2 25 -25 -24 -10 -12 -29 -7
right_child=3 2 10 21 5 8 7 -9 26 -11 27 12 15 18 -16 17 -18 -19 -20 20 -22 -23 23 24 -26 -27 -28 28 -30 -31
leaf_value=-0.11391560119123696 0.25211665347464934 10.283243529001872 -4.3213724460866718 9.7847208169790427 -0.46155215175273351 0.55250244095323409 -1.4634174720490254 -5.9759911347052146 8.8975176059386953 0.29040206204242802 7.128643198240372 -9.7645881471633924 1.3128658717485715 0.67682407184543714 -0.97132028086252176 0.74937358555939027 -0.51950922043440684 2.1863801187127967 4.3170191949811478 8.9777344198787912 0.23969802900887371 2.1872981577276067 -1.3059062576675919 -6.8328405202973803 -1.8453853828806275 1.747132104924231 1.2823502809573444 -3.5874169720543758 2.963719380533167 4.9357830283434501
leaf_weight=6645 509 37 31 21 6988 1004 434 111 39 4733 37 20 742 534 999 2329 1375 1086 111 29 52 102 1849 87 208 160 34 40 198 41
leaf_count=6645 509 37 31 21 6988 1004 434 111 39 4733 37 20 742 534 999 2329 1375 1086 111 29 52 102 1849 87 208 160 34 40 198 41
internal_value=0.0040587 0.323888 2.91934 -0.275508 -0.307753 -0.146478 -0.259752 -2.42855 1.09187 -0.157911 1.87776 0.258914 0.561655 -0.211916 -1.19079 0.794332 0.124288 1.2089 1.33174 -0.0651512 3.70879 3.81636 -1.07345 -1.36622 -3.40579 -1.059 5.66093 2.64144 1.81132 0.74721
internal_weight=30585 14265 343 16320 16197 13384 12266 545 1118 11721 306 13922 7196 1664 1019 5532 2117 3415 645 6726 81 123 2813 2304 295 2009 73 275 238 1045
internal_count=30585 14265 343 16320 16197 13384 12266 545 1118 11721 306 13922 7196 1664 1019 5532 2117 3415 645 6726 81 123 2813 2304 295 2009 73 275 238 1045
is_linear=0
shrinkage=0.05


Tree=104
num_leaves=31
num_cat=0
split_feature=1 11 0 15 21 18 4 2 8 12 15 8 23 4 1 11 17 1 11 9 15 16 9 12 5 11 4 9 8 9
split_gain=990630 1.34142e+06 949194 1.44041e+06 1.79881e+06 1.24615e+06 1.01003e+06 985745 805244 697791 768376 1.76737e+06 1.95192e+06 926744 723921 718411 1.68238e+06 669981 603946 580765 576168 543647 525147 468012 459518 744224 439822 414671 795655 430943
threshold=0.07815191598035949 255.08112789510906 0.31751194927847143 -0.5 1.0000000180025095e-35 -0.93301270189221919 1.1266037918339558 0.52614797579441375 981.74367409555771 43787.500000000007 -0.70710678118654757 1444.143480146038 6.0030610500000003 1.0396538385213923 0.24704976018373964 400.20756300939792 -0.56174490092936669 0.048877714834765162 400.20756300939792 2762.2196417614418 -0.9159756150367534 -1.0000000180025095e-35 1603.25204566808 21769.500000000004 397.00500000000017 351.01163321540656 1.0933459871037885 221.66253622007531 1007.9559692994125 1581.5484171780806
decision_type=2 2 2 2 2 2 2 2 2 2 2 2 2 2 2 2 2 2 2 2 2 2 2 2 2 2 2 2 2 2
left_child=1 -1 18 4 5 -4 7 -5 -6 10 11 27 -13 -14 15 23 -17 -8 20 24 26 -22 -16 -12 -11 -26 -3 28 -2 -29
right_child=9 2 3 6 8 -7 17 -9 -10 19 14 12 13 -15 22 16 -18 -19 -20 -21 21 -23 -24 -25 25 -27 -28 29 -30 -31
leaf_value=0.019235145170833738 0.14633812974108026 -3.1654097361351128 -5.1460990944424196 -0.24528880595120001 -3.2704886064296819 0.43999416425107624 1.8415803261635977 2.0263455532027961 -15.202495970044817 0.89788138503147952 -4.8315415299144284 1.7422850984381513 -7.598616248018601 -2.7320241071739977 -0.79080257732716819 -1.8990364278662573 1.6140931678746562 6.05199580785425 7.004572263759437 -3.1646441693659182 -3.0452187108993534 5.2248677677277371 -7.6884032947366894 -0.32321250407639202 0.19443538750593481 9.2129731877644865 4.6260214366912846 -0.84181093523693296 10.098034413961265 2.3878880519932562
leaf_weight=12601 89 62 106 811 36 988 204 1153 23 914 53 123 216 191 58 449 1365 182 92 76 20 127 50 8318 47 40 20 2046 21 104
leaf_count=12601 89 62 106 811 36 988 204 1153 23 914 53 123 216 191 58 449 1365 182 92 76 20 127 50 8318 47 40 20 2046 21 104
internal_value=0.00411453 0.268289 1.08787 0.846309 -0.599406 -0.122159 1.55542 1.09005 -8.74703 -0.3023 -0.403094 -1.13833 -3.72291 -5.37578 -0.203342 -0.1591 0.741669 3.87893 3.67044 0.918264 2.2097 4.0362 -4.18348 -0.35463 1.24249 4.61679 -1.10784 -0.525307 2.40308 -0.680383
internal_weight=30585 16425 3824 3503 1153 1094 2350 1964 59 14160 13083 2790 530 407 10293 10185 1814 386 321 1077 229 147 108 8371 1001 87 82 2260 110 2150
internal_count=30585 16425 3824 3503 1153 1094 2350 1964 59 14160 13083 2790 530 407 10293 10185 1814 386 321 1077 229 147 108 8371 1001 87 82 2260 110 2150
is_linear=0
shrinkage=0.05


Tree=105
num_leaves=31
num_cat=0
split_feature=10 15 14 26 5 24 26 15 24 6 14 15 15 26 1 14 6 19 12 10 12 12 10 4 10 1 24 10 1 8
split_gain=923848 900271 1.07812e+06 1.1941e+06 1.03641e+06 1.02827e+06 1.09962e+06 900033 775827 759662 859211 963861 809008 708025 911118 598147 1.45434e+06 968136 547163 702365 545471 732301 531110 604364 501737 495419 477833 424965 415785 362331
threshold=2739.3066488678764 -0.9159756150367534 0.25881904510252091 17.941550000000003 417.00500000000005 9.5631185000000016 18.611300000000004 0.98296291314453432 12.906443500000002 35093.708333333343 -0.70710678118654735 0.96592582628906831 -0.12940952255126034 18.216350000000002 0.047425524799994428 0.91597561503675362 27102.58666666667 -0.24999999999999994 40259.000000000007 2127.9651067505474 29500.500000000004 30424.500000000004 489.05967234857729 1.0666667407409056 2199.5145717372438 0.1371351476273476 3.5225491500000001 1706.1374638911916 0.19305214367951343 2626.1050338120644
decision_type=2 2 2 2 2 2 2 2 2 2 2 2 2 2 2 2 2 2 2 2 2 2 2 2 2 2 2 2 2 2
left_child=1 2 3 28 9 25 -7 15 -9 10 12 -12 -3 14 -2 16 -6 -17 19 27 -15 -22 -11 -24 -20 -5 -23 -4 -1 -26
right_child=13 4 18 5 7 6 -8 8 -10 22 11 -13 -14 20 -16 17 -18 -19 24 -21 21 26 23 -25 29 -27 -28 -29 -30 -31
leaf_value=-0.6342706808854971 12.521382359095982 -0.64491955578935356 -0.44187162478462511 -4.2002431530772517 -2.9232745748476923 7.6787176504731178 -2.1344614688224262 13.03983375231425 1.4824382053481209 -0.24693280830968317 -0.55620104601882636 0.58055936985489287 1.0906288018648567 8.5752995681762698 0.54888088090079179 -0.87035830843037576 1.4491346074882825 5.8626634924590189 0.96170986620758758 -6.9295466382329058 -7.3755327024459847 -4.0651390433311461 0.39368045905772303 1.6775553282958713 9.3082332090897992 -9.5748717129230503 2.0075383983974544 6.0937402321742136 -6.3894647233188158 1.9099149343702528
leaf_weight=1879 30 972 570 260 228 27 265 25 31 2317 11372 2226 2147 20 30 82 1033 142 560 36 20 31 4624 1140 28 53 349 21 27 40
leaf_count=1879 30 972 570 260 228 27 265 25 31 2317 11372 2226 2147 20 30 82 1033 142 560 36 20 31 4624 1140 28 53 349 21 27 40
internal_value=0.00385636 -0.0310133 -0.753577 -1.35078 0.0724217 -3.27712 -1.11291 1.32845 7.28873 -0.00588053 -0.198282 -0.369964 0.549583 2.16872 7.0386 1.07995 0.650102 3.43249 0.441892 -0.600871 1.39828 0.937865 0.392007 0.648847 1.4796 -5.24672 1.46565 -0.160384 -0.732328 5.38586
internal_weight=30585 30105 3766 2511 26339 605 292 1541 56 24798 16717 13598 3119 480 60 1485 1261 224 1255 627 420 400 8081 5764 628 313 380 591 1906 68
internal_count=30585 30105 3766 2511 26339 605 292 1541 56 24798 16717 13598 3119 480 60 1485 1261 224 1255 627 420 400 8081 5764 628 313 380 591 1906 68
is_linear=0
shrinkage=0.05


Tree=106
num_leaves=31
num_cat=0
split_feature=1 11 0 15 11 11 14 15 9 23 9 5 23 7 1 5 5 7 22 11 11 11 14 1 23 12 7 11 11 5
split_gain=894633 1.21832e+06 1.00999e+06 1.15681e+06 892880 861489 853478 1.22039e+06 1.16065e+06 764322 754690 724256 707822 658023 716506 705818 1.25573e+06 711614 637803 1.1556e+06 1.09652e+06 615898 605451 536709 530986 510999 477799 452856 436178 443551
threshold=0.068051304740325322 255.08112789510906 0.44180263208968468 -0.5 595.13008241021805 472.37178621456525 0.12940952255126043 -0.78656609248549325 2700.8174739057463 8.0902885000000015 3199.5985812441477 749.93500000000017 9.7433180000000004 5.3583119206558498 0.17754724334573557 485.01000000000005 499.03500000000014 395.03103763224357 1.0000000180025095e-35 430.40480358111773 412.5423184596591 110.66736134679337 1.0000000180025095e-35 0.057872501007512171 7.5886932500000013 44145.000000000007 333.99930859017695 509.51803386083446 509.51803386083446 269.00500000000005
decision_type=2 2 2 2 2 2 2 2 2 2 2 2 2 2 2 2 2 2 2 2 2 2 2 2 2 2 2 2 2 2
left_child=1 -1 6 5 11 22 7 25 27 -10 13 -5 -7 14 21 18 26 -18 20 -20 -15 -2 -4 -6 -9 -3 -17 -8 -12 -30
right_child=10 2 3 4 23 12 8 24 9 -11 28 -13 -14 15 -16 16 17 -19 19 -21 -22 -23 -24 -25 -26 -27 -28 -29 29 -31
leaf_value=0.039120320447126024 1.481109095933661 -1.9444982543722333 -4.8998699412626383 -0.063696400739529577 7.0703715863051251 -14.024444408416748 4.5288282473141335 0.80380455925372418 3.0837671312125954 -3.156302893432704 -0.06262968876145103 5.4155497075989842 -1.6139958308293272 -0.12880381641816235 6.5014845266061672 2.2144729729356438 -0.82219658959983732 2.0532560593941631 -0.35446249506082816 -1.7678517745768472 2.9021749035626243 -6.6113891124725344 1.4670222185374726 -0.7371952561771169 3.1647042496654798 3.0135068739614184 12.006777718487909 11.101222109794618 8.1277482828189598 -0.40715240097045902
leaf_weight=10959 245 327 63 1044 76 25 337 428 106 83 50 59 21 1633 63 24 451 403 11314 1654 360 21 79 29 545 57 29 27 53 20
leaf_count=10959 245 327 63 1044 76 25 337 428 106 83 50 59 21 1633 63 24 451 403 11314 1654 360 21 79 29 545 57 29 27 53 20
internal_value=0.00389413 0.293084 1.1336 0.110353 0.68208 -3.48554 1.87921 1.19673 3.52812 0.332441 -0.248891 0.252462 -9.07347 -0.279032 1.91761 -0.325169 1.02556 0.538716 -0.407374 -0.535349 0.424556 0.731849 -1.42797 4.97805 2.13567 -1.17914 8.14655 5.16029 3.57567 5.91257
internal_weight=30585 14265 3306 1396 1208 188 1910 1357 553 189 16320 1103 46 16197 329 15868 907 854 14961 12968 1993 266 142 105 973 384 53 364 123 73
internal_count=30585 14265 3306 1396 1208 188 1910 1357 553 189 16320 1103 46 16197 329 15868 907 854 14961 12968 1993 266 142 105 973 384 53 364 123 73
is_linear=0
shrinkage=0.05


Tree=107
num_leaves=31
num_cat=0
split_feature=4 17 11 15 15 10 2 3 8 12 19 16 11 1 1 15 3 0 11 0 10 1 0 12 12 11 16 1 15 11
split_gain=827297 786841 1.01083e+06 768427 727308 679619 1.06215e+06 671526 1.10175e+06 673331 1.17187e+06 650423 711714 1.84075e+06 763824 641973 1.08325e+06 1.56343e+06 702480 639364 685296 625471 925297 589546 673216 541721 1.33367e+06 587614 516966 565024
threshold=0.95345179898211219 0.81174490092936691 576.46600801760758 -0.9159756150367534 -0.12940952255126034 2548.6437464042765 0.468835099884162 2.5750175502600348 2803.4179486041867 46569.000000000007 0.25000000000000017 1.0000000180025095e-35 497.39075132390343 0.081621406900387647 0.13006485369619034 -0.12940952255126034 1.0547182348412141 0.4756535482130797 648.80539728898964 0.42111683830595142 2174.1479042678975 0.10592229655737891 0.47344484209981913 44145.000000000007 39677.500000000007 576.46600801760758 -0.60785761079279388 0.079306453220254175 -0.9829629131445341 464.25703865863346
decision_type=2 2 2 2 2 2 2 2 2 2 2 2 2 2 2 2 2 2 2 2 2 2 2 2 2 2 2 2 2 2
left_child=1 15 4 -4 -3 7 -7 8 28 10 -10 23 14 -14 -13 16 -1 18 -18 20 -9 -5 -23 24 -8 -17 -27 -28 -2 -30
right_child=5 2 3 21 -6 6 11 19 9 -11 -12 12 13 -15 -16 25 17 -19 -20 -21 -22 22 -24 -25 -26 26 27 -29 29 -31
leaf_value=-0.82408587046354398 -1.0898054093870557 1.2303631787359475 -2.6319915199279786 10.79906055212021 -1.1322584692027033 -6.1902005361474082 3.4156446235277458 7.825732904322007 -7.4244685311691248 2.8565797901153567 -1.1565461710234668 0.68304754907944631 0.85205016709808123 -10.600578249866764 6.5587667448911819 -0.11574324850608229 -2.842342671589122 -10.531311908890221 5.0519560106338997 8.9845304270048398 -0.20732929930686952 8.2529316958259127 -3.7784094618212793 9.6937161938349412 -0.65214549833171664 3.315300084804667 1.4548882331848145 -7.6343236139447415 0.087846256189769767 1.1317059337626809
leaf_weight=2124 859 727 25 45 582 41 399 29 113 45 209 420 128 43 59 3295 361 63 26 32 120 29 26 25 134 53 20 92 19075 1386
leaf_count=2124 859 727 25 45 582 41 399 29 113 45 209 420 128 43 59 3295 361 63 26 32 120 29 26 25 134 53 20 92 19075 1386
internal_value=0.00401326 -0.453327 0.597917 4.80317 0.179559 0.151826 1.28384 0.08689 0.0612165 -2.63645 -3.4362 1.56202 0.480307 -2.2469 1.46716 -0.703455 -1.30064 -3.51608 -2.25418 3.07842 1.55915 6.69926 2.72365 2.80654 2.39632 -0.257943 -3.01041 -6.01801 0.108263 0.158818
internal_weight=30585 7468 1434 125 1309 23117 1249 21868 21687 367 322 1208 650 171 479 6034 2574 450 387 181 149 100 55 558 533 3460 165 112 21320 20461
internal_count=30585 7468 1434 125 1309 23117 1249 21868 21687 367 322 1208 650 171 479 6034 2574 450 387 181 149 100 55 558 533 3460 165 112 21320 20461
is_linear=0
shrinkage=0.05


Tree=108
num_leaves=31
num_cat=0
split_feature=5 1 7 6 3 12 8 6 3 17 15 15 23 7 7 20 3 1 17 12 18 18 15 21 15 22 7 15 17 22
split_gain=805453 1.03692e+06 1.27194e+06 853449 1.1226e+06 782081 1.24967e+06 777200 732576 740480 1.1418e+06 729296 1.39118e+06 1.65804e+06 1.34039e+06 1.06186e+06 1.01487e+06 719728 648870 751689 595387 607695 543816 521889 520793 516903 516584 628840 1.112e+06 895286
threshold=50.000000000000014 0.19305214367951343 777.36461542940708 32017.874166666672 0.66585374107932283 26480.000000000004 968.67081498696814 43581.45416666667 2.5750175502600348 0.81174490092936691 1.0000000180025095e-35 -0.12940952255126034 4.7267515500000004 199.84189524513434 995.43244380087151 1.0000000180025095e-35 2.2357967022157044 0.18946953262365177 -0.56174490092936669 30743.500000000004 -0.24999999999999997 -0.6830127018922193 0.37940952255126043 1.0000000180025095e-35 0.98296291314453432 5.5000000000000009 235.16222203005535 -0.12940952255126034 0.81174490092936691 1.5000000000000002
decision_type=2 2 2 2 2 2 2 2 2 2 2 2 2 2 2 2 2 2 2 2 2 2 2 2 2 2 2 2 2 2
left_child=8 2 5 4 -4 6 22 24 9 11 17 12 16 -14 15 -13 -1 23 19 -3 21 -5 -2 -11 -7 -10 -20 29 -29 -28
right_child=1 18 3 20 -6 7 -8 -9 25 10 -12 14 13 -15 -16 -17 -18 -19 26 -21 -22 -23 -24 -25 -26 -27 27 28 -30 -31
leaf_value=0.21815964088519457 -0.30280740287154917 -13.375857681274415 -2.6037848536173502 2.5607800577201099 8.6134704276543701 0.20370920365838599 10.288298472579646 5.8691534553255353 1.2550544542963047 1.4096018136410873 -0.46523824468466635 -0.34858729292586577 -0.52427513343545973 -2.329775720831933 -11.364665315701412 0.72265669521449827 4.9967611863451493 7.8796368383225941 2.3963842414768344 -2.387253879617762 5.6550367005997231 -5.2576786333200891 4.5917835120572139 -3.139548011259599 2.5429631281900504 6.783931681700051 7.9280394843130395 -1.0063905033881102 -9.5128490365784746 -2.376764239699154
leaf_weight=1914 155 20 25 46 114 6536 44 58 394 1609 1568 7062 4816 1725 21 3434 113 37 78 49 40 44 84 61 242 43 28 118 53 54
leaf_count=1914 155 20 25 46 114 6536 44 58 394 1609 1568 7062 4816 1725 21 3434 113 37 78 49 40 44 84 61 242 43 28 118 53 54
internal_value=0.00393831 0.442772 0.577467 3.92095 6.57527 0.44846 3.0012 0.340656 -0.14604 -0.185848 0.50822 -0.305055 -0.647349 -1.00185 -0.0260151 0.00206647 0.496219 1.40119 -2.02134 -6.2616 0.944075 -1.33659 1.4761 1.23453 0.28905 1.86979 -1.05725 -2.148 -3.83853 1.39478
internal_weight=30585 7788 7388 269 139 7119 283 6836 22797 22360 3275 19085 8568 6541 10517 10496 2027 1707 400 69 130 90 239 1670 6778 437 331 253 171 82
internal_count=30585 7788 7388 269 139 7119 283 6836 22797 22360 3275 19085 8568 6541 10517 10496 2027 1707 400 69 130 90 239 1670 6778 437 331 253 171 82
is_linear=0
shrinkage=0.05


Tree=109
num_leaves=31
num_cat=0
split_feature=1 7 2 10 8 15 5 3 5 15 3 13 23 1 7 7 13 15 13 14 4 7 5 10 6 10 23 7 1 23
split_gain=781328 880313 737547 676275 674764 566714 1.21505e+06 748542 758862 548857 996348 1.45194e+06 790547 683773 639488 626423 1.1108e+06 542516 633234 544151 520483 497970 480496 436139 424815 408069 392997 341980 340899 338640
threshold=0.068051304740325322 120.80440329893672 0.55165511270234202 390.59366716169399 535.37981905800996 -0.5 188.04500000000016 2.2824269971427964 350.00000000000017 -0.9159756150367534 1.2636990303730811 38119.910000000011 6.1361385000000004 0.24704976018373964 435.66904081343336 478.88074020182006 26194.800000000007 -0.78656609248549325 30157.975000000002 0.25881904510252091 2.6050496261871845 5.3583119206558498 -377.50000000000006 2801.8744911110803 29446.545000000002 1644.3070796693785 4.3785581500000008 412.65580852970925 0.1969881678844059 5.3765740000000006
decision_type=2 2 2 2 2 2 2 2 2 2 2 2 2 2 2 2 2 2 2 2 2 2 2 2 2 2 2 2 2 2
left_child=1 -1 5 4 20 6 22 8 -7 10 26 14 -13 15 -12 21 -17 19 -19 -4 -2 -11 -3 -20 -8 -21 -5 -9 -28 -15
right_child=3 2 17 9 -6 7 24 27 -10 13 11 12 -14 29 -16 16 -18 18 23 25 -22 -23 -24 -25 -26 -27 28 -29 -30 -31
leaf_value=-0.1109060850489646 -1.3219882520185673 -6.0659265114863716 -0.58526825234386848 1.5866503434063608 -7.758240592479706 -0.20775718669056711 -12.447680662296436 0.93809445381164558 2.3514615593406658 1.8950949386310416 -2.3231813577505256 2.7104648480289861 -3.1177809897331876 -0.45056620664321462 -13.634972505791243 -5.3859918213251872 1.252916331556907 5.3292307478131598 1.1991399797827416 0.20979691133039391 4.6387664788647704 -0.17200336575784192 0.66722806224738973 4.4965835012708393 -4.1867944771423939 2.8473058783732079 -0.53294413120219986 9.5887164823470581 -5.0246228971264584 -5.9596279674106176
leaf_weight=7274 1161 25 797 218 35 1986 22 20 334 294 21 71 252 47 38 61 1436 98 2714 323 33 11410 222 100 59 265 1137 26 39 67
leaf_count=7274 1161 25 797 218 35 1986 22 20 334 294 21 71 252 47 38 61 1436 98 2714 323 33 11410 222 100 59 265 1137 26 39 67
internal_value=0.00389619 0.274154 0.674601 -0.232339 -1.35778 0.0257852 -1.90573 0.297028 0.164925 -0.140262 -0.964606 -3.20938 -1.81471 -0.0299835 -10.1056 0.00402408 0.965331 1.08086 1.46781 0.264893 -1.13854 -0.119287 -0.120901 1.32411 -7.02433 1.41254 -0.340159 6.28927 -0.702587 -3.80313
internal_weight=30585 14265 6991 16320 1229 2694 328 2366 2320 15091 1776 382 323 13315 59 13201 1497 4297 2912 1385 1194 11704 247 2814 81 588 1394 46 1176 114
internal_count=30585 14265 6991 16320 1229 2694 328 2366 2320 15091 1776 382 323 13315 59 13201 1497 4297 2912 1385 1194 11704 247 2814 81 588 1394 46 1176 114
is_linear=0
shrinkage=0.05


Tree=110
num_leaves=31
num_cat=0
split_feature=15 14 14 2 11 17 11 11 14 11 15 16 21 6 15 6 3 4 11 19 17 4 8 15 4 24 11 24 24 4
split_gain=761515 1.03904e+06 1.36023e+06 1.95178e+06 2.13896e+06 1.92105e+06 1.82883e+06 1.46134e+06 1.69092e+06 1.18213e+06 1.57254e+06 3.60793e+06 1.62156e+06 1.1771e+06 1.15864e+06 1.10747e+06 1.01277e+06 951209 925353 1.37441e+06 1.01473e+06 785769 781490 465454 451328 450888 447352 405818 326916 283219
threshold=0.96592582628906831 -0.5 0.25881904510252091 0.54924276745279876 242.32531917308287 0.81174490092936691 227.81558094977899 614.20424327994806 0.91597561503675362 193.88810081328435 -0.37940952255126009 -0.8783796973249266 1.0000000180025095e-35 38509.695000000007 0.1294095225512602 36595.937500000007 2.2013852343508646 1.1922634221266948 472.37178621456525 -0.5 -0.56174490092936669 1.112310489566888 1891.7903955454069 1.0000000180025095e-35 1.3000006000024003 12.462888750000003 370.03976961598988 12.906443500000002 12.776583500000003 1.080541774242298
decision_type=2 2 2 2 2 2 2 2 2 2 2 2 2 2 2 2 2 2 2 2 2 2 2 2 2 2 2 2 2 2
left_child=1 9 6 7 28 -6 -3 23 -9 -1 11 26 16 17 -14 -13 -12 -8 24 -20 -21 -15 25 -4 -2 -22 -11 -26 -5 -24
right_child=18 2 3 4 5 -7 13 8 -10 10 12 15 14 21 -16 -17 -18 -19 19 20 22 -23 29 -25 27 -27 -28 -29 -30 -31
leaf_value=-0.081956532404927535 0.39596931294236737 -0.33874918926576353 -1.0427783287288952 -0.2863253978617013 1.5098737048683288 6.3413414886073465 -3.8944994326090638 -6.319850137486922 0.45956086535123913 -4.8934190137386331 1.8814417813459348 -1.3709165710889841 0.44351725996586322 -1.2047923844022725 9.6297806942978728 2.3095715876183265 -0.37851987260426306 -0.44662659729902565 11.384114082654317 -4.8354549789428711 -4.5147337245941159 3.9834999747898268 8.5115131154427157 -0.13473077937183173 7.6927401984610215 3.2585338978469376 -11.25680499269682 0.31406560502946379 0.64372013497679204 1.6261398409094132
leaf_weight=6421 2248 3458 1938 2247 1153 247 948 221 154 70 2024 390 52 348 99 419 654 255 43 40 30 87 60 5164 36 35 63 35 1623 23
leaf_count=6421 2248 3458 1938 2247 1153 247 948 221 154 70 2024 390 52 348 99 419 654 255 43 40 30 87 60 5164 36 35 63 35 1623 23
internal_value=0.00345935 -0.0718388 -0.301866 -0.0257281 0.710839 2.38185 -0.99188 -0.545016 -3.56623 0.330813 1.03284 -0.733657 1.62132 -2.36545 6.58223 0.53771 1.32984 -3.16857 0.829836 3.81355 1.83166 -0.133545 3.73305 -0.383086 0.525036 -0.394633 -8.20666 4.31599 0.104031 6.80489
internal_weight=30585 28035 17843 12747 5270 1400 5096 7477 375 10192 3771 942 2829 1638 151 809 2678 1203 2550 231 188 435 148 7102 2319 65 133 71 3870 83
internal_count=30585 28035 17843 12747 5270 1400 5096 7477 375 10192 3771 942 2829 1638 151 809 2678 1203 2550 231 188 435 148 7102 2319 65 133 71 3870 83
is_linear=0
shrinkage=0.05


Tree=111
num_leaves=31
num_cat=0
split_feature=10 4 7 26 23 6 26 1 1 26 3 13 6 7 10 0 10 7 22 3 9 9 7 9 7 26 23 6 6 26
split_gain=707609 699602 818966 902767 1.53453e+06 1.20697e+06 945811 1.64539e+06 804858 619133 854521 825324 588514 623611 697946 578942 682223 565918 492138 524927 569776 557560 519508 491556 457140 436609 419765 387903 312248 306025
threshold=2767.1847758161971 1.1217164099534516 395.03103763224357 18.567550000000004 8.7945025000000019 27945.633333333335 14.939100000000002 0.15497246883075538 0.092407992926232821 18.216350000000002 2.2824269971427964 43707.545000000006 21696.998333333337 242.33534189160753 339.2714944849518 0.30811893661925732 502.90780557821176 687.70773411900234 1.0000000180025095e-35 2.5750175502600348 2312.5587359574915 2803.4179486041867 50.806153842554892 2345.2743751583434 867.10914946797095 19.551900000000007 8.3161285000000031 27259.660000000003 29573.75583333334 18.620500000000003
decision_type=2 2 2 2 2 2 2 2 2 2 2 2 2 2 2 2 2 2 2 2 2 2 2 2 2 2 2 2 2 2
left_child=1 12 8 6 5 -5 7 -4 15 10 -2 28 13 14 -1 16 -3 -8 22 21 -21 -20 -14 -10 -6 -24 29 -17 -11 -15
right_child=9 2 3 4 24 -7 17 -9 23 11 -12 -13 18 26 -16 27 -18 -19 19 20 -22 -23 25 -25 -26 -27 -28 -29 -30 -31
leaf_value=-2.3911066424980594 12.244580800605544 0.3244547419772027 3.1620777146200116 -1.0868702151079093 -7.1026715113321943 3.8639181230640243 3.9352408548154068 -10.214371838877279 -0.49510091850761945 -2.4618359824021656 0.20909897387027743 -7.4973596210479743 -0.78515309676864098 -8.6073481563598886 1.6542898247081244 1.6724271581262955 5.0210698422395961 9.8204635351354437 -0.18637779729728396 6.9390770207280701 0.92384051493668962 -1.7787039642778386 0.91067562425036008 -6.4788689340863916 1.0218912436411931 -2.4310642518249215 -0.46188638557990391 0.1952124489585132 2.5687198871120986 -2.311265981793404
leaf_weight=262 28 152 84 221 70 268 231 26 1916 31 27 20 660 57 173 538 154 50 19287 41 290 561 2500 30 21 97 43 2458 254 35
leaf_count=262 28 152 84 221 70 268 231 26 1916 31 27 20 660 57 173 538 154 50 19287 41 290 561 2500 30 21 97 43 2458 254 35
internal_value=0.00344481 -0.0229763 0.449427 1.77946 0.51801 1.63799 3.62038 -0.305831 0.201871 2.19178 6.84687 1.25529 -0.145427 -1.72581 -0.781618 0.67686 2.731 5.13599 -0.106628 -0.1987 1.76125 -0.231824 0.463227 -0.603741 -5.27168 0.781408 -4.63126 0.462841 1.98835 -6.45522
internal_weight=30585 30225 6219 971 580 489 391 110 5248 360 55 305 24006 570 435 3302 306 281 23436 20179 331 19848 3257 1946 91 2597 135 2996 285 92
internal_count=30585 30225 6219 971 580 489 391 110 5248 360 55 305 24006 570 435 3302 306 281 23436 20179 331 19848 3257 1946 91 2597 135 2996 285 92
is_linear=0
shrinkage=0.05


Tree=112
num_leaves=31
num_cat=0
split_feature=15 14 14 12 26 15 11 11 14 12 11 15 16 12 9 9 6 5 26 11 26 17 7 9 14 5 9 11 11 0
split_gain=692962 935150 1.24146e+06 2.48154e+06 3.54884e+06 2.29707e+06 2.00333e+06 1.67465e+06 1.44005e+06 1.11638e+06 1.0492e+06 1.42033e+06 3.27457e+06 1.5997e+06 1.2237e+06 1.11962e+06 991121 985256 884741 831899 1.22767e+06 1.22034e+06 817046 633111 595925 563164 505829 499255 410240 402120
threshold=0.96592582628906831 -0.5 0.25881904510252091 33983.500000000007 18.160600000000006 -0.70710678118654757 614.20424327994806 227.81558094977899 0.91597561503675362 43972.500000000007 193.88810081328435 -0.37940952255126009 -0.8783796973249266 30052.000000000004 1274.0841273047001 2345.2743751583434 36595.937500000007 749.93500000000017 17.817300000000007 472.37178621456525 18.559050000000003 -0.56174490092936669 456.98066971196971 2345.2743751583434 -0.37940952255126059 434.00500000000005 910.35760903550988 89.590311014316811 370.03976961598988 0.53294555193325255
decision_type=2 2 2 2 2 2 2 2 2 2 2 2 2 2 2 2 2 2 2 2 2 2 2 2 2 2 2 2 2 2
left_child=1 10 7 6 18 -6 22 -3 -8 17 26 12 28 14 -13 -15 -14 -9 -5 25 -21 -22 -4 -23 -11 -2 27 -1 -12 -27
right_child=19 2 3 4 5 -7 8 9 -10 24 11 13 16 15 -16 -17 -18 -19 -20 20 21 23 -24 -25 -26 29 -28 -29 -30 -31
leaf_value=-0.19351919695284228 0.33930527177926384 -0.32099375686456444 -0.49123251649084515 0.38961568376203642 1.0790504139548256 5.758600798076559 -6.3402444865164016 -3.1280065527592242 -0.15397889750778296 4.4461342377835011 -4.6546725908915203 2.8593309230399582 -1.2983220269710203 2.0257335470522184 15.54316967555455 -0.12378199919810723 2.1834580392581149 1.8544636275790154 -2.4553094655474692 8.2160754599173877 -6.6723643337808003 6.1508465658974005 1.6700081121793358 -1.4461511114369268 -0.93353636847795363 5.9872846159934996 -0.97728114238285202 0.85905845358405042 -10.742271628800561 -1.4227217989939231
leaf_weight=3524 2227 3458 7374 3174 520 530 243 1324 152 78 70 48 390 1853 30 898 419 104 294 85 36 69 460 41 132 70 1247 1650 63 22
leaf_count=3524 2227 3458 7374 3174 520 530 243 1324 152 78 70 48 390 1853 30 898 419 104 294 85 36 69 460 41 132 70 1247 1650 63 22
internal_value=0.00327401 -0.0685549 -0.28678 -0.0229731 0.917942 3.45725 -0.539817 -0.945981 -3.99151 -2.26038 0.313438 0.974819 -0.703987 1.5341 8.38079 1.3251 0.507247 -2.7599 0.145235 0.791578 3.62063 0.761409 -0.363337 3.37904 1.12132 0.502566 -0.0754347 0.142646 -7.82337 4.23281
internal_weight=30585 28035 17843 12747 4518 1050 8229 5096 395 1638 10192 3771 942 2829 78 2751 809 1428 3468 2550 231 146 7834 110 210 2319 6421 5174 133 92
internal_count=30585 28035 17843 12747 4518 1050 8229 5096 395 1638 10192 3771 942 2829 78 2751 809 1428 3468 2550 231 146 7834 110 210 2319 6421 5174 133 92
is_linear=0
shrinkage=0.05


Tree=113
num_leaves=31
num_cat=0
split_feature=1 26 13 14 26 6 5 4 22 5 12 0 23 0 13 8 17 8 4 1 26 0 16 1 12 13 14 8 3 8
split_gain=670852 594750 645127 749033 642846 889971 539916 538360 530993 517135 508161 501959 556023 490470 453906 906192 635113 423273 416318 411721 287752 282604 281456 273009 311591 262974 248392 308121 902521 256844
threshold=0.061552621303690887 24.444700000000001 26194.800000000007 0.37940952255126054 19.843500000000002 29446.545000000002 66.769999999999996 1.7503628991891083 5.5000000000000009 485.01000000000005 46979.000000000007 0.48535005821532279 6.3611460000000006 0.31877558948564094 31801.905000000002 2536.291659429196 1.0000000180025095e-35 3151.2881327577629 1.0378173219266587 0.010024375871904511 6.7888500000000009 0.41577432758218852 -0.8783796973249266 0.12428960263369709 29587.500000000004 25154.420000000002 -0.5 2111.7118711774119 2.2182014127490191 1543.9451096952896
decision_type=2 2 2 2 2 2 2 2 2 2 2 2 2 2 2 2 2 2 2 2 2 2 2 2 2 2 2 2 2 2
left_child=6 2 3 20 7 8 17 10 -6 -9 -4 -5 -13 -8 15 16 -15 26 22 -20 -2 -19 -16 24 -3 -22 -1 29 -29 -28
right_child=1 23 4 11 5 -7 13 9 -10 -11 -12 12 -14 14 18 -17 -18 21 19 -21 25 -23 -24 -25 -26 -27 27 28 -30 -31
leaf_value=0.43834171257404358 -1.6436622415482998 5.4163933139780296 -0.19226993650166743 -8.682470148343306 -2.4063569565208596 -0.29689875453101217 2.9071852541280738 -1.4451653411187342 -8.4166572297320652 3.7969796594666558 1.8451087161421011 -4.3330608511644026 -0.13019167860628852 -0.32585741649338162 -1.2812475732394628 11.074413635253906 2.6454801303227078 1.6622435094868959 6.1129839155409078 -0.11744259055666098 3.8332043047249318 7.4999327933346782 4.7866082906723024 -1.2044738036062983 -0.013701534271240235 -1.359910872175887 -0.097672331875189367 -3.2811382383462928 1.5218494756066283 1.1125842513894588
leaf_weight=3226 75 87 16123 34 93 264 273 63 63 158 307 181 137 315 23 20 411 111 22 1474 75 22 72 31 37 32 5985 247 156 468
leaf_count=3226 75 87 16123 34 93 264 273 63 63 158 307 181 137 315 23 20 411 111 22 1474 75 22 72 31 37 32 5985 247 156 468
internal_value=0.00325732 -0.195712 -0.223234 -1.92645 -0.169404 -2.0897 0.278762 -0.120351 -5.01991 2.30348 -0.153648 -3.25813 -2.55259 0.919847 0.681961 1.69521 1.36278 0.114586 0.203006 -0.00572753 0.667094 2.86499 3.32644 2.8392 3.85801 2.2883 0.0768958 -0.093366 -1.42593 -0.00909801
internal_weight=30585 17760 17605 534 17071 420 12825 16651 156 221 16430 352 318 2610 2337 746 726 10215 1591 1496 182 133 95 155 124 107 10082 6856 403 6453
internal_count=30585 17760 17605 534 17071 420 12825 16651 156 221 16430 352 318 2610 2337 746 726 10215 1591 1496 182 133 95 155 124 107 10082 6856 403 6453
is_linear=0
shrinkage=0.05


Tree=114
num_leaves=31
num_cat=0
split_feature=15 15 9 12 9 7 14 14 9 15 8 0 15 26 4 9 10 9 23 23 8 7 12 0 8 23 15 10 8 26
split_gain=630817 853264 1.10997e+06 740625 1.16515e+06 1.13494e+06 2.18594e+06 1.04079e+06 1.18508e+06 885372 845957 1.05001e+06 808255 714683 700610 665385 554028 700803 1.0982e+06 679642 615491 505172 485104 481660 480077 472191 433022 374990 700666 445378
threshold=0.96592582628906831 0.9159756150367534 2231.5016179326008 33105.500000000007 133.87200642658311 926.39038297204081 0.25881904510252091 -0.5 2895.5032941072968 -0.37940952255126009 1523.002253024885 0.46891134624608977 -0.9159756150367534 18.583150000000003 1.1636545937468423 1679.8958772287044 2548.6437464042765 1997.8783519999365 7.1080962000000012 9.2676205000000014 2055.8953207150594 400.22302417199722 31429.500000000004 0.47922952996817814 992.63087228520772 5.5372485000000013 0.1294095225512602 1998.6334189596382 1928.6294953818244 17.914900000000003
decision_type=2 2 2 2 2 2 2 2 2 2 2 2 2 2 2 2 2 2 2 2 2 2 2 2 2 2 2 2 2 2
left_child=1 3 24 7 -5 12 -7 10 9 -9 26 -12 -6 -4 16 -16 17 20 25 -20 -2 -22 -17 -18 -3 -19 -1 29 -29 -26
right_child=14 2 13 4 5 6 -8 8 -10 -11 11 -13 -14 -15 15 22 23 18 19 -21 21 -23 -24 -25 27 -27 -28 28 -30 -31
leaf_value=-0.23048856551663011 0.3697191753360673 -0.27667460708938335 -3.1572025984812244 8.2261787117852112 -0.59372027330090493 0.39566876894062009 13.729262388017444 -1.526523283002936 -9.871443009288873 -0.25293210070604938 0.81638194537553632 11.219063625010577 0.29579457235151818 -13.858758234094692 1.7438986981918874 12.291575558980306 6.0357196620748015 -3.6756292337841461 7.2543244940893992 -2.0081481031635229 0.066611624189785543 9.7981657600961629 3.0110407793521881 -0.67494969313794917 -1.7189559904157474 -12.871947486060007 1.7909732195194892 5.3845246489455061 -3.0413710382676893 -5.8285335093194792
leaf_weight=626 1944 826 47 40 3123 98 40 1714 29 6634 56 39 13909 22 234 25 74 40 23 63 23 27 35 39 181 23 453 36 57 105
leaf_count=626 1944 826 47 40 3123 98 40 1714 29 6634 56 39 13909 22 234 25 74 40 23 63 23 27 35 39 181 23 453 36 57 105
internal_value=0.00325288 -0.0652795 -1.32693 -0.00497818 0.19096 0.169849 4.60574 -0.357961 -0.553452 -0.515187 1.03335 5.43488 0.132563 -7.27582 0.755379 3.03037 0.452836 0.2685 -2.98247 0.730956 0.518304 5.73557 7.52675 3.78876 -0.957587 -7.73335 0.622488 -2.41853 0.328066 -3.30211
internal_weight=30585 28035 1274 26761 17210 17170 138 9551 8377 8348 1174 95 17032 69 2550 294 2256 2143 149 86 1994 50 60 113 1205 63 1079 379 93 286
internal_count=30585 28035 1274 26761 17210 17170 138 9551 8377 8348 1174 95 17032 69 2550 294 2256 2143 149 86 1994 50 60 113 1205 63 1079 379 93 286
is_linear=0
shrinkage=0.05


Tree=115
num_leaves=31
num_cat=0
split_feature=1 7 5 2 15 6 22 11 7 1 11 13 12 18 5 9 11 1 26 11 15 2 6 11 5 7 17 24 26 11
split_gain=622708 914749 695328 835485 851058 877352 708659 598341 578374 612442 589453 524702 491739 558424 526997 489773 551167 487311 462063 435677 550851 696549 530342 336762 348376 333192 362129 281873 251948 205664
threshold=0.07815191598035949 926.39038297204081 49.999999999999993 0.69365193508210432 -0.12940952255126034 26042.829166666674 2.5000000000000004 66.726413502835641 5.3583119206558498 0.18058820999331973 110.66736134679337 22921.570000000003 43787.500000000007 -0.6830127018922193 349.99999999999994 3199.5985812441477 576.46600801760758 0.15926292198568234 17.941550000000003 509.51803386083446 -0.9159756150367534 0.63913981323867752 27038.795000000002 488.30152107479847 -1376.3749999999998 329.67426219371572 1.0000000180025095e-35 5.3330026000000013 18.565850000000001 46.976854820176037
decision_type=2 2 2 2 2 2 2 2 2 2 2 2 2 2 2 2 2 2 2 2 2 2 2 2 2 2 2 2 2 2
left_child=1 2 19 4 6 -6 -4 -5 9 10 29 25 15 18 -15 17 -17 -13 -14 23 21 -21 -22 24 -1 26 -10 -9 -25 -2
right_child=8 -3 3 7 5 -7 -8 27 11 -11 -12 12 13 14 -16 16 -18 -19 -20 20 22 -23 -24 28 -26 -27 -28 -29 -30 -31
leaf_value=-3.5402104020118714 0.98494239359400992 7.5826036368097576 0.94768650401409404 -0.24766191539011506 4.354970613012954 0.89686959801311961 -1.0910047835712093 6.7819528267933782 2.5954468086787634 6.3249246031045914 -6.3775401995732235 -0.21516111363404625 -1.4933225230446885 1.2025524373977028 6.1361684141556427 -1.1693841992592326 5.9865420050919056 -1.0084509673413808 3.3255548986337953 -8.6861808079939617 -3.2356704769712508 2.917994894804778 3.6542081203161332 -7.4145129362742113 -0.0025445500384759148 -7.6788365378524324 -3.3843137041646609 2.9952108675119828 -0.088504849947415865 5.9014090805053714
leaf_weight=65 167 37 718 90 200 1799 1034 86 30 59 21 10215 317 613 55 44 59 2385 54 21 28 22 218 22 11922 28 93 142 21 20
leaf_count=65 167 37 718 90 200 1799 1034 86 30 59 21 10215 317 613 55 44 59 2385 54 21 28 22 218 22 11922 28 93 142 21 20
internal_value=0.00327691 0.212726 0.193776 0.760032 0.549093 1.25288 -0.255166 3.20101 -0.239661 2.04402 0.709527 -0.284273 -0.25144 0.791911 1.65141 -0.33706 3.01656 -0.365664 -0.756894 0.00650356 1.90819 -3.0626 2.82096 -0.0399507 -0.0231999 -3.1681 -1.88103 4.53864 -4.21965 1.65102
internal_weight=30585 16425 16388 4069 3751 1999 1752 318 14160 267 208 13893 13742 1039 668 12703 103 12600 371 12319 289 43 246 12030 11987 151 123 228 43 187
internal_count=30585 16425 16388 4069 3751 1999 1752 318 14160 267 208 13893 13742 1039 668 12703 103 12600 371 12319 289 43 246 12030 11987 151 123 228 43 187
is_linear=0
shrinkage=0.05


Tree=116
num_leaves=31
num_cat=0
split_feature=10 4 11 22 15 10 11 1 7 1 14 0 11 21 11 15 7 17 15 11 15 11 6 13 4 14 20 17 23 11
split_gain=610545 567703 728121 1.14614e+06 2.00804e+06 2.1712e+06 1.10052e+06 648525 1.06003e+06 594103 514480 906604 2.40024e+06 893920 1.86192e+06 1.02114e+06 573620 545047 1.25278e+06 887996 479348 546885 439174 892947 502028 497951 393831 381687 376309 343435
threshold=2767.1847758161971 1.1217164099534516 311.58822615612172 2.5000000000000004 1.0000000180025095e-35 1512.4994410164497 560.65504025192899 0.18635890477550934 520.58208160068637 0.047925951944690376 -0.70710678118654735 0.45924321943375285 576.46600801760758 1.0000000180025095e-35 456.93634900424689 1.0000000180025095e-35 239.88761233091273 0.81174490092936691 1.0000000180025095e-35 364.37064053653665 -0.37940952255126009 83.609774535864872 42502.757500000007 43069.765000000007 1.0160001280020483 1.0000000180025095e-35 1.0000000180025095e-35 1.0000000180025095e-35 9.2080560000000009 269.89323609900458
decision_type=2 2 2 2 2 2 2 2 2 2 2 2 2 2 2 2 2 2 2 2 2 2 2 2 2 2 2 2 2 2
left_child=1 10 -3 7 5 -5 -6 9 -9 -4 11 20 29 17 16 -16 -15 19 -19 -12 26 -22 23 24 25 28 -1 -27 -2 -13
right_child=22 2 3 4 6 -7 -8 8 -10 -11 13 12 -14 14 15 -17 -18 18 -20 -21 21 -23 -24 -25 -26 27 -28 -29 -30 -31
leaf_value=-0.37008106379658545 -2.8978586547374725 0.10809472045693458 0.6559229339872088 -7.1437571162914297 4.3823297682810916 0.64308641269665712 -1.1451624993797687 -6.1377523260116575 3.973255751751088 4.3966996627845125 -0.15423966636907571 0.3072011142578206 13.468489478934897 0.091842415240131509 -11.029377536284619 -1.5707648817098365 -3.1556426905992772 1.602943546522958 -0.65655298802201378 -1.3006796798603661 -0.41188445777311372 0.69704623369609608 7.2245189318785794 -5.9385568051724817 4.591438774475411 -5.055326300859452 -2.8019433889955683 2.3988979268957067 4.2270794426102238 3.298547684800798
leaf_weight=665 20 4789 142 149 259 212 134 45 49 440 12724 319 39 471 73 48 186 1250 1196 1943 1771 2970 32 32 129 47 218 22 78 133
leaf_count=665 20 4789 142 149 259 212 134 45 49 440 12724 319 39 471 73 48 186 1250 1196 1943 1771 2970 32 32 129 47 218 22 78 133
internal_value=0.00325164 -0.0212904 0.404257 1.39222 0.0489046 -2.62442 2.5068 2.8791 -0.932139 3.49745 -0.131596 0.264177 2.3134 -0.266907 -1.91903 -7.48883 -0.844352 -0.191256 0.499031 -0.306508 0.0833662 0.282797 2.03597 1.42874 2.31079 0.466537 -0.982925 -2.67644 2.70244 1.21397
internal_weight=30585 30225 6219 1430 754 361 393 676 94 582 24006 6115 491 17891 778 121 657 17113 2446 14667 5624 4741 360 328 296 167 883 69 98 452
internal_count=30585 30225 6219 1430 754 361 393 676 94 582 24006 6115 491 17891 778 121 657 17113 2446 14667 5624 4741 360 328 296 167 883 69 98 452
is_linear=0
shrinkage=0.05


Tree=117
num_leaves=31
num_cat=0
split_feature=15 15 1 9 11 19 1 23 9 11 17 15 11 14 15 16 11 16 26 21 11 9 1 1 5 0 11 13 23 17
split_gain=584562 772728 1.24812e+06 943784 712749 1.17539e+06 829410 1.92914e+06 940319 594633 549169 1.66501e+06 1.53094e+06 1.09092e+06 1.08735e+06 2.36248e+06 2.43673e+06 2.12433e+06 2.36037e+06 1.52428e+06 1.15791e+06 815693 795069 541776 448755 415196 386658 326179 295396 252869
threshold=0.96592582628906831 0.9159756150367534 0.20179298745144222 2396.8939039273037 472.37178621456525 -0.5 0.11421608886533151 7.8633765000000002 2084.4454757204603 668.06494927022538 0.81174490092936691 -0.12940952255126034 412.5423184596591 0.60355339059327384 -0.12940952255126034 -0.60785761079279388 346.17131145310685 -0.60785761079279388 14.827350000000001 1.0000000180025095e-35 614.20424327994806 2345.2743751583434 0.12518859740352525 0.07141723274075211 400.00000000000017 0.53149732641519176 124.7734942137506 27806.320000000003 5.1791031500000004 -0.56174490092936669
decision_type=2 2 2 2 2 2 2 2 2 2 2 2 2 2 2 2 2 2 2 2 2 2 2 2 2 2 2 2 2 2
left_child=1 10 3 9 24 -6 29 8 -8 23 14 12 26 -14 15 16 -1 18 -16 -17 -19 27 -23 -3 -2 28 -12 -13 -26 -7
right_child=4 2 -4 -5 5 6 7 -9 -10 -11 11 21 13 -15 17 19 -18 20 -20 -21 -22 22 -24 -25 25 -27 -28 -29 -30 -31
leaf_value=-0.7795419590953574 0.30849641494017638 0.098895295676001707 -11.908846234481921 -7.9856788975127202 10.34332081526518 -0.0063023223876953124 0.17597580564782977 10.458641877999673 -10.32092190232388 5.7722701977281012 0.15337244691295429 -1.5746983874720448 2.6430504220917772 8.6507206798693463 0.33127826026154844 0.21846902961150577 -3.806543206546372 -0.10940610711758483 3.0151080254474323 -3.1239154345723765 -3.5264550784914412 -1.141619799360633 -9.4223987881018196 -2.0383467044313304 1.9547343855812436 -1.5409054371618458 1.6980923378522677 0.1041655233060461 8.473046490477353 6.3448481296085646
leaf_weight=3166 2220 609 22 42 43 20 42 21 38 29 874 364 272 104 2400 7658 838 7033 1240 352 252 75 44 572 37 26 752 1337 36 67
leaf_count=3166 2220 609 22 42 43 20 42 21 38 29 874 364 272 104 2400 7658 838 7033 1240 352 252 75 44 572 37 26 752 1337 36 67
internal_value=0.00310784 -0.0628641 -1.2635 -1.02977 0.727134 3.34575 1.51848 -1.54249 -5.12328 -0.756417 -0.0054788 0.549013 1.54234 4.3966 -0.0979676 -0.426159 -1.41704 0.262963 1.24845 0.0697243 -0.229952 -0.54485 -4.4603 -0.940434 0.45963 3.67044 0.870828 -0.25863 5.50697 4.96328
internal_weight=30585 28035 1274 1252 2550 231 188 101 80 1210 26761 3822 2002 376 22939 12014 4004 10925 3640 8010 7285 1820 119 1181 2319 99 1626 1701 73 87
internal_count=30585 28035 1274 1252 2550 231 188 101 80 1210 26761 3822 2002 376 22939 12014 4004 10925 3640 8010 7285 1820 119 1181 2319 99 1626 1701 73 87
is_linear=0
shrinkage=0.05


Tree=118
num_leaves=31
num_cat=0
split_feature=1 11 7 13 6 12 23 15 26 26 26 7 18 26 7 9 15 7 11 7 6 6 12 1 23 19 11 7 9 18
split_gain=558407 884025 599341 699699 693164 619186 1.13751e+06 1.05837e+06 521665 531439 811005 514346 507256 1.63601e+06 908290 451334 664474 517604 533953 443732 377397 309243 251681 345070 176881 285752 297151 164115 143636 165340
threshold=0.055680606748290042 777.22274205627548 709.52667636726585 25910.305000000004 20886.31833333334 28722.500000000004 7.3876658500000003 0.1294095225512602 24.444700000000001 19.843500000000002 20.798800000000004 98.947161985937527 -0.5 18.583150000000003 385.01845853232277 2895.5032941072968 -0.9159756150367534 816.11141565159744 687.63510778768716 197.70530116156621 29446.545000000002 33703.341666666674 29587.500000000004 0.12428960263369709 14.516903500000002 -0.24999999999999994 66.726413502835641 320.50371950305129 1151.974653264883 0.93301270189221952
decision_type=2 2 2 2 2 2 2 2 2 2 2 2 2 2 2 2 2 2 2 2 2 2 2 2 2 2 2 2 2 2
left_child=1 11 8 -4 -5 6 -6 -7 9 12 20 24 13 -2 -14 17 -17 18 -13 -12 -11 -18 23 -10 28 -26 -27 -24 -1 -30
right_child=2 -3 3 4 5 7 -8 -9 22 10 19 15 14 -15 -16 16 21 -19 -20 -21 -22 -23 27 -25 25 26 -28 -29 29 -31
leaf_value=-0.1035605424379465 -0.43026227866930483 7.0500710291167099 -6.9326079044342039 -5.2719160406930108 -0.62943372397587227 3.2903479083667144 14.077993951525009 -1.0553054953017176 5.2417787082733653 -7.8108065295219422 -2.1146007512098874 0.6827649714971159 -0.17888528213051438 -4.8240944374923238 1.1684448153894935 -7.3138210748371328 -5.2567831738789881 6.0944316517223012 -5.6071416518267467 1.3396261282637716 -1.9971273808534873 0.025354695417575679 1.9398108850507176 -0.80343182951211922 0.20293119665274914 1.1599410655193549 8.3692395927906045 -3.2861654564186384 -2.4390549845579601 0.11700299025600791
leaf_weight=4963 4682 43 20 30 24 333 23 236 88 65 218 5509 11465 217 1399 33 25 39 29 155 54 362 29 30 183 38 20 22 139 112
leaf_count=4963 4682 43 20 30 24 333 23 236 88 65 218 5509 11465 217 1399 33 25 39 29 155 54 362 29 30 183 38 20 22 139 112
internal_value=0.00298088 0.278234 -0.162789 1.30515 1.61155 1.98662 7.22847 1.49435 -0.216195 -0.242106 -1.85483 0.249737 -0.196925 -0.629616 -0.031958 0.569128 -1.00311 0.688334 0.64479 -0.680333 -5.35998 -0.37844 2.50886 3.73427 -0.101578 1.20878 4.11363 -0.405766 -0.163254 -1.3183
internal_weight=30585 11495 19090 666 646 616 47 569 18424 18255 492 11452 17763 4899 12864 5997 420 5577 5538 373 119 387 169 118 5455 241 58 51 5214 251
internal_count=30585 11495 19090 666 646 616 47 569 18424 18255 492 11452 17763 4899 12864 5997 420 5577 5538 373 119 387 169 118 5455 241 58 51 5214 251
is_linear=0
shrinkage=0.05


Tree=119
num_leaves=31
num_cat=0
split_feature=15 11 7 6 17 26 6 3 9 15 2 2 11 6 6 15 22 22 11 23 11 9 1 9 5 3 7 7 11 24
split_gain=542744 624672 554566 1.08949e+06 1.05957e+06 1.04006e+06 1.63312e+06 1.28313e+06 729886 810022 752942 489158 1.16323e+06 717220 539641 536834 2.12012e+06 1.68127e+06 533149 417726 440744 299234 266813 351233 249167 237785 229134 222597 180361 88544.4
threshold=-0.9829629131445341 709.18839906504832 472.40360327348986 20886.31833333334 0.81174490092936691 14.939100000000002 28059.969166666669 0.87297218027408441 2567.8214038401825 0.1294095225512602 0.47199811522348928 0.69644337572066228 242.32531917308287 43581.45416666667 34958.395833333336 -0.12940952255126034 4.5000000000000009 4.5000000000000009 412.5423184596591 5.8630007000000015 150.65296495243669 2199.3054585573159 0.043112620323068028 326.54347479004156 45.005000000000003 2.2013852343508646 385.01845853232277 364.41296759475995 866.73822657055348 14.713011000000002
decision_type=2 2 2 2 2 2 2 2 2 2 2 2 2 2 2 2 2 2 2 2 2 2 2 2 2 2 2 2 2 2
left_child=1 19 11 28 5 6 -5 -7 10 -10 -6 13 21 15 -14 16 -2 -17 -16 27 -21 24 26 -24 -13 -15 -22 29 -4 -1
right_child=2 -3 3 4 8 7 -8 -9 9 -11 -12 12 14 25 18 17 -18 -19 -20 20 22 -23 23 -25 -26 -27 -28 -29 -30 -31
leaf_value=-0.26574200676603094 0.15295834712522119 -6.9359031577442964 -2.3851850526673455 -9.5237752199172974 -1.1508973942862617 4.6366170715361354 0.74615109679625213 0.27832861013740184 2.4565827542764915 -4.5605859773200859 5.4946998780437468 -0.011620132066067761 -2.5141449234702371 8.3260534402095914 2.633230204293703 -0.27440302576362857 -1.422740779979212 0.89967899194240175 7.8159574377536778 -0.29245440743528922 -1.7507931135830128 -4.9895554638733826 1.5522599851762928 -3.7685392067380974 1.3824702032907741 1.1850764934833233 2.8469585669668098 4.7906684488058096 -9.0146255683898939 1.6562455495421806
leaf_weight=180 6030 38 23 61 49 182 92 1752 143 52 258 2018 39 28 371 10041 3299 4373 55 506 90 23 32 284 376 21 33 27 25 84
leaf_count=180 6030 38 23 61 49 182 92 1752 143 52 258 2018 39 28 371 10041 3299 4373 55 506 90 23 32 284 376 21 33 27 25 84
internal_value=0.00278823 -1.00544 0.0467765 0.737768 0.88146 0.382375 -3.51989 0.699392 2.93201 0.517854 4.4324 -0.0216587 0.592964 -0.0962209 2.869 -0.109291 -0.404712 0.0819815 3.38539 -0.795862 -1.30448 0.150044 -2.45443 -3.21378 0.209739 5.65966 -0.453835 0.849814 -6.36366 0.365032
internal_weight=30585 1274 29311 2637 2589 2087 153 1934 502 195 307 26674 2882 23792 465 23743 9329 14414 426 1236 945 2417 439 316 2394 49 123 291 48 264
internal_count=30585 1274 29311 2637 2589 2087 153 1934 502 195 307 26674 2882 23792 465 23743 9329 14414 426 1236 945 2417 439 316 2394 49 123 291 48 264
is_linear=0
shrinkage=0.05


Tree=120
num_leaves=31
num_cat=0
split_feature=10 4 11 16 1 21 5 1 24 14 0 11 21 11 1 14 1 12 5 8 5 6 13 4 14 24 11 10 2 6
split_gain=550549 497665 621435 1.20131e+06 1.06798e+06 909697 526454 523895 667213 449499 820344 1.6136e+06 759856 1.67465e+06 891056 514175 927882 729004 467012 444009 398735 386928 791824 466825 456445 323513 262095 254457 251561 347556
threshold=2767.1847758161971 1.1217164099534516 311.58822615612172 0.6078576107927941 0.19305214367951343 1.0000000180025095e-35 399.99999999999994 0.047425524799994428 12.373853500000001 -0.70710678118654735 0.46247628993629081 576.46600801760758 1.0000000180025095e-35 456.93634900424689 0.13608701970604178 -1.0000000180025095e-35 0.18635890477550934 33026.500000000007 -799.99999999999977 3302.9503335992745 299.99999999999972 42502.757500000007 43069.765000000007 1.0186955829921593 1.0000000180025095e-35 8.7919440000000026 269.89323609900458 2324.5456906905015 0.71646273088367252 36277.476666666676
decision_type=2 2 2 2 2 2 2 2 2 2 2 2 2 2 2 2 2 2 2 2 2 2 2 2 2 2 2 2 2 2
left_child=1 9 28 4 5 -4 -6 27 -9 10 19 26 15 18 -15 16 -11 -17 -14 20 -1 22 23 24 25 -2 -12 -5 -3 -30
right_child=21 2 3 7 6 -7 -8 8 -10 12 11 -13 13 14 -16 17 -18 -19 -20 -21 -22 -23 -24 -25 -26 -27 -28 -29 29 -31
leaf_value=0.10736219655917251 4.0074338421764146 0.024866368344885311 0.64149727482377117 2.9773873376846316 -7.7017493996620177 6.1767435864717877 -1.2029472073976031 7.0027772044645076 1.6917754251439618 -0.51164539186163704 0.52516572203625134 12.02762155532837 -6.6500429609790448 -10.654702171560837 -1.9167623536340124 -0.36152809987238732 -4.8309586025308819 0.40493924606764226 -0.4517214485205065 5.3315395665168772 -2.7825209706044589 6.803807796014322 -5.5757223857415692 4.4219250267202206 -2.5820885954676451 -2.411852562206763 3.2582536699265008 -3.344131476037643 -3.6450355388500073 2.4559378767074063
leaf_weight=5515 78 4575 912 25 45 76 89 153 101 4480 292 34 27 68 53 6844 123 5666 630 35 117 32 32 127 69 22 122 29 22 192
leaf_count=5515 78 4575 912 25 45 76 89 153 101 4480 292 34 27 68 53 6844 123 5666 630 35 117 32 32 127 69 22 122 29 22 192
internal_value=0.00263242 -0.0206725 0.377761 1.29048 0.523829 1.09629 -3.58428 4.03015 4.96454 -0.12395 0.245986 2.29349 -0.250427 -1.77364 -7.05568 -0.180678 -0.632192 -0.0143544 -0.754826 0.0822344 0.0449036 1.93289 1.36251 2.19291 0.438635 2.54711 1.35996 -0.412353 0.104149 1.75961
internal_weight=30585 30225 6219 1430 1122 988 134 308 254 24006 6115 448 17891 778 121 17113 4603 12510 657 5667 5632 360 328 296 169 100 414 54 4789 214
internal_count=30585 30225 6219 1430 1122 988 134 308 254 24006 6115 448 17891 778 121 17113 4603 12510 657 5667 5632 360 328 296 169 100 414 54 4789 214
is_linear=0
shrinkage=0.05


Tree=121
num_leaves=31
num_cat=0
split_feature=15 15 1 8 7 9 24 1 3 2 12 9 13 7 3 7 26 26 15 7 1 1 15 1 1 24 13 9 7 8
split_gain=524016 688645 1.1305e+06 1.07084e+06 550310 1.23021e+06 1.14197e+06 1.10572e+06 1.0057e+06 719513 531739 1.05795e+06 946088 805176 676464 1.27578e+06 702051 1.04262e+06 636581 589378 531873 528676 504929 442700 344015 387876 318136 321093 291137 278098
threshold=0.96592582628906831 0.9159756150367534 0.20179298745144222 1928.6294953818244 385.01845853232277 1083.9811639138104 10.775761750000003 0.11421608886533151 1.4830555386580693 0.60271156010502425 33105.500000000007 133.87200642658311 30157.975000000002 178.55118113331972 1.8784379444730932 777.36461542940708 19.249950000000002 24.444700000000001 0.25881904510252057 926.39038297204081 0.17754724334573557 0.043577155023182192 0.98296291314453432 0.034968591246364797 0.068650442830567884 7.5531992000000008 27806.320000000003 484.76330157771366 355.91680734720831 581.70190876608717
decision_type=2 2 2 2 2 2 2 2 2 2 2 2 2 2 2 2 2 2 2 2 2 2 2 2 2 2 2 2 2 2
left_child=1 10 3 24 26 -6 9 21 -9 22 14 -12 13 -13 16 18 20 -18 -16 -14 -1 -8 -7 -5 -3 -26 27 -2 29 -28
right_child=4 2 -4 23 5 6 7 8 -10 -11 11 12 19 -15 15 -17 17 -19 -20 -21 -22 -23 -24 -25 25 -27 28 -29 -30 -31
leaf_value=0.029743536970053327 1.489168975182942 0.43346237826660494 -11.324584703092222 0.57616862020184922 10.218615478409662 2.584530043137538 -3.3376661134071841 -1.583300664027532 -14.415168762207031 -3.5513485578390269 7.8168682882520883 0.56876163005423341 0.051720560493988099 4.8048821937672948 0.25193985935587149 -13.094339247850272 -2.5089035810695757 2.0795615290666554 -4.0373523688316348 3.3811306759937487 -1.4645896361225335 3.7118781852167708 8.8349934826726493 -6.5787454682752626 0.84400078119375765 -2.0799842064631431 -0.26558616546728236 7.8989346084594736 -3.1212294084212138 0.91411174092327574
leaf_weight=7750 107 547 22 26 40 72 34 43 20 21 40 266 16584 191 203 21 643 149 145 129 640 81 64 104 151 424 984 20 58 1006
leaf_count=7750 107 547 22 26 40 72 34 43 20 21 40 266 16584 191 203 21 643 149 145 129 640 81 64 104 151 424 984 20 58 1006
internal_value=0.00252724 -0.0599347 -1.19336 -0.970963 0.688034 2.44408 1.37901 -1.35178 -6.41805 4.42153 -0.00576119 0.160262 0.140152 2.37217 -0.304852 -2.38944 -0.219818 -1.63798 -1.567 0.0784253 -0.0850446 1.57502 5.73527 -5.17905 -0.462536 -1.31138 0.380333 2.75993 0.226383 0.331555
internal_weight=30585 28035 1274 1252 2550 375 335 178 63 157 26761 17210 17170 457 9551 369 9182 792 348 16713 8390 115 136 130 1122 575 2175 127 2048 1990
internal_count=30585 28035 1274 1252 2550 375 335 178 63 157 26761 17210 17170 457 9551 369 9182 792 348 16713 8390 115 136 130 1122 575 2175 127 2048 1990
is_linear=0
shrinkage=0.05


Tree=122
num_leaves=31
num_cat=0
split_feature=10 26 1 13 7 26 23 13 10 23 16 13 9 4 17 9 16 26 26 3 9 10 9 1 10 16 18 7 3 1
split_gain=502476 538489 743208 664212 482606 722205 1.36963e+06 1.40199e+06 2.36909e+06 1.15445e+06 947775 707162 436442 425904 461580 1.01094e+06 581749 542457 696323 427636 577112 853280 494283 1.77624e+06 735078 388178 385038 358131 351804 300090
threshold=2739.3066488678764 18.216350000000002 0.047425524799994428 43707.545000000006 867.10914946797095 18.596550000000004 7.6432585000000008 31801.905000000002 1720.8692368396044 5.6664435000000006 -0.60785761079279388 28400.150000000005 2396.8939039273037 0.94799844612427886 0.81174490092936691 2803.4179486041867 1.0000000180025095e-35 19.551900000000007 17.274050000000006 2.5750175502600348 2312.5587359574915 2174.1479042678975 2148.5964702371089 0.20179298745144222 2374.987419907327 0.6078576107927941 0.68301270189221941 360.45150963417058 1.8784379444730932 0.077061651740503209
decision_type=2 2 2 2 2 2 2 2 2 2 2 2 2 2 2 2 2 2 2 2 2 2 2 2 2 2 2 2 2 2
left_child=4 2 -2 27 13 6 10 11 -9 12 -6 -8 -7 14 15 26 -17 18 -16 22 -21 -22 24 -24 -15 -12 -1 -3 -11 -29
right_child=1 3 -4 -5 5 9 7 8 -10 28 25 -13 -14 19 17 16 -18 -19 -20 20 21 -23 23 -25 -26 -27 -28 29 -30 -31
leaf_value=-0.20343062259211458 10.790860865456718 4.6858022597857882 0.055179021017892016 -6.6811873449219608 0.74033634554256089 4.2963759133310031 1.088991673787435 -9.8060838360256639 5.5507233904119131 13.831880780422328 -14.153508710861207 11.160900114591307 -3.7762103760943697 0.062277098592180204 0.035599148368447804 1.303346820831299 -8.1050467288669434 -5.5420425569688954 2.8559909427340653 7.2368843425403941 8.521485841635501 -0.078884559729068576 -0.48493587120033682 -9.7003487185195638 2.1734288027903812 -3.6673260321983925 -1.069058272486026 1.5339750706923732 3.9716864166259769 -1.9846578693088099
leaf_weight=3876 30 65 30 22 39 28 28 40 52 28 20 47 29 20029 1104 20 63 32 268 39 28 228 1682 49 416 21 1919 259 20 74
leaf_count=3876 30 65 30 22 39 28 28 40 52 28 20 47 29 20029 1104 20 63 32 268 39 28 228 1682 49 416 21 1919 259 20 74
internal_value=0.00231235 1.59888 5.84094 0.931166 -0.0234033 1.80404 0.296856 2.85739 -1.28693 5.1744 -4.90133 7.70442 0.215149 -0.0453244 -0.377499 -0.571986 -5.89215 0.435848 0.594927 0.0623785 1.93751 1.00682 0.0370009 -0.773016 0.105757 -9.76605 -0.490764 1.42975 10.4867 0.734117
internal_weight=30585 480 60 420 30105 352 247 167 92 105 80 75 57 29753 7282 5878 83 1404 1372 22471 295 256 22176 1731 20445 41 5795 398 48 333
internal_count=30585 480 60 420 30105 352 247 167 92 105 80 75 57 29753 7282 5878 83 1404 1372 22471 295 256 22176 1731 20445 41 5795 398 48 333
is_linear=0
shrinkage=0.05


Tree=123
num_leaves=31
num_cat=0
split_feature=15 4 12 1 18 19 8 23 8 1 9 6 26 9 23 26 1 9 8 8 12 23 19 5 9 1 18 13 9 23
split_gain=515101 485360 523966 492974 740017 950452 473429 467542 722317 451792 713914 444855 377935 374472 847320 366567 358708 477612 409041 279225 257605 255216 235875 186484 315267 184692 149945 131970 125126 122656
threshold=-0.9829629131445341 1.1217164099534516 46569.000000000007 0.16073202496419656 -0.24999999999999997 1.0000000180025095e-35 1950.5840221573269 6.7407712000000011 2148.5964702371089 0.24704976018373964 1627.7543623828017 19085.017500000005 18.583150000000003 1873.4163097475914 9.8008785000000014 24.444700000000001 0.05466276440019726 3199.5985812441477 1562.9693154448792 2231.5016179326008 29655.500000000004 8.9836310000000008 -0.5 199.00000000000009 1444.143480146038 0.099055556065486952 -0.6830127018922193 37919.235000000008 429.33034288980735 4.5945386500000014
decision_type=2 2 2 2 2 2 2 2 2 2 2 2 2 2 2 2 2 2 2 2 2 2 2 2 2 2 2 2 2 2
left_child=7 9 3 13 6 -6 -5 19 12 11 20 28 23 15 -15 -3 18 -18 -13 29 -11 27 -23 24 -9 -4 -25 -14 -2 -1
right_child=1 2 25 4 5 -7 -8 8 -10 10 -12 16 21 14 -16 -17 17 -19 -20 -21 -22 22 -24 26 -26 -27 -28 -29 -30 -31
leaf_value=1.0547785911081211 -2.0170243707718329 0.3519635209297774 8.4221651563277629 0.11141818481129269 -6.2567304254692289 -0.72204520820096496 5.619277955971512 -0.70702927131864923 -8.0487769081479037 -2.9430263919830324 -8.5417842435836793 0.047684056476977571 1.6009106794993084 3.3046821739807934 -0.45676632673685785 4.164010495319963 -0.21125167300274225 2.62492909526825 0.893335798567645 5.5299717922210698 4.1794816150115093 -3.3366612023573659 -9.6862566642761241 -1.0009225028891897 -4.2207365231971217 2.1836723542875713 2.9971466651669258 -3.0053344235275734 -6.2936305117607123 -0.70709043478274403
leaf_weight=173 59 4598 21 167 102 288 46 539 37 20 35 6857 25 350 257 59 14428 145 1802 20 21 60 20 38 68 31 49 28 25 217
leaf_count=173 59 4598 21 167 102 288 46 539 37 20 35 6857 25 350 257 59 14428 145 1802 20 21 60 20 38 68 31 49 28 25 217
internal_value=0.00231673 0.0451703 0.449448 0.402732 -0.946106 -2.23058 1.40274 -0.9799 -1.63679 -0.0571983 -3.78494 -0.0442365 -1.30321 0.558004 1.72131 0.404684 -0.0307114 -0.182138 0.22409 0.407291 0.761758 -3.69738 -5.40105 -0.821147 -1.13201 5.22173 1.29083 -0.881012 -3.57245 0.0777886
internal_weight=30585 29311 5919 5867 603 390 213 1274 864 23392 76 23316 827 5264 607 4657 23232 14573 8659 410 41 133 80 694 607 52 87 53 84 390
internal_count=30585 29311 5919 5867 603 390 213 1274 864 23392 76 23316 827 5264 607 4657 23232 14573 8659 410 41 133 80 694 607 52 87 53 84 390
is_linear=0
shrinkage=0.05


Tree=124
num_leaves=31
num_cat=0
split_feature=15 15 1 8 11 26 1 10 5 23 15 4 10 9 23 15 12 13 11 9 1 12 26 5 1 8 15 10 3 9
split_gain=471059 624619 1.01888e+06 985570 600124 926947 1.06898e+06 684748 490738 773770 730133 729798 527132 667889 496214 1.46933e+06 910227 491033 475413 475371 459918 450218 404364 395209 392546 289939 275965 260256 676274 378062
threshold=0.96592582628906831 0.9159756150367534 0.20179298745144222 1928.6294953818244 472.37178621456525 18.559050000000003 0.11733491081238621 1894.2783896509745 -1227.9999999999998 8.0380085000000019 -0.37940952255126009 0.48920102747341815 423.63305527530787 1642.3785908357577 9.089140500000001 0.37940952255126043 31240.500000000004 33992.56500000001 456.93634900424689 2345.2743751583434 0.095800802092079362 38264.500000000007 18.583150000000003 769.50000000000011 0.034968591246364797 2084.4454757204603 0.1294095225512602 2548.6437464042765 1.780764062319619 2396.8939039273037
decision_type=2 2 2 2 2 2 2 2 2 2 2 2 2 2 2 2 2 2 2 2 2 2 2 2 2 2 2 2 2 2
left_child=1 8 3 18 23 -6 19 -8 9 11 17 21 13 26 16 -16 -14 -11 20 -7 -3 -1 -20 27 -5 -13 -10 28 -2 -29
right_child=4 2 -4 24 5 6 7 -9 12 10 -12 25 14 -15 15 -17 -18 -19 22 -21 -22 -23 -24 -25 -26 -27 -28 29 -30 -31
leaf_value=-8.9926456046431031 0.36372769889624784 0.044701394781263337 -10.75473429715192 0.46958644005560113 7.0474607577588833 7.3042740013864309 0.98070023818449548 -8.2769579104888145 -0.79905727428907669 3.080133990141062 4.6721246149112927 -5.1147877063751226 -0.34571998425698369 -6.8054753693264161 -0.50578510125331511 0.96087973268507398 0.57174820532128245 -5.599409097306272 7.6074791256225467 -0.96954571789708632 -2.1585886996849784 -1.1859657928347589 -0.35535171593938558 6.2087191067892933 -6.2802218032607797 1.2008067676380501 0.092483252665493648 7.9562210436220528 -5.4613434300703165 0.61946957357998556
leaf_weight=68 2174 715 22 26 85 49 39 34 2288 21 62 20 3796 37 7362 2218 9363 42 28 24 349 27 30 24 104 62 1395 22 46 53
leaf_count=68 2174 715 22 26 85 49 39 34 2288 21 62 20 3796 37 7362 2218 9363 42 28 24 349 27 30 24 104 62 1395 22 46 53
internal_value=0.00207757 -0.0571439 -1.1366 -0.925444 0.652023 3.05481 0.573599 -3.58462 -0.00555016 -1.99311 0.999566 -4.07626 0.0175061 -0.53385 0.107805 -0.165888 0.30705 -2.69175 -0.437707 4.69569 -0.684664 -6.94464 3.78666 0.406598 -4.9625 -0.544433 -0.46169 0.332535 0.231004 3.13497
internal_weight=30585 28035 1274 1252 2550 231 146 73 26761 302 125 177 26459 3720 22739 9580 13159 63 1122 73 1064 95 58 2319 130 82 3683 2295 2220 75
internal_count=30585 28035 1274 1252 2550 231 146 73 26761 302 125 177 26459 3720 22739 9580 13159 63 1122 73 1064 95 58 2319 130 82 3683 2295 2220 75
is_linear=0
shrinkage=0.05


Tree=125
num_leaves=27
num_cat=0
split_feature=10 26 3 13 7 8 1 5 10 10 5 21 11 0 11 1 1 0 8 6 11 11 7 17 3 11
split_gain=441773 504730 690101 636625 431698 667936 750755 760643 732159 382439 367862 1.02225e+06 1.13105e+06 396879 670625 430901 275577 259700 459486 370194 279833 176325 244628 119981 142782 105723
threshold=2767.1847758161971 18.216350000000002 2.5827488698524346 43707.545000000006 867.10914946797095 2921.6531414937131 0.063165930752840813 -499.99999999999983 1292.0954870900734 117.31523253839474 749.93500000000017 1.0000000180025095e-35 595.13008241021805 0.28385721731658087 209.63030065910314 0.055233735923400369 0.11573843638251087 0.38878822864233181 2700.8174739057463 30659.574166666669 390.10552129938475 448.97942493170416 488.33529821735692 1.0000000180025095e-35 0.12764285698349428 128.76923610072504
decision_type=2 2 2 2 2 2 2 2 2 2 2 2 2 2 2 2 2 2 2 2 2 2 2 2 2 2
left_child=4 2 -2 17 9 6 -6 -8 -9 23 13 12 -12 14 -11 -15 -7 21 19 -19 -20 22 -3 -1 25 -25
right_child=1 3 -4 -5 5 16 7 8 -10 10 11 -13 -14 15 -16 -17 -18 18 20 -21 -22 -23 -24 24 -26 -27
leaf_value=0.26081335425376889 9.7340684235095978 3.2924908812453104 -1.3408931350708009 -6.7886702995300299 9.3155045854417917 0.9138997959368157 -5.7018788710717239 7.7181898932023492 1.080830890847289 0.17877447159278095 1.8697955529830037 9.1530457496643063 -3.5939409720115978 0.15025229313330743 2.5258457635197602 -0.25850921692585016 -5.379515108248083 -0.71454527274422031 -6.1932358544884316 5.8111196767200122 -0.063391330838203433 6.1752079513337881 -1.9958449648272607 -3.9793613954023885 -6.0988487900914379 -0.05245731400280465
leaf_weight=25 35 77 20 20 33 28 26 50 179 1550 420 33 117 10455 374 16803 36 41 28 39 43 31 26 28 32 36
leaf_count=25 35 77 20 20 33 28 26 50 179 1550 420 33 117 10455 374 16803 36 41 28 39 43 31 26 28 32 36
internal_value=0.0018558 1.73094 5.92984 0.890175 -0.01902 1.70939 2.73261 1.71775 2.6642 -0.0396706 -0.0280229 1.22438 0.657108 -0.0526928 0.640404 -0.101725 -2.75872 1.53697 0.0977604 2.62083 -2.72986 3.09655 1.92651 -2.78851 -3.5567 -1.93507
internal_weight=30585 360 55 305 30225 352 288 255 229 29873 29752 570 537 29182 1924 27258 64 285 151 80 71 134 103 121 96 64
internal_count=30585 360 55 305 30225 352 288 255 229 29873 29752 570 537 29182 1924 27258 64 285 151 80 71 134 103 121 96 64
is_linear=0
shrinkage=0.05


Tree=126
num_leaves=31
num_cat=0
split_feature=15 11 4 11 0 21 15 15 26 23 3 0 16 23 8 15 15 9 11 8 23 11 15 9 23 0 11 8 11 26
split_gain=465552 559764 429920 665581 1.00808e+06 1.67855e+06 1.07077e+06 829071 1.04649e+06 588983 344280 475873 679149 551239 355140 619033 833864 521611 985738 368164 334902 395235 327342 225765 415997 286970 416370 242056 218204 186419
threshold=-0.9829629131445341 709.18839906504832 1.1217164099534516 311.58822615612172 0.46354000387391053 1.0000000180025095e-35 -0.37940952255126009 0.96592582628906831 15.250000000000002 5.8123637500000003 2.5750175502600348 0.42111683830595142 -0.8783796973249266 8.3778580000000016 2762.2196417614418 0.98296291314453432 0.78656609248549303 3005.0980100075335 648.80539728898964 2475.030458788719 5.8630007000000015 150.65296495243669 -0.12940952255126034 1997.8783519999365 4.2431939000000005 0.3039381004304969 58.006107095449259 1720.0260074008504 531.76801472283285 18.857700000000005
decision_type=2 2 2 2 2 2 2 2 2 2 2 2 2 2 2 2 2 2 2 2 2 2 2 2 2 2 2 2 2 2
left_child=1 20 10 23 7 6 -6 8 -5 -7 14 12 22 -14 17 16 -16 19 -19 -2 -1 -22 -12 25 -25 26 -4 -26 -13 -27
right_child=2 -3 3 4 5 9 -8 -9 -10 -11 11 28 13 -15 15 -17 -18 18 -20 -21 21 -23 -24 24 27 29 -28 -29 -30 -31
leaf_value=0.7401430674501368 -0.091293465630085752 -6.5455015492993738 -0.81689890909023699 -2.0418849028150241 -6.1050891365373836 0.5303417829366831 -0.033578247689302003 10.313695688808666 3.0995812910136267 10.842758933522486 -6.8046108675003056 1.381636146019245 -0.11260029411508671 4.0184185682422058 -0.86206615201694969 4.6243095004040269 -6.4196986405430607 -0.96214973619489974 8.2432922045389816 1.2051750825605358 -0.23110661722497317 -2.2778489783960016 0.20670009454091393 3.8378767013549808 -7.4149231122090278 0.2424153615487169 2.7871491958828978 -1.7645532281775225 7.8583834338832546 -0.6054598429478586
leaf_weight=291 21366 38 119 115 80 21 499 29 592 39 35 24 196 132 802 41 69 61 49 557 506 439 28 22 21 3259 229 90 32 804
leaf_count=291 21366 38 119 115 80 21 499 29 592 39 35 24 196 132 802 41 69 61 49 557 506 439 28 22 21 3259 229 90 32 804
internal_value=0.00189393 -0.931888 0.0426344 0.423123 1.38486 -0.069776 -0.917647 2.6398 2.25474 7.55262 -0.0537103 1.31284 0.662822 1.58511 -0.080615 -1.04474 -1.33652 -0.0404773 3.31814 -0.0580844 -0.733584 -1.18896 -3.90167 0.130892 -1.86085 0.192997 1.56047 -3.1075 5.42422 0.0740847
internal_weight=30585 1274 29311 5919 1375 639 579 736 707 60 23392 447 391 328 22945 912 871 22033 110 21923 1236 945 63 4544 133 4411 348 111 56 4063
internal_count=30585 1274 29311 5919 1375 639 579 736 707 60 23392 447 391 328 22945 912 871 22033 110 21923 1236 945 63 4544 133 4411 348 111 56 4063
is_linear=0
shrinkage=0.05


Tree=127
num_leaves=26
num_cat=0
split_feature=10 6 7 10 13 10 14 6 13 19 23 7 14 11 0 2 4 2 13 10 23 7 23 23 4
split_gain=408021 390933 425775 648798 1.11594e+06 1.03375e+06 479904 380955 513192 360000 782197 1.45835e+06 741558 828914 531465 371622 306109 259953 256445 231854 262354 230791 107815 124790 34825.9
threshold=2739.3066488678764 19085.017500000005 867.10914946797095 1292.0954870900734 32293.535000000003 1406.9133085702856 -0.25881904510252113 42502.757500000007 43069.765000000007 -0.68301270189221952 9.1535640000000011 197.70530116156621 0.91597561503675362 412.5423184596591 0.47225895453051486 0.52839639542743577 1.0160001280020483 0.52017539773263499 35843.335000000006 2887.9072378709611 10.438466500000002 456.98066971196971 4.9261810000000006 8.2585035000000016 0.34987711706399
decision_type=2 2 2 2 2 2 2 2 2 2 2 2 2 2 2 2 2 2 2 2 2 2 2 2 2
left_child=1 22 9 4 -4 -5 -7 8 16 12 14 -12 13 -3 -11 -14 17 21 -19 20 -18 -2 -1 24 -24
right_child=7 2 3 5 -6 6 -8 -9 -10 10 11 -13 15 -15 -16 -17 19 18 -20 -21 -22 -23 23 -25 -26
leaf_value=0 -5.6353869007479762 0.27740995942787278 11.170908916287306 -8.4446190016610299 -2.6791850509643558 -0.71887935755714294 3.4711328848814356 5.9453320896902753 -4.4368334639072415 0.21344273840660249 -0.097405409526245587 -1.9034424919848061 -0.6652312805001257 2.3070961377708192 -0.41373789663797977 -3.6709433779757248 3.4720279851806497 4.2639072731137277 -0.003312504726604824 6.6599460707770453 -0.79179560343424482 0.95708938011756306 -2.8138334035873416 -0.99764267444610599 -6.205385267053332
leaf_weight=27 26 6567 36 23 20 119 151 38 35 11645 3494 1639 886 540 4752 112 102 43 132 31 52 21 29 35 30
leaf_count=27 26 6567 36 23 20 119 151 38 35 11645 3494 1639 886 540 4752 112 102 43 132 31 52 21 29 35 30
internal_value=0.00193672 -0.021236 -0.0095537 1.71422 6.40947 0.724182 1.64475 1.44064 0.991075 -0.0301414 -0.137064 -0.675386 0.25379 0.433149 0.0316063 -1.01921 1.50615 0.239432 1.13424 2.97965 2.05236 -2.88005 -2.80047 -3.56429 -4.8892
internal_weight=30585 30105 29984 349 56 293 270 480 442 29635 21530 5133 8105 7107 16397 998 407 222 175 185 154 47 121 94 59
internal_count=30585 30105 29984 349 56 293 270 480 442 29635 21530 5133 8105 7107 16397 998 407 222 175 185 154 47 121 94 59
is_linear=0
shrinkage=0.05


Tree=128
num_leaves=31
num_cat=0
split_feature=15 9 14 26 23 7 7 1 23 16 14 2 23 15 26 23 1 2 15 7 2 1 2 7 9 1 1 26 7 7
split_gain=441454 745978 865320 643106 964161 1.05206e+06 574866 943739 1.43771e+06 1.19716e+06 1.02207e+06 1.03207e+06 864862 608798 834585 672004 569487 557512 540121 533464 823334 538819 394035 621810 755647 570436 474970 515664 426351 423500
threshold=-0.9159756150367534 2803.4179486041867 0.25881904510252091 18.220000000000002 8.4368815000000019 709.52667636726585 472.40360327348986 0.18946953262365177 8.9836310000000008 1.0000000180025095e-35 -1.0000000180025095e-35 0.53607988294315978 13.093436500000001 -0.70710678118654757 18.576600000000003 6.4526388000000017 0.10734758632215723 0.60568041169503728 0.37940952255126043 325.12058066250438 0.63397396178011223 0.11343215125001936 0.69644337572066228 308.21337646768262 1997.8783519999365 0.097717753972621349 0.055233735923400369 24.444700000000001 456.98066971196971 87.025755111517626
decision_type=2 2 2 2 2 2 2 2 2 2 2 2 2 2 2 2 2 2 2 2 2 2 2 2 2 2 2 2 2 2
left_child=1 2 3 -1 5 -5 22 9 10 13 -9 -12 18 15 -15 -8 -14 -6 -11 -4 21 -21 26 -24 -25 -26 29 28 -28 -2
right_child=6 -3 19 4 17 -7 7 8 -10 12 11 -13 16 14 -16 -17 -18 -19 -20 20 -22 -23 23 24 25 -27 27 -29 -30 -31
leaf_value=-0.48037431083999471 -0.14044832241971567 -4.8075068192214383 0.24616002075654253 -1.3628766012416698 -2.429191431988563 8.2358542829751968 6.6744888263089326 -9.6117267290751158 4.4619561501819156 1.4102922398758972 -3.6078324956251375 6.1253041211296537 0.77572588655683727 4.4873872339445002 1.404224416943332 -1.7885626538046475 -8.9494558245636693 -7.0117532813452135 -0.89786743657993107 -3.0041708786096146 5.8817510476154569 5.2600506961345674 0.35893701990887239 6.6144126503363898 3.7291742114053257 -2.8282875955104831 -0.2542141430893114 2.5997316458517581 -3.0790056069691976 0.56107513298069944
leaf_weight=1949 4117 93 1019 260 163 27 23 52 64 547 136 29 22 420 468 140 38 118 464 62 108 23 2075 87 64 59 13179 152 130 4497
leaf_count=1949 4117 93 1019 260 163 27 23 52 64 547 136 29 22 420 468 140 38 118 464 62 108 23 2075 87 64 59 13179 152 130 4497
internal_value=0.00183336 -0.500469 -0.386746 -0.914717 -2.38781 -0.334127 0.0736486 0.810629 -1.88947 1.17181 -3.82123 -1.76702 -0.0059949 2.36641 2.87949 -0.430987 -5.59742 -4.44266 0.351704 0.708922 3.08404 -0.599423 0.000795514 0.625095 3.18525 0.595724 -0.0639509 -0.249448 -0.282956 0.225894
internal_weight=30585 3822 3729 2517 568 287 26763 2403 281 2122 217 165 1071 1051 888 163 60 281 1011 1212 193 85 24360 2285 210 123 22075 13461 13309 8614
internal_count=30585 3822 3729 2517 568 287 26763 2403 281 2122 217 165 1071 1051 888 163 60 281 1011 1212 193 85 24360 2285 210 123 22075 13461 13309 8614
is_linear=0
shrinkage=0.05


Tree=129
num_leaves=31
num_cat=0
split_feature=15 15 1 8 4 9 5 9 10 13 14 10 2 23 8 9 6 10 9 23 1 23 8 6 2 1 10 9 23 5
split_gain=415026 575089 915173 892254 473680 523378 435397 725768 742661 634803 573336 454960 822461 750036 444936 462055 423516 384867 588310 890714 870597 589268 497964 463837 398603 356988 345226 541009 309825 361706
threshold=0.96592582628906831 0.9159756150367534 0.20179298745144222 1928.6294953818244 1.1636545937468423 1743.9111632769943 -1227.9999999999998 1468.1825736499293 1004.4144452709654 28400.150000000005 -0.78656609248549292 1827.0680963295231 0.73080538361714864 9.2676205000000014 3005.0980100075335 3005.0980100075335 27879.015833333335 2548.6437464042765 1997.8783519999365 7.1080962000000012 0.11824496080429213 9.2676205000000014 2055.8953207150594 29122.735000000004 0.52137828183222978 0.034968591246364797 1962.7455307003709 1786.1298771869133 5.0056112500000003 299.99999999999972
decision_type=2 2 2 2 2 2 2 2 2 2 2 2 2 2 2 2 2 2 2 2 2 2 2 2 2 2 2 2 2 2
left_child=1 6 3 26 17 28 7 8 -1 -9 -11 14 13 -13 15 -8 -7 18 22 20 -20 -21 -2 -24 -19 -5 27 -3 -6 -30
right_child=4 2 -4 25 5 16 11 9 -10 10 -12 12 -14 -15 -16 -17 -18 24 19 21 -22 -23 23 -25 -26 -27 -28 -29 29 -31
leaf_value=-0.73158168443819382 0.30490854615269147 -0.37551363423945494 -10.205280261569554 0.44928758067469449 -0.34539095967069389 10.646973496675493 -0.07283076598976862 6.3558337497711186 -10.684514619955202 2.8235288207813847 -2.9824505686377871 1.040246368961018 5.2323579708735153 -0.33713889783930745 -6.2600206046268863 4.9988275286224155 1.5811163338025411 -0.88693248304453776 -1.6289774447324732 6.6577262861388071 -13.249467960480722 -1.9652058675666066 9.4794702858760456 0.23407796659777241 5.1899459941477719 -5.9872224295904886 3.3021121461512681 -5.6555454656773927 0.26806399907255252 5.6865444950203399
leaf_weight=36 1944 1022 22 26 122 27 22348 25 36 54 151 2111 85 1851 24 40 25 39 37 23 26 63 24 26 74 104 54 46 58 62
leaf_count=36 1944 1022 22 26 122 27 22348 25 36 54 151 2111 85 1851 24 40 25 39 37 23 26 63 24 26 74 104 54 46 58 62
internal_value=0.00181175 -0.0537759 -1.08955 -0.889372 0.611878 2.48247 -0.00427015 -1.87641 -6.07935 -0.459145 -1.42202 0.0174469 0.505021 0.397122 -0.0706865 -0.062653 6.81029 0.363131 0.209525 -2.76895 -7.04707 0.579476 0.438483 5.13111 3.14348 -4.73059 -0.425254 -0.628272 1.43329 3.18349
internal_weight=30585 28035 1274 1252 2550 294 26761 302 72 230 205 26459 4047 3962 22412 22388 52 2256 2143 149 63 86 1994 50 113 130 1122 1068 242 120
internal_count=30585 28035 1274 1252 2550 294 26761 302 72 230 205 26459 4047 3962 22412 22388 52 2256 2143 149 63 86 1994 50 113 130 1122 1068 242 120
is_linear=0
shrinkage=0.05


Tree=130
num_leaves=31
num_cat=0
split_feature=15 11 7 0 26 9 14 26 1 7 6 17 10 1 20 14 12 26 12 11 1 11 26 7 18 9 6 23 1 19
split_gain=396195 881634 1.45434e+06 1.44437e+06 555043 525575 502296 715428 594909 494217 998672 663183 1.11355e+06 1.76503e+06 963773 627998 1.12153e+06 559510 467824 898748 400502 481356 446627 425803 385041 291365 458830 357153 517275 282542
threshold=-0.9159756150367534 709.18839906504832 926.39038297204081 0.39242999490479041 18.814800000000002 2762.2196417614418 0.25881904510252091 14.827350000000001 0.18946953262365177 472.40360327348986 20886.31833333334 0.81174490092936691 1136.8899879254848 0.16234408796964592 1.0000000180025095e-35 0.60355339059327384 29158.500000000004 18.626000000000001 46569.000000000007 286.94712952411214 0.055233735923400369 576.46600801760758 24.444700000000001 7.2780746107896608 -0.5 1287.4162629641171 40794.395000000011 9.2676205000000014 0.10038766748185719 0.93301270189221952
decision_type=2 2 2 2 2 2 2 2 2 2 2 2 2 2 2 2 2 2 2 2 2 2 2 2 2 2 2 2 2 2
left_child=1 4 3 -3 5 6 8 -8 -1 18 -11 12 13 -12 -14 17 -17 -13 20 -20 21 29 23 -22 -5 27 -27 -6 -29 -2
right_child=9 2 -4 24 25 -7 7 -9 -10 10 11 15 14 -15 -16 16 -18 -19 19 -21 22 -23 -24 -25 -26 26 -28 28 -30 -31
leaf_value=-0.33096041248844577 0.28041236264136443 -14.508560038696636 3.8419365393148888 -5.4403240203857424 0.32285710623675201 -3.8440839333702694 0.24339669901793981 3.5458399836065286 -6.4877780532836908 -6.1062881121268644 0.40006214542296326 2.3869273572999945 0.20559294564388253 -10.771872560327704 2.9858693470263189 0.35540662671698903 9.9131001956220999 -2.8833405810498425 -0.029369795171437285 5.3699671174510053 1.3158633769736352 4.8995679374174639 2.4684725218149985 -0.26006382251680099 3.2835692710876465 -6.8181772858377485 1.5430868587493898 -1.4982441578399053 -8.1841200532139968 -0.84833921518358979
leaf_weight=2125 8549 39 32 21 164 87 841 199 35 47 98 274 1357 50 400 56 64 57 222 113 437 50 152 14249 20 58 20 149 32 588
leaf_count=2125 8549 39 32 21 164 87 841 199 35 47 98 274 1357 50 400 56 64 57 222 113 437 50 152 14249 20 58 20 149 32 588
internal_value=0.00174473 -0.474113 -4.74816 -8.20866 -0.338855 -0.118119 -0.0109647 0.889297 -0.4455 0.0697792 0.753111 0.902612 0.491151 -3.60259 0.845258 2.61605 5.64587 1.44981 0.002229 1.84394 -0.0238277 0.235537 -0.184443 -0.212735 -1.28933 -2.03259 -4.70986 -1.36851 -2.86877 0.207343
internal_weight=30585 3822 112 80 3710 3287 3200 1040 2160 26763 2403 2356 1905 148 1757 451 120 331 24360 335 24025 9187 14838 14686 41 423 78 345 181 9137
internal_count=30585 3822 112 80 3710 3287 3200 1040 2160 26763 2403 2356 1905 148 1757 451 120 331 24360 335 24025 9187 14838 14686 41 423 78 345 181 9137
is_linear=0
shrinkage=0.05


Tree=131
num_leaves=31
num_cat=0
split_feature=4 7 14 11 26 6 9 9 24 0 8 8 16 9 14 26 6 7 8 11 8 14 9 11 11 26 14 23 26 26
split_gain=362588 385579 808558 1.43473e+06 640837 926690 1.21272e+06 1.10118e+06 761693 444858 404635 307509 454674 361762 1.94714e+06 773039 770086 494838 855078 770146 266063 507894 435665 859553 387415 387170 525430 364235 325118 948333
threshold=0.79594076328328034 739.3636290339058 0.91597561503675362 815.9462725892173 18.567550000000004 28412.020000000004 2443.5219297118733 2148.5964702371089 5.4697012000000012 0.48853673383090573 1341.4782212663174 3302.9503335992745 -0.8783796973249266 2567.8214038401825 0.60355339059327384 18.245050000000003 30804.060833333337 380.05603431913977 2803.4179486041867 631.09926442692938 1135.0050216201496 -0.9159756150367534 1743.9111632769943 379.89625017337096 464.25703865863346 18.565850000000001 0.12940952255126043 6.1361385000000004 14.827350000000001 14.773400000000001
decision_type=2 2 2 2 2 2 2 2 2 2 2 2 2 2 2 2 2 2 2 2 2 2 2 2 2 2 2 2 2 2
left_child=20 11 4 10 8 6 -6 -7 -3 -10 -4 13 -13 17 16 -16 -15 18 -2 -19 28 24 23 -23 -22 -24 -27 -25 29 -1
right_child=1 2 3 -5 5 7 -8 -9 9 -11 -12 12 -14 14 15 -17 -18 19 -20 -21 21 22 25 27 -26 26 -28 -29 -30 -31
leaf_value=-0.23806011602235785 0.016749832101112371 -3.8463034662707103 14.992686823209127 -2.9023613052983439 -6.7472152233123781 7.4163220822811127 5.8455047828555111 -0.27368191619500465 3.458559719894243 11.438951148986817 4.2467456665039069 -2.1066502244848957 4.5773388442539034 -5.8030873960798441 -1.9813544329950366 4.6476092070809214 -1.3298339320966095 1.1434047653383974 -5.6405549424352941 -1.3703023817059066 0.44346951664108591 -1.3651298801048886 1.1108548804434066 -2.5441579492724671 7.4912306060791014 -3.8715498894393918 1.54491746765627 -8.8054813413477664 1.014981668866888 -5.2826847025561925
leaf_weight=3183 21542 24 25 26 87 51 20 274 87 20 20 33 79 105 54 186 822 1998 62 355 92 354 213 44 20 121 66 62 469 91
leaf_count=3183 21542 24 25 26 87 51 20 274 87 20 20 33 79 105 54 186 822 1998 62 355 92 354 213 44 20 121 66 62 469 91
internal_value=0.0014562 0.0749736 1.28794 6.13126 0.628467 -0.310296 -4.23711 1.02699 3.62219 5.39474 11.12 0.0442493 2.60166 0.0323313 -0.8254 3.14589 -1.86498 0.074279 -0.000784791 0.762036 -0.401557 -1.13646 -1.54997 -2.59099 1.96878 -0.335456 -1.96915 -6.43857 -0.209438 -0.386131
internal_weight=30585 25870 634 71 563 432 107 325 131 107 45 25236 112 25124 1167 240 927 23957 21604 2353 4715 972 860 460 112 400 187 106 3743 3274
internal_count=30585 25870 634 71 563 432 107 325 131 107 45 25236 112 25124 1167 240 927 23957 21604 2353 4715 972 860 460 112 400 187 106 3743 3274
is_linear=0
shrinkage=0.05


Tree=132
num_leaves=31
num_cat=0
split_feature=15 15 1 9 11 11 26 1 7 9 10 9 5 24 4 15 15 16 1 9 10 15 10 9 3 11 10 1 7 24
split_gain=378960 523592 826110 735564 494046 475093 821279 903852 1.07901e+06 435112 392147 552448 411034 669393 613105 610473 391503 459702 375790 373719 1.01108e+06 377006 357001 523481 509724 273231 275910 260029 258988 187484
threshold=0.96592582628906831 0.9159756150367534 0.20179298745144222 2396.8939039273037 668.06494927022538 478.87360381594812 18.559050000000003 0.11824496080429213 595.16997336795305 2345.2743751583434 405.71248492158958 1642.3785908357577 -1227.9999999999998 9.9619915000000017 0.48920102747341815 -0.37940952255126009 0.1294095225512602 -0.60785761079279388 0.07141723274075211 245.39854935753308 1117.6017161938496 -0.9159756150367534 2548.6437464042765 2396.8939039273037 1.841147238817652 441.98575352340697 1611.6507858416676 0.12076151691036274 478.88074020182006 12.419256000000003
decision_type=2 2 2 2 2 2 2 2 2 2 2 2 2 2 2 2 2 2 2 2 2 2 2 2 2 2 2 2 2 2
left_child=1 10 3 4 18 22 27 9 -9 -8 11 16 13 15 -15 -12 17 -1 -3 20 -14 -21 24 -24 25 26 -2 -7 -5 -18
right_child=5 2 -4 28 -6 6 7 8 -10 -11 12 -13 19 14 -16 -17 29 -19 -20 21 -22 -23 23 -25 -26 -27 -28 -29 -30 -31
leaf_value=-2.0753224186953747 0.22099983282339253 0.088853269016995112 -9.7008353763156467 -2.2290947547325723 5.34069497164558 3.1277899032685816 6.9172756360127385 -9.0753537464141854 2.5809130825647495 -0.93957933425903328 -2.3599287448560489 -6.284710138752347 -0.39666008461605418 -6.3273290314674382 -0.46354015096165668 4.375670410092197 1.0226096728667133 -0.30348536350153887 -1.6910723259585365 -0.43480086563094078 4.8520439177551529 0.13720739679799895 8.8669005775451666 0.64259267660879327 -5.0794725358486179 -4.0946174256941852 1.9808232872296008 9.5354941433126275 -10.4046045761842 -0.37059984397084461
leaf_weight=594 1935 609 22 21 29 36 47 35 36 25 63 37 237 95 82 62 456 947 572 3355 144 20186 25 57 39 29 247 39 21 503
leaf_count=594 1935 609 22 21 29 36 47 35 36 25 63 37 237 95 82 62 456 947 572 3355 144 20186 25 57 39 29 247 39 21 503
internal_value=0.00150811 -0.0516092 -1.03992 -0.84971 -0.60865 0.584464 2.78998 0.501785 -3.38351 4.30469 -0.00437179 -0.595175 0.0576116 -1.76031 -3.69841 1.02034 -0.498574 -0.991 -0.77668 0.0809268 1.62413 0.0556092 0.372739 3.51607 0.250618 0.355907 0.424306 6.84814 -6.98992 0.293681
internal_weight=30585 28035 1274 1252 1210 2550 218 143 71 72 26761 2537 24224 302 177 125 2500 1541 1181 23922 381 23541 2332 82 2250 2211 2182 75 42 959
internal_count=30585 28035 1274 1252 1210 2550 218 143 71 72 26761 2537 24224 302 177 125 2500 1541 1181 23922 381 23541 2332 82 2250 2211 2182 75 42 959
is_linear=0
shrinkage=0.05


Tree=133
num_leaves=31
num_cat=0
split_feature=12 10 15 21 10 7 24 6 20 11 15 4 10 15 11 26 26 6 20 15 10 15 11 11 7 26 11 2 7 7
split_gain=366210 722715 652469 1.09426e+06 2.17487e+06 970942 1.09331e+06 846729 809106 1.24222e+06 828284 623394 658725 1.34995e+06 601791 661505 1.04449e+06 648748 513417 2.14295e+06 1.89191e+06 1.54148e+06 1.55196e+06 1.31284e+06 814255 438480 423241 405395 401915 388311
threshold=44332.500000000007 2665.9354191262587 -0.5 1.0000000180025095e-35 1203.7994076510533 926.39038297204081 8.2516140000000018 31285.19666666667 1.0000000180025095e-35 364.37064053653665 -0.9159756150367534 1.2548017191289624 2199.5145717372438 0.25881904510252057 478.87360381594812 17.817300000000007 17.347400000000004 42798.356666666674 1.0000000180025095e-35 -0.12940952255126034 855.3368008106803 -0.37940952255126009 239.87965525133544 269.89323609900458 576.58915984026874 18.216350000000002 325.07324323628023 0.72776466763101022 472.40360327348986 649.02696317211291
decision_type=2 2 2 2 2 2 2 2 2 2 2 2 2 2 2 2 2 2 2 2 2 2 2 2 2 2 2 2 2 2
left_child=2 14 3 5 -5 8 -7 -6 10 -10 -1 18 -13 -14 15 16 -2 27 21 23 -21 22 -4 -20 -23 -3 -18 -17 -16 -15
right_child=1 25 11 4 7 6 -8 -9 9 -11 -12 12 13 29 28 17 26 -19 19 20 -22 24 -24 -25 -26 -27 -28 -29 -30 -31
leaf_value=-0.78120020912304733 0.4226947755203907 9.695308982304164 0.53357505726877574 -1.2625584023493579 -16.588950097220287 -3.5830951849619548 8.0742572120998215 -4.616502449512482 -0.52094917023826104 -3.2477926627903133 0.47132523708404667 0.90732890679365286 15.26244532775879 5.7634746030524928 7.6270725088814899 -4.6316232464736018 0.38675049872233952 0.61509347575449802 -0.48786149775834453 0.039626470510206388 2.1136326279190603 -0.16323190991607728 5.1619439969651957 -4.4663507461910035 -1.9391149897242883 1.40518249085075 8.2756600547404524 1.910927290916443 0.44983979417727549 -2.0232523584365842
leaf_weight=2075 1072 30 607 354 30 25 64 35 2244 509 3607 1093 20 22 43 153 24 166 746 2572 1916 11778 254 283 678 33 58 25 34 35
leaf_count=2075 1072 30 607 354 30 25 64 35 2244 509 3607 1093 20 22 43 153 24 166 746 2572 1916 11778 254 283 678 33 58 25 34 35
internal_value=0.00132989 0.727488 -0.0398774 -0.394787 -2.87413 -0.271294 4.78278 -10.9332 -0.327429 -1.03011 0.0136241 0.118845 1.23621 5.56396 0.507867 0.278567 0.852394 -1.63091 0.0491203 0.454484 0.926431 -0.118919 1.92095 -1.5984 -0.260639 5.77622 6.12221 -3.68535 4.67919 1.20377
internal_weight=30585 1638 28947 8943 419 8524 89 65 8435 2753 5682 20004 1170 77 1575 1498 1154 344 18834 5517 4488 13317 861 1029 12456 63 82 178 77 57
internal_count=30585 1638 28947 8943 419 8524 89 65 8435 2753 5682 20004 1170 77 1575 1498 1154 344 18834 5517 4488 13317 861 1029 12456 63 82 178 77 57
is_linear=0
shrinkage=0.05


Tree=134
num_leaves=31
num_cat=0
split_feature=12 1 14 2 7 4 7 26 23 9 24 3 23 3 22 26 1 5 9 7 1 7 26 1 13 13 8 3 9 9
split_gain=334144 402523 378440 625496 735481 434542 512998 880414 1.36289e+06 495276 401962 823956 959123 760962 440665 395392 382426 502364 378427 418456 659219 451272 425856 395338 360503 332800 327812 485307 865212 722322
threshold=44332.500000000007 0.15617597433275157 -0.70710678118654735 0.53718728340804489 497.47153157144209 1.1266037918339558 390.17570595671549 18.567550000000004 8.7945025000000019 1247.5833631434755 14.385251500000001 0.87297218027408441 12.4316455 2.1661870192782646 1.5000000000000002 14.827350000000001 0.092407992926232821 499.03500000000014 2762.2196417614418 320.50371950305129 0.10512061028448023 273.89130854666035 17.817300000000007 0.087347966513776756 36364.880000000012 42854.19000000001 3302.9503335992745 2.2013852343508646 2055.8953207150594 2032.726412708347
decision_type=2 2 2 2 2 2 2 2 2 2 2 2 2 2 2 2 2 2 2 2 2 2 2 2 2 2 2 2 2 2
left_child=2 18 3 4 -1 10 16 9 -9 -8 11 15 -13 14 -12 -4 -7 -18 19 21 25 -2 -22 -20 -15 -21 27 29 -29 -5
right_child=1 -3 5 26 -6 6 7 8 -10 -11 13 12 -14 24 -16 -17 17 -19 23 20 22 -23 -24 -25 -26 -27 -28 28 -30 -31
leaf_value=1.3752203266057319 0.49363698835031045 3.5765714413296865 -0.203239833763632 0.057350068686012591 9.188322442770005 0.43081061643835572 7.4669730889446599 1.2762480187476899 -5.9736563419040891 2.444407362432524 1.1299305251256053 -0.71625975662961117 -3.4505433543317623 -1.2206704889025008 -0.23392910641287365 0.97688388098489121 -0.20956149347772024 -2.8951814953111796 0.10064464760761636 7.6669251125686024 2.9032745771629869 -4.567244727844777 -3.5648075913626052 -5.084267525690592 5.5167889941483743 2.7488992620029569 3.1635574980215595 6.8642001121274889 -1.7359989366745054 2.0367336865071031
leaf_weight=596 1041 108 8676 5395 27 2352 63 436 71 212 773 4184 343 23 2476 768 1103 202 97 44 38 41 58 54 91 157 83 26 548 499
leaf_count=596 1041 108 8676 5395 27 2352 63 436 71 212 773 4184 343 23 2476 768 1103 202 97 44 38 41 58 54 91 157 83 26 548 499
internal_value=0.00146643 0.695104 -0.0378954 0.276935 1.78437 -0.141671 0.299492 1.45752 0.212456 3.708 -0.254704 -0.372814 -0.927019 0.235775 0.0917818 -0.106799 0.0501977 -0.634768 0.480687 0.742457 2.38844 0.281694 -0.98705 -1.85677 4.16288 3.98568 0.132318 0.0909991 -1.29044 0.226522
internal_weight=30585 1638 28947 7174 623 21773 4439 782 507 275 17334 13971 4527 3363 3249 9444 3657 1305 1530 1379 297 1082 96 151 114 201 6551 6468 574 5894
internal_count=30585 1638 28947 7174 623 21773 4439 782 507 275 17334 13971 4527 3363 3249 9444 3657 1305 1530 1379 297 1082 96 151 114 201 6551 6468 574 5894
is_linear=0
shrinkage=0.05


Tree=135
num_leaves=26
num_cat=0
split_feature=6 4 9 6 6 11 1 11 23 18 24 16 9 3 8 5 26 8 4 19 6 23 23 9 4
split_gain=338180 391647 410520 805886 338892 334750 325684 847692 364498 382030 989937 384491 324548 712903 614724 305291 343714 271238 260753 227128 215024 93945.8 97077.8 82258.5 36731.7
threshold=19085.017500000005 1.7503628991891083 1444.143480146038 25433.005000000005 34717.436666666676 464.25703865863346 0.055680606748290042 777.22274205627548 3.5113512000000004 0.68301270189221941 8.3036965000000027 -0.8783796973249266 2895.5032941072968 2.2416948270893884 1543.9451096952896 1000.0050000000001 13.581750000000001 547.93299399663113 2.6050496261871845 -0.24999999999999994 27473.039166666673 4.9261810000000006 8.2585035000000016 1873.4163097475914 0.34987711706399
decision_type=2 2 2 2 2 2 2 2 2 2 2 2 2 2 2 2 2 2 2 2 2 2 2 2 2
left_child=21 6 5 -4 23 17 7 12 15 11 -11 -10 14 -14 -2 16 -8 20 -7 -19 -3 -1 24 -5 -23
right_child=1 2 3 4 -6 18 8 -9 9 10 -12 -13 13 -15 -16 -17 -18 19 -20 -21 -22 22 -24 -25 -26
leaf_value=0.024579574167728425 0.061585832976956634 2.0006553732431853 -2.3651880151695677 11.740280807495118 0.9336553802490235 0.59894246348628299 -0.070974414705418723 7.4688073348999033 0.5846670262545467 -4.6870290975842703 -0.51828724686101602 -0.21732606502933927 -4.0101907467597151 0.29710769324602798 1.0678007213004204 -5.1420298004150391 0.99992958769136298 6.8225989804949085 -6.6717258306650011 0.19489285074747528 -1.2168057288687963 -2.483169953262105 -1.0080416941642762 5.7255708241462706 -5.7569256751877926
leaf_weight=27 9099 99 31 20 20 22 1673 35 1738 144 3290 10479 141 279 1817 20 1351 30 21 21 99 29 35 35 30
leaf_count=27 9099 99 31 20 20 22 1673 35 1738 144 3290 10479 141 279 1817 20 1351 30 21 21 99 29 35 35 30
internal_value=0.0016352 0.0123265 1.56069 4.15112 6.82464 0.566112 -0.00842451 0.202528 -0.136756 -0.23413 -0.699673 -0.103037 0.176805 -1.17896 0.22949 0.36345 0.408306 1.28121 -3.2759 4.3555 0.401332 -2.58338 -3.29638 8.70966 -4.46828
internal_weight=30585 30464 398 106 75 292 30066 11371 18695 15651 3434 12217 11336 420 10916 3044 3024 249 43 51 198 121 94 55 59
internal_count=30585 30464 398 106 75 292 30066 11371 18695 15651 3434 12217 11336 420 10916 3044 3024 249 43 51 198 121 94 55 59
is_linear=0
shrinkage=0.05


Tree=136
num_leaves=29
num_cat=0
split_feature=10 26 3 13 10 19 15 7 22 7 26 7 23 7 18 15 10 26 0 8 12 15 14 14 9 17 3 14
split_gain=359050 453418 582394 538795 319706 315951 2.07432e+06 1.34383e+06 1.11852e+06 1.17716e+06 1.01291e+06 986811 650154 1.11406e+06 1.66235e+06 967251 1.73426e+06 1.64793e+06 240718 410836 446093 237033 170217 156040 144595 104775 128802 60480.4
threshold=2767.1847758161971 18.216350000000002 2.5827488698524346 43707.545000000006 117.31523253839474 -0.68301270189221952 0.25881904510252057 687.70773411900234 5.5000000000000009 709.52667636726585 15.500850000000002 192.32579220018775 9.089140500000001 206.97694029223723 0.68301270189221941 0.37940952255126043 1894.2783896509745 18.576600000000003 0.38878822864233181 2700.8174739057463 31365.000000000004 -0.9159756150367534 0.12940952255126043 0.78656609248549325 3005.0980100075335 1.0000000180025095e-35 0.12764285698349428 0.37940952255126054
decision_type=2 2 2 2 2 2 2 2 2 2 2 2 2 2 2 2 2 2 2 2 2 2 2 2 2 2 2 2
left_child=4 2 -2 18 25 6 8 11 9 -6 -10 -8 15 23 -15 16 -7 -17 21 20 -20 -3 -21 -14 -23 -1 27 -27
right_child=1 3 -4 -5 5 12 7 -9 10 -11 -12 -13 13 14 -16 17 -18 -19 19 22 -22 24 -24 -25 -26 26 -28 -29
leaf_value=0.30733011444409691 9.032444767951965 -1.0785245833974897 -1.1562714252471924 -6.2972539558410645 -0.016290566160412349 0.098640419012830161 0.46554655494120123 10.437921257508108 -0.63973016747524525 -8.4304624988919219 -4.5669424171549711 2.263101762981873 0.057124683857460168 -1.0704017950243809 -5.9580591800400455 0.036674261610702384 2.0225022268473656 -1.7719197141170679 -2.4432355562845869 -0.79267784829409615 4.947094534154524 5.884534474369139 -5.8021987267902926 -0.85281550166026876 1.9914096262305976 -0.027937774658203126 -5.6553292880187165 -3.0204692524213059
leaf_weight=25 35 28 20 20 4038 8610 2194 34 392 37 280 1169 3023 1525 192 5031 1351 1675 28 48 52 47 23 553 59 30 32 34
leaf_count=25 35 28 20 20 4038 8610 2194 34 392 37 280 1169 3023 1525 192 5031 1351 1675 28 48 52 47 23 553 59 30 32 34
internal_value=0.00158926 1.56041 5.53902 0.765024 -0.0172307 -0.00670828 0.259186 1.20159 -0.41575 -0.102939 -2.29779 1.09284 -0.105355 -0.587844 -1.6327 0.0479976 0.360461 -0.416046 1.36082 -0.0202941 2.36832 2.86226 -2.6911 -0.0845707 3.90537 -2.53058 -3.24875 -1.72212
internal_weight=30585 360 55 305 30225 30104 8144 3397 4747 4075 672 3363 21960 5293 1717 16667 9961 6706 285 151 80 134 71 3576 106 121 96 64
internal_count=30585 360 55 305 30225 30104 8144 3397 4747 4075 672 3363 21960 5293 1717 16667 9961 6706 285 151 80 134 71 3576 106 121 96 64
is_linear=0
shrinkage=0.05


Tree=137
num_leaves=31
num_cat=0
split_feature=15 15 9 26 4 9 3 6 7 6 12 9 13 3 7 26 26 15 7 26 23 8 8 6 7 3 7 7 0 19
split_gain=340642 487517 723167 662511 401701 461891 400764 874977 526865 378706 369313 891415 750572 669642 1.14077e+06 662717 791992 619181 585867 432664 425316 366920 277702 773770 475411 472195 279278 522304 292222 268962
threshold=0.96592582628906831 0.9159756150367534 2231.5016179326008 18.583150000000003 1.1636545937468423 1743.9111632769943 0.94543838656087009 28202.850833333338 488.33529821735692 27879.015833333335 33105.500000000007 133.87200642658311 30157.975000000002 1.8784379444730932 777.36461542940708 19.249950000000002 24.444700000000001 0.25881904510252057 178.55118113331972 6.7429000000000014 8.7945025000000019 2475.030458788719 2475.030458788719 27176.583333333336 576.58915984026874 1.8911211417601259 649.02696317211291 544.92069095004797 0.49194309828246147 -0.24999999999999994
decision_type=2 2 2 2 2 2 2 2 2 2 2 2 2 2 2 2 2 2 2 2 2 2 2 2 2 2 2 2 2 2
left_child=1 10 6 21 22 29 -3 -8 -9 -7 13 -12 18 15 17 19 -17 -15 -13 -1 -14 -4 25 -24 -25 26 27 -2 -28 -6
right_child=4 2 3 -5 5 9 7 8 -10 -11 11 12 20 14 -16 16 -18 -19 -20 -21 -22 -23 23 24 -26 -27 28 -29 -30 -31
leaf_value=-1.0769034167544362 0.27245261584479019 -0.12349412345946525 2.1705030901678675 -12.086840226915148 2.9904737746963903 9.9665070950984962 -10.028158601559699 -2.1584380351679422 3.3892372701682301 1.415474508603414 7.1631770600212947 0.56451337604725049 0.30241821609043967 0.24614355933780852 -12.4510689166876 -2.3045650347147459 1.6962769622926588 -3.9841673583984374 4.1800250047323662 0.086720347498055822 -0.20242489248259166 -5.9311806065695629 10.257925077585075 2.4722520054001169 -4.4055531585917755 -6.1587564523877774 6.9664048925522835 -6.2675089167010398 -0.63761895370483401 -0.29974874677983199
leaf_weight=889 2018 860 24 22 115 27 27 272 46 25 40 266 8739 203 21 643 149 145 191 7501 7974 23 21 92 29 24 26 26 20 127
leaf_count=889 2018 860 24 22 115 27 27 272 46 25 40 266 8739 203 21 643 149 145 191 7501 7974 23 21 92 29 24 26 26 20 127
internal_value=0.00141094 -0.0489494 -1.00261 -5.80369 0.55411 2.2767 -0.704801 -2.13125 -1.31575 6.3411 -0.00336836 0.134993 0.116537 -0.252628 -2.32662 -0.168054 -1.5459 -1.54781 2.10458 -0.0371386 0.0615592 -1.98228 0.325064 2.42671 0.714045 0.178477 0.265798 0.174148 3.92094 1.29247
internal_weight=30585 28035 1274 69 2550 294 1205 345 318 52 26761 17210 17170 9551 369 9182 792 348 457 8390 16713 47 2256 142 121 2114 2090 2044 46 242
internal_count=30585 28035 1274 69 2550 294 1205 345 318 52 26761 17210 17170 9551 369 9182 792 348 457 8390 16713 47 2256 142 121 2114 2090 2044 46 242
is_linear=0
shrinkage=0.05


Tree=138
num_leaves=31
num_cat=0
split_feature=10 26 3 13 9 14 26 0 3 1 13 23 13 3 1 11 8 10 11 0 3 10 14 0 8 13 14 5 11 10
split_gain=330720 416952 730897 504821 301884 1.79704e+06 1.20525e+06 1.07306e+06 823896 563938 561735 626078 588478 521981 497813 481420 463650 442485 1.11806e+06 875300 483271 421260 380567 267492 426269 280440 251849 272925 239476 195062
threshold=2767.1847758161971 18.190700000000003 2.2824269971427964 43707.545000000006 2345.2743751583434 0.60355339059327384 18.160600000000006 0.44072558017973784 2.4674322294762998 0.063165930752840813 30558.585000000003 7.9717285500000008 31507.895000000004 1.2310013698282696 0.18946953262365177 631.09926442692938 2567.8214038401825 2631.610696155893 520.41605753204374 0.5142259953461642 2.4128089683941547 2521.0321204144539 -0.5 0.38878822864233181 2700.8174739057463 32086.590000000004 -0.5 300.02500000000038 390.10552129938475 2374.987419907327
decision_type=2 2 2 2 2 2 2 2 2 2 2 2 2 2 2 2 2 2 2 2 2 2 2 2 2 2 2 2 2 2
left_child=4 2 -2 23 8 10 -7 9 17 -8 11 29 16 -9 -14 21 -12 20 19 -19 22 -10 -1 26 25 -25 -3 -28 -26 -6
right_child=1 3 -4 -5 5 6 7 13 15 -11 12 -13 14 -15 -16 -17 -18 18 -20 -21 -22 -23 -24 24 28 -27 27 -29 -30 -31
leaf_value=0.26896365793796134 11.111555869238718 4.7673809145703734 -0.88069655983536332 -6.0372666988372803 -11.164739238854612 -7.4646567122141523 2.1014550213846896 4.9281113731100206 11.284776318457819 7.5149020340784576 5.936136846098246 0.20399842004518251 -1.0735729342011691 -1.0619970477145653 -4.8385160351053198 -1.3475863227137814 -2.5620827980041505 5.5274667572934888 -5.8829412606027391 -2.7799708758081714 -6.8195639096773597 2.8295545725595384 -0.12716612026533028 -0.67232619849118325 -5.7931575795582368 4.9862466842570212 -1.7357677722970646 4.7122662773132324 -0.24826307344436646 -3.535349830627442
leaf_weight=8938 23 76 22 20 28 25 85 42 26 124 46 32 1480 156 89 22 20 143 31 37 21 37 18823 39 30 42 43 20 45 20
leaf_count=8938 23 76 22 20 28 25 85 42 26 124 46 32 1480 156 89 22 20 143 31 37 21 37 18823 39 30 42 43 20 45 20
internal_value=0.00122617 1.49728 5.7459 0.809886 -0.0168359 -0.587572 2.27747 2.95933 0.0269008 5.41403 -1.31381 -5.28556 -1.10392 0.298471 -1.30186 4.80316 3.36114 0.0115408 2.26584 3.79057 -0.00598303 6.89293 0.000396466 1.36715 -0.0649219 2.38048 2.92116 0.506468 -2.6903 -8.62019
internal_weight=30585 360 45 315 30225 2147 432 407 28078 209 1715 80 1635 198 1569 85 66 27993 211 180 27782 63 27761 295 156 81 139 63 75 48
internal_count=30585 360 45 315 30225 2147 432 407 28078 209 1715 80 1635 198 1569 85 66 27993 211 180 27782 63 27761 295 156 81 139 63 75 48
is_linear=0
shrinkage=0.05


Tree=139
num_leaves=31
num_cat=0
split_feature=15 15 9 26 13 9 3 8 5 9 26 26 0 12 15 21 8 7 9 24 0 24 19 17 26 7 26 26 7 5
split_gain=320400 439227 662901 604855 391083 489612 367641 337568 334496 620600 642122 626751 423054 325319 495155 864048 505714 288200 1.13248e+06 951471 541671 393091 273210 457469 299590 266654 266617 586772 228168 227294
threshold=0.96592582628906831 0.9159756150367534 2231.5016179326008 18.583150000000003 27806.320000000003 1222.0183875528421 0.94543838656087009 2475.030458788719 -1227.9999999999998 1468.1825736499293 18.985200000000003 17.424700000000005 0.38042882599622635 44332.500000000007 -0.5 1.0000000180025095e-35 3302.9503335992745 385.01845853232277 1083.9811639138104 10.775761750000003 0.39823680116665666 11.547504000000002 -0.68301270189221952 -0.22252093395631442 18.160600000000006 355.91680734720831 18.595050000000004 18.160600000000006 329.67426219371572 0.68500000000000238
decision_type=2 2 2 2 2 2 2 2 2 2 2 2 2 2 2 2 2 2 2 2 2 2 2 2 2 2 2 2 2 2
left_child=1 8 6 7 5 -2 -3 -4 9 10 -1 -11 -13 14 15 -10 -16 25 -19 20 -20 -21 23 -15 -24 28 27 -8 -6 -28
right_child=4 2 3 -5 17 -7 26 -9 13 11 -12 12 -14 22 16 -17 -18 18 19 21 -22 -23 24 -25 -26 -27 29 -29 -30 -31
leaf_value=-10.54608753476824 1.6053822633384389 -0.11103355675322042 2.0850872154893549 -11.553165230927645 0.14893554067065359 9.1416501786973736 -1.8964501573252925 -5.6854670660836355 -0.22034863099637786 5.3001411760725627 -1.2075598884136118 -4.6900086975711233 0.16445752794251722 -0.19783462038230615 0.11418729128073393 -2.5496739040329413 3.832082454017971 9.3026485753613866 -3.4297286253709061 -7.0632830704412157 4.6051883753416316 -0.79695552425303806 0.030510484175207464 3.2252815749605332 2.3958595178650048 -3.0520534824757348 -1.6138646125793459 5.6275867525736496 3.0359393569785107 -5.8706595372797841
leaf_weight=30 124 860 24 22 1924 22 189 23 8415 36 42 63 131 164 15926 413 87 38 21 26 132 139 1072 234 148 58 69 25 66 62
leaf_count=30 124 860 24 22 1924 22 189 23 8415 36 42 63 131 164 15926 413 87 38 21 26 132 139 1072 234 148 58 69 25 66 62
internal_value=0.00118192 -0.0476591 -0.952853 -5.54947 0.537208 3.00642 -0.667759 -1.89761 -0.00439409 -1.64533 -5.53141 -0.336802 -1.48997 0.0146408 -0.030161 -0.330709 0.13558 0.381298 1.68401 0.643543 3.4284 -1.96337 0.700483 1.82967 0.326103 0.151276 -2.03398 -0.90883 0.252079 -3.77066
internal_weight=30585 28035 1274 69 2550 146 1205 47 26761 302 72 230 194 26459 24841 8828 16013 2404 356 318 153 165 1618 398 1220 2048 345 214 1990 131
internal_count=30585 28035 1274 69 2550 146 1205 47 26761 302 72 230 194 26459 24841 8828 16013 2404 356 318 153 165 1618 398 1220 2048 345 214 1990 131
is_linear=0
shrinkage=0.05


Tree=140
num_leaves=31
num_cat=0
split_feature=4 1 11 26 15 26 24 15 13 3 3 11 1 12 22 15 11 15 15 16 10 19 11 19 26 5 11 11 0 26
split_gain=297044 412812 695691 907846 1.28038e+06 1.36441e+06 974959 1.23802e+06 588012 498387 588044 616001 308928 399321 312358 1.19721e+06 907373 699017 601422 1.53699e+06 1.78257e+06 1.39468e+06 2.7587e+06 1.02321e+06 671841 355180 398982 264950 250912 333107
threshold=1.2405480896575209 0.16073202496419656 302.67951916166953 17.817300000000007 0.37940952255126043 15.250000000000002 10.991426250000002 0.37940952255126043 33371.090000000004 1.4976901357683527 1.0090803937399995 520.41605753204374 0.24704976018373964 30052.000000000004 1.0000000180025095e-35 -0.12940952255126034 132.12150365067538 -0.70710678118654757 -0.12940952255126034 -0.60785761079279388 855.3368008106803 0.6830127018922193 435.62761669301636 0.6830127018922193 12.039350000000001 470.01500000000004 478.87360381594812 531.76801472283285 0.45796544544160572 14.939100000000002
decision_type=2 2 2 2 2 2 2 2 2 2 2 2 2 2 2 2 2 2 2 2 2 2 2 2 2 2 2 2 2 2
left_child=12 2 -2 4 5 -4 8 -8 -5 10 28 -12 14 27 15 16 -1 -18 21 20 -20 22 -16 -21 -23 26 -17 -14 29 -3
right_child=1 9 3 6 -6 -7 7 -9 -10 -11 11 -13 13 -15 18 25 17 -19 19 23 -22 24 -24 -25 -26 -27 -28 -29 -30 -31
leaf_value=0.16843740357711243 0.25461950196613825 -1.0376879119060256 -4.3067879037423564 1.0656544033218833 13.207112445717767 7.4190373975912038 6.913968649723313 -0.16817993363429762 -5.5214988844735284 4.5415316682873357 -0.80241814728440919 -11.995175029613355 -1.0581491427762169 1.0930330177632774 -0.43061377771466758 -0.54970237340217043 1.1403757159118626 3.9178129446296133 0.02752801997740479 0.048285027720455259 2.0605530190822647 -0.18363123995050473 -3.8667824877355295 -1.2090525581039051 1.3998370493227763 -4.6293487719127109 1.7587304605027805 -8.2347281074523924 -2.6199264418765118 4.6962013338741508
leaf_weight=862 1481 72 39 63 37 53 105 140 65 28 24 22 23 36 7740 1874 498 420 2545 6771 1866 1317 627 2121 1356 44 203 30 90 33
leaf_count=862 1481 72 39 63 37 53 105 140 65 28 24 22 23 36 7740 1874 498 420 2545 6771 1866 1317 627 2121 1356 44 203 30 90 33
internal_value=0.00104201 0.553088 0.802831 2.40161 5.9366 2.48202 1.11656 2.9444 -2.36083 -1.26883 -2.02268 -6.80764 -0.0429245 -2.90457 -0.0333929 0.381682 1.33603 2.42549 -0.0999761 0.126411 0.888936 -0.372706 -0.690272 -0.252132 0.62075 -0.420467 -0.320377 -5.48093 -0.751697 0.895488
internal_weight=30585 2252 1983 502 129 92 373 245 128 269 241 46 28333 89 28244 3901 1780 918 24343 13303 4411 11040 8367 8892 2673 2121 2077 53 195 105
internal_count=30585 2252 1983 502 129 92 373 245 128 269 241 46 28333 89 28244 3901 1780 918 24343 13303 4411 11040 8367 8892 2673 2121 2077 53 195 105
is_linear=0
shrinkage=0.05


Tree=141
num_leaves=31
num_cat=0
split_feature=6 4 3 6 13 11 10 4 3 2 15 7 0 11 7 15 23 20 5 5 11 15 4 19 15 7 17 23 4 7
split_gain=297558 335221 332359 659237 439000 409350 288616 303572 485610 415664 472889 285550 284111 613152 587998 381978 724290 652093 243526 318266 216988 197089 184195 152225 116341 116275 81103.3 59085.6 54385.5 52219.5
threshold=19085.017500000005 1.7503628991891083 0.32370670938965723 24980.067500000005 32293.535000000003 425.07594124034773 2767.1847758161971 1.0322299932651813 2.1005746971663721 0.65041781104915652 -0.12940952255126034 595.16997336795305 0.28385721731658087 209.63030065910314 102.84423004826293 -0.5 5.3765740000000006 1.0000000180025095e-35 850.00500000000011 485.01000000000005 384.94467117176657 0.60355339059327384 1.0656906323968316 0.6830127018922193 -0.78656609248549325 364.41296759475995 -0.22252093395631442 8.2585035000000016 0.34987711706399 102.84423004826293
decision_type=2 2 2 2 2 2 2 2 2 2 2 2 2 2 2 2 2 2 2 2 2 2 2 2 2 2 2 2 2 2
left_child=26 6 4 -4 18 21 12 9 20 10 -8 -7 13 23 -15 16 -14 -17 19 -3 -9 -5 -10 -2 -11 -6 29 28 -28 -1
right_child=1 2 3 5 25 11 7 8 22 24 -12 -13 15 14 -16 17 -18 -19 -20 -21 -22 -23 -24 -25 -26 -27 27 -29 -30 -31
leaf_value=-2.068111968994141 0.34521725321259161 0.9471003215789795 -3.432005412650831 0.58475933857262141 -1.3096440970897676 11.095747604966164 -5.3718570285655085 1.8254950428009034 3.5160207783734361 0.33749564244196967 0.53944606544048623 3.0692806720733645 0.55961647187123087 8.7743343757860597 1.7276702409286444 -0.12965256360099819 -0.58205673036129679 0.5094072897765286 -2.1651663163813151 6.483571450850544 8.0432272891203578 5.6833603348050801 -1.5749349041913565 -0.96219664936172034 4.9024071901402575 -6.3694844850301742 -2.302345041667714 -1.3229902080587439 -6.2311125144958499 1.1766143245697023
leaf_weight=20 1288 120 28 63 27 27 42 25 22 21 118 25 1747 28 346 13690 6714 5629 36 29 43 23 47 264 42 20 29 32 20 20
leaf_count=20 1288 120 28 63 27 27 42 25 22 21 118 25 1747 28 346 13690 6714 5629 36 29 43 23 47 264 42 20 29 32 20 20
internal_value=0.00101523 0.0110441 1.44354 3.11628 0.205955 4.51881 -0.00815383 1.38928 3.19666 0.23295 -1.12773 7.84548 -0.0253217 0.561134 2.36416 -0.0660764 -0.346131 0.0566321 1.31609 2.20051 6.03959 2.18624 0.175486 0.120414 3.51821 -3.86915 -2.42377 -3.29196 -4.33532 -0.494165
internal_weight=30585 30464 398 166 232 138 30066 360 137 223 160 52 29706 1926 374 27780 8461 19319 185 149 68 86 69 1552 63 47 121 81 49 40
internal_count=30585 30464 398 166 232 138 30066 360 137 223 160 52 29706 1926 374 27780 8461 19319 185 149 68 86 69 1552 63 47 121 81 49 40
is_linear=0
shrinkage=0.05


Tree=142
num_leaves=31
num_cat=0
split_feature=1 7 7 1 5 2 6 23 5 13 23 7 12 1 7 17 5 1 8 24 7 7 7 8 8 23 8 2 23 16
split_gain=284932 554252 489378 621354 413433 632044 356753 601371 350270 338367 308579 292006 291613 371034 384077 284327 271466 540506 269520 871384 524196 254338 231107 446560 308762 226885 210749 261787 183879 86895.5
threshold=0.07815191598035949 926.39038297204081 5.3583119206558498 0.18058820999331973 43.565000000000005 0.69365193508210432 26042.829166666674 5.7639892500000007 1250.0050000000003 22921.570000000003 5.8630007000000015 166.58433570556193 46979.000000000007 0.13205908846726491 430.44667324903764 1.0000000180025095e-35 -1100.9999999999998 0.066298056667291869 1194.9540858527089 5.3330026000000013 283.36354561567566 48.289519154933068 449.12303786824015 2131.9594740145162 3105.7539177504273 12.935166500000001 1273.3079118111889 0.60462203942042614 5.0483115000000014 0.6078576107927941
decision_type=2 2 2 2 2 2 2 2 2 2 2 2 2 2 2 2 2 2 2 2 2 2 2 2 2 2 2 2 2 2
left_child=1 4 3 26 16 6 7 -6 -8 10 11 -4 18 14 -14 -12 17 28 20 -20 -11 -7 24 -24 -18 -23 29 -28 -1 -2
right_child=2 -3 9 -5 5 21 8 -9 -10 12 15 -13 13 -15 -16 -17 22 -19 19 -21 -22 25 23 -25 -26 -27 27 -29 -30 -31
leaf_value=2.2959612604734061 1.0346032985619136 5.879503325621287 -2.1249945313483476 6.2482069883495575 4.7676079257577655 -0.16720542278554706 0.175987672586914 0.29055931821537478 4.7155884676201394 -0.18185075520313085 3.6241522575246878 -9.3168283260785625 1.5650268073984095 6.1516718935322121 -4.297428706559268 -2.2578156385623234 -0.068628231185648106 -8.8210052971839907 -2.2840447294219466 -0.25331598338135825 1.0400344817686562 2.1122953067583743 2.5255569917880574 -0.15317635728270196 3.4416214789189987 5.1983242755830297 -4.9756700696945195 0.55191651532053954 -1.7827778169087001 5.5847835693359373
leaf_weight=32 23 37 40 59 115 67 3693 202 38 7737 24 21 180 32 28 66 11139 20 600 4180 985 181 255 386 58 95 20 145 107 20
leaf_count=32 23 37 40 59 115 67 3693 202 38 7737 24 21 180 32 28 66 11139 20 600 4180 985 181 255 386 58 95 20 145 107 20
internal_value=0.00117973 0.14286 -0.163152 1.93739 0.128116 0.542928 0.366637 1.96369 0.228486 -0.204207 -2.51998 -5.11988 -0.17785 1.53195 0.693262 -0.580574 -0.023868 -2.04418 -0.208801 -0.51035 -0.0433373 2.58816 0.00411484 0.923689 -0.0489128 3.24829 0.596405 -0.244437 -0.796323 3.5133
internal_weight=30585 16425 14160 267 16388 4391 4048 317 3731 13893 151 61 13742 240 208 90 11997 159 13502 4780 8722 343 11838 641 11197 276 208 165 139 43
internal_count=30585 16425 14160 267 16388 4391 4048 317 3731 13893 151 61 13742 240 208 90 11997 159 13502 4780 8722 343 11838 641 11197 276 208 165 139 43
is_linear=0
shrinkage=0.05


Tree=143
num_leaves=31
num_cat=0
split_feature=15 15 8 11 19 23 9 3 6 0 9 11 8 15 6 12 11 15 9 26 26 26 0 26 8 23 9 6 21 13
split_gain=280873 413612 635834 400840 784531 530122 951179 589233 494770 319611 919278 635935 1.63028e+06 1.13972e+06 749526 504901 466638 799277 480438 455447 661679 491269 299649 382051 425143 284982 380810 521459 288273 265842
threshold=0.96592582628906831 0.9159756150367534 1928.6294953818244 478.87360381594812 -0.5 7.8633765000000002 2345.2743751583434 1.6073739134340836 27396.050000000007 0.47225895453051486 133.87200642658311 435.62761669301636 1273.3079118111889 -0.37940952255126009 25539.136666666669 31934.000000000004 412.5423184596591 -0.70710678118654757 3199.5985812441477 19.249950000000002 16.517650000000007 24.444700000000001 0.44072558017973784 18.160600000000006 2475.030458788719 10.487256750000002 745.17466128347871 32234.375833333335 1.0000000180025095e-35 35241.895000000011
decision_type=2 2 2 2 2 2 2 2 2 2 2 2 2 2 2 2 2 2 2 2 2 2 2 2 2 2 2 2 2 2
left_child=1 9 25 -2 -5 6 7 -6 -8 10 15 19 14 -14 -13 -1 18 -18 -12 20 -11 -21 23 -4 -25 26 -3 -28 -27 -24
right_child=3 2 22 4 5 -7 8 -9 -10 11 16 12 13 -15 -16 -17 17 -19 -20 21 -22 -23 29 24 -26 28 27 -29 -30 -31
leaf_value=0.7013612995756433 0.30876616365756487 -0.032099005723116449 -5.3776276626238015 8.6054915749749465 -0.69330074745312076 6.4018187548663166 -9.4265505194664012 7.1080902673981416 -0.41423182385308399 -0.22588097890427783 0.003934547449926158 -0.57087813980892732 -8.2920170742978332 -2.1748735951763365 4.1518372458542965 8.0463391274213798 -0.43591359792170836 1.4678573783399489 -4.5942134976387026 -1.8133308161738235 1.1034780240581388 1.36926298503081 -9.611765938252212 5.8651807241439826 -3.3000696952526383 0.38957770742770093 -4.034852451262295 -0.4044634555028454 6.063811254501343 -2.1241171428135464
leaf_weight=42 2332 505 36 38 52 32 27 39 30 4523 16885 238 88 461 124 51 888 1441 52 648 1175 145 31 20 21 223 181 214 20 23
leaf_count=42 2332 505 36 38 52 32 27 39 30 4523 16885 238 88 461 124 51 888 1441 52 648 1175 145 31 20 21 223 181 214 20 23
internal_value=0.00128876 -0.0444403 -0.922842 0.503162 2.52889 1.04788 -0.280784 2.84571 -5.09996 -0.00245615 0.104392 -0.281792 -1.5151 -3.22148 1.08124 4.93479 0.0797979 0.742588 -0.0115314 -0.107659 0.0489681 -1.2264 -4.15628 -1.94701 1.32125 -0.535724 -0.945338 -2.09778 0.969633 -6.87371
internal_weight=30585 28035 1274 2550 218 180 148 91 57 26761 19359 7402 911 549 362 93 19266 2329 16937 6491 5698 793 131 77 41 1143 900 395 243 54
internal_count=30585 28035 1274 2550 218 180 148 91 57 26761 19359 7402 911 549 362 93 19266 2329 16937 6491 5698 793 131 77 41 1143 900 395 243 54
is_linear=0
shrinkage=0.05


Tree=144
num_leaves=28
num_cat=0
split_feature=10 15 4 15 22 12 5 23 8 26 4 10 26 10 8 8 23 5 5 23 6 23 17 8 5 7 6
split_gain=272802 271392 324362 374433 420547 318243 415009 312800 629031 288454 287378 252935 251541 247924 574953 367812 191175 190407 169767 107613 137672 104054 90963.7 123996 64796.2 64375.2 46379.1
threshold=117.31523253839474 -0.9829629131445341 1.7503628991891083 0.9159756150367534 5.5000000000000009 46979.000000000007 397.00500000000017 6.7407712000000011 2148.5964702371089 18.583150000000003 2.6050496261871845 2199.5145717372438 17.936000000000003 2887.9072378709611 3005.0980100075335 3302.9503335992745 8.9836310000000008 485.01000000000005 199.00000000000009 4.5945386500000014 39613.970000000008 5.5372485000000013 1.0000000180025095e-35 158.91771680779286 -0.99500000000000444 78.009233715212986 21311.244166666671
decision_type=2 2 2 2 2 2 2 2 2 2 2 2 2 2 2 2 2 2 2 2 2 2 2 2 2 2 2
left_child=22 7 5 4 17 13 12 11 9 18 -6 19 -7 15 -15 -3 -11 -4 -9 25 -21 -5 -1 24 26 -2 -24
right_child=1 2 3 21 10 6 -8 8 -10 16 -12 -13 -14 14 -16 -17 -18 -19 -20 20 -22 -23 23 -25 -26 -27 -28
leaf_value=0.31798860311508181 0.023531254741453358 -0.016570252094380709 0.050352544112587876 2.3960855282269993 -0.086991976325710624 0.18233645322783865 5.9898241128433831 -0.80975578722829988 -7.2190348290261772 -0.60098706401627644 -6.7573836528337923 4.8534091639518735 3.3527952037280118 5.240235035661339 -1.7447960100927444 3.3167830248913135 -4.493081024113823 2.7944031706277066 1.4979902383911869 -1.2373917668316905 2.0478803533774155 8.0613995742797862 -1.700234789458605 -5.4469875580923901 -3.3351140681902574 1.9221476683643222 1.3191366539001466
leaf_weight=25 88 28216 101 21 43 304 39 604 37 53 21 25 74 64 48 78 80 165 87 176 34 20 21 30 25 86 20
leaf_count=25 88 28216 101 21 43 304 39 604 37 53 21 25 74 64 48 78 80 165 87 176 34 20 21 30 25 86 20
internal_value=0.00120815 0.0108108 0.0419906 1.50107 0.89692 0.022951 1.38594 -0.703246 -1.2418 -0.931418 -2.6075 0.431656 0.838806 0.00270022 2.29959 -0.0067948 -3.02043 1.77283 -0.510454 0.0849698 -0.670003 5.73659 -2.32052 -2.98986 -1.56734 0.989686 -0.242993
internal_weight=30585 30464 29194 371 330 28823 417 1270 861 824 64 409 378 28406 112 28294 133 266 691 384 210 41 121 96 66 174 41
internal_count=30585 30464 29194 371 330 28823 417 1270 861 824 64 409 378 28406 112 28294 133 266 691 384 210 41 121 96 66 174 41
is_linear=0
shrinkage=0.05


Tree=145
num_leaves=31
num_cat=0
split_feature=4 12 9 10 9 23 0 9 23 13 9 11 11 10 5 5 26 23 9 9 13 10 17 11 6 6 13 9 19 5
split_gain=262702 429879 1.39626e+06 383085 569655 867383 653322 747746 701156 566191 487985 743468 616666 563316 511839 346484 483873 1.03838e+06 560694 374534 460672 421992 311715 601555 1.10302e+06 1.00414e+06 771835 383819 370025 320633
threshold=1.0666667407409056 26038.500000000004 1133.1627061669908 1627.9255476811095 2895.5032941072968 9.1535640000000011 0.46247628993629081 1279.3207320068495 11.206333500000001 34908.720000000008 1279.3207320068495 924.74512740195235 668.06494927022538 1512.4994410164497 350.00000000000017 146.99499999999992 18.576600000000003 11.625353250000002 2273.1114059773076 1543.9451096952896 41349.560000000005 1611.6507858416676 0.81174490092936691 412.5423184596591 25651.764166666671 36036.051666666674 26877.145000000004 2111.7118711774119 -0.9330127018922193 -1504.4999999999998
decision_type=2 2 2 2 2 2 2 2 2 2 2 2 2 2 2 2 2 2 2 2 2 2 2 2 2 2 2 2 2 2
left_child=15 2 -2 10 6 9 7 -5 -8 -6 13 12 -12 -3 -15 22 17 -17 -19 -18 21 -21 29 27 26 -26 -25 28 -24 -1
right_child=1 3 -4 4 5 -7 8 -9 -10 -11 11 -13 -14 14 -16 16 19 18 -20 20 -22 -23 23 24 25 -27 -28 -29 -30 -31
leaf_value=-2.6795329490661626 0.9741713958726802 0.070892656111806715 12.412952582589512 5.5774219253421888 -3.6802458473864728 -4.435202882214198 0.29426164733048032 1.2970817621687949 -5.1239708501559038 4.155172220526917 -1.1148544526515223 5.8124630799164647 -7.21597735231573 -0.40315352848597935 8.0823264655612768 3.0950708842739978 0.45037177508732057 -8.4515308076143274 1.3542618861565225 0.19565965718236464 2.0237260227203371 -7.1312679404137187 2.1029871140043213 -8.7910670634678425 5.4811126725774422 0.1848753621056676 0.81674094633622607 -2.7766565499542 0.028807858544032467 -0.13772044175108719
leaf_weight=120 350 6510 24 108 29 121 729 1136 60 69 792 32 39 30 37 111 48 35 21 24 20 97 233 30 208 155 50 106 2229 17032
leaf_count=120 350 6510 24 108 29 121 729 1136 60 69 792 32 39 30 37 111 48 35 21 24 20 97 233 30 208 155 50 106 2229 17032
internal_value=0.00122904 0.210387 1.86242 0.145705 0.716291 -1.68072 0.978017 1.68957 -0.14738 1.76995 -0.027363 -1.14168 -1.44269 0.119601 4.51802 -0.101401 -1.63677 0.326615 -4.96394 -3.33558 -4.59604 -5.7275 -0.0738911 0.39491 2.08558 3.25301 -3.09078 0.0997508 0.22899 -0.156282
internal_weight=30585 10066 374 9692 2252 219 2033 1244 789 98 7440 863 831 6577 67 20519 356 167 56 189 141 121 20163 3011 443 363 80 2568 2462 17152
internal_count=30585 10066 374 9692 2252 219 2033 1244 789 98 7440 863 831 6577 67 20519 356 167 56 189 141 121 20163 3011 443 363 80 2568 2462 17152
is_linear=0
shrinkage=0.05


Tree=146
num_leaves=31
num_cat=0
split_feature=1 10 15 10 8 17 11 9 7 19 5 5 26 13 8 15 10 22 26 0 5 15 7 11 0 15 5 11 11 7
split_gain=266663 383701 915160 366481 646419 375869 1.20637e+06 1.69766e+06 864961 818284 572729 435551 982262 940231 592774 900529 754057 475840 349212 369669 301907 333773 298778 395878 748002 385914 251052 311418 240785 227928
threshold=0.034612725495734666 2887.9072378709611 -0.12940952255126034 396.14241203056298 535.37981905800996 -0.56174490092936669 815.9462725892173 2863.635411009132 926.39038297204081 0.93301270189221952 120.40000000000002 199.99000000000015 18.780750000000005 32934.875000000007 1497.2305521121959 -0.5 1292.0954870900734 5.5000000000000009 6.7590000000000012 0.40772911159131897 -584.00499999999988 -0.12940952255126034 668.18643537312937 163.08004047265794 0.45366336749553832 -0.78656609248549325 90.015000000000001 166.58298208208168 295.04571564515408 430.44667324903764
decision_type=2 2 2 2 2 2 2 2 2 2 2 2 2 2 2 2 2 2 2 2 2 2 2 2 2 2 2 2 2 2
left_child=1 20 -3 4 18 6 8 10 9 -5 -8 14 13 -13 16 -16 -7 -14 19 -2 21 28 23 -22 -25 -24 -20 -28 -1 -23
right_child=3 2 -4 5 -6 11 7 -9 -10 -11 -12 12 17 -15 15 -17 -18 -19 26 -21 22 29 25 24 -26 -27 27 -29 -30 -31
leaf_value=0.13610910058021547 0.060443217861652382 -1.7928673061164648 9.672327463967461 -0.12825625269717797 -6.7915378304414977 0.031144988901813803 -4.8650969085693365 1.2654894167726691 8.6742895232306587 -2.2179297058471645 -17.907635457699115 3.0898572194971026 0.00063600985007686219 0.60751196508958083 -2.0580597359260948 -0.057345361843225022 1.4998080784006742 -2.6606357797878708 -0.3035426619391956 -2.3604989761885786 0.078931919553805685 -1.0616175894540818 -6.7581606977126176 1.7520913775591263 -0.35628812163178603 0.24077429935043934 0.37834625259622356 6.2739598621021626 -4.7883571140198828 4.9515063049793246
leaf_weight=35 245 32 30 5896 38 9757 20 39 22 504 21 548 710 1241 808 1826 955 215 1154 436 3943 39 29 1133 665 46 72 28 78 20
leaf_count=35 245 32 30 5896 38 9757 20 39 22 504 21 548 710 1241 808 1826 955 215 1154 436 3943 39 29 1133 665 46 72 28 78 20
internal_value=0.00118826 0.298361 4.06187 -0.0721343 -0.724716 -0.0149173 -0.335509 -6.25346 -0.256972 -0.294429 -12.7669 0.114937 0.691731 1.37442 -0.00256901 -0.673836 0.162723 -0.628855 -0.588351 -1.49536 0.256029 -1.77889 0.317693 0.359692 0.973443 -2.7181 -0.0917654 2.24975 -3.32152 1.20354
internal_weight=30585 6050 62 24535 1973 22562 6502 80 6422 6400 41 16060 2714 1789 13346 2634 10712 925 1935 681 5988 172 5816 5741 1798 75 1254 100 113 59
internal_count=30585 6050 62 24535 1973 22562 6502 80 6422 6400 41 16060 2714 1789 13346 2634 10712 925 1935 681 5988 172 5816 5741 1798 75 1254 100 113 59
is_linear=0
shrinkage=0.05


Tree=147
num_leaves=29
num_cat=0
split_feature=6 12 10 9 9 10 0 14 0 7 8 7 5 9 13 7 12 10 9 7 1 10 8 26 13 23 10 4
split_gain=259878 248453 576814 341459 335089 433870 312773 275917 645486 816552 801627 377615 370658 537937 932060 431195 1.40924e+06 406015 363834 323001 294619 248621 695752 618981 110575 69101.7 83357.9 86694
threshold=19085.017500000005 44332.500000000007 2665.9354191262587 2803.4179486041867 2762.2196417614418 2228.4778661858099 0.28982277757773672 -0.70710678118654735 0.45924321943375285 355.91680734720831 1658.6664974867074 329.67426219371572 -1227.9999999999998 1468.1825736499293 28058.465 777.36461542940708 38438.500000000007 1004.4144452709654 2131.9594740145162 995.43244380087151 0.16073202496419656 1808.0779705241741 2055.8953207150594 17.817300000000007 44026.395000000011 4.9261810000000006 350.88915254418993 0.29372940141148868
decision_type=2 2 2 2 2 2 2 2 2 2 2 2 2 2 2 2 2 2 2 2 2 2 2 2 2 2 2 2
left_child=25 7 4 -4 21 6 -6 8 19 11 -11 -10 13 17 -15 18 -17 -9 -14 20 -2 22 -3 -23 -7 -1 27 -27
right_child=1 2 3 -5 5 24 -8 12 9 10 -12 -13 15 14 -16 16 -18 -19 -20 -21 -22 23 -24 -25 -26 26 -28 -29
leaf_value=-0.01775062084197998 0.20804528640923878 0.45480136551583811 8.3743027345554264 1.0600846661461725 -0.44889238452911373 2.6010021513158623 -8.4943913951064598 -0.83398740068078048 1.2592937635021262 1.2713297801358361 10.282015899583406 -4.512911567687989 -0.066913731287845835 8.2405100822448727 -1.9401253135975249 -0.12006120333031044 6.5773637141996222 -8.8654560225350529 -0.90296671893153668 -4.7694411642411181 -1.1293407318734341 5.093799021338473 -7.6719197220272495 0.45549626741630234 -1.0386853707464119 -1.862467286771252 -0.56935979638780865 -5.8290371142327793
leaf_weight=27 6029 1075 32 31 20 28 28 27 554 51 46 25 19591 21 162 330 98 37 1389 29 437 96 22 254 52 37 30 27
leaf_count=27 6029 1075 32 31 20 28 28 27 554 51 46 25 19591 21 162 330 98 37 1389 29 437 96 22 254 52 37 30 27
internal_value=0.00100303 0.0103755 0.608426 5.11856 0.412362 -1.99217 -5.50165 -0.0237058 0.245004 1.70952 5.83948 0.973472 -0.112727 -2.01918 -0.583498 -0.0902619 1.47159 -5.78387 -0.12247 0.0913716 0.116849 0.631226 0.257707 1.78168 0.312682 -2.26507 -2.87657 -3.83772
internal_weight=30585 30464 1638 63 1575 128 48 28826 7171 676 97 579 21655 247 183 21408 428 64 20980 6495 6466 1447 1097 350 80 121 94 64
internal_count=30585 30464 1638 63 1575 128 48 28826 7171 676 97 579 21655 247 183 21408 428 64 20980 6495 6466 1447 1097 350 80 121 94 64
is_linear=0
shrinkage=0.05


Tree=148
num_leaves=31
num_cat=0
split_feature=15 15 8 10 8 6 10 7 23 4 18 7 26 10 7 17 8 17 15 14 15 16 19 18 15 16 26 26 26 7
split_gain=256771 374721 581143 372783 447769 630846 358534 331791 304721 294338 275036 353758 477556 274175 499610 250228 243625 232830 1.12502e+06 1.01697e+06 401346 1.74798e+06 1.22686e+06 345567 217492 315602 246521 205622 276585 269411
threshold=0.96592582628906831 0.9159756150367534 1928.6294953818244 1962.7455307003709 981.74367409555771 28202.850833333338 2548.6437464042765 631.16248673136681 5.4516483000000013 1.1636545937468423 0.93301270189221952 333.99930859017695 18.598000000000003 414.99062941339594 442.0306932588071 -0.56174490092936669 1720.0260074008504 0.81174490092936691 -0.12940952255126034 0.60355339059327384 -0.12940952255126034 -0.60785761079279388 1.0000000180025095e-35 -0.5 0.1294095225512602 -0.60785761079279388 14.773400000000001 19.406600000000001 18.589750000000006 649.02696317211291
decision_type=2 2 2 2 2 2 2 2 2 2 2 2 2 2 2 2 2 2 2 2 2 2 2 2 2 2 2 2 2 2
left_child=1 13 3 4 -3 -6 9 15 -8 27 11 -11 -13 14 24 -4 -5 20 19 -19 22 -22 -15 -20 25 -1 -26 28 29 -2
right_child=6 2 7 16 5 -7 8 -9 -10 10 -12 12 -14 17 -16 -17 -18 18 23 -21 21 -23 -24 -25 26 -27 -28 -29 -30 -31
leaf_value=-1.5358359614312853 0.16162989890988522 -0.12287494053132833 -1.3895983370338998 -0.780250804240887 -9.3222458855311086 -1.5838643674306043 -0.8379921966791154 1.3763992627461752 4.5131059612431805 1.1617357035250178 -1.6011731643676759 9.3345556299937407 1.3102295674218072 -0.75778428293907085 -7.104948657538209 -6.668270622155605 5.7633661997945689 0.64842680693539079 -1.6501321333934884 3.5566412864196764 1.2045677744043672 -0.22685173715765022 0.3066412213094144 -0.012837639378664481 0.29259276306583237 -0.19454868013047585 -3.9131847514046565 2.20751411778885 -1.5924338149018267 5.3893871421813966
leaf_weight=722 1785 815 36 21 25 249 35 22 90 164 45 33 40 5323 23 73 33 1242 476 393 3107 6774 5499 977 1084 1110 31 109 229 20
leaf_count=722 1785 815 36 21 25 249 35 22 90 164 45 33 40 5323 23 73 33 1242 476 393 3107 6774 5499 977 1084 1110 31 109 229 20
internal_value=0.000926273 -0.0427967 -0.878883 -0.508802 -0.715563 -2.44451 0.480784 -3.97012 3.03981 0.342871 1.84668 2.5211 5.30415 -0.00283484 -0.45538 -5.06271 3.36731 0.0537413 0.458377 1.35621 -0.0067068 0.223623 -0.21702 -0.553066 -0.39152 -0.725925 0.158669 0.141122 0.0252196 0.234311
internal_weight=30585 28035 1274 1143 1089 274 2550 131 125 2425 282 237 73 26761 2970 109 54 23791 3088 1635 20703 9881 10822 1453 2947 1832 1115 2143 2034 1805
internal_count=30585 28035 1274 1143 1089 274 2550 131 125 2425 282 237 73 26761 2970 109 54 23791 3088 1635 20703 9881 10822 1453 2947 1832 1115 2143 2034 1805
is_linear=0
shrinkage=0.05


Tree=149
num_leaves=31
num_cat=0
split_feature=10 26 3 6 24 26 15 9 7 9 7 7 9 9 15 16 14 6 1 3 15 3 15 24 24 12 1 7 3 6
split_gain=242631 790226 1.09891e+06 649251 778896 574584 561087 584489 541067 371717 674418 558832 341358 565384 1.59431e+06 723285 971408 890239 688148 873839 456506 432216 1.52996e+06 346112 328090 464977 320691 1.07591e+06 671757 285741
threshold=2631.610696155893 18.565850000000001 1.751675890789637 27879.015833333335 8.9606320000000022 18.559050000000003 0.1294095225512602 2863.635411009132 364.41296759475995 2567.8214038401825 346.23398046182007 614.42196075951949 3199.5985812441477 2895.5032941072968 1.0000000180025095e-35 -0.60785761079279388 -0.9159756150367534 36152.1175 0.07815191598035949 2.2416948270893884 0.60355339059327384 2.4674322294762998 -0.70710678118654757 12.820951500000001 8.2516140000000018 39957.500000000007 0.16073202496419656 5.3583119206558498 2.4128089683941547 33913.65083333334
decision_type=2 2 2 2 2 2 2 2 2 2 2 2 2 2 2 2 2 2 2 2 2 2 2 2 2 2 2 2 2 2
left_child=12 2 24 -3 -5 9 7 -6 -7 10 -4 -11 13 21 15 16 -15 -17 20 -20 -16 26 -23 -24 25 -2 28 -28 -1 -8
right_child=1 3 5 4 6 8 29 -9 -10 11 -12 -13 -14 14 18 17 -18 -19 19 -21 -22 22 23 -25 -26 -27 27 -29 -30 -31
leaf_value=0.043795495091805338 -1.5627843330646385 -7.3816469462294325 -4.906200441820868 -8.8554757347106925 5.3840082990972302 11.239131874084473 -4.0136620380661707 -0.77510908796237077 0.68616195678710934 0.062900630146070252 3.4428744364084687 -6.9863850893512849 2.6942861066045971 2.1049343493249681 1.0895761402285828 3.9838546789867779 -9.0169441436199431 -0.93565856932968128 -4.5594203135062905 -15.831652973544212 -6.522102125953225 -5.5651672057807451 7.6142375536454026 0.30500107499269341 9.5661263241487386 7.8225294113159185 4.4009154493419027 -0.8017546734991976 -6.2846545673552017 0.85591026819669291
leaf_weight=26373 24 33 24 20 74 20 72 73 25 301 154 26 110 31 44 137 42 257 53 26 29 35 73 21 46 21 99 2258 37 47
leaf_count=26373 24 33 24 20 74 20 72 73 25 301 154 26 110 31 44 137 42 257 53 26 29 35 73 21 46 21 99 2258 37 47
internal_value=0.000862732 0.78109 1.78856 -1.23952 -0.415991 0.917874 0.37005 2.40019 6.03226 0.407366 2.21359 -0.594218 -0.0245464 -0.0351356 -1.52419 -0.0580592 -4.46114 0.803295 -5.88306 -8.9914 -2.15785 -0.00297774 2.8301 6.0797 6.72852 3.1603 -0.0161735 -0.574355 0.0337396 -2.13302
internal_weight=30585 960 641 319 286 550 266 147 45 505 178 327 29625 29515 619 467 73 394 152 79 73 28896 129 94 91 45 28767 2357 26410 119
internal_count=30585 960 641 319 286 550 266 147 45 505 178 327 29625 29515 619 467 73 394 152 79 73 28896 129 94 91 45 28767 2357 26410 119
is_linear=0
shrinkage=0.05


Tree=150
num_leaves=31
num_cat=0
split_feature=12 11 10 26 26 26 10 2 11 26 1 11 9 3 14 10 8 2 10 9 10 8 20 12 3 13 4 8 14 4
split_gain=239615 521984 507129 547742 485474 823428 483425 554908 369428 283270 274264 541723 415110 1.00366e+06 493152 341474 703451 646918 310499 498791 1.02348e+06 752426 431009 370147 372164 327393 285724 273871 231618 228236
threshold=44332.500000000007 478.87360381594812 2665.9354191262587 18.216350000000002 17.817300000000007 17.347400000000004 2199.5145717372438 0.73080538361714864 325.07324323628023 16.997900000000005 0.055680606748290042 777.22274205627548 2895.5032941072968 2.2182014127490191 -0.5 2548.6437464042765 2803.4179486041867 0.49192910027953335 350.88915254418993 221.66253622007531 1004.4144452709654 1456.0179500695344 1.0000000180025095e-35 23865.000000000004 0.87297218027408441 29220.215 2.6050496261871845 942.61101605018291 0.78656609248549325 1.1196685235576567
decision_type=2 2 2 2 2 2 2 2 2 2 2 2 2 2 2 2 2 2 2 2 2 2 2 2 2 2 2 2 2 2
left_child=10 2 4 -4 5 9 7 -6 -7 -2 11 12 15 14 -14 16 -1 -17 22 20 25 -22 26 27 -25 -20 -12 -21 -15 -13
right_child=1 -3 3 -5 6 8 -8 -9 -10 -11 18 29 13 28 -16 17 -18 -19 19 23 21 -23 -24 24 -26 -27 -28 -29 -30 -31
leaf_value=0.1666708193208809 0.4509524588239866 4.2273689808384063 10.35199217429528 0.43529506391949124 -4.7354236443265734 0.067081303637603229 0.39026540519453545 2.1421624840834204 7.3731285134478233 -4.0613389380069247 -0.54462476876109556 8.667497515449158 0.41749723635870839 -0.45715037158224736 -7.705737127421739 -2.7600809933543204 -5.8388278382165097 2.3251709480928708 2.2939598575551461 1.1871391054920175 8.3029781818389896 0.52831630881490377 -2.5870661752471169 0.040246212353190758 -0.44241649452406578 -2.9038780833112785 4.2204534024903273 6.9348315370493925 3.9352267075987424 1.3652677244610256
leaf_weight=10103 1041 88 21 31 134 24 176 34 58 31 679 21 24 251 72 70 44 388 42 83 73 53 297 9851 6711 82 28 24 29 22
leaf_count=10103 1041 88 21 31 134 24 176 34 58 31 679 21 24 251 72 70 44 388 42 83 73 53 297 9851 6711 82 28 24 29 22
internal_value=0.000634057 0.58802 0.368438 4.99776 0.191616 0.68334 -1.44396 -3.32156 5.3621 0.302171 -0.0326979 0.163496 0.140258 -1.48141 -5.7543 0.19843 0.137762 1.52643 -0.153386 -0.102536 2.09217 5.17805 -1.00549 -0.136073 -0.155402 -1.12226 -0.327526 2.72882 0.0586569 5.4639
internal_weight=30585 1638 1550 52 1498 1154 344 168 82 1072 28947 11024 10981 376 96 10605 10147 458 17923 16919 250 126 1004 16669 16562 124 707 107 280 43
internal_count=30585 1638 1550 52 1498 1154 344 168 82 1072 28947 11024 10981 376 96 10605 10147 458 17923 16919 250 126 1004 16669 16562 124 707 107 280 43
is_linear=0
shrinkage=0.05


Tree=151
num_leaves=31
num_cat=0
split_feature=15 14 14 11 12 1 11 11 8 23 4 9 16 12 11 15 9 11 5 15 8 7 1 11 10 9 11 9 23 1
split_gain=241725 346679 725573 1.40777e+06 1.37687e+06 2.30989e+06 1.56731e+06 1.19103e+06 1.16368e+06 964412 767707 678399 616318 576774 885401 807779 547919 503212 553855 538922 500106 458643 687669 493982 429849 382490 339933 622678 1.01073e+06 967042
threshold=0.96592582628906831 -0.37940952255126059 0.25881904510252091 346.17131145310685 33983.500000000007 0.16412451633533634 614.20424327994806 351.01163321540656 1273.3079118111889 9.1535640000000011 1.1922634221266948 2895.5032941072968 -0.8783796973249266 29994.500000000004 252.26299266618435 -0.12940952255126034 1274.0841273047001 924.74512740195235 300.00000000000017 0.1294095225512602 535.37981905800996 926.39038297204081 0.11573843638251087 777.22274205627548 204.24844262178686 2055.8953207150594 488.30152107479847 2084.4454757204603 7.8633765000000002 0.13522422607677229
decision_type=2 2 2 2 2 2 2 2 2 2 2 2 2 2 2 2 2 2 2 2 2 2 2 2 2 2 2 2 2 2
left_child=1 13 3 -3 6 9 11 -7 -8 -6 12 -4 -5 14 24 20 -17 21 19 -19 -16 23 -23 -15 -1 -12 -2 -28 29 -29
right_child=26 2 4 10 5 7 8 -9 -10 -11 25 -13 -14 17 15 16 -18 18 -20 -21 -22 22 -24 -25 -26 -27 27 28 -30 -31
leaf_value=-2.4294165517126816 0.29140298980038509 -0.33605109657824384 -0.20747519032164605 0.27220978374066562 1.1419983282638428 1.0345892748334906 -0.53628267964923571 8.64208492529926 -5.9593577694670063 -0.35633526805041199 2.3246796568589554 -8.0048521246228912 -4.2795992310183673 0.049611268781485474 5.6415794089988429 3.4070822264466969 14.596277393833285 10.327571935911436 -1.4901287262638412 0.67720460891723633 -3.9959453874164157 1.0116704779702264 -9.0587481765186091 3.6158239955804792 1.489108131633651 -3.5365175613990196 4.7408404035016529 0.69436545009198403 6.4228401296279003 -11.281090191432408
leaf_weight=80 2341 3124 7811 87 2281 86 186 129 209 2022 93 23 484 10653 22 23 26 32 31 25 22 32 29 93 398 34 116 41 29 23
leaf_count=80 2341 3124 7811 87 2281 86 186 129 209 2022 93 23 484 10653 22 23 26 32 31 25 22 32 29 93 398 34 116 41 29 23
internal_value=0.000879299 -0.0415432 -0.187787 -0.791557 -0.00651199 0.694352 -0.391504 5.69199 -3.44446 0.438316 -2.81328 -0.235465 -3.58964 0.169772 1.71176 6.04454 10.1469 0.0882049 3.75045 6.49171 0.905758 0.0566585 -4.09872 0.0821466 0.814824 0.68064 0.466466 2.37448 -0.667889 -4.1142
internal_weight=30585 28035 16569 3822 12747 4518 8229 215 395 4303 698 7834 571 11466 571 93 49 10895 88 57 44 10807 61 10746 478 127 2550 209 93 64
internal_count=30585 28035 16569 3822 12747 4518 8229 215 395 4303 698 7834 571 11466 571 93 49 10895 88 57 44 10807 61 10746 478 127 2550 209 93 64
is_linear=0
shrinkage=0.05


Tree=152
num_leaves=31
num_cat=0
split_feature=5 1 11 15 26 26 23 13 12 9 8 11 22 0 11 23 11 15 8 15 22 11 6 6 13 12 15 23 11 1
split_gain=226103 373811 1.00021e+06 637850 991486 679837 1.21803e+06 631623 420027 1.22881e+06 943168 739150 567074 424226 682199 898037 657910 1.2069e+06 524889 323896 271182 543791 854992 859267 681888 622247 391535 1.0004e+06 751502 1.23608e+06
threshold=12.110000000000072 0.19305214367951343 230.36590789833886 -0.12940952255126034 17.347400000000004 18.852700000000002 7.6432585000000008 35155.155000000006 27871.500000000004 1133.1627061669908 968.67081498696814 544.86233109898774 1.0000000180025095e-35 0.47225895453051486 280.17707909155911 9.2080560000000009 277.40899900864594 -0.37940952255126009 1627.7543623828017 -0.37940952255126009 1.0000000180025095e-35 412.5423184596591 25651.764166666671 36036.051666666674 26877.145000000004 41735.500000000007 0.1294095225512602 6.7830116500000015 375.17067062483983 0.12244085274588928
decision_type=2 2 2 2 2 2 2 2 2 2 2 2 2 2 2 2 2 2 2 2 2 2 2 2 2 2 2 2 2 2
left_child=20 8 -3 4 -4 6 -5 -6 9 11 -11 19 -12 14 -10 -16 18 -18 -15 -2 21 -1 24 -24 -23 -25 -22 28 -28 -30
right_child=1 2 3 5 7 -7 -8 -9 13 10 12 -13 -14 16 15 -17 17 -19 -20 -21 26 22 23 25 -26 -27 27 -29 29 -31
leaf_value=0.0438538756652622 -0.85321333559901069 2.6230096669287466 -7.3890939128809965 -8.4297117089023104 8.5856367391698498 2.3907536072863471 -0.3054329295429965 -0.29164881014598992 0.061206694139219642 -1.4465729685390698 1.6632485721792496 -6.7838905580116036 11.274713769266683 -0.082134564327218704 2.3115708920281541 0.15313676339803739 -6.0945466743575203 -0.77400245789632349 3.7940811561501548 1.4779381014194566 -0.42992913889998702 -8.1218479268691119 5.0884113579412595 -2.5330130411732585 1.1131867759367999 3.8150714039802551 -0.22490179286148348 0.72318470666375889 -0.42567706824663809 -6.1070313798785207
leaf_weight=2406 199 117 24 114 29 31 76 48 6585 29 23 28 57 1719 873 1070 121 706 87 557 8212 29 202 88 46 61 3396 3240 267 145
leaf_count=2406 199 117 24 114 29 31 76 48 6585 29 23 28 57 1719 873 1070 121 706 87 557 8212 29 202 88 46 61 3396 3240 267 145
internal_value=0.000957508 0.16452 -1.26043 -2.69018 0.585571 -4.16729 -5.27141 3.37078 0.216922 1.25729 6.10895 0.54826 8.77239 0.133151 0.304422 1.1264 -0.421085 -1.58447 0.114525 0.862675 -0.111998 0.336953 1.97252 3.00429 -2.7415 0.105029 -0.195403 0.0779604 -0.471238 -2.47455
internal_weight=30585 12493 439 322 101 221 190 77 12054 893 109 784 80 11161 8528 1943 2633 827 1806 756 18092 2832 426 351 75 149 15260 7048 3808 412
internal_count=30585 12493 439 322 101 221 190 77 12054 893 109 784 80 11161 8528 1943 2633 827 1806 756 18092 2832 426 351 75 149 15260 7048 3808 412
is_linear=0
shrinkage=0.05


Tree=153
num_leaves=30
num_cat=0
split_feature=1 10 15 10 3 9 10 10 0 17 11 9 7 11 15 11 9 26 0 7 7 11 14 16 4 9 15 9 3
split_gain=215689 335528 812521 288946 432284 395832 784045 612628 319285 312132 1.08094e+06 1.46262e+06 782012 445271 1.23889e+06 891001 283460 295807 358578 248838 208708 187951 375534 180716 173336 173065 123942 95899.5 60672.4
threshold=0.034612725495734666 2887.9072378709611 -0.12940952255126034 414.99062941339594 0.57151467818965018 294.11983948178869 1004.4144452709654 1894.2783896509745 0.51558491325377398 -0.56174490092936669 815.9462725892173 2863.635411009132 926.39038297204081 412.5423184596591 -0.5 375.17067062483983 1873.4163097475914 6.7429000000000014 0.40772911159131897 739.3636290339058 2.0306872477245395 115.81790009076933 -0.5 -0.60785761079279388 2.6050496261871845 133.87200642658311 -0.37940952255126009 312.51673688218676 0.42857901579405422
decision_type=2 2 2 2 2 2 2 2 2 2 2 2 2 2 2 2 2 2 2 2 2 2 2 2 2 2 2 2 2
left_child=1 19 -3 4 16 6 23 8 -8 10 12 -12 -7 15 -15 -11 17 18 -2 20 26 27 -23 25 -19 -5 -1 -22 -25
right_child=3 2 -4 5 -6 9 7 -9 -10 13 11 -13 -14 14 -16 -17 -18 24 -20 -21 21 22 -24 28 -26 -27 -28 -29 -30
leaf_value=-4.107051522371381 0.061048624202420444 -1.7246447356971535 9.0748173706872119 -3.5860141609396252 -5.9152590287698281 -0.28915828468359173 6.5242900979929956 -3.2525860103277062 0.81215738583552222 0.057122287250987461 -11.974382001420727 1.0621906372633847 8.2393453598022468 -0.84496462223618929 1.4549150523598104 -1.9854805896901704 -5.391281092166901 -0.16275954993689348 -2.1368181618421556 -3.8601544354413009 0.97653077228523877 1.5922164158304506 0.22872849553107072 -0.046390096270121063 3.0111339750615036 -0.070347487474932816 -0.16390225416006043 -0.027774018873751818 2.33810773245746
leaf_weight=38 311 32 30 51 32 6183 111 21 33 11880 41 39 22 878 1737 554 24 1928 454 32 252 704 1763 47 39 94 38 3161 56
leaf_count=38 311 32 30 51 32 6183 111 21 33 11880 41 39 22 878 1737 554 24 1928 454 32 252 704 1763 47 39 94 38 3161 56
internal_value=0.000867187 0.268132 3.78741 -0.0650759 -0.543822 -0.0035867 1.5202 4.13596 5.28678 -0.033437 -0.329234 -5.92983 -0.252303 0.0901636 0.68256 -0.0346439 -0.470837 -0.417823 -1.24865 0.228555 0.253751 0.288251 0.620276 -0.267268 -0.0923298 -1.38554 -2.26791 0.0476846 1.2978
internal_weight=30585 6050 62 24535 2788 21747 413 165 144 21334 6285 80 6205 15049 2615 12434 2756 2732 765 5988 5956 5880 2467 248 1967 145 76 3413 103
internal_count=30585 6050 62 24535 2788 21747 413 165 144 21334 6285 80 6205 15049 2615 12434 2756 2732 765 5988 5956 5880 2467 248 1967 145 76 3413 103
is_linear=0
shrinkage=0.05


Tree=154
num_leaves=31
num_cat=0
split_feature=12 15 8 12 23 1 11 26 10 2 11 11 4 8 1 11 11 8 1 11 7 11 15 7 26 15 16 4 1 23
split_gain=227735 424118 757407 1.87405e+06 1.60305e+06 1.15809e+06 1.10568e+06 465160 576677 640243 527066 459054 407378 547022 562720 894630 489545 365207 341280 460727 315126 313721 689175 685241 567260 563027 600315 534528 407853 555330
threshold=43787.500000000007 -0.5 1154.2314971744211 30178.500000000004 9.3313510000000015 0.013995159570631138 595.13008241021805 19.502150000000004 730.97211729913704 0.48914893720669933 384.94467117176657 122.49747787530427 1.2548017191289624 1950.5840221573269 0.16234408796964592 408.82633411873377 648.80539728898964 3302.9503335992745 0.24704976018373964 560.65504025192899 197.70530116156621 351.01163321540656 -0.9159756150367534 430.44667324903764 17.936000000000003 -0.60355339059327384 0.6078576107927941 1.103822511888773 0.03544809761222794 13.961301000000002
decision_type=2 2 2 2 2 2 2 2 2 2 2 2 2 2 2 2 2 2 2 2 2 2 2 2 2 2 2 2 2 2
left_child=1 2 7 -4 6 -6 -5 8 11 -10 20 -1 17 14 15 -14 -16 18 19 -3 -9 -2 27 25 -25 -24 -27 28 -23 -30
right_child=21 12 3 4 5 -7 -8 10 9 -11 -12 -13 13 -15 16 -17 -18 -19 -20 -21 -22 22 23 24 -26 26 -28 -29 29 -31
leaf_value=0.067636947198895306 0.16605892059738225 -0.023888315405424632 -10.541713924033971 -0.43052306035158838 4.7933929053636701 -2.9272050348791492 3.3165517060296694 -2.3419705497884307 6.8609613388142696 0.87827307029612478 -7.3531670699248437 -1.2888855979553853 0.53491406352758553 7.5573888071121722 0.10770378295170224 4.3823395138915213 -5.5324137064359959 3.0191384608839074 -3.1418986832394324 1.1139344913934695 0.54245036537217539 2.5653737068176272 7.3899636564254765 -4.8744833234606721 2.0425301604181807 -0.63677009914658578 7.3247375140871327 3.5749580953179336 0.24827312921222888 -8.0379546343111539
leaf_weight=3964 1519 17613 46 1362 47 873 225 209 42 1003 32 735 797 26 110 182 54 97 80 932 167 21 95 36 102 71 30 36 33 46
leaf_count=3964 1519 17613 46 1362 47 873 225 209 42 1003 32 735 797 26 110 182 54 97 80 932 167 21 95 36 102 71 30 36 33 46
internal_value=0.000740824 -0.0352767 -0.326249 -1.04933 -0.854498 -2.50895 0.109442 -0.0255656 0.0908837 1.1503 -1.64636 -0.145679 0.0921107 0.995614 0.814044 1.26885 -1.85785 0.0354426 0.0190945 0.0335764 -1.07042 0.517382 1.63902 2.84857 0.130398 4.71128 1.96152 -1.3268 -3.17811 -4.76728
internal_weight=30585 28596 8705 2553 2507 920 1587 6152 5744 1045 408 4699 19891 1169 1143 979 164 18722 18625 18545 376 1989 470 334 138 196 101 136 100 79
internal_count=30585 28596 8705 2553 2507 920 1587 6152 5744 1045 408 4699 19891 1169 1143 979 164 18722 18625 18545 376 1989 470 334 138 196 101 136 100 79
is_linear=0
shrinkage=0.05


Tree=155
num_leaves=31
num_cat=0
split_feature=9 9 11 14 24 1 11 5 10 11 10 11 7 24 0 4 11 15 0 24 7 3 13 15 9 4 11 24 3 7
split_gain=237382 753446 1.60718e+06 468434 775442 955688 767272 679129 798069 589155 459236 764297 884375 872780 714775 1.00135e+06 873346 674832 837325 778167 636886 717375 936626 610173 609554 428691 406931 339185 311703 298374
threshold=2895.5032941072968 2921.6531414937131 472.37178621456525 0.60355339059327384 10.084657000000002 0.15926292198568234 866.73822657055348 298.97000000000008 2500.8674186857966 739.19286622200468 1827.0680963295231 924.74512740195235 709.52667636726585 11.304636500000003 0.40675408621581371 1.0672161339547361 631.09926442692938 0.37940952255126043 0.38684865437318672 11.491747500000001 995.43244380087151 1.9881257766337264 38247.820000000007 0.37940952255126043 2345.2743751583434 1.1447861042918688 866.73822657055348 8.9606320000000022 1.342247683271232 709.52667636726585
decision_type=2 2 2 2 2 2 2 2 2 2 2 2 2 2 2 2 2 2 2 2 2 2 2 2 2 2 2 2 2 2
left_child=10 2 -2 4 7 6 -6 8 -3 27 20 12 14 -13 15 -12 -16 18 -14 -19 21 24 23 -23 28 -9 -26 -5 -1 -29
right_child=1 3 -4 9 5 -7 -8 25 -10 -11 11 13 17 -15 16 -17 -18 19 -20 -21 -22 22 -24 -25 26 -27 -28 29 -30 -31
leaf_value=0.01048757127854247 -0.42260822884061122 5.2770258154070708 -12.650886716842653 -4.1465453101742655 -2.462563353194934 -11.424419362204416 6.0903697585237442 -4.6768737247357004 -0.030597221541807846 7.572504174081903 0.28997307520128729 -9.7285310795432647 1.4369389591545896 1.9692664867639544 0.11437996202275447 3.0110015763740732 -3.2866449124689376 5.968508415955764 8.4743977151891254 -1.2509241823863269 -6.9912140817353219 -5.4189311557345921 10.819579938479833 5.4222521896362306 -4.6554514296095943 2.875626250413748 1.3347451838850977 3.0974104873360471 -0.69112548321575584 -2.4803399663982972
leaf_weight=23759 83 104 35 26 292 23 24 73 202 33 1027 33 82 25 1719 500 207 47 88 128 28 22 30 20 111 21 35 89 1691 28
leaf_count=23759 83 104 35 26 292 23 24 73 202 33 1027 33 82 25 1719 500 207 47 88 128 28 22 30 20 111 21 35 89 1691 28
internal_value=0.000780733 -0.742408 -4.41687 -0.247059 -0.800823 -2.54257 -1.72807 0.688351 1.82898 2.03573 0.026882 0.535327 0.625165 -4.92946 0.381805 1.1879 -0.258689 3.02049 5.21819 0.799664 -0.0495037 -0.0405692 4.77832 -0.227762 -0.055057 -2.92909 -3.22247 0.545017 -0.036255 1.71521
internal_weight=30585 1033 118 915 739 339 316 400 306 176 29552 3856 3798 58 3453 1527 1926 345 170 175 25696 25668 72 42 25596 94 146 143 25450 117
internal_count=30585 1033 118 915 739 339 316 400 306 176 29552 3856 3798 58 3453 1527 1926 345 170 175 25696 25668 72 42 25596 94 146 143 25450 117
is_linear=0
shrinkage=0.05


Tree=156
num_leaves=31
num_cat=0
split_feature=19 15 11 4 11 4 23 13 8 9 7 17 7 10 26 14 23 15 10 9 26 26 7 8 4 6 9 26 14 9
split_gain=236656 1.56394e+06 3.66359e+06 1.42848e+06 1.07749e+06 1.93307e+06 790750 704480 704273 604998 502526 434222 830314 609779 429594 410576 404654 789421 1.44796e+06 1.70441e+06 1.2934e+06 1.59346e+06 1.55025e+06 1.07822e+06 1.03597e+06 855571 781640 739668 1.25204e+06 699194
threshold=-0.68301270189221952 0.25881904510252057 472.37178621456525 0.53013352905635491 520.41605753204374 0.45964085826965484 13.170073500000003 26636.750000000004 1308.4361375932579 2055.8953207150594 595.16997336795305 0.81174490092936691 186.95650351905019 2199.5145717372438 17.594350000000002 0.37940952255126054 9.089140500000001 0.37940952255126043 1894.2783896509745 2055.8953207150594 18.576600000000003 18.596550000000004 668.18643537312937 1845.9241844862479 1.0666667407409056 24862.843333333334 1083.9811639138104 18.567550000000004 -0.70710678118654735 1523.002253024885
decision_type=2 2 2 2 2 2 2 2 2 2 2 2 2 2 2 2 2 2 2 2 2 2 2 2 2 2 2 2 2 2
left_child=1 4 11 -4 6 7 9 -6 15 10 -1 12 -3 -14 -5 -7 17 18 -2 26 23 22 -22 -19 -21 -25 -20 -18 -29 -23
right_child=16 2 3 14 5 8 -8 -9 -10 -11 -12 -13 13 -15 -16 -17 27 20 19 24 21 29 -24 25 -26 -27 -28 28 -30 -31
leaf_value=-0.48300111862337203 0.078080039994977243 0.29311389712134645 -3.2614602726918687 10.781064544121426 -2.8019433092187955 -0.34963233831316926 0.69177814009239391 8.267945610393177 -12.019584400313242 -4.6136784046574641 -6.4305755310588415 -0.77450622033516547 2.3439336652024299 -5.3385717595065083 2.3941486973028918 -8.5539992176569424 -0.33831024198666554 -0.16936099215587785 0.27129057107201543 -0.069135648279717257 -11.201206020614769 0.11991833120051572 -2.2434850797057151 -6.1874781246185302 3.7376787414457078 3.526039577381952 5.9282645295868663 2.0820549512562687 -6.0457202432021298 -2.0548213823614692
leaf_weight=2910 8656 1884 22 130 22 38 1586 28 51 90 31 449 888 22 21 21 5366 4769 78 813 74 722 133 20 224 296 285 68 137 751
leaf_count=2910 8656 1884 22 130 22 38 1586 28 51 90 31 449 888 22 21 21 5366 4769 78 813 74 722 133 20 224 296 285 68 137 751
internal_value=0.000688141 0.23054 1.04668 8.03164 -0.35355 -4.32391 -0.211419 3.58436 -7.91856 -0.684403 -0.556517 0.662256 0.894135 2.12999 9.72911 -3.71075 -0.0834426 0.0389071 0.319793 1.80864 -0.378543 -1.57912 -5.63465 0.0192577 0.767107 2.8243 4.73305 -0.452577 -3.36406 -0.992026
internal_weight=30585 8193 3416 173 4777 160 4617 50 110 3031 2941 3243 2794 910 151 59 22392 16821 10056 1400 6765 1680 207 5085 1037 316 363 5571 205 1473
internal_count=30585 8193 3416 173 4777 160 4617 50 110 3031 2941 3243 2794 910 151 59 22392 16821 10056 1400 6765 1680 207 5085 1037 316 363 5571 205 1473
is_linear=0
shrinkage=0.05


Tree=157
num_leaves=31
num_cat=0
split_feature=9 9 6 17 14 14 12 23 1 5 1 1 4 2 3 15 5 6 12 9 9 15 12 14 20 2 9 23 17 15
split_gain=214969 681451 785862 438051 531841 418940 761437 696649 876050 612373 620757 440669 389151 310210 304137 336802 262835 462898 348263 1.08488e+06 290920 471613 314992 272591 246620 244788 242779 232816 232080 471699
threshold=2895.5032941072968 2921.6531414937131 42798.356666666674 1.0000000180025095e-35 -0.60355339059327362 0.60355339059327384 33813.500000000007 7.9153435000000014 0.15926292198568234 298.97000000000008 0.16412451633533634 0.11658082995994952 1.1447861042918688 0.61109058520788484 2.5750175502600348 -0.5 12.110000000000072 39613.970000000008 26038.500000000004 1133.1627061669908 2567.8214038401825 0.98296291314453432 29719.500000000004 0.98296291314453432 1.0000000180025095e-35 0.58907182509082012 2231.5016179326008 14.735917000000002 0.81174490092936691 1.0000000180025095e-35
decision_type=2 2 2 2 2 2 2 2 2 2 2 2 2 2 2 2 2 2 2 2 2 2 2 2 2 2 2 2 2 2
left_child=14 2 3 -2 -5 7 -7 8 13 10 -9 25 -11 -3 16 24 20 18 19 -18 28 22 -22 -20 -16 -8 -17 -19 -1 -30
right_child=1 5 -4 4 -6 6 11 9 -10 12 -12 -13 -14 -15 15 26 17 27 23 -21 21 -23 -24 -25 -26 -27 -28 -29 29 -31
leaf_value=-0.16208577518300624 -1.3982597112655641 -3.1612597813178427 1.4906016330827367 -3.3736296499929121 -13.96695032427388 -6.2846782073974614 4.1530843666621617 0.78846057435704608 -10.913311127253941 -4.4483889130445631 7.1024013477823011 8.0444422112570866 2.746602109762339 -0.050263935336671728 2.3714765681836165 8.5844342575073238 0.74938885657714605 0.85484146819761142 -0.0039921347799587422 10.095305776596071 2.7996183999379478 4.0645986557006841 -2.6696533420788393 1.2272610874442345 -3.4500504725320003 -0.21426356240541122 2.3742181422160225 2.8240989631817985 0.98301547115158483 -0.34681955792951324
leaf_weight=14317 27 158 39 26 26 20 51 265 23 73 41 31 21 158 33 20 372 729 10318 29 25 29 275 465 30 74 60 187 1386 1277
leaf_count=14317 27 158 39 26 26 20 51 265 23 73 41 31 21 158 33 20 372 729 10318 29 25 29 275 465 30 74 60 187 1386 1277
internal_value=0.000388276 -0.706846 -4.20135 -6.93336 -9.43172 -0.23575 1.92309 -0.759434 -2.41032 0.652055 1.73519 3.13817 -2.78296 -1.63093 0.025227 2.28614 0.0138449 0.192581 0.103799 1.5414 -0.111119 -1.57251 -2.17529 0.0496433 -0.449789 1.65843 4.341 1.27007 -0.0823456 0.34584
internal_weight=30585 1033 118 79 52 915 176 739 339 400 306 156 94 316 29552 143 29409 12100 11184 401 17309 329 300 10783 63 125 80 916 16980 2663
internal_count=30585 1033 118 79 52 915 176 739 339 400 306 156 94 316 29552 143 29409 12100 11184 401 17309 329 300 10783 63 125 80 916 16980 2663
is_linear=0
shrinkage=0.05


Tree=158
num_leaves=31
num_cat=0
split_feature=6 19 14 10 4 10 0 10 13 0 26 14 3 10 26 3 10 10 18 2 26 17 13 26 26 1 1 17 4 10
split_gain=215790 222205 650307 407989 472779 612984 390485 974072 679578 515771 1.18331e+06 623423 621726 1.12877e+06 800202 389083 953846 848442 373947 315709 349880 299558 281794 276093 244755 140548 129360 57329.5 47813.5 32309
threshold=19085.017500000005 -0.68301270189221952 0.91597561503675362 1867.7165627487752 1.0672161339547361 1998.6334189596382 0.55259521540536871 2289.661802668134 32222.755000000001 0.47225895453051486 19.378050000000005 0.60355339059327384 0.87297218027408441 1867.7165627487752 18.160600000000006 1.3470436256828324 1381.6118996345785 1104.6751303923145 0.25000000000000006 0.52839639542743577 14.773400000000001 1.0000000180025095e-35 44558.235000000008 19.418550000000003 17.258450000000003 0.067477736225598883 0.033462168160161676 -0.22252093395631442 0.34987711706399 678.12815703559522
decision_type=2 2 2 2 2 2 2 2 2 2 2 2 2 2 2 2 2 2 2 2 2 2 2 2 2 2 2 2 2 2
left_child=27 2 3 15 5 -5 9 8 18 10 11 -3 13 -11 -14 17 -17 -2 -8 23 29 -12 -6 24 -4 -10 -25 -1 -29 -21
right_child=1 6 19 4 22 -7 7 -9 25 12 21 -13 14 -15 -16 16 -18 -19 -20 20 -22 -23 -24 26 -26 -27 -28 28 -30 -31
leaf_value=-0.43841644499037002 0.22132240009251247 -0.15968921013048171 -0.53779964294839411 2.2680391512741553 2.8684277758995691 -2.3564443855373951 -1.8000186323523524 8.4605315497943341 -7.5799299981859001 -0.28473375234663967 7.1840341695717402 0.62753473732031606 -4.7203940987586979 6.7569293745632839 -0.99112347534571377 4.4913477478883204 -1.3436980465247219 2.0929805222719255 1.5312043472727768 0.13681619763374328 -7.216780241131783 1.4794154015454382 8.4587299421429645 1.2555014464855194 2.1541575028580064 -1.6140315293119505 -2.738068894207478 -1.3985628952582678 -4.0270479562670687 -1.9914510124608089
leaf_weight=40 5233 13703 606 209 115 103 95 37 22 3032 65 3075 155 53 1488 73 689 680 549 25 35 39 27 20 93 21 170 43 38 52
leaf_count=40 5233 13703 606 209 115 103 95 37 22 3032 65 3075 155 53 1488 73 689 680 549 25 35 39 27 20 93 21 170 43 38 52
internal_value=0.000457373 0.00899812 0.232734 0.400432 1.84271 0.728121 -0.0724776 1.06571 0.609122 -0.11085 0.0184647 -0.0152632 -0.572131 -0.153005 -1.35623 0.301022 -0.758998 0.43816 1.02964 -0.957597 -3.40239 5.21125 4.18327 -0.632229 -0.166816 -5.13902 -2.29602 -2.06447 -2.7947 -1.33364
internal_weight=30585 30464 8130 7129 454 312 22334 724 687 21610 16882 16778 4728 3085 1643 6675 762 5913 644 1001 112 104 142 889 699 43 190 121 81 77
internal_count=30585 30464 8130 7129 454 312 22334 724 687 21610 16882 16778 4728 3085 1643 6675 762 5913 644 1001 112 104 142 889 699 43 190 121 81 77
is_linear=0
shrinkage=0.05


Tree=159
num_leaves=31
num_cat=0
split_feature=15 13 9 15 1 8 11 17 1 10 9 2 7 17 4 11 23 10 5 23 23 17 10 7 9 2 23 6 10 11
split_gain=216583 321628 364434 318794 600922 579727 326945 445468 328024 317798 562206 475171 308055 247308 236118 295287 683016 480441 227896 587620 555076 411982 224968 471103 321479 595476 243770 187170 172999 129117
threshold=0.96592582628906831 27806.320000000003 1222.0183875528421 0.9159756150367534 0.20179298745144222 1928.6294953818244 456.93634900424689 1.0000000180025095e-35 0.095800802092079362 2548.6437464042765 2396.8939039273037 0.52137828183222978 631.16248673136681 -0.56174490092936669 0.39550427423027895 560.65504025192899 7.8633765000000002 2374.987419907327 -1504.4999999999998 8.0380085000000019 5.3765740000000006 1.0000000180025095e-35 428.73204713259628 442.0306932588071 294.11983948178869 0.54716191107484324 9.089140500000001 32726.763333333336 117.31523253839474 435.62761669301636
decision_type=2 2 2 2 2 2 2 2 2 2 2 2 2 2 2 2 2 2 2 2 2 2 2 2 2 2 2 2 2 2
left_child=3 2 -2 18 5 6 8 -8 -5 14 -11 -12 13 -7 -3 17 -17 -16 19 20 -1 -21 23 28 25 -24 -26 -22 -20 -13
right_child=1 9 -4 4 -6 12 7 -9 -10 10 11 29 -14 -15 15 16 -18 -19 22 21 27 -23 24 -25 26 -27 -28 -29 -30 -31
leaf_value=1.6328712595833672 1.4673668131347775 -4.3208091552915242 7.9770013738561563 0.13503776604050977 -8.1962869184988527 -1.1957974457159275 -1.3932888314127923 6.8872575905587938 -1.7251127458182769 7.4667048635936926 -4.4979391892751064 0.35715126009548415 1.3917829548871077 -6.4170915725169237 0.19920719946685753 0.52235633529973835 9.8318691987257747 -5.0218597708808055 -2.2451246804053633 -2.747499826792124 -9.5680042919359707 4.3652349482411923 0.20512087471249163 -6.6734691784299658 0.18972837425198411 4.3534100575312493 -0.14797127471007163 -2.8290735271241929 -0.2266132540307545 4.9374516718728207
leaf_weight=22 124 24 22 715 22 36 27 31 349 37 28 29 22 72 2111 84 21 40 104 32 33 41 288 24 12589 119 9278 22 4209 30
leaf_count=22 124 24 22 715 22 36 27 31 349 37 28 29 22 72 2111 84 21 40 104 32 33 41 288 24 12589 119 9278 22 4209 30
internal_value=0.000522516 0.441232 2.68026 -0.0396331 -0.810807 -0.648904 -0.275117 3.22708 -0.480274 0.299949 2.71452 0.396978 -3.74493 -4.80702 0.162956 0.220127 2.74698 0.090672 -0.00277369 -1.91444 -4.82782 1.27043 0.00835767 -0.320888 0.0725255 1.45625 0.0464417 -7.33365 -0.277841 2.89069
internal_weight=30585 2550 146 28035 1274 1252 1122 58 1064 2404 124 87 130 108 2280 2256 105 2151 26761 150 77 73 26611 4337 22274 407 21867 55 4313 59
internal_count=30585 2550 146 28035 1274 1252 1122 58 1064 2404 124 87 130 108 2280 2256 105 2151 26761 150 77 73 26611 4337 22274 407 21867 55 4313 59
is_linear=0
shrinkage=0.05


Tree=160
num_leaves=31
num_cat=0
split_feature=1 8 9 10 9 10 5 23 23 10 14 6 23 5 14 19 12 26 26 5 12 9 23 2 10 12 17 26 26 10
split_gain=205584 328073 706654 508098 632501 569740 436808 479208 707851 805495 755331 327103 316836 292267 395016 788406 428187 408247 655366 1.1863e+06 500361 400698 377135 263314 256386 245452 199742 444092 539566 652369
threshold=0.10592229655737891 2567.8214038401825 2970.0870861186709 2631.610696155893 2700.8174739057463 2174.1479042678975 485.01000000000005 12.935166500000001 8.9233255000000025 2593.2568529125997 0.60355339059327384 38427.045833333344 8.6653200000000012 66.769999999999996 0.98296291314453432 -0.24999999999999994 30928.500000000004 18.576600000000003 18.549850000000003 449.00500000000017 26277.500000000004 2895.5032941072968 7.1626761500000002 0.5294908243487747 2127.9651067505474 26862.500000000004 0.81174490092936691 19.551900000000007 17.258450000000003 1894.2783896509745
decision_type=2 2 2 2 2 2 2 2 2 2 2 2 2 2 2 2 2 2 2 2 2 2 2 2 2 2 2 2 2 2
left_child=13 2 3 4 11 -6 7 8 10 -10 -3 -2 -4 26 17 25 24 18 21 -20 -19 -15 -22 -5 -17 -16 -1 28 -28 -30
right_child=1 6 12 23 5 -7 -8 -9 9 -11 -12 -13 -14 14 15 16 -18 20 19 -21 22 -23 -24 -25 -26 -27 27 -29 29 -31
leaf_value=-0.082701995115571678 -0.22510864469459074 -5.1537032797620022 1.8002355108389985 -0.39054198074340823 -5.8561425677565646 2.8154539254995492 3.9622066638048956 -6.0689065507200901 3.9125739991664887 -3.2647879214513873 1.5794879198074341 1.2051582758166692 9.6848130226135254 0.72470816281306794 3.3422583961486816 3.9562961709499365 0.75663261366517931 4.5179849571651891 8.5422623334612169 -1.5823851750447202 0.2618835990172213 -2.0990022542781399 -1.19933572685334 6.433782119642605 10.940337762567733 -2.4946183825984147 0.20502400461077983 -3.2428080811912632 4.9115622197588289 0.58978745328399529
leaf_weight=14496 7935 138 32 20 81 21 29 56 99 58 56 416 20 2331 20 35 33 49 65 47 1023 128 770 39 31 61 2055 76 139 226
leaf_count=14496 7935 138 32 20 81 21 29 56 99 58 56 416 20 2331 20 35 33 49 65 47 1023 128 770 39 31 61 2055 76 139 226
internal_value=0.000453187 -0.200234 -0.131662 -0.168727 -0.202219 -4.02221 -1.53026 -1.96507 -1.23414 1.24183 -3.219 -0.153176 5.41718 0.0841603 0.437809 2.70199 5.58612 0.342492 0.748981 4.40705 -0.225337 0.573742 -0.367196 4.26989 7.77682 -0.942306 -0.0115299 0.401135 0.522043 2.27988
internal_weight=30585 9000 8564 8512 8453 102 436 407 351 157 194 8351 52 21585 4593 180 99 4413 2571 112 1842 2459 1793 59 66 81 16992 2496 2420 365
internal_count=30585 9000 8564 8512 8453 102 436 407 351 157 194 8351 52 21585 4593 180 99 4413 2571 112 1842 2459 1793 59 66 81 16992 2496 2420 365
is_linear=0
shrinkage=0.05


Tree=161
num_leaves=31
num_cat=0
split_feature=15 11 12 11 7 26 23 23 11 4 16 16 26 3 11 6 16 19 7 7 23 11 11 7 7 7 2 26 11 24
split_gain=212046 426763 254551 476156 371634 324809 241574 216339 341014 203416 268615 352970 471824 270030 243898 2.09057e+06 1.93598e+06 960294 557534 846415 467651 239136 572677 197588 178287 149698 177218 135323 131343 75544.2
threshold=-0.9829629131445341 709.18839906504832 46979.000000000007 283.33987693072157 425.10869052098866 17.936000000000003 15.540659000000002 6.7407712000000011 150.65296495243669 1.2548017191289624 0.6078576107927941 -0.8783796973249266 13.367850000000002 0.49976053564537809 668.06494927022538 28412.020000000004 -0.60785761079279388 0.6830127018922193 576.58915984026874 531.8410496750497 10.013506500000002 320.45246966419393 648.80539728898964 380.05603431913977 364.41296759475995 631.16248673136681 0.60367321801874863 17.935300000000002 206.9757618120652 14.713011000000002
decision_type=2 2 2 2 2 2 2 2 2 2 2 2 2 2 2 2 2 2 2 2 2 2 2 2 2 2 2 2 2 2
left_child=1 7 9 28 6 -6 27 24 -9 14 11 12 -11 -13 18 17 -17 -16 19 -2 -20 23 -23 -12 29 26 -10 -5 -4 -1
right_child=2 -3 3 4 5 -7 -8 8 25 10 21 13 -14 -15 15 16 -18 -19 20 -21 -22 22 -24 -25 -26 -27 -28 -29 -30 -31
leaf_value=-0.26757015150182673 -0.039564433117813026 -5.5286575383918235 0.19077185385027215 4.7061380860282158 -3.3316483073764376 3.5917270228266718 7.62656559670965 0.031266117819433489 -0.83130527097884921 -1.3882145078693118 1.1851782596965139 0.64391358130661591 3.6647817584601317 -0.87359839649885473 0.23997733874141047 8.7103835026068364 1.2217358203990685 -4.8507354900151674 -1.8658094206523224 2.925584560755349 1.5599297095153293 6.2144190887882287 -0.91409660261504522 -3.2653789421267536 3.5326944689417994 1.4545521028580204 -3.1312735317879254 0.46358465978077484 -3.6278022003173831 1.3993995846740985
leaf_weight=283 25146 38 223 36 31 27 43 444 141 65 358 534 138 638 207 107 386 162 668 238 113 68 44 22 38 26 220 37 20 84
leaf_count=283 25146 38 223 36 31 27 43 444 141 65 358 534 138 638 207 107 386 162 668 238 113 68 44 22 38 26 220 37 20 84
internal_value=0.000745518 -0.629451 0.0282413 1.24738 3.20443 -0.0786361 4.7818 -0.457119 -0.917138 0.0104322 0.514477 0.153757 2.05211 -0.182332 -0.0244737 0.800593 2.9183 -2.02981 -0.051805 -0.0111906 -1.36332 1.5108 3.49412 0.888323 0.486322 -1.99188 -2.25671 2.724 -0.190117 0.127517
internal_weight=30585 1274 29311 417 174 58 116 1236 831 28894 1867 1375 203 1172 27027 862 493 369 26165 25384 781 492 112 380 405 387 361 73 243 367
internal_count=30585 1274 29311 417 174 58 116 1236 831 28894 1867 1375 203 1172 27027 862 493 369 26165 25384 781 492 112 380 405 387 361 73 243 367
is_linear=0
shrinkage=0.05


Tree=162
num_leaves=31
num_cat=0
split_feature=15 26 9 11 26 11 11 11 6 9 9 15 15 26 26 12 13 23 5 9 15 9 11 22 18 11 23 9 0 17
split_gain=204393 780310 425745 594701 495828 335119 370827 303756 296871 283414 264697 837818 641830 487388 515083 487552 453923 939876 661710 372011 592471 350580 470162 718785 580042 286249 309440 278488 568852 371827
threshold=0.98296291314453432 13.460950000000002 1065.6107339580142 302.67951916166953 18.598000000000003 560.65504025192899 709.18839906504832 221.77355822719016 28485.420000000002 1699.6209308463654 2567.8214038401825 0.60355339059327384 -0.78656609248549325 18.160600000000006 18.589750000000006 47514.000000000007 38711.320000000007 10.438466500000002 399.99999999999994 2507.049509271968 0.78656609248549303 2345.2743751583434 430.40480358111773 1.5000000000000002 -0.24999999999999997 418.28706033867599 8.1404215000000004 2895.5032941072968 0.39720699614645 -0.56174490092936669
decision_type=2 2 2 2 2 2 2 2 2 2 2 2 2 2 2 2 2 2 2 2 2 2 2 2 2 2 2 2 2 2
left_child=10 7 3 -3 5 -4 -7 -2 -6 -10 19 12 16 15 -15 -14 17 -12 -18 21 25 -1 24 -24 -23 -21 -27 29 -29 -13
right_child=1 2 4 -5 8 6 -8 -9 9 -11 11 27 13 14 -16 -17 18 -19 -20 20 -22 22 23 -25 -26 26 -28 28 -30 -31
leaf_value=0.016997218877063441 -0.2069490107843806 2.3134382856858742 1.7636068658639303 11.097616034540637 -4.0310844917297368 9.7819476373734027 1.1215238869190216 -4.5895886565957751 2.3821424445509911 -2.3363993786415964 -8.8375230037559902 -5.2294946002960208 -4.540719484492957 1.8992801565547479 -0.4449015909805894 3.4215759699161241 -2.0899266369100928 1.3351523554325104 4.3787336147561362 0.76941254928030756 -4.0517799241202219 4.5058039878544056 0.16006553745077504 -5.8810551993481752 -1.196319702420293 6.8015405675639276 1.2946818923950196 -0.012841238771996846 -7.7137764892644363 -0.26533037855869201
leaf_weight=26995 686 69 242 24 45 26 23 37 75 48 54 50 78 513 425 21 202 35 44 83 30 52 88 106 200 64 45 36 67 122
leaf_count=26995 686 69 242 24 45 26 23 37 75 48 54 50 78 513 425 21 202 35 44 83 30 52 88 106 200 64 45 36 67 122
internal_value=0.0008675 0.619338 2.02624 5.03138 1.36959 2.60255 6.19802 -0.461284 -0.77926 0.521033 -0.0261356 -0.640951 -0.131746 0.484214 0.840371 -2.76797 -2.01769 -4.97827 -0.868553 0.0105767 2.02637 -0.00609564 -1.38864 -3.20533 0.0448844 3.05507 4.685 -3.13353 -5.14786 -1.81564
internal_weight=30585 1275 552 93 459 291 49 723 168 123 29310 1647 1372 1037 938 99 335 89 246 27663 222 27441 446 194 252 192 109 275 103 172
internal_count=30585 1275 552 93 459 291 49 723 168 123 29310 1647 1372 1037 938 99 335 89 246 27663 222 27441 446 194 252 192 109 275 103 172
is_linear=0
shrinkage=0.05


Tree=163
num_leaves=31
num_cat=0
split_feature=14 11 7 1 11 10 10 19 11 8 26 11 14 11 2 7 21 26 7 11 26 11 7 16 11 1 4 7 5 8
split_gain=199208 561274 800386 615656 1.03582e+06 612302 600713 726032 567188 496592 352623 364180 345402 876218 565953 1.61133e+06 883039 1.08373e+06 926411 579107 826730 645227 630872 596356 528024 501713 526406 372855 348920 253911
threshold=-0.5 190.30317605116554 171.28787838666224 0.13006485369619034 815.9462725892173 484.7648770179436 629.20249745897377 0.6830127018922193 316.11610342264345 2700.8174739057463 8.8883500000000009 89.590311014316811 -1.0000000180025095e-35 178.5381425336227 0.53607988294315978 926.39038297204081 1.0000000180025095e-35 13.414400000000002 273.89130854666035 209.63030065910314 16.352050000000002 614.20424327994806 186.95650351905019 -0.60785761079279388 631.09926442692938 0.20179298745144222 1.1217164099534516 260.29778111791398 350.00000000000017 846.02616720165054
decision_type=2 2 2 2 2 2 2 2 2 2 2 2 2 2 2 2 2 2 2 2 2 2 2 2 2 2 2 2 2 2
left_child=1 10 8 4 5 -4 29 -8 -3 -6 11 -1 13 -2 19 16 17 -16 -18 22 24 -22 -14 -24 -21 26 28 -28 -15 -5
right_child=12 2 3 6 9 -7 7 -9 -10 -11 -12 -13 14 25 15 -17 18 -19 -20 20 21 -23 23 -25 -26 -27 27 -29 -30 -31
leaf_value=-0.20138955933710198 0.1091623616225038 2.4077469671371095 7.3571601348764766 -1.7877389102146546 10.807577108709436 0.59883263479234239 0.31989317739045697 -3.5529044580297402 9.7320409682489224 0.84287431859970097 -0.84826881512854246 0.71691393628064071 -0.14108346236814345 -1.6438191452798137 -0.19057756290516514 8.7507119649755101 -0.70718974517337208 0.96845084127997194 -8.6797588781877 -3.3687255571719419 -0.14844769794775228 -2.2806404692384432 4.5390344158030942 0.6329451389975782 2.8170264693406915 -6.0494917821465881 -1.6456854159727037 1.4219011400390715 -6.5053973925419344 -9.3383474045329624
leaf_weight=3522 2269 234 29 24 33 2631 681 142 26 20 1277 1551 4656 1055 4636 51 111 3563 50 396 2180 419 133 342 34 52 154 258 34 22
leaf_count=3522 2269 234 29 24 33 2631 681 142 26 20 1277 1551 4656 1055 4636 51 111 3563 50 396 2180 419 133 342 34 52 154 258 34 22
internal_value=0.000837331 0.181288 0.657892 0.461016 0.831706 0.686197 -0.694348 -0.365677 3.31017 7.445 -0.107359 0.0797887 -0.0893682 -0.517507 0.00950261 0.297229 0.240453 0.313373 -3.37031 -0.287069 -0.834672 -0.495929 0.0366878 1.76264 -2.85275 -1.43054 -1.25094 0.269175 -1.82469 -5.96137
internal_weight=30585 10192 3842 3582 2713 2660 869 823 260 53 6350 5073 20393 3822 16571 8411 8360 8199 161 8160 3029 2599 5131 475 430 1553 1501 412 1089 46
internal_count=30585 10192 3842 3582 2713 2660 869 823 260 53 6350 5073 20393 3822 16571 8411 8360 8199 161 8160 3029 2599 5131 475 430 1553 1501 412 1089 46
is_linear=0
shrinkage=0.05


Tree=164
num_leaves=26
num_cat=0
split_feature=12 2 26 26 16 11 4 4 0 11 5 26 12 26 0 24 11 11 5 17 3 23 11 26 23
split_gain=193359 204357 233229 506238 625152 309210 246414 228837 233593 518416 356617 216106 657182 376534 207420 189494 189444 150291 133034 98188.9 87135.6 77549.8 72827.1 69830.8 19673.6
threshold=20782.500000000004 0.37728634398736899 19.747150000000001 20.798800000000004 -0.60785761079279388 192.31524920848992 1.0506637891712143 1.7503628991891083 0.51558491325377398 311.58822615612172 850.00500000000011 19.382950000000005 32001.500000000004 19.249950000000002 0.39242999490479041 7.399533850000001 134.69230784928104 166.58298208208168 209.49499999999992 0.81174490092936691 0.50968421665886521 7.0548860000000007 136.68326647214374 6.9566000000000008 8.2585035000000016
decision_type=2 2 2 2 2 2 2 2 2 2 2 2 2 2 2 2 2 2 2 2 2 2 2 2 2
left_child=17 18 7 4 6 16 -4 11 9 -9 -10 13 -13 -3 -7 -6 -5 21 19 20 23 22 -1 -2 -19
right_child=1 2 3 5 15 14 -8 8 10 -11 -12 12 -14 -15 -16 -17 -18 24 -20 -21 -22 -23 -24 -25 -26
leaf_value=-1.1680022945404054 -1.2063378791809083 0.0072927765796932239 -2.6639974319709925 0.6121671219055469 -3.3203491480624088 -3.1224000857426573 -8.0439697167994293 -0.58480049703165748 1.5702186982664799 4.0286349924952809 -4.1098799853854713 -1.2000907896923187 2.1100754323284985 -1.8898600248140143 1.5695379936480769 -0.10139730403584146 -1.7737173760899261 -4.8426777923808384 4.5938969503130229 3.5427551065172467 -2.3524554619422324 -2.2314736183951882 2.580908008984157 2.0871678843790171 -1.9450275716781615
leaf_weight=20 20 28075 48 125 56 21 48 102 67 142 40 231 409 259 287 184 232 29 30 23 21 29 23 44 20
leaf_count=20 20 28075 48 125 56 21 48 102 67 142 40 231 409 259 287 184 232 29 30 23 21 29 23 44 20
internal_value=0.000835617 0.00892031 2.67222e-05 -0.748553 -2.31489 0.0541543 -5.61953 0.0257042 1.28567 2.12685 -0.641418 0.0102197 0.915193 -0.0103776 1.20471 -0.905124 -0.941269 -1.95382 1.89463 0.974302 0.120544 -0.426036 0.896153 1.04439 -3.9505
internal_weight=30585 30464 30326 1001 336 665 96 29325 351 244 107 28974 640 28334 308 240 357 121 138 108 85 72 43 64 49
internal_count=30585 30464 30326 1001 336 665 96 29325 351 244 107 28974 640 28334 308 240 357 121 138 108 85 72 43 64 49
is_linear=0
shrinkage=0.05


Tree=165
num_leaves=31
num_cat=0
split_feature=9 9 6 10 14 12 0 23 9 26 20 10 7 3 13 7 9 4 10 12 17 14 14 12 0 9 14 3 12 5
split_gain=206240 563122 689231 385149 689763 1.38214e+06 826297 971709 602103 598545 553918 552998 541465 610576 852383 536332 504926 502442 480136 441056 368491 512342 341873 498120 479209 669391 416618 389988 574025 408582
threshold=2895.5032941072968 2921.6531414937131 43150.889166666668 1827.0680963295231 0.98296291314453432 29719.500000000004 0.4179017886909453 12.4316455 2055.8953207150594 18.216350000000002 1.0000000180025095e-35 2374.987419907327 995.43244380087151 1.9881257766337264 38247.820000000007 456.98066971196971 2345.2743751583434 1.0902542246712337 2695.7789523617867 36542.500000000007 1.0000000180025095e-35 -0.60355339059327362 0.78656609248549325 34065.500000000007 0.38878822864233181 3199.5985812441477 -0.9159756150367534 2.1661870192782646 43279.500000000007 253.01000000000002
decision_type=2 2 2 2 2 2 2 2 2 2 2 2 2 2 2 2 2 2 2 2 2 2 2 2 2 2 2 2 2 2
left_child=3 2 20 12 6 15 8 10 11 -7 -8 -5 13 16 -15 -6 -1 -11 -10 -18 -2 -22 24 -24 27 26 -26 28 -3 -29
right_child=1 22 -4 4 5 9 7 -9 18 17 -12 -13 -14 14 -16 -17 19 -19 -20 -21 21 -23 23 -25 25 -27 -28 29 -30 -31
leaf_value=-0.032992370501708057 -1.3530261646617543 4.410328934987386 1.6399110362288498 1.4317520429908492 3.9936748611515966 -2.6938042458804219 -0.91324546514770732 -7.1619328897732961 -0.12356437680185539 0.33531782503785762 0.91017026152846003 4.7388061935643115 -6.4455779827002324 -0.35115679477123507 10.172766289029802 15.464981151510168 0.77950333042868547 7.9034761604509853 2.6035971077894557 -4.8656880674362188 -2.9402350619435311 -13.095481524928923 -3.8523220615386964 4.3285946181416515 -0.48583110882176295 1.8599788494138831 -4.8309690314458642 0.31568971321459804 -3.4281074216288907 -3.9860751530127736
leaf_weight=25450 28 100 37 566 24 63 1099 47 934 53 664 161 28 42 30 22 51 33 190 95 27 26 20 75 85 78 159 310 26 62
leaf_count=25450 28 100 37 566 24 63 1099 47 934 53 664 161 28 42 30 22 51 33 190 95 27 26 20 75 85 78 159 310 26 62
internal_value=0.00064735 -0.69208 -3.86887 0.0249765 0.490606 3.35036 0.333908 -0.425201 1.07538 0.887025 -0.225831 2.19156 -0.0449768 -0.0367388 4.40899 10.4592 -0.050105 3.51462 0.346877 -2.93289 -6.33485 -8.62237 -0.263541 2.4993 -0.596893 -2.08448 -3.35765 0.376021 2.72338 -0.444495
internal_weight=30585 1033 118 29552 3856 195 3661 1810 1851 149 1763 727 25696 25668 72 46 25596 86 1124 146 81 53 915 95 820 322 244 498 126 372
internal_count=30585 1033 118 29552 3856 195 3661 1810 1851 149 1763 727 25696 25668 72 46 25596 86 1124 146 81 53 915 95 820 322 244 498 126 372
is_linear=0
shrinkage=0.05


Tree=166
num_leaves=31
num_cat=0
split_feature=15 11 9 26 12 11 7 26 9 9 11 7 11 15 22 15 15 11 26 6 7 23 23 26 1 7 11 9 1 26
split_gain=206436 398741 251023 236243 225456 428516 331622 300390 230451 888409 968320 356235 709290 1.47074e+06 648063 1.47793e+06 528394 347385 747133 388180 330325 222302 221586 199164 322797 198281 181223 139505 172032 125523
threshold=-0.9829629131445341 709.18839906504832 2148.5964702371089 18.814800000000002 46979.000000000007 283.33987693072157 425.10869052098866 17.936000000000003 2895.5032941072968 2921.6531414937131 472.37178621456525 380.05603431913977 497.39075132390343 0.37940952255126043 4.5000000000000009 1.0000000180025095e-35 -0.12940952255126034 668.06494927022538 18.576600000000003 31153.830833333337 370.05562067166494 10.537016500000002 15.540659000000002 18.022750000000006 0.069740605743434811 456.98066971196971 342.34426700996619 727.87523075399952 0.044535469120534847 17.935300000000002
decision_type=2 2 2 2 2 2 2 2 2 2 2 2 2 2 2 2 2 2 2 2 2 2 2 2 2 2 2 2 2 2
left_child=1 2 3 23 8 -6 22 -8 11 10 25 12 20 -14 16 -16 -13 19 -19 -11 -2 -4 29 26 -25 -10 -1 -5 -29 -7
right_child=4 -3 21 27 5 6 7 -9 9 17 -12 14 13 -15 15 -17 -18 18 -20 -21 -22 -23 -24 24 -26 -27 -28 28 -30 -31
leaf_value=-0.070888110344941815 0.012944396149055837 -5.3569279415662905 -0.54240529796769543 -0.12952949784953019 -0.18839284494038552 4.4648136756769041 -3.1986945741706427 3.4593360841274263 -3.1712401663715188 -5.0548619470175575 -11.230418986082078 1.0331399266923744 -5.7413607358932497 2.3182504718070445 -0.39096623922988871 3.5402234626023557 -0.45191717538845505 5.634038377636009 -0.29502479451373942 -0.50066884514069609 -2.1079761370452679 -7.262866111755371 7.2429732854167632 4.4767595227492061 -1.0495615015029907 2.2435066674436843 -2.6637244531961337 0.1566863536834717 -4.6614639615311342 0.38836267056564489
leaf_weight=882 23963 38 26 53 243 36 31 27 39 46 35 942 146 87 466 484 1625 67 201 590 180 20 43 54 45 23 68 25 63 37
leaf_count=882 23963 38 26 53 243 36 31 27 39 46 35 942 146 87 466 484 1625 67 201 590 180 20 43 54 45 23 68 25 63 37
internal_value=0.000650196 -0.621153 -0.454518 -0.305917 0.0277799 1.17513 3.03172 -0.0699087 0.011019 -0.732459 -5.15621 0.0378286 -0.0300784 -2.74629 0.507874 1.61987 0.0939769 -0.23198 1.2631 -0.866998 -0.00329942 -3.89091 4.52175 -0.0433861 2.03462 -1.14427 -0.269507 -2.19035 -3.3573 2.55665
internal_weight=30585 1274 1236 1190 29311 417 174 58 28894 1001 97 27893 24376 233 3517 950 2567 904 268 636 24143 46 116 1049 99 62 950 141 88 73
internal_count=30585 1274 1236 1190 29311 417 174 58 28894 1001 97 27893 24376 233 3517 950 2567 904 268 636 24143 46 116 1049 99 62 950 141 88 73
is_linear=0
shrinkage=0.05


Tree=167
num_leaves=31
num_cat=0
split_feature=1 10 3 8 3 26 11 10 14 10 14 7 13 3 0 10 14 10 1 7 7 5 11 7 23 0 23 10 8 12
split_gain=201459 285469 328575 274410 572055 650412 749974 795542 743964 788031 743005 402518 964078 601429 636657 509363 446090 333409 425834 325175 449138 236524 237972 307573 945961 342855 235598 234763 498407 354335
threshold=0.034612725495734666 2887.9072378709611 2.2824269971427964 2803.4179486041867 2.5750175502600348 18.589750000000006 668.06494927022538 2046.8312322561817 0.37940952255126054 2199.5145717372438 -0.78656609248549292 687.70773411900234 38534.710000000006 2.0229317428466573 0.42532920336836244 1867.7165627487752 1.0000000180025095e-35 2374.987419907327 0.15094606262164065 595.16997336795305 449.12303786824015 -584.00499999999988 115.81790009076933 668.18643537312937 8.3161285000000031 0.45366336749553832 7.4403535000000014 396.14241203056298 535.37981905800996 23865.000000000004
decision_type=2 2 2 2 2 2 2 2 2 2 2 2 2 2 2 2 2 2 2 2 2 2 2 2 2 2 2 2 2 2
left_child=1 21 -3 11 5 6 10 -8 9 -7 -5 27 13 15 -15 -13 -14 19 -19 20 -6 -1 -23 25 -25 -24 -21 28 -2 -29
right_child=3 2 -4 4 17 8 7 -9 -10 -11 -12 12 16 14 -16 -17 -18 18 -20 26 -22 22 23 24 -26 -27 -28 29 -30 -31
leaf_value=-1.5788727887848255 -0.46511718278373931 5.9676193891631231 -1.2466426990650319 1.167570217628807 -0.10628738403320313 -14.006280566800028 -2.9599465280771255 7.2068529229897722 0.7515902345830745 -3.6961546644797694 -3.1693059351531172 -0.52587943619794464 2.3920881397870124 1.5543702173233034 -7.7178733315578727 2.5777889177593849 10.06505548477173 0.31388773385692259 -6.5562574691772459 -1.7218027134736378 9.3606692223837893 0.014022100438797789 1.2364928066738234 1.27402588721933 -10.237448613460248 -0.039780089012436716 3.7250591465655498 2.8026865646108852 -5.9113428714663492 -0.029825343277166662
leaf_weight=172 1935 40 22 144 20 26 27 47 39 60 295 259 44 30 38 262 35 227 20 43 28 3474 1440 54 21 827 29 106 38 20783
leaf_count=172 1935 40 22 144 20 26 27 47 39 60 295 259 44 30 38 262 35 227 20 43 28 3474 1440 54 21 827 29 106 38 20783
internal_value=0.000460952 0.258759 3.50498 -0.0632695 -0.870292 -1.77008 -0.958949 3.54415 -4.93365 -7.41203 -1.74949 -0.0286208 1.17658 0.457781 -3.80021 1.04446 6.18886 0.696548 -0.361248 2.8016 5.77726 0.222243 0.276827 0.665777 -2.38695 0.771824 0.57085 -0.0640869 -0.584714 -0.0147823
internal_weight=30585 6050 62 24535 1005 638 513 74 125 86 439 23530 668 589 68 521 79 367 247 120 48 5988 5816 2342 75 2267 72 22862 1973 20889
internal_count=30585 6050 62 24535 1005 638 513 74 125 86 439 23530 668 589 68 521 79 367 247 120 48 5988 5816 2342 75 2267 72 22862 1973 20889
is_linear=0
shrinkage=0.05


Tree=168
num_leaves=31
num_cat=0
split_feature=14 3 8 24 2 11 26 3 10 11 12 14 0 12 12 8 10 17 4 12 22 11 7 12 14 26 26 2 7 11
split_gain=184403 577130 962395 679430 548561 1.00844e+06 500561 458627 1.64434e+06 641858 634231 583264 849072 544925 481308 472716 464904 455808 494804 451626 439395 1.02346e+06 520043 391040 381166 778076 1.0631e+06 416522 919977 561013
threshold=-0.37940952255126059 2.2357967022157044 2762.2196417614418 12.419256000000003 0.53289343069102779 595.13008241021805 18.596550000000004 2.2013852343508646 2612.5536112046047 777.22274205627548 32872.500000000007 -0.9159756150367534 0.40291773423639782 37432.500000000007 46979.000000000007 2700.8174739057463 2471.3939942877191 1.0000000180025095e-35 1.0160001280020483 41250.500000000007 5.5000000000000009 456.93634900424689 576.58915984026874 33251.500000000007 -1.0000000180025095e-35 18.583150000000003 18.596550000000004 0.53398802258031974 926.39038297204081 209.63030065910314
decision_type=2 2 2 2 2 2 2 2 2 2 2 2 2 2 2 2 2 2 2 2 2 2 2 2 2 2 2 2 2 2
left_child=4 2 24 19 5 -1 -7 8 9 15 -11 13 14 -9 -13 -6 -15 18 -4 20 22 -22 -3 -5 25 -2 -27 29 -29 -26
right_child=1 3 17 23 7 6 -8 11 -10 10 -12 12 -14 16 -16 -17 -18 -19 -20 -21 21 -23 -24 -25 27 26 -28 28 -30 -31
leaf_value=0.84826820153226457 -0.25091071038974649 4.3197101932651591 -3.8618430866569771 -1.1562975369001689 0.015800782733353291 11.517669857249542 2.5154981660842899 4.3290658885485511 6.809621697534685 -3.1472701452672482 5.5953278098608319 -1.431483160666275 -5.432116941589836 -2.5332737179010509 4.5725635586558164 4.1111226352587549 1.1735749842523009 -7.3445930082981405 4.5260882487297058 -4.2252947600382678 4.8553289413452152 -8.3427783652714336 -1.2809417929819653 4.6038639178855822 0.042177984717223518 -11.03870551445905 -1.8177447023381175 0.19642672809190534 7.9948833961235852 -0.83562284319790803
leaf_weight=882 2028 101 56 33 9336 29 35 68 87 23 90 347 136 144 32 66 191 60 20 48 21 30 65 178 5002 29 447 8112 33 2856
leaf_count=882 2028 101 56 33 9336 29 35 68 87 23 90 347 136 144 32 66 191 60 20 48 21 30 65 178 5002 29 447 8112 33 2856
internal_value=0.000359619 -0.094708 -0.138794 1.61537 0.158857 1.30887 7.13436 0.0548657 0.157125 0.0927487 3.75748 -1.00974 -2.11659 0.413198 -0.871477 0.0467242 -0.433491 -4.25403 -1.51074 -0.0795406 0.911778 -2.95908 2.15306 3.69684 -0.10741 -0.680406 -2.48854 -0.017565 0.232914 -0.277182
internal_weight=30585 19119 18643 476 11466 946 64 10520 9602 9515 113 918 515 403 379 9402 335 136 76 265 217 51 166 211 18507 2504 476 16003 8145 7858
internal_count=30585 19119 18643 476 11466 946 64 10520 9602 9515 113 918 515 403 379 9402 335 136 76 265 217 51 166 211 18507 2504 476 16003 8145 7858
is_linear=0
shrinkage=0.05


Tree=169
num_leaves=31
num_cat=0
split_feature=19 11 5 23 4 13 1 1 10 23 11 23 11 23 5 12 1 10 23 3 11 1 1 8 23 3 11 23 5 5
split_gain=193173 402406 809889 664242 898218 814203 742063 611130 520065 636532 467156 457323 432416 365776 848101 599659 609228 420282 925773 1.44851e+06 827378 782154 733309 545675 555454 423460 415605 409151 405635 396143
threshold=-0.68301270189221952 400.20756300939792 249.98999999999992 12.496859000000002 1.0002970681491625 26636.750000000004 0.090513131075907902 0.16623843604882318 933.38103525368763 8.1404215000000004 595.13008241021805 9.4532530000000019 488.30152107479847 9.089140500000001 499.03500000000014 39095.500000000007 0.063649560407954234 1983.9527159747879 6.5085208500000009 1.5400139436404057 283.33987693072157 0.11733491081238621 0.15497246883075538 2567.8214038401825 5.4911990500000014 1.9881257766337264 478.87360381594812 8.0380085000000019 485.01000000000005 -1376.3749999999998
decision_type=2 2 2 2 2 2 2 2 2 2 2 2 2 2 2 2 2 2 2 2 2 2 2 2 2 2 2 2 2 2
left_child=1 -1 3 5 12 10 -7 8 9 -4 -3 -10 -5 17 28 16 -16 23 20 27 -19 -22 -21 25 -25 29 -17 -20 -15 -2
right_child=13 2 7 4 -6 6 -8 -9 11 -11 -12 -13 -14 14 15 26 -18 18 19 22 21 -23 -24 24 -26 -27 -28 -29 -30 -31
leaf_value=0.098532378050775901 -3.9799843586981298 2.7279404786916879 6.5683874882184545 1.5798138804568185 -9.9243025660514839 -1.4690035340877681 4.3581657300239955 -0.67167928451972625 1.3050899328504291 -3.9012073032783743 -5.5368625046951436 8.6278666133681945 -4.0204154849052429 -0.34667443602755854 -0.12148191928863526 -2.7754359358235412 -9.0052155121513042 3.5094155242372502 10.31617580572764 1.8878251626018985 0.080682606496397524 -3.4133256991920264 -3.1949175742196751 2.2010707184120459 -6.7053436224743468 3.5266970515251161 4.9601608867645268 3.715929292193775 6.0385028171539306 -0.037450175247108079
leaf_weight=7468 59 21 21 85 27 73 190 57 30 28 51 91 51 5388 27 52 64 147 55 497 1235 179 78 22 54 78 20 53 20 14364
leaf_count=7468 59 21 21 85 27 73 190 57 30 28 51 91 51 5388 27 52 64 147 55 497 1235 179 78 22 54 78 20 53 20 14364
internal_value=0.000467072 0.208132 1.32861 0.18983 -2.38415 1.45904 2.74332 3.76874 5.23452 0.77756 -3.10504 6.93653 -0.588014 -0.0755426 -0.426497 -3.92555 -6.51351 0.0407803 0.676981 2.20502 0.00346466 -0.372062 1.17666 -0.0573523 -4.14983 -0.0344771 -0.443452 7.38535 -0.317495 -0.054955
internal_weight=30585 8193 725 498 163 335 263 227 170 49 72 121 136 22392 5571 163 91 16821 2244 683 1561 1414 575 14577 76 14501 72 108 5408 14423
internal_count=30585 8193 725 498 163 335 263 227 170 49 72 121 136 22392 5571 163 91 16821 2244 683 1561 1414 575 14577 76 14501 72 108 5408 14423
is_linear=0
shrinkage=0.05


Tree=170
num_leaves=31
num_cat=0
split_feature=15 10 9 11 23 9 10 1 14 14 11 12 1 11 14 11 14 4 16 12 11 15 3 9 11 11 4 3 10 9
split_gain=199151 286465 528171 314865 540972 1.10848e+06 421356 410428 283767 546410 1.19131e+06 1.04114e+06 1.84638e+06 1.27641e+06 1.93558e+06 940343 762102 604533 527969 487151 736340 662299 442387 437534 415844 412891 457382 429816 1.49099e+06 1.28517e+06
threshold=0.96592582628906831 2548.6437464042765 2396.8939039273037 560.65504025192899 7.8633765000000002 2345.2743751583434 2374.987419907327 0.1371351476273476 -0.37940952255126059 0.25881904510252091 346.17131145310685 33983.500000000007 0.16412451633533634 497.39075132390343 0.91597561503675362 351.01163321540656 0.91597561503675362 1.1958333420576872 -0.8783796973249266 29994.500000000004 252.26299266618435 -0.12940952255126034 0.50536918580638324 1274.0841273047001 209.63030065910314 924.74512740195235 1.0186955829921593 2.2013852343508646 2612.5536112046047 2111.7118711774119
decision_type=2 2 2 2 2 2 2 2 2 2 2 2 2 2 2 2 2 2 2 2 2 2 2 2 2 2 2 2 2 2
left_child=8 3 -3 6 5 7 -2 -5 19 10 -10 13 16 24 -15 -14 -13 18 -12 20 -1 22 -22 -23 -11 27 -27 28 -21 -29
right_child=1 2 -4 4 -6 -7 -8 -9 9 11 17 12 15 14 -16 -17 -18 -19 -20 25 21 23 -24 -25 -26 26 -28 29 -30 -31
leaf_value=0.7522234268563629 0.25797826349398306 7.2456118295359069 0.44295460815015048 7.3640844539455745 8.5862571080525711 -5.9574168591927261 -4.6284074828359811 -0.33974176049232485 -0.27530548185388837 0.060638347096651592 0.34569254021929657 0.55117836775098006 0.92572895819014256 -4.6464630663004751 0.78153974114787961 7.6859266040930114 -2.0341425610821489 0.62196134162230754 -3.859085061564016 0.085859419035929918 5.3163614732247817 3.1740651522363938 -3.7482960021054303 13.221291153277122 -0.78051297048513657 6.6482984466552741 -0.34540223280588789 5.0762382486462592 6.4809440130772806 -1.5615890007461632
leaf_weight=478 2258 38 87 41 25 34 40 27 3124 5566 87 4001 86 396 276 129 302 122 489 9812 22 23 22 26 1991 45 43 75 87 833
leaf_count=478 2258 38 87 41 25 34 40 27 3124 5566 87 4001 86 396 276 129 302 122 489 9812 22 23 22 26 1991 45 43 75 87 833
internal_value=0.000496016 0.423098 2.71049 0.299836 2.67481 0.891934 0.163038 4.49077 -0.0380097 -0.17032 -0.694271 -0.0130068 0.59645 -0.347784 -2.42772 5.06457 0.367569 -2.55405 -3.22639 0.153173 1.5703 5.52165 0.863016 9.23674 -0.161338 0.0782112 3.39554 0.0496362 0.145313 -0.988458
internal_weight=30585 2550 125 2425 127 102 2298 68 28035 16569 3822 12747 4518 8229 672 215 4303 698 576 11466 571 93 44 49 7557 10895 88 10807 9899 908
internal_count=30585 2550 125 2425 127 102 2298 68 28035 16569 3822 12747 4518 8229 672 215 4303 698 576 11466 571 93 44 49 7557 10895 88 10807 9899 908
is_linear=0
shrinkage=0.05


Tree=171
num_leaves=31
num_cat=0
split_feature=1 11 2 9 23 9 3 10 6 10 11 3 18 1 3 11 13 13 10 11 26 26 16 8 3 26 2 1 26 2
split_gain=184739 306410 572783 596629 510541 1.02112e+06 1.19658e+06 843074 798634 894503 463844 425426 487272 432384 368001 724107 316777 290288 231601 248996 1.01331e+06 1.06144e+06 1.38563e+06 1.26073e+06 720062 1.15147e+06 760949 502601 621527 215245
threshold=0.07815191598035949 255.08112789510906 0.62736349478410325 2536.291659429196 5.6664435000000006 1412.3653628747913 0.79091128949363265 1004.4144452709654 27999.430833333336 900.41847929769665 595.13008241021805 1.6801335669556734 0.68301270189221941 0.03958990675687022 0.43336455596582796 544.86233109898774 32639.525000000005 42646.750000000007 166.95333112748082 212.21842032167106 14.827350000000001 14.725100000000001 -0.60785761079279388 1386.0171818619581 1.0547182348412141 18.933450000000004 0.49671158309661834 0.19305214367951343 14.636050000000003 0.57673350302085657
decision_type=2 2 2 2 2 2 2 2 2 2 2 2 2 2 2 2 2 2 2 2 2 2 2 2 2 2 2 2 2 2
left_child=1 11 4 14 5 7 -7 -3 9 -6 -10 -1 -13 -14 -4 -16 -5 -18 -2 27 21 23 -23 -21 25 -22 -26 -20 -29 -30
right_child=18 2 3 16 8 6 -8 -9 10 -11 -12 12 13 -15 15 -17 17 -19 19 20 24 22 -24 -25 26 -27 -28 28 29 -31
leaf_value=0.023778334407720494 -1.8252790993107624 -1.6827621109652939 -2.4733478910044622 -5.554952974319459 0.57757823551418608 10.947231195092201 -0.14948839990943497 5.3582013104731843 -0.27612295069551912 -5.4315249367764125 2.5559889213439146 1.7680135506850023 -0.64542120444147211 -8.1880381348232429 2.2471369642994099 9.8185507648131427 1.4018478093059383 -1.5518166498012014 -0.0075239592696513466 -2.2854604530784335 2.4802308879925956 -9.2575540127140457 -1.3464095289056952 2.6916424555055212 -2.1715582975550234 -0.70088310901201889 -0.12119153703640394 0.79279615230930667 9.9316774095807769 3.371750093060871
leaf_weight=12491 194 52 33 20 103 20 856 187 1274 147 158 34 33 43 603 29 212 130 8259 443 610 96 127 173 530 526 2940 201 23 38
leaf_count=12491 194 52 33 20 103 20 856 187 1274 147 158 34 33 43 603 29 212 130 8259 443 610 96 127 173 530 526 2940 201 23 38
internal_value=0.000859646 0.114942 0.50665 1.51345 0.134914 0.962302 0.164496 3.82298 -0.414759 -2.9928 0.0441301 -0.00407863 -3.0313 -5.15558 2.39717 2.66898 -0.120349 0.272783 -0.131462 -0.107285 -0.371226 -1.96394 -4.88065 -0.877172 -0.0792821 1.01062 -0.437048 0.0614896 2.19659 6.41094
internal_weight=30585 16425 3824 1027 2797 1115 876 239 1682 250 1432 12601 110 76 665 632 362 342 14160 13966 5445 839 223 616 4606 1136 3470 8521 262 61
internal_count=30585 16425 3824 1027 2797 1115 876 239 1682 250 1432 12601 110 76 665 632 362 342 14160 13966 5445 839 223 616 4606 1136 3470 8521 262 61
is_linear=0
shrinkage=0.05


Tree=172
num_leaves=31
num_cat=0
split_feature=15 13 9 10 3 6 9 15 10 10 10 9 6 2 15 9 15 15 7 3 1 1 9 16 3 23 11 8 3 6
split_gain=184498 290022 321349 275754 407863 356947 386906 407847 262083 250350 249880 380174 313073 241645 271252 221480 690431 569833 669578 556982 739661 487700 484982 381445 307152 430255 291434 237947 142702 84592.8
threshold=0.96592582628906831 27806.320000000003 964.05262549549161 2257.4581861031606 1.841147238817652 29315.593333333338 2443.5219297118733 0.98296291314453432 2438.4874958489418 117.31523253839474 1589.497104335607 1642.3785908357577 26490.769166666669 0.50637505507945235 0.98296291314453432 2567.8214038401825 0.60355339059327384 -0.78656609248549325 926.39038297204081 2.2182014127490191 0.041718575934021805 0.21364731160036707 2536.291659429196 0.87837969732492682 2.4674322294762998 11.355365500000001 497.39075132390343 2803.4179486041867 2.2182014127490191 25220.020000000004
decision_type=2 2 2 2 2 2 2 2 2 2 2 2 2 2 2 2 2 2 2 2 2 2 2 2 2 2 2 2 2 2
left_child=9 2 -2 4 10 6 8 -8 -5 29 11 -3 -12 -7 -15 22 17 18 -17 23 -21 -19 24 -18 27 -26 28 -11 -24 -1
right_child=1 3 -4 5 -6 13 7 -9 -10 15 12 -13 -14 14 -16 16 19 21 -20 20 -22 -23 26 -25 25 -27 -28 -29 -30 -31
leaf_value=-2.9727431900799277 1.2771828622857651 0.11588486793435981 7.0056523919105533 2.5250242958068849 -4.8376943902271554 -4.1986136074066165 -3.5310502211252848 5.0984964983803884 11.001844083345853 -0.0040311932187566922 6.061609703959788 -3.7479788357561286 0.93705320505112644 -1.762223293632269 3.1019819880185064 -2.5395247612487188 -2.4577426778138989 0.58916345986933127 5.8503237577585079 1.1769688464977124 -9.2961076985796307 -6.4817356872558598 -1.1047046484915835 3.4156355680738182 3.8690662791615438 -2.9206908495195449 6.5610369560330417 -1.7060157155357123 3.2939921884923367 0.48994197177886961
leaf_weight=91 119 1792 27 20 36 20 22 23 21 25882 29 61 269 43 68 314 132 1017 21 22 55 20 33 30 100 26 38 202 32 20
leaf_count=91 119 1792 27 20 36 20 22 23 21 25882 29 61 269 43 68 314 132 1017 21 22 55 20 33 30 100 26 38 202 32 20
internal_value=0.000900491 0.407659 2.53379 0.273523 0.102819 1.95264 4.35872 0.947391 7.59182 -0.0361616 0.196556 -0.0210288 1.52771 0.270534 1.22248 -0.0265257 -0.594691 -0.15822 -1.93515 -3.0455 -6.41388 0.422295 0.00836436 -1.30008 -0.00541065 2.40962 3.35207 -0.0175381 1.1407 -2.35418
internal_weight=30585 2550 146 2404 2187 217 86 45 41 28035 2151 1853 298 131 111 27924 1611 1372 335 239 77 1037 26313 162 26210 126 103 26084 65 111
internal_count=30585 2550 146 2404 2187 217 86 45 41 28035 2151 1853 298 131 111 27924 1611 1372 335 239 77 1037 26313 162 26210 126 103 26084 65 111
is_linear=0
shrinkage=0.05


Tree=173
num_leaves=31
num_cat=0
split_feature=15 11 9 23 1 11 15 0 23 23 23 16 0 11 9 15 14 1 23 11 4 18 11 9 9 15 9 18 23 1
split_gain=179734 372584 227348 200437 175165 262850 382097 514838 612049 360705 356619 297982 215912 405607 424942 416272 589172 286519 284404 254299 224429 299376 369890 270717 230208 723758 388216 213914 166321 204439
threshold=-0.9829629131445341 709.18839906504832 2148.5964702371089 10.537016500000002 0.035855526607563047 115.81790009076933 -0.12940952255126034 0.35749971045402573 4.6844635000000006 3.9357560500000006 13.638033500000002 -0.60785761079279388 0.3039381004304969 320.45246966419393 1997.8783519999365 -0.9159756150367534 0.25881904510252091 0.10592229655737891 15.178679000000002 224.853204396319 1.2548017191289624 0.68301270189221941 472.37178621456525 28.63519445162547 2345.2743751583434 0.60355339059327384 2231.5016179326008 0.25000000000000006 5.8123637500000003 0.051415282729210261
decision_type=2 2 2 2 2 2 2 2 2 2 2 2 2 2 2 2 2 2 2 2 2 2 2 2 2 2 2 2 2 2
left_child=1 2 28 -4 5 -2 7 10 -9 27 -7 -11 13 14 19 16 -15 -17 -16 -6 24 23 -23 -22 26 -26 -14 -8 -1 -30
right_child=4 -3 3 -5 12 6 9 8 -10 11 -12 -13 20 15 18 17 -18 -19 -20 -21 21 22 -24 -25 25 -27 -28 -29 29 -31
leaf_value=0.79169636587479286 -0.018370624980571765 -5.1568015386891926 -0.50986349909536299 -6.8901951289176937 0.11229381040760483 0.60293187286974081 -1.6167448347161528 1.9293645793120184 -1.4588978197074161 2.9217925525123967 4.0681910178710501 1.092032498268948 -0.10869648514604902 -5.4869170498847968 -5.255303717481679 4.8706881720320148 2.6675514292716982 1.350818686614665 1.3715020408630372 1.9824703958497119 -3.1132336878266775 -0.004701415654271842 -4.4087682535063548 1.2115357703727911 -0.082496371470899485 -2.4470931932056716 1.9245392889880084 1.0071996700986252 0.35691486911049913 -1.1783743139958902
leaf_weight=275 3515 38 26 20 1909 327 152 164 631 313 92 782 17314 35 53 113 45 124 20 196 33 475 48 900 1257 431 233 149 345 570
leaf_count=275 3515 38 26 20 1909 327 152 164 631 313 92 782 17314 35 53 113 45 124 20 196 33 475 48 900 1257 431 233 149 345 570
internal_value=0.000976665 -0.579221 -0.418236 -3.68844 0.0262911 0.263991 0.643587 -0.00562632 -0.752183 1.2062 1.40292 1.62601 -0.0365429 0.402374 0.157094 2.05884 -1.01234 3.09523 -3.46756 0.290738 -0.089556 0.507916 -0.446916 1.04274 -0.134905 -0.691727 -0.0811545 -0.322452 -0.276879 -0.600647
internal_weight=30585 1274 1236 46 29311 6125 2610 1214 795 1396 419 1095 23186 2495 2178 317 80 237 73 2105 20691 1456 523 933 19235 1688 17547 301 1190 915
internal_count=30585 1274 1236 46 29311 6125 2610 1214 795 1396 419 1095 23186 2495 2178 317 80 237 73 2105 20691 1456 523 933 19235 1688 17547 301 1190 915
is_linear=0
shrinkage=0.05


Tree=174
num_leaves=31
num_cat=0
split_feature=9 9 11 11 26 5 2 3 5 24 3 14 24 9 3 13 6 1 11 14 11 26 26 11 11 11 6 22 14 2
split_gain=170965 437219 1.18353e+06 309608 591251 668485 629256 460198 372549 304225 253601 491007 764654 488576 241219 687496 230037 227703 733647 1.23499e+06 715895 1.08348e+06 817524 385796 201878 194790 192603 134384 127931 115583
threshold=2895.5032941072968 2921.6531414937131 472.37178621456525 412.5423184596591 18.565850000000001 -400.00500000000005 0.55400201476879229 2.4128089683941547 269.00500000000005 5.0205455000000008 2.4674322294762998 -0.9159756150367534 6.6251917000000011 2231.5016179326008 2.4128089683941547 38590.105000000003 36595.937500000007 0.16073202496419656 400.20756300939792 -0.5 209.63030065910314 16.665200000000002 14.636050000000003 375.17067062483983 531.76801472283285 375.17067062483983 37465.681666666671 5.5000000000000009 0.12940952255126043 0.61302437605617255
decision_type=2 2 2 2 2 2 2 2 2 2 2 2 2 2 2 2 2 2 2 2 2 2 2 2 2 2 2 2 2 2
left_child=10 2 29 8 6 -6 -5 -7 25 -8 14 24 -13 27 17 -16 -15 18 23 -20 22 -22 -19 -1 -12 26 -3 -14 -27 -2
right_child=1 3 -4 4 5 7 9 -9 -10 -11 11 12 13 16 15 -17 -18 20 19 -21 21 -23 -24 -25 -26 28 -28 -29 -30 -31
leaf_value=0.0023272486095235602 -2.9287810363769533 4.0702012937644438 -10.49422704860568 -4.5067734026908877 -7.0971032324590189 2.1363803146602391 -1.0262214164476138 -1.3763723330822453 -5.59935168671608 4.1380573943428614 2.2232607252457561 -5.9176989029615363 7.5232669313748675 -2.1251801688224079 -7.1610361945629126 2.9747888207435609 2.3764568195039151 -0.033142765983086707 2.9262048564159726 0.2490632411250677 -3.5312102204806188 -0.34843724783546853 3.9752033969299911 -1.5930015193816129 8.6764850926296457 -3.6527175760980861 -0.5239030324440036 1.8781215007488545 0.67667548794012811 1.0471130837631577
leaf_weight=24165 20 24 35 25 33 138 32 263 45 169 29 34 31 59 35 25 46 869 566 1759 360 1005 144 380 24 62 103 21 21 63
leaf_count=24165 20 24 35 25 33 138 32 263 45 169 29 34 31 59 35 25 46 869 566 1759 360 1005 144 380 24 62 103 21 21 63
internal_value=0.000850399 -0.629859 -3.42915 -0.252129 0.321268 -0.758668 2.36688 -0.155949 -1.71405 3.31069 0.0230016 1.61195 0.377889 1.88214 0.00949858 -3.03304 -0.134202 0.0162592 0.0577937 0.905691 -0.452172 -1.19771 0.553329 -0.0226886 5.6424 -0.770392 0.465184 5.6091 -2.58055 -0.022339
internal_weight=30585 1033 118 915 660 434 226 401 255 201 29552 244 191 157 29308 60 105 29248 26870 2325 2378 1365 1013 24545 53 210 127 52 83 83
internal_count=30585 1033 118 915 660 434 226 401 255 201 29552 244 191 157 29308 60 105 29248 26870 2325 2378 1365 1013 24545 53 210 127 52 83 83
is_linear=0
shrinkage=0.05


Tree=175
num_leaves=31
num_cat=0
split_feature=10 4 3 0 1 15 9 3 15 16 15 15 12 0 4 13 7 4 1 7 1 24 13 8 10 10 15 10 0 24
split_gain=197673 284377 350254 345814 329487 316043 274715 556906 470813 1.08967e+06 873403 744058 714766 710926 692767 600839 597109 588368 461681 352910 817934 734370 715465 343427 555166 308238 278977 276286 266582 249981
threshold=2767.1847758161971 1.0322299932651813 2.1005746971663721 0.34566461995697972 0.032970904195650928 -0.12940952255126034 2345.2743751583434 2.4674322294762998 0.1294095225512602 -0.60785761079279388 -0.70710678118654757 0.98296291314453432 38200.500000000007 0.40477431254662516 1.0666667407409056 42967.240000000005 777.36461542940708 1.1447861042918688 0.15926292198568234 478.88074020182006 0.14161696835341123 8.0930985000000017 26636.750000000004 2863.635411009132 2500.8674186857966 2400.9679739864473 -0.60355339059327384 2471.3939942877191 0.37523589363555793 10.775761750000003
decision_type=2 2 2 2 2 2 2 2 2 2 2 2 2 2 2 2 2 2 2 2 2 2 2 2 2 2 2 2 2 2
left_child=6 3 4 -2 -3 -5 7 19 10 13 12 18 25 -10 -15 17 -14 -12 -11 23 22 -22 -21 -1 -25 -8 -9 -17 -7 -13
right_child=1 2 -4 5 -6 28 8 26 9 11 15 29 16 14 -16 27 -18 -19 -20 20 21 -23 -24 24 -26 -27 -28 -29 -30 -31
leaf_value=-0.015502964332065354 3.2407709180828066 9.2919731801555994 0.3268082744366414 -4.5105612934852131 2.1353008919573848 4.7636770257583034 -8.7369165791405585 0.47522506713867191 7.2706895430882774 -2.6068004369094044 1.1007119049120495 4.5148655647455262 -1.5491732488632344 2.0559925284960285 -4.264705497688718 -4.6589292372426678 3.2960754191080732 6.1806554629689181 -6.6313409484349766 -2.7572105762570405 2.2616544748619787 -2.2278611882099741 2.040308222906444 -7.5148739988987261 1.2081445452530641 -1.2912468024662562 6.2304183143156546 1.0384285548222916 -0.88714144297365882 -1.0920789519945779
leaf_weight=26538 57 26 69 44 42 21 40 36 37 413 650 38 419 134 58 57 70 58 86 81 122 320 866 34 32 23 49 30 101 34
leaf_count=26538 57 26 69 44 42 21 40 36 37 413 650 38 419 134 58 57 70 58 86 81 122 320 866 34 32 23 49 30 101 34
internal_value=0.000701129 1.15732 2.9063 0.0424513 5.32137 -1.11812 -0.0132625 0.0284591 -0.55771 -1.51437 0.0139268 -2.67638 -1.5063 1.3781 0.0865813 1.07236 -0.829137 1.55736 -3.35941 0.0158293 0.79133 -0.977125 1.61758 -0.0247989 -3.49759 -6.31421 3.9553 -2.74412 0.234399 1.96751
internal_weight=30585 360 137 223 68 166 30225 28078 2147 800 1347 571 552 229 192 795 489 708 499 27993 1389 442 947 26604 66 63 85 87 122 72
internal_count=30585 360 137 223 68 166 30225 28078 2147 800 1347 571 552 229 192 795 489 708 499 27993 1389 442 947 26604 66 63 85 87 122 72
is_linear=0
shrinkage=0.05


Tree=176
num_leaves=31
num_cat=0
split_feature=10 4 8 14 7 17 1 19 14 11 5 23 1 23 7 21 26 11 26 8 6 6 10 1 10 8 6 5 11 13
split_gain=181589 260022 293245 265208 610099 216957 206242 190970 562327 529310 1.02379e+06 705382 542558 425893 912676 928122 690856 434069 381054 533149 865646 517617 370544 613730 333004 788466 247183 225124 331216 319607
threshold=2767.1847758161971 1.0322299932651813 2803.4179486041867 -0.37940952255126059 408.87592371001875 -0.22252093395631442 0.032970904195650928 -0.68301270189221952 0.91597561503675362 412.5423184596591 249.98999999999992 11.519156000000002 0.16234408796964592 9.089140500000001 209.63940574600554 1.0000000180025095e-35 17.935300000000002 456.93634900424689 12.633850000000001 718.13339971377411 25539.136666666669 26644.033333333336 958.50344716148538 0.032970904195650928 1793.8878411864259 1603.25204566808 36470.810000000005 -799.99999999999977 204.25273939992789 30419.275000000005
decision_type=2 2 2 2 2 2 2 2 2 2 2 2 2 2 2 2 2 2 2 2 2 2 2 2 2 2 2 2 2 2
left_child=7 3 6 4 -2 -5 -3 8 9 24 11 -11 -12 18 -15 16 -16 -17 22 20 -20 -21 -9 -24 25 -1 -26 -10 -29 -30
right_child=1 2 -4 5 -6 -7 -8 13 27 10 12 -13 -14 14 15 17 -18 -19 19 21 -22 -23 23 -25 26 -27 -28 28 29 -31
leaf_value=0.29208589060224233 5.6379842826613675 7.6473596877521945 0.1500486108389768 -3.5722862428885245 -1.5134092623915745 0.72416847348213198 2.1938956534862522 -0.1000015929922613 3.1832272414005165 2.4074629411328266 6.3844828346519611 -1.840580895942511 0.33161438676927774 -0.026899199729862829 -2.969155582022724 -2.4083008229732514 -0.6148204241716958 -11.773275816344446 -0.78960380675739428 -0.8826428872694948 3.690851234959351 0.34361635100208998 0.6746706161648035 -2.4573017147529956 0.19560535355212572 -1.7070093815562029 2.2658114175182402 -0.43570015590517414 -1.1452666343339366 -4.5935646103062764
leaf_weight=5479 49 31 61 60 63 51 45 8057 28 192 136 189 51 3588 413 26 1240 26 174 985 272 6583 243 425 258 537 325 706 188 104
leaf_count=5479 49 31 61 60 63 51 45 8057 28 192 136 189 51 3588 413 26 1240 26 174 985 272 6583 243 425 258 537 325 706 188 104
internal_value=0.000737235 1.10931 2.78171 0.0431761 1.72213 -1.65168 4.7537 -0.0126462 0.193379 0.350236 1.80808 0.303491 4.78559 -0.0892892 -0.479999 -1.43061 -1.21026 -7.71366 0.0343598 0.283191 1.95339 0.183531 -0.194219 -1.32135 0.223472 0.112365 1.3592 -0.898663 -1.02853 -2.43025
internal_weight=30585 360 137 223 112 111 76 30225 8193 7167 568 381 187 22032 5293 1705 1653 52 16739 8014 446 7568 8725 668 6599 6016 583 1026 998 292
internal_count=30585 360 137 223 112 111 76 30225 8193 7167 568 381 187 22032 5293 1705 1653 52 16739 8014 446 7568 8725 668 6599 6016 583 1026 998 292
is_linear=0
shrinkage=0.05


Tree=177
num_leaves=31
num_cat=0
split_feature=15 21 10 22 11 10 24 11 10 2 24 23 10 9 9 0 20 15 10 15 23 26 11 26 0 9 26 21 11 9
split_gain=172286 784403 1.94467e+06 736602 544984 1.05224e+06 1.33575e+06 968398 545656 463698 460104 528303 426955 405009 400563 443070 365257 1.65838e+06 1.55972e+06 1.1972e+06 1.13984e+06 1.10395e+06 909452 1.55636e+06 1.20594e+06 789668 728441 575904 510484 506588
threshold=-0.5 1.0000000180025095e-35 1482.0118420783567 3.5000000000000004 364.37064053653665 2548.6437464042765 4.0810313000000011 435.62761669301636 1940.014878896319 0.57876932946161075 4.0810313000000011 5.8630007000000015 386.23541118200609 2895.5032941072968 887.63544884768805 0.35100909072529124 1.0000000180025095e-35 -0.12940952255126034 900.41847929769665 -0.37940952255126009 3.8441363500000008 18.160600000000006 269.89323609900458 18.398400000000006 0.50488326144062734 1627.7543623828017 17.914900000000003 1.0000000180025095e-35 346.17131145310685 2443.5219297118733
decision_type=2 2 2 2 2 2 2 2 2 2 2 2 2 2 2 2 2 2 2 2 2 2 2 2 2 2 2 2 2 2
left_child=1 3 14 9 8 6 -6 -7 12 -1 -11 -12 -5 -10 -3 -16 19 22 25 21 28 26 -18 -24 -25 -19 -2 -22 -20 -21
right_child=16 2 -4 4 5 7 -8 -9 13 10 11 -13 -14 -15 15 -17 17 18 20 29 27 -23 23 24 -26 -27 -28 -29 -30 -31
leaf_value=1.7136992225036736 1.0137380877310738 0.0052917497498648509 -11.63075502332376 -2.2437602980772233 -8.4455109931610437 -1.8842465006306277 -1.7665589994582704 5.7291979205914032 3.2634289254932285 1.2284833059686489 0.71974169221225281 -0.45422824232668746 -0.28430085953920681 -3.44667815025206 2.7581504783630373 -4.8906606225943081 -0.41861471066577605 0.15252477951598598 0.66266957265490889 -0.086222173880171019 2.467537654266605 4.7350580510048736 -7.4816640921251878 4.0108400769886519 -4.1543906818847267 -7.2014140386839181 -7.5208483842703018 7.7089549907616206 -3.5097444714167541 -1.3213288382727755
leaf_weight=520 669 275 44 302 86 86 449 73 154 827 1444 2825 2972 22 20 93 783 2721 528 12775 1320 221 137 79 93 32 21 51 80 883
leaf_count=520 669 275 44 302 86 86 449 73 154 827 1444 2825 2972 22 20 93 783 2721 528 12775 1320 221 137 79 93 32 21 51 80 883
internal_value=0.000694432 -0.167118 -2.2396 -0.0742797 -0.579579 -1.85293 -2.90854 1.67903 -0.321107 0.298751 0.152821 -0.0567408 -0.468206 2.35235 -1.04007 -3.47696 0.0845863 0.419087 0.824455 -0.0492259 1.8932 1.7007 -1.33321 -3.60706 -0.396439 0.0541263 0.70168 2.68985 0.0894365 -0.166531
internal_weight=30585 10192 432 9760 4144 694 535 159 3450 5616 5096 4269 3274 176 388 113 20393 5824 4732 14569 1979 911 1092 309 172 2753 690 1371 608 13658
internal_count=30585 10192 432 9760 4144 694 535 159 3450 5616 5096 4269 3274 176 388 113 20393 5824 4732 14569 1979 911 1092 309 172 2753 690 1371 608 13658
is_linear=0
shrinkage=0.05


Tree=178
num_leaves=27
num_cat=0
split_feature=12 2 19 14 11 24 14 23 11 11 12 18 2 11 12 5 8 11 5 17 13 11 23 8 23 8
split_gain=162365 187034 152332 501922 471629 955874 293913 469308 791561 451420 486564 286675 266761 465123 253783 194912 178625 137317 119682 87767.4 83262 72015.2 81654 27367.7 16900.9 13012.6
threshold=20782.500000000004 0.37728634398736899 -0.68301270189221952 0.91597561503675362 464.25703865863346 5.8136520500000008 -0.9159756150367534 9.0393680000000014 132.12150365067538 247.26169252403 38200.500000000007 -0.6830127018922193 0.52839639542743577 260.27376991069622 45392.500000000007 -799.99999999999977 1720.0260074008504 166.58298208208168 209.49499999999992 0.81174490092936691 24717.765000000003 136.68326647214374 6.8450907500000007 488.25712301878809 8.2585035000000016 417.92020948423141
decision_type=2 2 2 2 2 2 2 2 2 2 2 2 2 2 2 2 2 2 2 2 2 2 2 2 2 2
left_child=17 18 3 4 14 -6 9 11 -9 16 -11 -8 15 -14 -3 -5 -4 21 19 20 25 -1 -23 -22 -19 -2
right_child=1 2 6 12 5 -7 7 8 -10 10 -12 -13 13 -15 -16 -17 -18 24 -20 -21 23 22 -24 -25 -26 -27
leaf_value=-1.9933190491464403 0.54257053004370792 0.17543889409323407 0.073860917764865461 3.3994679427146917 -1.9249992477042335 3.5577472344357917 0.66424876979654579 0.029509940834401772 -1.2628059024724791 3.0765159122884489 0.52583007656194114 -0.070760559737981746 -0.99636958671369769 -7.9586488996233262 1.8731318693542691 -0.70914582538661919 -2.8162918676029554 -4.5291745185852053 4.3726650496891564 3.3665004670619965 -0.022328839393762442 2.9619716638624669 -1.0829166650772095 -2.4569765684696345 -1.8270728788375856 2.3673033622594981
leaf_weight=31 22 6462 1906 25 107 277 1469 2562 2199 276 567 13262 82 30 223 829 50 29 30 23 21 20 21 21 20 21
leaf_count=31 22 6462 1906 25 107 277 1469 2562 2199 276 567 13262 82 30 223 829 50 29 30 23 21 20 21 21 20 21
internal_value=0.000409536 0.00781819 -0.000686761 0.185894 0.332114 2.02477 -0.0679706 -0.136795 -0.56807 0.410691 1.3742 0.00273292 -0.880258 -3.12211 0.233436 -0.569725 -0.00698513 -1.79075 1.81184 0.938047 0.129859 -0.335922 0.996597 -1.37259 -3.6985 1.58853
internal_weight=30585 30464 30326 8035 7069 384 22291 19492 4761 2799 843 14731 966 112 6685 854 1956 121 138 108 85 72 41 42 49 43
internal_count=30585 30464 30326 8035 7069 384 22291 19492 4761 2799 843 14731 966 112 6685 854 1956 121 138 108 85 72 41 42 49 43
is_linear=0
shrinkage=0.05


Tree=179
num_leaves=31
num_cat=0
split_feature=10 9 14 12 12 4 6 7 8 6 16 6 0 23 7 9 0 0 14 19 4 0 8 8 8 14 17 7 0 6
split_gain=177581 239332 1.01597e+06 666386 558554 584700 496538 468018 586991 434928 576897 1.04951e+06 534327 359774 386231 424298 370501 343847 296982 293934 239028 299153 265776 156427 221734 149769 232777 184711 143431 236143
threshold=2767.1847758161971 2345.2743751583434 0.60355339059327384 33105.500000000007 31803.500000000004 1.1279215475013482 31948.187500000004 380.05603431913977 2803.4179486041867 21696.998333333337 -0.60785761079279388 27999.430833333336 0.34692919294623298 1.6046511000000001 360.45150963417058 3199.5985812441477 0.47225895453051486 0.5482539684466281 0.60355339059327384 -0.24999999999999994 1.0322299932651813 0.34566461995697972 2700.8174739057463 2536.291659429196 2131.9594740145162 0.12940952255126043 1.0000000180025095e-35 408.87592371001875 0.39046768443785135 38807.165000000008
decision_type=2 2 2 2 2 2 2 2 2 2 2 2 2 2 2 2 2 2 2 2 2 2 2 2 2 2 2 2 2 2
left_child=1 7 13 4 5 -4 -5 8 23 17 11 -11 -12 -3 16 -16 -15 -9 -19 -8 21 -2 -22 24 -1 27 -27 -23 29 -24
right_child=20 2 3 6 -6 -7 19 9 -10 10 12 -13 -14 14 15 -17 -18 18 -20 -21 22 25 28 -25 -26 26 -28 -29 -30 -31
leaf_value=-0.019036431476689777 3.0477514861331834 -6.0256983296738733 -1.4082230145778132 8.0936700850378642 -7.2284161074408182 6.0217298085348947 -2.692765681496982 -6.0854560072829083 -5.8785250508508016 -0.050777778813037383 1.932574396243802 3.7446308817791265 -0.10660499257249829 1.2894854347908149 -1.5994459950153868 1.323907561825334 -3.9248775706841394 3.4448837578296665 -2.8866657809777694 2.7480522901231796 4.7752231958750135 3.233411735807147 5.4657861919403077 2.7346649487813313 -1.2440103095054627 -4.5356851009222181 1.42744260934683 -1.1860596194250943 -2.4046460809378791 -1.2691377495897227
leaf_weight=24845 57 31 104 38 24 30 24 36 38 343 400 383 1551 269 1247 134 34 27 39 212 69 30 20 46 370 47 21 68 24 24
leaf_count=24845 57 31 104 38 24 30 24 36 38 343 400 383 1551 269 1247 134 34 27 39 212 69 30 20 46 370 47 21 68 24 24
internal_value=0.000383633 -0.0128512 -0.521029 1.63354 -0.934723 0.411613 3.10489 0.026091 -0.0416107 0.641408 0.765105 1.96333 0.31532 -1.06695 -0.958072 -1.312 0.649996 -2.4886 -0.235592 2.15015 1.09665 0.0737085 2.70015 -0.0316667 -0.0372565 -1.00646 -2.72181 0.257641 0.411026 2.03652
internal_weight=30585 30225 2147 432 158 134 274 28078 25299 2779 2677 726 1951 1715 1684 1381 303 102 66 236 360 223 137 25261 25215 166 68 98 68 44
internal_count=30585 30225 2147 432 158 134 274 28078 25299 2779 2677 726 1951 1715 1684 1381 303 102 66 236 360 223 137 25261 25215 166 68 98 68 44
is_linear=0
shrinkage=0.05


Tree=180
num_leaves=31
num_cat=0
split_feature=15 8 11 6 6 23 4 9 12 9 15 15 9 13 8 2 23 6 22 26 8 12 10 8 9 2 11 13 11 13
split_gain=168241 684369 561205 1.13611e+06 356859 406341 203944 297239 199490 191669 523748 431212 435034 507454 360963 382272 504367 381196 458556 355256 590835 394448 322449 799626 1.08409e+06 773691 1.3298e+06 437463 394923 297401
threshold=0.98296291314453432 1070.3592507967403 560.65504025192899 27038.795000000002 26221.600000000002 4.6401486000000007 1.3494172488908298 1169.3710645709209 40457.500000000007 2567.8214038401825 0.60355339059327384 -0.78656609248549325 3151.2881327577629 38711.320000000007 2762.2196417614418 0.5294908243487747 7.6432585000000008 36470.810000000005 3.5000000000000004 18.160600000000006 2273.1114059773076 47514.000000000007 1894.2783896509745 1249.0823035081685 1799.3481316101695 0.58192737636793745 456.93634900424689 28598.865000000002 464.25703865863346 30798.540000000005
decision_type=2 2 2 2 2 2 2 2 2 2 2 2 2 2 2 2 2 2 2 2 2 2 2 2 2 2 2 2 2 2
left_child=9 6 4 -4 -3 -6 7 -2 -7 22 11 12 13 -11 15 29 -17 18 -16 21 -21 -13 -1 24 27 26 -25 -24 -27 -12
right_child=1 2 3 -5 5 8 -8 -9 -10 10 14 19 -14 -15 17 16 -18 -19 -20 20 -22 -23 23 25 -26 28 -28 -29 -30 -31
leaf_value=-0.049799187124639523 -0.27324641988476123 -4.3808908004027147 13.780980719369035 0.68930338594648577 -0.26794541732028682 3.4499841334083663 3.6506107114976452 -4.9911691250119894 -1.4698537837266923 -4.3240641012291112 -0.60745158381760123 -4.0120073473597149 -7.7987253144935327 0.10745630999747265 -10.320901468254272 -3.2871593142377922 2.7909753711826832 -0.56822785088106209 -1.0050528244330335 3.5890227085923501 0.12822570680754439 3.143613813015131 2.617577538123498 0.75372471246039396 -0.042243778201895704 0.72015164066495041 -2.3299186610419986 12.327470128536225 2.7810294280141039 -7.9105095924869664
leaf_weight=24899 745 21 24 40 157 212 26 30 20 85 27 78 22 228 37 53 78 33 21 141 797 21 21 905 66 857 563 35 317 26
leaf_count=24899 745 21 24 40 157 212 26 30 20 85 27 78 22 228 37 53 78 33 21 141 797 21 21 905 66 857 563 35 317 26
internal_value=0.000370149 0.561485 2.0568 6.24228 1.336 1.69643 -0.330592 -0.486764 3.00359 -0.0241285 -0.547302 -0.144533 -1.69028 -1.1449 -2.51811 -1.1837 0.301071 -5.01356 -7.29618 0.360481 0.664777 -2.41551 0.00711166 0.518965 4.39493 0.332001 -0.432759 9.2001 1.2861 -4.56404
internal_weight=30585 1275 474 64 410 389 801 775 232 29310 1647 1372 335 313 275 184 131 91 58 1037 938 99 27663 2764 122 2642 1468 56 1174 53
internal_count=30585 1275 474 64 410 389 801 775 232 29310 1647 1372 335 313 275 184 131 91 58 1037 938 99 27663 2764 122 2642 1468 56 1174 53
is_linear=0
shrinkage=0.05


Tree=181
num_leaves=31
num_cat=0
split_feature=15 11 9 10 10 26 8 6 9 7 7 9 2 6 0 9 15 8 26 9 15 15 7 7 7 13 8 11 10 8
split_gain=167578 336014 203873 223480 192876 542877 807495 583759 462041 440808 558483 490700 390516 332582 282096 188088 539788 346557 388972 319962 472898 345739 272606 276889 210622 647420 527421 186299 336634 166005
threshold=-0.9829629131445341 709.18839906504832 2148.5964702371089 2471.3939942877191 2631.610696155893 18.565850000000001 2231.5016179326008 27879.015833333335 2148.5964702371089 404.66582167028594 333.99930859017695 2396.8939039273037 0.49329942008943467 34589.018333333341 0.47698731950693635 2895.5032941072968 0.60355339059327384 3151.2881327577629 18.565850000000001 3199.5985812441477 1.0000000180025095e-35 -0.12940952255126034 418.29903559414151 544.92069095004797 478.88074020182006 26194.800000000007 2863.635411009132 204.25273939992789 1627.9255476811095 2131.9594740145162
decision_type=2 2 2 2 2 2 2 2 2 2 2 2 2 2 2 2 2 2 2 2 2 2 2 2 2 2 2 2 2 2
left_child=1 2 3 27 15 6 14 -7 12 10 -8 -11 -9 -10 -6 17 19 24 -19 20 -17 -21 -18 -24 26 -26 -2 -1 -29 -5
right_child=4 -3 -4 29 5 7 9 8 13 11 -12 -13 -14 -15 -16 16 22 18 -20 21 -22 -23 23 -25 25 -27 -28 28 -30 -31
leaf_value=-0.014063412891171577 -0.0031876077450316538 -4.907150799729104 -3.5038520866749332 5.7650443480564997 8.9301054935985142 -6.782805318267723 -2.0204778381756374 -1.3177347123622896 -4.1498146167572809 2.6060271534009987 3.7208283058201013 -1.704144100453447 6.6149046313762669 0.054926193975339266 2.582578391807024 -0.11534365113111254 -8.6999268821307592 -1.066802688881203 7.2038481576102118 -1.4658386445808702 -4.0052079517156525 4.4808166478230405 1.3468759090669695 -5.3459747993584834 -3.8367597883939748 0.77401487238051025 -2.9285834561048016 -2.7968814064428291 0.43718706019274844 0.047127129634221394
leaf_weight=822 25784 38 46 21 40 33 51 23 63 90 185 212 35 152 38 465 23 22 30 36 89 60 26 28 75 1601 150 184 138 25
leaf_count=822 25784 38 46 21 40 33 51 23 63 90 185 212 35 152 38 465 23 22 30 36 89 60 26 28 75 1601 150 184 138 25
internal_value=0.000325906 -0.559908 -0.406982 -0.27307 0.0247695 0.734497 1.58541 -0.976241 -0.1648 0.868387 2.46374 -0.39797 3.61349 -1.24325 6.18019 0.00159235 -0.789494 0.022524 3.91721 -0.304729 -0.770574 2.28816 -4.61295 -2.28159 0.0144791 0.556857 -0.020671 -0.415773 -1.42521 2.96774
internal_weight=30585 1274 1236 1190 29311 922 616 306 273 538 236 302 58 215 78 28389 727 27662 52 650 554 96 77 54 27610 1676 25934 1144 322 46
internal_count=30585 1274 1236 1190 29311 922 616 306 273 538 236 302 58 215 78 28389 727 27662 52 650 554 96 77 54 27610 1676 25934 1144 322 46
is_linear=0
shrinkage=0.05


Tree=182
num_leaves=31
num_cat=0
split_feature=15 10 9 0 11 23 1 9 10 9 15 1 8 10 9 1 8 18 11 5 5 10 22 15 9 1 15 16 19 11
split_gain=158230 266366 402497 373473 253107 472324 930168 369874 361898 291892 245447 493806 457081 280598 407557 274318 223088 217270 287064 281812 185048 162721 188062 782400 640058 541358 496897 1.1167e+06 1.08612e+06 112507
threshold=0.96592582628906831 2548.6437464042765 2396.8939039273037 0.4805678920291892 560.65504025192899 7.8633765000000002 0.13522422607677229 2032.726412708347 2374.987419907327 2345.2743751583434 0.9159756150367534 0.20179298745144222 1928.6294953818244 1962.7455307003709 1786.1298771869133 0.034968591246364797 1720.0260074008504 0.93301270189221952 290.77128328696205 417.00500000000005 -153.40499999999994 117.31523253839474 1.0000000180025095e-35 -0.12940952255126034 2111.7118711774119 0.20179298745144222 -0.12940952255126034 -0.60785761079279388 0.6830127018922193 435.62761669301636
decision_type=2 2 2 2 2 2 2 2 2 2 2 2 2 2 2 2 2 2 2 2 2 2 2 2 2 2 2 2 2 2
left_child=10 4 -3 29 8 6 9 -8 17 -6 21 12 13 14 -12 -14 -15 19 -19 -2 -17 -1 23 25 -25 -23 28 -28 -24 -4
right_child=1 2 3 -5 5 -7 7 -9 -10 -11 11 -13 15 16 -16 20 -18 18 -20 -21 -22 22 26 24 -26 -27 27 -29 -30 -31
leaf_value=-1.9296902873647324 0.26567477627512848 6.5435556855312615 0.41677828345979961 -3.8652654491364959 6.695752985062807 7.9090765380859382 0.27623596668243405 -8.6989954838385959 -4.3049439928266739 -0.43457123184204099 -0.19717446323973875 -7.405356267646507 1.1112098140101281 -0.82633342009324307 -4.778546877468334 -8.1914719881834817 5.4208612191049674 -0.52789815768207382 -5.7549481423695887 3.0853331738341883 -2.9948764080288766 0.8901434666386111 -0.53460638466437371 -0.12553183382494718 -3.4203596973860706 6.5094220692461198 0.91311584368036403 -0.16075998516019108 0.58586072127902378 4.6685184492383689
leaf_weight=104 1922 38 30 27 41 25 20 21 40 20 1022 22 26 21 46 22 33 223 25 88 82 1942 9153 1641 157 39 3622 7276 2827 30
leaf_count=104 1922 38 30 27 41 25 20 21 40 20 1022 22 26 21 46 22 33 223 25 88 82 1942 9153 1641 157 39 3622 7276 2827 30
internal_value=0.000226574 0.376917 2.58246 0.590184 0.258129 2.38746 0.727312 -4.76561 0.135501 4.50137 -0.0340957 -0.710764 -0.564099 -0.23225 -0.415894 -3.31316 3.12641 0.223523 -1.15834 0.396497 -4.41994 -0.00175319 0.00612708 0.332651 -0.421949 1.01691 -0.047867 0.196398 -0.270064 2.73901
internal_weight=30585 2550 125 87 2425 127 102 41 2298 61 28035 1274 1252 1122 1068 130 54 2258 248 2010 104 26761 26657 3779 1798 1981 22878 10898 11980 60
internal_count=30585 2550 125 87 2425 127 102 41 2298 61 28035 1274 1252 1122 1068 130 54 2258 248 2010 104 26761 26657 3779 1798 1981 22878 10898 11980 60
is_linear=0
shrinkage=0.05


Tree=183
num_leaves=31
num_cat=0
split_feature=26 26 0 19 5 11 0 1 10 26 26 0 17 26 14 0 1 26 22 11 24 23 10 9 21 0 26 5 14 11
split_gain=157011 393040 349215 261712 412760 828145 549050 442402 392830 624452 280581 928044 481639 429057 496650 365126 198507 195470 331830 291275 209490 197606 192162 191515 157477 153088 150434 143566 133405 158818
threshold=24.444700000000001 19.747150000000001 0.57197458205021123 -0.68301270189221952 209.49499999999992 412.5423184596591 0.33187092616304587 0.027810516500381331 1998.6334189596382 17.274050000000006 19.382950000000005 0.50703107733017883 1.0000000180025095e-35 19.249950000000002 -0.70710678118654735 0.57197458205021123 0.058955156445926644 20.798800000000004 4.5000000000000009 190.30317605116554 7.399533850000001 11.914430500000003 870.45693243494259 642.15198826636299 1.0000000180025095e-35 0.5482539684466281 25.536800000000003 100.02499999999999 1.0000000180025095e-35 355.85602432362407
decision_type=2 2 2 2 2 2 2 2 2 2 2 2 2 2 2 2 2 2 2 2 2 2 2 2 2 2 2 2 2 2
left_child=1 3 17 4 8 7 -7 -6 9 -1 13 12 -12 15 -15 -5 -10 18 20 22 -3 -21 -19 -4 26 -26 -2 -20 -27 -30
right_child=24 2 23 10 5 6 -8 -9 16 -11 11 -13 -14 14 -16 -17 -18 19 27 21 -22 -23 -24 -25 25 28 -28 -29 29 -31
leaf_value=0.012797256517237827 3.3159002637041031 -3.1596213196144731 -0.72882540327746703 -0.077997439268053359 4.7463250651955606 -2.5096572481352712 5.1475211512835735 0.11529329509422206 1.6872645409107208 1.5796365910663106 6.6571641076694839 -4.1893303079660553 -0.62816938559214286 1.4812683139938907 -3.0399065387454742 1.4977609537312773 -3.3934385047427251 -3.5231853824853903 -1.7519735516571417 2.8779752983830194 0.25727475306214115 -0.59291558070656136 -0.31999476522739445 -5.3561110973358161 -0.9294136953353882 6.0791984625988533 -0.74440640248706413 -6.3360054514143203 -1.129665932910783 4.3326262103186712
leaf_weight=5389 24 56 36 21570 51 24 168 656 20 716 72 38 31 78 234 369 107 55 36 105 167 63 219 63 20 31 102 40 23 22
leaf_count=5389 24 56 36 21570 51 24 168 656 20 716 72 38 31 78 234 369 107 55 36 105 167 63 219 63 20 31 102 40 23 22
internal_value=0.000142511 -0.00964885 -1.07289 0.0207779 0.284467 1.28296 4.15072 0.480412 0.139508 0.197708 -0.0632396 2.12155 4.53646 -0.07756 -1.90392 -0.0511567 -2.55934 -0.68686 -1.66279 -0.0153488 -0.651034 1.59658 -1.01477 -3.78988 1.31025 2.78135 0.125646 -4.40742 3.75557 1.70601
internal_weight=30585 30363 840 29523 7131 899 192 707 6232 6105 22392 141 103 22251 312 21939 127 741 299 442 223 168 274 99 222 96 126 76 76 45
internal_count=30585 30363 840 29523 7131 899 192 707 6232 6105 22392 141 103 22251 312 21939 127 741 299 442 223 168 274 99 222 96 126 76 76 45
is_linear=0
shrinkage=0.05


Tree=184
num_leaves=31
num_cat=0
split_feature=1 7 26 26 3 23 15 3 26 3 10 26 1 26 13 26 12 7 1 26 13 2 18 23 10 7 4 10 1 19
split_gain=155571 270623 265258 260195 454748 246902 409529 475354 347927 332905 1.51728e+06 947978 669166 647167 546499 843493 589304 476879 661341 317807 291346 304747 245678 277378 228895 227678 225240 243234 207825 198442
threshold=0.055680606748290042 89.371503722768196 18.626000000000001 18.596550000000004 1.7263873213943486 3.5113512000000004 0.1294095225512602 1.9881257766337264 13.673400000000003 0.87297218027408441 1397.3956482188705 9.3857500000000016 0.069740605743434811 16.400150000000004 29057.330000000005 18.565850000000001 27319.500000000004 649.02696317211291 0.1199493963633096 6.7590000000000012 29837.300000000007 0.51894117900116454 1.0000000180025095e-35 3.8441363500000008 2199.5145717372438 320.50371950305129 0.10055000000000001 713.04846813538609 0.018476027194102292 0.93301270189221952
decision_type=2 2 2 2 2 2 2 2 2 2 2 2 2 2 2 2 2 2 2 2 2 2 2 2 2 2 2 2 2 2
left_child=1 -1 3 22 -5 6 8 24 -2 10 17 -11 -12 -14 15 -13 -16 19 -19 -7 -10 -22 23 -3 -8 -24 27 -4 -6 -28
right_child=5 2 26 4 28 9 7 -9 20 11 12 14 13 -15 16 -17 -18 18 -20 -21 21 -23 25 -25 -26 -27 29 -29 -30 -31
leaf_value=-0.12326660022386578 0.28219072723608207 -1.6520869180864217 0.93468571318686022 8.2052989988491447 5.0732529673083082 -0.96845204873935331 -0.14282756840396801 -5.3119470986452972 5.5539457835403141 -8.0370544317292012 11.099528937504211 0.31405727749779111 -4.275772463042161 3.8136497266292575 4.137137803807855 -4.9695311881043018 -0.35454916306221707 -8.2024306962656421 -0.17021725419638814 0.039780815751677606 -1.1760829854417931 2.071121092416059 1.1271631373561781 0.3107164475867108 3.4709241183598838 -0.38372056080123129 0.14948063718222585 -5.7377778536743591 0.33929221677780153 -1.4718809013311254
leaf_weight=5161 762 191 20 24 24 853 1665 39 46 36 24 142 24 195 69 155 5646 38 64 8773 83 436 1682 2203 40 290 1539 31 120 210
leaf_count=5161 762 191 20 24 24 853 1665 39 46 36 24 142 24 195 69 155 5646 38 64 8773 83 436 1682 2203 40 290 1539 31 120 210
internal_value=0.000146314 0.145433 0.364304 0.568004 2.47162 -0.08735 0.322986 -0.180707 0.983191 -0.166095 0.0114609 -0.458597 3.87346 2.85126 -0.406568 -2.47983 -0.296741 -0.086945 -3.40654 -0.0500141 1.91775 1.54546 0.491999 0.150981 -0.0481172 0.904541 -0.148919 -3.27041 1.27239 -0.0488063
internal_weight=30585 11495 6334 4534 168 19090 3071 1744 1327 16019 9971 6048 243 219 6012 297 5715 9728 102 9626 565 519 4366 2394 1705 1972 1800 51 144 1749
internal_count=30585 11495 6334 4534 168 19090 3071 1744 1327 16019 9971 6048 243 219 6012 297 5715 9728 102 9626 565 519 4366 2394 1705 1972 1800 51 144 1749
is_linear=0
shrinkage=0.05


Tree=185
num_leaves=31
num_cat=0
split_feature=14 2 14 11 17 16 2 23 7 2 7 5 23 11 26 9 14 7 16 9 11 17 7 11 9 10 5 17 8 8
split_gain=153656 456354 428611 851392 610245 503789 705939 425656 392625 388285 1.18342e+06 728809 730069 421224 732638 631274 628140 536006 483678 409481 381617 433286 380362 562705 581213 482756 360617 343688 327917 303130
threshold=-0.37940952255126059 0.48914893720669933 -1.0000000180025095e-35 178.5381425336227 -0.56174490092936669 1.0000000180025095e-35 0.59700384513092264 13.444966000000003 218.38834775283709 0.53607988294315978 926.39038297204081 178.04999999999998 6.4001635000000006 209.63030065910314 16.665200000000002 1786.1298771869133 0.98296291314453432 186.95650351905019 -0.60785761079279388 845.50573020791228 924.74512740195235 -0.22252093395631442 926.39038297204081 777.22274205627548 2148.5964702371089 2228.4778661858099 199.99000000000015 -0.22252093395631442 2475.030458788719 1562.9693154448792
decision_type=2 2 2 2 2 2 2 2 2 2 2 2 2 2 2 2 2 2 2 2 2 2 2 2 2 2 2 2 2 2
left_child=1 8 3 -2 5 6 -5 28 -1 13 11 12 -11 17 15 -15 -16 -4 -19 -13 22 -22 23 -3 -25 -24 -23 -10 -6 -7
right_child=2 20 9 4 7 29 -8 -9 27 10 -12 19 -14 14 16 -17 -18 18 -20 -21 21 26 25 24 -26 -27 -28 -29 -30 -31
leaf_value=0.66828237849165251 0.062821589732977759 0.047776960789608518 -0.12710262051707774 -1.5337227121898622 -1.1166796927149327 -3.8769056453671258 -8.7013549327850352 2.4064434773484131 0.79772129484585363 0.56020886277175819 7.4891681454011376 3.9639629026018355 -0.44455916152780744 -2.9805770140976229 -0.65534178786607056 3.21710640768642 1.7210910533959014 4.1282974761465319 0.60957635329762527 1.0275690828812258 -1.8909624776532574 8.9515554373604918 -8.0033099766933571 9.3748174995183948 1.1388136973381042 0.47983741383803519 1.3514982081748343 6.1531991237326515 -5.350376391410828 0.65835297605659393
leaf_weight=246 1520 10849 4656 61 624 66 82 76 51 3328 51 132 3946 459 2216 41 313 133 342 954 26 30 28 27 70 33 32 74 45 74
leaf_count=246 1520 10849 4656 61 624 66 82 76 51 3328 51 132 3946 459 2216 41 313 133 342 954 26 30 28 27 70 33 32 74 45 74
internal_value=0.000171238 0.144853 -0.0866093 -0.689671 -1.79727 -3.75536 -5.79928 -1.03332 1.85802 0.00629601 0.24462 0.195968 0.0152044 -0.239352 -0.70638 -2.44545 -0.358389 0.0367607 1.62766 1.40106 0.0867514 3.27624 0.0597712 0.0825565 3.77897 -3.72463 5.42328 4.08327 -1.43911 -1.53931
internal_weight=30585 11466 19119 2548 1028 283 143 745 371 16571 8411 8360 7274 8160 3029 500 2529 5131 475 1086 11095 88 11007 10946 97 61 62 125 669 140
internal_count=30585 11466 19119 2548 1028 283 143 745 371 16571 8411 8360 7274 8160 3029 500 2529 5131 475 1086 11095 88 11007 10946 97 61 62 125 669 140
is_linear=0
shrinkage=0.05


Tree=186
num_leaves=30
num_cat=0
split_feature=9 12 11 26 1 23 10 15 15 11 1 10 11 23 3 26 9 12 7 3 8 2 3 15 9 1 5 2 10
split_gain=155428 381802 395663 534843 411654 835646 399370 1.02302e+06 497613 369996 619170 332318 601636 770249 675729 745311 543140 654788 476619 508328 465932 461306 439495 969301 447108 297306 218362 167048 51004.1
threshold=2895.5032941072968 30486.500000000004 815.9462725892173 18.583150000000003 0.15094606262164065 8.4929780000000026 2228.4778661858099 0.1294095225512602 -0.70710678118654757 648.80539728898964 0.059528773834004955 1827.0680963295231 924.74512740195235 6.6955535500000005 0.90598827827926787 18.613500000000005 431.30090789025417 27319.500000000004 995.43244380087151 1.9881257766337264 2626.1050338120644 0.48172881393203559 1.342247683271232 0.1294095225512602 2231.5016179326008 0.15094606262164065 349.99999999999994 0.58405734446265456 1706.1374638911916
decision_type=2 2 2 2 2 2 2 2 2 2 2 2 2 2 2 2 2 2 2 2 2 2 2 2 2 2 2 2 2
left_child=11 -2 6 -4 27 -6 7 8 -3 25 -11 18 14 -14 15 26 21 -18 19 22 28 -16 24 -24 -1 -8 -13 -5 -21
right_child=1 2 3 4 5 -7 9 -9 -10 10 -12 12 13 -15 16 -17 17 -19 -20 20 -22 -23 23 -25 -26 -27 -28 -29 -30
leaf_value=0.020461991368105347 -6.3634267398289275 -6.0641397383905229 7.8514114118391465 -0.1568249740600586 -6.9744454261584155 4.8200397491455078 -0.59813635177016256 -10.991457138639509 1.4604100115989385 -3.3818217049042385 4.5156827256793068 9.2377499176531419 2.0540371831258137 -8.9083176713240775 0.063649035902584306 -1.6985642168972945 5.3940668476161671 0.40325054952836342 -6.0486476219061656 9.1244356412153973 -0.62026477389865464 -8.8420462098614916 -1.9885971066454031 0.33471296376427229 -4.039691294642056 -5.7059287881851199 2.7919282943971697 5.5309195068904335 3.7873569564819336
leaf_weight=23744 23 26 26 20 34 20 620 28 71 31 79 44 25 33 29 32 62 3581 28 21 31 24 874 915 63 25 26 30 20
leaf_count=23744 23 26 26 20 34 20 620 28 71 31 79 44 25 33 29 32 62 3581 28 21 31 24 874 915 63 25 26 30 20
internal_value=0.00032782 -0.60104 -0.439068 2.08558 0.349626 -2.56699 -0.821759 -3.38243 -0.754384 -0.378278 2.23932 0.0214486 0.453966 -4.39436 0.533699 4.45189 0.419685 0.495479 -0.0435296 -0.0358002 4.02065 -4.38285 -0.0479957 -0.802671 0.0088696 -0.838559 7.18999 3.44748 7.21672
internal_weight=30585 1033 1010 130 104 54 880 125 97 755 110 29552 3856 58 3798 102 3696 3643 25696 25668 72 53 25596 1789 23807 645 70 50 41
internal_count=30585 1033 1010 130 104 54 880 125 97 755 110 29552 3856 58 3798 102 3696 3643 25696 25668 72 53 25596 1789 23807 645 70 50 41
is_linear=0
shrinkage=0.05


Tree=187
num_leaves=30
num_cat=0
split_feature=15 11 1 2 11 7 6 24 16 6 24 15 3 24 8 14 11 4 26 5 11 26 5 7 2 0 1 7 3
split_gain=154283 312248 166184 160138 588035 459063 505175 591471 391923 288012 273534 263609 648798 1.21919e+06 377745 334017 710548 375630 206965 200638 265683 159597 168579 148687 131904 130281 114861 89455.6 82029.6
threshold=-0.9829629131445341 709.18839906504832 0.18946953262365177 0.69644337572066228 242.32531917308287 230.37096178665732 35793.656666666669 9.9619915000000017 -1.0000000180025095e-35 44141.060833333344 17.198304000000004 -0.5 0.87818257690048962 8.6676545000000029 1053.7360194662817 -0.60355339059327362 230.36590789833886 1.2548017191289624 16.665200000000002 45.005000000000003 58.006107095449259 18.814800000000002 499.03500000000014 488.33529821735692 0.49671158309661834 0.28783497235884398 0.047925951944690376 239.88761233091273 1.3635344290268736
decision_type=2 2 2 2 2 2 2 2 2 2 2 2 2 2 2 2 2 2 2 2 2 2 2 2 2 2 2 2 2
left_child=1 2 21 9 18 10 7 -7 -8 11 25 12 14 -14 -2 16 -13 -17 19 28 -21 22 23 -1 -23 -6 -26 -20 -5
right_child=3 -3 -4 4 5 6 8 -9 -10 -11 -12 15 13 -15 -16 17 -18 -19 27 20 -22 24 -24 -25 26 -27 -28 -29 -30
leaf_value=-0.070806613288276907 0.0049173313837076894 -4.7280263934024545 -4.4276702957153322 -0.049998300145387246 9.0819080855395349 -9.0073975677490239 -1.5893773794174195 0.99558954972487224 2.4245410251964064 4.0729496201803519 0.72825560152530677 -0.0041467871339545955 -2.3749777415668643 -0.057727369904013004 3.4718287566304209 -0.12663971948783553 1.1908444663104352 0.95055136076009572 -0.92279255489508305 -1.1229494783472507 1.9795186109316572 1.2875735693964465 3.1314578545399203 -2.6550801911596529 -0.33846130688985188 3.0178764269902159 -3.6743344859231879 -4.7632748428980518 -2.7289191854411161
leaf_weight=990 4396 38 20 1978 32 20 69 34 369 38 25 3688 920 1470 75 13006 1872 858 37 89 265 24 34 54 40 21 74 25 24
leaf_count=990 4396 38 20 1978 32 20 69 34 369 38 25 3688 920 1470 75 13006 1872 858 37 89 265 24 34 54 40 21 74 25 24
internal_value=0.000188821 -0.537362 -0.389952 0.0236428 0.370205 1.80739 1.21279 -3.15774 1.7813 -0.0157574 5.25835 -0.0224438 -0.288751 -0.95284 0.0668985 0.0716695 0.398895 -0.0596534 0.0283623 0.10609 1.1946 -0.305642 -0.0969302 -0.216542 -1.87527 7.14733 -2.56767 -2.71202 -0.0888566
internal_weight=30585 1274 1236 29311 2988 570 492 54 438 26323 78 26285 6861 2390 4471 19424 5560 13864 2418 2356 354 1216 1078 1044 138 53 114 62 2002
internal_count=30585 1274 1236 29311 2988 570 492 54 438 26323 78 26285 6861 2390 4471 19424 5560 13864 2418 2356 354 1216 1078 1044 138 53 114 62 2002
is_linear=0
shrinkage=0.05


Tree=188
num_leaves=31
num_cat=0
split_feature=10 26 13 1 9 26 26 7 13 15 26 1 24 13 1 15 15 15 1 2 7 7 1 1 24 9 10 12 15 2
split_gain=154974 229921 308838 289139 211405 425188 467974 381264 591448 471559 457964 599585 372438 321729 319158 280980 585457 454861 269171 244917 201399 366747 321413 257823 185343 177928 832726 485346 1.04536e+06 608039
threshold=2767.1847758161971 18.216350000000002 43707.545000000006 0.047425524799994428 2345.2743751583434 18.786450000000006 18.758650000000003 380.05603431913977 26636.750000000004 -0.12940952255126034 18.966950000000004 0.14161696835341123 9.8595785000000031 38711.320000000007 0.10659098059708945 0.60355339059327384 0.98296291314453432 -0.78656609248549325 0.18058820999331973 0.58088057028910967 478.88074020182006 531.8410496750497 0.038830720078948326 0.025987397454663354 10.612726500000003 1209.1912428964279 1274.7662544137927 27871.500000000004 -0.12940952255126034 0.49671158309661834
decision_type=2 2 2 2 2 2 2 2 2 2 2 2 2 2 2 2 2 2 2 2 2 2 2 2 2 2 2 2 2 2
left_child=4 3 20 -2 7 6 15 25 9 14 11 -10 -11 -8 -9 17 -17 -6 -15 -12 22 -22 23 -3 -23 26 -1 28 -27 -29
right_child=1 2 -4 -5 5 -7 13 8 10 12 19 -13 -14 18 -16 16 -18 -19 -20 -21 21 24 -24 -25 -26 27 -28 29 -30 -31
leaf_value=-0.02970366089445426 6.8917348490041848 2.1054015159606934 -4.8833900184631354 -0.093165134999059873 -1.6723958973503354 -4.1642097204531501 -1.1999915276061406 5.3244288627554974 1.4710369656071112 0.89528395897812318 -0.32422088481942002 -0.26693519263834314 -5.2400020141412718 5.4211612372021927 -1.8593696276346845 -2.5315119239049877 1.8005689603090287 0.30696070612655618 -0.89632604217529299 -4.0631975509226326 -6.2695536987781528 2.7938514783978463 3.7041935065188087 -2.5909728809406882 -2.6185538978576659 -4.9354436751334898 1.7059550009921161 -1.995121631131247 5.97154022961855 -0.1821202691835179
leaf_weight=19094 29 55 20 26 389 71 39 25 1700 31 142 698 96 71 28 364 95 1098 20 59 20 39 99 52 20 26 712 506 75 4886
leaf_count=19094 29 55 20 26 389 71 39 25 1700 31 142 698 96 71 28 364 95 1098 20 59 20 39 99 52 20 26 712 506 75 4886
internal_value=0.000127447 1.02424 0.459409 3.85635 -0.0122362 -0.489845 -0.354453 0.0243634 0.579731 -2.15452 0.772891 0.965632 -3.76485 2.49408 1.69524 -0.550675 -1.62505 -0.214676 4.05781 -1.49396 0.912247 -1.18182 1.72452 -0.19028 0.897119 -0.0367422 0.0331033 -0.288393 3.06297 -0.353957
internal_weight=30585 360 305 55 30225 2147 2076 28078 2779 180 2599 2398 127 130 53 1946 459 1487 91 201 285 79 206 107 59 25299 19806 5493 101 5392
internal_count=30585 360 305 55 30225 2147 2076 28078 2779 180 2599 2398 127 130 53 1946 459 1487 91 201 285 79 206 107 59 25299 19806 5493 101 5392
is_linear=0
shrinkage=0.05


Tree=189
num_leaves=31
num_cat=0
split_feature=12 13 9 0 11 23 9 13 9 23 11 0 9 0 12 15 11 23 3 3 15 11 11 6 11 15 11 11 23 23
split_gain=149880 163864 438796 534733 408989 642683 571965 380846 348365 312657 272007 181161 176070 432707 471312 385874 724088 380395 331394 194727 247577 395673 208611 182704 459853 349346 120750 65167.3 70048.1 11591
threshold=20782.500000000004 28290.905000000002 1972.6662909140466 0.47344484209981913 648.80539728898964 4.513898750000001 1627.7543623828017 27679.825000000004 1543.9451096952896 7.0086555000000006 509.51803386083446 0.53476337928950091 2895.5032941072968 0.41577432758218852 37432.500000000007 -0.5 866.73822657055348 7.0548860000000007 2.2013852343508646 2.5750175502600348 -0.5 531.76801472283285 614.20424327994806 38138.140000000007 69.163290355828067 1.0000000180025095e-35 166.58298208208168 136.68326647214374 6.8450907500000007 8.2585035000000016
decision_type=2 2 2 2 2 2 2 2 2 2 2 2 2 2 2 2 2 2 2 2 2 2 2 2 2 2 2 2 2 2
left_child=26 2 4 -4 6 -6 10 -8 -7 11 -2 -5 19 14 17 -15 -17 -14 -16 23 22 -22 -21 25 -25 -3 27 -1 -29 -28
right_child=1 12 3 9 5 8 7 -9 -10 -11 -12 -13 13 15 18 16 -18 -19 -20 20 21 -23 -24 24 -26 -27 29 28 -30 -31
leaf_value=-1.9286544712053406 0.20618200101952111 -0.30461828805630087 8.3017568036129603 5.837907600844348 3.4262646842002868 -1.1023771878444788 1.7298719618631446 9.74649497052798 -6.4944596137385817 -3.5984664316530584 4.0101690252621971 -0.35506505680084233 -1.8731569943604649 -7.7611783385276798 1.1871195918885036 -2.846003960029424 6.30005860900879 5.4387017749249935 -1.2011163059590242 1.5548450332620871 0.58011991734857915 7.5509901217288444 -3.9884051711470998 -0.49425240407020654 0.57443879410885346 0.099243063722760483 -4.2453089489656337 2.7372002137303353 -1.0085850513898409 -1.8065224847793582
leaf_weight=31 2307 9460 33 22 35 61 41 21 59 22 43 20 22 27 196 166 20 57 522 41 49 31 22 1417 3444 12326 29 20 21 20
leaf_count=31 2307 9460 33 22 35 61 41 21 59 22 43 20 22 27 196 166 20 57 522 41 49 31 22 1417 3444 12326 29 20 21 20
internal_value=5.97457e-05 0.00717798 0.381404 3.59809 0.253076 -2.19595 0.414693 4.97064 -3.90762 0.746207 0.284174 3.16376 -0.0287434 -0.675149 -0.134293 -2.64919 -1.72312 3.4116 -0.545404 -0.00425025 1.80438 3.5672 -0.531089 -0.0142947 0.262713 -0.0761505 -1.72086 -0.353568 0.916452 -3.51025
internal_weight=30585 30464 2664 97 2567 155 2412 62 120 64 2350 42 27800 1010 797 213 186 79 718 26790 143 80 63 26647 4861 21786 121 72 41 49
internal_count=30585 30464 2664 97 2567 155 2412 62 120 64 2350 42 27800 1010 797 213 186 79 718 26790 143 80 63 26647 4861 21786 121 72 41 49
is_linear=0
shrinkage=0.05


Tree=190
num_leaves=31
num_cat=0
split_feature=10 23 8 15 23 23 7 18 15 23 15 13 0 9 8 8 23 0 9 26 10 9 9 10 3 10 4 26 12 23
split_gain=146382 559664 948617 766813 784048 514501 401737 553524 558668 370294 360545 420185 306755 275066 214484 249253 369793 929294 621035 412343 405358 243897 284864 405543 380774 250504 185112 170041 116926 113343
threshold=2612.5536112046047 6.5085208500000009 2148.5964702371089 0.25881904510252057 5.6664435000000006 10.332337000000001 404.66582167028594 -0.93301270189221919 1.0000000180025095e-35 5.0056112500000003 0.96592582628906831 34658.780000000006 0.50131040274577188 2111.7118711774119 3302.9503335992745 2803.4179486041867 10.281095000000002 0.4179017886909453 1658.6664974867074 18.132100000000005 2127.9651067505474 3005.0980100075335 2700.8174739057463 1983.9527159747879 2.2357967022157044 1962.7455307003709 1.1196685235576567 18.567550000000004 39957.500000000007 8.0902885000000015
decision_type=2 2 2 2 2 2 2 2 2 2 2 2 2 2 2 2 2 2 2 2 2 2 2 2 2 2 2 2 2 2
left_child=14 3 5 13 9 29 7 8 -4 12 11 -8 -5 -2 15 21 18 19 -17 -18 -20 22 24 -24 -1 26 -23 -27 -7 -3
right_child=1 2 6 4 -6 28 10 -9 -10 -11 -12 -13 -14 -15 -16 16 17 -19 20 -21 -22 25 23 -25 -26 27 -28 -29 -30 -31
leaf_value=-0.0080070912479693959 5.986574990932759 11.123935661315919 -1.0525087904560475 0.023044511179129284 -11.572865691008392 -1.4448415884604822 -3.6946496561790507 8.5060867691040052 3.7314835581005128 3.5902685317993162 4.292011292357194 0.086636086710808025 -5.4336490564048292 0.27322402691640774 4.2771396756172182 6.1783360428280307 1.0397851826710123 -9.7384133094235477 2.2628514523255201 -3.4172172217684635 -1.4169346987029141 7.5188928341043413 -4.2912914638663393 -0.43580645576066773 2.4770189115020536 3.2631200785296302 1.1265079992788809 -1.0531009406754464 3.3818020019531247 5.2901449624882195
leaf_weight=28126 21 25 124 43 22 21 91 25 112 20 33 312 59 114 24 31 102 33 90 97 351 24 86 278 150 30 22 61 20 38
leaf_count=28126 21 25 124 43 22 21 91 25 112 20 33 312 59 114 24 31 102 33 90 97 351 24 86 278 150 30 22 61 20 38
internal_value=0.000222443 0.570596 1.24093 -1.3417 -3.82086 5.58003 0.558285 2.0902 1.24797 -2.02197 -0.371942 -0.801894 -3.23923 1.34439 -0.0207469 -0.0249721 -0.951124 -2.5627 -0.140331 -1.16299 -0.648897 -0.00215177 -0.0124001 -1.39266 0.00560944 2.06492 4.87282 0.465151 1.0202 8.25359
internal_weight=30585 1080 801 279 144 104 697 261 236 122 436 403 102 135 29505 29481 704 232 472 199 441 28777 28640 364 28276 137 46 91 41 63
internal_count=30585 1080 801 279 144 104 697 261 236 122 436 403 102 135 29505 29481 704 232 472 199 441 28777 28640 364 28276 137 46 91 41 63
is_linear=0
shrinkage=0.05


Tree=191
num_leaves=31
num_cat=0
split_feature=15 11 0 24 7 26 7 0 10 12 11 4 14 13 11 15 10 10 5 2 11 5 11 0 11 4 11 24 10 11
split_gain=142129 289116 460372 459874 452987 380853 345292 297192 197663 173348 357793 298832 262944 170761 527351 524449 305748 178751 229269 177923 533322 373330 282971 209397 328150 195291 158507 141248 134132 152949
threshold=-0.9829629131445341 342.34426700996619 0.39416412884346325 10.028271750000002 576.58915984026874 18.559050000000003 385.01845853232277 0.40772911159131897 1848.738506876083 46979.000000000007 346.17131145310685 1.0139622722416595 -0.25881904510252113 45838.05000000001 375.17067062483983 -0.37940952255126009 2257.4581861031606 2127.9651067505474 365.16000000000003 0.63494309862407949 687.63510778768716 200.00000000000014 78.238657920977133 0.36679550891448365 176.45578405418607 1.3494172488908298 201.94722782707234 9.1386335000000027 1983.9527159747879 283.33987693072157
decision_type=2 2 2 2 2 2 2 2 2 2 2 2 2 2 2 2 2 2 2 2 2 2 2 2 2 2 2 2 2 2
left_child=1 8 3 5 -5 6 -3 -4 26 13 28 12 -12 19 17 16 -16 18 -15 23 22 -22 -21 24 -2 -25 -1 -9 29 -11
right_child=9 2 7 4 -6 -7 -8 27 -10 10 11 -13 -14 14 15 -17 -18 -19 -20 20 21 -23 -24 25 -26 -27 -28 -29 -30 -31
leaf_value=-0.0055038192699865115 0.12898393708977615 -6.8761169231854957 5.1431209691933226 -3.7387152365275789 5.5298459167480472 -10.168851880104313 -0.58785816097730093 -2.8841065261422134 2.8896688572331972 -0.0073494306890479408 3.3685164116761266 6.6409402483985538 -1.7035953402519226 -0.23067730359006219 -11.784012001037599 0.54393986157008578 -3.0644091574350991 3.4398686624342396 -4.9579432187256991 -0.17699848206214391 5.5235682951658971 0.10203073764669485 0.43196465303975295 -0.071286344078482763 -4.0627460012952969 0.65201967223552149 -1.6493164687433055 1.5376551492647692 -2.7766385818782608 4.041780762489025
leaf_weight=812 106 34 23 23 20 26 52 36 46 226 63 37 37 528 20 30 25 26 22 3307 75 53 4496 19152 78 976 174 28 33 21
leaf_count=812 106 34 23 23 20 26 52 36 46 226 63 37 37 528 20 30 25 26 22 3307 75 53 4496 19152 78 976 174 28 33 21
internal_value=0.000464096 -0.515479 -2.05222 -3.64655 0.698169 -5.2736 -3.31568 0.83154 -0.146915 0.0229753 1.02904 3.07343 1.4996 0.00827852 -0.789214 -4.59368 -7.73165 -0.258485 -0.462821 0.0267989 0.227559 3.36732 0.173925 -0.0516239 -1.70815 -0.0360578 -0.302497 -0.97762 -0.00745153 0.410074
internal_weight=30585 1274 242 155 43 112 86 87 1032 29311 417 137 100 28894 651 75 45 576 550 28243 7931 128 7803 20312 184 20128 986 64 280 247
internal_count=30585 1274 242 155 43 112 86 87 1032 29311 417 137 100 28894 651 75 45 576 550 28243 7931 128 7803 20312 184 20128 986 64 280 247
is_linear=0
shrinkage=0.05


Tree=192
num_leaves=31
num_cat=0
split_feature=1 8 2 12 24 7 16 8 26 6 24 12 7 6 4 14 7 17 7 6 19 7 1 6 7 7 24 7 26 0
split_gain=156347 229003 408459 708670 599394 475911 404541 396269 334013 314987 944053 508754 292672 537456 533422 458952 202521 195873 867338 477333 458376 456288 556922 224022 190548 179588 848970 234441 600911 561189
threshold=0.034612725495734666 2803.4179486041867 0.59700384513092264 37563.500000000007 6.681157100000001 544.92069095004797 -0.8783796973249266 2895.5032941072968 18.576600000000003 33703.341666666674 8.9606320000000022 39908.000000000007 816.11141565159744 35158.530833333338 0.60068071889745844 0.91597561503675362 418.29903559414151 -0.56174490092936669 576.58915984026874 31496.79416666667 0.93301270189221952 400.22302417199722 0.1371351476273476 39840.536666666674 2.0306872477245395 668.18643537312937 9.6838715000000004 425.10869052098866 18.611300000000004 0.45366336749553832
decision_type=2 2 2 2 2 2 2 2 2 2 2 2 2 2 2 2 2 2 2 2 2 2 2 2 2 2 2 2 2 2
left_child=24 12 4 8 16 7 -7 -6 -4 10 -5 -11 17 14 -14 -16 -3 18 20 -20 -2 23 -23 -19 -1 27 -27 -26 29 -29
right_child=1 2 3 9 5 6 -8 -9 -10 11 -12 -13 13 -15 15 -17 -18 21 19 -21 -22 22 -24 -25 25 26 -28 28 -30 -31
leaf_value=-2.1817511358378847 -0.069498786588839442 -3.5450010091830522 7.6095022562073495 2.1196948283427473 -4.0648231583256873 2.3901746886117117 -4.4769363057095068 2.3691508006548214 0.14879132961404737 2.0342437833547593 -9.4160322467486068 -1.202340907737409 -4.8178452359139925 6.1953765716552738 0.35363360114959108 5.3682880871128624 -10.335497967325725 -0.099831005451560886 -5.7325106633676066 -0.3354002344146581 -1.7743839829127301 1.337417495811601 -0.52186940606603205 0.70321153285003957 0.21581775537592318 -9.5530972865911643 1.2605976258554767 4.8792999404507711 -1.1697885337330047 -0.79346038524921125
leaf_weight=76 6005 34 36 32 26 23 110 102 24 169 31 397 35 45 233 52 21 13752 106 66 417 1322 575 922 5572 21 57 143 121 60
leaf_count=76 6005 34 36 32 26 23 110 102 24 169 31 397 35 45 233 52 21 13752 106 66 417 1322 575 922 5572 21 57 143 121 60
internal_value=0.000319837 -0.0558233 -0.793057 -0.105874 -2.26623 -1.20445 -3.24545 0.958193 4.86699 -0.614954 -3.83086 -0.226502 -0.0241711 1.37098 0.607518 1.34554 -6.7838 -0.0464471 -0.276822 -3.72979 -0.181504 0.0452776 0.773932 -0.0491483 0.227868 0.26033 -2.05028 0.292617 1.58987 3.22361
internal_weight=30585 24535 1005 689 316 261 133 128 60 629 63 566 23530 365 320 285 55 23165 6594 172 6422 16571 1897 14674 6050 5974 78 5896 324 203
internal_count=30585 24535 1005 689 316 261 133 128 60 629 63 566 23530 365 320 285 55 23165 6594 172 6422 16571 1897 14674 6050 5974 78 5896 324 203
is_linear=0
shrinkage=0.05


Tree=193
num_leaves=31
num_cat=0
split_feature=15 13 9 10 3 12 24 9 0 15 26 11 26 11 26 17 10 8 17 26 26 22 4 11 15 10 10 9 13 9
split_gain=145544 243983 268166 252635 356167 295958 381230 443737 267754 208616 378926 761784 560586 376738 225744 203901 200201 371283 259126 180289 434708 449660 194057 187765 228483 175237 170077 470998 529770 342706
threshold=0.96592582628906831 27806.320000000003 964.05262549549161 2257.4581861031606 1.841147238817652 38438.500000000007 12.585383500000001 2443.5219297118733 0.49194309828246147 0.9159756150367534 18.583150000000003 531.76801472283285 18.605350000000005 161.23706068859158 19.406600000000001 -0.56174490092936669 1589.497104335607 1603.25204566808 1.0000000180025095e-35 19.747150000000001 20.798800000000004 4.5000000000000009 1.0506637891712143 201.94722782707234 0.1294095225512602 2046.8312322561817 418.88510903838215 221.66253622007531 37418.74500000001 1642.3785908357577
decision_type=2 2 2 2 2 2 2 2 2 2 2 2 2 2 2 2 2 2 2 2 2 2 2 2 2 2 2 2 2 2
left_child=9 2 -2 4 16 6 7 -5 -8 19 11 13 -12 -11 25 -15 17 -3 -18 26 21 -21 -23 -22 -25 -14 29 28 -28 -1
right_child=1 3 -4 5 -6 -7 8 -9 -10 10 12 -13 14 15 -16 -17 18 -19 -20 20 23 22 -24 24 -26 -27 27 -29 -30 -31
leaf_value=-0.25576776245549343 1.1636220390277525 0.097902311948704301 6.3964390069246297 8.0077006025517239 -4.5416649120609938 -2.6207492748896284 3.3561522854699031 1.7998373037576678 -2.9503995667894682 0.12147464060055263 -8.9690614881186654 6.2852616182593417 -3.7295026256924588 0.049191589604367265 0.84417741192530282 -2.8339111795684078 0.18899097904484935 -3.8684110690335758 3.1980999258848337 -0.96908359068077665 -0.70885772668759151 -2.4036225481870326 -7.5223997817394581 -0.13442434967192038 2.7447870061062929 -0.16296015036733527 0.86812166215957343 0.04536778242214861 6.0414313921422673 -4.8027842342853546
leaf_weight=3246 119 1797 27 42 36 28 22 85 40 699 24 38 100 86 68 207 186 56 112 210 354 42 42 173 109 52 207 22280 61 37
leaf_count=3246 119 1797 27 42 36 28 22 85 40 699 24 38 100 86 68 207 186 56 112 210 354 42 42 173 109 52 207 22280 61 37
internal_value=0.000114691 0.361389 2.31143 0.238387 0.0750518 1.84554 2.55797 4.07877 -0.628386 -0.0328028 -0.65664 -0.23225 -2.40729 -0.512231 -1.50783 -2.00088 0.162696 -0.0320254 1.35421 -0.00298507 -0.685056 -2.25744 -5.24239 0.0536634 1.00672 -2.55374 0.0216976 0.0706734 2.13489 -0.314254
internal_weight=30585 2550 146 2404 2187 217 189 127 62 28035 1274 1030 244 992 220 293 2151 1853 298 26761 930 294 84 636 282 152 25831 22548 268 3283
internal_count=30585 2550 146 2404 2187 217 189 127 62 28035 1274 1030 244 992 220 293 2151 1853 298 26761 930 294 84 636 282 152 25831 22548 268 3283
is_linear=0
shrinkage=0.05


Tree=194
num_leaves=31
num_cat=0
split_feature=1 11 15 11 8 15 15 3 26 23 14 2 2 3 17 11 19 11 26 1 1 11 15 2 18 11 19 12 8 1
split_gain=139340 360802 725562 404652 214493 433922 1.11042e+06 291890 515224 827094 586042 360737 372997 196465 199707 1.35842e+06 549844 499996 951374 283163 273759 143832 272495 511931 298414 115612 112543 77031.6 76799.8 8327.53
threshold=0.033462168160161676 631.09926442692938 -0.78656609248549325 576.46600801760758 2803.4179486041867 0.78656609248549303 0.98296291314453432 2.5750175502600348 18.589750000000006 8.7945025000000019 0.37940952255126054 0.57876932946161075 0.59700384513092264 1.0000000180025095e-35 -0.56174490092936669 815.9462725892173 0.93301270189221952 412.5423184596591 14.827350000000001 0.22031234280403358 0.16073202496419656 115.81790009076933 -0.12940952255126034 0.6421029015472135 1.0000000180025095e-35 456.93634900424689 -0.24999999999999994 30356.500000000004 503.47563956699781 0.063649560407954234
decision_type=2 2 2 2 2 2 2 2 2 2 2 2 2 2 2 2 2 2 2 2 2 2 2 2 2 2 2 2 2 2
left_child=1 3 -3 21 13 7 29 8 9 -6 -10 -9 -13 -2 15 16 -15 19 -19 -16 -17 26 23 -23 -24 -8 27 -1 -28 -7
right_child=4 2 -4 -5 5 6 25 11 10 -11 -12 12 -14 14 17 20 -18 18 -20 -21 -22 22 24 -25 -26 -27 28 -29 -30 -31
leaf_value=0.88147010072346532 -3.6129144775240043 -10.095078308105469 1.4089543685768591 5.782942812370532 3.4880654232217632 -5.187200459727535 -0.56486890407708978 4.9337516460906379 -6.211569951339202 -1.5053794174849644 0.92420554161071777 -3.5376368027308893 0.88331263754447598 -0.055464272096045514 -0.047460086347714939 -2.626857458628141 -1.8363862328886857 -2.3494587579002117 1.1259594877005061 2.3614971416752515 -10.660533009635078 -0.81709821337341693 0.29130084068247236 1.3717007047683003 1.8827283025009338 4.348389795303345 -0.06449297818861964 0.066144277944524196 -0.85838669550378577 -10.127885429786915
leaf_weight=489 33 20 28 28 104 22 21 39 83 342 41 53 264 6202 14829 21 461 214 1972 118 31 729 612 415 567 20 1731 703 365 28
leaf_count=489 33 20 28 28 104 22 21 39 83 342 41 53 264 6202 14829 21 461 214 1972 118 31 729 612 415 567 20 1731 703 365 28
internal_value=6.593e-05 0.223258 -3.88361 0.261635 -0.0509465 -0.760284 -3.96147 -0.426057 -1.12386 -0.315116 -3.9074 0.691172 0.100553 -0.0205836 -0.0148543 -0.245871 -0.179975 0.0757312 0.781123 -0.0276557 -7.93206 0.22895 0.529668 -0.0205272 1.0614 2.04289 0.0159926 0.402946 -0.20448 -8.62408
internal_weight=30585 5687 48 5639 24898 1017 91 926 570 446 124 356 317 23881 23848 6715 6663 17133 2186 14947 52 5611 2323 1144 1179 41 3288 1192 2096 50
internal_count=30585 5687 48 5639 24898 1017 91 926 570 446 124 356 317 23881 23848 6715 6663 17133 2186 14947 52 5611 2323 1144 1179 41 3288 1192 2096 50
is_linear=0
shrinkage=0.05


Tree=195
num_leaves=31
num_cat=0
split_feature=9 12 11 3 4 23 10 7 12 7 10 23 23 15 3 9 11 7 0 12 15 23 9 7 7 11 4 16 12 3
split_gain=142399 348485 326861 358540 439235 453274 351871 513074 526765 285076 277276 820161 1.48373e+06 1.34136e+06 1.00298e+06 672539 554751 572820 545533 1.09366e+06 857645 485148 332131 307483 262122 240626 226636 220319 218238 196805
threshold=2895.5032941072968 30486.500000000004 815.9462725892173 1.9881257766337264 1.0080946158660313 7.5426510000000011 2289.661802668134 631.16248673136681 38374.500000000007 472.40360327348986 2438.4874958489418 6.5085208500000009 8.4368815000000019 0.25881904510252057 1.9467176928395675 2111.7118711774119 418.28706033867599 777.36461542940708 0.43626166544856587 38200.500000000007 1.0000000180025095e-35 7.1080962000000012 2396.8939039273037 408.87592371001875 435.66904081343336 648.80539728898964 1.2307905364777405 -1.0000000180025095e-35 35729.500000000007 2.4674322294762998
decision_type=2 2 2 2 2 2 2 2 2 2 2 2 2 2 2 2 2 2 2 2 2 2 2 2 2 2 2 2 2 2
left_child=10 -2 6 26 5 -5 7 9 -9 -3 29 13 14 15 22 -12 24 -18 19 -14 -20 -16 -13 -17 -15 28 -4 -27 -8 -1
right_child=1 2 3 4 -6 -7 25 8 -10 -11 11 12 18 16 21 23 17 -19 20 -21 -22 -23 -24 -25 -26 27 -28 -29 -30 -31
leaf_value=-0.020040296973839654 -6.0810493469238285 -2.613376144863464 6.9304631829261787 -2.2658509155799602 -5.0083984941244131 6.6767196392190868 -3.1494310035705571 -11.380423083593106 -1.8623430044223104 2.3741126841687143 7.2385714464717443 12.579358936877961 6.007052729045502 -2.0682463039814585 -1.8065310589810637 -3.0867609866650865 -6.5095064538029526 -0.23242116740771701 -7.6962032663061271 0.12962249853367222 0.024919257553506505 4.3501290938176149 4.5941738680430824 2.4199976410716775 2.8099861502647401 5.8326393365859985 0.32415784835815431 0.44665322535073582 -0.27252878962937949 2.5618735955575027
leaf_weight=28153 23 69 35 24 27 24 70 24 34 42 49 42 94 66 42 37 125 51 42 396 153 104 30 59 40 23 20 62 556 69
leaf_count=28153 23 69 35 24 27 24 70 24 34 42 49 42 94 66 42 37 125 51 42 396 153 104 30 59 40 23 20 62 556 69
internal_value=-0.000182942 -0.575797 -0.421042 1.87384 -0.404419 2.41255 -0.768787 -2.7846 -6.39228 -0.704798 0.0200301 0.724155 1.57525 -1.07298 5.11809 2.77412 -3.06515 -4.74752 0.418757 1.30652 -1.78867 2.57753 9.76722 0.249365 -0.183298 -0.273472 4.75621 2.14766 -0.616713 -0.0132733
internal_weight=30585 1033 1010 130 75 48 880 169 58 111 29552 1330 903 427 218 145 282 176 685 490 195 146 72 96 106 711 55 85 626 28222
internal_count=30585 1033 1010 130 75 48 880 169 58 111 29552 1330 903 427 218 145 282 176 685 490 195 146 72 96 106 711 55 85 626 28222
is_linear=0
shrinkage=0.05


Tree=196
num_leaves=30
num_cat=0
split_feature=6 9 12 14 10 23 23 1 8 15 14 5 23 5 6 9 5 10 14 3 11 8 1 23 10 23 15 23 3
split_gain=142085 137929 381643 411593 247107 742949 1.35271e+06 1.30909e+06 994816 720949 628449 436876 244422 492212 465700 200397 769651 522434 438068 259730 382964 355803 130867 105163 40996.5 76244.4 49202.6 32585.7 19776.3
threshold=19085.017500000005 2895.5032941072968 30486.500000000004 0.78656609248549325 2438.4874958489418 6.5085208500000009 8.4368815000000019 0.08601658294058849 2231.5016179326008 0.25881904510252057 -0.37940952255126059 300.00000000000017 7.9153435000000014 298.97000000000008 33703.341666666674 2700.8174739057463 19.944999999999997 2021.9135904974307 0.12940952255126043 2.2357967022157044 648.80539728898964 2312.5587359574915 0.072664432753199282 5.4911990500000014 300.24574531346633 7.2765186000000002 -0.37940952255126009 4.464591050000001 0.060841725232787365
decision_type=2 2 2 2 2 2 2 2 2 2 2 2 2 2 2 2 2 2 2 2 2 2 2 2 2 2 2 2 2
left_child=24 4 -3 12 15 7 8 9 -7 -6 -8 -9 14 -14 -4 19 18 -18 -17 21 -21 -2 27 -24 26 -26 -1 -5 -28
right_child=1 2 3 22 5 6 10 11 -10 -11 -12 -13 13 -15 -16 16 17 -19 -20 20 -22 -23 23 -25 25 -27 28 -29 -30
leaf_value=-0.67626919622222592 0.015864823725710259 -6.4291334081579139 -5.0356765568624313 2.0301918596029283 3.2172239462824637 10.630645887475266 2.5752103518561595 -3.549030693952854 2.8257391093767179 -1.4247053273056829 -0.64263877797468449 -11.464016151428224 0.8986051539453318 -2.5924001081463168 -0.78162690181386441 -2.3332950946612239 -2.7520369183272124 4.7426729172991031 -9.8545202699200871 2.7830849055509543 -1.8293986750430749 -1.3602066848754386 1.4903119773864748 6.8152988873995275 1.5218147330813938 -2.1782393735030605 -1.5754678773880006 -0.36809871542838313 -4.3179242495832773
leaf_weight=31 27213 22 76 23 132 52 219 60 166 210 466 25 387 131 326 73 35 52 24 176 56 473 20 21 22 24 20 26 24
leaf_count=31 27213 22 76 23 132 52 219 60 166 210 466 25 387 131 326 73 35 52 24 176 56 473 20 21 22 24 20 26 24
internal_value=-8.17111e-05 0.00684573 -0.559902 -0.400967 0.0268115 0.691463 1.5015 -1.019 4.8843 0.387314 0.397267 -6.38508 -0.72105 -0.00050324 -1.63798 -0.00476046 -1.62739 1.74131 -4.58655 0.00622157 1.65441 -0.00788415 2.73621 4.66316 -1.67565 -0.43196 -2.36315 0.84045 -3.36034
internal_weight=30585 30464 1032 1010 29432 1330 903 427 218 342 685 85 920 518 402 28102 184 87 97 27918 232 27686 90 41 121 46 75 49 44
internal_count=30585 30464 1032 1010 29432 1330 903 427 218 342 685 85 920 518 402 28102 184 87 97 27918 232 27686 90 41 121 46 75 49 44
is_linear=0
shrinkage=0.05


Tree=197
num_leaves=31
num_cat=0
split_feature=26 26 6 22 26 26 26 12 23 26 14 17 11 11 23 4 5 1 12 1 11 14 23 26 3 5 22 3 1 23
split_gain=132121 330824 599601 187230 187808 231877 180139 562613 795446 424406 432968 413370 405232 249436 216780 184065 309999 252987 163834 207958 137622 135342 136936 133020 109750 107716 101189 94620.8 75048.6 69639
threshold=24.444700000000001 19.747150000000001 26718.210833333334 1.5000000000000002 23.630500000000001 23.605300000000003 19.382950000000005 31240.500000000004 9.5720795000000027 19.249950000000002 -0.70710678118654735 -0.22252093395631442 299.42770225776047 230.36590789833886 7.9153435000000014 1.0666667407409056 146.99499999999992 0.16623843604882318 29500.500000000004 0.12428960263369709 320.45246966419393 1.0000000180025095e-35 10.229593500000002 20.798800000000004 0.79789742520144624 -699.9849999999999 5.5000000000000009 0.69653967089444835 0.058371238028711414 9.507200000000001
decision_type=2 2 2 2 2 2 2 2 2 2 2 2 2 2 2 2 2 2 2 2 2 2 2 2 2 2 2 2 2 2
left_child=1 6 23 24 5 -5 9 13 14 15 25 -12 -10 26 -9 16 -1 -17 19 21 -15 -2 -23 -3 -4 -11 -8 -20 -6 -26
right_child=18 2 3 4 28 -7 7 8 12 10 11 -13 -14 20 -16 17 -18 -19 27 -21 -22 22 -24 -25 29 -27 -28 -29 -30 -31
leaf_value=-0.039544122092874327 5.6550829267217999 -6.8801573361862793 1.6871128027094529 -1.0303860458117857 -1.1064986478714716 2.0362385166017978 -0.27350943620999651 4.2312344227882637 -0.02956217565844136 -1.5525045118927956 -5.0797459612476885 -0.87163888916714505 -6.8469672630573148 -3.504008673394428 1.559972618721627 0.28552372030511791 -1.543288705155339 -0.66348897626640513 -1.9844397808114689 -1.1513210967608862 0.65047886158738821 4.0572008371353148 -0.46944157198855757 -2.6145976296177622 1.074399938583374 2.3863129423487757 3.3622380912303926 1.0323513169560516 -4.2135178206222399 -1.8514758515357972
leaf_weight=19113 37 39 123 398 37 68 70 182 88 20 108 126 24 97 143 8344 344 762 43 30 23 27 33 49 30 58 21 52 51 45
leaf_count=19113 37 39 123 398 37 68 70 182 88 20 108 126 24 97 143 8344 344 762 43 30 23 27 33 49 30 58 21 52 51 45
internal_value=-0.000238364 -0.00922324 -0.984692 -0.512615 -0.982254 -0.565924 0.0186915 0.839916 1.85691 0.000118017 -1.81931 -2.87969 -1.72104 -1.26037 3.09748 0.0203087 -0.0665226 0.205783 1.20154 2.34211 -2.71316 3.42652 1.72218 -4.77382 0.793008 1.34307 0.696406 -0.363591 -3.03742 -0.686497
internal_weight=30585 30363 840 752 554 466 29523 648 437 28875 312 234 112 211 325 28563 19457 9106 222 127 120 97 60 88 198 78 91 95 88 75
internal_count=30585 30363 840 752 554 466 29523 648 437 28875 312 234 112 211 325 28563 19457 9106 222 127 120 97 60 88 198 78 91 95 88 75
is_linear=0
shrinkage=0.05


Tree=198
num_leaves=31
num_cat=0
split_feature=26 11 0 26 13 2 7 9 10 18 9 24 7 0 11 16 17 1 16 11 18 3 26 13 11 13 2 1 11 1
split_gain=131776 221306 261006 200039 644197 231090 178944 173414 592936 546433 328200 154579 144766 142888 498415 308675 124770 120565 114898 187640 130435 107024 95879.1 95474.6 92287.2 72636.4 69163.1 68280.6 68265 49123.8
threshold=6.6774500000000012 80.200030104141959 0.44690705193421881 7.0136000000000012 21887.480000000007 0.43604652652358772 188.82889785687027 294.11983948178869 1104.6751303923145 -0.5 133.87200642658311 10.724053250000003 90.994374767248715 0.36369985488925355 687.63510778768716 -0.60785761079279388 0.81174490092936691 0.16073202496419656 -0.60785761079279388 132.12150365067538 -0.5 0.24056784135936013 6.4891000000000014 21887.480000000007 99.536053447953677 32705.740000000002 0.48492550601761891 0.062158159500752833 87.350194167814593 0.081621406900387647
decision_type=2 2 2 2 2 2 2 2 2 2 2 2 2 2 2 2 2 2 2 2 2 2 2 2 2 2 2 2 2 2
left_child=1 -1 11 6 5 -5 17 8 10 -10 -6 29 16 14 -9 -15 28 18 20 -20 -2 -19 24 -8 -13 -24 -14 -28 -4 -3
right_child=3 2 12 4 7 -7 23 13 9 -11 -12 22 26 15 -16 -17 -18 21 19 -21 -22 -23 25 -25 -26 -27 27 -29 -30 -31
leaf_value=0.0053539851124323641 2.4094088452202933 -0.64107035174965865 -1.3926521486706205 -2.1312675249576567 -2.7024576724148712 -8.7997712795551006 4.9955096572637565 0.097687141588176332 -3.3134318607194082 4.4613153460930137 0.97117310354904252 -0.26264994421036419 -2.5086513621706361 0.18517113042421848 3.149653973737184 -0.26468415691898661 -0.40750299204479568 -3.6055783952985494 0.46291250373090476 2.1369633049417187 -0.25259891348537872 -0.061997771859169007 -2.1639775697864705 0.88251258952277056 1.5204075191915036 0.47756729125976566 0.56461850575481853 -1.6144189342244031 -4.9701530662141273 -3.523042856227784
leaf_weight=1365 44 27 22 35 99 21 27 8218 23 140 142 148 66 5890 131 10795 28 30 1834 180 752 55 62 30 135 40 67 68 74 37
leaf_count=1365 44 27 22 35 99 21 27 8218 23 140 142 148 66 5890 131 10795 28 30 1834 180 752 55 62 30 135 40 67 68 74 37
internal_value=-0.000338803 -0.378348 -1.05079 0.0281453 -0.0170024 -5.14909 0.417436 -0.00469282 1.01656 3.298 -0.561964 -0.2629 -2.11865 -0.0213755 0.147436 -0.105869 -3.44024 0.359832 0.416884 0.617476 -0.0912688 -1.44406 0.125963 3.07733 0.599381 -1.1537 -1.23939 -0.551072 -4.26033 -2.44249
internal_weight=30585 2139 774 28446 25494 56 2952 25438 404 163 241 449 325 25034 8349 16685 124 2895 2810 2014 796 85 385 57 283 102 201 135 96 64
internal_count=30585 2139 774 28446 25494 56 2952 25438 404 163 241 449 325 25034 8349 16685 124 2895 2810 2014 796 85 385 57 283 102 201 135 96 64
is_linear=0
shrinkage=0.05


Tree=199
num_leaves=31
num_cat=0
split_feature=15 26 9 26 6 6 6 3 26 0 15 6 22 23 15 14 26 26 9 21 9 26 7 0 23 3 6 13 0 23
split_gain=137980 610577 356549 391659 331926 297460 286602 234638 590584 444888 707541 1.2168e+06 716989 470632 1.18163e+06 1.12938e+06 379474 604680 786406 782517 737102 438867 458933 277666 192202 219226 182325 181580 243014 169033
threshold=0.98296291314453432 13.414400000000002 1065.6107339580142 18.619650000000004 28664.183333333338 27102.58666666667 28995.590000000004 0.87297218027408441 9.2756000000000025 0.50247997818105761 -0.37940952255126009 28129.700833333336 4.5000000000000009 9.089140500000001 0.25881904510252057 0.60355339059327384 8.6959500000000016 19.249950000000002 385.18225078545674 1.0000000180025095e-35 71.155737247132606 19.378050000000005 218.38834775283709 0.51278855121779865 11.848716500000002 0.59032134265119751 37978.630833333336 42134.360000000008 0.28385721731658087 7.2245507500000006
decision_type=2 2 2 2 2 2 2 2 2 2 2 2 2 2 2 2 2 2 2 2 2 2 2 2 2 2 2 2 2 2
left_child=7 -2 4 5 -3 -4 -5 16 -9 13 11 -11 -12 15 -15 -10 24 18 20 -20 -18 23 -23 -19 25 -1 -27 28 -26 -7
right_child=1 2 3 6 -6 29 -8 8 9 10 12 -13 -14 14 -16 -17 17 21 19 -21 -22 22 -24 -25 27 26 -28 -29 -30 -31
leaf_value=-0.096538051793463642 -0.45555171050533216 8.6307688395182307 5.804646143317223 -3.9950299543492935 2.2374045910313725 0.084502138220888423 0.53903574198484427 -6.513588923376961 -0.1519470648031872 -7.9072294947744783 -1.5294745398923928 2.2364287300312773 0.77361120795797222 -1.1234991384301922 0.88770204583092205 1.5213433673309256 0.39160006482426718 -6.2973183052212587 0.92035327681540524 -2.6134020660296979 10.096978021751752 -1.347435826826725 0.83477092093464744 0.5283614892959595 2.2029440264212972 -2.1376983221573949 0.29876167914219975 -0.22316998595139423 0.38783181582760556 2.5984778569548723
leaf_weight=10602 718 28 43 46 67 122 107 32 4541 82 874 42 545 2413 1042 1291 36 46 2846 161 39 478 476 20 198 236 111 1133 2066 144
leaf_count=10602 718 28 43 46 67 122 107 32 4541 82 874 42 545 2413 1042 1291 36 46 2846 161 39 478 476 20 198 236 111 1133 2066 144
internal_value=-0.000455204 0.507694 1.74246 1.14187 4.45959 2.15487 -0.907117 -0.0226445 -0.206959 -0.185323 -0.970083 -4.51757 -0.645275 -0.054481 -0.516516 0.219438 0.0859023 0.509675 0.858593 0.727109 5.75466 -0.543601 -0.259892 -4.33668 -0.0354002 -0.137348 -1.365 0.292895 0.551101 1.46847
internal_weight=30585 1275 557 462 95 309 153 29310 10862 10830 1543 124 1419 9287 3455 5832 18448 4102 3082 3007 75 1020 954 66 14346 10949 347 3397 2264 266
internal_count=30585 1275 557 462 95 309 153 29310 10862 10830 1543 124 1419 9287 3455 5832 18448 4102 3082 3007 75 1020 954 66 14346 10949 347 3397 2264 266
is_linear=0
shrinkage=0.05


Tree=200
num_leaves=31
num_cat=0
split_feature=15 9 24 12 11 4 15 11 13 11 15 2 11 9 11 0 11 4 5 5 19 9 9 13 3 24 15 0 3 13
split_gain=133248 294260 223155 164204 341850 264227 190935 158899 152328 471605 483149 148658 447563 333259 252199 190031 299787 170868 139626 193699 131236 129766 185795 179533 143959 110323 105043 103839 77824.1 76595.1
threshold=-0.9829629131445341 2148.5964702371089 9.5631185000000016 46979.000000000007 346.17131145310685 1.0139622722416595 -0.9159756150367534 709.18839906504832 45838.05000000001 375.17067062483983 -0.37940952255126009 0.63494309862407949 687.63510778768716 3151.2881327577629 58.006107095449259 0.36679550891448365 176.45578405418607 1.3494172488908298 397.00500000000017 178.04999999999998 -0.68301270189221952 1873.4163097475914 1523.002253024885 40735.725000000013 1.5215126664760528 11.491747500000001 -0.60355339059327384 0.26967614282667279 1.9467176928395675 48680.075000000004
decision_type=2 2 2 2 2 2 2 2 2 2 2 2 2 2 2 2 2 2 2 2 2 2 2 2 2 2 2 2 2 2
left_child=1 7 -3 8 20 6 -6 21 11 18 28 15 14 -14 -13 16 -2 -17 19 -10 26 22 25 -24 -23 -1 -5 -22 -11 -8
right_child=3 2 -4 4 5 -7 29 -9 9 10 -12 12 13 -15 -16 17 -18 -19 -20 -21 27 24 23 -25 -26 -27 -28 -29 -30 -31
leaf_value=-0.48475067951698475 0.13045047292032758 -6.6736501202438818 -0.64669762187533919 3.1912619476517041 -1.7738017728834443 6.3574673834301185 0.93718190729618078 -3.9196543248494464 -0.32990136894336314 -9.6777944711538471 0.5785896294457572 -0.22359253889640118 4.528489730536938 -1.120441780592266 0.36991007054322644 -0.065203863631636425 -3.8757019446556829 0.61136424462059402 -3.5661873086293543 3.1624809298404433 -0.21009619164806193 4.1075774551289426 -4.6063406382997831 -0.44466152656823399 -0.83201580920389717 0.62905108334722926 -0.93154789352417 -3.6380824594497683 -4.0047756071748406 4.2816720956847787
leaf_weight=719 106 28 31 43 28 37 35 25 513 21 30 2773 95 33 5030 19152 78 976 25 38 197 30 43 59 23 316 20 20 24 37
leaf_count=719 106 28 31 43 28 37 35 25 513 21 30 2773 95 33 5030 19152 78 976 25 38 197 30 43 59 23 316 20 20 24 37
internal_value=-0.000378148 -0.499945 -3.80565 0.0214153 1.00058 2.99891 1.51221 -0.324441 0.00711151 -0.74611 -4.34388 0.024604 0.208112 3.08438 0.158979 -0.0470796 -1.62515 -0.0322511 -0.244213 -0.0626839 -0.0124548 -0.232785 -0.349078 -2.33283 2.07619 -0.143254 1.90944 -0.601088 -7.35622 2.82295
internal_weight=30585 1274 59 29311 417 137 100 1215 28894 651 75 28243 7931 128 7803 20312 184 20128 576 551 280 1190 1137 102 53 1035 63 217 45 72
internal_count=30585 1274 59 29311 417 137 100 1215 28894 651 75 28243 7931 128 7803 20312 184 20128 576 551 280 1190 1137 102 53 1035 63 217 45 72
is_linear=0
shrinkage=0.05


Tree=201
num_leaves=31
num_cat=0
split_feature=1 11 7 1 11 3 9 8 9 11 13 23 11 4 22 9 7 7 7 14 19 11 12 3 11 11 3 8 9 1
split_gain=130073 607620 258378 593103 544016 284009 882145 617283 446561 667887 422506 417783 406266 337297 312312 237244 263806 235557 390001 349348 455306 553415 483997 366170 376327 320198 324212 252382 478582 222358
threshold=0.061552621303690887 777.22274205627548 5.3583119206558498 0.18058820999331973 107.92464084583229 0.88956653374640193 71.155737247132606 1021.3313304389557 862.78481538327071 338.3537910039542 36786.590000000004 3.5113512000000004 478.87360381594812 1.0002970681491625 5.5000000000000009 2803.4179486041867 926.39038297204081 576.58915984026874 449.12303786824015 1.0000000180025095e-35 0.6830127018922193 488.30152107479847 37166.000000000007 1.342247683271232 456.93634900424689 329.63139159596329 2.4128089683941547 3105.7539177504273 3199.5985812441477 0.050905046000759353
decision_type=2 2 2 2 2 2 2 2 2 2 2 2 2 2 2 2 2 2 2 2 2 2 2 2 2 2 2 2 2 2
left_child=1 17 3 4 -2 7 10 15 9 -8 -7 -10 14 -14 -9 16 -4 18 27 23 21 -21 -22 -19 -25 29 -27 28 -1 -20
right_child=2 -3 5 -5 -6 6 8 12 11 -11 -12 -13 13 -15 -16 -17 -18 19 25 20 22 -23 -24 24 -26 26 -28 -29 -30 -31
leaf_value=0.077932455651868335 0.9717424129977309 5.1833305476075511 -0.024323807875459486 5.5945754213724292 -5.9979910642870014 0.85283112372121517 -0.24562060948796749 0.56457729645407029 0.55006443265838978 -4.5658160139835857 9.6177834957838062 -0.52397496944350685 1.3914986437186601 9.2383783109260325 4.7229929061369464 4.8343709163665771 -3.5608588713519982 -5.0563717341423038 -2.9762298792600634 0.4859015192304339 -3.1970336472778991 -8.7828363661766051 4.2747827448163713 -2.2516290541957407 2.2549932172509277 2.828633883953982 -0.87547889010111501 3.0515001665958219 -6.0450337469577793 2.1151820435243494
leaf_weight=11830 285 54 10439 59 26 26 206 263 1101 154 27 5001 27 28 50 20 48 25 55 23 52 45 30 63 142 314 70 66 27 29
leaf_count=11830 285 54 10439 59 26 26 206 263 1101 154 27 5001 27 28 50 20 48 25 55 23 52 45 30 63 142 314 70 66 27 29
internal_value=-0.000507977 0.120804 -0.0881227 1.21045 0.30322 -0.116095 -0.377022 0.0403182 -0.431806 -2.13107 5.76305 -0.329883 2.03918 5.82407 1.29283 -0.0306225 -0.0422049 0.0973735 0.13517 -1.1207 -2.95548 -5.82858 -0.374293 0.113115 0.849158 1.54327 2.1507 0.0792711 0.0614432 -1.19784
internal_weight=30585 12825 17760 370 311 17390 6515 10875 6462 360 53 6102 368 55 313 10507 10487 12771 12391 380 150 68 82 230 205 468 384 11923 11857 84
internal_count=30585 12825 17760 370 311 17390 6515 10875 6462 360 53 6102 368 55 313 10507 10487 12771 12391 380 150 68 82 230 205 468 384 11923 11857 84
is_linear=0
shrinkage=0.05


Tree=202
num_leaves=31
num_cat=0
split_feature=10 4 2 15 3 1 6 12 9 3 14 23 13 15 16 2 21 3 10 4 13 14 13 12 10 1 7 3 23 10
split_gain=130209 232475 310668 285296 242472 286682 233875 220379 195125 834246 477485 375035 604207 346594 1.07505e+06 1.14373e+06 1.04483e+06 704490 1.12138e+06 618499 525819 495212 664108 321294 243342 693150 583594 407725 833395 462604
threshold=2767.1847758161971 1.0322299932651813 0.65041781104915652 -0.12940952255126034 2.1005746971663721 0.032970904195650928 37857.010833333341 39151.500000000007 2111.7118711774119 2.2357967022157044 -0.70710678118654735 6.7830116500000015 37719.525000000001 0.1294095225512602 -0.60785761079279388 0.58405734446265456 1.0000000180025095e-35 2.2182014127490191 2199.5145717372438 1.0656906323968316 31058.260000000006 0.60355339059327384 41183.265000000007 33325.000000000007 1827.0680963295231 0.014784856090944204 777.36461542940708 1.342247683271232 13.533726000000001 1279.9546659124871
decision_type=2 2 2 2 2 2 2 2 2 2 2 2 2 2 2 2 2 2 2 2 2 2 2 2 2 2 2 2 2 2
left_child=8 2 3 7 5 -3 -5 -2 9 24 -11 -12 -13 16 15 19 21 20 -19 -15 -16 23 -23 -10 27 -26 -27 29 -29 -1
right_child=1 4 -4 6 -6 -7 -8 -9 13 10 11 12 -14 14 17 -17 -18 18 -20 -21 -22 22 -24 -25 25 26 -28 28 -30 -31
leaf_value=-0.051713475063023033 -0.43765316581726071 8.2143025429018088 2.7783541037755857 -1.0364333297356521 0.36597970450246659 1.6164753386314878 4.2023589496259337 -7.4822236167060003 5.0260541200637823 8.8294866283734645 5.1164213913458365 -5.102557875712713 3.9997007112245302 1.4482716500061996 -3.7932123448397661 6.4309196391737604 -7.7456316834404362 -12.767415554864066 -2.7968510651824166 -3.6549220053704232 -0.39138368394970896 2.4507634868198926 -2.7976648151874546 -0.39107035834857318 8.1044201238950091 0.22020797234625664 4.1321316313035421 -0.4709676353264648 -4.7415594462906165 0.68945162359948176
leaf_weight=21399 20 26 63 96 69 42 22 22 23 31 49 31 32 166 143 78 37 30 172 86 495 384 67 1239 25 1717 96 1476 119 2330
leaf_count=21399 20 26 63 96 69 42 22 22 23 31 49 31 32 166 143 78 37 30 172 86 495 384 67 1239 25 1717 96 1476 119 2330
internal_value=-0.000363521 0.938359 -0.0668832 -1.23774 2.51972 4.52969 0.0710075 -4.53216 -0.0116993 0.0298703 3.77362 2.05627 -0.524311 -0.399822 -1.06406 1.33977 0.0460038 -2.01082 -4.55049 -0.330325 -1.17751 0.236381 1.64883 -0.272859 0.00946788 0.564176 0.43817 -0.0308939 -0.803442 0.0211909
internal_weight=30585 360 223 160 137 68 118 42 30225 27305 143 112 63 2920 1170 330 1750 840 202 252 638 1713 451 1262 27162 1838 1813 25324 1595 23729
internal_count=30585 360 223 160 137 68 118 42 30225 27305 143 112 63 2920 1170 330 1750 840 202 252 638 1713 451 1262 27162 1838 1813 25324 1595 23729
is_linear=0
shrinkage=0.05


Tree=203
num_leaves=31
num_cat=0
split_feature=14 12 11 0 14 11 17 16 2 23 12 26 15 1 11 14 14 1 23 26 11 16 26 26 1 11 17 0 15 16
split_gain=134262 416266 596408 557440 379031 757456 540688 454921 643297 388633 352817 1.08609e+06 1.58507e+06 813774 664118 1.03661e+06 1.48893e+06 1.33031e+06 609088 574255 926596 839137 358016 446765 414674 329247 364964 345612 305774 975577
threshold=-0.37940952255126059 29994.500000000004 252.26299266618435 0.5423384135443432 -1.0000000180025095e-35 178.5381425336227 -0.56174490092936669 1.0000000180025095e-35 0.59700384513092264 13.444966000000003 33813.500000000007 18.160600000000006 -0.70710678118654757 0.11658082995994952 520.41605753204374 0.91597561503675362 0.25881904510252091 0.17475777883368729 5.8630007000000015 17.817300000000007 400.20756300939792 -0.60785761079279388 19.249950000000002 16.400150000000004 0.1233863036674669 924.74512740195235 -0.22252093395631442 0.3952491753362673 0.1294095225512602 -0.8783796973249266
decision_type=2 2 2 2 2 2 2 2 2 2 2 2 2 2 2 2 2 2 2 2 2 2 2 2 2 2 2 2 2 2
left_child=1 2 -1 -4 5 -2 7 8 -7 -8 14 19 18 -14 22 16 -16 -17 -13 20 -12 -21 23 -6 -24 28 -27 -28 29 -3
right_child=4 25 3 -5 10 6 9 -9 -10 -11 11 12 13 -15 15 17 -18 -19 -20 21 -22 -23 24 -25 -26 26 27 -29 -30 -31
leaf_value=0.70830160212311633 0.061263656661525126 -1.7739233715567715 11.188454818725587 2.4736089817787477 -0.13684712907483912 -1.4115701148004245 -1.3619005321793105 -1.432005563902444 -8.2478445094207231 2.3123595220071298 -0.019264158942203482 2.0369705882522147 2.4117688960046508 6.8486391268559359 0.95278057026463514 3.5778310907713937 -4.65631188314822 -4.0374032620773761 -0.93825806814943524 1.9364422976699744 4.0562274540671046 -3.1777579058682335 -0.65403545373988736 0.79630544544569082 -4.2038174451665675 -1.7167726332141506 0.85566338539123543 8.2398975630064282 0.3341421093785838 0.060134010519433317
leaf_weight=478 1520 840 22 71 7064 61 669 140 82 76 4428 247 507 129 174 168 355 81 537 105 139 300 686 1562 89 26 30 32 4861 5106
leaf_count=478 1520 840 22 71 7064 61 669 140 82 76 4428 247 507 129 174 168 355 81 537 105 139 300 686 1562 89 26 30 32 4861 5106
internal_value=-0.000263747 0.134976 1.44495 5.00135 -0.0813862 -0.648496 -1.69321 -3.53634 -5.47822 -0.974093 0.00598032 0.296993 1.51395 3.35818 -0.176815 -1.5759 -2.81962 1.06968 0.00599584 -0.0517297 0.109066 -1.84429 -0.0602497 0.0324862 -1.08609 0.0656853 3.02801 4.99813 0.0401697 -0.20023
internal_weight=30585 11466 571 93 19119 2548 1028 283 143 745 16571 6392 1420 636 10179 778 529 249 784 4972 4567 405 9401 8626 775 10895 88 62 10807 5946
internal_count=30585 11466 571 93 19119 2548 1028 283 143 745 16571 6392 1420 636 10179 778 529 249 784 4972 4567 405 9401 8626 775 10895 88 62 10807 5946
is_linear=0
shrinkage=0.05


Tree=204
num_leaves=31
num_cat=0
split_feature=9 2 26 14 2 15 11 10 14 26 2 23 3 9 1 7 3 13 15 11 3 15 9 10 5 8 8 1 3 7
split_gain=131830 277309 421387 366468 255944 453656 795673 234452 520523 1.01669e+06 578482 699483 534229 440300 461392 435219 453567 704191 491903 400454 366368 814455 370988 340380 301076 192472 483518 432498 188439 104460
threshold=2895.5032941072968 0.52730227949592912 18.576600000000003 0.78656609248549325 0.59700384513092264 -0.37940952255126009 866.73822657055348 1827.0680963295231 0.98296291314453432 18.216350000000002 0.58192737636793745 12.4316455 1.615922704426386 2055.8953207150594 0.068051304740325322 995.43244380087151 1.9881257766337264 38247.820000000007 0.37940952255126043 375.17067062483983 1.342247683271232 0.1294095225512602 2231.5016179326008 2695.7789523617867 290.00500000000017 2803.4179486041867 2895.5032941072968 0.048877714834765162 2.5395276121424004 370.05562067166494
decision_type=2 2 2 2 2 2 2 2 2 2 2 2 2 2 2 2 2 2 2 2 2 2 2 2 2 2 2 2 2 2
left_child=7 2 -2 4 5 -3 -7 15 10 29 11 19 -11 14 -12 16 20 18 -18 -9 22 -22 -1 -15 -14 27 -27 -6 -5 -10
right_child=1 3 -4 28 25 6 -8 8 9 12 13 -13 24 23 -16 -17 17 -19 -20 -21 21 -23 -24 -25 -26 26 -28 -29 -30 -31
leaf_value=0.023084319268257283 -8.0195735955238359 -6.7833179385163067 0.57336444239462581 4.9632856229077218 -2.052990806902327 -2.3944184250080247 7.1297445480640125 0.74819063486746407 -0.13945971484794173 10.177935466312228 3.3950901758252527 -6.1049477233336527 0.44746626343643459 -0.15168051083037193 0.80884157672241153 -5.7736370137243567 -5.1362095938788528 9.0439690126691552 4.6014057006835944 -0.80368017377061907 -1.8155166097688866 0.31411798759647036 -3.6753364790888394 2.1441413481113236 6.1507796570312152 -4.7192631618300487 -0.13344806619350194 2.3897979069969613 0.14812034992944628 -3.9460291494641986
leaf_weight=23744 25 38 26 41 77 137 21 662 38 37 280 47 52 935 448 28 22 30 20 1099 874 915 63 190 38 62 407 162 37 30
leaf_count=23744 25 38 26 41 77 137 21 662 38 37 280 47 52 935 448 28 22 30 20 1099 874 915 63 190 38 62 407 162 37 30
internal_value=-0.000126965 -0.553967 -3.97791 -0.356844 -0.645585 -2.22048 -0.948368 0.0193214 0.382611 2.86677 0.246551 -0.389232 5.43608 0.866299 1.81999 -0.0352565 -0.0278716 3.80385 -0.501968 -0.219802 -0.0393928 -0.728428 0.0125255 0.243786 3.05304 -0.197013 -0.783167 0.945496 2.82629 -1.97476
internal_weight=30585 1033 51 982 904 196 158 29552 3856 195 3661 1808 127 1853 728 25696 25668 72 42 1761 25596 1789 23807 1125 90 708 469 239 78 68
internal_count=30585 1033 51 982 904 196 158 29552 3856 195 3661 1808 127 1853 728 25696 25668 72 42 1761 25596 1789 23807 1125 90 708 469 239 78 68
is_linear=0
shrinkage=0.05


Tree=205
num_leaves=31
num_cat=0
split_feature=19 15 10 22 22 8 1 14 1 3 10 15 1 21 10 26 3 26 18 1 14 23 26 14 24 15 10 8 3 1
split_gain=133026 1.16424e+06 696810 917575 662913 701210 661609 594032 559432 484545 817862 470841 590962 447254 395278 717305 374760 368010 295057 291021 241749 377106 957771 642768 581653 447318 1.07929e+06 1.08236e+06 833469 1.00219e+06
threshold=-0.68301270189221952 0.25881904510252057 900.41847929769665 5.5000000000000009 5.5000000000000009 1642.3785908357577 0.086679291276755735 0.91597561503675362 0.15766350866793591 1.7263873213943486 1914.5628702879444 0.78656609248549303 0.0657414158223147 1.0000000180025095e-35 1136.8899879254848 19.457900000000006 0.90598827827926787 19.502150000000004 0.25000000000000006 0.18311622431001986 -0.9159756150367534 9.0393680000000014 18.579800000000002 -0.25881904510252113 8.3599170000000012 0.37940952255126043 1894.2783896509745 1860.6573161070698 2.2182014127490191 0.062711983669396343
decision_type=2 2 2 2 2 2 2 2 2 2 2 2 2 2 2 2 2 2 2 2 2 2 2 2 2 2 2 2 2 2
left_child=1 4 -3 11 7 17 -7 9 -8 13 -11 12 -4 -1 15 -5 -9 -6 -18 -13 -2 25 -23 24 -24 26 -22 -28 -27 -30
right_child=20 2 3 14 5 6 8 16 -10 10 -12 19 -14 -15 -16 -17 18 -19 -20 -21 21 22 23 -25 -26 28 27 -29 29 -31
leaf_value=0.44129723384271391 0.37106476688179452 0.31825559142629395 0.23578215934806043 14.944139744685248 -0.42501494606551238 0.24192634224891663 -11.634410900010003 -0.92592986090701235 -2.4097082191043433 -10.395413758836945 0.17974770863850911 0.54135595372705547 3.5646777816607824 -1.4123249882893576 3.2361025362943128 3.247117847051376 -2.2066501994808037 -3.5664650231536132 -7.8655287252890096 -4.0433038724435342 0.016992306248616775 -0.37760160777044627 -3.5089461846229355 -7.8618273075197784 5.2845124416351323 -0.20834068501309835 5.0429602794951265 0.96435815518815182 0.43239595184380986 -6.9993509450554861
leaf_weight=3073 2799 2125 217 21 468 35 40 476 31 24 49 535 344 359 108 34 78 112 32 32 6940 4617 73 66 20 6573 193 934 82 95
leaf_count=3073 2799 2125 217 21 468 35 40 476 31 24 49 535 344 359 108 34 78 112 32 32 6940 4617 73 66 20 6573 193 934 82 95
internal_value=-0.000108933 0.172217 0.876394 1.79029 -0.331715 -1.76415 -5.411 -0.0896442 -8.03089 0.157383 -3.73988 1.27025 2.29058 0.245614 5.24384 8.58725 -1.55609 -1.05702 -4.12371 0.249441 -0.0631877 -0.125305 -0.51142 -4.26692 -1.44423 -0.000713916 0.250514 1.68206 -0.30093 -3.63883
internal_weight=30585 8193 3416 1291 4777 686 106 4091 71 3505 73 1128 561 3432 163 55 586 580 110 567 22392 19593 4776 159 93 14817 8067 1127 6750 177
internal_count=30585 8193 3416 1291 4777 686 106 4091 71 3505 73 1128 561 3432 163 55 586 580 110 567 22392 19593 4776 159 93 14817 8067 1127 6750 177
is_linear=0
shrinkage=0.05


Tree=206
num_leaves=31
num_cat=0
split_feature=15 10 13 9 9 1 2 10 3 10 8 1 26 13 23 15 12 9 4 10 4 11 23 10 12 9 11 16 1 26
split_gain=132058 224210 222562 212315 211098 306371 206848 194500 198786 919033 593029 814400 552937 437437 622954 375333 344869 249700 720514 326282 171154 164625 494314 348233 83896.4 85888.4 75995.9 95538.4 68772.1 35393.5
threshold=0.96592582628906831 2521.0321204144539 27806.320000000003 964.05262549549161 2396.8939039273037 0.045913702563450197 0.52137828183222978 117.31523253839474 0.87297218027408441 1358.6748283408663 1007.9559692994125 0.16073202496419656 9.2756000000000025 29057.330000000005 4.0661285000000005 -0.5 35110.500000000007 1274.0841273047001 2.0942531922245533 832.39645957941559 0.39550427423027895 560.65504025192899 7.8633765000000002 2374.987419907327 28991.000000000004 267.70683238145966 456.93634900424689 1.0000000180025095e-35 0.085342893742613321 6.975550000000001
decision_type=2 2 2 2 2 2 2 2 2 2 2 2 2 2 2 2 2 2 2 2 2 2 2 2 2 2 2 2 2 2
left_child=7 2 3 28 5 -3 -6 24 9 17 11 -11 -10 14 -14 -15 -12 19 -19 -9 -4 23 -23 -22 25 -1 27 -8 29 -2
right_child=1 4 20 -5 6 -7 26 8 12 10 16 -13 13 15 -16 -17 -18 18 -20 -21 21 22 -24 -25 -26 -27 -28 -29 -30 -31
leaf_value=-0.55172720652174312 2.4644514942453024 0.20235194611549379 -3.7110204984401833 5.8022111369717511 -2.4031806903726913 8.3594593286514289 2.9386865882873536 -0.022743548650570072 -6.3826739496654943 3.107488922502684 9.8113187007415004 -2.3502247231347222 1.0639242790840768 -0.49893123497593656 -2.8570566180980568 0.13603330711957251 2.5291922923995229 -1.5324322370142909 5.2893885192416965 0.65732825418176544 0.13889233623545472 0.15592282184145667 8.0669663062462433 -4.9618062187643615 0.52412679003817697 -3.8514957967351693 4.2873810374736783 -1.4595187988281251 -0.7399880043207071 0.24811801202595235
leaf_weight=32 58 20 24 26 29 23 20 14598 31 225 34 93 143 3734 325 6160 36 507 37 2001 2111 83 21 29 23 56 25 20 34 27
leaf_count=32 58 20 24 26 29 23 20 14598 31 225 34 93 143 3734 325 6160 36 507 37 2001 2111 83 21 29 23 56 25 20 34 27
internal_value=-0.000305826 0.343821 0.229672 2.09506 2.27511 4.98278 0.846894 -0.0316643 -0.0231708 0.07954 2.4702 1.49954 -0.196384 -0.174802 -1.66029 -0.103729 6.48518 0.0247245 -1.02441 0.059409 0.106044 0.15505 2.05057 0.0583426 -2.07482 -2.74629 2.36572 0.820649 1.08339 1.81389
internal_weight=30585 2550 2413 145 137 43 94 28035 27924 17531 388 318 10393 10362 468 9894 70 17143 544 16599 2268 2244 104 2140 111 88 65 40 119 85
internal_count=30585 2550 2413 145 137 43 94 28035 27924 17531 388 318 10393 10362 468 9894 70 17143 544 16599 2268 2244 104 2140 111 88 65 40 119 85
is_linear=0
shrinkage=0.05


Tree=207
num_leaves=31
num_cat=0
split_feature=9 10 12 13 3 11 8 26 23 3 1 23 26 11 10 12 11 10 12 10 23 12 23 14 11 10 3 17 22 8
split_gain=124298 937096 762631 997668 637900 497136 452928 430708 391517 375163 733496 591092 464496 442379 516727 370234 362218 762802 351164 1.08034e+06 967913 464502 710657 647446 319603 319093 309042 267215 246676 213480
threshold=1268.8517386490414 1279.9546659124871 30115.500000000004 31965.565000000006 0.99281472832863782 338.3537910039542 2345.2743751583434 13.535700000000002 0.29423603500000006 0.87297218027408441 0.16823590160644428 6.2200513500000012 9.2756000000000025 631.09926442692938 921.29225017694137 42830.500000000007 355.85602432362407 1848.738506876083 27993.500000000004 2324.5456906905015 8.3161285000000031 33105.500000000007 10.953998500000003 0.60355339059327384 472.37178621456525 1512.4994410164497 1.1296684262054899 1.0000000180025095e-35 1.5000000000000002 992.63087228520772
decision_type=2 2 2 2 2 2 2 2 2 2 2 2 2 2 2 2 2 2 2 2 2 2 2 2 2 2 2 2 2 2
left_child=1 9 3 16 25 -5 15 26 -9 13 12 -12 -11 29 -15 -6 -3 -18 19 20 -10 22 -20 -23 -14 -4 -2 -13 -28 -1
right_child=7 2 4 5 6 -7 -8 8 18 10 11 27 24 14 -16 -17 17 -19 21 -21 -22 23 -24 -25 -26 -27 28 -29 -30 -31
leaf_value=0.015674431589542175 -2.2747347613925739 2.4827979911908962 3.1343384089477531 -0.87637883758544932 0.92473682892815212 -11.365075065349711 6.1244267115226165 2.0301867569624275 -1.6267007417932771 -5.9627890457978125 -0.17273257390729019 -2.4289089756627238 -0.42771190186574382 -1.1960012474060058 8.9144644292195636 5.7435279979262246 -5.5447584319114682 1.473138952038505 -0.66892199536473274 9.857144317626954 5.4386607786311822 -0.19245188923182943 -5.409036133950015 1.1797422148486472 3.4892699714060189 8.365961459704808 -2.9537975698709489 -9.289459494048474 2.3529969820458638 1.2438409996742688
leaf_weight=17804 370 127 83 20 612 24 47 211 164 32 51 26 1478 20 25 38 55 105 1749 30 63 5769 78 1005 49 51 26 46 71 356
leaf_count=17804 370 127 83 20 612 24 47 211 164 32 51 26 1478 20 25 38 55 105 1749 30 63 5769 78 1005 49 51 26 46 71 356
internal_value=-9.01369e-05 0.0677514 1.44478 -0.578594 2.24943 -7.17442 1.61838 -0.1498 -0.0731133 -0.0130492 -0.726367 -4.36587 -0.42615 0.0530344 4.74968 1.24822 0.537976 -1.03388 -0.124337 1.67907 0.408907 -0.179173 -0.885529 0.0118413 -0.291009 5.35515 -1.62238 -7.13128 0.855 0.0400893
internal_weight=30585 21049 1162 331 831 44 697 9536 9069 19887 1682 123 1559 18205 45 650 287 160 8858 257 227 8601 1827 6774 1527 134 467 72 97 18160
internal_count=30585 21049 1162 331 831 44 697 9536 9069 19887 1682 123 1559 18205 45 650 287 160 8858 257 227 8601 1827 6774 1527 134 467 72 97 18160
is_linear=0
shrinkage=0.05


Tree=208
num_leaves=31
num_cat=0
split_feature=15 9 7 7 10 11 7 10 10 23 9 23 6 7 3 1 9 6 23 9 3 26 7 23 3 13 9 15 9 7
split_gain=125697 264124 368223 169523 182375 157966 336309 139297 139048 536092 930599 1.05913e+06 676747 425739 533365 415832 274211 373302 217339 174417 549728 397947 485038 735274 379243 350930 190670 721541 212496 152158
threshold=-0.9829629131445341 2148.5964702371089 560.69823162522187 668.18643537312937 2374.987419907327 342.34426700996619 375.23001420982661 1848.738506876083 2612.5536112046047 6.5085208500000009 1950.5840221573269 10.953998500000003 27879.015833333335 404.66582167028594 1.780764062319619 0.06415770680355494 2111.7118711774119 34589.018333333341 3.7999710000000007 2345.2743751583434 2.4674322294762998 18.786450000000006 333.99930859017695 12.778893250000001 1.5896301807878987 37719.525000000001 2231.5016179326008 -0.60355339059327384 2148.5964702371089 418.29903559414151
decision_type=2 2 2 2 2 2 2 2 2 2 2 2 2 2 2 2 2 2 2 2 2 2 2 2 2 2 2 2 2 2
left_child=1 3 -3 4 5 7 -7 -1 19 12 11 -11 -10 15 -15 -12 18 -18 -14 20 26 22 24 -24 -21 -22 28 -28 -2 -23
right_child=8 2 -4 -5 -6 6 -8 -9 9 10 13 -13 16 14 -16 -17 17 -19 -20 21 25 29 23 -25 -26 -27 27 -29 -30 -31
leaf_value=-0.2662058156271897 0.020967630644347698 -6.761223910356823 0.81868723746268979 -3.563170885695861 2.6576951411535159 -4.6092983061267487 0.72912308482800503 2.6094144051725214 -6.9882742578333081 9.7407212670220709 0.7450460400884551 -2.1161244074503585 -0.56682188649972287 3.8629626313539656 -1.0459593601345059 4.970093011201083 -4.0334600270433087 0.5694814006159129 5.5512558482587337 -3.1571844249963763 1.1421484192212423 -5.4591549839134572 -0.16683326741095827 -3.3112857123125687 2.8119897113987404 9.2393034714918869 6.173011864026388 -0.14975201932973758 -1.579708380334115 -0.27829595375061039
leaf_weight=983 26096 33 26 34 48 57 54 39 39 56 168 25 25 60 368 86 65 116 27 27 31 49 1204 215 173 21 55 181 204 20
leaf_count=983 26096 33 26 34 48 57 54 39 39 56 168 25 25 60 368 86 65 116 27 27 31 49 1204 215 173 21 55 181 204 20
internal_value=1.24528e-05 -0.48519 -3.61714 -0.318862 -0.21079 -0.343502 -2.09231 -0.144252 0.0211826 0.588979 1.26676 6.17035 -1.30066 0.643626 -0.321017 2.2441 -0.221636 -1.14723 2.81729 0.000297068 0.0316261 -0.491779 -0.326804 -0.653254 1.94856 4.93665 0.0210841 1.42107 0.00825193 -4.0784
internal_weight=30585 1274 59 1215 1181 1133 111 1022 29311 1035 763 81 272 682 428 254 233 181 52 28276 26588 1688 1619 1419 200 52 26536 236 26300 69
internal_count=30585 1274 59 1215 1181 1133 111 1022 29311 1035 763 81 272 682 428 254 233 181 52 28276 26588 1688 1619 1419 200 52 26536 236 26300 69
is_linear=0
shrinkage=0.05


Tree=209
num_leaves=31
num_cat=0
split_feature=12 10 15 7 12 7 23 18 6 7 22 4 23 13 7 6 13 10 17 4 26 10 18 19 17 10 5 26 26 26
split_gain=132313 371391 225628 389397 644621 435498 826488 483720 325886 278758 540999 693022 635938 346953 304734 542453 344589 231817 306399 226957 216731 1.48362e+06 997599 203760 275923 284077 270840 183320 160693 145840
threshold=44332.500000000007 2665.9354191262587 -0.5 926.39038297204081 38200.500000000007 190.32265598242734 6.0030610500000003 -0.93301270189221919 27661.695833333335 926.39038297204081 3.5000000000000004 1.1389874935850228 5.4911990500000014 28973.070000000003 867.10914946797095 27102.58666666667 34908.720000000008 405.71248492158958 0.81174490092936691 1.0923078343199639 18.160600000000006 2074.1103910838783 -0.6830127018922193 -0.68301270189221952 -0.22252093395631442 1706.1374638911916 150.00500000000002 23.638750000000005 17.817300000000007 18.216350000000002
decision_type=2 2 2 2 2 2 2 2 2 2 2 2 2 2 2 2 2 2 2 2 2 2 2 2 2 2 2 2 2 2
left_child=2 23 3 5 -5 17 8 -8 -7 14 12 -12 -11 -14 20 -16 -17 18 -1 -6 21 -4 -22 24 26 -26 28 -19 -2 -3
right_child=1 29 9 4 19 6 7 -9 -10 10 11 -13 13 -15 15 16 -18 27 -20 -21 22 -23 -24 -25 25 -27 -28 -29 -30 -31
leaf_value=-1.2002130809772413 1.480478482308059 6.3394979258946016 0.04866454430611844 -2.5865044500376726 7.8510796633633708 -4.7912208080291752 -3.6946168202801619 -0.97455964341217127 0.91406290558728664 -6.6573990968557517 -11.149654776155948 0.20555552449719661 -1.6015605052312214 4.9293703002929696 6.5717509094549689 -5.0449016937842739 2.900308342637687 0.16136975386480953 1.1053769055980345 1.2818156723622922 1.8574454282965953 -3.5443517830794988 0.012011321350450807 -0.053689615691664742 0.79182944530290911 4.3008662120367473 -4.3163543455740987 -3.7599117143948875 -2.6352332798639932 1.4164268063871486
leaf_weight=714 111 30 14776 32 39 21 172 2302 726 21 25 24 31 45 44 21 24 4714 176 22 902 288 3803 1175 136 99 29 25 25 33
leaf_count=714 111 30 14776 32 39 21 172 2302 726 21 25 24 31 45 44 21 24 4714 176 22 902 288 3803 1175 136 99 29 25 25 33
internal_value=7.36891e-05 0.436557 -0.0246946 -0.2334 2.90159 -0.26797 -0.731153 -1.17076 0.722817 0.0686419 -2.07158 -6.08294 0.153137 2.3304 0.0848973 2.92508 -0.94017 -0.00250683 -0.740592 5.75919 0.0713719 -0.0211782 0.367408 0.279403 1.24657 2.32912 -0.318103 0.136732 0.65694 4.05524
internal_weight=30585 1638 28947 8943 93 8850 3221 2474 747 20004 146 49 97 76 19858 89 45 5629 890 61 19769 15064 4705 1575 400 235 165 4739 136 63
internal_count=30585 1638 28947 8943 93 8850 3221 2474 747 20004 146 49 97 76 19858 89 45 5629 890 61 19769 15064 4705 1575 400 235 165 4739 136 63
is_linear=0
shrinkage=0.05


Tree=210
num_leaves=31
num_cat=0
split_feature=14 6 15 7 11 7 11 8 19 14 3 7 1 3 8 12 6 8 17 1 11 11 3 15 1 9 6 11 9 23
split_gain=131773 413558 348254 813902 2.05223e+06 647402 786221 840358 352260 337536 726225 566474 518996 331213 516960 451027 559611 431295 382062 328501 425687 371360 787920 1.01563e+06 852284 387380 334273 332888 311146 298633
threshold=-0.37940952255126059 30180.692500000001 0.1294095225512602 595.16997336795305 456.93634900424689 739.3636290339058 448.97942493170416 1658.6664974867074 0.6830127018922193 -1.0000000180025095e-35 1.841147238817652 687.70773411900234 0.20179298745144222 2.2357967022157044 2970.0870861186709 33481.500000000007 35287.645833333343 2803.4179486041867 1.0000000180025095e-35 0.16623843604882318 709.18839906504832 190.30317605116554 2.2013852343508646 0.1294095225512602 0.11902083097981232 897.8655247089365 32726.763333333336 78.238657920977133 1928.6294953818244 6.9484064500000011
decision_type=2 2 2 2 2 2 2 2 2 2 2 2 2 2 2 2 2 2 2 2 2 2 2 2 2 2 2 2 2 2
left_child=1 2 5 4 -4 6 -1 -8 -5 10 12 -12 -2 17 15 28 -17 -11 -19 21 -21 25 23 -23 -24 27 -22 -3 -15 -16
right_child=9 19 3 8 -6 -7 7 -9 -10 13 11 -13 -14 14 29 16 -18 18 -20 20 26 22 24 -25 -26 -27 -28 -29 -30 -31
leaf_value=0.6689253150936727 -0.29728859948694125 -0.23904021913073537 1.1806941513216787 -0.12200401136952062 10.214616700067912 7.9379665798611114 -6.6222915399365307 1.4325061525617329 -8.4603475809097297 -0.016754435673525279 -5.1960399269168063 2.5981645266215008 -5.8419548946757658 3.2706962115489517 1.4264377203108609 8.8507976237465353 2.2939188512888822 -0.24460960030555726 -6.980309014093308 -2.2192744324239446 -0.93693210840225216 -0.019647913465093699 -0.30575834837831256 1.9445716878679844 -5.5335766211323358 -0.95206582734413869 6.1423578961690275 0.65489406663463656 -4.0601905801079488 -1.9477033961296084
leaf_weight=804 2356 3356 467 26 68 22 77 51 20 16038 129 25 38 21 133 46 105 43 37 301 35 1392 758 1243 82 1235 25 1504 28 120
leaf_count=804 2356 3356 467 26 68 22 77 51 20 16038 129 25 38 21 133 46 105 43 37 301 35 1392 758 1243 82 1235 25 1504 28 120
internal_value=-7.00023e-06 0.133973 0.896358 1.856 2.41297 0.305243 0.0836212 -3.47938 -4.22237 -0.0803741 -0.615541 -3.88852 -0.397312 0.00207248 1.32797 3.19426 4.51136 -0.0355893 -3.58781 0.0157375 -1.45438 0.0719292 0.484055 0.908836 -0.845875 -0.163236 2.25759 0.0379796 -0.905522 -0.180483
internal_weight=30585 11466 1535 581 535 954 932 128 46 19119 2548 154 2394 16571 453 200 151 16118 80 9931 361 9570 3475 2635 840 6095 60 4860 49 253
internal_count=30585 11466 1535 581 535 954 932 128 46 19119 2548 154 2394 16571 453 200 151 16118 80 9931 361 9570 3475 2635 840 6095 60 4860 49 253
is_linear=0
shrinkage=0.05


end of trees

feature_importances:
price_ptf_rolling_std_24h=668
hour_cos=529
price_ptf_lag_168h=517
price_ptf_rolling_mean_24h=502
renewable_saturation=417
thermal_gap=384
price_volatility_lag24h=352
USD_TRY=335
price_ptf_lag_24h=314
temp_national=265
hour_sin=229
consumption_forecast=221
spark_spread_proxy=205
realtime_premium_lag24h=186
reserve_margin_ratio=162
system_short_signal=152
dow_cos_x=144
consumption_lag_24h=137
load_factor=126
HDD=104
dow_sin_x=89
day_of_week=73
month_cos=63
month_sin=59
is_holiday_day=49
is_weekend_x=14

parameters:
[boosting: gbdt]
[objective: regression]
[metric: l1]
[tree_learner: serial]
[device_type: cpu]
[data_sample_strategy: bagging]
[data: ]
[valid: ]
[num_iterations: 1000]
[learning_rate: 0.05]
[num_leaves: 31]
[num_threads: 11]
[seed: 42]
[deterministic: 0]
[force_col_wise: 0]
[force_row_wise: 1]
[histogram_pool_size: -1]
[max_depth: 6]
[min_data_in_leaf: 20]
[min_sum_hessian_in_leaf: 0.001]
[bagging_fraction: 0.7]
[pos_bagging_fraction: 1]
[neg_bagging_fraction: 1]
[bagging_freq: 0]
[bagging_seed: 400]
[bagging_by_query: 0]
[feature_fraction: 0.7]
[feature_fraction_bynode: 1]
[feature_fraction_seed: 30056]
[extra_trees: 0]
[extra_seed: 12879]
[early_stopping_round: 0]
[early_stopping_min_delta: 0]
[first_metric_only: 0]
[max_delta_step: 0]
[lambda_l1: 1]
[lambda_l2: 5]
[linear_lambda: 0]
[min_gain_to_split: 0]
[drop_rate: 0.1]
[max_drop: 50]
[skip_drop: 0.5]
[xgboost_dart_mode: 0]
[uniform_drop: 0]
[drop_seed: 17869]
[top_rate: 0.2]
[other_rate: 0.1]
[min_data_per_group: 100]
[max_cat_threshold: 32]
[cat_l2: 10]
[cat_smooth: 10]
[max_cat_to_onehot: 4]
[top_k: 20]
[monotone_constraints: ]
[monotone_constraints_method: basic]
[monotone_penalty: 0]
[feature_contri: ]
[forcedsplits_filename: ]
[refit_decay_rate: 0.9]
[cegb_tradeoff: 1]
[cegb_penalty_split: 0]
[cegb_penalty_feature_lazy: ]
[cegb_penalty_feature_coupled: ]
[path_smooth: 0]
[interaction_constraints: ]
[verbosity: -1]
[saved_feature_importance_type: 0]
[use_quantized_grad: 0]
[num_grad_quant_bins: 4]
[quant_train_renew_leaf: 0]
[stochastic_rounding: 1]
[linear_tree: 0]
[max_bin: 255]
[max_bin_by_feature: ]
[min_data_in_bin: 3]
[bin_construct_sample_cnt: 200000]
[data_random_seed: 175]
[is_enable_sparse: 1]
[enable_bundle: 1]
[use_missing: 1]
[zero_as_missing: 0]
[feature_pre_filter: 1]
[pre_partition: 0]
[two_round: 0]
[header: 0]
[label_column: ]
[weight_column: ]
[group_column: ]
[ignore_column: ]
[categorical_feature: ]
[forcedbins_filename: ]
[precise_float_parser: 0]
[parser_config_file: ]
[objective_seed: 16083]
[num_class: 1]
[is_unbalance: 0]
[scale_pos_weight: 1]
[sigmoid: 1]
[boost_from_average: 1]
[reg_sqrt: 0]
[alpha: 0.9]
[fair_c: 1]
[poisson_max_delta_step: 0.7]
[tweedie_variance_power: 1.5]
[lambdarank_truncation_level: 30]
[lambdarank_norm: 1]
[label_gain: ]
[lambdarank_position_bias_regularization: 0]
[eval_at: ]
[multi_error_top_k: 1]
[auc_mu_weights: ]
[num_machines: 1]
[local_listen_port: 12400]
[time_out: 120]
[machine_list_filename: ]
[machines: ]
[gpu_platform_id: -1]
[gpu_device_id: -1]
[gpu_use_dp: 0]
[num_gpu: 1]

end of parameters

pandas_categorical:[]
