model,config,description,feature_selection,val_sMAPE,val_MASE,test_sMAPE,test_MASE,test_sMAPE_h1,test_sMAPE_h6,test_sMAPE_h24,training_time_seconds
nhits,nhits_light,Fast N-HiTS with small architecture,fourier_lags_only,13.266265358661236,0.551612576467236,11.519307993117684,0.43740965251329333,1.3707358193692651,2.7134696162610696,5.419208476932391,5.7941367626190186
patchtst,patchtst_regularized,PatchTST with strong regularization for robustness,standard_dl,9.673984914856131,0.42127074953224886,10.874725873046822,0.41424791272103434,0.5354138182202735,2.0276746904935914,1.7002921953847672,29.18586254119873
tft,tft_wide,Wide TFT with large hidden layers,standard_dl,7.829184699258018,0.3281547557624966,15.21843247268997,0.5744358170170771,0.23561916087599363,5.806528633127837,0.09078103174859942,106.46050310134888
