tree
version=v4
num_class=1
num_tree_per_iteration=1
label_index=0
max_feature_idx=46
objective=regression
feature_names=reserve_margin_ratio renewable_saturation load_factor spark_spread_proxy realtime_premium_lag24h renewable_capacity_share system_short_signal thermal_gap price_volatility_lag24h import_cost_proxy reserve_margin_ratio_lag_24h reserve_margin_ratio_lag_168h renewable_saturation_lag_24h load_factor_lag_24h reserve_margin_ratio_rolling_mean_24h system_short_signal_rolling_mean_24h price_ptf_lag_24h price_ptf_lag_168h price_ptf_rolling_mean_24h price_ptf_rolling_std_24h price_ptf_rolling_mean_168h price_ptf_rolling_min_24h price_ptf_rolling_max_24h consumption_forecast consumption_lag_24h consumption_lag_168h consumption_rolling_mean_24h hour_sin hour_cos dow_sin_x dow_cos_x month_sin month_cos is_weekend_x is_holiday_day is_holiday_hour day_of_week day_of_year temp_national HDD CDD heat_index is_hot is_cold temp_lag_24h USD_TRY EUR_TRY
feature_infos=[0.10296164692965946:0.70241138145944593] [0.0021784835942654911:0.31010744646373994] [0.29758861854055407:0.89703835307034052] [0:2.6401914138775062] [0.10000000000000001:10] [0.0013093160173503525:0.15757985919990386] [-4150:4300.0100000000002] [15071.275:52990.050000000003] [0:1359.6180822608026] [119.06113010000001:1171.8522779999998] [0.10296164692965946:0.70241138145944593] [0.10296164692965946:0.70241138145944593] [0.0021784835942654911:0.31010744646373994] [0.29758861854055407:0.89703835307034052] [0.21190184532835973:0.64014910455291041] [-1853.3891666666666:1020.4691666666668] [0:3444.3599598399201] [0:3444.3599598399201] [36.979077484800428:3298.8255837588599] [0:1359.6180822608026] [169.05429335369843:2837.5349027700368] [0:2325.029206873648] [304.86499580497991:3444.3599598399201] [17237:55243] [15333.299999999999:55575.019999999997] [15333.299999999999:55575.019999999997] [18350.172083333331:47859.894999999997] [-1:1] [-1:1] [-0.97492791218182362:0.97492791218182362] [-0.90096886790241903:1] [-1:1] [-1:1] [0:1] [0:1] [0:1] [0:6] [1:366] [-2.2555740000000002:18.692222999999998] [0:20.255572999999998] none [-2.2555740000000002:18.692222999999998] none [0:1] [-2.2555740000000002:18.692222999999998] [5.8529:26.031199999999998] [6.5095999999999998:28.346399999999999]
tree_sizes=5502 5193 5187 5102 5259 5360 5552 5252 4902 5182 5289 4893 5184 4994 5416 5138 5219 4812 5331 5133 5414 4685 5052 4932 5205 4960 5161 5266 4916 5202 5424 5038 4984 5053 4661 5399 4752 4308 4402 4830 4964 5038 3654 3734 5210 3963 4770 4107 4511 4070 4071 4124 4470 4018 3839 3802 4494 3137 4149 4799 3814 4453 4336 3838 4059 4539 4387 4100 3963 3868 3563 4516 3811 3035 3200 4106 2636 3072 3407 4242 4365 3312 3295 2916 4053 3806 5134 4131 3349 3207 2888 3805 2703 3693 2636 4133 3069 2301 4699 3342 3537 3771 3161 3093 3547 3903 4093 3202 3840 2883 3777 3008 2451 3689 3102 3119 3468 2963 3126 3935 3587

Tree=0
num_leaves=63
num_cat=0
split_feature=18 18 18 3 0 18 18 7 7 22 3 3 7 18 30 27 27 28 7 22 7 18 23 37 22 7 18 3 22 22 1 7 28 18 28 7 28 26 3 38 1 37 8 28 23 46 18 7 28 7 3 3 6 3 3 27 1 25 3 0 3 7
split_gain=1.13146e+10 1.6387e+09 1.13523e+09 2.21022e+08 2.0099e+08 1.34229e+08 1.31037e+08 7.77606e+07 6.86686e+07 6.85752e+07 5.60295e+07 4.97453e+07 4.79678e+07 4.25004e+07 3.69652e+07 3.44285e+07 3.31519e+07 2.82612e+07 2.31767e+07 2.40627e+07 2.15307e+07 2.15131e+07 1.89978e+07 1.85919e+07 1.6825e+07 1.39547e+07 1.3498e+07 1.34558e+07 1.29443e+07 1.21612e+07 1.17751e+07 1.09807e+07 1.08437e+07 9.80696e+06 9.27019e+06 9.11054e+06 8.8245e+06 9.54529e+06 8.71572e+06 8.47214e+06 7.60991e+06 7.17004e+06 7.03852e+06 6.75771e+06 6.70743e+06 6.02779e+06 5.77612e+06 4.95776e+06 4.64263e+06 4.25625e+06 4.0587e+06 3.99179e+06 3.00037e+06 2.98295e+06 2.788e+06 2.55838e+06 2.07232e+06 2.01097e+06 1.84074e+06 1.70203e+06 656334 544285
threshold=1381.6118996345785 764.00236317173085 2228.4778661858099 1.6073739134340836 0.43530259575842151 543.68993134195205 1046.6642317271019 28727.690833333338 25220.020000000004 2155.6994673057852 2.0229317428466573 2.2824269971427964 27176.583333333336 363.50138822157817 0.81174490092936691 -0.70710678118654735 -0.70710678118654735 -0.9829629131445341 30313.206666666669 2026.5888750965628 24980.067500000005 1589.497104335607 36338.500000000007 243.50000000000003 2026.5888750965628 29180.94333333334 933.38103525368763 1.2883701351349146 1205.2458381613285 2319.0565934356114 0.20179298745144222 23601.848333333339 -0.5 1218.1978630241931 -0.60355339059327384 23379.125000000004 -0.5 31107.76125 2.4128089683941547 8.4368815000000019 0.24704976018373964 288.50000000000006 295.06042778607798 -0.70710678118654757 33105.500000000007 15.544550000000003 2695.7789523617867 35605.790000000008 1.0000000180025095e-35 23768.352500000005 0.62611208124974138 1.1177695065423288 397.00500000000017 0.81983794604122406 1.440297830598712 0.25881904510252091 0.075532809959731037 30680.005000000005 0.3046457821390553 0.44384610444737699 1.378064875178884 33561.394166666672
decision_type=2 2 2 2 2 2 2 2 2 2 2 2 2 2 2 2 2 2 2 2 2 2 2 2 2 2 2 2 2 2 2 2 2 2 2 2 2 2 2 2 2 2 2 2 2 2 2 2 2 2 2 2 2 2 2 2 2 2 2 2 2 2
left_child=1 5 3 8 11 13 16 20 40 21 29 17 30 35 -11 24 27 56 33 -20 49 -10 36 60 51 53 31 39 -27 -9 41 -18 -22 -17 -25 58 45 -38 -12 -3 48 -6 50 47 -28 -7 -19 -13 -2 -5 -24 -8 -37 -15 -29 -44 -4 -42 -1 -26 -14 -45
right_child=2 6 4 7 12 22 15 10 9 14 38 43 23 25 -16 18 26 46 19 -21 32 -23 42 34 59 28 44 54 -30 -31 -32 -33 -34 -35 -36 52 37 -39 -40 -41 57 -43 55 61 -46 -47 -48 -49 -50 -51 -52 -53 -54 -55 -56 -57 -58 -59 -60 -61 -62 -63
leaf_value=947.5962594894288 1005.3135612310093 1029.4648236280264 1112.2925398036946 991.96574531124543 1105.8423485865444 979.99605499918277 1036.8016440563542 1088.295821956601 1053.187407984504 1077.0732228863278 1125.1070582709433 1125.4754789545502 1074.7814196225654 967.87007525058175 1111.727749286458 1011.6041409801419 972.31607179507785 1145.7203621309866 1031.4550263645287 1094.3499535174221 1022.9434506352064 1069.1358257743477 990.10202971361196 1087.360966334805 1108.4052446958076 974.09093391929798 1004.8675185489985 1041.8936473959873 1037.7049364973329 1106.0050627929575 1025.7649949325501 1001.315079789692 1078.8514878821225 1026.8639733102391 1130.9954678272129 962.63755682378383 1008.8499100278581 983.2820164531546 1156.4535662711039 1012.1567946357414 980.65418227718783 1077.0278106578787 1010.6049424624294 1160.9483035621322 1016.9797088089613 952.42787859303439 1166.5436485107841 1164.6642007412822 1037.5290666545168 1035.7052483824714 998.70229726978744 1047.7712127064069 995.50019413108703 997.95783361640088 1072.5648265004363 1047.0794335712785 1082.3712739160894 1015.1510125762019 959.45255611948869 1071.6583422299873 1097.2903731602794 1181.2918718356786
leaf_weight=462 33 309 69 27 99 126 438 532 1171 928 354 41 23 3428 255 646 89 689 1541 39 26 1030 614 39 23 7661 566 77 20 539 21 1254 159 461 619 937 105 916 86 434 23 157 29 82 605 93 152 158 189 28 857 429 20 23 26 20 33 20 154 23 104 474
leaf_count=462 33 309 69 27 99 126 438 532 1171 928 354 41 23 3428 255 646 89 689 1541 39 26 1030 614 39 23 7661 566 77 20 539 21 1254 159 461 619 937 105 916 86 434 23 157 29 82 605 93 152 158 189 28 857 429 20 23 26 20 33 20 154 23 104 474
internal_value=1017.92 988.566 1098.58 1077.22 1140.31 974.059 1020.8 1100.6 1065.99 1069.06 1107.32 1157.44 1112.83 970.584 1084.62 1031.41 1009.44 1144.74 1026.84 1033.05 1058.06 1060.67 990.067 1122.99 1044.82 972.335 1004.83 1023.14 974.259 1097.28 1083.76 999.361 1071.06 1017.96 1128.52 958.233 982.709 985.9 1131.53 1019.36 1026.73 1088.47 996.09 1173.11 1011.12 968.045 1149.66 1157.17 1032.71 1014.15 995.096 1042.26 963.3 968.065 1050.09 1025.78 1103.33 996.272 950.461 1091.57 1093.69 1178.55
internal_weight=30585 22425 8160 5400 2760 15465 6960 1751 3649 3384 1511 1698 1062 12705 1183 3600 3360 943 2687 1580 240 2201 2760 785 913 11132 2514 846 7681 1071 277 1343 185 1107 658 1573 1240 1021 440 743 265 256 1520 755 1171 219 841 199 222 55 1471 867 957 3451 103 49 102 43 616 46 127 556
internal_count=30585 22425 8160 5400 2760 15465 6960 1751 3649 3384 1511 1698 1062 12705 1183 3600 3360 943 2687 1580 240 2201 2760 785 913 11132 2514 846 7681 1071 277 1343 185 1107 658 1573 1240 1021 440 743 265 256 1520 755 1171 219 841 199 222 55 1471 867 957 3451 103 49 102 43 616 46 127 556
is_linear=0
shrinkage=1


Tree=1
num_leaves=58
num_cat=0
split_feature=18 18 17 18 16 17 16 16 17 1 18 17 16 18 23 0 23 25 1 16 25 17 5 25 16 1 1 17 18 11 1 16 5 17 21 18 17 1 21 16 1 17 16 20 21 16 26 17 17 25 18 18 18 17 16 4 35
split_gain=9.58534e+09 1.22942e+09 1.16558e+09 2.28045e+08 1.78281e+08 1.26351e+08 1.17137e+08 8.03776e+07 4.70167e+07 3.90538e+07 3.63458e+07 3.5305e+07 3.49294e+07 3.18326e+07 2.59166e+07 2.46887e+07 2.41482e+07 2.39959e+07 1.97663e+07 1.64786e+07 1.58388e+07 1.71378e+07 1.44461e+07 1.44238e+07 1.42337e+07 1.4051e+07 1.36825e+07 1.32482e+07 1.08454e+07 1.06654e+07 1.04441e+07 1.0139e+07 9.4063e+06 9.17257e+06 7.9531e+06 7.94718e+06 7.90361e+06 7.79768e+06 7.56183e+06 6.50687e+06 6.36191e+06 6.04244e+06 5.67733e+06 6.43222e+06 5.33865e+06 5.28364e+06 5.15111e+06 4.66499e+06 4.58174e+06 4.36814e+06 4.35566e+06 3.8679e+06 3.38494e+06 2.56098e+06 2.22605e+06 2.06745e+06 1.78556e+06
threshold=1307.4506428975419 764.00236317173085 2148.5964702371089 1962.7455307003709 2626.1050338120644 1133.1627061669908 520.53403998596036 1658.6664974867074 2803.4179486041867 0.17475777883368729 370.26730456037649 2921.6531414937131 942.61101605018291 2471.3939942877191 35658.500000000007 0.46354000387391053 33325.000000000007 32378.895 0.22031234280403358 2970.0870861186709 33115.270000000011 1627.7543623828017 0.057423931381078853 30942.745000000006 753.39488002536666 0.18058820999331973 0.15364126980085169 447.46087021963478 1442.9152373423965 0.51586888234346173 0.091187769873347993 1234.7430767968854 0.062068256599360695 598.93948057395687 7.4435304356501506 2228.4778661858099 411.72910758392931 0.19305214367951343 414.58249712783203 1873.4163097475914 0.11658082995994952 1118.0986428112681 1257.8883593046228 939.09846344184075 1648.2877560500026 2762.2196417614418 31193.547291666673 3005.0980100075335 910.35760903550988 32592.555000000004 1104.6751303923145 582.23144018365736 232.86589403628523 1015.9650526822685 394.15101217318721 0.34987711706399 1.0000000180025095e-35
decision_type=2 2 2 2 2 2 2 2 2 2 2 2 2 2 2 2 2 2 2 2 2 2 2 2 2 2 2 2 2 2 2 2 2 2 2 2 2 2 2 2 2 2 2 2 2 2 2 2 2 2 2 2 2 2 2 2 2
left_child=1 6 3 7 8 12 10 18 9 30 36 20 33 15 25 41 -11 32 28 35 37 -22 -17 -10 51 -9 31 54 -2 45 -4 -14 -6 50 -29 -19 52 -7 -28 -16 -21 -5 43 -26 -31 -15 -44 -25 -35 -20 -3 55 -1 -53 -12 -8 -38
right_child=2 5 4 13 17 11 24 14 23 16 27 -13 26 29 39 22 -18 19 49 40 21 -23 -24 47 42 -27 38 34 -30 44 -32 -33 -34 48 -36 -37 56 -39 -40 -41 -42 -43 46 -45 -46 -47 -48 -49 -50 -51 -52 53 -54 -55 -56 -57 -58
leaf_value=-66.455293137122851 24.909441154095184 -27.663705774665857 98.029576459674544 39.553562497739442 104.04044783219048 5.1361854979472037 -60.75372866675967 45.835372243384789 50.171973789760045 2.1906201774597167 -48.211698656995935 109.90929291992188 -1.0337494880467459 92.194574377559931 53.548558877481 63.072948884817272 69.570963047572548 100.00259011008522 -14.425461582607694 150.01951974180994 14.837165476289849 40.697438369234405 32.04113808309225 114.88073578287761 -18.365288207889414 11.402997190873704 -43.957499242711947 -3.653895307540894 36.423985186278365 36.851701092720035 80.600716897646592 12.949203292553241 35.802793629964192 -14.19465451210848 -39.980347565330575 129.76335301226172 -45.452213922553113 -23.13490543215703 -8.7644966663985411 67.163945637460273 126.56428583709287 81.346620182582313 28.448965372885429 -48.465639561414719 81.154006933593749 115.91549079376517 -19.866459092360277 138.94685509946166 -5.7588898618833273 22.357836945632407 -1.5152707972425097 -27.491875395429897 -55.737866630063039 0.7217861799760299 -44.054446372692858 -34.087138090825604 -58.176328100585934
leaf_weight=318 802 366 698 26 45 312 20 510 20 49 1481 24 917 308 406 389 111 87 71 537 1902 179 132 224 1030 90 53 39 1571 31 383 519 20 1344 6938 517 544 77 144 616 141 559 30 47 49 102 25 118 597 28 46 939 698 21 2603 633 99
leaf_count=318 802 366 698 26 45 312 20 510 20 49 1481 24 917 308 406 389 111 87 71 537 1902 179 132 224 1030 90 53 39 1571 31 383 519 20 1344 6938 517 544 77 144 616 141 559 30 47 49 102 25 118 597 28 46 939 698 21 2603 633 99
internal_value=0.00512367 -28.0964 71.376 50.204 112.182 1.15601 -40.3527 40.1867 94.022 86.4532 -43.5883 15.2752 -7.6798 75.8587 54.032 68.1861 49.0775 133.708 31.0839 136.165 14.3115 17.0801 55.2872 119.66 -25.3493 40.6981 1.3097 -41.9217 32.5446 93.0028 91.9347 4.02547 83.9048 -13.9165 -39.7778 125.649 -54.6681 -0.504863 -18.4069 61.8127 145.335 79.5598 -18.4427 -19.7226 64.6538 98.3635 6.52482 123.565 -11.6043 -3.90256 -24.755 -30.1819 -59.1544 -26.8746 -45.5734 -34.9955 -47.4986
internal_weight=30585 21945 8640 5690 2950 6480 15465 4094 1603 1241 12720 2494 3986 1596 1622 1106 160 1347 2472 1282 2470 2081 521 362 2745 600 1633 11061 2373 490 1081 1436 65 2353 6977 604 1659 389 197 1022 678 585 1132 1077 80 410 55 342 1941 99 412 1613 1016 960 4084 653 643
internal_count=30585 21945 8640 5690 2950 6480 15465 4094 1603 1241 12720 2494 3986 1596 1622 1106 160 1347 2472 1282 2470 2081 521 362 2745 600 1633 11061 2373 490 1081 1436 65 2353 6977 604 1659 389 197 1022 678 585 1132 1077 80 410 55 342 1941 99 412 1613 1016 960 4084 653 643
is_linear=0
shrinkage=0.08


Tree=2
num_leaves=58
num_cat=0
split_feature=18 18 17 18 16 17 17 16 25 17 16 16 17 16 1 23 25 1 1 16 18 3 1 16 17 28 1 24 16 23 18 5 18 16 34 37 23 17 44 18 17 16 8 3 19 28 20 18 1 28 1 24 8 18 17 17 12
split_gain=8.11758e+09 1.17361e+09 8.88005e+08 1.62841e+08 1.4736e+08 1.25145e+08 1.0745e+08 5.36645e+07 4.11672e+07 3.47243e+07 3.21443e+07 3.01526e+07 2.89781e+07 2.86775e+07 2.45484e+07 2.09347e+07 2.03841e+07 1.55823e+07 1.49883e+07 1.49848e+07 1.46582e+07 1.45249e+07 1.41414e+07 1.41367e+07 1.21815e+07 1.19022e+07 1.1802e+07 1.07247e+07 8.97122e+06 8.89915e+06 8.76905e+06 8.46137e+06 7.98089e+06 7.92812e+06 7.56713e+06 7.2264e+06 7.12952e+06 7.1173e+06 6.64934e+06 6.04502e+06 6.02131e+06 5.98863e+06 5.93363e+06 5.31364e+06 5.25796e+06 4.30125e+06 4.21927e+06 3.65646e+06 3.2114e+06 2.75686e+06 2.46803e+06 2.25449e+06 2.11613e+06 1.77525e+06 1.64845e+06 1.57185e+06 982896
threshold=1381.6118996345785 771.37542028724295 2148.5964702371089 1962.7455307003709 2626.1050338120644 1133.1627061669908 540.38965734328144 1679.8958772287044 30813.135000000006 2626.1050338120644 313.36243140441212 942.61101605018291 2921.6531414937131 2536.291659429196 0.1496473349357926 35658.500000000007 31814.485000000004 0.17248759455961213 0.22920403930075578 1412.3653628747913 1962.7455307003709 2.5750175502600348 0.14161696835341123 737.99007240261528 441.5020125364685 -0.37940952255126009 0.16412451633533634 31189.230000000007 1234.7430767968854 31803.500000000004 2228.4778661858099 0.050720319264757938 2521.0321204144539 1699.6209308463654 1.0000000180025095e-35 225.50000000000003 33813.500000000007 811.56075938547838 7.5815958500000002 284.6815767390824 978.7605442811049 503.47563956699781 302.7060715524612 1.2524231056641475 384.94467117176657 -0.5 939.09846344184075 1080.2144116474976 0.1233863036674669 -0.37940952255126009 0.15364126980085169 30990.680000000004 375.23001420982661 418.88510903838215 303.37034084237683 416.42871920763656 0.095162499575581525
decision_type=2 2 2 2 2 2 2 2 2 2 2 2 2 2 2 2 2 2 2 2 2 2 2 2 2 2 2 2 2 2 2 2 2 2 2 2 2 2 2 2 2 2 2 2 2 2 2 2 2 2 2 2 2 2 2 2 2
left_child=1 6 3 7 8 11 10 18 14 20 39 37 17 22 56 25 31 19 29 -7 -10 30 32 34 53 -9 28 -24 -13 -2 -18 -6 -5 -19 40 -11 49 47 -16 54 -8 -26 -36 46 -28 -17 -25 -3 -39 -15 -23 -20 -38 -12 -1 -41 -4
right_child=2 5 4 13 16 12 23 15 9 35 24 26 -14 36 38 45 21 33 51 -21 -22 50 27 43 41 -27 44 -29 -30 -31 -32 -33 -34 -35 42 -37 52 48 -40 55 -42 -43 -44 -45 -46 -47 -48 -49 -50 -51 -52 -53 -54 -55 -56 -57 -58
leaf_value=-61.881713804228603 23.541542334251869 -19.334855526210212 61.413631781216331 63.715959859607231 97.18566158810178 13.9089689431792 -26.620212600385891 14.895965437436926 66.563800717062421 88.154011145697694 -45.340400287193845 -0.90022344915039487 96.472005680629195 56.687496275468305 -20.096203962449103 51.240343474219827 95.542735638534822 -6.420038598988155 -20.34585912549818 30.023205075507153 89.175313821423444 141.74219718356093 9.5738182281494151 -15.315028949559681 -37.744678692526662 44.042693335954539 -9.3807164994601546 56.405596995835893 11.78003571336151 35.354842675634991 122.13270437406135 31.499371975985444 80.076539324725118 28.983323601256025 -28.978674254378653 114.35973276343714 79.668621012369798 -6.2575663341435428 37.421209006742998 -49.441650490105047 -7.506230654757247 -31.271691654829546 -55.943602178145433 14.071080611379523 -40.798432553155081 62.593625126581124 -38.800624213585486 -6.5180735724471335 -16.886546776676177 86.115560143512226 113.7551260435815 9.7992801775251124 108.66259427584134 -41.212190545983205 -51.683267479118669 -41.08140143554688 79.683131840543936
leaf_weight=348 578 894 86 902 36 2072 1278 115 287 107 1132 973 27 43 30 424 113 291 36 450 619 356 49 1007 6815 429 115 88 563 1470 771 21 269 46 122 389 35 966 21 588 116 1099 97 37 48 547 51 171 224 68 50 27 142 2430 216 249 52
leaf_count=348 578 894 86 902 36 2072 1278 115 287 107 1132 973 27 43 30 424 113 291 36 450 619 356 49 1007 6815 429 115 88 563 1470 771 21 269 46 122 389 35 966 21 588 116 1099 97 37 48 547 51 171 224 68 50 27 142 2430 216 249 52
internal_value=0.00865232 -24.853 68.3273 48.5165 103.51 2.77241 -36.9768 39.1243 86.9011 91.6465 -40.0239 -6.47194 15.4356 69.8172 51.4025 50.6232 123.049 14.6368 30.8519 16.795 82.0938 125.16 64.6715 -22.478 -38.6185 37.9198 1.57637 39.8463 3.75219 32.0339 118.846 73.9458 67.5394 -1.51608 -27.2443 108.895 92.8825 -12.5338 3.85162 -51.5003 -25.0362 -36.8499 -41.122 -15.4384 -18.8249 57.6939 -16.4827 -17.285 -8.27081 75.3234 138.583 -7.47526 103.409 -42.5365 -58.0743 -47.0065 68.8215
internal_weight=30585 22425 8160 5222 2938 6840 15585 3626 1591 1402 12877 3954 2886 1596 189 1515 1347 2859 2111 2522 906 1290 1308 2708 11476 544 1699 137 1536 2048 884 57 1171 337 1613 496 288 2255 51 1401 1394 7914 219 1095 163 971 1058 1065 1190 111 406 63 177 3562 564 837 138
internal_count=30585 22425 8160 5222 2938 6840 15585 3626 1591 1402 12877 3954 2886 1596 189 1515 1347 2859 2111 2522 906 1290 1308 2708 11476 544 1699 137 1536 2048 884 57 1171 337 1613 496 288 2255 51 1401 1394 7914 219 1095 163 971 1058 1065 1190 111 406 63 177 3562 564 837 138
is_linear=0
shrinkage=0.08


Tree=3
num_leaves=57
num_cat=0
split_feature=18 18 17 18 16 17 17 7 18 7 17 7 21 17 16 17 7 7 7 21 17 16 18 18 16 16 1 21 17 1 19 16 3 7 18 38 21 17 30 3 1 7 17 16 21 7 1 4 1 16 4 38 18 18 16 34
split_gain=6.87763e+09 8.80616e+08 8.35296e+08 1.67558e+08 1.27867e+08 1.06712e+08 6.75454e+07 6.09305e+07 5.01908e+07 4.3608e+07 3.08741e+07 3.0297e+07 2.96587e+07 2.90419e+07 2.67694e+07 2.61999e+07 2.14415e+07 1.84822e+07 1.49164e+07 1.47633e+07 1.45538e+07 1.26443e+07 1.21838e+07 1.08578e+07 9.95373e+06 9.67976e+06 9.52942e+06 9.19358e+06 8.53827e+06 8.38592e+06 9.77857e+06 8.05062e+06 7.83303e+06 7.29039e+06 7.10915e+06 6.8742e+06 6.84406e+06 6.05516e+06 5.79512e+06 5.07655e+06 4.83645e+06 4.62581e+06 4.54193e+06 4.40296e+06 4.29081e+06 4.06451e+06 3.15462e+06 3.05462e+06 2.44992e+06 2.32087e+06 2.2089e+06 2.02843e+06 1.85962e+06 1.74367e+06 1.29419e+06 466674
threshold=1307.4506428975419 730.97211729913704 2148.5964702371089 1756.7994164434776 2626.1050338120644 910.35760903550988 522.31235817040965 27176.583333333336 2289.661802668134 32448.75583333334 2536.291659429196 25953.28666666667 122.50174227938511 2921.6531414937131 1211.0870042155298 1769.3285804849877 26644.033333333336 24980.067500000005 33488.284166666672 587.00992519963893 3005.0980100075335 2536.291659429196 1867.7165627487752 1589.497104335607 753.39488002536666 453.64685489948243 0.15364126980085169 746.70397078078884 3005.0980100075335 0.15497246883075538 631.09926442692938 1007.9559692994125 1.5400139436404057 24980.067500000005 2438.4874958489418 7.5886932500000013 892.97666057311005 439.60165944303247 0.81174490092936691 1.2524231056641475 0.18058820999331973 33201.045833333344 1743.9111632769943 1873.4163097475914 414.58249712783203 28264.799166666671 0.15364126980085169 0.10055000000000001 0.15364126980085169 492.24263212484863 0.96924700037831835 10.229593500000002 2199.5145717372438 1184.9845847808581 852.51399127078719 1.0000000180025095e-35
decision_type=2 2 2 2 2 2 2 2 2 2 2 2 2 2 2 2 2 2 2 2 2 2 2 2 2 2 2 2 2 2 2 2 2 2 2 2 2 2 2 2 2 2 2 2 2 2 2 2 2 2 2 2 2 2 2 2
left_child=1 6 3 11 7 19 12 26 9 17 22 27 37 14 18 23 -6 -5 -7 29 34 36 -9 -13 33 45 52 40 -12 30 -3 54 -16 47 -18 -28 -10 50 -35 46 -2 -23 -11 -17 -31 -14 -26 -8 -22 -27 -1 -29 -4 -33 -21 -39
right_child=2 5 4 8 16 13 24 10 21 42 28 15 25 -15 32 43 20 -19 -20 31 48 41 -24 -25 39 49 35 51 -30 44 -32 53 -34 38 -36 -37 -38 55 -40 -41 -42 -43 -44 -45 -46 -47 -48 -49 -50 -51 -52 -53 -54 -55 -56 -57
leaf_value=-55.642218286315014 5.2842872957082898 -16.58764552348751 26.98100650605701 5.403538319569714 31.25018316095526 -4.7098062046320663 -54.850950455338989 57.635727827841777 20.391227649507069 53.21609610873616 92.889513942956469 23.816159493090641 -41.209891307838191 94.05921223640442 13.380982608534692 41.594543461623019 94.141758187321699 41.222116063206471 8.5338852116335495 -12.077978871417045 127.89273535615307 77.113158479743049 80.214517246640966 36.233618334048892 -14.565696111145932 -34.541254670661381 -10.774586096676913 12.176144943517798 118.42135665515238 -52.773844643869708 35.009886099497479 0.077254326567053791 36.781624851226809 -27.189142566746263 112.5478221953687 38.938389546712237 69.346455134021426 -38.475362432065218 -15.628462658609664 14.456477449205186 -27.651109850406648 103.0069633914263 65.108920654296867 56.41378962023505 -19.437491726345485 -36.398368872050618 -31.392817947952835 -31.333190987749798 103.79540339735688 -30.816230407188328 -47.036200646509094 35.395961954752607 57.513504954370958 11.491176827600759 -6.042621575715394 -49.885384740584932
leaf_weight=535 51 1415 20 105 21 1152 72 227 20 346 528 1428 2067 24 1761 431 240 775 1030 599 471 108 579 668 668 4892 43 135 120 61 23 255 96 1108 555 29 514 344 377 35 63 116 699 202 44 2788 80 81 60 1506 394 29 57 128 372 38
leaf_count=535 51 1415 20 105 21 1152 72 227 20 346 528 1428 2067 24 1761 431 240 775 1030 599 471 108 579 668 668 4892 43 135 120 61 23 255 96 1108 555 29 514 344 377 35 63 116 699 202 44 2788 80 81 60 1506 394 29 57 128 372 38
internal_value=0.0117175 -23.792 60.4673 42.5443 95.0114 -0.277038 -34.7131 79.6318 57.0798 50.1575 84.6274 29.5603 -37.0721 8.08677 7.55276 32.1225 113.241 36.9593 1.54284 -12.0059 114.515 74.5702 73.9348 27.789 -22.461 -35.7373 30.643 4.38332 97.7928 -17.354 -15.7386 -5.90299 14.6099 -26.0121 107.117 9.50781 67.5545 -48.4932 -24.2667 -15.0087 -12.999 90.9207 61.2258 46.4051 -39.1195 -38.4549 -16.4049 -42.6847 125.37 -33.6694 -52.0468 16.4717 50.0306 3.91182 -9.77437 -39.7377
internal_weight=30585 21945 8640 5690 2950 6960 14985 1603 2683 1925 1454 3007 12564 4063 4039 2729 1347 880 2182 2897 1326 758 806 2096 2421 11253 149 278 648 1543 1438 1354 1857 1638 795 72 534 1311 1485 783 114 224 1045 633 105 4855 748 153 531 6398 929 164 77 383 971 382
internal_count=30585 21945 8640 5690 2950 6960 14985 1603 2683 1925 1454 3007 12564 4063 4039 2729 1347 880 2182 2897 1326 758 806 2096 2421 11253 149 278 648 1543 1438 1354 1857 1638 795 72 534 1311 1485 783 114 224 1045 633 105 4855 748 153 531 6398 929 164 77 383 971 382
is_linear=0
shrinkage=0.08


Tree=4
num_leaves=59
num_cat=0
split_feature=20 17 9 21 7 7 22 22 17 22 7 17 21 21 21 7 7 21 7 7 21 17 22 19 14 11 17 17 21 21 21 9 19 26 7 7 32 7 22 17 27 0 17 7 32 11 27 1 1 19 17 17 7 22 21 25 4 17
split_gain=5.61383e+09 8.35367e+08 6.5273e+08 1.58663e+08 1.18162e+08 1.17863e+08 9.31316e+07 7.9593e+07 7.38869e+07 5.70154e+07 3.63226e+07 3.2619e+07 3.06115e+07 2.5566e+07 2.44474e+07 2.31735e+07 2.09128e+07 1.6296e+07 1.49412e+07 1.34395e+07 1.23327e+07 1.12686e+07 1.09846e+07 1.06347e+07 1.03739e+07 1.03569e+07 1.02133e+07 9.28965e+06 9.16324e+06 7.86151e+06 6.73197e+06 6.21907e+06 5.36854e+06 5.31776e+06 4.6267e+06 4.52938e+06 4.33342e+06 3.73744e+06 3.32215e+06 3.12762e+06 2.81998e+06 2.18802e+06 2.20137e+06 2.16894e+06 2.1664e+06 2.14316e+06 1.85828e+06 1.75664e+06 1.56339e+06 1.55458e+06 1.33946e+06 1.22048e+06 1.14816e+06 1.14364e+06 615521 560096 502201 433333
threshold=1266.3040807290593 2131.9594740145162 348.02521600000006 1514.8194839030127 24980.067500000005 28264.799166666671 2770.5900481868371 1879.4338978542664 1049.3359823433866 773.0800191234058 30804.060833333337 3005.0980100075335 336.85457942598708 690.22177212159943 1284.9120422085491 27538.727500000005 28129.700833333336 536.95189027559854 22662.251666666671 33137.590833333343 414.58249712783203 614.41997219800032 2914.9447574641049 631.09926442692938 0.5094993611473716 0.33858181767534506 2475.030458788719 1420.263053060253 74.820951882588275 949.65993401550907 1223.9729628642706 779.1577910000002 266.67506364095544 35655.280208333344 36152.1175 37537.115000000005 1.0000000180025095e-35 23379.125000000004 2127.9704475995736 468.51878308080467 -0.70710678118654735 0.28385721731658087 494.94905381194712 22031.844166666669 0.6830127018922193 0.45650780662493312 0.25881904510252091 0.051968590424222284 0.11499628604412611 531.76801472283285 2626.1050338120644 416.42871920763656 31285.19666666667 526.47710981445823 1638.1614884611433 29718.090000000004 1.1892242433663605 1911.1456186422686
decision_type=2 2 2 2 2 2 2 2 2 2 2 2 2 2 2 2 2 2 2 2 2 2 2 2 2 2 2 2 2 2 2 2 2 2 2 2 2 2 2 2 2 2 2 2 2 2 2 2 2 2 2 2 2 2 2 2 2 2
left_child=2 3 9 4 12 14 26 17 13 15 -9 19 24 20 18 28 25 -6 -3 -8 23 41 35 -4 -2 -10 38 34 43 40 -14 49 -22 -20 -18 54 46 -27 -7 52 -15 -11 -43 -1 -28 -13 -23 -38 -29 -24 55 -30 -17 -41 -5 -16 -31 -37
right_child=1 5 8 22 7 6 11 10 16 21 -12 45 30 29 50 39 27 -19 33 -21 32 36 31 -25 -26 37 44 48 51 56 -32 -33 -34 -35 -36 57 47 -39 -40 53 -42 42 -44 -45 -46 -47 -48 -49 -50 -51 -52 -53 -54 -55 -56 -57 -58 -59
leaf_value=-52.467146524568882 -43.226408243832523 -29.641335267384846 -25.216366736589794 44.963668755425353 -12.466378388453011 43.695820781052717 80.080514866172848 30.22210435343602 -49.304546283922704 -6.1242143208271749 47.995173309352275 115.72364461614349 4.0683321088574314 10.192560986316565 48.633779039884871 -34.918661112587834 5.8011117824853633 21.083437610769518 40.644607914158556 97.901259851995519 -11.19755512179217 -16.840329437629851 73.114151290478674 28.322779956054688 0.69180546636166784 -26.558161017839296 62.328283221905053 28.940248350680456 -38.864144281138081 18.341759216144521 44.022830596923832 102.53788284866899 1.7260521949166838 8.9868774764391848 13.580012633877184 62.014313912340384 -4.451644136883897 -0.96648557811486913 61.679019357290471 -31.175650889510255 -2.2617625523803189 -29.781328500770943 -23.365200864616291 -43.725576891403591 82.295438678882746 79.374445219494049 -26.630494955950244 -13.717800642191111 15.289318694344049 49.369696044921874 81.564067633213142 -34.750152348482487 -32.296472894857814 -27.795544617018773 54.498116421786229 65.918626201923075 32.689803189364348 75.207026398091372
leaf_weight=327 145 29 557 107 98 98 422 1230 37 36 1862 636 272 131 37 2196 968 1528 121 1006 2001 407 330 24 45 42 64 205 1430 92 29 53 229 48 994 92 218 243 326 2946 981 655 792 586 215 20 186 332 78 28 38 876 2801 954 219 64 21 78
leaf_count=327 145 29 557 107 98 98 422 1230 37 36 1862 636 272 131 37 2196 968 1528 121 1006 2001 407 330 24 45 42 64 205 1430 92 29 53 229 48 994 92 218 243 326 2946 981 655 792 586 215 20 186 332 78 28 38 876 2801 954 219 64 21 78
internal_value=0.0137691 52.1032 -22.5365 34.9022 29.515 85.7565 91.1641 33.4013 -1.63269 -31.8987 40.9371 99.6851 -7.82092 -8.38094 40.8981 -34.2161 8.97646 19.055 22.6621 92.6946 -12.5829 -21.1974 65.7752 -22.9599 -32.8756 -10.0662 65.7984 11.711 -40.0517 1.26372 8.05079 75.6542 -9.87024 31.7588 9.74701 57.4534 -15.2043 -4.81756 57.6351 -32.1005 -0.786732 -25.8031 -26.2881 -46.9104 77.9541 114.738 -19.9508 -10.0598 25.2449 71.3997 66.5271 -37.3171 -33.4556 -30.3562 51.5158 60.1254 21.2716 68.4718
internal_weight=30585 9240 21345 6116 5209 3124 2787 4718 6603 14742 3092 2084 491 4036 337 12116 2567 1626 198 1428 2811 2626 907 581 190 322 703 2245 3219 1225 301 411 2230 169 1962 496 1143 285 424 8897 1112 1483 1447 913 279 656 593 550 283 358 139 2306 4997 3900 326 101 113 170
internal_count=30585 9240 21345 6116 5209 3124 2787 4718 6603 14742 3092 2084 491 4036 337 12116 2567 1626 198 1428 2811 2626 907 581 190 322 703 2245 3219 1225 301 411 2230 169 1962 496 1143 285 424 8897 1112 1483 1447 913 279 656 593 550 283 358 139 2306 4997 3900 326 101 113 170
is_linear=0
shrinkage=0.08


Tree=5
num_leaves=60
num_cat=0
split_feature=18 18 18 17 17 17 0 17 17 5 18 17 23 16 22 23 16 23 18 16 16 16 5 5 11 28 23 8 19 17 9 25 18 27 30 20 16 16 17 22 27 30 22 18 16 18 5 16 16 9 8 18 18 3 37 28 30 18 25
split_gain=4.95049e+09 6.96955e+08 5.18961e+08 1.69892e+08 1.02541e+08 7.7212e+07 4.64698e+07 3.03843e+07 2.34988e+07 2.27574e+07 2.23797e+07 2.14623e+07 2.05876e+07 1.90931e+07 1.8597e+07 1.71782e+07 1.65063e+07 1.55367e+07 1.46128e+07 1.25425e+07 1.21079e+07 1.18203e+07 1.08857e+07 9.61396e+06 9.42285e+06 9.12535e+06 8.73009e+06 8.60488e+06 8.30623e+06 8.05867e+06 7.44494e+06 6.57106e+06 5.28489e+06 5.27351e+06 4.9722e+06 4.80801e+06 6.02608e+06 4.56769e+06 3.92566e+06 3.69268e+06 3.33182e+06 3.27385e+06 3.14488e+06 3.01552e+06 2.98393e+06 2.59208e+06 2.5438e+06 2.22677e+06 2.1943e+06 2.10999e+06 1.93289e+06 1.68837e+06 1.45976e+06 1.35586e+06 1.30523e+06 612411 528512 515040 480972
threshold=1236.433106384646 1983.9527159747879 684.59061149821753 2626.1050338120644 1769.3285804849877 910.35760903550988 0.43747898452485617 446.1872835029489 2863.635411009132 0.07425352420289931 1589.497104335607 1720.0260074008504 33556.500000000007 2895.5032941072968 726.56672033597442 33026.500000000007 2536.291659429196 31429.500000000004 2548.6437464042765 2032.726412708347 304.3907199453833 701.08182440814699 0.073125579550648884 0.085640923183617226 0.47161594468813289 -0.9829629131445341 37360.500000000007 709.52667636726585 497.39075132390343 1222.0183875528421 591.11564465000004 32808.06500000001 975.90267022014484 -0.70710678118654735 0.81174490092936691 1401.1457286867919 1268.0931206398557 1860.6573161070698 3050.8705243132035 2770.5900481868371 -0.70710678118654735 0.81174490092936691 2026.5888750965628 268.99110784165651 1257.8883593046228 2471.3939942877191 0.072188234579003349 466.16131816231001 547.93299399663113 434.53987020000005 816.11141565159744 428.73204713259628 166.95333112748082 2.5791342372321999 176.50000000000003 -0.70710678118654757 0.81174490092936691 473.93637447067692 31641.890000000003
decision_type=2 2 2 2 2 2 2 2 2 2 2 2 2 2 2 2 2 2 2 2 2 2 2 2 2 2 2 2 2 2 2 2 2 2 2 2 2 2 2 2 2 2 2 2 2 2 2 2 2 2 2 2 2 2 2 2 2 2 2
left_child=2 4 7 6 10 21 16 20 12 18 26 15 22 31 47 32 25 23 -8 -14 43 34 -6 -12 27 -3 28 -13 -2 -17 -11 45 -7 44 48 36 -23 -19 50 -33 -18 -35 -28 58 -16 -5 53 52 -4 51 -10 -22 -9 -15 -36 -48 -45 -49 -1
right_child=1 3 5 13 8 11 9 14 38 30 17 24 19 46 33 29 40 37 -20 -21 49 35 -24 -25 -26 -27 42 -29 -30 -31 -32 39 -34 41 54 -37 -38 -39 -40 -41 -42 -43 -44 56 -46 -47 55 57 -50 -51 -52 -53 -54 -55 -56 -57 -58 -59 -60
leaf_value=-49.367547982516633 14.210206977987712 45.490648598257948 -28.104013940499307 41.898915141741433 35.331345408074206 -15.113469252716115 48.24503759716805 -42.874660184556163 52.51817061651321 4.5752295997343868 21.341998400192939 35.247321424938384 41.962797368754508 103.82164423828124 -15.499832363265883 2.2631786154952649 96.83228827978435 31.639757589809712 67.171658307387148 58.677299685423407 -34.80776881397604 -9.6734743764099083 4.4133275495256701 -16.333139614868166 -10.913071802312677 69.744925241613529 21.392472597529551 93.645869140624995 -12.660902223224882 11.2021457617083 43.111379763045399 70.138280501302077 -1.5476959451378847 -25.274946267589389 9.8494735783544076 -43.353100838294395 7.4218974949972969 43.616264952647533 98.442286024827226 92.00658327693192 79.638728110160969 -16.098375863343655 41.284515846946022 -40.344136434386975 8.3888550906711163 74.477435413707397 73.202181701660152 -28.59656030861148 -19.012335226220905 -57.109571484375003 86.878509753999268 -31.384447708455646 -30.53084995530466 116.11976658609657 -9.3548575279145023 97.003800181775986 -33.100491150973134 -26.408162980079652 -36.688226549303209
leaf_weight=370 1129 126 262 29 213 293 796 68 41 82 336 83 919 349 555 1250 151 649 406 434 1788 2380 111 49 21 665 1001 20 78 1335 52 74 491 1080 28 25 139 315 51 561 268 333 54 521 35 54 27 2533 529 24 20 2341 3189 220 104 100 113 1279 36
leaf_count=370 1129 126 262 29 213 293 796 68 41 82 336 83 919 349 555 1250 151 649 406 434 1788 2380 111 49 21 665 1001 20 78 1335 52 74 491 1080 28 25 139 315 51 561 268 333 54 521 35 54 27 2533 529 24 20 2341 3189 220 104 100 113 1279 36
internal_value=0.0153243 48.4792 -21.358 73.9692 29.7764 -3.44856 61.5719 -30.0953 45.4384 51.2003 22.0065 4.94554 43.0188 96.2321 -27.2934 3.73664 72.9717 30.1661 54.6884 47.3637 -34.984 -11.9046 24.7852 16.5171 37.498 65.9437 17.1291 47.3783 12.4647 6.88217 19.7381 86.6777 -6.63035 -20.4666 -19.6586 -9.08474 -8.72757 35.5944 80.9665 89.5724 86.0508 -23.1252 22.4488 -42.753 -14.0709 63.7289 105.95 -29.2246 -22.0554 -33.0287 65.0034 -32.8749 -30.8016 108.772 -5.23778 92.555 -39.1072 -27.8694 -48.3362
internal_weight=30585 9360 21225 3960 5400 6960 2546 14265 1789 1336 3611 3493 1677 1414 9072 3369 1210 1349 1202 1353 5193 3467 324 385 124 791 2262 103 1207 2585 134 718 784 2003 923 2544 2519 964 112 635 419 1413 1055 1040 590 83 696 7069 791 4153 61 4129 3257 569 132 127 634 3812 406
internal_count=30585 9360 21225 3960 5400 6960 2546 14265 1789 1336 3611 3493 1677 1414 9072 3369 1210 1349 1202 1353 5193 3467 324 385 124 791 2262 103 1207 2585 134 718 784 2003 923 2544 2519 964 112 635 419 1413 1055 1040 590 83 696 7069 791 4153 61 4129 3257 569 132 127 634 3812 406
is_linear=0
shrinkage=0.08


Tree=6
num_leaves=62
num_cat=0
split_feature=18 18 17 16 16 16 17 18 11 18 22 23 19 18 17 16 21 1 1 27 21 17 1 21 1 17 1 16 21 1 17 27 22 1 1 21 21 15 19 17 1 19 23 12 17 21 29 18 23 17 22 28 6 19 16 16 1 27 18 36 29
split_gain=4.19441e+09 6.04753e+08 4.63203e+08 1.06942e+08 6.56029e+07 6.13435e+07 5.97137e+07 2.72287e+07 2.39259e+07 2.19026e+07 2.00421e+07 1.88873e+07 1.81638e+07 1.73461e+07 1.71897e+07 1.50017e+07 1.27168e+07 1.20783e+07 9.80356e+06 9.15849e+06 9.10021e+06 8.85355e+06 8.37638e+06 8.17796e+06 7.85154e+06 7.2877e+06 6.78487e+06 6.62439e+06 6.39597e+06 6.19601e+06 6.07102e+06 6.00861e+06 5.80243e+06 5.57897e+06 5.38237e+06 6.15877e+06 4.97158e+06 4.72874e+06 4.72607e+06 4.27054e+06 4.14934e+06 6.56357e+06 4.35573e+06 4.14232e+06 4.06388e+06 3.88611e+06 3.63764e+06 3.3796e+06 2.96213e+06 2.93791e+06 2.16829e+06 2.09251e+06 1.91204e+06 1.84851e+06 1.72384e+06 1.68282e+06 1.65879e+06 1.35711e+06 1.3237e+06 1.12638e+06 985473
threshold=1381.6118996345785 790.92793130418727 2273.1114059773076 1873.4163097475914 520.53403998596036 2863.635411009132 1151.974653264883 2257.4581861031606 0.46071783473927969 1706.1374638911916 2452.0930720639471 31693.500000000004 709.18839906504832 370.26730456037649 1950.5840221573269 1039.4924051361979 364.87887719965437 0.20179298745144222 0.18058820999331973 -0.37940952255126059 1477.6462991607084 680.58438609036352 0.22031234280403358 1558.3671178000034 0.11573843638251087 3005.0980100075335 0.17248759455961213 1386.0171818619581 190.75359317450474 0.17754724334573557 454.70337632242178 -0.70710678118654735 3163.9228993991851 0.17475777883368729 0.12428960263369709 416.86122310593777 598.00155699750883 152.84083333333342 418.28706033867599 1860.6573161070698 0.12164037820727351 509.51803386083446 33556.500000000007 0.099132617910698564 303.37034084237683 122.50174227938511 -1.0000000180025095e-35 1072.740594304237 34797.500000000007 2507.049509271968 2888.6480334111816 -0.70710678118654757 220.00500000000002 384.94467117176657 423.84994136026273 737.99007240261528 0.058371238028711414 -0.78656609248549292 1767.0654930259393 5.5000000000000009 -0.60785761079279388
decision_type=2 2 2 2 2 2 2 2 2 2 2 2 2 2 2 2 2 2 2 2 2 2 2 2 2 2 2 2 2 2 2 2 2 2 2 2 2 2 2 2 2 2 2 2 2 2 2 2 2 2 2 2 2 2 2 2 2 2 2 2 2
left_child=1 4 3 9 13 8 15 11 10 29 58 18 49 44 17 34 46 27 -5 60 -18 45 28 -21 32 -12 47 -8 -16 39 54 -13 50 -14 43 -36 -31 -32 -19 -2 41 -23 -42 -3 56 59 -11 -17 -26 -10 -7 -50 -46 -28 -15 -47 -1 -34 -4 -6 -9
right_child=2 6 5 7 21 24 14 19 12 16 25 31 33 30 22 26 20 38 -20 23 -22 40 -24 -25 48 -27 53 -29 -30 36 37 -33 57 -35 35 -37 -38 -39 -40 -41 42 -43 -44 -45 52 55 -48 -49 51 -51 -52 -53 -54 -55 -56 -57 -58 -59 -60 -61 -62
leaf_value=-36.001952309760107 21.377130274953963 -7.696272839976765 35.099007315837163 29.007649826049807 -27.230871689136212 64.020263888835913 9.1723267599289162 67.58269263938621 50.426809326902834 -23.945745523295233 73.57194845152857 53.841780990571472 33.100008317986315 -31.637269913266856 74.899137282953035 -0.3534099654245661 31.938114669828707 0.27190024066978774 -16.093953467921207 42.791415769609358 46.588560590846562 -10.155313682836146 -3.2754172579447429 64.041526038259121 45.718196437669839 91.915639499886325 -6.7146578832467405 18.808914974838942 33.351246530386121 -26.180078290303552 -26.178289252207165 42.300689962965542 111.56955367003437 -9.604392762617632 -33.627824679904514 -10.667437002951639 12.572814403798271 -2.7731923260605131 -30.604579167859306 34.020602672846628 -30.871785706047 27.798338887532552 -13.1838100938705 0.68226155034778191 -33.472583711538739 -21.07820756492632 16.490194539037244 8.4881821604231931 60.997763923645017 66.701650042110657 91.225622225968294 86.692414520763961 -8.005682547433036 -29.855114224456081 -28.463739431832582 -15.119355172109385 -44.529938550210616 97.076536911927946 52.326494777513588 -52.69985940867457 86.676864099984215
leaf_weight=282 1452 1421 70 169 25 31 1903 53 166 27 897 523 48 2007 40 460 1088 70 37 176 371 1123 23 405 22 188 47 602 64 23 6157 731 190 32 89 455 183 56 57 197 126 29 310 514 937 1107 28 693 39 168 377 121 20 42 2881 437 420 182 68 28 98
leaf_count=282 1452 1421 70 169 25 31 1903 53 166 27 897 523 48 2007 40 460 1088 70 37 176 371 1123 23 405 22 188 47 602 64 23 6157 731 190 32 89 455 183 56 57 197 126 29 310 514 937 1107 28 693 39 168 377 121 20 42 2881 437 420 182 68 28 98
internal_value=0.0172607 -17.8539 49.1263 36.0848 -26.2285 77.006 2.75396 49.8415 67.4854 27.1221 73.1554 43.4613 50.5995 -28.7928 11.6704 -3.85862 34.2702 10.2735 20.8683 62.4903 35.6928 -15.9494 40.3132 57.6889 93.1201 76.8321 3.31601 11.4948 49.8923 21.2727 -27.6458 47.1531 96.8076 16.1106 -7.45306 -14.4786 8.14046 -25.9678 -13.7169 22.9073 -11.7064 -9.1766 -18.3544 -5.47145 -36.4464 -20.1585 -3.43331 4.9635 76.8738 58.7876 89.3201 80.8471 -32.9493 -17.8453 -29.773 -19.4025 -41.1603 104.758 43.9033 -41.4129 80.4637
internal_weight=30585 22425 8160 5561 15945 2599 6480 2192 1637 3369 1223 1460 414 12760 2759 3721 1514 2632 206 732 1459 3185 127 581 962 1085 1242 2505 104 1855 11101 1254 780 80 2479 544 206 6213 127 1649 1588 1152 436 1935 1659 1597 55 1153 182 334 408 160 957 89 4888 1544 702 372 138 53 151
internal_count=30585 22425 8160 5561 15945 2599 6480 2192 1637 3369 1223 1460 414 12760 2759 3721 1514 2632 206 732 1459 3185 127 581 962 1085 1242 2505 104 1855 11101 1254 780 80 2479 544 206 6213 127 1649 1588 1152 436 1935 1659 1597 55 1153 182 334 408 160 957 89 4888 1544 702 372 138 53 151
is_linear=0
shrinkage=0.08


Tree=7
num_leaves=59
num_cat=0
split_feature=18 18 18 17 17 17 7 17 7 16 17 7 18 17 7 21 16 21 21 7 8 7 16 16 16 3 36 27 7 22 7 7 1 17 7 7 17 18 1 21 16 17 3 21 16 1 30 21 8 4 1 16 16 20 37 44 7 20
split_gain=3.55549e+09 5.04987e+08 3.72232e+08 1.17734e+08 8.09847e+07 4.53864e+07 3.98399e+07 3.45275e+07 3.07046e+07 2.64219e+07 2.15818e+07 2.0819e+07 1.68678e+07 1.6429e+07 1.72845e+07 1.60207e+07 1.35283e+07 1.20941e+07 1.20494e+07 8.81016e+06 8.71898e+06 8.31683e+06 7.72161e+06 7.07797e+06 7.03717e+06 6.35166e+06 6.16421e+06 5.72645e+06 5.54266e+06 5.47193e+06 5.21178e+06 5.18951e+06 5.17659e+06 4.76745e+06 4.72589e+06 4.70017e+06 4.6546e+06 4.08911e+06 4.023e+06 4.98753e+06 4.34319e+06 3.71482e+06 3.49576e+06 3.38237e+06 2.7491e+06 2.33642e+06 2.2432e+06 2.24192e+06 2.07214e+06 1.80311e+06 1.50667e+06 1.42835e+06 1.22052e+06 1.15775e+06 889584 307639 279073 219750
threshold=1236.433106384646 1998.6334189596382 730.97211729913704 2626.1050338120644 1769.3285804849877 910.35760903550988 27102.58666666667 506.68302738297217 24590.025833333337 2312.5587359574915 2507.049509271968 28059.969166666669 1563.727621682867 1720.0260074008504 32523.530000000002 137.65365395165696 3005.0980100075335 725.5338391654974 1558.3671178000034 39332.662500000006 867.10914946797095 26042.829166666674 1873.4163097475914 661.82619661890294 786.15894839621672 1.3304648649751376 2.5000000000000004 -0.70710678118654735 23379.125000000004 1229.6819762142231 29315.593333333338 22662.251666666671 0.21364731160036707 3050.8705243132035 24590.025833333337 33201.045833333344 1699.6209308463654 2228.4778661858099 0.16412451633533634 298.58893218091526 1268.0931206398557 439.60165944303247 1.2524231056641475 1223.9729628642706 1433.9411256865305 0.15497246883075538 0.81174490092936691 573.34602233047951 342.39494753253194 0.85184443094652018 0.11573843638251087 437.67830574454473 478.45318210849354 1945.1401657325112 176.50000000000003 7.6309735000000005 31793.933333333338 2424.9247126126511
decision_type=2 2 2 2 2 2 2 2 2 2 2 2 2 2 2 2 2 2 2 2 2 2 2 2 2 2 2 2 2 2 2 2 2 2 2 2 2 2 2 2 2 2 2 2 2 2 2 2 2 2 2 2 2 2 2 2 2 2
left_child=2 4 7 6 11 24 18 15 31 19 22 17 44 14 25 41 21 26 28 -8 32 -5 -10 34 46 -7 -2 -11 -3 -16 51 -6 -15 -12 48 -14 -36 -23 40 -40 -26 49 45 -19 -13 -25 47 -4 -9 -1 55 -17 -32 -33 -48 -18 -43 -20
right_child=1 3 5 16 8 13 9 23 10 27 33 12 35 20 29 30 50 43 57 -21 -22 37 -24 42 38 -27 -28 -29 -30 -31 52 53 -34 -35 36 -37 -38 -39 39 -41 -42 56 -44 -45 -46 -47 54 -49 -50 -51 -52 -53 -54 -55 -56 -57 -58 -59
leaf_value=-41.205857300052294 6.4517582622962664 -19.216373316446941 -20.258480642723569 23.288626883370537 -34.210075762199629 -5.7524470309552029 44.958500214203681 -25.837340838828784 32.299171109302435 76.843042823875336 56.500641389069735 14.249509370232822 24.12124825273543 32.460023726342428 -3.9744843586574898 -29.714783568368084 88.968591360381168 9.0786500248815099 43.547313464936764 63.772898535397971 76.198532849121094 63.283088670495438 43.730992968249218 -11.512102723852927 -6.554311182123481 13.672010103113513 -22.93829522369105 62.403143536380192 21.436836754207697 9.3858181109061203 -25.197414085365182 21.226782582600915 -13.087926330566406 84.383109867490575 -19.363629502888791 34.738997956050646 16.339972839355468 79.516821467329251 -46.481814889618846 -11.32399259399414 8.3336340228249046 -29.424132854461668 12.747089191012913 22.706770066852808 20.778073938055474 -25.139110553184253 7.7517278815960058 -11.427019276259079 -46.202795930828962 -33.94171911945616 80.324151679253092 -26.369304870939796 -22.842980187377197 -3.9051841170699508 -8.5770248113027439 99.591166941745215 -23.041529865506327 56.645739607900943
leaf_weight=492 78 23 456 20 32 1142 927 88 833 272 188 1037 535 70 219 2017 164 456 41 201 24 145 728 951 1631 118 108 706 220 1843 4974 20 20 57 1609 562 23 731 32 124 135 319 35 157 703 88 28 317 56 488 97 1585 2182 26 81 241 78 52
leaf_count=492 78 23 456 20 32 1142 927 88 833 272 188 1037 535 70 219 2017 164 456 41 201 24 145 728 951 1631 118 108 706 220 1843 4974 20 20 57 1609 562 23 731 32 124 135 319 35 157 703 88 28 317 56 488 97 1585 2182 26 81 241 78 52
internal_value=0.0187651 41.0906 -18.0946 63.3678 25.5848 -1.67655 52.7255 -24.9307 39.046 56.811 41.1678 18.601 21.8132 4.4864 3.45621 -26.7928 81.9066 7.18253 27.0254 48.3646 34.2155 75.7355 37.6552 -16.9956 -9.22748 -3.92393 -10.6448 66.4935 17.526 7.96561 -25.7468 -9.98241 22.3057 63.3042 -20.0992 29.5875 -18.8508 76.905 -6.50684 -18.786 -5.41215 -34.9405 -11.8493 12.6003 16.8976 -12.6893 -15.1421 -16.6562 -34.0213 -37.6269 92.7488 -28.2504 -24.4828 7.2409 -4.35014 95.5194 -28.2312 51.3959
internal_weight=30585 9360 21225 3840 5520 6240 2442 14985 1884 2106 1806 3636 2837 3436 3322 12135 1398 799 336 1128 114 896 1561 2850 2804 1260 186 978 243 2062 10758 78 90 245 1776 1097 1632 876 1922 156 1766 1377 1074 613 1740 1039 882 773 144 980 502 3602 7156 46 109 405 397 93
internal_count=30585 9360 21225 3840 5520 6240 2442 14985 1884 2106 1806 3636 2837 3436 3322 12135 1398 799 336 1128 114 896 1561 2850 2804 1260 186 978 243 2062 10758 78 90 245 1776 1097 1632 876 1922 156 1766 1377 1074 613 1740 1039 882 773 144 980 502 3602 7156 46 109 405 397 93
is_linear=0
shrinkage=0.08


Tree=8
num_leaves=55
num_cat=0
split_feature=18 18 17 18 7 18 17 22 7 3 7 27 3 7 17 7 18 21 0 17 7 17 7 17 3 4 7 28 1 22 4 26 5 46 29 24 27 38 27 1 18 0 1 28 18 25 5 21 18 2 22 21 21 37
split_gain=3.01097e+09 4.46319e+08 3.25629e+08 6.98516e+07 5.01666e+07 4.8169e+07 4.55715e+07 3.05824e+07 2.58967e+07 1.73852e+07 1.73443e+07 1.5727e+07 1.53555e+07 1.47202e+07 1.28559e+07 1.17455e+07 1.13915e+07 1.08021e+07 8.65652e+06 8.49762e+06 8.28587e+06 7.67033e+06 7.38379e+06 7.09695e+06 6.99203e+06 6.94191e+06 6.91291e+06 6.69421e+06 6.12951e+06 5.77824e+06 5.45214e+06 6.964e+06 5.39545e+06 4.96358e+06 4.50553e+06 3.65962e+06 3.4546e+06 3.29746e+06 3.16803e+06 2.7133e+06 2.57468e+06 2.54492e+06 2.51852e+06 2.49798e+06 2.47026e+06 2.36256e+06 2.13634e+06 1.86274e+06 1.77811e+06 1.54461e+06 1.34992e+06 838257 399327 259034
threshold=1397.3956482188705 790.92793130418727 2273.1114059773076 1962.7455307003709 27176.583333333336 543.68993134195205 1151.974653264883 2770.5900481868371 27999.430833333336 1.4976901357683527 25433.005000000005 -0.60355339059327362 2.0624210383304367 28264.799166666671 3005.0980100075335 22662.251666666671 1097.1830890323909 484.92872462485826 0.38684865437318672 1699.6209308463654 22662.251666666671 1699.6209308463654 39332.662500000006 2700.8174739057463 1.9467176928395675 0.48920102747341815 31092.200833333336 -0.37940952255126009 0.11658082995994952 1379.0494415123605 0.39550427423027895 31107.76125 0.054130952612440532 19.282300000000003 -1.0000000180025095e-35 31569.870000000006 -0.70710678118654735 9.507200000000001 -0.70710678118654735 0.16623843604882318 2324.5456906905015 0.43530259575842151 0.21364731160036707 -0.5 1767.0654930259393 28982.450000000004 0.090125274110482975 15.177068550611349 454.45907452993941 0.70281878777878048 1424.8218422653251 1006.3289742344431 690.22177212159943 28.500000000000004
decision_type=2 2 2 2 2 2 2 2 2 2 2 2 2 2 2 2 2 2 2 2 2 2 2 2 2 2 2 2 2 2 2 2 2 2 2 2 2 2 2 2 2 2 2 2 2 2 2 2 2 2 2 2 2 2
left_child=1 5 3 8 20 13 16 24 17 21 32 28 22 25 15 45 26 34 35 -17 -4 -10 -12 -13 44 47 27 -3 -9 48 50 -32 40 46 -2 -7 -11 -28 -14 41 -5 -18 -19 -27 -6 -8 -22 -1 -15 -37 -20 -34 -41 -26
right_child=2 6 4 10 7 18 14 11 9 36 12 23 38 29 -16 19 39 42 30 -21 33 -23 -24 -25 53 43 37 -29 -30 -31 31 -33 51 -35 -36 49 -38 -39 -40 52 -42 -43 -44 -45 -46 -47 -48 -49 -50 -51 -52 -53 -54 -55
leaf_value=-40.064443324450252 -28.46070754469487 -23.697382337988874 -23.622842902307926 13.363426707874645 29.166069763728551 21.470564816792809 -44.396561332370922 84.815248474952128 20.096434539177839 42.421410865690653 38.97905676307203 58.735643615590199 73.054516475901877 -23.684109239248865 68.444763399759935 9.0980037258543884 8.1304792950248377 16.829674375814104 -25.737358509410512 25.430752538388916 45.360561717640266 30.776794624773785 55.584972452281207 72.162820813917293 62.377784330441003 -31.576165124227831 1.6701437595971793 -7.8711400067110198 67.238939534931291 16.101065478515626 0.83461975439814218 -18.570804837062592 -9.8730376087535507 -2.0112077822004046 5.1001346701764048 -12.184482380830632 32.326235978626066 -6.160448939504402 55.128989289972907 -20.990437970842635 52.211989724731446 0.26719264891596123 1.9187855602974118 -25.921926366535924 46.373241726995232 -12.31539631822374 21.20342009226481 -30.707099642623724 -21.31278905309216 -7.309215434854913 -49.316915461842612 7.4516510518391934 -6.3696938705444337 49.944417303176152
leaf_weight=366 56 204 22 21 90 23 22 660 1359 409 1123 503 101 4979 23 2558 551 503 32 221 65 639 210 610 182 644 687 1048 190 24 130 1311 32 27 46 956 524 688 273 27 24 504 85 2760 166 44 41 256 3676 748 40 38 23 41
leaf_count=366 56 204 22 21 90 23 22 660 1359 409 1123 503 101 4979 23 2558 551 503 32 221 65 639 210 610 182 644 687 1048 190 24 130 1311 32 27 46 956 524 688 273 27 24 504 85 2760 166 44 41 256 3676 748 40 38 23 41
internal_value=0.0193152 -14.9705 42.0488 30.9182 65.3563 -22.2119 2.5249 68.1584 24.4774 27.76 43.6982 72.6068 45.7247 -24.4329 10.1062 9.61072 -3.30242 10.5132 -13.4979 10.4055 21.0558 23.5259 41.6348 66.1528 49.8151 -28.4411 -6.1683 -10.4667 80.9701 -22.5704 -17.9174 -16.8208 13.4836 28.5674 -13.4229 -9.61797 36.7923 -2.24963 60.1517 3.51026 34.7673 4.3778 14.6811 -27.0006 40.4609 -23.5121 36.3022 -36.2687 -22.6795 -10.0499 -39.3332 -0.495716 -14.5217 60.325
internal_weight=30585 22545 8040 5443 2597 15945 6600 2442 3621 2931 1822 1963 1707 12705 2868 2845 3732 690 3240 2779 155 1998 1333 1113 479 4026 2627 1252 850 8679 1513 1441 115 133 102 1727 933 1375 374 1105 45 1055 588 3404 256 66 106 622 8655 1704 72 70 50 223
internal_count=30585 22545 8040 5443 2597 15945 6600 2442 3621 2931 1822 1963 1707 12705 2868 2845 3732 690 3240 2779 155 1998 1333 1113 479 4026 2627 1252 850 8679 1513 1441 115 133 102 1727 933 1375 374 1105 45 1055 588 3404 256 66 106 622 8655 1704 72 70 50 223
is_linear=0
shrinkage=0.08


Tree=9
num_leaves=58
num_cat=0
split_feature=18 17 17 18 16 16 18 25 0 18 16 1 23 18 17 16 1 21 1 28 21 23 4 19 36 27 21 23 17 22 10 21 18 28 21 1 17 39 45 28 1 28 22 10 28 28 36 16 18 36 23 23 22 19 21 36 3
split_gain=2.5537e+09 3.63679e+08 2.67663e+08 8.10563e+07 5.42334e+07 4.57256e+07 2.83001e+07 2.14946e+07 1.91804e+07 1.78106e+07 1.54367e+07 1.32286e+07 1.03814e+07 1.02476e+07 1.05165e+07 1.01953e+07 1.14717e+07 1.00576e+07 9.98236e+06 7.83753e+06 7.62699e+06 7.31648e+06 7.62042e+06 6.95935e+06 6.63512e+06 6.5645e+06 6.48538e+06 6.39828e+06 6.21546e+06 6.07637e+06 5.82825e+06 5.52105e+06 4.75477e+06 4.66991e+06 4.4662e+06 4.02537e+06 3.76259e+06 3.73715e+06 3.5954e+06 3.27607e+06 2.69234e+06 2.43604e+06 2.09075e+06 1.8216e+06 1.78425e+06 1.76161e+06 1.71153e+06 1.42115e+06 1.34599e+06 1.04352e+06 1.00774e+06 993704 895649 879010 737601 420297 369242
threshold=1236.433106384646 2131.9594740145162 598.93948057395687 1677.7554946954856 2863.635411009132 968.67081498696814 2289.661802668134 31583.400000000005 0.46567397786348458 2199.5145717372438 431.32321617327807 0.1496473349357926 33026.500000000007 900.41847929769665 1642.3785908357577 1769.3285804849877 0.14551972909613339 552.0959324506988 0.18946953262365177 0.78656609248549303 587.00992519963893 36338.500000000007 0.39550427423027895 520.41605753204374 1.0000000180025095e-35 -0.37940952255126059 59.19966180398945 30865.500000000004 1627.7543623828017 1356.0766927302054 0.43084318892680656 298.58893218091526 2695.7789523617867 -0.9829629131445341 1558.3671178000034 0.11343215125001936 488.00902296672228 10.411307000000003 18.595050000000004 -0.78656609248549325 0.18058820999331973 -0.9159756150367534 1978.3152540321355 0.50484019994620299 0.1294095225512602 -0.70710678118654757 1.0000000180025095e-35 535.37981905800996 1144.1496351358087 1.5000000000000002 31746.500000000004 31052.500000000004 477.47956679415557 668.06494927022538 276.36463875760762 1.0000000180025095e-35 0.67328869604249275
decision_type=2 2 2 2 2 2 2 2 2 2 2 2 2 2 2 2 2 2 2 2 2 2 2 2 2 2 2 2 2 2 2 2 2 2 2 2 2 2 2 2 2 2 2 2 2 2 2 2 2 2 2 2 2 2 2 2 2
left_child=2 3 10 12 7 13 8 11 24 19 26 43 17 21 35 16 23 30 -10 -9 36 22 -4 -7 -5 49 44 -6 41 -23 -2 -18 39 -11 -27 -15 42 -13 53 -29 -19 -14 -12 -3 46 -30 -1 -38 56 -8 54 -50 -46 -17 -28 -52 -22
right_child=1 4 5 6 27 15 25 9 18 33 20 37 28 14 -16 38 31 40 -20 -21 48 29 -24 -25 -26 34 50 32 45 -31 -32 -33 -34 -35 -36 -37 47 -39 -40 -41 -42 -43 -44 -45 52 -47 -48 -49 51 -51 55 -53 -54 -55 -56 -57 -58
leaf_value=-26.175986894531253 -41.001358133951825 47.387714573122423 -32.797401162985992 51.575326752773556 27.269148504083805 6.2745417486947872 83.728370703125009 47.623975470463442 21.987016072038553 33.722600896081261 -21.410163788924493 20.376437537453391 8.8954840364158159 -0.63025791539650866 42.163368030894894 31.295130960215694 -19.907391808133731 12.099559661525921 -7.0329364513215573 23.232711551165341 -13.504692692112279 -8.5287582665437078 -13.209234574124167 42.766747445499199 32.375445512838297 34.708894951804993 -27.603485507152854 54.39882223187071 16.705159778594972 15.850865257487579 -0.4081482634110884 -1.2830912614263883 82.336859657893115 62.361002070159913 48.906651209947057 -9.6261652783247147 -19.220658651911354 -15.599317209152948 8.0962556579589844 71.879639287747835 -0.50209548089653255 16.744307201394296 2.1565142242431641 32.069928267478943 -31.332755315048889 28.134315830976007 -37.395166575947748 -15.274949982707485 -6.9801129913330078 59.441532094800799 -20.023084358106857 11.658544169581214 -22.185849869791667 55.606611145019535 -24.215588594336527 -23.482099980672203 -5.1495079884600283
leaf_weight=124 38 105 148 128 21 2194 24 767 832 42 7058 32 319 996 32 22 141 741 83 98 73 1801 896 33 1429 247 680 98 119 67 54 361 314 874 386 467 1581 41 24 569 127 1300 24 119 158 380 426 977 31 73 421 42 149 29 1485 719 66
leaf_count=124 38 105 148 128 21 2194 24 767 832 42 7058 32 319 996 32 22 141 741 83 98 73 1801 896 33 1429 247 680 98 119 67 54 361 314 874 386 467 1581 41 24 569 127 1300 24 119 158 380 426 977 31 73 421 42 149 29 1485 719 66
internal_value=0.0195012 34.8276 -15.3314 23.7777 57.3427 -2.80681 32.6884 49.9182 28.5785 53.2498 -21.7754 29.828 14.5004 -7.88759 -2.50135 5.17852 4.37193 7.58804 19.3498 44.8906 -20.0439 -10.651 -16.0148 6.83424 33.9859 46.548 -25.8681 72.6749 17.6285 -7.64632 -17.4355 -6.5434 73.6181 61.0861 43.4301 -3.50643 -20.3741 0.233123 34.0841 69.3965 10.2573 15.2043 -21.33 39.4288 -32.109 25.4476 -34.9178 -17.7202 -5.00662 66.2437 -24.2405 3.75613 -26.9798 45.9228 -25.2919 -22.2234 -9.6026
internal_weight=30585 9360 21225 6280 3080 7211 3202 2078 2472 1781 14014 297 3078 4407 1495 2804 2729 960 915 865 9852 2912 1044 2227 1557 730 4162 1002 2118 1868 92 502 981 916 633 1463 9640 73 75 667 868 1619 7082 224 857 499 550 2558 212 97 3305 73 307 51 2165 1140 139
internal_count=30585 9360 21225 6280 3080 7211 3202 2078 2472 1781 14014 297 3078 4407 1495 2804 2729 960 915 865 9852 2912 1044 2227 1557 730 4162 1002 2118 1868 92 502 981 916 633 1463 9640 73 75 667 868 1619 7082 224 857 499 550 2558 212 97 3305 73 307 51 2165 1140 139
is_linear=0
shrinkage=0.08


Tree=10
num_leaves=59
num_cat=0
split_feature=18 18 16 18 25 16 18 0 16 21 30 30 1 18 16 27 27 16 21 18 1 21 23 18 19 18 25 28 12 6 23 1 28 19 21 20 18 28 12 19 18 28 20 30 16 16 1 27 30 23 28 3 9 13 1 6 23 1
split_gain=2.16365e+09 3.10305e+08 2.42316e+08 4.56904e+07 3.97344e+07 3.5151e+07 2.93062e+07 2.40131e+07 2.08355e+07 1.7405e+07 1.73899e+07 1.43722e+07 1.36389e+07 1.00365e+07 9.49224e+06 8.90322e+06 8.40443e+06 8.99616e+06 8.33466e+06 8.29943e+06 7.8892e+06 7.38966e+06 6.91935e+06 6.51451e+06 6.23452e+06 5.66726e+06 5.57838e+06 5.17797e+06 5.03001e+06 4.81764e+06 4.66193e+06 4.5795e+06 4.28208e+06 4.16392e+06 4.1506e+06 4.06173e+06 3.80593e+06 3.59281e+06 3.45902e+06 3.39122e+06 3.38102e+06 3.3674e+06 3.32824e+06 3.23022e+06 2.74119e+06 2.42396e+06 2.32367e+06 2.27724e+06 2.20773e+06 2.1288e+06 1.84689e+06 1.66982e+06 1.36046e+06 1.23988e+06 1.07705e+06 1.071e+06 1.03605e+06 880448
threshold=1381.6118996345785 771.37542028724295 2231.5016179326008 1756.7994164434776 32808.06500000001 1121.1268698485089 533.5398419183108 0.43626166544856587 2970.0870861186709 362.88883995021286 0.81174490092936691 0.81174490092936691 0.17475777883368729 2289.661802668134 339.53950371850311 -0.5 -0.70710678118654735 1743.9111632769943 636.32923322099259 2374.987419907327 0.16823590160644428 1284.9120422085491 36338.500000000007 1097.1830890323909 777.22274205627548 2400.9679739864473 29475.940000000002 -0.5 0.12355302256926877 149.00000000000014 30611.500000000004 0.15497246883075538 0.25881904510252057 311.58822615612172 122.50174227938511 2061.6209367868869 1536.7513263795634 -0.9159756150367534 0.098427265406220973 295.04571564515408 268.99110784165651 1.0000000180025095e-35 1614.2826781653973 0.81174490092936691 466.16131816231001 902.63914523924097 0.1199493963633096 -0.78656609248549292 0.81174490092936691 31052.500000000004 0.96592582628906831 0.87297218027408441 385.11348000000004 0.59219735275319907 0.053624484105295342 90.015000000000001 31746.500000000004 0.13608701970604178
decision_type=2 2 2 2 2 2 2 2 2 2 2 2 2 2 2 2 2 2 2 2 2 2 2 2 2 2 2 2 2 2 2 2 2 2 2 2 2 2 2 2 2 2 2 2 2 2 2 2 2 2 2 2 2 2 2 2 2 2
left_child=1 6 3 15 9 11 14 10 19 -4 25 18 13 -9 40 24 17 46 31 38 28 26 27 41 36 -5 -11 34 -18 -29 32 -3 -17 52 -8 -12 -2 -21 -6 -22 55 -13 -25 -32 56 -20 -7 57 -42 -14 -23 -46 -24 -19 -49 -1 -16 -10
right_child=2 5 4 7 8 16 22 12 47 21 35 23 49 -15 44 30 20 53 45 37 39 50 33 42 -26 -27 -28 29 -30 -31 43 -33 -34 -35 -36 -37 -38 -39 -40 -41 48 -43 -44 -45 51 -47 -48 54 -50 -51 -52 -53 -54 -55 -56 -57 -58 -59
leaf_value=-32.400291920510945 17.21873253388366 -8.3870768441933876 -31.788511181640626 33.862166889806304 42.877814359001498 13.690705152714152 -43.396913103376122 22.616573070779602 77.503183558872777 -2.4979013538360597 42.611159519195553 8.5506673561246469 -9.4924730466471789 38.230872366740954 -22.271905112184122 -5.7386508639653533 4.4429838582574144 28.472898252339203 -5.3977864300326308 47.200369065909555 1.4127960866292317 40.578298117564273 -10.180533711369234 16.3548993119812 65.113574269612627 53.450909019046357 32.175718634354439 -15.55753498980479 16.424647756513661 2.3430220988977735 15.416192909848576 -21.520572469915663 12.614257900358185 20.188283377885821 -19.918594124923796 65.647291375839899 28.152286462922316 62.155755686321143 54.700830147834857 -18.057507274056981 -25.723323844030773 -4.8871232890619813 48.16617126464844 27.3420638188345 -18.500094851511438 0.59548485856908895 5.2487874628804256 71.475939355092507 -18.50557262813922 11.995420738220215 57.479431829937432 -2.0322354907524294 -4.4128722421113435 53.240587995256696 60.134067175987212 -18.897181136760306 -20.036456310779322 62.640547647945212
leaf_weight=498 366 1310 24 1040 459 830 69 846 314 43 79 283 71 388 2429 119 1264 28 759 144 104 259 1277 124 23 107 94 1017 272 106 1251 195 253 31 168 180 481 651 280 126 1032 205 25 166 4767 1000 281 145 387 49 58 40 332 34 210 46 3386 60
leaf_count=498 366 1310 24 1040 459 830 69 846 314 43 79 283 71 388 2429 119 1264 28 759 144 104 259 1277 124 23 107 94 1017 272 106 1251 195 253 31 168 180 481 651 280 126 1032 205 25 166 4767 1000 281 145 387 49 58 40 332 34 210 46 3386 60
internal_value=0.0197442 -12.8157 35.2909 25.4783 54.6741 1.3893 -19.0497 32.6906 59.109 33.5986 40.0244 -3.58826 25.0512 27.5531 -20.744 17.9827 7.99511 13.2421 -5.73345 53.7227 4.50444 37.1174 -11.9377 7.39549 24.6285 35.7345 21.3535 -16.1579 6.57404 -13.8673 14.7389 -10.1019 6.74366 -8.43034 -26.9077 58.8117 23.4536 59.5096 47.4253 -9.28554 -25.8698 2.90724 21.9779 16.8316 -19.7944 -1.99218 11.5622 70.3539 -23.7693 -0.691628 43.8416 -18.3635 -8.99392 42.6847 64.9544 -31.2953 -20.9739 75.2922
internal_weight=30585 22425 8160 5419 2741 6840 15585 2760 2263 478 1406 3901 1354 1234 12585 2659 2939 1173 3264 1534 1766 454 3000 637 870 1147 137 1360 1536 1123 1789 1505 372 1640 237 259 847 795 739 230 1963 488 149 1417 10622 1759 1111 729 1419 120 317 4807 1609 62 355 544 5815 374
internal_count=30585 22425 8160 5419 2741 6840 15585 2760 2263 478 1406 3901 1354 1234 12585 2659 2939 1173 3264 1534 1766 454 3000 637 870 1147 137 1360 1536 1123 1789 1505 372 1640 237 259 847 795 739 230 1963 488 149 1417 10622 1759 1111 729 1419 120 317 4807 1609 62 355 544 5815 374
is_linear=0
shrinkage=0.08


Tree=11
num_leaves=55
num_cat=0
split_feature=16 17 17 16 17 16 17 7 16 22 7 30 7 16 21 16 7 7 17 20 21 16 28 17 37 16 28 7 21 28 5 5 21 7 12 20 7 31 22 22 7 22 17 28 22 4 7 28 21 22 28 17 9 25
split_gain=1.77236e+09 2.5456e+08 2.42845e+08 5.57426e+07 3.66116e+07 3.64883e+07 2.50824e+07 2.31217e+07 1.87569e+07 1.72291e+07 1.38481e+07 1.19723e+07 1.11903e+07 1.08028e+07 1.02054e+07 9.98439e+06 9.60999e+06 9.4789e+06 8.8978e+06 8.63721e+06 6.65558e+06 6.64633e+06 6.49179e+06 5.44375e+06 4.16311e+06 4.10602e+06 3.86804e+06 3.44329e+06 3.38643e+06 3.31098e+06 3.06733e+06 3.06248e+06 3.06153e+06 2.999e+06 2.68356e+06 2.58114e+06 2.54203e+06 2.01948e+06 1.93682e+06 1.79967e+06 1.7528e+06 1.53749e+06 1.53606e+06 1.51539e+06 1.44069e+06 1.35814e+06 1.20557e+06 1.13812e+06 962073 812703 805520 704086 584649 543616
threshold=1329.1249317153095 1950.5840221573269 691.30499012125676 2626.1050338120644 1232.8205745571709 1743.9111632769943 2803.4179486041867 22662.251666666671 520.53403998596036 2396.659280933583 26971.845000000005 0.81174490092936691 25433.005000000005 942.61101605018291 536.95189027559854 2536.291659429196 25860.555000000004 26644.033333333336 2507.049509271968 1344.1372594970292 636.32923322099259 3050.8705243132035 1.0000000180025095e-35 1603.25204566808 287.50000000000006 304.3907199453833 -0.37940952255126009 21696.998333333337 819.60547586158486 -0.37940952255126009 0.046030026010961532 0.054130952612440532 1096.6831495291174 35093.708333333343 0.14033902622742991 1401.1457286867919 28727.690833333338 -0.5 1879.4338978542664 2929.4165729642878 33270.224166666674 1913.9302052367602 3050.8705243132035 -0.37940952255126009 2218.6534467635288 1.0000057814609684 22031.844166666669 0.1294095225512602 1055.7286535888677 662.02627495009108 -0.37940952255126009 71.155737247132606 512.29685360000019 24279.045000000002
decision_type=2 2 2 2 2 2 2 2 2 2 2 2 2 2 2 2 2 2 2 2 2 2 2 2 2 2 2 2 2 2 2 2 2 2 2 2 2 2 2 2 2 2 2 2 2 2 2 2 2 2 2 2 2 2
left_child=2 5 8 9 13 14 7 45 17 36 24 -9 26 27 19 22 -5 25 -12 47 35 30 -14 32 -11 46 -7 52 33 -17 -18 -29 -16 -15 -21 38 -3 -28 -10 -25 53 -38 -8 -23 51 -6 -1 -2 -30 -42 -27 -22 -4 -19
right_child=1 3 4 16 6 12 42 11 20 10 18 -13 15 28 23 29 21 40 -20 34 44 43 -24 39 -26 50 37 31 48 -31 -32 -33 -34 -35 -36 -37 41 -39 -40 -41 49 -43 -44 -45 -46 -47 -48 -49 -50 -51 -52 -53 -54 -55
leaf_value=-31.846875266351645 1.3090365206400554 6.0929972818735489 -37.90002763227983 3.3501445806594119 -36.11074812626493 -21.249770776254159 47.000355943952293 5.5288180643118237 -12.935353091307647 30.267305710674965 39.562385105738876 19.497239301852954 21.355770407509432 -4.1940906920132939 9.6527504794147294 36.257569137226454 59.262700072580387 -7.9196998251638107 51.977534731447875 -32.119844804961112 10.832723535391001 60.348212410860292 31.604711284177444 20.202648330822946 1.6618267313639323 -24.483654642690901 -1.3418734745269125 -4.033689815088854 4.8109716940964713 58.303861520206226 49.129871791573464 -9.0682730915169234 15.689308221463264 4.3362154836745921 -5.0386215475128919 -40.364804021661932 17.528436151198399 19.527596520113658 10.56419307542884 39.825553008570814 -17.194228255712748 29.886469230599282 79.299464306640616 70.868490074278824 19.563188060413708 -16.197560441300674 -25.420937584706586 15.903011351794731 12.915694457946286 -13.448261796500947 -20.282648461897178 -3.0016513569326513 -18.629840336552373 -19.083860311073273
leaf_weight=337 59 36 21 20 68 26 27 1564 1990 72 920 524 763 714 1124 109 512 30 653 57 25 214 849 538 59 406 46 1769 395 84 386 1377 1045 417 40 21 80 82 22 32 4105 495 24 314 21 36 525 81 123 431 1445 250 26 5196
leaf_count=337 59 36 21 20 68 26 27 1564 1990 72 920 524 763 714 1124 109 512 30 653 57 25 214 849 538 59 406 46 1769 395 84 386 1377 1045 417 40 21 80 82 22 32 4105 495 24 314 21 36 525 81 123 431 1445 250 26 5196
internal_value=0.0205258 30.5723 -12.1178 46.2499 0.0626775 18.6173 8.50989 7.20369 -17.9469 38.5183 42.6625 9.04196 27.0959 -3.85134 13.0288 28.8616 58.5928 -19.1778 44.746 -2.88633 -11.3479 59.3647 26.7699 14.4065 17.4941 -23.3711 6.34825 -6.56622 1.40634 46.1039 54.9667 -6.2395 12.567 -1.04791 -21.1177 -12.979 26.91 12.0754 -12.6733 21.3721 -18.0102 28.2005 63.4326 66.7267 -0.139305 -29.4376 -27.9672 9.8056 6.75663 -16.8413 -21.2168 -1.70929 -27.8501 -19.0213
internal_weight=30585 8696 21889 3761 7085 4935 2243 2192 14804 2315 1704 2088 1959 4842 2976 1805 1446 12475 1573 237 2329 1426 1612 2739 131 2713 154 3193 1649 193 898 3146 2169 1131 97 2033 611 128 2012 570 9762 575 51 528 296 104 862 140 518 4536 1851 275 47 5226
internal_count=30585 8696 21889 3761 7085 4935 2243 2192 14804 2315 1704 2088 1959 4842 2976 1805 1446 12475 1573 237 2329 1426 1612 2739 131 2713 154 3193 1649 193 898 3146 2169 1131 97 2033 611 128 2012 570 9762 575 51 528 296 104 862 140 518 4536 1851 275 47 5226
is_linear=0
shrinkage=0.08


Tree=12
num_leaves=58
num_cat=0
split_feature=18 18 17 17 17 18 2 1 17 17 21 18 1 27 34 27 16 8 16 1 28 16 26 8 0 1 22 21 16 21 28 45 2 1 2 45 9 12 5 12 29 21 6 12 17 16 36 16 34 27 29 6 19 16 21 29 28
split_gain=1.56047e+09 2.37771e+08 1.54771e+08 5.48079e+07 4.05494e+07 2.57704e+07 1.88625e+07 1.25862e+07 1.21388e+07 1.08592e+07 1.02343e+07 9.51552e+06 8.96981e+06 8.62083e+06 1.0136e+07 8.09494e+06 7.82176e+06 6.89366e+06 6.57483e+06 5.93981e+06 5.90409e+06 5.79118e+06 5.77327e+06 5.42799e+06 5.10454e+06 5.04771e+06 4.66297e+06 4.59837e+06 4.46095e+06 4.45195e+06 4.26716e+06 4.55662e+06 4.18026e+06 4.04195e+06 4.01821e+06 3.64774e+06 4.39858e+06 3.2439e+06 3.14682e+06 3.02364e+06 2.83579e+06 2.64908e+06 2.48197e+06 2.41528e+06 2.1513e+06 1.33435e+06 1.81673e+06 1.30371e+06 1.14929e+06 949881 932945 902935 755456 711990 450929 331833 275657
threshold=1203.7994076510533 1998.6334189596382 598.93948057395687 2626.1050338120644 1699.6209308463654 921.29225017694137 0.52730227949592912 0.11733491081238621 3050.8705243132035 1287.4162629641171 144.76664027567364 2631.610696155893 0.17754724334573557 -0.70710678118654735 1.0000000180025095e-35 -0.70710678118654735 1562.9693154448792 709.52667636726585 3005.0980100075335 0.15364126980085169 -0.60355339059327384 505.66185130334253 42691.277708333342 435.66904081343336 0.37615797433921822 0.14551972909613339 2080.7576564590659 856.77016330724439 799.63361735704586 1472.2623571741112 0.1294095225512602 14.827350000000001 0.5667190475409406 0.055680606748290042 0.63597520602086322 14.636050000000003 534.91877800000009 0.095162499575581525 0.12464035819989767 0.10453569373549254 -0.60785761079279388 414.58249712783203 -747.82499999999993 0.16241078534532707 411.72910758392931 786.15894839621672 5.5000000000000009 3302.9503335992745 1.0000000180025095e-35 -0.70710678118654735 -0.8783796973249266 1.0000000180025095e-35 290.77128328696205 467.99059737027204 287.56120427275431 1.0000000180025095e-35 -0.5
decision_type=2 2 2 2 2 2 2 2 2 2 2 2 2 2 2 2 2 2 2 2 2 2 2 2 2 2 2 2 2 2 2 2 2 2 2 2 2 2 2 2 2 2 2 2 2 2 2 2 2 2 2 2 2 2 2 2 2
left_child=2 4 10 6 12 19 7 20 13 25 30 15 16 26 -15 -8 37 38 32 23 -3 44 -13 28 52 34 -6 -26 -4 -9 40 51 42 -18 -7 56 -37 -2 -11 -34 49 -27 -5 -25 54 55 -47 50 -42 -1 -20 -32 -14 -46 -12 -23 -21
right_child=1 3 5 18 8 9 11 29 -10 17 21 22 24 14 -16 -17 33 -19 47 35 -22 45 -24 43 27 41 -28 -29 -30 -31 31 -33 39 -35 -36 36 -38 -39 -40 -41 48 -43 -44 -45 53 46 -48 -49 -50 -51 -52 -53 -54 -55 -56 -57 -58
leaf_value=-24.143769406554522 7.7904275157485952 2.9896178499857586 -10.008198911482818 12.977188165838069 21.577411805216471 -0.94986590780097568 48.631648977738394 -0.6089109284130495 59.908258662148128 9.641898425109229 -20.957430729807161 50.598239372331271 9.1236344247705805 21.852847902172844 -11.615428726946721 33.597204036841802 25.710208064331404 46.31017991691828 46.788033792114256 -13.319475414051729 32.333130635692093 -14.441775418657414 96.014585309709815 4.1167920841459642 -17.460061271495391 -23.066250447199895 35.733722877816412 5.0788990348519638 -3.7287179542200626 26.993967760526218 -21.664875572530015 16.992134207020637 50.21298929353555 14.601646070550215 6.4490415054550692 -37.313657380827181 -13.341274963928772 13.829694013409355 -11.068735772705079 63.297017699840453 -21.403836686912392 -5.5551784624865181 42.836254568957209 32.983016945975166 -17.051104974147801 -4.3449841028473752 -15.559712535168263 72.637189238175111 -34.850258623758954 -34.115790028540921 61.528538260341676 -15.159377241048727 24.495108839465725 -15.465036232166804 -18.385910796216255 -11.968200377810442 -6.9829228183249352
leaf_weight=92 1458 47 1441 21 224 1623 315 133 62 817 647 244 67 1308 60 922 347 31 49 67 710 849 20 56 132 64 485 102 1458 51 421 22 527 545 660 90 110 940 49 171 466 379 177 27 4378 272 140 91 47 305 362 221 30 3411 2027 674 141
leaf_count=92 1458 47 1441 21 224 1623 315 133 62 817 647 244 67 1308 60 922 347 31 49 67 710 849 20 56 132 64 485 102 1458 51 421 22 527 545 660 90 110 940 49 171 466 379 177 27 4378 272 140 91 47 305 362 221 30 3411 2027 674 141
internal_value=0.0201969 26.7352 -12.2018 42.1536 16.4508 -2.50386 34.8936 25.9601 25.1834 2.18695 -17.069 40.4732 11.2867 24.1185 20.3775 37.4619 12.5493 9.81688 54.8011 -7.51624 30.5176 -16.2944 54.3882 -6.2735 -1.26297 -0.326381 31.2979 -7.65558 -6.85242 7.14644 -23.1558 -18.2213 50.5127 18.947 1.191 -16.5617 -24.2608 10.1626 8.45863 53.5044 -26.7324 -8.13125 39.7505 13.7879 -17.0394 -12.2594 -8.18426 62.3397 -22.7012 -31.8714 59.889 -19.4525 14.0791 -16.3586 -19.0157 -13.3557 -9.07799
internal_weight=30585 9600 20985 3840 5760 7013 2442 941 2139 3623 13972 1501 3621 2077 1368 1237 3290 897 1398 3390 757 12398 264 2982 331 2726 709 234 2899 184 1574 664 896 892 2283 408 200 2398 866 698 910 443 198 83 10463 1935 412 502 513 397 411 642 97 7789 2674 1523 208
internal_count=30585 9600 20985 3840 5760 7013 2442 941 2139 3623 13972 1501 3621 2077 1368 1237 3290 897 1398 3390 757 12398 264 2982 331 2726 709 234 2899 184 1574 664 896 892 2283 408 200 2398 866 698 910 443 198 83 10463 1935 412 502 513 397 411 642 97 7789 2674 1523 208
is_linear=0
shrinkage=0.08


Tree=13
num_leaves=56
num_cat=0
split_feature=18 18 17 16 17 17 7 7 7 21 7 28 21 17 18 18 17 19 7 7 22 1 7 28 38 19 14 36 16 28 1 8 21 17 16 20 18 19 21 28 28 28 16 7 29 7 38 37 11 14 45 1 0 28 6
split_gain=1.32323e+09 2.05739e+08 1.40112e+08 4.5541e+07 3.38175e+07 1.81201e+07 1.65929e+07 1.42326e+07 1.1898e+07 1.09891e+07 1.0951e+07 9.29133e+06 8.9001e+06 8.87512e+06 8.36714e+06 7.72218e+06 6.80034e+06 6.47016e+06 6.23235e+06 5.70906e+06 5.53199e+06 5.49543e+06 5.43254e+06 6.45631e+06 5.39144e+06 5.34722e+06 5.02294e+06 4.3851e+06 4.29342e+06 3.82427e+06 3.59793e+06 3.5595e+06 4.17804e+06 3.06928e+06 3.01809e+06 2.9547e+06 2.8671e+06 2.79045e+06 2.68144e+06 2.59324e+06 2.46991e+06 2.45815e+06 2.42608e+06 2.416e+06 2.14681e+06 1.98374e+06 1.86277e+06 1.7848e+06 1.65217e+06 1.60862e+06 1.49941e+06 1.4158e+06 1.39502e+06 1.35995e+06 891164
threshold=1423.1258677895378 921.29225017694137 2507.049509271968 2055.8953207150594 598.93948057395687 1274.0841273047001 25860.555000000004 27945.633333333335 33849.631666666675 1223.9729628642706 24980.067500000005 -0.5 122.50174227938511 3005.0980100075335 1756.7994164434776 2500.8674186857966 1950.5840221573269 509.51803386083446 35093.708333333343 23601.848333333339 3097.2802626377347 0.10969380598633353 29244.441666666669 -0.5 7.7504735000000009 709.18839906504832 0.42310656191899032 1.0000000180025095e-35 478.45318210849354 -0.70710678118654757 0.15497246883075538 867.10914946797095 160.39941664431271 1433.9411256865305 1234.7430767968854 1080.4122295024201 684.59061149821753 342.34426700996619 376.89844168923872 0.1294095225512602 -0.9159756150367534 -0.9829629131445341 2895.5032941072968 28995.590000000004 -0.60785761079279388 27473.039166666673 6.3611460000000006 291.50000000000006 0.46293342010620259 0.49564417583996273 19.706800000000005 0.15364126980085169 0.28385721731658087 -0.37940952255126009 62.005000000000003
decision_type=2 2 2 2 2 2 2 2 2 2 2 2 2 2 2 2 2 2 2 2 2 2 2 2 2 2 2 2 2 2 2 2 2 2 2 2 2 2 2 2 2 2 2 2 2 2 2 2 2 2 2 2 2 2 2
left_child=1 4 3 8 12 18 26 11 9 19 35 -5 39 21 37 29 22 36 30 -2 -11 42 23 -7 -19 -13 -4 -16 45 -9 34 43 -33 -24 -3 53 -12 -10 -32 44 46 -17 -8 -18 -1 -14 -20 -23 51 -37 -42 -15 -30 -6 -41
right_child=2 5 6 7 10 16 13 15 14 20 17 25 28 48 27 41 31 24 40 -21 -22 47 33 -25 -26 -27 -28 -29 52 -31 38 32 -34 -35 -36 49 -38 -39 -40 54 50 -43 -44 -45 -46 -47 -48 -49 -50 -51 -52 -53 -54 -55 -56
leaf_value=-30.013981206611565 -8.1168717591658481 -2.6525888418617711 26.595386483119082 -31.428747460937505 -28.291129299661389 -24.51558367713023 44.709421253565928 24.648535671752747 15.62983511955232 17.812739743471738 -9.6699508922884956 25.269098562146489 -18.404156034723293 58.387779991163498 43.430609512003059 23.054427904552885 -3.7590491455078126 25.011186842484907 5.5939467687414801 10.590112290300242 35.984785290077085 39.146500933733854 8.4020906707303933 4.1281422257562017 -15.574824455524313 -9.3805438591452202 -23.134565934401294 26.348608526748031 -5.7730684210018941 35.158303357017466 -23.770303404751946 71.802209418160572 19.367989000592914 16.794759263627515 4.7813566119241848 -41.478018364340571 -4.4102424531550808 26.850724722652114 -6.2710595733072703 -19.334585024063557 8.6135120962691776 46.136169083824861 54.616206628994682 25.566315056621164 -21.326619239534654 -15.498678383748443 -6.4110716766439468 25.584451876068115 30.859868674505325 -18.906492190890841 -0.079721528597367114 45.067894215644166 -13.331624233109881 -12.51992189499269 -10.87034875869751
leaf_weight=330 114 1507 25 24 45 58 632 330 781 972 998 189 2029 560 116 35 24 76 148 1160 121 219 1198 343 28 33 25 645 165 762 67 20 20 365 454 58 1985 176 327 477 701 431 253 68 447 6295 185 99 20 35 155 78 3911 165 101
leaf_count=330 114 1507 25 24 45 58 632 330 781 972 998 189 2029 560 116 35 24 76 148 1160 121 219 1198 343 28 33 25 645 165 762 67 20 20 365 454 58 1985 176 327 477 701 431 253 68 447 6295 185 99 20 35 155 78 3911 165 101
internal_value=0.0200801 -9.71592 28.458 22.3435 -14.0758 3.5378 47.2794 32.9317 17.6606 13.9711 -6.91606 14.9655 -15.8397 48.5007 22.7328 35.757 9.4322 -5.48732 0.0500459 8.91112 19.8555 44.3059 8.24155 -0.0655187 14.0399 20.0995 1.76434 29.006 -15.1642 32.0077 -2.33356 26.9524 46.6969 10.3715 -0.929963 -21.4064 -6.17259 17.7193 -9.29946 -22.0056 4.76915 44.4556 47.6 17.9581 -25.0501 -16.209 -1.07473 35.0178 56.091 -33.2749 7.04113 56.8324 -13.0271 -16.0175 -17.8769
internal_weight=30585 22785 7800 5889 17145 5640 1911 1804 4085 2367 3390 246 13755 1861 1718 1558 2096 3087 3544 1274 1093 1203 1964 401 104 222 50 761 12400 1092 2355 132 40 1563 1961 303 2983 957 394 1355 1189 466 885 92 777 8324 333 318 658 93 856 638 4076 210 578
internal_count=30585 22785 7800 5889 17145 5640 1911 1804 4085 2367 3390 246 13755 1861 1718 1558 2096 3087 3544 1274 1093 1203 1964 401 104 222 50 761 12400 1092 2355 132 40 1563 1961 303 2983 957 394 1355 1189 466 885 92 777 8324 333 318 658 93 856 638 4076 210 578
is_linear=0
shrinkage=0.08


Tree=14
num_leaves=61
num_cat=0
split_feature=18 18 18 17 9 16 17 7 17 7 7 7 7 7 17 22 17 7 19 22 20 18 21 25 16 44 18 38 18 5 1 3 15 15 14 7 7 3 21 1 6 29 21 45 12 14 44 22 1 15 12 20 25 6 14 9 19 45 25 22
split_gain=1.1204e+09 1.74264e+08 1.19372e+08 2.94666e+07 2.49899e+07 2.14253e+07 1.88883e+07 1.21984e+07 1.06974e+07 8.43707e+06 8.18784e+06 8.05402e+06 7.87604e+06 7.30212e+06 6.65916e+06 6.18447e+06 6.16862e+06 6.13302e+06 5.22827e+06 5.01698e+06 7.07315e+06 4.43224e+06 4.40458e+06 3.77688e+06 3.3574e+06 3.31935e+06 3.26943e+06 3.24295e+06 3.11389e+06 3.10657e+06 3.09225e+06 2.98657e+06 2.93343e+06 2.9074e+06 2.63898e+06 2.49492e+06 2.49192e+06 2.38776e+06 2.37115e+06 2.212e+06 2.19774e+06 2.14127e+06 2.09928e+06 1.94125e+06 1.82614e+06 1.78623e+06 3.31278e+06 1.72587e+06 1.72517e+06 1.64345e+06 1.63981e+06 1.62242e+06 1.41359e+06 1.4006e+06 1.03054e+06 1.0096e+06 662930 630653 571816 112353
threshold=1423.1258677895378 822.62264923049884 2228.4778661858099 1769.3285804849877 664.29934545000003 634.69102500918314 1274.0841273047001 23768.352500000005 2507.049509271968 24862.843333333334 26971.845000000005 28059.969166666669 35668.942500000012 22662.251666666671 2507.049509271968 3097.2802626377347 1950.5840221573269 33849.631666666675 520.41605753204374 1583.5101358511365 909.36263118515308 1173.6769452678893 636.32923322099259 33115.270000000011 1234.7430767968854 9.1459085000000027 2665.9354191262587 11.519156000000002 454.45907452993941 0.053313885393366393 0.12907691640303154 1.4976901357683527 180.28750000000005 90.599791666666661 0.37846548346691516 35980.531666666677 29244.441666666669 2.5791342372321999 15.177068550611349 0.14551972909613339 -252.45499999999996 -1.0000000180025095e-35 1294.8945095721799 14.636050000000003 0.13324732947573772 0.48284507647351205 6.7738565000000008 3383.1803262215603 0.069740605743434811 425.44125000000014 0.057883983894276979 1568.9100263186447 34264.365000000013 151.00500000000014 0.49226974535354479 320.9978364000001 472.37178621456525 6.6774500000000012 34347.400000000001 3286.1967075223133
decision_type=2 2 2 2 2 2 2 2 2 2 2 2 2 2 2 2 2 2 2 2 2 2 2 2 2 2 2 2 2 2 2 2 2 2 2 2 2 2 2 2 2 2 2 2 2 2 2 2 2 2 2 2 2 2 2 2 2 2 2 2
left_child=1 5 3 11 10 9 17 53 12 38 18 22 -9 45 26 40 36 21 50 28 -21 39 41 30 55 48 35 -17 -11 -20 56 44 -18 -10 -28 -6 -15 47 54 -3 -12 -2 -24 -32 -13 46 -8 -16 -19 -33 -4 -23 -26 -5 -1 -25 -7 -40 -27 -39
right_child=2 6 4 7 14 23 13 8 33 19 15 31 -14 16 37 27 32 25 29 20 -22 51 42 24 52 58 34 -29 -30 -31 43 49 -34 -35 -36 -37 -38 59 57 -41 -42 -43 -44 -45 -46 -47 -48 -49 -50 -51 -52 -53 -54 -55 -56 -57 -58 -59 -60 -61
leaf_value=-30.760797427732555 -23.754307735277258 -3.7330883392503069 16.206845501087329 -24.081412630081179 26.482604998758394 -9.6230712553873019 -5.4829272460937499 18.316305475730687 30.291207521110227 -15.047277860083286 1.7377364151566119 11.553198224779802 28.340035674802881 1.9217108846858224 46.327775111271038 40.291533937188824 16.939447064607041 8.231696523984942 23.977556557490907 -23.407461270419034 36.396132548014329 3.5050164766104146 4.1122686605370804 -8.9251774302214866 -6.7362087041681473 9.7563325424194343 73.084029035897089 16.128314261087557 -12.470198950608294 1.0500728825655852 -9.5598744414573495 19.340940124503724 42.287875406901037 42.950297108867709 43.334327006078027 39.566889187082836 9.1725156226981479 53.845356416354214 -24.499120584005837 -9.9740847649209758 26.227745034262888 -0.058113103902564855 15.898699902569806 -30.931164999462307 18.498185402154924 0.33140899658203127 -50.713064139229914 61.770897410074866 1.9877238541205875 41.216354293823244 41.387078241716353 -18.179514398989472 17.021144844485868 2.7790896170479908 -22.195320465629869 -4.5030588465743406 4.7998778567106823 -17.295995086751013 -2.6098286738826171 62.494925993139098
leaf_weight=133 45 1470 26 31 145 208 21 1086 272 6833 26 1061 949 373 787 538 91 594 57 21 29 562 345 430 21 24 28 40 5442 109 42 476 44 227 90 323 1638 136 90 483 253 52 134 83 319 21 20 59 542 23 56 22 61 20 365 1444 22 1081 575 87
leaf_count=133 45 1470 26 31 145 208 21 1086 272 6833 26 1061 949 373 787 538 91 594 57 21 29 562 345 430 21 24 28 40 5442 109 42 476 44 227 90 323 1638 136 90 483 253 52 134 83 319 21 20 59 542 23 56 22 61 20 365 1444 22 1081 575 87
internal_value=0.0196272 -8.93915 26.1874 18.8574 39.561 -13.3495 2.15858 24.8193 25.5996 -14.5281 30.1899 12.5721 23.0024 8.16458 45.7958 33.9011 8.94916 -0.946828 17.2805 -13.8027 11.3122 -3.45297 4.28664 -6.20963 -4.82706 2.71765 38.7547 38.6501 -13.9059 9.0192 -13.7925 15.1084 25.4513 36.1243 50.9484 35.5781 7.82926 49.6158 -19.8737 -5.28088 23.9599 -11.1814 7.43577 -23.8833 13.1708 -18.7033 -28.2285 47.4764 5.25699 20.4296 33.6946 2.65845 10.9291 -13.697 -24.5399 -5.52196 -8.22868 -17.87 -2.09892 57.4838
internal_weight=30585 22785 7800 5040 2760 16305 6480 2585 2534 13994 1105 2455 2035 2208 1655 857 2146 4272 248 12325 50 2537 576 2311 1956 1735 586 578 12275 166 355 1879 135 499 118 468 2011 1069 1669 1953 279 97 479 125 1380 62 41 846 1136 499 82 584 82 51 498 1874 230 1171 599 223
internal_count=30585 22785 7800 5040 2760 16305 6480 2585 2534 13994 1105 2455 2035 2208 1655 857 2146 4272 248 12325 50 2537 576 2311 1956 1735 586 578 12275 166 355 1879 135 499 118 468 2011 1069 1669 1953 279 97 479 125 1380 62 41 846 1136 499 82 584 82 51 498 1874 230 1171 599 223
is_linear=0
shrinkage=0.08


Tree=15
num_leaves=58
num_cat=0
split_feature=18 17 17 18 18 7 16 0 17 21 21 28 7 22 7 18 7 7 28 30 7 22 5 5 19 16 22 18 7 12 4 5 15 12 21 7 16 20 36 16 28 16 21 14 30 26 28 44 7 4 36 0 19 16 22 28 16
split_gain=9.49795e+08 1.48042e+08 9.52805e+07 4.24691e+07 1.81132e+07 1.6191e+07 1.36126e+07 1.24028e+07 9.18836e+06 8.43092e+06 7.96905e+06 7.22977e+06 6.95992e+06 7.99198e+06 5.95214e+06 5.67289e+06 6.13362e+06 5.51187e+06 6.48099e+06 5.2484e+06 5.0283e+06 4.38297e+06 4.28444e+06 4.09542e+06 5.52938e+06 3.78444e+06 3.65973e+06 3.35075e+06 2.79353e+06 2.56603e+06 2.41817e+06 2.30709e+06 2.21482e+06 2.19923e+06 2.50222e+06 2.06055e+06 1.94349e+06 3.43294e+06 1.90178e+06 1.81266e+06 1.58064e+06 1.57546e+06 1.55039e+06 1.51776e+06 1.25024e+06 1.1544e+06 1.04408e+06 1.00512e+06 978148 775867 734688 523276 995861 362614 359188 323075 282197
threshold=1203.7994076510533 1873.4163097475914 691.30499012125676 2257.4581861031606 1677.7554946954856 24590.025833333337 1039.4924051361979 0.41693426933808292 2970.0870861186709 371.81215315978346 363.97026672894992 -0.9829629131445341 23601.848333333339 2069.0647973625196 35668.942500000012 2374.987419907327 31867.895000000004 28884.805000000004 -0.60355339059327384 0.81174490092936691 24460.21166666667 1978.3152540321355 0.090125274110482975 0.071237514349219891 520.41605753204374 634.69102500918314 2978.0391442277 2695.7789523617867 24862.843333333334 0.10981912839857101 0.54723555043623129 0.052945026875580926 262.02291666666673 0.095162499575581525 690.22177212159943 30445.271666666671 1699.6209308463654 1530.4999805683151 5.5000000000000009 1106.1013734149151 0.1294095225512602 1249.0823035081685 122.50174227938511 0.50368923778680563 0.81174490092936691 32832.932500000003 0.1294095225512602 7.688321150000001 38138.140000000007 0.94284587761539329 5.5000000000000009 0.3039381004304969 129.84246422645592 505.66185130334253 1728.3179448776957 -0.9159756150367534 446.1872835029489
decision_type=2 2 2 2 2 2 2 2 2 2 2 2 2 2 2 2 2 2 2 2 2 2 2 2 2 2 2 2 2 2 2 2 2 2 2 2 2 2 2 2 2 2 2 2 2 2 2 2 2 2 2 2 2 2 2 2 2
left_child=2 4 10 5 17 29 12 11 14 39 20 48 30 19 -7 16 -11 18 45 -14 42 35 26 24 41 51 -9 -13 -24 -3 54 -17 -20 34 -19 -22 37 -25 -38 -6 -10 -8 46 -32 -35 -2 -1 -31 -5 55 -51 52 -12 -53 -4 -27 -44
right_child=1 3 6 7 9 8 23 22 40 15 25 27 13 -15 -16 31 -18 33 32 -21 21 -23 28 36 -26 49 -28 -29 -30 47 43 -33 -34 44 -36 -37 38 -39 -40 -41 -42 -43 56 -45 -46 -47 -48 -49 -50 50 -52 53 -54 -55 -56 -57 -58
leaf_value=-24.193341982376065 -37.1433412109375 -32.911487348805302 -24.703276052763968 5.2239497799343528 -1.1800314444082753 19.382216156469401 2.6702958143296742 20.934238728841148 48.022685290139819 11.593944526707629 -10.482317838528576 42.884649035747238 -4.931630991866931 40.172173292371966 28.170891738043043 31.162724857976805 20.946036708692436 -9.8199371765136725 5.4015398441943194 2.6066356016840628 -15.205989615822796 17.496730199353451 -11.549810888767242 -0.56281512580653215 37.800116712297715 -19.520271435546874 35.807046148054063 52.244990875514475 26.371625812237081 -8.6830255404385657 -17.893760168015955 15.9943966624501 -9.1208461873372393 11.492048571463123 8.4351876826979471 -12.623798219549274 26.699065034927862 -22.515499111876199 -0.67869932089533125 -32.058878518809443 28.687692682133164 8.0933440213833219 -17.188477559255357 -0.33103430514065724 19.626122498605767 -13.488794523296933 -17.51428277516365 12.264444885253907 25.718321491963156 -3.9079850183949785 -9.0651813668305756 -12.416281956171586 1.2987961309296745 -10.628308897765551 -38.643296479724704 -9.5383500878395662 -13.261975048154756
leaf_weight=417 24 22 65 26 26 1003 640 134 125 932 271 909 3130 26 997 259 875 49 653 728 3585 28 23 656 34 24 619 380 25 43 79 90 74 640 1367 4553 30 48 34 22 42 741 517 52 152 32 259 21 36 655 243 2654 55 1084 20 177 180
leaf_count=417 24 22 65 26 26 1003 640 134 125 932 271 909 3130 26 997 259 875 49 653 728 3585 28 23 656 34 24 619 380 25 43 79 90 74 640 1367 4553 30 48 34 22 42 741 517 52 152 32 259 21 36 655 243 2654 55 1084 20 177 180
internal_value=0.0196395 20.8618 -9.51556 31.6495 11.7103 23.9528 -1.26929 39.6925 25.3038 17.2129 -13.0393 44.3957 -3.98611 -3.20619 23.7753 17.9526 16.1316 7.65119 1.88116 -3.50886 -14.411 -13.6537 31.7144 3.83279 6.38413 -10.5029 33.1916 45.6825 8.33606 -9.9908 -17.9307 27.308 3.91283 9.69558 7.79699 -13.763 -0.870107 -2.0894 12.3679 -15.6983 43.3597 5.58388 -18.9014 -10.9776 13.0759 -24.1002 -21.664 -1.7267 17.3432 -6.32852 -5.31206 -11.6299 -8.49681 -11.9008 -28.3945 -10.821 -16.1949
internal_weight=30585 9600 20985 4405 5195 2253 6283 2152 2167 2204 14702 1351 4100 3884 2000 2156 1807 2991 783 3858 9539 8166 801 2183 1415 5163 753 1289 48 86 216 349 727 2208 1416 8138 768 704 64 48 167 1381 1373 131 792 56 676 64 62 1099 898 4064 326 3738 85 201 697
internal_count=30585 9600 20985 4405 5195 2253 6283 2152 2167 2204 14702 1351 4100 3884 2000 2156 1807 2991 783 3858 9539 8166 801 2183 1415 5163 753 1289 48 86 216 349 727 2208 1416 8138 768 704 64 48 167 1381 1373 131 792 56 676 64 62 1099 898 4064 326 3738 85 201 697
is_linear=0
shrinkage=0.08


Tree=16
num_leaves=59
num_cat=0
split_feature=18 18 18 27 18 27 27 1 22 11 30 19 30 21 8 28 16 27 18 16 28 16 8 23 16 23 24 28 21 18 22 26 10 28 19 19 12 15 30 6 22 1 18 5 26 25 5 12 1 22 1 19 3 6 28 21 44 23
split_gain=8.05343e+08 1.2673e+08 8.55564e+07 2.13963e+07 2.04136e+07 1.84502e+07 1.13613e+07 1.07234e+07 9.22354e+06 8.92148e+06 7.63918e+06 7.15933e+06 6.45999e+06 9.96113e+06 8.4478e+06 7.36811e+06 6.23198e+06 6.1209e+06 6.0446e+06 5.91184e+06 5.05891e+06 4.63774e+06 4.5958e+06 4.45025e+06 4.42465e+06 3.80788e+06 3.27854e+06 3.17461e+06 3.13999e+06 2.89332e+06 2.75279e+06 2.70549e+06 2.69798e+06 2.58436e+06 4.58149e+06 2.94122e+06 2.19507e+06 2.1595e+06 2.12505e+06 1.893e+06 1.80053e+06 1.94427e+06 1.65132e+06 1.42143e+06 1.3112e+06 1.2189e+06 1.19812e+06 1.12288e+06 1.1166e+06 1.08692e+06 947749 868021 840888 813818 702351 628339 622380 617945
threshold=1423.1258677895378 921.29225017694137 2228.4778661858099 -0.60355339059327362 543.68993134195205 -0.70710678118654735 -0.70710678118654735 0.18946953262365177 2476.1397076513754 0.50279647054873988 0.81174490092936691 595.13008241021805 0.81174490092936691 552.0959324506988 867.10914946797095 0.25881904510252057 1562.9693154448792 -0.5 2665.9354191262587 1786.1298771869133 1.0000000180025095e-35 1090.1199783712404 687.70773411900234 30678.500000000004 403.01400501591536 36338.500000000007 31624.265000000003 -0.5 761.66901494483602 1706.1374638911916 3154.8877572791685 40542.189375000009 0.50242625762553794 -0.12940952255126034 295.04571564515408 441.98575352340697 0.081658484315049809 -88.709166666666661 1.0000000180025095e-35 749.93500000000017 3145.4811770618808 0.12518859740352525 1117.6017161938496 0.0771071738177498 30510.299166666668 27091.695000000003 0.077710234745721168 0.14712301409956979 0.15497246883075538 1453.9671212451824 0.11031881853119817 338.3537910039542 1.4976901357683527 220.00500000000002 -0.37940952255126009 160.39941664431271 12.290159000000001 38611.500000000007
decision_type=2 2 2 2 2 2 2 2 2 2 2 2 2 2 2 2 2 2 2 2 2 2 2 2 2 2 2 2 2 2 2 2 2 2 2 2 2 2 2 2 2 2 2 2 2 2 2 2 2 2 2 2 2 2 2 2 2 2
left_child=1 4 5 40 24 8 19 10 29 18 16 39 13 15 36 -8 -7 33 22 42 -12 -15 -5 28 37 27 -27 -19 -9 52 46 -20 -13 35 -35 -6 -14 55 -25 -11 51 54 43 -3 -21 -39 -10 -44 -43 50 -26 -4 -2 -32 -42 -1 -31 -53
right_child=2 6 3 9 17 7 12 23 30 11 20 32 14 21 -16 -17 -18 25 31 44 -22 -23 -24 38 49 26 -28 -29 -30 56 53 -33 -34 34 -36 -37 -38 45 -40 -41 41 48 47 -45 -46 -47 -48 -49 -50 -51 -52 57 -54 -55 -56 -57 -58 -59
leaf_value=-24.825148087812391 11.874953215271235 7.4637453115796575 27.078475289595755 25.73269926265473 -5.0894573055721466 7.9989912085052222 -19.603817427839552 -26.142586875040024 35.359347991769965 21.81454511917314 31.811737772930101 22.128524249267581 -0.2604689481282475 -1.9536758119140007 53.20505661010742 0.61699730466465053 15.672550930929258 -18.750730917676748 37.130997219292588 46.558502334068564 15.135051712989807 4.1493935547831038 40.183985141155333 -2.6941506952505847 -11.37099212972104 13.297891889669128 -6.0178296962689295 -9.3667417836316549 2.2317335900595023 27.494884632303965 60.879986975885203 62.542200947423133 -8.1197539421180629 -1.726550493751307 14.806712668605389 -32.193672914858219 10.268425285430022 -17.353695038773939 13.10500524064769 43.391955283611054 43.396248356898624 20.039632985041692 9.5251244738107328 -0.66027141308658344 20.896024532975822 -13.634925062349714 25.713830541290854 19.14632374307384 42.910200699596871 5.1177592498779294 -13.540773527737322 33.729971586528578 18.971105711060734 36.223875787908383 53.462474644482135 -15.265901085348689 20.618026393658774 43.454666391205372
leaf_weight=180 255 514 37 907 524 1050 279 60 219 228 248 24 197 1576 25 196 1927 277 483 28 225 1610 171 103 7578 58 1234 1404 42 216 30 30 76 794 123 26 354 752 114 30 95 25 554 188 28 2510 160 91 40 24 1594 75 196 21 255 67 174 284
leaf_count=180 255 514 37 907 524 1050 279 60 219 228 248 24 197 1576 25 196 1927 277 483 28 225 1610 171 103 7578 58 1234 1404 42 216 30 30 76 794 123 26 354 752 114 30 95 25 554 188 28 2510 160 91 40 24 1594 75 196 21 255 67 174 284
internal_value=0.0185011 -7.57694 22.2041 33.5261 -10.9988 15.9985 2.8251 13.1813 24.3357 28.9517 14.4785 17.4615 0.758201 -0.481648 8.62574 -11.2763 12.9697 -6.327 31.5246 9.06205 23.9275 1.13076 28.0602 -0.849529 -12.6308 -8.41305 -5.1411 -10.9233 -14.5508 19.4202 33.8821 38.7358 -0.71295 -2.09657 0.50482 -6.42685 6.51036 -15.053 5.62791 24.4814 44.4702 48.3961 7.98735 5.29024 34.319 -14.4973 31.3657 10.9101 34.5507 -11.7049 -11.7495 40.2444 14.994 51.6193 50.8616 -22.3042 24.4873 41.5224
internal_weight=30585 22785 7800 2760 17145 5040 5640 3769 1271 1949 3450 358 4237 3661 576 475 2977 4440 1591 1403 473 3186 1078 319 12705 2973 1292 1681 102 841 430 513 100 1467 917 550 551 3509 217 258 811 415 1347 702 56 3262 379 645 65 9196 9172 396 451 51 350 247 390 359
internal_count=30585 22785 7800 2760 17145 5040 5640 3769 1271 1949 3450 358 4237 3661 576 475 2977 4440 1591 1403 473 3186 1078 319 12705 2973 1292 1681 102 841 430 513 100 1467 917 550 551 3509 217 258 811 415 1347 702 56 3262 379 645 65 9196 9172 396 451 51 350 247 390 359
is_linear=0
shrinkage=0.08


Tree=17
num_leaves=54
num_cat=0
split_feature=16 17 17 16 17 21 16 22 9 21 1 20 8 1 1 9 21 20 23 17 16 30 12 20 5 12 22 10 12 21 27 17 0 36 22 23 1 1 21 37 5 21 3 20 36 21 17 4 1 16 22 3 19
split_gain=6.6715e+08 9.79988e+07 8.85482e+07 2.52602e+07 1.53615e+07 1.25914e+07 1.16246e+07 9.62971e+06 6.9991e+06 6.86921e+06 6.69018e+06 6.97064e+06 5.28422e+06 5.27905e+06 5.24891e+06 4.45554e+06 4.0569e+06 5.37053e+06 3.93531e+06 3.84738e+06 3.54481e+06 3.2474e+06 3.19291e+06 3.68836e+06 3.2094e+06 3.13767e+06 2.97586e+06 2.96082e+06 2.59793e+06 2.54089e+06 2.37043e+06 2.22266e+06 2.19195e+06 2.06067e+06 1.96997e+06 1.94445e+06 1.64973e+06 1.5996e+06 1.51325e+06 1.50628e+06 1.32069e+06 1.2705e+06 1.16141e+06 1.04415e+06 2.21464e+06 1.04042e+06 872436 728504 535282 527433 500124 198445 124266
threshold=1329.1249317153095 1873.4163097475914 691.30499012125676 2700.8174739057463 2803.4179486041867 811.83441940677051 1786.1298771869133 2396.659280933583 676.49904150000009 376.89844168923872 0.079306453220254175 1130.3273879380329 709.52667636726585 0.18311622431001986 0.15926292198568234 611.38583275000019 481.52429277085349 1344.1372594970292 33251.500000000007 339.51440598911557 737.99007240261528 0.81174490092936691 0.099132617910698564 2172.4347226435725 0.052624553309017406 0.17488729084455343 3154.8877572791685 0.41787460073281441 0.1312770455686216 1188.7306474363174 -0.78656609248549292 1426.8210489660182 0.50989525761338406 1.5000000000000002 1978.3152540321355 36608.500000000007 0.11658082995994952 0.08224046762484212 213.81625229055513 90.500000000000014 0.034715115317412649 168.64299019155453 1.4976901357683527 848.15272256177866 5.5000000000000009 856.77016330724439 456.58362865070427 0.93769470350564577 0.1341894096921071 503.47563956699781 1406.3851931217027 0.97863307222192453 144.20126247676168
decision_type=2 2 2 2 2 2 2 2 2 2 2 2 2 2 2 2 2 2 2 2 2 2 2 2 2 2 2 2 2 2 2 2 2 2 2 2 2 2 2 2 2 2 2 2 2 2 2 2 2 2 2 2 2
left_child=2 6 9 7 5 10 16 32 14 19 11 -4 33 22 -9 27 17 48 -12 34 49 -10 24 -24 -8 -14 37 -5 -19 35 -28 -15 40 -7 38 -18 -29 -17 -1 -31 -3 -6 -33 46 -45 47 -21 -22 -2 52 -51 -47 -11
right_child=1 3 4 15 41 12 13 8 21 20 18 -13 25 31 -16 26 29 28 -20 43 45 -23 23 -25 -26 -27 30 36 -30 39 -32 42 -34 -35 -36 -37 -38 -39 -40 -41 -42 -43 -44 44 -46 51 -48 -49 -50 50 -52 -53 -54
leaf_value=-18.092499973532917 12.320285531044005 21.860361698559355 -0.15011036523041602 -6.9558979761032838 56.406973196176388 8.9920941663255878 17.890964505444579 23.254387381303626 28.110163303251333 -10.098638786177869 -8.5735216555091345 17.25697336990622 15.323181337209849 -15.157491310119628 5.182381028175354 37.086974607354932 3.4268648904726651 -28.459233748824509 -2.5892851831573473 -12.203927180343925 -10.34351130024592 38.953168515144512 20.51481124903566 42.139115885416672 7.0101266285089343 51.427849651834244 47.506128625499066 32.873052004645849 -2.0533316629583185 9.1940099813236902 37.060402262662663 22.656973377863565 -5.8246435139973958 2.7461028601638864 4.7525896823021672 9.000047391980095 6.835791348544034 28.523303193932488 -13.392503664018868 15.074274728197071 14.255492520022615 28.976239188865378 1.6453018964570145 -5.7211939292730287 -30.282421306610107 1.0469152690746166 -10.533399753729089 -3.5917328015262009 0.96035417882407592 -8.5449726422133061 0.61660212898254396 10.375864857505348 -12.686934086680413
leaf_weight=909 79 209 2160 20 25 509 700 790 861 2030 1068 157 51 39 119 403 723 53 2060 3684 119 234 371 59 233 22 282 67 43 764 342 23 29 1007 30 903 21 251 888 447 534 26 57 42 54 26 4601 713 40 1493 39 33 143
leaf_count=909 79 209 2160 20 25 509 700 790 861 2030 1068 157 51 39 119 403 723 53 2060 3684 119 234 371 59 233 22 282 67 43 764 342 23 29 1007 30 903 21 251 888 447 534 26 57 42 54 26 4601 713 40 1493 39 33 143
internal_value=0.0191568 18.7636 -7.42808 27.6268 -0.0729287 -0.393136 10.6232 23.2062 26.1352 -10.9479 -2.2217 1.03633 5.87024 16.4361 20.8968 36.4576 7.79615 -2.78772 -4.63458 -12.1051 -8.37578 30.4607 17.8459 23.5728 15.1841 26.752 37.785 20.5475 -16.7747 8.59894 41.8495 0.274127 15.5791 4.84775 -15.4392 6.52556 26.8062 33.8489 -15.7787 11.3752 16.4212 43.2488 7.89129 -11.3765 -19.7066 -3.83932 -11.2776 -4.56869 8.54164 -9.4654 -8.3115 6.35077 -10.2747
internal_weight=30585 8696 21889 4162 7085 7034 4534 2776 2004 14804 5445 2317 1589 1482 909 1386 3052 215 3128 10208 4596 1095 1363 430 933 73 1278 108 96 2837 624 119 772 1516 1827 1626 88 654 1797 1211 743 51 80 8381 96 891 8285 832 119 3705 1532 59 2173
internal_count=30585 8696 21889 4162 7085 7034 4534 2776 2004 14804 5445 2317 1589 1482 909 1386 3052 215 3128 10208 4596 1095 1363 430 933 73 1278 108 96 2837 624 119 772 1516 1827 1626 88 654 1797 1211 743 51 80 8381 96 891 8285 832 119 3705 1532 59 2173
is_linear=0
shrinkage=0.08


Tree=18
num_leaves=60
num_cat=0
split_feature=18 17 17 18 18 7 27 16 27 21 17 17 7 28 37 16 1 0 30 7 20 19 28 7 17 16 12 18 27 38 28 16 16 18 28 19 25 45 2 21 25 44 18 19 28 1 7 16 28 18 1 29 17 16 4 28 30 26 2
split_gain=5.80361e+08 1.13777e+08 3.98389e+07 2.64052e+07 1.47323e+07 1.04478e+07 8.63733e+06 6.7094e+06 6.23887e+06 6.94033e+06 6.19708e+06 4.8276e+06 4.77088e+06 4.64792e+06 4.47225e+06 4.39137e+06 4.39087e+06 4.4353e+06 4.34206e+06 4.27113e+06 4.07694e+06 4.06794e+06 4.02042e+06 3.73933e+06 3.61432e+06 3.14438e+06 3.1195e+06 2.78366e+06 2.76327e+06 2.32288e+06 2.318e+06 2.06967e+06 1.96003e+06 1.85819e+06 1.69249e+06 2.40535e+06 1.7212e+06 1.48448e+06 1.33291e+06 1.29052e+06 1.2119e+06 1.18775e+06 1.10841e+06 1.0818e+06 1.42802e+06 1.04808e+06 1.00619e+06 924526 834362 818581 742297 666700 726414 725138 593491 538748 347452 246415 124765
threshold=1104.6751303923145 1873.4163097475914 598.93948057395687 2257.4581861031606 1627.9255476811095 24590.025833333337 -0.70710678118654735 880.58907530248223 -0.70710678118654735 1223.9729628642706 2970.0870861186709 303.37034084237683 33338.311666666676 0.78656609248549303 308.50000000000006 1769.3285804849877 0.096473026670176765 0.50367037814016602 0.81174490092936691 30375.340833333335 1229.6457972474184 576.46600801760758 -0.60355339059327384 23601.848333333339 221.66253622007531 547.93299399663113 0.16828728328565387 2374.987419907327 -0.70710678118654735 6.1802585000000008 1.0000000180025095e-35 469.58325007926953 1268.0931206398557 166.95333112748082 -0.9829629131445341 390.10552129938475 40478.785000000011 18.576600000000003 0.59700384513092264 15.177068550611349 35713.140000000007 7.688321150000001 951.10093999420133 338.3537910039542 -0.37940952255126009 0.047425524799994428 27879.015833333335 651.43929187073115 -0.37940952255126009 2739.3066488678764 0.061552621303690887 -1.0000000180025095e-35 71.155737247132606 501.49553910902506 0.65383487224128378 -0.60355339059327384 0.81174490092936691 31704.310625000006 0.57981411430202434
decision_type=2 2 2 2 2 2 2 2 2 2 2 2 2 2 2 2 2 2 2 2 2 2 2 2 2 2 2 2 2 2 2 2 2 2 2 2 2 2 2 2 2 2 2 2 2 2 2 2 2 2 2 2 2 2 2 2 2 2 2
left_child=2 4 11 5 12 30 38 18 14 13 19 39 22 -10 48 23 26 -18 20 -7 25 33 24 42 -2 -4 -8 -11 -25 -23 -3 46 -24 -20 36 -36 -14 -12 45 50 -17 -32 -9 47 -45 -5 54 -33 -6 -40 55 52 -41 -53 -13 -1 -48 -22 -52
right_child=1 3 7 6 8 10 16 15 9 27 37 31 34 -15 -16 40 17 -19 21 -21 57 29 32 28 -26 -27 -28 -29 -30 -31 41 43 -34 -35 35 -37 -38 -39 49 51 -42 -43 -44 44 -46 -47 56 -49 -50 -51 58 53 -54 -55 -56 -57 -58 -59 -60
leaf_value=-20.23620296825062 15.638610253585012 -28.886022898356117 -12.703736476312873 39.686002184111501 12.885696666201607 10.8820320946105 29.339942237436237 -21.997234688117857 2.6836803362164563 13.264225509285469 49.756838813357881 -15.645680070031421 -11.444800455863016 15.684662162331245 59.485155944824221 11.401960897445679 22.703019821568855 -7.9054055920769191 -23.406866826596467 20.395833624932301 -37.45150472889776 42.378282276500357 0.69966631548745295 4.0823472142990296 -11.136561510112429 -4.8875557360011976 52.876348595252402 22.15842428218712 -1.4926141955670573 5.7266116714477544 -6.8887946640014652 -9.019119747747629 6.1783718012912878 -0.28150456881275149 7.8853493970645925 23.827425959753615 6.6104950760071546 30.343167285349832 38.806981489498625 -20.613154861450194 38.093978855298914 15.417254222523082 -3.6678809614742507 -31.931914713541669 -7.5114927224551939 24.539599170926248 -10.563006904636364 -5.6010414233481844 24.180168729739243 47.590955062202788 -22.666370275516321 -11.761872933414308 -13.629394590005106 3.3226065514304426 -11.771352948077896 -10.563003604014714 -8.8040760113047316 -22.323442956833613 -14.463396432059151
leaf_weight=65 37 23 388 57 60 375 1113 60 662 1006 35 308 56 239 21 23 317 33 22 1638 22 21 783 927 216 2175 38 294 1470 23 49 4814 896 672 1783 62 82 133 402 129 22 21 33 29 33 78 4057 573 177 114 201 430 434 21 1775 95 923 20 20
leaf_count=65 37 23 388 57 60 375 1113 60 662 1006 35 308 56 239 21 23 317 33 22 1638 22 21 783 927 216 2175 38 294 1470 23 49 4814 896 672 1783 62 82 133 402 129 22 21 33 29 33 78 4057 573 177 114 201 430 434 21 1775 95 923 20 20
internal_value=0.0188693 14.9337 -8.12299 24.7864 8.0893 18.7601 31.1427 -2.60065 12.9415 11.552 19.8798 -10.4567 5.03909 6.1459 24.7057 0.503175 27.7614 19.8028 -4.95374 18.6298 -6.48782 0.46272 2.20806 0.0506798 -7.17467 -6.0753 30.1622 15.2912 0.664213 23.7725 -7.43111 -9.95728 3.62532 -1.04721 7.79481 8.43369 -0.745918 34.6582 38.8843 -14.926 24.9958 -0.0740865 -15.6015 -8.78081 -19.2595 31.1795 -10.8635 -8.65666 21.387 40.8359 -18.9319 -13.4037 -15.2633 -11.0537 -12.3515 -14.594 -10.2388 -30.9343 -21.9925
internal_weight=30585 10800 19785 4426 6374 2274 2152 5878 2459 2201 2181 13907 3915 901 258 2535 1501 350 3343 2013 2605 738 1932 2490 253 2563 1151 1300 2397 44 93 12512 1679 694 1983 1845 138 168 651 1395 45 70 93 5449 62 135 7063 5387 237 516 381 1014 563 451 2083 160 4980 42 221
internal_count=30585 10800 19785 4426 6374 2274 2152 5878 2459 2201 2181 13907 3915 901 258 2535 1501 350 3343 2013 2605 738 1932 2490 253 2563 1151 1300 2397 44 93 12512 1679 694 1983 1845 138 168 651 1395 45 70 93 5449 62 135 7063 5387 237 516 381 1014 563 451 2083 160 4980 42 221
is_linear=0
shrinkage=0.08


Tree=19
num_leaves=58
num_cat=0
split_feature=18 17 17 18 16 7 27 7 22 17 7 1 17 17 12 3 1 22 12 18 21 3 10 28 29 4 25 25 20 4 21 21 28 2 17 12 20 22 22 22 19 3 1 18 28 1 1 16 18 19 19 2 22 15 16 38 12
split_gain=4.91603e+08 9.83327e+07 3.21476e+07 2.22824e+07 1.2987e+07 9.202e+06 7.39401e+06 5.57418e+06 5.98274e+06 5.46835e+06 4.84972e+06 4.63487e+06 4.53088e+06 4.13157e+06 4.12843e+06 4.12149e+06 4.02925e+06 3.82987e+06 3.75711e+06 3.93215e+06 3.56854e+06 3.53802e+06 3.34602e+06 2.91365e+06 2.53933e+06 2.4561e+06 2.86824e+06 2.44139e+06 2.17539e+06 1.71393e+06 1.56923e+06 1.55188e+06 1.43735e+06 1.4326e+06 1.39325e+06 1.30134e+06 1.29944e+06 1.29495e+06 1.18126e+06 1.18116e+06 1.13837e+06 1.13069e+06 1.03425e+06 982053 830548 798658 774192 681966 672131 624487 711310 571829 556720 393649 393009 316767 250141
threshold=1097.1830890323909 1873.4163097475914 598.93948057395687 2257.4581861031606 1627.7543623828017 23768.352500000005 -0.60355339059327362 24131.927500000002 1254.6486088152492 2803.4179486041867 26644.033333333336 0.061552621303690887 1699.6209308463654 360.18953770431773 0.14562495145855872 2.1325599351779121 0.081080730179258764 3383.1803262215603 0.052591713138037864 2289.661802668134 1135.9475889881955 2.4674322294762998 0.34103549466019395 -0.37940952255126009 -0.60785761079279388 0.10055000000000001 32313.300000000007 29475.940000000002 1303.5440221510758 1.1205502485537067 15.177068550611349 1265.7207790279979 0.1294095225512602 0.5979498199937715 481.44663607983904 0.094454337922047674 2508.8397818722369 798.26509954455094 2026.5888750965628 3130.9621870995857 338.3537910039542 2.2357967022157044 0.07815191598035949 951.10093999420133 -0.37940952255126009 0.074347724142009977 0.059528773834004955 651.43929187073115 393.60276077328587 614.20424327994806 244.47097625518157 0.71646273088367252 505.69159568070774 -403.3014583333333 2084.4454757204603 8.0902885000000015 0.16241078534532707
decision_type=2 2 2 2 2 2 2 2 2 2 2 2 2 2 2 2 2 2 2 2 2 2 2 2 2 2 2 2 2 2 2 2 2 2 2 2 2 2 2 2 2 2 2 2 2 2 2 2 2 2 2 2 2 2 2 2 2
left_child=2 4 13 5 10 29 33 25 28 15 23 35 16 30 20 -7 -10 21 27 -20 -12 -8 -11 -2 -14 53 43 -13 37 -3 45 -25 -28 42 46 41 -19 -9 -16 -35 47 -6 -5 -27 -42 52 51 -36 -48 50 -32 -15 -1 -4 -37 -55 -47
right_child=1 3 7 6 11 9 17 8 12 22 14 18 24 34 38 -17 -18 36 19 -21 -22 -23 -24 31 -26 26 32 -29 -30 -31 49 -33 -34 39 40 54 -38 -39 -40 -41 44 -43 -44 -45 -46 56 48 -49 -50 -51 -52 -53 -54 55 -56 -57 -58
leaf_value=-11.594594512734007 -30.200568622091541 -24.747475992151209 -34.652700528231534 32.213582286128293 15.582095331092775 15.081021369945173 22.20071351321667 -10.236288143851541 3.5002528925698075 -1.7302125549316407 2.8496174191749821 -16.107373975572131 -2.7066865070049579 -8.8445048387864968 9.3628685728627179 26.206990696833682 -2.7589085536473363 54.378485314153863 10.089739661388927 24.455335104096104 8.325428421952342 34.530093022685939 30.612256504763728 -2.8980828983603781 27.394639454503213 -17.291918481097504 -6.3662280380454934 4.7458488222298376 -29.0791500124724 4.1370159657796224 -11.500722494380648 9.8820130794149055 16.946548049926758 32.420289996996928 -7.9174900423012007 23.193263601156382 33.437007137391625 -3.8218484895587039 16.890605515053398 40.21285321883488 -30.083325634765625 31.54448972640499 17.411285549864477 -5.1033592136204247 -8.943494849571815 -21.077435093470982 -12.915873022263188 -4.6074348279422725 -9.9171950094262638 0.93100121131310087 -20.859382024591618 -0.30827431165255031 -25.652282133556547 -25.822117390352137 36.867631156227802 -12.790723474121094 -12.811096065745636
leaf_weight=187 22 36 21 107 590 1676 1112 219 1232 22 2157 41 25 3647 388 246 1411 30 899 141 1178 176 275 423 61 135 32 248 22 20 2035 70 34 256 3092 77 81 2451 208 342 24 30 48 63 25 209 570 463 3467 25 54 51 20 33 21 24 33
leaf_count=187 22 36 21 107 590 1676 1112 219 1232 22 2157 41 25 3647 388 246 1411 30 899 141 1178 176 275 423 61 135 32 248 22 20 2035 70 34 256 3092 77 81 2451 208 342 24 30 48 63 25 209 570 463 3467 25 54 51 20 33 21 24 33
internal_value=0.0181163 13.628 -7.5398 22.8208 7.35777 17.2866 28.6605 -2.51544 -1.88928 18.096 4.92819 12.6297 0.750303 -9.62229 5.8844 16.5179 0.158938 25.1777 9.81852 12.059 4.78572 23.911 28.2188 -2.36779 18.7137 -12.4063 -8.6614 1.74209 -4.56442 -14.54 -12.5269 -1.06713 5.71707 35.0892 -8.96471 17.8123 39.5319 -4.35161 12.0139 36.9366 -7.65916 16.404 27.7706 -13.4589 -19.6923 -16.8452 -9.57195 -7.48781 -10.3437 -11.6021 -11.7525 -8.72689 -13.0696 -24.8111 26.4663 -20.6503 -20.0076
internal_weight=30585 10920 19665 4427 6493 2275 2152 5763 5421 2219 4446 2047 2729 13902 3931 1922 2643 1399 1329 1040 3335 1288 297 515 86 342 264 289 2692 56 2563 493 66 753 11339 718 111 2670 596 598 3604 620 155 198 49 449 7735 3555 4037 2114 2089 3698 207 78 98 57 242
internal_count=30585 10920 19665 4427 6493 2275 2152 5763 5421 2219 4446 2047 2729 13902 3931 1922 2643 1399 1329 1040 3335 1288 297 515 86 342 264 289 2692 56 2563 493 66 753 11339 718 111 2670 596 598 3604 620 155 198 49 449 7735 3555 4037 2114 2089 3698 207 78 98 57 242
is_linear=0
shrinkage=0.08


Tree=20
num_leaves=61
num_cat=0
split_feature=18 16 17 17 9 30 28 22 28 22 1 16 22 16 26 17 30 22 1 37 1 1 16 8 1 22 16 19 9 27 28 0 0 2 19 4 37 16 22 1 27 8 20 25 23 11 25 16 0 28 8 19 28 19 30 19 1 14 18 30
split_gain=4.16287e+08 8.32902e+07 2.72068e+07 1.97474e+07 1.16831e+07 1.04795e+07 9.52892e+06 8.22709e+06 6.67038e+06 6.12424e+06 5.00516e+06 4.92189e+06 4.56154e+06 3.77879e+06 3.70732e+06 3.57591e+06 3.50886e+06 3.84701e+06 3.50404e+06 4.29275e+06 3.442e+06 3.19725e+06 3.12395e+06 2.92177e+06 2.87675e+06 2.66998e+06 2.66406e+06 2.62632e+06 2.59672e+06 2.34491e+06 2.24608e+06 2.30843e+06 2.23302e+06 2.14314e+06 2.1097e+06 1.92523e+06 1.90281e+06 1.87518e+06 1.81748e+06 1.77756e+06 1.70654e+06 1.69132e+06 1.45857e+06 1.23556e+06 1.09052e+06 988782 970265 875781 798577 654968 1.43465e+06 1.34729e+06 612248 543404 533028 450950 408917 430379 252088 217511
threshold=1097.1830890323909 2084.4454757204603 598.93948057395687 1627.7543623828017 611.38583275000019 0.81174490092936691 -0.37940952255126009 2978.0391442277 -0.9159756150367534 2901.73681873552 0.16623843604882318 852.51399127078719 3097.2802626377347 1769.3285804849877 42691.277708333342 431.30090789025417 0.81174490092936691 1406.3851931217027 0.11658082995994952 293.50000000000006 0.17475777883368729 0.14551972909613339 493.6444277757858 531.8410496750497 0.1969881678844059 1673.8770462597211 1433.9411256865305 687.63510778768716 783.25828920000004 -0.70710678118654735 -0.9159756150367534 0.43626166544856587 0.50131040274577188 0.54819474631297505 648.80539728898964 0.65383487224128378 281.50000000000006 2396.8939039273037 652.53250766406768 0.12244085274588928 -0.70710678118654735 257.72119888078322 1229.6457972474184 27252.950000000004 31240.500000000004 0.27940417732895545 35713.140000000007 490.78966262072498 0.28385721731658087 -0.37940952255126009 308.21337646768262 130.91273370668338 -0.37940952255126009 144.20126247676168 0.81174490092936691 122.49747787530427 0.081621406900387647 0.57545971316028177 117.31523253839474 0.81174490092936691
decision_type=2 2 2 2 2 2 2 2 2 2 2 2 2 2 2 2 2 2 2 2 2 2 2 2 2 2 2 2 2 2 2 2 2 2 2 2 2 2 2 2 2 2 2 2 2 2 2 2 2 2 2 2 2 2 2 2 2 2 2 2
left_child=2 3 15 20 6 10 34 37 28 24 12 16 -5 21 -10 35 22 38 43 -20 26 25 41 -23 -7 -13 33 -28 -9 -12 -22 -32 -19 -2 36 54 -3 40 -18 -11 -6 -4 -24 -8 -36 -39 -15 56 53 51 -51 -37 -50 -49 55 -1 59 -58 -56 -17
right_child=1 4 11 5 7 9 18 8 14 39 29 13 -14 46 -16 47 17 32 19 -21 30 23 42 -25 -26 -27 27 -29 -30 -31 31 -33 -34 -35 44 49 -38 45 -40 -41 -42 -43 -44 -45 -46 -47 -48 48 52 50 -52 -53 -54 -55 58 -57 57 -59 -60 -61
leaf_value=-13.212162935826687 0.59024179533573429 -8.1024074185689283 -8.2396667394638072 10.954002153036665 21.818554066320623 18.746191515389437 2.4865621011907404 8.6909293004708701 30.859032065708174 38.980339095965533 15.176177382035689 0.86817244412396777 23.17879263998152 10.77700870513916 63.254025573730473 -8.2317674230523856 -18.755814462056975 17.26968914098325 18.121491265002593 -11.020416832323429 -22.472259063720703 -4.531930466340607 -4.7696651893330939 -34.361786734841083 -8.6436677339341905 23.154952359880721 8.4713201089269301 -15.089287434239541 28.148174810970531 -1.6782218169086387 4.6206246233323833 -8.6451362538509233 -5.6729941638310759 5.3842318962853453 -30.992997145476167 -10.457445009001859 19.793901456197101 35.182670534823799 -1.2621540657452175 21.153007207799842 13.133145976148292 -22.248067840720122 -25.981977629888625 22.533620095301899 -6.3125792069868609 22.589680213122303 34.708571200163469 -2.9381134796142581 -8.663402930674776 -9.4851334953016284 11.132069175026635 -17.991552695180033 -6.0741028528817722 10.971600556146532 -16.766973964146207 -18.170081303203023 -9.1382414420826006 -20.296631668754248 -7.8911203647888817 -6.6876280874303875
leaf_weight=230 861 44 119 1700 276 321 21 128 1264 146 65 2026 221 23 23 3485 40 114 80 53 32 488 2192 21 26 34 1558 30 67 264 211 138 35 1946 26 1012 23 46 524 53 320 105 20 389 21 567 22 124 964 2450 21 181 1530 20 27 285 2716 22 96 739
leaf_count=230 861 44 119 1700 276 321 21 128 1264 146 65 2026 221 23 23 3485 40 114 80 53 32 488 2192 21 26 34 1558 30 67 264 211 138 35 1946 26 1012 23 46 524 53 320 105 20 389 21 567 22 124 964 2450 21 181 1530 20 27 285 2716 22 96 739
internal_value=0.017117 12.5412 -6.93779 7.89355 23.047 13.2323 13.4503 25.3841 29.3931 23.1723 10.8109 -2.31563 12.3717 0.250509 31.4866 -8.85358 -4.4452 0.49043 17.8595 6.51297 4.76601 -0.156367 -5.88943 -5.82759 16.675 1.24707 5.3983 8.017 15.4857 1.68757 -2.52274 -0.634576 11.8786 3.91449 -7.52385 -10.7726 1.6242 20.4496 -2.53384 34.3619 17.1851 -14.8758 -4.97311 21.5154 -20.3268 23.5904 22.9771 -7.99257 -6.74365 -10.0603 -9.30548 -11.6146 -7.07801 -0.943866 -14.8413 -15.9858 -8.46477 -9.23528 -9.95898 -7.96326
internal_weight=30585 10920 19665 7572 3348 2796 657 2691 1482 546 2250 5763 1921 2614 1287 13902 3149 713 543 133 4776 2569 2436 509 347 2060 4395 1588 195 329 381 349 149 2807 114 4302 67 1209 564 199 596 224 2212 410 47 613 45 9600 2638 3664 2471 1193 2494 144 638 515 6962 2738 123 4224
internal_count=30585 10920 19665 7572 3348 2796 657 2691 1482 546 2250 5763 1921 2614 1287 13902 3149 713 543 133 4776 2569 2436 509 347 2060 4395 1588 195 329 381 349 149 2807 114 4302 67 1209 564 199 596 224 2212 410 47 613 45 9600 2638 3664 2471 1193 2494 144 638 515 6962 2738 123 4224
is_linear=0
shrinkage=0.08


Tree=21
num_leaves=53
num_cat=0
split_feature=18 18 17 21 27 18 17 1 37 7 8 19 7 22 19 44 17 27 18 14 17 7 1 27 7 7 28 22 22 21 36 28 14 14 12 12 28 1 28 21 7 44 28 25 1 12 25 28 45 14 7 1
split_gain=3.54196e+08 6.16098e+07 3.87975e+07 1.31956e+07 1.00889e+07 8.57653e+06 7.09798e+06 6.00576e+06 5.86059e+06 5.59002e+06 5.29321e+06 4.71435e+06 3.63663e+06 4.08068e+06 3.84344e+06 3.89504e+06 3.35523e+06 3.26407e+06 3.20984e+06 3.16751e+06 3.08075e+06 2.96481e+06 2.83803e+06 2.77554e+06 2.71077e+06 2.44935e+06 7.12697e+06 3.58707e+06 2.35046e+06 2.15215e+06 3.7312e+06 2.11303e+06 2.10024e+06 1.86029e+06 1.85731e+06 1.78631e+06 1.51354e+06 1.50441e+06 1.47661e+06 1.78458e+06 1.45279e+06 1.43946e+06 1.16925e+06 1.11612e+06 974705 917476 809218 879794 794041 697429 434765 384617
threshold=1469.6315793078418 921.29225017694137 2507.049509271968 1558.3671178000034 -0.5 553.8069703598452 1274.0841273047001 0.10512061028448023 199.50000000000003 25860.555000000004 709.52667636726585 576.46600801760758 24980.067500000005 1379.0494415123605 509.51803386083446 7.7913983000000009 3005.0980100075335 -0.5 2631.610696155893 0.43526355539119616 3005.0980100075335 28540.855833333339 0.10969380598633353 -0.5 39840.536666666674 29244.441666666669 -0.37940952255126009 2026.5888750965628 1379.0494415123605 414.58249712783203 2.5000000000000004 -0.37940952255126009 0.37846548346691516 0.47694052888740579 0.044987606965191218 0.12355302256926877 -0.70710678118654757 0.069201051545509221 -0.12940952255126034 15.177068550611349 39613.970000000008 10.272484 -0.9829629131445341 30619.055000000004 0.085342893742613321 0.10670959494413586 32808.06500000001 -0.78656609248549325 19.747150000000001 0.5094993611473716 34958.395833333336 0.1199493963633096
decision_type=2 2 2 2 2 2 2 2 2 2 2 2 2 2 2 2 2 2 2 2 2 2 2 2 2 2 2 2 2 2 2 2 2 2 2 2 2 2 2 2 2 2 2 2 2 2 2 2 2 2 2 2
left_child=1 5 3 4 8 21 17 10 31 19 -6 -9 13 51 23 -16 22 37 24 -4 25 38 34 -14 36 26 -8 -27 50 30 -19 -2 41 -10 -11 -24 -5 48 39 -1 -31 -20 -26 -34 -40 -39 -18 -48 -3 -15 -23 -7
right_child=2 6 9 18 7 12 20 11 33 16 -12 -13 14 49 15 -17 46 29 32 -21 -22 28 35 -25 42 27 -28 -29 -30 40 -32 -33 43 -35 -36 -37 -38 45 44 -41 -42 -43 -44 -45 -46 -47 47 -49 -50 -51 -52 -53
leaf_value=-17.080791479710783 6.6955982783413672 9.3255282093530667 16.268413462145574 5.0701810699139003 8.9784879414761658 -0.87191228479952432 -21.501232343014376 5.7214819399686316 24.226249087171738 20.589269710992973 28.408917381487395 -5.6658257752544481 -1.0410580275154813 -28.919628608703615 27.961304529929649 -6.0338841404058998 14.685788523356122 7.7485657157897947 23.328132449879369 -23.487968219259511 34.034863980611171 -8.048158098187093 9.9702443305813535 -5.504407768608111 9.4364653338808004 5.5890305638655846 4.4163414463429227 19.580369982038228 15.295362664584458 -1.4965658230026841 -18.631492578489286 15.152633374360693 12.821590679555699 46.824182934761048 28.372208729063736 22.123197174959405 15.503305818940415 -1.6091076774597166 -7.5706496511874466 -10.541735994314449 5.572509951638704 46.587691069893218 26.302231524086 25.043239784629979 -10.591361067554145 5.4286447903421733 21.871628362867568 32.026619922401636 -0.27787147641181947 -14.181239166259767 -6.8784020433881317 -8.3748593824559983
leaf_weight=355 257 331 28 105 1707 73 80 867 211 328 94 317 1364 79 48 38 23 49 33 22 23 4975 146 2577 32 1739 419 125 28 2360 110 741 68 27 557 171 632 304 1490 1126 201 45 199 195 1292 193 71 564 66 32 3559 109
leaf_count=355 257 331 28 105 1707 73 80 867 211 328 94 317 1364 79 48 38 23 49 33 22 23 4975 146 2577 32 1739 419 125 28 2360 110 741 68 27 557 171 632 304 1490 1126 201 45 199 195 1292 193 71 564 66 32 3559 109
internal_value=0.0161347 -4.865 15.1994 11.8005 9.62017 -7.3066 2.11191 7.09934 15.6975 25.0289 10.0078 2.67048 -4.22216 -12.814 -3.594 13.0435 25.7381 -0.124087 18.8185 -1.34195 5.49734 -8.34515 23.1724 -3.96028 16.4323 5.20529 0.226527 6.53729 -7.48466 -1.50254 -10.5042 12.9837 25.5244 26.9751 25.5142 16.5749 14.0258 4.06686 -10.0712 -12.1196 -0.939791 37.167 24.0166 21.9438 -8.97681 1.12928 30.3828 30.9274 7.73231 -24.8353 -7.56119 -5.38665
internal_weight=30585 23145 7440 5530 4221 17145 6000 2985 1236 1910 1801 1184 4320 293 4027 86 1860 3614 1309 50 2386 12825 1202 3941 968 2363 499 1864 8562 2720 159 998 341 238 885 317 737 894 4263 1481 2561 78 231 263 2782 497 658 635 397 111 8534 182
internal_count=30585 23145 7440 5530 4221 17145 6000 2985 1236 1910 1801 1184 4320 293 4027 86 1860 3614 1309 50 2386 12825 1202 3941 968 2363 499 1864 8562 2720 159 998 341 238 885 317 737 894 4263 1481 2561 78 231 263 2782 497 658 635 397 111 8534 182
is_linear=0
shrinkage=0.08


Tree=22
num_leaves=57
num_cat=0
split_feature=18 17 17 21 7 28 21 7 28 41 17 7 7 23 28 19 7 19 19 7 6 1 18 7 7 28 28 15 10 19 23 24 28 19 19 11 21 16 26 4 6 7 28 21 37 26 45 18 7 21 11 17 26 10 28 0
split_gain=2.99948e+08 5.23292e+07 3.28474e+07 1.11887e+07 8.62337e+06 8.98034e+06 8.01147e+06 7.30736e+06 9.71965e+06 6.19931e+06 5.92261e+06 4.73821e+06 4.73315e+06 4.49959e+06 4.45101e+06 4.70063e+06 4.13474e+06 3.92962e+06 3.34183e+06 3.24445e+06 3.2269e+06 3.01641e+06 2.73036e+06 2.63376e+06 2.31195e+06 2.29213e+06 2.23714e+06 2.03976e+06 2.01174e+06 1.99356e+06 1.88569e+06 1.71418e+06 1.62381e+06 1.73866e+06 1.45008e+06 1.40959e+06 1.33106e+06 1.30995e+06 1.19737e+06 1.11321e+06 1.10296e+06 1.08688e+06 1.06365e+06 1.02188e+06 981411 892480 864852 661297 584371 534504 429466 376689 337569 324696 252033 211872
threshold=1469.6315793078418 846.87044976825905 2507.049509271968 1558.3671178000034 33635.465833333343 -0.60355339059327384 487.28451464857335 29180.94333333334 -0.5 9.4532530000000019 1420.263053060253 25860.555000000004 26304.932500000003 30552.500000000004 -0.9829629131445341 320.45246966419393 22943.710833333338 472.37178621456525 687.63510778768716 26644.033333333336 -438.74499999999995 0.079306453220254175 2631.610696155893 33137.590833333343 40300.26666666667 -0.9159756150367534 0.60355339059327384 479.05541666666676 0.4457557082521531 316.11610342264345 43057.500000000007 30798.540000000005 0.1294095225512602 329.63139159596329 255.08112789510906 0.45301547666291841 930.17804752477207 815.98044770064791 43722.436250000006 1.1098727868538554 66.769999999999996 35093.708333333343 -0.9829629131445341 919.12078512480855 305.50000000000006 40226.62750000001 18.655700000000003 1184.9845847808581 38889.591666666667 949.65993401550907 0.57427754901915862 2273.1114059773076 31540.662291666671 0.31098257990035111 0.78656609248549303 0.41693426933808292
decision_type=2 2 2 2 2 2 2 2 2 2 2 2 2 2 2 2 2 2 2 2 2 2 2 2 2 2 2 2 2 2 2 2 2 2 2 2 2 2 2 2 2 2 2 2 2 2 2 2 2 2 2 2 2 2 2 2
left_child=1 6 3 4 5 13 19 8 29 16 21 43 -7 -2 44 -16 -10 -11 36 32 23 34 24 28 38 39 -27 41 -13 52 -23 51 33 -1 -9 -31 -12 48 -5 -22 -34 -21 -26 -4 -6 -33 -25 -20 54 50 -39 -24 -3 -50 -8 -51
right_child=2 7 11 22 14 12 37 10 9 17 18 20 -14 -15 15 -17 -18 -19 47 27 25 30 31 46 42 26 -28 -29 -30 35 -32 45 40 -35 -36 -37 -38 49 -40 -41 -42 -43 -44 -45 -46 -47 -48 -49 53 55 -52 -53 -54 -55 -56 -57
leaf_value=-11.002450658187406 -37.417312825520838 -15.45535669235956 -11.605957900456019 14.412399649131185 -2.5988819782371104 0.37785917390067625 -5.9463253242773169 3.2192123158987425 -14.198877413047935 3.5146564586074267 10.833116104542746 -18.080516214370729 9.5109811855171209 -4.5248850443353295 10.807033183231104 19.377748347190412 -0.41464649440661022 30.160895684957506 41.450160571011629 -7.5257518962402434 9.8375615743796025 -1.9695491732985122 17.050501484076182 23.895984337352147 8.7044243321274273 27.405254499526055 19.689932245849445 15.528202068622296 11.659010281949429 -29.269522325852339 4.9964956396054001 24.503046230804088 -8.7533077885858965 -21.579592848261566 9.1003954821204545 -11.146752457735015 4.1045076137224834 -1.7582410514600195 5.6928481747076765 25.959308212280277 -1.4932250406583152 -5.8822886716323604 24.882572447913034 10.892713050842286 15.964859996977307 38.029061341058643 10.885734196442824 19.729221128983934 -3.6885213574575721 0.13034847441173736 3.7232984301056526 5.4008385358537945 -3.0316857609219023 2.5762911466950351 -3.2297197032529255 10.458808686392647
leaf_weight=1323 29 20 27 633 137 476 849 1767 158 80 515 23 1532 240 1144 643 1123 63 21 7339 95 1225 59 106 32 1192 318 25 36 101 311 214 1364 108 316 40 299 1213 122 39 149 4009 181 23 20 41 51 21 108 20 98 27 44 102 300 34
leaf_count=1323 29 20 27 633 137 476 849 1767 158 80 515 23 1532 240 1144 643 1123 63 21 7339 95 1225 59 106 32 1192 318 25 36 101 311 214 1364 108 316 40 299 1213 122 39 149 4009 181 23 20 41 51 21 108 20 98 27 44 102 300 34
internal_value=0.0158971 -4.47592 13.9882 10.8607 8.85303 5.50815 -6.75245 1.87971 -2.70687 -0.356982 3.54956 23.0325 7.34722 -8.19636 12.766 13.9001 -2.12456 15.3818 9.52997 -7.50907 23.6855 2.13277 17.323 14.3796 15.1223 24.8987 25.7945 -6.89496 -0.0424835 -18.949 -0.556773 23.5077 -9.87833 -11.8152 4.11535 -24.243 8.36962 -2.77443 13.0128 14.6872 -8.03979 -6.94572 22.5041 -1.24592 -0.147998 26.8179 19.7654 31.3011 -4.53177 -1.02277 -1.34596 13.4972 -7.09213 -0.647824 -5.24045 6.70537
internal_weight=30585 23145 7440 5530 4221 2277 17041 6104 1629 1424 4475 1910 2008 269 1944 1787 1281 143 856 14317 1860 3619 1309 216 968 1644 1510 11373 59 205 1536 341 2944 1431 2083 141 814 2724 755 134 1513 11348 213 50 157 255 157 42 1359 1365 1311 86 64 210 1149 54
internal_count=30585 23145 7440 5530 4221 2277 17041 6104 1629 1424 4475 1910 2008 269 1944 1787 1281 143 856 14317 1860 3619 1309 216 968 1644 1510 11373 59 205 1536 341 2944 1431 2083 141 814 2724 755 134 1513 11348 213 50 157 255 157 42 1359 1365 1311 86 64 210 1149 54
is_linear=0
shrinkage=0.08


Tree=23
num_leaves=56
num_cat=0
split_feature=17 3 21 7 30 3 19 21 7 21 4 4 15 21 9 1 17 5 15 28 21 3 27 19 25 7 1 28 9 28 28 5 26 25 28 19 28 6 5 3 28 32 7 19 38 29 5 44 0 17 3 27 19 19 28
split_gain=2.53507e+08 3.6518e+07 3.40081e+07 9.185e+06 9.91103e+06 8.25442e+06 7.12942e+06 5.66991e+06 5.07341e+06 5.02265e+06 4.37585e+06 3.72744e+06 3.50405e+06 3.2652e+06 3.09714e+06 2.84166e+06 3.37291e+06 2.72513e+06 2.61013e+06 2.56095e+06 3.14954e+06 2.55435e+06 2.37317e+06 2.55279e+06 2.32927e+06 2.28927e+06 2.20012e+06 2.05064e+06 2.00452e+06 1.61542e+06 1.54312e+06 2.35692e+06 1.483e+06 1.45432e+06 1.37562e+06 1.35926e+06 1.3004e+06 1.27325e+06 1.35248e+06 1.17644e+06 1.13022e+06 1.11673e+06 1.04202e+06 1.02631e+06 1.002e+06 858851 804930 721260 615766 613547 569000 490296 751575 367992 230256
threshold=1329.1249317153095 1.6073739134340836 587.00992519963893 23768.352500000005 0.81174490092936691 2.1325599351779121 408.82633411873377 414.58249712783203 25433.005000000005 1168.0946787817895 0.53013352905635491 1.0666667407409056 189.71854166666671 746.70397078078884 341.51150215000007 0.14551972909613339 897.8655247089365 0.047730319794890459 479.05541666666676 -0.70710678118654757 1055.7286535888677 2.5750175502600348 -0.5 390.10552129938475 33699.895000000004 36849.105833333342 0.1371351476273476 -0.5 368.85337799999996 0.96592582628906831 -0.12940952255126034 0.092997528394359416 35120.527500000004 41347.860000000008 0.98296291314453432 193.88810081328435 1.0000000180025095e-35 199.00000000000009 0.053727961381728494 1.3366940629555748 -0.12940952255126034 0.25000000000000017 27538.727500000005 400.20756300939792 13.260953500000001 -0.8783796973249266 0.066241736773421864 3.7926737000000004 0.53476337928950091 326.54347479004156 2.0229317428466573 -0.5 92.730633057035718 384.94467117176657 0.96592582628906831
decision_type=2 2 2 2 2 2 2 2 2 2 2 2 2 2 2 2 2 2 2 2 2 2 2 2 2 2 2 2 2 2 2 2 2 2 2 2 2 2 2 2 2 2 2 2 2 2 2 2 2 2 2 2 2 2 2
left_child=2 3 7 13 10 11 44 15 -7 22 26 19 -8 30 51 16 18 -12 -1 20 -3 34 23 35 -21 27 -5 -13 49 33 48 -32 -15 -24 -10 -4 -30 50 47 -31 -18 42 -16 -27 -6 -23 -43 -39 -2 -17 53 52 -9 -11 -53
right_child=1 5 9 4 6 8 12 14 21 37 17 25 -14 32 41 28 40 -19 -20 24 -22 45 29 -25 -26 43 -28 -29 36 39 31 -33 -34 -35 -36 -37 -38 38 -40 -41 -42 46 -44 -45 -46 -47 -48 -49 -50 -51 -52 54 -54 -55 -56
leaf_value=-7.1227993624102055 -16.935099117137767 -12.629764302811532 0.50186397851987452 0.13718840071298544 7.6992822062501718 -15.210109125773114 18.112773911452095 -5.7740086043328844 19.564431454408929 5.9888055376295757 9.0374637868285248 4.9381085783004766 34.652961597589346 23.712093641861625 -9.6248617712117852 -13.662534863230695 -4.718581388858186 4.6335138714642197 13.382675743103027 7.5533897871255116 8.84641214138958 19.096705871381257 -2.2901442142475976 24.48223497390747 15.744147937804348 19.632519628563706 -19.376037439806709 18.004964431653779 -21.774921154311944 3.0114145491049111 2.8418971745721224 -18.888924663331775 -2.2386191717354027 2.9567162094942887 32.369312118271651 6.3239914079339297 -9.511046315934923 3.6459701607444073 -1.837587338151603 22.5217626953125 5.1956222306879081 6.1785241665464037 -1.8150371138543862 29.804408479428474 20.485253486633301 29.063783851482057 -1.7692031256905918 20.000285510335651 -36.446398232199932 -8.2250107224054965 17.925615641276043 -6.487110414029055 -1.0306104368776425 -1.3743732919498366 -4.2218389623476114
leaf_weight=10390 26 52 646 102 407 23 237 558 1174 425 1620 99 129 22 117 165 118 2030 39 312 250 75 2249 35 798 146 57 358 157 353 57 71 36 397 58 425 89 21 28 20 192 186 1506 130 43 363 144 111 21 742 23 2014 347 48 344
leaf_count=10390 26 52 646 102 407 23 237 558 1174 425 1620 99 129 22 117 165 118 2030 39 312 250 75 2249 35 798 146 57 358 157 353 57 71 36 397 58 425 89 21 28 20 192 186 1506 130 43 363 144 111 21 742 23 2014 347 48 344
internal_value=0.0153417 11.5699 -4.57535 6.95975 7.74083 17.402 15.7385 -6.24225 21.5841 1.3894 6.02381 14.0926 24.021 -8.5115 -4.04189 -7.20693 -6.80042 6.59008 -7.04484 11.6736 5.11905 22.0997 0.354589 3.52311 13.4508 18.7302 -6.9355 15.1913 -10.9841 -0.806971 -13.9446 -9.2649 7.83982 -1.5021 20.193 2.81598 -17.3945 7.88593 14.0805 4.11497 1.41879 -1.52106 -2.38362 24.5139 8.96377 27.4045 2.71556 17.4454 -26.2306 -9.22815 5.86338 -5.54975 -3.95841 5.24027 -6.15857
internal_weight=30585 8696 21889 4858 4625 3838 816 17108 1693 4781 3809 2145 366 233 5216 11892 10739 3650 10429 1412 302 1670 4125 1106 1110 733 159 457 1153 3019 175 128 58 2646 1232 1071 246 656 160 373 310 1953 1623 276 450 438 330 132 47 907 496 3263 905 473 2358
internal_count=30585 8696 21889 4858 4625 3838 816 17108 1693 4781 3809 2145 366 233 5216 11892 10739 3650 10429 1412 302 1670 4125 1106 1110 733 159 457 1153 3019 175 128 58 2646 1232 1071 246 656 160 373 310 1953 1623 276 450 438 330 132 47 907 496 3263 905 473 2358
is_linear=0
shrinkage=0.08


Tree=24
num_leaves=59
num_cat=0
split_feature=16 16 9 36 7 19 7 4 8 7 3 12 1 26 38 7 19 37 7 19 5 19 5 4 16 25 12 16 1 38 12 16 7 12 3 1 27 12 1 12 1 12 27 29 38 10 25 1 2 12 12 19 1 34 29 26 25 19
split_gain=2.14817e+08 3.09729e+07 2.7791e+07 8.65219e+06 8.23749e+06 7.12478e+06 6.04329e+06 5.33389e+06 4.80845e+06 5.10608e+06 4.64573e+06 4.43269e+06 7.15964e+06 3.6578e+06 3.59059e+06 3.49291e+06 3.38988e+06 3.19983e+06 2.90688e+06 2.70617e+06 2.5755e+06 2.5659e+06 2.45444e+06 2.43683e+06 2.42514e+06 2.2645e+06 2.14805e+06 1.75474e+06 2.0409e+06 1.67908e+06 1.66263e+06 1.54796e+06 1.43044e+06 1.3588e+06 1.35323e+06 1.0983e+06 1.08934e+06 855061 729039 716416 688254 1.27839e+06 634458 578895 702068 625820 509116 499233 540400 413352 398135 360358 336306 319306 294484 208824 191233 160043
threshold=1329.1249317153095 2084.4454757204603 351.28169940000015 2.5000000000000004 28202.850833333338 311.58822615612172 26971.845000000005 0.23170463394399546 333.99930859017695 39507.21333333334 2.5750175502600348 0.099132617910698564 0.076001204558575591 28818.585416666669 5.9084885000000016 23379.125000000004 520.41605753204374 288.50000000000006 28412.020000000004 375.17067062483983 0.053313885393366393 777.22274205627548 0.075896269515775591 1.1636545937468423 437.67830574454473 30744.910000000003 0.028228882230358809 1627.7543623828017 0.055680606748290042 5.6664435000000006 0.11355592807800964 968.67081498696814 22031.844166666669 0.045913702563450197 0.70584350105878813 0.13006485369619034 0.25881904510252091 0.074995722434116369 0.055233735923400369 0.13019468364130302 0.12428960263369709 0.10670959494413586 0.25881904510252091 -0.8783796973249266 8.3778580000000016 0.35840852379084481 42531.650000000009 0.069740605743434811 0.71646273088367252 0.016704060939298111 0.07653892584605429 78.238657920977133 0.020089451621147097 1.0000000180025095e-35 -0.8783796973249266 26703.837708333336 26453.675000000007 83.609774535864872
decision_type=2 2 2 2 2 2 2 2 2 2 2 2 2 2 2 2 2 2 2 2 2 2 2 2 2 2 2 2 2 2 2 2 2 2 2 2 2 2 2 2 2 2 2 2 2 2 2 2 2 2 2 2 2 2 2 2 2 2
left_child=2 8 24 5 17 31 23 40 16 13 11 12 -6 -10 30 -15 27 26 -16 46 29 -8 -13 -7 32 -22 -3 33 -29 -19 -9 35 53 -2 47 -4 -18 -33 55 -28 41 -5 -21 45 -45 -12 -11 48 -26 -36 -49 -40 -51 56 -42 -34 -1 -55
right_child=1 4 3 7 10 6 21 14 9 19 43 22 -14 15 18 -17 36 20 -20 42 25 -23 -24 -25 34 -27 39 28 -30 -31 -32 37 38 -35 49 -37 -38 -39 51 -41 54 -43 -44 44 -46 -47 -48 50 -50 52 -52 -53 -54 57 -56 -57 -58 -59
leaf_value=-11.485886501845666 1.1195048355179675 -7.4283426993233821 0.12883686349975748 -17.729347246343441 18.030856053418521 -5.8875040817260746 12.17294273253513 -1.5008796975383225 37.951228394684968 19.074321632385253 6.5804192386973988 26.383622610747356 7.2945015011671863 -18.426452223254788 -9.7120726582747174 8.7502985684608205 -2.8076758654364227 18.493528772989912 -2.6296569971091213 26.919768722534183 -20.513880500793459 27.961261420913889 16.88653914994504 9.7509782339794793 -5.342774638248982 2.1225282481800427 13.457426404432818 12.446809570080994 5.7178853900486892 -5.7283831278483071 3.980261757017904 0.45546356164739371 -2.7158828983622145 5.4352721152073391 -11.789268484849197 -5.6788979405891613 -25.043228296740303 5.0270459392153786 -7.4683197055861745 26.718688985463736 -31.518593962296197 5.1405904206775483 42.664550903320318 23.806290497823998 31.471765154908034 23.219629573822022 8.0834312669162092 -7.3379550930147586 0.53047402835586699 6.7838821843465169 -5.7632989332707485 -9.6434492770968916 -1.90931825895135 -9.1366485900878907 -18.984387187551945 -6.2151404337567264 -6.1951121372507325 -17.125022070805233
leaf_weight=294 679 27 1363 65 1253 172 429 820 26 55 21 390 585 30 491 1465 28 47 1512 64 58 78 331 100 5354 54 109 413 965 29 622 444 120 1498 25 245 28 638 1522 36 22 20 29 215 150 54 57 1724 102 29 2644 747 573 24 46 1513 56 95
leaf_count=294 679 27 1363 65 1253 172 429 820 26 55 21 390 585 30 491 1465 28 47 1512 64 58 78 331 100 5354 54 109 413 965 29 622 444 120 1498 25 245 28 638 1522 36 22 20 29 215 150 54 57 1724 102 29 2644 747 573 24 46 1513 56 95
internal_value=0.0147292 10.6511 -4.21115 -0.0828529 16.6688 2.76752 9.49951 -2.83104 6.8613 10.3348 18.0413 16.7217 14.6195 8.72628 -2.1792 8.19299 5.19865 5.21655 -4.36977 22.1686 -1.99863 14.6522 22.0531 -0.123404 -6.17935 -9.6777 13.0689 5.50765 7.74217 9.2966 0.864505 0.815194 -7.76299 4.09033 -5.51634 -0.759028 -14.1698 3.15324 -7.25747 16.9103 -17.3986 -12.351 32.2311 25.6604 27.0339 18.7085 13.6018 -5.74634 -5.2329 -1.90916 -6.38634 -8.18835 -1.47999 -11.9444 -23.4376 -5.95982 -10.6594 -15.6035
internal_weight=30585 8696 21889 7067 3359 3469 779 3598 5337 1726 2999 2559 1838 1521 3445 1495 3611 360 2003 205 188 507 721 272 14822 112 172 3555 1378 76 1442 2690 4371 2177 10451 1608 56 1082 3902 145 153 85 93 440 365 75 112 9824 5456 627 4368 2269 602 469 68 1633 350 119
internal_count=30585 8696 21889 7067 3359 3469 779 3598 5337 1726 2999 2559 1838 1521 3445 1495 3611 360 2003 205 188 507 721 272 14822 112 172 3555 1378 76 1442 2690 4371 2177 10451 1608 56 1082 3902 145 153 85 93 440 365 75 112 9824 5456 627 4368 2269 602 469 68 1633 350 119
is_linear=0
shrinkage=0.08


Tree=25
num_leaves=56
num_cat=0
split_feature=18 18 18 0 28 17 28 27 7 1 22 28 21 26 21 7 12 28 30 21 28 7 1 19 19 44 28 23 28 19 19 23 7 17 22 28 19 28 28 39 7 39 7 19 4 24 7 19 22 27 17 11 22 7 17
split_gain=1.85563e+08 3.79882e+07 1.16427e+07 1.02047e+07 7.52226e+06 7.34226e+06 5.08451e+06 3.992e+06 3.92323e+06 3.8025e+06 4.9808e+06 3.6959e+06 3.35961e+06 3.26598e+06 3.15218e+06 2.89155e+06 2.75397e+06 2.61919e+06 2.60522e+06 2.7902e+06 3.44312e+06 2.3408e+06 2.31935e+06 2.30943e+06 2.29884e+06 2.22458e+06 2.0994e+06 1.98198e+06 1.9137e+06 2.76709e+06 1.83519e+06 1.72525e+06 1.63035e+06 3.91177e+06 1.50044e+06 1.97955e+06 1.48222e+06 2.45737e+06 1.36237e+06 1.31994e+06 1.17998e+06 1.16529e+06 1.10489e+06 1.08928e+06 942432 912826 757650 745386 695306 883420 250522 194876 181140 119945 115768
threshold=1097.1830890323909 1998.6334189596382 684.59061149821753 0.40981496607995499 -0.9829629131445341 1506.3969027476808 -0.70710678118654757 -0.70710678118654735 22662.251666666671 0.10659098059708945 2999.2630834600254 -0.9829629131445341 168.64299019155453 44189.407083333346 1188.7306474363174 28202.850833333338 0.18311622431001986 -0.12940952255126034 0.81174490092936691 414.58249712783203 0.25881904510252057 28664.183333333338 0.088007345739668272 400.20756300939792 448.97942493170416 9.6266410000000011 -0.9159756150367534 30294.500000000004 -0.5 355.85602432362407 390.10552129938475 41027.500000000007 20886.31833333334 1444.143480146038 1254.6486088152492 0.1294095225512602 192.31524920848992 -0.12940952255126034 0.25881904510252057 10.136623750000002 33201.045833333344 8.7919440000000026 37408.848333333342 544.86233109898774 0.86395683528710787 40602.295000000006 43581.45416666667 118.56835084442757 652.53250766406768 -0.70710678118654735 1341.4782212663174 0.47052733861142576 475.37463905119165 36277.476666666676 437.42523903987859
decision_type=2 2 2 2 2 2 2 2 2 2 2 2 2 2 2 2 2 2 2 2 2 2 2 2 2 2 2 2 2 2 2 2 2 2 2 2 2 2 2 2 2 2 2 2 2 2 2 2 2 2 2 2 2 2 2
left_child=2 5 21 4 22 15 14 36 38 10 -8 45 -13 23 -5 17 -11 27 19 20 -9 28 39 -6 48 -19 31 -2 29 47 -28 -17 -20 -34 44 -36 50 40 -7 -3 -38 -16 -21 -39 -30 -10 -15 -1 52 -50 51 -4 -23 -52 -31
right_child=1 3 7 6 13 8 9 18 11 16 -12 12 -14 46 41 26 -18 25 32 42 -22 24 -24 -25 -26 -27 30 -29 34 54 -32 -33 33 -35 35 -37 37 43 -40 -41 -42 -43 -44 -45 -46 -47 -48 -49 49 -51 53 -53 -54 -55 -56
leaf_value=-7.3102189665797788 -18.205088191083682 -0.57212019615486021 -0.58081501453219564 -25.764803684119023 17.240865949445553 -27.848920033772789 8.4873873313174535 -15.495159525379597 -15.938576617573583 2.6767368229918596 18.384640000754004 24.25145025538302 8.2617422060170345 3.70211413829223 -7.8535309764317107 -5.209286683061416 19.556239547471741 -0.68272927780086423 -19.254399746981534 -3.6241576602143897 -1.2849878452960111 -6.1597962369557688 -16.349850303031303 23.464529751256478 14.29385255471254 15.206276202048025 4.2408611611504776 -1.0174555036756727 -8.7597799233758042 -18.648211935292121 14.58398414678159 3.8905811846533487 1.0184609038312271 25.326843012934148 -12.803567969493377 8.8908627654218133 -9.0273955372401655 7.9054563379496861 -2.0061737747192381 17.909985112576258 3.5675288110212846 9.2508547017024121 -0.1913750149589932 23.661859081637477 -5.8984528910941139 -0.18036795058340396 20.017447188004205 -11.940930649708575 -1.2204664225496797 -4.9604024341361281 1.4222889200846354 6.7510394986470548 -5.2804604365326124 9.1003010276511862 -27.972877544328281
leaf_weight=557 92 60 698 32 626 23 594 256 42 380 727 86 2820 91 41 275 73 623 21 2187 190 2138 36 1053 38 61 2526 80 1051 22 114 257 538 45 38 86 83 341 29 41 109 64 827 30 2520 52 22 380 584 1318 26 23 5483 26 50
leaf_count=557 92 60 698 32 626 23 594 256 42 380 727 86 2820 91 41 275 73 623 21 2187 190 2138 36 1053 38 61 2526 80 1051 22 114 257 538 45 38 86 83 341 29 41 109 64 827 30 2520 52 22 380 584 1318 26 23 5483 26 50
internal_value=0.0140187 8.37571 -4.62943 14.7819 18.8886 4.89957 10.6288 -1.46528 7.85875 11.7752 13.944 8.2377 8.74312 20.2692 -4.19407 2.65602 5.43392 -1.46875 -2.71228 -3.55845 -9.45792 -5.82703 0.814316 21.1557 -5.107 0.754403 3.76925 -10.2629 -7.28911 -10.3803 4.69285 -0.814246 2.13287 2.93491 -6.4424 2.19333 2.32719 5.44559 -13.7464 7.03255 -1.89572 2.56092 -2.68263 9.23974 -6.7428 -7.31493 7.02628 -9.19893 -5.18591 -3.81332 0.0518672 -0.337901 -5.52793 5.36056 -25.4182
internal_weight=30585 10920 19665 3840 1929 7080 1911 5400 3052 1774 1321 3000 2906 1792 137 4028 453 856 4064 3460 446 14265 137 1679 9561 684 3172 172 4704 1009 2640 532 604 583 3695 124 1336 563 52 101 192 105 3014 371 3571 94 113 937 9523 1902 773 721 7621 52 72
internal_count=30585 10920 19665 3840 1929 7080 1911 5400 3052 1774 1321 3000 2906 1792 137 4028 453 856 4064 3460 446 14265 137 1679 9561 684 3172 172 4704 1009 2640 532 604 583 3695 124 1336 563 52 101 192 105 3014 371 3571 94 113 937 9523 1902 773 721 7621 52 72
is_linear=0
shrinkage=0.08


Tree=26
num_leaves=58
num_cat=0
split_feature=22 3 7 28 22 28 1 21 7 1 23 28 26 21 1 12 12 17 34 7 27 27 28 0 22 26 15 39 17 39 3 12 7 30 22 4 10 28 21 15 45 39 5 1 15 1 28 28 45 28 30 9 7 22 12 27 27
split_gain=1.5565e+08 2.96383e+07 1.78184e+07 1.49489e+07 1.11374e+07 7.04265e+06 6.3487e+06 4.7132e+06 4.49112e+06 3.94742e+06 3.89105e+06 3.52283e+06 3.37357e+06 4.50355e+06 3.35088e+06 3.25519e+06 3.20255e+06 3.08887e+06 2.92268e+06 2.87346e+06 2.86329e+06 2.58395e+06 2.48425e+06 2.81673e+06 2.40238e+06 2.25764e+06 2.37209e+06 2.16432e+06 2.06909e+06 1.8798e+06 1.73024e+06 1.7206e+06 1.61038e+06 1.58041e+06 1.95185e+06 1.51462e+06 1.45112e+06 1.32069e+06 1.28919e+06 1.20087e+06 1.17297e+06 1.13573e+06 1.1007e+06 1.08922e+06 1.03088e+06 1.01845e+06 930600 923403 884643 872815 863407 814107 794824 612621 610470 570014 450738
threshold=2026.5888750965628 0.70584350105878813 30375.340833333335 -0.60355339059327384 2978.0391442277 -0.9159756150367534 0.21364731160036707 661.0779393993547 42798.356666666674 0.069740605743434811 30356.500000000004 -0.9159756150367534 35481.842083333344 484.92872462485826 0.14429117344799927 0.17759467137762661 0.12262861979603711 479.86684091365447 1.0000000180025095e-35 35731.832500000011 0.25881904510252091 -0.70710678118654735 -0.12940952255126034 0.48170589843767903 1583.5101358511365 42691.277708333342 212.88812500000003 8.9606320000000022 1603.25204566808 11.639571000000002 1.173226835651205 0.095162499575581525 28485.420000000002 0.81174490092936691 1402.6265361728695 0.10055000000000001 0.37836764552464119 -0.12940952255126034 137.65365395165696 -508.7374999999999 18.598000000000003 12.187840500000002 0.017991596911290864 0.091187769873347993 195.90208333333337 0.088712721830419325 0.1294095225512602 -0.9159756150367534 6.7888500000000009 0.25881904510252057 0.81174490092936691 560.93999700000006 35343.916666666679 1453.9671212451824 0.11588369005282359 -0.37940952255126059 -0.37940952255126059
decision_type=2 2 2 2 2 2 2 2 2 2 2 2 2 2 2 2 2 2 2 2 2 2 2 2 2 2 2 2 2 2 2 2 2 2 2 2 2 2 2 2 2 2 2 2 2 2 2 2 2 2 2 2 2 2 2 2 2
left_child=1 17 3 18 8 9 12 14 11 27 39 20 16 -14 22 -11 -5 38 28 -13 -4 51 23 -3 -24 26 -7 -6 44 -23 31 43 -30 35 49 55 47 41 46 -8 -12 -32 -39 -9 -2 -37 50 -10 -48 -35 -1 -16 -33 56 -36 -19 -40
right_child=2 7 4 6 5 25 10 30 36 15 40 19 13 -15 21 -17 -18 33 -20 -21 -22 29 24 -25 -26 -27 -28 -29 32 -31 37 52 -34 34 54 45 -38 42 53 -41 -42 -43 -44 -45 -46 -47 48 -49 -50 -51 -52 -53 -54 -55 -56 -57 -58
leaf_value=-11.33186032746478 -27.486638739013671 -1.8773908888199367 -2.1006077932874798 8.3504722181848035 7.965772230086789 18.038356743759341 -35.082366610440339 1.3711826125326854 10.26312417132514 -6.6674318216567814 11.167515491485597 7.5754961077693057 -26.125127391157481 5.9079115562599815 -5.7263526521126424 27.299617687406993 18.528466383214806 -4.6852816047271091 -37.868733557498821 13.240204689092876 12.56158732489232 -18.236494378065451 1.3150748486514618 -16.653936486506201 17.022200419108074 44.107396217628768 25.147025947157058 26.76213571166992 -16.572505324791219 -5.5519633771935286 -0.49174920052927062 2.0475347073985661 7.3078383596738181 -0.6251741253054911 0.74483659495478094 -3.0706965972162346 33.772896836598719 13.453650706796086 -4.6642199430026263 -13.294005462437461 -4.870142830296567 5.8734181198639615 5.6142494057543795 -2.6669151024831943 -10.521715088702264 -5.437048721185505 -8.8631687940544346 22.303102431426179 -2.0732169100875226 -5.4790318243127114 -4.4073190855815492 5.8043694223359568 6.3227111159136831 4.8019392642459353 12.309283002898805 -15.433412705934966 -5.93141717410042
leaf_weight=614 49 895 272 588 92 933 21 1391 69 128 59 1058 28 918 71 20 300 47 32 1265 123 155 1123 90 65 26 460 69 28 146 420 598 47 774 45 3046 47 135 2587 72 56 312 760 616 46 1890 250 110 242 341 144 85 522 36 83 103 6083
leaf_count=614 49 895 272 588 92 933 21 1391 69 128 59 1058 28 918 71 20 300 47 32 1265 123 155 1123 90 65 26 460 69 28 146 420 598 47 774 45 3046 47 135 2587 72 56 312 760 616 46 1890 250 110 242 341 144 85 522 36 83 103 6083
internal_value=0.0129783 -3.07203 10.5699 4.70783 13.3839 18.484 6.7633 1.13199 10.385 7.50761 -6.45848 9.47728 8.26553 4.9332 -1.58502 -1.92488 11.806 -4.97818 -16.0017 10.6646 2.48528 -7.80383 -0.274168 -3.24305 2.18807 20.8673 20.4022 16.1368 -11.6882 -12.1226 2.63511 1.53339 -1.70824 -3.59525 -1.03706 -4.22014 21.2122 4.7503 -5.85685 -18.5348 3.38321 2.22558 6.81042 0.131075 -19.4672 -3.97769 -8.26267 17.7448 -5.53438 -2.11321 -10.0239 0.553365 4.04394 -5.51052 8.28095 -12.119 -5.55389
internal_weight=30585 23669 6916 2244 4672 1728 2042 7384 2944 309 208 2718 1834 946 2630 148 888 16285 202 2323 395 457 2173 985 1188 1419 1393 161 170 301 4754 3127 75 6329 1243 5086 226 1627 9956 93 115 732 895 2007 95 4936 1250 179 492 1115 758 156 1120 8706 128 150 8670
internal_count=30585 23669 6916 2244 4672 1728 2042 7384 2944 309 208 2718 1834 946 2630 148 888 16285 202 2323 395 457 2173 985 1188 1419 1393 161 170 301 4754 3127 75 6329 1243 5086 226 1627 9956 93 115 732 895 2007 95 4936 1250 179 492 1115 758 156 1120 8706 128 150 8670
is_linear=0
shrinkage=0.08


Tree=27
num_leaves=60
num_cat=0
split_feature=18 18 17 7 28 22 12 23 25 22 28 1 1 22 1 7 41 30 19 15 19 16 12 28 41 28 1 21 11 26 20 21 12 16 7 12 1 22 22 19 16 1 6 7 7 28 1 44 28 6 13 6 28 1 22 17 8 20 4
split_gain=1.33946e+08 2.65238e+07 1.3064e+07 6.96856e+06 8.04491e+06 4.61528e+06 3.85004e+06 3.71588e+06 3.54557e+06 3.49438e+06 4.31017e+06 3.4667e+06 3.36504e+06 3.36418e+06 3.13128e+06 2.79152e+06 2.63784e+06 2.56095e+06 2.5525e+06 2.84901e+06 2.42612e+06 2.22495e+06 2.21551e+06 2.13556e+06 4.5056e+06 2.15001e+06 2.01638e+06 1.9554e+06 1.9193e+06 1.93674e+06 1.86274e+06 1.65222e+06 1.54972e+06 1.60943e+06 1.60736e+06 1.48285e+06 1.62076e+06 1.4515e+06 1.42534e+06 1.31277e+06 1.28185e+06 1.22594e+06 1.09433e+06 1.09166e+06 1.04407e+06 994148 965962 961690 815196 723631 668596 626419 596441 538426 415355 411553 272887 213125 153862
threshold=1563.727621682867 933.38103525368763 2507.049509271968 35668.942500000012 -0.37940952255126009 3209.1924870520902 0.09780809216254531 31118.000000000004 33475.085000000014 1135.945581274887 -0.5 0.19305214367951343 0.10659098059708945 2452.0930720639471 0.10443405087852671 25110.472500000003 6.9484064500000011 0.81174490092936691 924.74512740195235 174.6952083333334 329.63139159596329 1234.7430767968854 0.17026707412268807 0.1294095225512602 7.7021935000000008 -0.9159756150367534 0.16412451633533634 160.39941664431271 0.27718685912539581 44189.407083333346 1254.8261477454705 1150.1421784518668 0.086045795484828561 3005.0980100075335 42798.356666666674 0.15778907363743697 0.068051304740325322 652.53250766406768 1988.931105982213 91.363862838364611 334.92912522689159 0.24704976018373964 -499.99999999999983 22662.251666666671 35093.708333333343 -0.12940952255126034 0.070827248909627563 6.9992986000000013 -0.9159756150367534 276.16000000000014 0.50525946305609792 -438.74499999999995 -0.37940952255126009 0.053624484105295342 3130.9621870995857 667.49923971526641 456.98066971196971 1638.6189306971162 1.0139622722416595
decision_type=2 2 2 2 2 2 2 2 2 2 2 2 2 2 2 2 2 2 2 2 2 2 2 2 2 2 2 2 2 2 2 2 2 2 2 2 2 2 2 2 2 2 2 2 2 2 2 2 2 2 2 2 2 2 2 2 2 2 2
left_child=1 8 3 4 7 11 12 31 30 37 17 -6 21 35 32 -7 -9 -11 26 -20 39 48 23 25 -25 -16 38 -12 58 -30 40 -2 33 34 -4 36 -5 55 -8 -14 46 -28 -24 -22 -39 -23 -1 50 -3 -44 -32 -34 -42 -35 -53 -10 -49 -37 -15
right_child=2 6 14 13 5 15 18 16 9 10 27 -13 20 28 22 -17 -18 -19 19 -21 43 45 42 24 -26 -27 41 -29 29 -31 47 -33 51 53 -36 57 -38 44 -40 -41 52 -43 49 -45 -46 -47 -48 56 -50 -51 -52 54 -54 -55 -56 -57 -58 -59 -60
leaf_value=-5.6171286991720875 -29.137234117223862 -5.6805869559148947 12.17979760961831 10.28413106938735 7.0500742305742952 -8.8050985908508306 4.0105150293752061 9.0920707148454323 -4.5860976095473083 -8.4443011843222404 14.758318303240475 -4.7920982676500463 6.1554101562500003 24.05897073800223 -9.4622101762559687 20.080797891302311 -4.2894104679295273 6.4483924985172774 5.0314278581407335 40.160941960261418 -30.777172916957312 1.2190132860257665 0.93504028320312504 -16.611034002900123 11.091679632899526 14.71106637363434 0.3523473247115767 3.2940397803089287 15.427764091092152 0.68724938983008965 2.2040623557049295 -2.043336410522461 12.070210586547852 24.077712406158447 23.524156453558739 15.771335703791404 3.2378066980329336 -4.4418773188547505 10.96716915524231 -3.673417337588138 -6.7114408641090453 -15.286174996880925 25.931845972061154 -10.776575575776217 -1.4031390023832433 5.2532109406858751 -9.7047126922175231 -16.226777490234376 -0.25402172828613401 13.318940704633606 -17.214888862941574 18.789141502380371 -4.6912854926513106 17.098678772358955 25.497856247200158 -10.183947079237118 -29.125166094380042 26.155746714274088 35.124138277493991
leaf_weight=722 46 209 606 522 2164 23 1738 126 5831 292 136 170 98 34 26 234 365 98 35 25 20 747 20 63 90 199 568 315 727 62 22 21 39 159 93 48 350 1150 211 719 1181 33 79 122 1953 821 772 24 1134 52 22 106 4632 157 211 85 30 23 25
leaf_count=722 46 209 606 522 2164 23 1738 126 5831 292 136 170 98 34 26 234 365 98 35 25 20 747 20 63 90 199 568 315 727 62 22 21 39 159 93 48 350 1150 211 719 1181 33 79 122 1953 821 772 24 1134 52 22 106 4632 157 211 85 30 23 25
internal_value=0.0121315 -2.8294 9.87544 7.70443 5.43555 7.31158 1.53476 -3.27305 -4.46737 -3.4732 1.45726 6.18585 -0.0668021 11.6884 15.513 17.4716 -0.843966 -4.69511 3.90862 20.0871 -4.17429 1.28734 10.2511 6.94715 -0.349113 11.8882 3.52022 6.77612 15.3475 14.2718 -5.79049 -20.8001 17.5344 15.904 13.7206 8.38517 7.46285 -3.93307 4.76888 -2.48836 -5.64184 -0.530306 18.4216 -13.7891 -2.53039 3.33331 -7.7344 -16.705 -1.10211 21.064 -7.6722 22.1255 -5.10279 20.6752 23.3207 -4.66823 -23.7918 19.4519 29.2549
internal_weight=30585 23745 6840 4940 3149 2591 6480 558 17265 9860 841 2334 3870 1791 1900 257 491 390 2610 60 959 2911 529 378 153 225 2550 451 848 789 7405 67 1371 1015 699 943 872 9019 1949 817 7307 601 151 142 3103 1568 1494 98 1343 131 44 356 5813 316 317 5916 54 71 59
internal_count=30585 23745 6840 4940 3149 2591 6480 558 17265 9860 841 2334 3870 1791 1900 257 491 390 2610 60 959 2911 529 378 153 225 2550 451 848 789 7405 67 1371 1015 699 943 872 9019 1949 817 7307 601 151 142 3103 1568 1494 98 1343 131 44 356 5813 316 317 5916 54 71 59
is_linear=0
shrinkage=0.08


Tree=28
num_leaves=56
num_cat=0
split_feature=18 16 18 30 7 21 3 12 1 22 8 27 21 14 27 12 1 20 21 12 15 28 38 22 7 8 28 8 28 22 1 14 7 28 28 21 20 25 14 45 1 12 20 7 31 11 32 21 18 8 22 2 22 22 7
split_gain=1.13554e+08 2.3696e+07 7.22815e+06 5.95607e+06 5.58236e+06 4.73356e+06 4.60145e+06 4.75776e+06 3.99045e+06 3.94991e+06 3.91306e+06 3.69e+06 4.20409e+06 3.10519e+06 2.8338e+06 2.04641e+06 2.65505e+06 2.33073e+06 2.12703e+06 1.96599e+06 1.62472e+06 1.60842e+06 1.5709e+06 1.55631e+06 1.46141e+06 1.78247e+06 1.45805e+06 1.36509e+06 1.34994e+06 1.88714e+06 1.33711e+06 1.29957e+06 1.2451e+06 1.15235e+06 1.10406e+06 1.97903e+06 1.07752e+06 1.38356e+06 1.00762e+06 995849 947151 936826 785220 672647 640039 639589 453820 390440 384048 343593 343062 334483 1.43472e+06 372746 211600
threshold=1097.1830890323909 1950.5840221573269 672.41478302205871 0.81174490092936691 25433.005000000005 1223.9729628642706 2.2357967022157044 0.086719395844202726 0.07141723274075211 2466.2522014119672 412.65580852970925 -0.70710678118654735 484.92872462485826 0.49378626564109918 -0.70710678118654735 0.132204884586892 0.24704976018373964 1568.9100263186447 298.58893218091526 0.14853574384079021 515.54541666666671 -0.12940952255126034 13.260953500000001 3130.9621870995857 29180.94333333334 342.39494753253194 0.98296291314453432 816.11141565159744 -0.5 1177.8593225810807 0.085342893742613321 0.42157963848213392 38509.695000000007 0.96592582628906831 -0.12940952255126034 396.97265274029172 2424.9247126126511 29475.940000000002 0.39572489776582065 25.536800000000003 0.089368543747394266 0.13429796720423143 2077.478831511326 35917.845000000008 0.68301270189221941 0.40148563662360742 0.25000000000000017 74.820951882588275 1867.7165627487752 488.33529821735692 1728.3179448776957 0.71646273088367252 888.40424666436536 1426.3207923290133 26304.932500000003
decision_type=2 2 2 2 2 2 2 2 2 2 2 2 2 2 2 2 2 2 2 2 2 2 2 2 2 2 2 2 2 2 2 2 2 2 2 2 2 2 2 2 2 2 2 2 2 2 2 2 2 2 2 2 2 2 2
left_child=2 3 24 5 23 11 7 8 -6 -9 22 19 -13 21 34 18 17 -17 20 -2 -16 -12 42 36 28 51 30 33 29 47 -8 -25 -20 -7 43 45 37 -3 -37 40 -30 -24 -5 50 -27 -36 -45 -1 -15 -33 -4 53 -53 -26 -31
right_child=1 4 14 10 6 27 26 9 -10 -11 13 12 -14 48 15 16 -18 -19 32 -21 -22 -23 41 31 25 44 -28 -29 39 54 -32 49 -34 -35 35 38 -38 -39 -40 -41 -42 -43 -44 46 -46 -47 -48 -49 -50 -51 -52 52 -54 -55 -56
leaf_value=-9.3292044321187344 4.1287500326769138 -14.356256148726853 -3.6649268544140985 3.6033446262342119 10.24671688713836 4.9670208691868343 17.479614883126857 6.2588500486314302 1.8493551569938225 17.41443965526188 22.737841314569529 -10.291270382117434 0.7115302177903261 -9.5368487322771998 -12.20130511655646 1.2243627906712076 -22.53808449317669 22.923443127256451 -3.4102636278136038 14.617720361804286 7.6584607450167335 10.186768463679723 29.00964577811105 3.8027622680664064 -4.1232327865649578 1.9673201003441443 32.108963707817928 23.111289730729727 -4.0360277980221904 -15.596377336550981 11.778327112870784 -9.7865583385120747 0.37323076124238902 11.482445834461272 21.236740257795468 -0.044828568664379419 19.987236546107702 10.81154480506634 5.7076767176068017 7.7526532569298379 -6.5187516118523865 6.5678587026181425 14.297754832903545 -1.1193082699245875 20.157389117431642 8.5336284883471496 5.670671665152323 -6.0413775453303638 4.9189207567487445 -23.637983848109389 -14.339584403905 -3.1760205970845825 15.106506092707317 -12.672963543516216 -25.321306593153214
leaf_weight=374 614 26 169 544 1070 1816 792 281 548 747 217 240 2856 26 235 797 28 32 2394 140 29 97 27 24 8452 25 35 28 2268 38 410 21 725 192 42 511 20 28 314 38 1748 22 47 179 24 68 96 636 20 32 21 326 29 32 35
leaf_count=374 614 26 169 544 1070 1816 792 281 548 747 217 240 2856 26 235 797 28 32 2394 140 29 97 27 24 8452 25 35 28 2268 38 410 21 725 192 42 511 20 28 314 38 1748 22 47 179 24 68 96 636 20 32 21 326 29 32 35
internal_value=0.0117001 6.55277 -3.62071 3.69954 11.4211 2.72878 12.0079 10.1173 7.40552 14.3741 9.405 1.0784 -0.144448 16.0691 -1.20181 -2.23213 1.25864 2.08857 -3.11654 6.09309 -9.99907 18.9052 5.6372 -3.64895 -4.59329 -3.97144 16.0405 5.84753 -5.66822 -8.17955 15.5463 -11.5422 -2.53097 5.59542 1.91794 3.50103 4.60864 -1.34698 2.14887 -4.99548 -5.11801 19.2666 4.47655 -1.26594 11.1017 13.5315 1.26297 -7.26687 -3.2808 -18.4326 -4.91366 -4.05625 -1.64428 -4.15697 -20.5382
internal_weight=30585 10920 19665 6886 4034 5886 3883 2646 1618 1028 1000 3850 3096 360 5640 4240 857 829 3383 754 264 314 640 151 14025 8888 1237 2036 5137 1083 1202 77 3119 2008 1400 935 74 54 825 4054 4016 49 591 465 49 110 275 1010 46 53 190 8839 355 8484 73
internal_count=30585 10920 19665 6886 4034 5886 3883 2646 1618 1028 1000 3850 3096 360 5640 4240 857 829 3383 754 264 314 640 151 14025 8888 1237 2036 5137 1083 1202 77 3119 2008 1400 935 74 54 825 4054 4016 49 591 465 49 110 275 1010 46 53 190 8839 355 8484 73
is_linear=0
shrinkage=0.08


Tree=29
num_leaves=59
num_cat=0
split_feature=18 18 18 7 28 0 28 28 12 1 19 25 22 20 28 26 25 7 24 12 19 19 4 38 20 7 12 7 1 9 20 30 18 6 22 12 28 6 37 25 1 16 19 1 16 19 11 44 7 44 22 1 4 10 11 19 9 10
split_gain=9.6683e+07 1.9031e+07 9.10172e+06 5.0297e+06 4.43672e+06 3.78223e+06 4.22597e+06 4.03677e+06 3.04702e+06 2.85757e+06 2.90242e+06 2.57741e+06 2.67859e+06 2.42704e+06 3.33918e+06 2.49379e+06 2.37877e+06 2.27016e+06 2.21781e+06 2.13363e+06 2.325e+06 2.12024e+06 2.06336e+06 2.01988e+06 1.84158e+06 1.76198e+06 1.72526e+06 1.70845e+06 1.55022e+06 1.52528e+06 1.49456e+06 1.48466e+06 1.89776e+06 1.47009e+06 1.41017e+06 1.39767e+06 1.36387e+06 1.34058e+06 1.20798e+06 1.04651e+06 1.0333e+06 1.0203e+06 1.00056e+06 993686 990124 973134 972482 905358 861064 814248 789073 768423 687287 545858 425896 373913 205469 137205
threshold=1563.727621682867 921.29225017694137 2257.4581861031606 31867.895000000004 -0.9159756150367534 0.41693426933808292 0.96592582628906831 -0.9829629131445341 0.096539935941433494 0.061103692654164939 178.5381425336227 33699.895000000004 1349.5222246911546 2301.9289635300088 -0.70710678118654757 32323.85604166667 28517.205000000005 38509.695000000007 33166.420000000006 0.028228882230358809 464.25703865863346 924.74512740195235 0.62178480082020082 7.7504735000000009 2013.7244438173311 24980.067500000005 0.17026707412268807 25433.005000000005 0.16412451633533634 582.28356150000013 1254.8261477454705 0.81174490092936691 2695.7789523617867 -153.40499999999994 652.53250766406768 0.075560056224619865 -0.78656609248549325 -438.74499999999995 126.50000000000001 39829.005000000005 0.079306453220254175 304.3907199453833 777.22274205627548 0.077061651740503209 1294.7473185523124 404.63300267533253 0.36973091919783502 4.2821262000000013 33418.070000000007 6.9992986000000013 2914.9447574641049 0.079893348837140762 1.1025544606348257 0.49528876511345798 0.46515351898412954 89.590311014316811 358.10015660000005 0.36037393386714295
decision_type=2 2 2 2 2 2 2 2 2 2 2 2 2 2 2 2 2 2 2 2 2 2 2 2 2 2 2 2 2 2 2 2 2 2 2 2 2 2 2 2 2 2 2 2 2 2 2 2 2 2 2 2 2 2 2 2 2 2
left_child=1 11 3 13 17 7 19 43 9 36 55 30 34 15 -15 25 -16 48 42 20 -7 24 -21 35 28 -2 -26 -23 -10 -12 40 32 -9 -17 56 -14 39 -20 -25 -3 45 -42 -6 46 -38 -1 -4 -8 -5 53 -33 -36 -19 -32 -49 -11 -13 -51
right_child=2 8 5 4 18 6 47 31 21 10 29 12 23 14 16 33 -18 52 37 22 -22 27 -24 38 26 -27 -28 -29 -30 -31 49 50 -34 -35 51 -37 44 -39 -40 -41 41 -43 -44 -45 -46 -47 -48 54 -50 57 -52 -53 -54 -55 -56 -57 -58 -59
leaf_value=-4.1459619544353608 -1.4492903232574463 -6.3368520220326641 -1.9596167381442322 -16.611611502797981 16.169273077406974 4.814117028780073 8.1075021949181192 12.814636558814072 4.3026027683408152 4.0885050040664099 -7.2382272896540938 -3.9204403532043233 -0.87978801133897577 -30.46131381734212 -17.214054295739462 -2.9198885744340193 4.9501906083940383 2.9923110916142792 2.7367485314828377 -7.3163122852032005 -15.678115123532853 2.9088929748535155 9.1909010632202435 -9.0332144323984789 -29.777057989211308 20.718234826449688 0.76885682242257258 29.982127218807445 -0.31938743692754906 -1.6242125903604754 -15.186629161005435 8.0645133139870389 19.829014373438319 3.9673146694295149 -0.8764757120903246 16.085945700236731 1.4199968976600497 9.8590568182912843 4.3724156304200488 1.7032056859987124 -9.0925342160893017 -5.2394793027237014 33.942756189416954 -12.242152922153473 5.6240496915705256 6.772593965350457 17.463832336425781 17.865687703749714 -3.0104947526689982 -14.873085879371279 25.138097377958754 -3.2773430629475913 11.772022833307105 2.3474770587423572 26.946157773335777 0.32237777160428993 -11.712321867509322 -25.05957674893466
leaf_weight=4460 31 192 48 37 105 106 38 843 2018 263 675 5755 44 29 42 240 110 186 188 51 52 27 768 77 20 86 27 33 603 573 22 21 357 1125 1981 104 866 1772 95 223 540 2421 26 31 612 52 24 84 141 20 146 1499 82 22 71 468 21 32
leaf_count=4460 31 192 48 37 105 106 38 843 2018 263 675 5755 44 29 42 240 110 186 188 51 52 27 768 77 20 86 27 33 603 573 22 21 357 1125 1981 104 866 1772 95 223 540 2421 26 31 612 52 24 84 141 20 146 1499 82 22 71 468 21 32
internal_value=0.0112575 -2.40288 8.39103 6.07491 8.31586 12.0721 8.66475 14.7763 1.24731 -0.195609 -2.3206 -3.80801 -2.9354 2.65327 -6.06908 3.72192 -1.24662 1.06915 9.8603 6.51485 -1.98635 3.29465 8.15531 4.25107 2.95626 14.8823 -12.579 18.0466 3.23953 -4.664 -4.91148 15.9262 14.9162 2.75513 -3.18428 11.07 2.02597 9.17764 -1.64647 -2.02282 -4.78262 -5.945 19.9273 -0.492061 3.16341 -4.01865 4.66541 19.4582 -5.9147 -14.7897 23.0519 -1.91129 5.71242 -6.56223 22.1712 1.68109 -3.95079 -21.4962
internal_weight=30585 23745 6840 4200 2537 2640 1170 1470 6600 3872 1979 17145 9576 1663 181 1482 152 446 2091 977 158 2728 819 320 2668 117 47 60 2621 1248 7569 1367 1200 1365 9256 148 1893 1960 172 415 7473 2961 131 103 1478 4512 72 193 178 96 167 3480 268 44 155 731 5776 52
internal_count=30585 23745 6840 4200 2537 2640 1170 1470 6600 3872 1979 17145 9576 1663 181 1482 152 446 2091 977 158 2728 819 320 2668 117 47 60 2621 1248 7569 1367 1200 1365 9256 148 1893 1960 172 415 7473 2961 131 103 1478 4512 72 193 178 96 167 3480 268 44 155 731 5776 52
is_linear=0
shrinkage=0.08


Tree=30
num_leaves=62
num_cat=0
split_feature=17 22 16 0 28 28 1 1 10 1 4 6 12 28 21 8 1 25 35 0 19 2 28 7 19 7 12 7 44 28 28 21 20 1 36 18 25 27 27 12 45 21 24 12 45 23 22 28 20 1 12 17 19 30 7 10 28 10 17 8 36
split_gain=8.23762e+07 1.4286e+07 1.07402e+07 6.36096e+06 5.46963e+06 4.87336e+06 4.10985e+06 3.5655e+06 2.86981e+06 2.75076e+06 2.57323e+06 2.49954e+06 2.3888e+06 2.29843e+06 6.30489e+06 2.76876e+06 2.15161e+06 2.1461e+06 2.01912e+06 1.94734e+06 1.9006e+06 1.85405e+06 1.78568e+06 1.45877e+06 1.62978e+06 1.399e+06 1.32585e+06 1.21016e+06 1.19324e+06 1.13837e+06 1.12246e+06 1.25303e+06 1.29035e+06 1.06397e+06 1.05448e+06 1.04218e+06 999283 945240 902828 835159 1.01216e+06 809852 799585 775408 709087 651298 680044 647417 941502 589382 767956 581623 489209 391435 325841 308313 273261 263643 160112 148544 82778.4
threshold=1329.1249317153095 2452.0930720639471 822.73278426324293 0.40981496607995499 -0.9829629131445341 -0.70710678118654757 0.1969881678844059 0.061103692654164939 0.45361769643004052 0.07815191598035949 0.77801816635117094 -153.40499999999994 0.11435718832699983 -0.12940952255126034 414.58249712783203 478.88074020182006 0.14028351398216801 29065.460000000003 1.0000000180025095e-35 0.52356860114157244 299.42770225776047 0.55165511270234202 0.98296291314453432 34131.285833333335 190.30317605116554 29122.735000000004 0.072685762502581491 23379.125000000004 8.3673290000000016 -0.9829629131445341 -0.5 122.50174227938511 694.83952788758404 0.090513131075907902 1.5000000000000002 881.41584246856416 33396.630000000012 -0.70710678118654735 0.60355339059327384 0.098427265406220973 18.810450000000003 462.65656446054874 36716.025000000009 0.22920403930075578 19.249950000000002 30294.500000000004 2020.129556450031 0.96592582628906831 2077.478831511326 0.13309314721995116 0.093131103257604084 467.83829691191676 76.837211705116545 0.81174490092936691 38427.045833333344 0.45793677683434014 -0.70710678118654757 0.42417861261953582 667.49923971526641 235.16222203005535 1.5000000000000002
decision_type=2 2 2 2 2 2 2 2 2 2 2 2 2 2 2 2 2 2 2 2 2 2 2 2 2 2 2 2 2 2 2 2 2 2 2 2 2 2 2 2 2 2 2 2 2 2 2 2 2 2 2 2 2 2 2 2 2 2 2 2 2
left_child=2 7 23 4 16 25 22 20 9 -6 18 41 27 14 37 33 42 -8 26 -17 45 -16 -7 30 52 -5 -9 -12 -10 60 31 32 -1 -15 -20 -14 -27 -13 44 40 -22 49 -3 -40 -32 59 -47 48 -43 50 -4 -31 58 -33 -54 -51 -41 -49 -25 -2 -26
right_child=1 3 11 5 8 6 17 10 28 -11 12 13 35 15 21 19 -18 -19 34 -21 39 -23 -24 24 29 36 -28 -29 -30 51 38 53 -34 -35 -36 -37 -38 -39 43 56 -42 47 -44 -45 -46 46 -48 57 -50 55 -52 -53 54 -55 -56 -57 -58 -59 -60 -61 -62
leaf_value=-7.4077776459042948 -9.459801693870908 -11.21659989674886 -11.679459598425662 -20.848620232476129 16.076635043636156 8.0344361629549059 -25.479286007351348 -11.082939637066568 17.808965296311811 10.036279886420854 -17.629724983547046 -4.5150807238987518 -2.370546855131785 3.2320150589816001 -5.4952899767152772 21.236480373704289 -24.838970230765963 -0.53035789849328208 -6.296116051924856 3.7977139751020683 11.631585468909016 1.1498583744885569 17.178320097557702 -3.3181320268468086 -3.8858810424804688 13.083214031401136 1.0331710709427757 0.87114224651172967 32.452823836382699 -6.2405864417034653 -3.09007949880605 -5.1589520112930147 -18.062757549285887 -0.10069651551803216 -25.62332849038614 6.3930044710194398 -6.1415686883830061 -19.77118002205841 -4.7145407999559579 10.266322070035066 -4.8079261139460971 -3.1140188559109734 5.097822193165416 6.6432799794123722 3.7731715125266954 4.1339600362818389 8.4254096793301532 -2.7808985314002403 -19.985678835782139 -21.293994798660279 7.9237759653727213 7.258358696237881 -2.5541705098618634 -1.0616926476729638 0.070651941970302473 -8.5469981352488205 21.558361202875773 7.0395869660810995 -7.2850894392782184 0.052993292375044389 -10.740736283522386
leaf_weight=421 20 23 32 35 947 1665 26 72 87 1001 22 34 95 1531 311 82 22 121 37 82 183 1936 149 3819 23 20 277 1400 67 22 3858 1725 88 1022 36 957 98 120 4121 21 27 595 96 38 98 761 345 25 21 31 20 198 827 164 477 23 65 54 66 21 25
leaf_count=421 20 23 32 35 947 1665 26 72 87 1001 22 34 95 1531 311 82 22 121 37 82 183 1936 149 3819 23 20 277 1400 67 22 3858 1725 88 1022 36 957 98 120 4121 21 27 595 96 38 98 761 345 25 21 31 20 198 827 164 477 23 65 54 66 21 25
internal_value=0.0105677 6.59716 -2.60632 9.83264 12.8008 6.6788 7.75203 3.34674 13.8236 12.9795 1.72688 0.304451 2.71188 0.955006 -0.848291 2.5483 -2.43666 -5.08544 -4.04054 12.593 6.59424 0.22809 8.79456 -3.68509 -2.62295 -7.03778 -1.49095 0.572724 24.3483 3.45115 -4.23612 -5.7579 -9.2817 1.89837 -16.0448 5.60012 -2.80057 -16.4538 -3.78577 12.304 9.50516 -3.84829 1.87742 -4.60919 -2.91915 5.11131 5.47901 -2.84593 -3.72065 -10.3323 -4.13251 5.88633 -2.93727 -4.80398 -1.5947 -16.1188 18.9507 3.93592 -3.38738 -4.70214 -7.60245
internal_weight=30585 8696 21889 4357 2243 2114 1961 4339 2102 1948 2896 5919 2474 5118 2401 2717 141 147 422 164 1443 2247 1814 15970 5457 153 349 1422 154 268 10513 2398 509 2553 73 1052 118 154 8115 296 210 801 119 4159 3956 1147 1106 695 616 106 52 220 5189 1889 1304 54 86 79 3885 41 48
internal_count=30585 8696 21889 4357 2243 2114 1961 4339 2102 1948 2896 5919 2474 5118 2401 2717 141 147 422 164 1443 2247 1814 15970 5457 153 349 1422 154 268 10513 2398 509 2553 73 1052 118 154 8115 296 210 801 119 4159 3956 1147 1106 695 616 106 52 220 5189 1889 1304 54 86 79 3885 41 48
is_linear=0
shrinkage=0.08


Tree=31
num_leaves=58
num_cat=0
split_feature=18 18 27 18 30 4 28 26 12 1 7 28 9 18 28 21 7 21 28 38 8 1 28 23 12 21 24 39 16 26 39 8 26 23 26 12 1 31 12 15 46 0 1 14 27 1 4 7 7 18 18 0 46 8 18 8 21
split_gain=6.97736e+07 1.47752e+07 7.30622e+06 5.26078e+06 5.35151e+06 4.74601e+06 3.49006e+06 3.34628e+06 2.89399e+06 2.74995e+06 2.06809e+06 2.00063e+06 1.99202e+06 1.90436e+06 1.79567e+06 1.69231e+06 1.65723e+06 2.28586e+06 1.711e+06 2.66789e+06 1.6549e+06 1.56668e+06 1.54572e+06 2.83299e+06 1.54763e+06 1.37317e+06 1.32262e+06 1.31031e+06 1.29659e+06 1.28739e+06 1.1857e+06 1.04717e+06 1.01937e+06 973750 925398 844237 914433 822320 757318 736155 723700 691779 690488 640933 568432 559557 542917 536780 507298 503446 480852 448358 435646 349729 317456 164452 126245
threshold=1627.9255476811095 933.38103525368763 -0.70710678118654735 2548.6437464042765 0.81174490092936691 0.95345179898211219 1.0000000180025095e-35 32611.546666666673 0.11836566857233882 0.10659098059708945 24980.067500000005 0.98296291314453432 327.29167860000001 2228.4778661858099 0.96592582628906831 916.97032307219035 28202.850833333338 168.64299019155453 -0.60355339059327384 8.0380085000000019 739.3636290339058 0.055680606748290042 -0.5 33725.500000000007 0.14853574384079021 1122.3403590268729 28290.905000000002 4.1971535000000015 1234.7430767968854 31540.662291666671 5.872769850000001 338.37106591708442 32611.546666666673 42308.500000000007 31540.662291666671 0.10453569373549254 0.093726962052257792 -0.24999999999999997 0.17026707412268807 4.2441666666666675 7.2919500000000008 0.31359881212852242 0.11658082995994952 0.49378626564109918 -0.5 0.14844847440593664 1.1490103007456951 20008.381666666672 20886.31833333334 489.05967234857729 1827.0680963295231 0.4805678920291892 18.358250000000002 464.32489651588804 429.47418708519177 1.2505422139597933 260.21561623548189
decision_type=2 2 2 2 2 2 2 2 2 2 2 2 2 2 2 2 2 2 2 2 2 2 2 2 2 2 2 2 2 2 2 2 2 2 2 2 2 2 2 2 2 2 2 2 2 2 2 2 2 2 2 2 2 2 2 2 2
left_child=1 10 13 4 5 15 26 -7 9 28 31 -8 44 29 20 -4 18 34 37 -20 21 -5 23 -14 -24 33 -6 -19 41 -2 -30 40 -15 -11 -18 36 -34 -10 42 51 56 -3 -31 53 49 -37 -22 -42 -45 -12 -40 -16 -41 -33 -46 -27 -1
right_child=2 8 3 14 6 7 11 -9 16 25 12 -13 22 32 39 -17 17 27 19 -21 46 -23 24 -25 -26 55 -28 -29 30 38 -32 43 35 -35 -36 45 -38 -39 50 52 47 -43 -44 48 54 -47 -48 -49 -50 -51 -52 -53 -54 -55 -56 -57 -58
leaf_value=-11.395790386646986 23.929876552483975 5.0615803590703896 -13.545515280184539 11.599846564396696 37.132184612567606 -9.0822668429288012 3.1114975697349236 5.1612728753617061 -21.758889699300131 -4.9159194758643245 -2.9878312325260645 27.100604980468752 -14.744289549138367 29.608143487745714 17.975183874198368 -1.5930793665081675 31.552338429203743 -9.7549893531799317 -1.1641103685469856 12.425739978072992 15.548771854256684 4.8640557860397715 -0.3762924658649921 -1.9153879434814487 6.7248013578497847 8.9465909452696106 17.4631456960241 4.9607923962970197 -13.406213052683864 9.8388981145365051 2.9009419563440977 -12.323750516718086 14.543511849018198 2.0115777818044025 11.171734893253872 22.262330538121663 5.8936395874023439 -3.584048036204444 10.884050626414162 29.229891085815431 -8.5501144812657284 -0.92126403391759115 4.804330190420151 -14.22090688491479 -4.6088363366761635 10.195528945922852 30.49967937762921 -4.0682889580720518 -2.2426113547597613 -0.55116325325106985 23.10612329431482 2.1701734633672807 15.801741282145183 -24.248906941731772 -3.4616280338276635 2.6969380387720072 -5.1794342675702332
leaf_weight=127 38 134 91 486 25 109 206 2681 29 985 3495 24 118 30 27 433 26 39 440 116 52 409 1345 1492 229 36 191 1314 28 536 1894 43 410 149 34 122 99 35 55 49 194 1476 263 38 2116 34 25 1463 55 643 36 20 29 29 5850 105 28
leaf_count=127 38 134 91 486 25 109 206 2681 29 985 3495 24 118 30 27 433 26 39 440 116 52 409 1345 1492 229 36 191 1314 28 536 1894 43 410 149 34 122 99 35 55 49 194 1476 263 38 2116 34 25 1463 55 643 36 20 29 29 5850 105 28
internal_value=0.00948457 -1.9717 7.37849 5.82354 4.39932 3.28986 12.6174 4.60175 1.1749 0.104545 -3.21831 5.72119 -2.90309 12.0254 10.6966 -3.69064 3.70443 5.21652 0.255469 1.6884 9.51744 8.53057 -1.12214 -2.86421 0.660454 -3.07873 19.9003 4.52972 1.25421 9.63351 2.65653 -5.6532 15.2007 -4.00472 20.3758 14.5073 12.876 -12.0276 8.99693 19.7177 -5.09217 -0.42048 8.18979 -11.7465 -3.37144 19.7141 20.7318 -4.59786 -7.23619 -2.60942 15.9178 11.435 24.5006 -17.3933 -3.7669 4.34436 -10.3132
internal_weight=30585 24105 6480 4857 3760 3314 446 2790 6840 4807 17265 230 15288 1623 1097 524 2033 1413 620 556 972 895 3184 1610 1574 1275 216 1353 3532 928 1922 1977 695 1134 60 665 509 64 890 125 1812 1610 799 165 12104 156 77 1657 93 4138 91 47 78 72 7966 141 155
internal_count=30585 24105 6480 4857 3760 3314 446 2790 6840 4807 17265 230 15288 1623 1097 524 2033 1413 620 556 972 895 3184 1610 1574 1275 216 1353 3532 928 1922 1977 695 1134 60 665 509 64 890 125 1812 1610 799 165 12104 156 77 1657 93 4138 91 47 78 72 7966 141 155
is_linear=0
shrinkage=0.08


Tree=32
num_leaves=57
num_cat=0
split_feature=17 22 21 0 28 28 1 1 10 1 4 0 12 27 18 1 12 20 21 34 29 20 9 22 27 20 28 20 12 8 7 15 18 12 20 27 25 28 45 21 36 1 5 24 2 4 41 21 18 22 1 9 1 12 13 22
split_gain=5.97757e+07 1.03643e+07 7.71857e+06 4.98832e+06 4.50714e+06 3.82113e+06 3.23632e+06 2.86989e+06 2.2545e+06 2.07166e+06 2.0108e+06 1.91039e+06 1.88804e+06 1.84746e+06 1.9517e+06 1.79693e+06 1.69739e+06 1.65694e+06 1.5945e+06 1.51167e+06 1.38504e+06 2.90083e+06 1.59562e+06 1.38144e+06 1.10856e+06 1.39507e+06 1.11398e+06 1.28333e+06 1.0933e+06 1.08228e+06 1.0488e+06 968693 935526 1.02517e+06 930065 926458 861218 812515 1.71311e+06 1.01092e+06 778575 720411 701509 695858 540040 497739 440251 439428 430454 382576 481620 401927 377621 306661 273767 92218.6
threshold=1329.1249317153095 2452.0930720639471 587.00992519963893 0.40981496607995499 -0.9829629131445341 -0.70710678118654757 0.1969881678844059 0.061103692654164939 0.45361769643004052 0.07815191598035949 0.77801816635117094 0.46662214522514028 0.11435718832699983 -0.5 519.67329902536756 0.14028351398216801 0.13019468364130302 1975.0399727857784 1168.0946787817895 1.0000000180025095e-35 -1.0000000180025095e-35 812.08905958335674 361.94564020000007 2020.129556450031 -0.5 1830.9692700948392 0.96592582628906831 1638.6189306971162 0.072685762502581491 209.63940574600554 29122.735000000004 148.1204166666667 2374.987419907327 0.028228882230358809 1442.8842890310623 0.60355339059327384 33396.630000000012 0.1294095225512602 9.4992000000000001 59.19966180398945 1.5000000000000002 0.069201051545509221 0.048512508666953079 36716.025000000009 0.49558623179757766 1.0750110067229983 11.158458500000002 1.4421748678660398 1644.3070796693785 2770.5900481868371 0.07321173789992147 598.43722000000014 0.076001204558575591 0.14033902622742991 0.55698242668936826 1685.5926952671336
decision_type=2 2 2 2 2 2 2 2 2 2 2 2 2 2 2 2 2 2 2 2 2 2 2 2 2 2 2 2 2 2 2 2 2 2 2 2 2 2 2 2 2 2 2 2 2 2 2 2 2 2 2 2 2 2 2 2
left_child=2 7 13 4 15 30 16 23 9 -6 19 -8 29 14 47 43 -7 20 24 28 21 -15 -22 44 25 41 27 -26 -9 -12 -5 -21 49 -34 -14 -10 -32 39 -39 -16 53 -4 -35 -3 55 -42 -46 52 -28 51 -51 -20 -1 -25 -49 -2
right_child=1 3 18 5 8 6 11 10 35 -11 12 -13 34 17 37 -17 -18 -19 32 31 22 -23 -24 40 26 -27 48 -29 -30 -31 36 -33 33 42 -36 -37 -38 38 -40 -41 45 -43 -44 -45 46 -47 -48 54 -50 50 -52 -53 -54 -55 -56 -57
leaf_value=0.33572462428699845 -1.1831920802593232 -11.08439859867096 4.0564385845000777 -18.521454993353952 13.872691139940974 6.1851854240403155 7.7451262141209023 -10.258055017789204 17.494018651994608 8.6310539369145314 3.0827337575969764 -11.36489370968877 2.0737064138465455 -3.9379660242853065 -15.344886489375945 -23.295299443783964 12.190154514710109 -19.856037458419802 2.6888387542330192 -19.485667458274147 -3.2796290828798393 -10.721166904606262 0.30307801894160408 11.224228283243443 -0.84473568859962911 21.70487762451172 2.645476921543521 -7.7030749569547936 0.80493281610578082 -1.4240594226503984 11.862278881981261 1.0246582558041528 -4.1834621637517753 19.833764111836754 6.8875634048474552 32.390528773257607 -5.9876094070588701 0.47604938844941103 9.7474011794628534 -0.60531045297050601 5.2816904678781826 -0.084953154832375158 2.4014413016183038 4.1320214941575353 4.6873327031214123 11.579455341952187 -3.1523968568140148 -1.0683893594184606 14.20237990292636 7.4265780784970241 -7.1629920947298089 8.6984508551674331 -12.259141126459294 19.376750184764031 -2.9092577425178088 -8.4884598888050427
leaf_weight=21 23 23 490 35 947 1431 50 71 117 1001 565 97 449 4476 30 22 383 39 404 54 5641 443 926 108 2459 22 352 187 277 857 20 20 21 59 603 37 98 587 162 760 299 594 20 96 788 111 48 613 21 20 46 86 54 45 3356 21
leaf_count=21 23 23 490 35 947 1431 50 71 117 1001 565 97 449 4476 30 22 383 39 404 54 5641 443 926 108 2459 22 352 187 277 857 20 20 21 59 603 37 98 587 162 760 299 594 20 96 788 111 48 613 21 20 46 86 54 45 3356 21
internal_value=0.00943352 5.6202 -2.21975 8.37603 11.0043 5.58346 6.53387 2.85164 11.9328 11.185 1.39843 -4.85647 2.26919 -3.01387 -1.81892 -2.82402 7.45907 -3.59252 0.621898 -3.69977 -3.53558 -4.55091 -2.77447 5.76515 0.0388886 2.2045 -0.754941 -1.33216 -1.4751 0.367522 -6.56128 -14.0026 4.28229 11.3705 4.8369 21.2589 -2.88795 0.605461 2.49166 -1.18373 8.85847 1.78909 15.5057 1.12317 3.77831 7.01072 4.23398 -2.74147 3.33237 2.9893 -2.69705 3.75915 -8.77456 13.7323 -2.62528 -4.78095
internal_weight=30585 8696 21889 4357 2243 2114 1961 4339 2102 1948 2896 147 2474 17108 5583 141 1814 11525 4781 422 11486 4919 6567 1443 4125 1106 3019 2646 348 1422 153 74 656 100 1052 154 118 1539 749 790 563 1084 79 119 880 410 836 4044 373 556 66 490 75 153 3969 44
internal_count=30585 8696 21889 4357 2243 2114 1961 4339 2102 1948 2896 147 2474 17108 5583 141 1814 11525 4781 422 11486 4919 6567 1443 4125 1106 3019 2646 348 1422 153 74 656 100 1052 154 118 1539 749 790 563 1084 79 119 880 410 836 4044 373 556 66 490 75 153 3969 44
is_linear=0
shrinkage=0.08


Tree=33
num_leaves=58
num_cat=0
split_feature=17 22 21 7 7 28 37 28 22 8 25 3 17 19 22 7 7 28 20 19 32 19 46 46 12 4 36 46 21 37 12 8 7 19 3 28 2 28 23 18 12 15 2 19 7 6 28 14 12 15 2 3 2 18 10 6 22
split_gain=5.06025e+07 9.1186e+06 6.53824e+06 4.69937e+06 4.27941e+06 5.98122e+06 3.34901e+06 3.2831e+06 2.75919e+06 2.71481e+06 2.95302e+06 2.18085e+06 2.03638e+06 1.95923e+06 1.91564e+06 1.71903e+06 1.67232e+06 2.04826e+06 3.33221e+06 3.26321e+06 2.46847e+06 1.73128e+06 1.69735e+06 1.6589e+06 1.48155e+06 1.42499e+06 1.36654e+06 1.36476e+06 1.358e+06 1.24609e+06 987921 1.28534e+06 1.11224e+06 1.61796e+06 1.02444e+06 840128 819535 860194 816402 767126 871317 753394 732557 695156 694310 692126 636861 630175 618247 574294 417404 380143 613276 541966 379651 264039 102347
threshold=1329.1249317153095 3097.2802626377347 587.00992519963893 25539.136666666669 35668.942500000012 -0.70710678118654757 324.50000000000006 -0.9159756150367534 2396.659280933583 709.52667636726585 29789.480000000003 1.6999550330318913 2055.8953207150594 509.51803386083446 3040.5925324717869 34589.018333333341 35025.419166666674 0.1294095225512602 1330.206378241586 425.07594124034773 -0.5 190.30317605116554 25.926950000000001 18.136700000000005 0.17488729084455343 1.2000004000016002 2.5000000000000004 18.116850000000003 1223.9729628642706 306.50000000000006 0.092453136774250058 531.8410496750497 28129.700833333336 206.9757618120652 2.0229317428466573 -0.9829629131445341 0.71453929822485762 -0.9159756150367534 28319.500000000004 2374.987419907327 0.028228882230358809 82.982916666666711 0.50147615362879805 76.837211705116545 25324.271666666671 199.99000000000015 -0.9159756150367534 0.45526882445115219 0.070868397228437199 202.30291666666668 0.73080538361714864 1.4133617053066219 0.62942786275475293 1914.5628702879444 0.37726380998297454 -19.999999999999982 473.47498860157583
decision_type=2 2 2 2 2 2 2 2 2 2 2 2 2 2 2 2 2 2 2 2 2 2 2 2 2 2 2 2 2 2 2 2 2 2 2 2 2 2 2 2 2 2 2 2 2 2 2 2 2 2 2 2 2 2 2 2 2
left_child=2 4 16 24 5 6 13 15 35 10 -9 14 -11 -2 -7 41 17 18 26 22 -21 43 -19 -13 38 27 -1 -10 30 -17 31 34 47 -34 -4 54 37 -23 -3 51 -41 -5 -40 56 -20 -42 -8 -32 -37 -27 -38 53 -53 -30 -6 -45 -18
right_child=1 3 28 7 8 11 46 9 25 12 -12 23 -14 -15 -16 29 21 19 44 20 -22 36 -24 -25 -26 49 -28 -29 39 -31 32 -33 33 -35 -36 48 50 -39 42 40 45 -43 -44 55 -46 -47 -48 -49 -50 -51 -52 52 -54 -55 -56 -57 -58
leaf_value=-2.3734264558148603 -6.1431545044203943 0.27481594688013983 -0.8648671188047512 -19.961301552101418 -0.62683184697077832 2.3809561800186074 3.6374373372395832 -4.2897763147354127 14.646673515362448 32.501958391913057 11.65561152016596 15.367440692146147 15.848340048233391 -19.466754013276567 -10.267191967541658 1.274792312743172 -3.4630999623272154 -2.7412216693524019 -11.222919484138488 20.191707065206177 -0.48263296023393287 -4.9930665335856688 9.1393986955667152 5.1888915618571252 10.788464985509073 7.5290906222661338 -5.0407658725834832 7.0396246640048483 2.6476505937467611 15.392049033278127 -0.31182800320134407 -15.164602491855621 0.64977395132653359 6.7852753117023656 16.098208060886549 2.7775814148180542 19.918580964187097 5.5151764548818267 -25.068422283759482 -3.8639978166060014 3.7079652704511368 -0.46119653320312504 -7.4371787223815922 -2.4685322385855195 -23.809937365214033 19.607083175947082 23.800365440731959 -7.8065990177968914 5.8607630682113632 23.863586386940696 5.3533617553710942 4.0801471236287332 19.233169483003163 -6.9719840431213385 -12.770977478027344 -0.081380079675083386 -2.3769904744034203
leaf_weight=1875 235 37 2461 26 77 2590 20 79 178 57 1144 125 286 101 78 125 719 6061 59 70 77 70 77 562 30 20 3585 1011 350 58 372 39 761 430 22 797 28 167 25 21 27 24 39 382 59 52 20 88 878 54 24 97 20 41 20 1314 2541
leaf_count=1875 235 37 2461 26 77 2590 20 79 178 57 1144 125 286 101 78 125 719 6061 59 70 77 70 77 562 30 20 3585 1011 350 58 372 39 761 430 22 797 28 167 25 21 27 24 39 382 59 52 20 88 878 54 24 97 20 41 20 1314 2541
internal_value=0.00886412 5.17119 -2.04215 10.0207 3.7866 1.97117 -7.58408 11.0857 6.01696 12.4034 10.623 3.04398 18.7023 -10.194 2.00747 2.21483 -2.77303 -3.29898 -4.4149 -2.30806 9.4322 -1.58305 -2.59072 7.06053 -4.57864 8.87378 -4.12539 8.18979 0.573212 5.80845 0.0581826 -0.937625 1.57898 2.86878 -0.70815 3.9769 4.42591 2.40354 -9.20415 4.10221 10.4752 -10.7938 -14.6041 -1.93428 -17.6636 14.2875 14.0535 -1.75943 4.39625 19.6081 13.424 2.82957 6.81145 1.62373 -3.23555 -0.62019 -2.61752
internal_weight=30585 8696 21889 1930 6766 3731 376 1799 3035 1566 1223 3355 343 336 2668 233 17108 11863 5578 6285 147 5245 6138 687 131 1263 5460 1189 4781 183 4173 2522 1651 1191 2483 1772 289 237 101 608 100 50 64 4956 118 79 40 460 1675 74 52 508 117 391 97 1696 3260
internal_count=30585 8696 21889 1930 6766 3731 376 1799 3035 1566 1223 3355 343 336 2668 233 17108 11863 5578 6285 147 5245 6138 687 131 1263 5460 1189 4781 183 4173 2522 1651 1191 2483 1772 289 237 101 608 100 50 64 4956 118 79 40 460 1675 74 52 508 117 391 97 1696 3260
is_linear=0
shrinkage=0.08


Tree=34
num_leaves=53
num_cat=0
split_feature=16 18 1 28 22 26 4 25 22 24 13 36 21 28 26 30 8 4 37 7 15 21 4 8 22 5 28 45 1 22 22 9 20 38 46 18 28 38 22 4 8 28 18 4 30 3 37 14 45 46 15 22
split_gain=4.3692e+07 9.35734e+06 4.51911e+06 3.80767e+06 3.40578e+06 2.90576e+06 2.72479e+06 2.68068e+06 3.01955e+06 2.17188e+06 1.99479e+06 1.90613e+06 2.58609e+06 1.85753e+06 3.50413e+06 1.85738e+06 1.81156e+06 1.81416e+06 1.74257e+06 1.71691e+06 1.49466e+06 2.50925e+06 1.44584e+06 1.43114e+06 1.40873e+06 1.40165e+06 1.27854e+06 1.60391e+06 1.2931e+06 1.26982e+06 1.2454e+06 1.19029e+06 1.06835e+06 1.94496e+06 1.04199e+06 1.01373e+06 878352 869109 795054 755713 694470 613610 604302 598219 588224 532779 480592 449554 431848 388302 233293 157918
threshold=1562.9693154448792 951.10093999420133 0.068051304740325322 -0.9159756150367534 2999.2630834600254 42691.277708333342 0.94799844612427886 29906.855000000007 2452.0930720639471 38119.910000000011 0.59800355556295703 2.5000000000000004 414.58249712783203 -0.37940952255126009 35716.805208333339 0.81174490092936691 739.3636290339058 0.95787064569029223 290.50000000000006 23768.352500000005 279.5800000000001 1055.7286535888677 1.1025544606348257 867.10914946797095 1379.0494415123605 0.0122370120381736 1.0000000180025095e-35 18.852700000000002 0.086679291276755735 3130.9621870995857 2038.7197985749833 798.60990855000011 2348.8545393857171 5.5372485000000013 9.8213500000000025 1024.2192067774672 0.37940952255126043 8.7237712500000022 1988.931105982213 1.0750110067229983 614.42196075951949 0.1294095225512602 567.27207885811674 0.96555934699739054 0.81174490092936691 1.378064875178884 147.50000000000003 0.51951342354853058 18.132100000000005 25.926950000000001 -215.25062499999993 2901.73681873552
decision_type=2 2 2 2 2 2 2 2 2 2 2 2 2 2 2 2 2 2 2 2 2 2 2 2 2 2 2 2 2 2 2 2 2 2 2 2 2 2 2 2 2 2 2 2 2 2 2 2 2 2 2 2
left_child=1 19 4 9 31 20 15 29 -9 10 -4 23 13 35 -15 18 17 -14 -5 24 21 -6 40 26 43 -22 27 -3 -28 -8 34 32 39 -34 47 -13 37 -25 -36 -2 -11 -17 -26 46 48 -24 -1 -21 -33 -45 -44 -46
right_child=2 11 3 6 5 -7 7 8 -10 22 -12 12 16 14 -16 41 -18 -19 -20 30 25 -23 45 36 42 -27 28 -29 -30 -31 -32 44 33 -35 38 -37 -38 -39 -40 -41 -42 -43 50 49 51 -47 -48 -49 -50 -51 -52 -53
leaf_value=-7.6224609934885414 5.3997977886120321 5.5302635918902174 -0.22760171813964847 -0.25914746968886432 -12.778113670349121 36.754968905131022 1.7545203952446671 2.9118905861960518 8.699138723650881 -6.1993799841954162 -30.360757545022402 -5.0241907585991754 -4.4599043073095377 3.4073999390235317 -31.741344773552633 22.839406636555992 19.846379969278971 0.84261024051238764 -13.735747525978088 -2.9169149407618526 0.75765828450520833 10.559189139644712 -2.381735192846369 29.882398933263925 -1.6120477936484596 19.666734715511925 2.9126806649691885 -0.25009413342092229 -1.776374053456425 -10.667074298425154 14.273743785989696 14.463234555020051 7.4876000284859634 -4.8534696814601803 -1.382151734237655 -24.371163948604039 2.7711998355749881 7.5259852600097661 -14.231669348439862 9.9529387843608852 7.7522829495943508 6.3325037099800863 -24.393918845436787 -3.2302815891771046 13.353328634408804 11.002660564534803 -2.6793904269679212 -0.4166042797047691 6.3836588420242562 4.9347516975402836 -14.090025284808615 23.326234414988548
leaf_weight=448 957 1050 24 339 30 29 166 899 1617 194 33 26 479 103 21 20 29 2955 74 9919 29 682 26 25 21 189 740 434 764 76 28 67 164 161 5643 55 32 21 30 311 25 50 21 571 25 67 177 483 121 39 68 28
leaf_count=448 957 1050 24 339 30 29 166 899 1617 194 33 26 479 103 21 20 29 2955 74 9919 29 682 26 25 21 189 740 434 764 76 28 67 164 161 5643 55 32 21 30 311 25 50 21 571 25 67 177 483 121 39 68 28
internal_value=0.00850084 -1.54744 5.8841 4.01286 8.30041 12.1644 4.88953 5.85993 6.63326 -3.67946 -17.8958 0.985578 -0.245022 -8.95329 -2.75152 -0.652285 0.27292 0.101893 -2.70119 -2.52505 11.359 9.55933 -1.03337 2.4574 -5.2705 17.1663 2.17561 3.84075 0.531143 -2.17432 -2.29543 6.27437 5.47523 1.37789 -2.32517 -18.298 13.0881 20.0535 -1.4526 6.5235 -4.57873 11.304 -13.913 -4.49009 11.5122 7.27526 -6.2291 -2.80087 9.32437 -2.70103 -16.7653 18.9564
internal_weight=30585 24182 6403 3610 2793 959 3241 2758 2516 369 57 6734 3668 205 124 483 3463 3434 413 17448 930 712 312 3066 1345 218 2988 1484 1504 242 16103 1834 1593 325 16075 81 78 46 5673 1268 219 70 110 1235 241 93 625 10402 188 610 89 53
internal_count=30585 24182 6403 3610 2793 959 3241 2758 2516 369 57 6734 3668 205 124 483 3463 3434 413 17448 930 712 312 3066 1345 218 2988 1484 1504 242 16103 1834 1593 325 16075 81 78 46 5673 1268 219 70 110 1235 241 93 625 10402 188 610 89 53
is_linear=0
shrinkage=0.08


Tree=35
num_leaves=62
num_cat=0
split_feature=22 16 1 12 1 3 2 4 12 38 17 12 15 30 23 3 15 17 1 12 22 12 1 45 29 12 22 3 8 1 17 4 44 8 15 8 22 4 24 12 16 12 5 5 22 38 2 22 16 23 20 30 23 17 17 37 17 6 29 38 30
split_gain=3.70386e+07 7.25681e+06 5.69514e+06 3.59712e+06 4.74732e+06 3.95396e+06 3.14907e+06 2.46193e+06 2.2246e+06 2.17608e+06 2.39566e+06 2.07913e+06 2.0702e+06 1.7341e+06 2.09886e+06 1.7224e+06 1.63369e+06 1.58356e+06 1.52688e+06 1.82304e+06 1.71085e+06 1.56793e+06 1.55641e+06 1.51597e+06 1.33274e+06 1.20222e+06 1.20792e+06 1.14312e+06 1.06034e+06 1.05671e+06 1.38811e+06 958205 954046 934682 929734 796113 781753 777360 820232 693835 1.11704e+06 690278 654292 610251 600504 585565 567201 667828 557231 526713 521982 583364 496058 584327 479384 447812 409881 382490 322089 281193 231602
threshold=2026.5888750965628 822.73278426324293 0.07815191598035949 0.099132617910698564 0.19305214367951343 2.5750175502600348 0.58405734446265456 0.98041209508881944 0.17026707412268807 7.9717285500000008 2536.291659429196 0.10053895612006573 376.86875000000015 0.81174490092936691 28804.500000000004 1.1795887242912435 -178.60520833333334 989.6331025328036 0.13006485369619034 0.081658484315049809 1685.5926952671336 0.1312770455686216 0.059528773834004955 17.347400000000004 1.0000000180025095e-35 0.10670959494413586 3424.9495614618859 1.2524231056641475 311.59924285531133 0.088712721830419325 910.35760903550988 1.1346669206503741 6.5532410000000008 472.40360327348986 -178.60520833333334 190.32265598242734 1411.1467019902527 0.10055000000000001 28058.465 0.18311622431001986 1627.7543623828017 0.10670959494413586 0.032303034951295335 0.070134199985901244 1246.0111842058309 3.3987086500000006 0.71646273088367252 888.40424666436536 2396.8939039273037 31118.000000000004 711.02202977628133 0.81174490092936691 25773.000000000004 1627.7543623828017 331.65594811364673 293.50000000000006 1374.6770639519916 769.50000000000011 -1.0000000180025095e-35 5.7639892500000007 -0.56174490092936669
decision_type=2 2 2 2 2 2 2 2 2 2 2 2 2 2 2 2 2 2 2 2 2 2 2 2 2 2 2 2 2 2 2 2 2 2 2 2 2 2 2 2 2 2 2 2 2 2 2 2 2 2 2 2 2 2 2 2 2 2 2 2 2
left_child=1 29 6 5 7 13 11 16 -9 24 -11 12 17 15 -15 -4 -5 -2 19 22 36 31 27 -23 -6 26 34 -3 44 30 46 -22 59 -14 -8 -24 45 49 -39 40 -13 50 58 -30 -21 -20 57 -48 -44 -32 54 -52 60 -54 -31 -34 -38 -1 -27 -7 -43
right_child=2 18 3 4 9 32 25 8 -10 10 -12 39 33 14 -16 -17 -18 -19 20 28 21 23 35 -25 -26 42 -28 -29 43 41 37 -33 55 -35 -36 -37 56 38 -40 -41 -42 52 48 -45 -46 -47 47 -49 -50 -51 51 -53 53 -55 -56 -57 -58 -59 -60 -61 -62
leaf_value=-2.2845335655737955 -7.3105630399892618 0.50937676879974125 -17.795421465305573 7.1786118091236464 -14.1907570263518 9.3533723765406123 3.852290963360653 6.26611543618779 13.207674899531487 -1.4741096958335564 18.640516402873587 2.4989729768296947 5.3361027836799622 -11.578435303370158 10.074829602845957 -2.1329012978386421 -3.9403106280801379 3.6826443970380005 2.4016087041943281 -0.29910696484335703 -8.1345898264864065 15.38994855326991 -0.29119871971156075 -5.2448094806005789 -0.33631835917838743 2.2293029724121096 24.642822184562682 4.8173514455633741 6.8838767045119713 -6.8278000516828117 -13.358493932526688 -21.312935168207911 11.390131795631264 26.265166331397165 9.7041278885356839 -3.89500605415836 -0.35506383340835568 12.980742983324774 2.4213128310091356 23.388028926142937 13.39669118522939 -2.8759648278554284 23.080149127161782 20.37662109375 3.2061116638228948 -3.1807459528638864 -0.12510609825015506 11.469216304355198 11.623885245945145 2.5724502429962159 -8.6730087553544486 0.86805128097534179 -2.3559828103876415 6.648644217633187 -3.416769182547307 22.757515923394099 4.1357632775341759 7.6338095092773441 12.949724017056552 -1.6476771865352506 -9.3244576013966611
leaf_weight=9737 90 1811 46 142 118 28 206 1158 398 195 46 91 23 35 141 1039 206 1079 150 397 136 30 945 85 71 24 31 503 173 300 28 48 52 35 1176 670 249 57 254 26 180 59 85 24 1471 593 272 35 45 24 274 48 2650 46 2211 44 271 24 76 30 94
leaf_count=9737 90 1811 46 142 118 28 206 1158 398 195 46 91 23 35 141 1039 206 1079 150 397 136 30 945 85 71 24 31 503 173 300 28 48 52 35 1176 670 249 57 254 26 180 59 85 24 1471 593 272 35 45 24 274 48 2650 46 2211 44 271 24 76 30 94
internal_value=0.00802914 -1.49687 5.15781 3.04656 4.97535 -0.136204 7.6553 6.68934 8.049 -2.61192 2.42636 5.03068 3.57134 -1.61712 5.7277 -2.81271 0.60429 2.83076 0.548654 1.12919 -1.67837 -7.10913 0.117535 0.224438 -9.01534 10.0853 9.19926 1.44749 3.05303 -2.45607 -1.97757 -11.669 11.9222 18.1968 8.83527 -1.78776 -0.3881 2.87701 4.39204 11.0275 9.75995 -3.33402 15.4652 8.62227 2.4614 -2.05204 -2.15287 1.22967 19.2335 -6.09594 -4.21863 -7.25245 -2.45319 -2.19993 -3.82686 16.7811 1.98879 -2.25937 10.4244 3.73169 -6.87261
internal_weight=30585 23669 6916 3749 2334 1415 3167 1904 1556 430 241 1524 1227 1261 176 1085 348 1169 7556 5994 1562 299 3929 115 189 1643 1413 2314 2065 16113 10431 184 154 58 1382 1615 1263 363 311 297 271 5682 230 197 1868 743 10068 307 130 52 2833 322 2849 2696 2511 96 520 9761 100 58 153
internal_count=30585 23669 6916 3749 2334 1415 3167 1904 1556 430 241 1524 1227 1261 176 1085 348 1169 7556 5994 1562 299 3929 115 189 1643 1413 2314 2065 16113 10431 184 154 58 1382 1615 1263 363 311 297 271 5682 230 197 1868 743 10068 307 130 52 2833 322 2849 2696 2511 96 520 9761 100 58 153
is_linear=0
shrinkage=0.08


Tree=36
num_leaves=54
num_cat=0
split_feature=16 17 28 1 12 16 1 19 22 1 26 12 14 26 11 12 1 28 28 22 21 9 23 10 21 37 20 29 8 19 14 26 2 19 12 8 27 22 8 22 17 21 19 5 39 22 9 1 29 7 5 4 19
split_gain=3.17709e+07 6.52651e+06 3.79221e+06 3.39447e+06 3.97703e+06 3.69515e+06 2.84126e+06 3.12553e+06 2.75109e+06 2.56548e+06 2.52317e+06 2.48798e+06 2.02962e+06 1.84176e+06 1.72544e+06 1.67827e+06 1.69491e+06 1.59493e+06 1.53139e+06 1.5067e+06 1.39444e+06 1.28234e+06 1.23926e+06 1.23383e+06 1.2137e+06 1.16844e+06 1.13613e+06 1.38034e+06 1.12329e+06 946212 935300 869394 853133 1.00657e+06 850345 767356 695428 1.18178e+06 655442 617632 610415 583596 542506 538007 479298 552632 501525 468506 400549 379905 327344 309061 262170
threshold=1562.9693154448792 910.35760903550988 -0.9829629131445341 0.060107392327039592 0.085393524350643984 3005.0980100075335 0.10512061028448023 325.07324323628023 2999.2630834600254 0.12076151691036274 29458.384791666667 0.079925582567519193 0.37621455170331702 29975.995833333338 0.27940417732895545 0.12010409092777369 0.17248759455961213 0.98296291314453432 -0.9159756150367534 1685.5926952671336 1115.0216044341435 553.12650040000005 29655.500000000004 0.37726380998297454 363.97026672894992 176.50000000000003 872.60474151405867 -1.0000000180025095e-35 329.67426219371572 497.39075132390343 0.50165567165667324 32120.220833333333 0.54819474631297505 351.01163321540656 0.073821531143819938 370.05562067166494 -0.37940952255126059 888.40424666436536 435.66904081343336 1705.8731412029367 339.51440598911557 847.53221816027678 631.09926442692938 0.067221114158285564 10.136623750000002 2978.0391442277 804.50777190000019 0.079306453220254175 -0.8783796973249266 42041.411666666674 0.068115941673513994 1.0493275218843252 59.143775037377999
decision_type=2 2 2 2 2 2 2 2 2 2 2 2 2 2 2 2 2 2 2 2 2 2 2 2 2 2 2 2 2 2 2 2 2 2 2 2 2 2 2 2 2 2 2 2 2 2 2 2 2 2 2 2 2
left_child=1 24 20 8 5 14 7 34 32 28 -11 21 35 22 -5 19 -17 -14 -13 -15 25 -9 30 -7 26 -2 29 50 -6 40 -8 -31 33 -4 39 -10 37 52 -34 -3 -1 49 -24 44 46 -46 -22 -36 -39 -38 -28 -43 -26
right_child=2 6 3 4 9 23 13 11 12 10 -12 18 17 15 -16 16 -18 -19 -20 -21 43 -23 42 -25 36 -27 27 -29 -30 31 -32 -33 38 -35 47 -37 41 48 -40 -41 -42 51 -44 -45 45 -47 -48 -49 -50 -51 -52 -53 -54
leaf_value=-4.0073032146363046 -5.0501848207820546 0.60572641137854011 6.0459768430310019 12.164295684723626 5.282902458976297 2.8922682377144144 -11.323193483936544 -5.320841118608203 14.778161343661223 30.404416531649503 3.0483617690657434 -1.9517702126502992 9.905230958229243 -1.5138391140183802 -1.3917825084741722 3.4337531146684102 -2.3896826536430504 31.001189918518069 13.286558502827372 -8.7067229819297793 -7.5062379437312483 6.7586774984714202 -12.205472047979182 14.050739338850674 -2.0344616881221742 -32.025199236188612 -17.62845371781734 4.0741174185872078 10.822612259401517 -1.2412731707537616 7.2553154443811492 20.322404785156252 6.2998320768851306 -1.3873343881460338 3.5854237951582126 36.024344124629579 -2.2215186645365916 -1.5297639250200847 11.941615922267619 -4.0872956764875958 -2.3481047595421929 -1.022784486801728 -31.375219319661461 -12.211018247933223 -1.07748584151268 15.46939058824019 6.2994343367866854 0.4470131546991884 4.5465379020499022 1.2483708544195546 -9.3875151433944701 4.7406012388967698 -0.25568682655168851
leaf_weight=1737 21 1675 290 62 356 107 48 111 21 21 1173 48 686 837 1302 806 529 23 335 239 63 112 21 157 998 20 56 39 703 26 26 21 919 194 1044 28 4905 85 155 200 7809 114 20 28 31 21 22 430 368 210 79 123 1131
leaf_count=1737 21 1675 290 62 356 107 48 111 21 21 1173 48 686 837 1302 806 529 23 335 239 63 112 21 157 998 20 56 39 703 26 26 21 919 194 1044 28 4905 85 155 200 7809 114 20 28 31 21 22 430 368 210 79 123 1131
internal_value=0.00793993 -1.31886 5.01826 5.3734 3.9253 0.911749 0.853051 2.19149 7.7973 6.1015 3.55454 7.47355 11.7507 -1.2426 -0.767137 -0.768534 1.12613 10.6323 11.3767 -3.11812 -5.6397 0.749091 -11.0892 9.55616 -2.11409 -18.6579 -2.71117 -9.10205 8.96709 -2.59431 -4.78591 8.61622 5.8676 3.06979 1.23376 27.3965 -1.37882 -0.30033 7.12441 0.103225 -2.6504 -1.89896 -22.081 -2.31196 -0.214965 5.7707 -3.90131 2.6708 3.40553 -2.07884 -12.9105 1.97569 -1.09008
internal_weight=30585 24182 6403 6197 3881 1628 6481 3955 2316 2253 1194 606 758 2526 1364 2411 1335 709 383 1076 206 223 115 264 17701 41 9767 174 1059 9593 74 47 1558 484 3349 49 7934 2582 1074 1875 9546 5352 41 165 137 52 85 1474 453 5115 135 237 2129
internal_count=30585 24182 6403 6197 3881 1628 6481 3955 2316 2253 1194 606 758 2526 1364 2411 1335 709 383 1076 206 223 115 264 17701 41 9767 174 1059 9593 74 47 1558 484 3349 49 7934 2582 1074 1875 9546 5352 41 165 137 52 85 1474 453 5115 135 237 2129
is_linear=0
shrinkage=0.08


Tree=37
num_leaves=49
num_cat=0
split_feature=17 16 28 22 7 10 28 29 12 27 23 34 26 3 5 8 7 9 10 38 7 22 28 28 45 38 28 7 4 18 16 5 27 12 23 11 24 44 4 5 37 7 27 5 22 28 3 17
split_gain=2.7353e+07 6.12758e+06 3.40705e+06 3.39539e+06 2.8626e+06 2.31717e+06 2.26018e+06 4.07632e+06 2.12753e+06 2.01094e+06 1.94278e+06 1.89394e+06 1.81485e+06 1.77493e+06 1.6586e+06 1.59534e+06 1.64579e+06 1.29107e+06 1.25143e+06 1.2267e+06 1.21134e+06 1.1062e+06 1.17983e+06 1.03022e+06 1.30997e+06 1.00409e+06 890601 886681 882967 838472 767124 767189 723026 694278 677396 665416 626875 607481 592515 531853 479757 442724 435601 424898 343240 331403 151647 151610
threshold=1627.7543623828017 918.90674303651838 -0.9829629131445341 3154.8877572791685 35484.740000000013 0.29380044313451448 -0.12940952255126034 -0.60785761079279388 0.019008711203505151 -0.70710678118654735 31240.500000000004 1.0000000180025095e-35 42691.277708333342 1.2883701351349146 0.11787405149805465 687.70773411900234 42798.356666666674 740.91889215000015 0.35840852379084481 8.9836310000000008 34131.285833333335 1272.0107809581164 -0.9159756150367534 -0.5 19.249950000000002 5.6664435000000006 0.98296291314453432 33561.394166666672 0.95345179898211219 1780.3254619662914 2312.5587359574915 0.11175229113255991 0.37940952255126054 0.14168769429661141 40889.500000000007 0.28581969919402861 37783.790000000001 5.2157857000000005 1.081955050646118 0.05452555179576813 110.50000000000001 27176.583333333336 0.25881904510252091 0.12464035819989767 652.53250766406768 -0.9829629131445341 1.3635344290268736 614.41997219800032
decision_type=2 2 2 2 2 2 2 2 2 2 2 2 2 2 2 2 2 2 2 2 2 2 2 2 2 2 2 2 2 2 2 2 2 2 2 2 2 2 2 2 2 2 2 2 2 2 2 2
left_child=1 20 27 4 5 -4 7 10 -7 30 25 17 14 28 -11 16 -6 -9 -15 -12 23 44 42 24 43 -3 -20 -2 41 32 -5 -32 -25 -30 -17 -24 -13 -29 39 -39 -26 -8 -23 -1 47 -46 -40 -22
right_child=2 6 3 9 15 8 13 11 -10 12 19 36 -14 18 -16 34 -18 -19 26 -21 21 22 35 29 40 -27 -28 37 33 -31 31 -33 -34 -35 -36 -37 -38 38 46 -41 -42 -43 -44 -45 45 -47 -48 -49
leaf_value=-3.2984202051635809 -19.948268963623047 -4.4743881766436848 -24.296921502976193 25.642055585307457 4.9114136912844222 -11.241097423660925 -5.7494214066971825 2.847567931713042 2.8246030667230406 5.450726338952343 -1.0205482323348087 -24.033881843203591 28.916962452764096 19.11852338218689 21.723503065109252 21.165990023305341 12.493950294494629 -2.0090601912173596 3.9894814850227598 -7.6886316326614548 -1.7621781812275681 -4.391076699809024 17.129599442481997 -1.1911931760591876 -21.653846913213314 -16.432819102502638 15.00539441833496 7.2917394171820753 1.2221179867684215 13.924492143903461 13.219157738004412 -2.0944814532736071 -2.6816034273657721 4.9169518611418992 8.3801647104001518 4.7324800305753145 -6.4615239454570563 -5.5932649137206001 -2.7453155846431336 -19.523624431903546 -8.9661539064326767 -0.38586525480855594 6.1503617938872308 -14.752779308500745 -4.2677144281928605 -0.35666141615751867 6.0679283804073929 -5.4254368349023769
leaf_weight=2355 24 72 20 30 1773 70 136 1524 2275 953 547 20 22 39 41 61 204 454 825 260 3718 132 31 3471 22 123 49 26 1902 20 349 22 5219 392 50 221 37 58 28 25 141 351 30 20 147 2202 21 73
leaf_count=2355 24 72 20 30 1773 70 136 1524 2275 953 547 20 22 39 41 61 204 454 825 260 3718 132 31 3471 22 123 49 26 1902 20 349 22 5219 392 50 221 37 58 28 25 141 351 30 20 147 2202 21 73
internal_value=0.00758076 -1.18072 4.82398 5.15843 4.07145 2.16418 0.875335 -0.741318 2.40012 8.56905 -4.91555 1.31541 6.66418 2.2043 6.1431 6.22967 5.69975 1.7324 5.26293 -3.17573 -1.95812 -1.09336 2.90459 -2.46186 -3.88031 -12.0628 4.62352 -5.93206 1.19862 -2.04814 13.3668 12.3079 -2.0865 1.85536 15.5329 6.3192 -12.9353 -3.69094 -5.89276 -9.97163 -10.8002 -1.89241 -2.4132 -3.40105 -1.36336 -0.603126 1.07761 -1.83413
internal_weight=30585 24533 6052 5870 4453 2365 6731 3037 2345 1417 1002 2035 1016 3694 994 2088 1977 1978 913 807 17802 6554 414 11248 2538 195 874 182 2781 8710 401 371 8690 2294 111 252 57 158 132 83 163 487 162 2375 6140 2349 49 3791
internal_count=30585 24533 6052 5870 4453 2365 6731 3037 2345 1417 1002 2035 1016 3694 994 2088 1977 1978 913 807 17802 6554 414 11248 2538 195 874 182 2781 8710 401 371 8690 2294 111 252 57 158 132 83 163 487 162 2375 6140 2349 49 3791
is_linear=0
shrinkage=0.08


Tree=38
num_leaves=50
num_cat=0
split_feature=17 18 18 28 7 30 4 28 6 26 4 27 9 28 39 27 27 8 25 19 19 28 19 21 30 28 19 36 0 44 21 39 22 28 19 17 1 7 19 19 19 46 19 0 46 3 11 1 17
split_gain=2.31609e+07 5.23173e+06 3.08396e+06 2.93543e+06 2.67789e+06 2.87669e+06 3.5613e+06 2.15451e+06 1.85431e+06 1.7633e+06 1.31714e+06 1.42982e+06 1.31778e+06 1.31562e+06 2.05554e+06 1.28974e+06 1.23467e+06 1.19207e+06 1.61183e+06 1.10089e+06 1.074e+06 1.30615e+06 1.53545e+06 1.06773e+06 1.15015e+06 1.64222e+06 991436 1.39887e+06 857131 839007 980678 773534 759929 574506 478151 450040 438885 430571 585192 402766 401062 363693 477273 458452 354514 346069 309033 295489 137415
threshold=1627.7543623828017 995.42088291273444 2739.3066488678764 -0.9829629131445341 25220.020000000004 0.81174490092936691 0.95345179898211219 -0.12940952255126034 -175.05999999999997 42492.451666666675 1.0656906323968316 -0.37940952255126059 487.66306680000008 -0.9159756150367534 11.155399000000001 -0.70710678118654735 0.25881904510252091 370.05562067166494 30233.675000000003 509.51803386083446 204.25273939992789 0.1294095225512602 448.97942493170416 287.56120427275431 0.81174490092936691 0.60355339059327384 295.04571564515408 3.5000000000000004 0.45257025101786091 5.2157857000000005 919.12078512480855 2.9617447500000007 1422.6433136820124 -0.12940952255126034 464.25703865863346 2148.5964702371089 0.084146378101564154 36979.745833333342 215.26295192261028 89.590311014316811 212.21842032167106 18.116850000000003 448.97942493170416 0.45924321943375285 21.453750000000003 1.8073428942465137 0.26967614282667279 0.15926292198568234 667.49923971526641
decision_type=2 2 2 2 2 2 2 2 2 2 2 2 2 2 2 2 2 2 2 2 2 2 2 2 2 2 2 2 2 2 2 2 2 2 2 2 2 2 2 2 2 2 2 2 2 2 2 2 2
left_child=1 15 3 29 10 6 -6 -7 26 31 11 -5 -12 14 16 20 -10 19 -19 -15 39 22 -22 24 25 -17 36 28 -28 -2 -31 -4 -26 -29 -23 -32 44 46 -39 48 -38 43 -43 -33 -3 -16 -25 -41 -1
right_child=2 8 9 4 5 7 -8 -9 13 -11 12 -13 -14 17 45 23 -18 18 -20 -21 21 34 -24 37 32 -27 27 33 -30 30 35 41 -34 -35 -36 -37 40 38 -40 47 -42 42 -44 -45 -46 -47 -48 -49 -50
leaf_value=-1.4408334201021904 5.601251797993978 0.57303263736906507 -4.8596744172469428 12.301497977120537 -1.8029785108722882 13.19127370040405 4.7959153020856595 4.7198309635857578 -8.8401776604287665 32.415642779806383 16.690326493207145 -9.9673150784969344 -1.6482051227986814 1.4659811948902368 1.7320694540921457 -5.9709516297289849 1.7172700122951232 0.29652381962970881 8.0755718277858204 -12.989713841045605 2.7248738496481968 6.6374219242431831 -14.462978432233943 -7.8428403343588622 -1.6407445572931891 -1.1808167460586989 6.1883402002268824 -17.590265148480732 -5.9523448612139775 -23.957067916591964 -2.6117287116111076 20.734212970290073 7.2880181762353695 -5.8815005393650219 18.672296679687499 -13.577060337611609 -1.1191152630911934 -1.0277951039965432 6.68250194813655 0.35419251207401131 -7.4996064035729937 7.6109669490390353 14.581247735864977 5.7031623767671134 11.311938195001513 12.075468777309764 -2.0264602943773391 -4.7075013993336601 -4.0553392789994964
leaf_weight=2513 29 314 22 20 608 405 3741 368 267 22 33 159 95 4175 365 1480 96 288 417 33 146 158 42 58 682 664 57 71 103 23 78 42 66 45 24 34 224 2057 64 1374 87 269 84 20 20 21 8410 77 135
leaf_count=2513 29 314 22 20 608 405 3741 368 267 22 33 159 95 4175 365 1480 96 288 417 33 146 158 42 58 682 664 57 71 103 23 78 42 66 45 24 34 224 2057 64 1374 87 269 84 20 20 21 8410 77 135
internal_value=0.00703885 -1.08642 4.43902 3.92026 4.23911 4.67413 3.87317 9.16961 0.842603 10.738 -3.01038 -7.42466 3.17243 1.38417 -1.73733 -1.79387 -6.05108 1.86031 4.90267 1.34956 -0.615916 3.50622 -1.17117 -2.1843 -3.54668 -4.48868 -2.48468 -6.48797 -1.61565 -6.5967 -9.23892 9.57519 -0.844234 -13.1372 8.3178 -6.03118 -0.764257 -1.81191 -0.792102 -0.988769 -2.92233 10.3503 9.30612 16.053 1.24793 2.32454 -2.06722 0.0825273 -1.57561
internal_weight=30585 24533 6052 5593 5429 5122 4349 773 6583 459 307 179 128 5662 749 17950 363 4913 705 4208 4469 370 188 13481 2892 2144 921 276 160 164 135 437 748 116 182 112 645 10589 2121 4099 311 415 353 62 334 386 8468 1451 2648
internal_count=30585 24533 6052 5593 5429 5122 4349 773 6583 459 307 179 128 5662 749 17950 363 4913 705 4208 4469 370 188 13481 2892 2144 921 276 160 164 135 437 748 116 182 112 645 10589 2121 4099 311 415 353 62 334 386 8468 1451 2648
is_linear=0
shrinkage=0.08


Tree=39
num_leaves=55
num_cat=0
split_feature=16 16 18 28 1 27 23 28 23 19 19 12 3 36 8 20 8 2 15 8 19 15 24 5 5 7 28 19 34 1 27 19 25 36 19 19 1 18 44 38 8 25 15 14 18 7 19 30 12 18 8 15 13 30
split_gain=1.9824e+07 3.47263e+06 2.3635e+06 1.91654e+06 1.88369e+06 1.76909e+06 1.67406e+06 4.16775e+06 2.24759e+06 2.34082e+06 1.78977e+06 1.66012e+06 1.93184e+06 1.54892e+06 1.51899e+06 1.40282e+06 1.53262e+06 1.42839e+06 1.37914e+06 1.25837e+06 1.24611e+06 1.17984e+06 1.17416e+06 1.04883e+06 1.03588e+06 1.025e+06 1.00583e+06 1.75688e+06 2.2469e+06 851618 793939 909456 1.12243e+06 732380 1.77294e+06 1.1235e+06 717185 634099 630495 604020 556253 472138 498065 388903 403203 367195 338817 325096 320799 287602 272064 252789 116371 46640.4
threshold=1329.1249317153095 2055.8953207150594 995.42088291273444 -0.9159756150367534 0.21364731160036707 0.25881904510252091 43516.500000000007 -0.70710678118654757 38200.500000000007 631.09926442692938 412.5423184596591 0.10453569373549254 2.4674322294762998 2.5000000000000004 777.36461542940708 2132.0742343862225 709.52667636726585 0.52839639542743577 207.90166666666673 709.52667636726585 709.18839906504832 479.05541666666676 38649.625000000007 0.064357095260161368 0.0771071738177498 21696.998333333337 0.37940952255126043 351.01163321540656 1.0000000180025095e-35 0.040828445935011913 -0.70710678118654735 204.25273939992789 33115.270000000011 1.5000000000000002 269.89323609900458 237.86472601254255 0.17754724334573557 2665.9354191262587 5.8065485000000008 8.2585035000000016 320.50371950305129 39988.94000000001 0.88229166666666747 0.49564417583996273 699.69787615921916 20008.381666666672 89.590311014316811 1.0000000180025095e-35 0.038830720078948326 1482.0118420783567 385.01845853232277 66.036250000000067 0.57983794101239317 -0.56174490092936669
decision_type=2 2 2 2 2 2 2 2 2 2 2 2 2 2 2 2 2 2 2 2 2 2 2 2 2 2 2 2 2 2 2 2 2 2 2 2 2 2 2 2 2 2 2 2 2 2 2 2 2 2 2 2 2 2
left_child=2 6 25 5 11 20 7 8 9 -2 41 12 -5 26 21 16 36 38 -16 -10 23 -9 -7 -3 -13 43 27 40 -29 48 31 46 -33 34 -32 -35 -15 -24 -17 -31 -4 -8 -43 44 53 47 -27 -45 -28 -6 -12 -47 -52 -1
right_child=1 3 13 4 49 22 10 14 19 -11 50 24 -14 15 18 17 -18 -19 -20 -21 -22 -23 37 -25 -26 30 29 28 -30 39 33 32 -34 35 -36 -37 -38 -39 -40 -41 -42 42 -44 45 -46 51 -48 -49 -50 -51 52 -53 -54 -55
leaf_value=-2.7982125827244353 -7.0461969800826605 -0.43243597002096579 2.7289373482130661 3.7390895158140358 -3.5922586786179318 -12.302559378487725 13.997474334716797 2.0793549071220783 -1.6945705108931881 -30.618927324356573 24.824120773315432 12.156741238385065 9.2216028960605154 -0.49172858690411858 4.2215353173476 -11.705848727370753 16.711462774276733 -29.554885871523904 24.458234646445828 17.385735729880956 -24.015748306910197 10.277330474072489 5.2854480831909179 -16.908673517862955 6.1745827761125032 -1.4509133355040948 -1.1740000452714809 11.011230564044908 -16.25818097795759 -1.9780400249630163 -1.3878739537624774 -6.9835487083435055 6.2978247569273185 -2.0407544711238748 5.6355793515162738 -5.9243364610896254 -6.234745624239082 18.164508112322899 5.8267981719970701 11.526894975142046 -2.3908170737064247 0.67103760956513769 6.2684072781513089 -2.5714770351744245 -17.850399052546575 -2.8131901002446664 0.078935269165789343 -8.9714665824547417 7.9131011688465973 -16.937254369984505 18.160478248596192 5.0475973826441267 9.7363217478785025 -7.3582642291343374
leaf_weight=20 217 141 771 1783 20 20 29 3658 580 30 24 396 535 1779 51 32 31 20 37 22 20 115 124 29 355 2647 33 262 20 588 3545 49 221 8630 245 504 150 30 21 21 164 197 210 86 25 276 1425 127 97 22 23 28 28 72
leaf_count=20 217 141 771 1783 20 20 29 3658 580 30 24 396 535 1779 51 32 31 20 37 22 20 115 124 29 355 2647 33 262 20 588 3545 49 221 8630 245 504 150 30 21 21 164 197 210 86 25 276 1425 127 97 22 23 28 28 72
internal_value=0.00663657 3.23777 -1.27711 5.1971 5.83956 -0.294712 1.93293 1.46031 -3.61168 -10.0212 6.2778 6.07091 5.0079 0.483751 2.57625 -1.0623 -0.653726 -11.8751 12.9094 -0.969608 -5.61778 2.33188 5.51673 -3.32553 9.34093 -1.66952 2.09038 3.50311 9.02661 -0.237711 -1.55332 -0.617204 3.87063 -1.86774 -0.932484 -2.25567 -0.941307 7.89536 -4.77969 -1.49422 1.82933 4.29159 3.5674 -4.82672 -8.98327 -3.87054 -0.915654 -6.41152 5.61502 -10.8138 17.6159 -2.07499 13.8116 -6.4077
internal_weight=30585 8696 21889 3475 3111 364 5221 4710 849 247 511 3069 2318 3989 3861 2033 1960 73 88 602 190 3773 174 170 751 17900 1956 1217 282 739 17266 4342 270 12924 3790 9134 1929 154 53 609 935 436 407 634 117 517 4072 213 130 42 75 304 51 92
internal_count=30585 8696 21889 3475 3111 364 5221 4710 849 247 511 3069 2318 3989 3861 2033 1960 73 88 602 190 3773 174 170 751 17900 1956 1217 282 739 17266 4342 270 12924 3790 9134 1929 154 53 609 935 436 407 634 117 517 4072 213 130 42 75 304 51 92
is_linear=0
shrinkage=0.08


Tree=40
num_leaves=57
num_cat=0
split_feature=22 27 28 27 0 27 18 5 2 10 26 22 12 46 4 12 1 19 46 28 5 0 14 28 2 5 19 14 14 25 23 19 19 3 27 46 17 26 22 28 1 12 15 3 23 28 38 0 15 24 28 19 26 3 26 9
split_gain=1.69399e+07 3.80514e+06 3.47553e+06 3.31734e+06 5.7241e+06 3.88156e+06 3.032e+06 3.03049e+06 2.48236e+06 2.38016e+06 1.80841e+06 1.78075e+06 1.7592e+06 1.61925e+06 1.03369e+06 1.03347e+06 1.42009e+06 1.72247e+06 1.02634e+06 936270 910233 1.35326e+06 895806 860317 827432 939905 1.12692e+06 729118 1.88442e+06 1.21503e+06 682358 1.04556e+06 774328 765266 661007 640271 612831 600040 568972 2.7468e+06 575016 506084 503178 503061 497375 462198 446120 439711 416321 393006 385325 442200 375498 372516 306855 201351
threshold=2026.5888750965628 -0.70710678118654735 0.98296291314453432 0.12940952255126043 0.41693426933808292 -0.37940952255126059 995.42088291273444 0.095218980126264494 0.69644337572066228 0.39997922899903016 31704.310625000006 3209.1924870520902 0.16241078534532707 19.282300000000003 0.96555934699739054 0.069746891979282716 0.055680606748290042 212.21842032167106 25.795300000000001 0.1294095225512602 0.1281107805970306 0.35852127283081475 0.44080923874861228 -0.37940952255126009 0.53398802258031974 0.062521136098581412 221.77355822719016 0.46865736815398085 0.48773719053303194 34264.365000000013 32574.500000000004 497.39075132390343 464.25703865863346 0.37097471344349403 -0.70710678118654735 21.394800000000004 2032.726412708347 35336.403125000004 1879.4338978542664 0.37940952255126043 0.07321173789992147 0.1052729167814032 124.23708333333336 2.2013852343508646 31495.500000000004 -0.12940952255126034 13.093436500000001 0.46786666893859968 -122.58249999999997 30217.440000000006 -0.12940952255126034 201.94722782707234 37914.358541666668 1.173226835651205 34566.144166666672 860.33827550000001
decision_type=2 2 2 2 2 2 2 2 2 2 2 2 2 2 2 2 2 2 2 2 2 2 2 2 2 2 2 2 2 2 2 2 2 2 2 2 2 2 2 2 2 2 2 2 2 2 2 2 2 2 2 2 2 2 2 2
left_child=6 10 3 5 12 8 14 -7 -3 -6 27 20 -5 22 30 16 19 54 38 44 41 -22 47 46 42 26 -26 -2 -29 -30 32 49 48 -34 -19 -27 52 -21 40 -40 -16 -12 45 -25 -8 -17 -13 -4 -1 -32 55 -52 -15 -44 -18 -20
right_child=1 2 13 4 9 7 15 -9 -10 -11 11 23 -14 36 18 24 17 34 50 37 21 -23 -24 43 25 35 -28 28 29 -31 31 -33 33 -35 -36 -37 -38 -39 39 -41 -42 -43 53 -45 -46 -47 -48 -49 -50 -51 51 -53 -54 -55 -56 -57
leaf_value=-6.2755471964504412 5.1641633605957029 1.0239859972544054 14.211649231288744 7.4413886065586103 -9.5801126675527595 -2.6809848570604715 -6.0408863601979519 -15.811547729090641 12.796505796488594 1.908301658228742 4.0024398975596851 9.7645371137346544 17.952235088348388 12.000674151885203 -0.76451031161660521 -9.1922567629814154 3.5630167237539139 -1.2764799970083862 -4.0878906758626297 7.493582071404485 7.1866959960937509 -19.462328249613446 27.07511057685403 23.439871442390213 2.2570600663583753 0.31094985111752804 7.5931528879881567 34.736902986414293 -4.5350247227061882 19.375202331542969 1.7180055416104123 14.05789538913303 -23.576150054931642 -3.7734898333890095 -7.7953863022444727 10.483562488584985 -5.6072510689183286 1.9784008295724889 -12.814631665547688 24.12133813040597 -1.8737534796534121 7.2532333272112579 0.35254203843676357 12.391692361780116 0.060790467732831054 -1.6346215346412383 -6.5429146246476604 2.1597524906570711 -2.843919886446439 -1.9976716896060001 1.0596989138198623 9.5704343695592407 -1.4169552249000186 9.8419429661245914 -0.76814525565635028 3.0169144441717761
leaf_weight=252 30 731 137 786 121 734 96 132 135 2142 806 20 117 38 6744 63 125 136 44 168 24 23 33 32 877 1161 356 33 21 36 194 26 23 27 375 40 37 504 23 27 5377 500 120 184 721 275 21 23 2220 2823 65 98 20 33 618 58
leaf_count=252 30 731 137 786 121 734 96 132 135 2142 806 20 117 38 6744 63 125 136 44 168 24 23 33 32 877 1161 356 33 21 36 194 26 23 27 375 40 37 504 23 27 5377 500 120 184 721 275 21 23 2220 2823 65 98 20 33 618 58
internal_value=0.00614779 3.48886 2.40422 1.90077 3.44031 -0.913778 -1.01159 -4.69834 2.87184 1.29007 6.73701 6.02328 8.82161 10.9301 -1.51965 0.601936 -0.513503 -2.496 -1.11396 1.15667 4.85702 -5.98809 15.1216 12.1205 1.64779 2.25199 3.80264 16.1839 19.7601 10.6399 -2.42587 -1.61854 -3.39895 -13.1664 -6.06629 0.658195 2.34578 3.36628 -1.22131 7.21267 -1.2567 5.2516 -1.34589 14.1289 -0.662684 -3.06625 1.45503 12.5034 -3.19614 -1.75826 3.80247 6.20374 7.42831 2.44989 -0.0356745 -0.0578362
internal_weight=30585 6916 5186 4898 3166 1732 23669 866 866 2263 1730 1610 903 288 18001 5668 2743 1254 12436 1489 1353 47 193 257 2925 2434 1233 120 90 57 5565 3043 2522 50 511 1201 95 672 12171 50 12121 1306 491 216 817 338 41 160 2472 3017 265 163 58 153 743 102
internal_count=30585 6916 5186 4898 3166 1732 23669 866 866 2263 1730 1610 903 288 18001 5668 2743 1254 12436 1489 1353 47 193 257 2925 2434 1233 120 90 57 5565 3043 2522 50 511 1201 95 672 12171 50 12121 1306 491 216 817 338 41 160 2472 3017 265 163 58 153 743 102
is_linear=0
shrinkage=0.08


Tree=41
num_leaves=58
num_cat=0
split_feature=18 18 27 28 7 27 0 12 1 1 12 27 5 46 25 38 26 1 9 28 26 7 1 28 45 0 45 7 12 4 44 46 14 4 1 17 21 7 24 1 17 25 45 26 18 38 12 9 25 14 6 14 1 15 17 15 18
split_gain=1.43226e+07 3.10505e+06 2.73093e+06 2.2928e+06 2.65783e+06 2.22925e+06 2.20889e+06 2.05736e+06 1.94685e+06 1.80343e+06 1.78651e+06 1.7876e+06 1.75814e+06 1.67225e+06 1.26049e+06 1.23171e+06 1.14982e+06 1.21085e+06 1.1347e+06 1.10445e+06 1.06076e+06 1.03269e+06 842479 836811 1.05857e+06 821027 777474 1.09089e+06 751332 1.2195e+06 884244 729023 699903 675819 654202 785613 732446 585026 941869 520892 467183 517718 456008 489255 402545 685430 373740 516280 365792 280249 269952 287945 234799 207814 206379 192648 173648
threshold=1706.1374638911916 684.59061149821753 -0.70710678118654735 0.96592582628906831 35484.740000000013 0.25881904510252091 0.40291773423639782 0.11922504242785299 0.069740605743434811 0.24704976018373964 0.17488729084455343 0.25881904510252091 0.092997528394359416 18.558100000000003 29982.350000000002 4.6844635000000006 32965.757291666669 0.063165930752840813 605.85155155000018 -0.12940952255126034 34713.681666666678 36404.488333333342 0.15766350866793591 -0.78656609248549325 18.857700000000005 0.44912654535751489 18.576600000000003 30878.295833333337 0.11745711149019784 1.0378173219266587 12.353821500000002 18.434400000000004 0.42849791199917742 1.0000010416688372 0.081621406900387647 842.7091398844309 15.177068550611349 28937.635000000006 33166.420000000006 0.11824496080429213 2273.1114059773076 34264.365000000013 18.786450000000006 44450.641041666669 457.40353096519806 7.2245507500000006 0.078798421201726795 451.73547775000009 29475.940000000002 0.43199654062997522 18.899999999999981 0.56792321285518399 0.040828445935011913 195.90208333333337 365.04271806659887 342.07125000000013 1279.9546659124871
decision_type=2 2 2 2 2 2 2 2 2 2 2 2 2 2 2 2 2 2 2 2 2 2 2 2 2 2 2 2 2 2 2 2 2 2 2 2 2 2 2 2 2 2 2 2 2 2 2 2 2 2 2 2 2 2 2 2 2
left_child=1 34 20 4 5 12 -7 8 23 16 11 -6 -4 14 -5 18 17 -9 -10 -17 26 28 -18 24 -3 -25 27 -2 29 -22 -30 -16 39 -34 35 50 37 38 -36 -15 -28 -42 43 -23 -37 -46 47 -38 -11 -29 54 -52 -44 -48 -1 -12 -50
right_child=2 7 3 13 10 6 -8 9 15 48 55 -13 -14 32 31 19 22 -19 -20 -21 21 42 -24 25 -26 -27 40 49 30 -31 -32 -33 33 -35 36 44 46 -39 -40 -41 41 -43 52 -45 45 -47 53 -49 56 -51 51 -53 -54 -55 -56 -57 -58
leaf_value=-2.6523174891993775 3.3254598891735077 0.41627963462121631 -1.7292755478677295 30.275644909086683 1.5937862801471181 13.433999439239502 0.89461220658115881 17.524853661148637 -1.1108163579633066 -17.85368870326451 25.808615417480468 7.0607817104692812 -12.353123044603654 2.6277300807407928 8.6288993593677876 -4.4316106969943414 2.7126954285028906 4.5737692832300461 4.745787665105202 -1.0544820416716838 2.5425106654250831 8.0876866408439536 -0.48164077428505592 2.3910219823309227 -5.554121137683409 -0.3086553080475582 18.073019117875532 15.167228120502672 11.380136462398198 -10.96989723807887 -0.96611819433787516 23.614017705502715 -1.5289413585084859 9.5956384902954106 -4.7093942683621455 -4.8557689718766648 -2.7666314531346576 4.1352838349953673 -16.035720817424632 -14.432350623424236 -5.0730395401000976 7.8398471300318695 6.7871827936172489 -2.1131265908479691 18.690369311523437 3.4729492644565862 -1.5884351876417768 -13.036653728485108 -10.669950511455536 25.575590589735242 -0.82937452751912111 3.5297689935684207 -3.6494516839207831 3.8885231789482964 -1.37288831045593 14.031034252929688 -0.35206336611793154
leaf_weight=1004 31 620 419 20 886 94 1682 53 831 27 21 674 130 20 271 1299 1658 331 283 1186 170 729 775 1903 273 1160 21 37 91 56 62 22 65 74 379 21 1703 38 53 25 24 100 21 31 24 81 3414 31 21 44 3240 99 36 44 4134 24 20
leaf_count=1004 31 620 419 20 886 94 1682 53 831 27 21 674 130 20 271 1299 1658 331 283 1186 170 729 775 1903 273 1160 21 37 91 56 62 22 65 74 379 21 1703 38 53 25 24 100 21 31 24 81 3414 31 21 44 3240 99 36 44 4134 24 20
internal_value=0.0060928 -0.838519 3.5543 2.56555 1.91696 0.188008 1.56548 0.209854 -0.484161 2.02682 4.41985 3.95882 -4.26283 7.68007 11.2292 -1.83032 2.33905 6.40216 0.379914 -2.8209 6.56296 5.55244 1.6954 0.740672 -1.41311 1.36885 11.2259 16.2272 2.09366 -0.839272 6.40329 9.83055 1.61462 4.41973 -1.60574 -1.166 -2.27358 -5.29559 -6.13279 -6.9578 7.27812 5.31999 7.15242 7.66937 5.08043 7.09473 -1.99904 -2.95764 -10.7541 21.0641 -1.25944 -0.69911 0.24635 -1.51764 -1.62336 19.9688 -5.76505
internal_weight=30585 24705 5880 4427 3930 2325 1776 10440 7555 2885 1605 1560 549 497 313 3599 2817 384 1114 2485 1453 1196 2433 3956 893 3063 257 112 379 226 153 293 184 139 14265 8603 5662 470 432 45 145 124 817 760 126 105 5192 1734 68 81 8477 3339 57 3458 5138 45 41
internal_count=30585 24705 5880 4427 3930 2325 1776 10440 7555 2885 1605 1560 549 497 313 3599 2817 384 1114 2485 1453 1196 2433 3956 893 3063 257 112 379 226 153 293 184 139 14265 8603 5662 470 432 45 145 124 817 760 126 105 5192 1734 68 81 8477 3339 57 3458 5138 45 41
is_linear=0
shrinkage=0.08


Tree=42
num_leaves=41
num_cat=0
split_feature=16 28 22 25 7 16 17 7 1 23 1 22 12 19 12 1 19 1 28 19 1 19 19 7 4 3 37 1 12 6 4 8 0 28 19 19 30 22 12 19
split_gain=1.23448e+07 2.46626e+06 2.83016e+06 3.8657e+06 2.80627e+06 1.58329e+06 1.46872e+06 1.45588e+06 1.40799e+06 1.37699e+06 1.33401e+06 1.27225e+06 1.24905e+06 2.49838e+06 1.20898e+06 1.45307e+06 2.50387e+06 1.17964e+06 1.16023e+06 1.24207e+06 1.17453e+06 1.15104e+06 1.11983e+06 1.0684e+06 989874 986580 937538 1.43536e+06 910201 707592 575525 529587 521124 555914 476850 465415 459886 426026 411979 127716
threshold=1329.1249317153095 -0.9159756150367534 3097.2802626377347 29326.425000000007 31352.232500000002 2231.5016179326008 3005.0980100075335 38053.147500000014 0.057352983316166985 46979.000000000007 0.13608701970604178 2054.1077080500013 0.075560056224619865 631.09926442692938 0.14436234841820719 0.16234408796964592 329.63139159596329 0.088712721830419325 0.98296291314453432 560.65504025192899 0.064680212236375725 239.87965525133544 209.63030065910314 41477.184166666673 0.6389237073319759 1.5609799769490296 312.50000000000006 0.07321173789992147 0.10746911123908616 749.93500000000017 2.0942531922245533 430.44667324903764 0.30811893661925732 -0.70710678118654757 126.08279085872134 346.17131145310685 -0.56174490092936669 1399.3203179185889 0.11922504242785299 58.006107095449259
decision_type=2 2 2 2 2 2 2 2 2 2 2 2 2 2 2 2 2 2 2 2 2 2 2 2 2 2 2 2 2 2 2 2 2 2 2 2 2 2 2 2
left_child=6 4 9 10 11 24 7 14 -7 18 28 -2 13 23 17 16 -16 29 20 -20 -3 -19 34 -6 -5 -13 36 -28 -4 -1 -17 35 37 -34 39 -11 -14 -24 -36 -9
right_child=1 2 3 5 12 8 -8 22 -10 31 -12 25 26 -15 15 30 -18 21 19 -21 -22 -23 32 -25 -26 -27 27 -29 -30 -31 -32 -33 33 -35 38 -37 -38 -39 -40 -41
leaf_value=-1.1113451177197613 2.2021375488099597 3.1923858348212164 -5.2752093924216501 0.18721911318161907 -3.5000904454005872 9.595214749845006 17.304635854448591 -1.2833794913761944 4.0705305504856755 5.5346408748626708 -18.923068591968434 -30.476698645389444 -1.617279316806054 -27.093147985839842 0.13780421504230364 -3.0418532474151454 7.8700680465640618 -2.0472038218413453 5.3694825919838847 24.103223962402346 0.82996848854636085 -5.4965958899369483 5.4909294026692708 4.5752736085693853 15.083138941017115 -9.9389013868762603 29.028599687056108 0.1245097948157269 10.313130690051665 5.1998815197115356 8.4624687753874692 1.1618864499032497 -1.7227864756167515 7.7760244005918508 0.60836975589467979 17.19558987258031 4.4563855653036208 14.70600496828556 4.5482639984724136 0.049517217411263151
leaf_weight=10221 20 2266 105 33 365 462 27 1069 823 35 36 32 128 24 1409 722 330 5117 257 24 3321 704 104 146 212 30 21 22 30 114 28 31 102 63 811 64 209 47 214 807
leaf_count=10221 20 2266 105 33 365 462 27 1069 823 35 36 32 128 24 1409 722 330 5117 257 24 3321 704 104 146 212 30 21 22 30 114 28 31 102 63 811 64 209 47 214 807
internal_value=0.00602372 2.5558 3.04058 5.92019 -1.18706 7.19515 -1.00702 -1.03042 6.06275 2.22309 -5.4629 -15.2722 0.0905112 -2.39887 -1.30159 0.339537 1.60879 -1.55443 2.04161 7.04932 1.78853 -2.46525 0.541119 -1.18841 13.0857 -20.8546 3.5924 14.5794 -1.76077 -1.04123 -2.60166 10.337 5.05569 1.92903 0.0477832 13.1696 2.15151 8.43708 1.43457 -0.710286
internal_weight=30585 8696 7699 1701 997 1530 21889 21862 1285 5998 171 82 915 535 18645 2489 1739 16156 5868 281 5587 5821 3217 511 245 62 380 43 135 10335 750 130 316 165 2901 99 337 151 1025 1876
internal_count=30585 8696 7699 1701 997 1530 21889 21862 1285 5998 171 82 915 535 18645 2489 1739 16156 5868 281 5587 5821 3217 511 245 62 380 43 135 10335 750 130 316 165 2901 99 337 151 1025 1876
is_linear=0
shrinkage=0.08


Tree=43
num_leaves=42
num_cat=0
split_feature=16 16 26 12 1 12 1 12 1 19 17 6 1 19 37 24 16 4 27 39 17 12 45 7 38 1 30 19 4 36 17 0 28 7 29 3 17 25 16 37 16
split_gain=1.05001e+07 2.31224e+06 2.16554e+06 2.09579e+06 2.98895e+06 1.58236e+06 2.07573e+06 1.38186e+06 1.48406e+06 2.02658e+06 1.19861e+06 1.12314e+06 1.08248e+06 1.52808e+06 1.03768e+06 2.23072e+06 1.0021e+06 965265 1.29924e+06 915442 908897 845160 836838 788219 720185 894803 686621 974588 673021 647131 604702 596747 551901 838802 503755 492871 442905 315654 215473 214275 201831
threshold=1627.7543623828017 822.73278426324293 28818.585416666669 0.16241078534532707 0.13205908846726491 0.11435718832699983 0.055680606748290042 0.07436714417029168 0.095081008302552575 325.07324323628023 667.49923971526641 -50.005000000000017 0.068650442830567884 178.5381425336227 287.50000000000006 38312.140000000007 1928.6294953818244 0.8040015780384685 -0.70710678118654735 5.4023543000000016 2396.8939039273037 0.14168769429661141 18.589750000000006 21696.998333333337 13.170073500000003 0.18946953262365177 0.81174490092936691 269.89323609900458 0.59231845513180603 2.5000000000000004 267.70683238145966 0.46891134624608977 0.1294095225512602 29974.000833333335 1.0000000180025095e-35 1.2003823208133773 805.32491938319049 29065.460000000003 1268.0931206398557 147.50000000000003 2084.4454757204603
decision_type=2 2 2 2 2 2 2 2 2 2 2 2 2 2 2 2 2 2 2 2 2 2 2 2 2 2 2 2 2 2 2 2 2 2 2 2 2 2 2 2 2
left_child=1 20 40 4 5 6 -4 12 9 31 -11 29 32 38 19 -16 -7 18 -5 -6 23 -13 -22 36 25 -19 28 -28 -25 -10 -15 -9 33 -3 -26 -34 39 -38 -14 -1 -2
right_child=2 7 3 17 14 16 -8 8 11 10 -12 21 13 30 15 -17 -18 24 -20 -21 22 -23 -24 26 34 -27 27 -29 -30 -31 -32 -33 35 -35 -36 -37 37 -39 -40 -41 -42
leaf_value=-4.173685318142212 26.797820514332166 -7.0676650707057265 4.5290612957495737 14.206496930803571 -5.4278354813070857 2.8701546421945099 0.93103493721792707 2.7693201931196714 -0.35495737731233518 -8.1799192948774859 11.491304476917051 -0.43046565431425993 -0.84285024680810827 8.0249682553609212 -12.525921913737982 6.0139072424678481 9.7914460542891977 12.069465141720244 -10.372115634918215 1.5091941712675117 -2.0927802110754925 2.9732485793597663 18.670971450805663 -3.778433219918528 -8.4972832977294921 3.673459576368332 -0.5465730412853701 4.4710999111477419 -1.2944852783430201 -5.9262891362318353 -4.8837580877819731 -1.3508905893868774 0.7940462913651275 -0.09852752692282149 8.3118645041329522 4.944283118968527 -15.601701162001666 -5.1527805480957038 2.0544611525010761 -0.35260210816331999 14.121469907306489
leaf_weight=410 21 121 1935 20 169 219 2185 1264 266 21 228 1113 339 23 141 58 348 314 39 428 22 803 27 739 24 111 2275 277 12436 267 859 273 845 1176 20 233 33 44 317 122 20
leaf_count=410 21 121 1935 20 169 219 2185 1264 266 21 228 1113 339 23 141 58 348 314 39 428 22 803 27 739 24 111 2275 277 12436 267 859 273 845 1176 20 233 33 44 317 122 20
internal_value=0.00579724 -0.730442 2.98992 2.86292 2.39843 3.16812 2.62157 0.370886 1.37217 3.12512 9.8062 0.0930343 -0.712872 -2.36562 -2.13193 -7.1193 7.1279 7.67274 -1.94247 -0.460347 -1.2781 0.996846 9.49307 -1.31099 8.88389 9.8904 -1.20146 -0.000405197 -1.43409 -3.15172 -4.53843 2.03709 0.357956 -0.753638 -0.841843 1.69483 -4.13293 -9.7735 0.558219 -3.29973 21.0977
internal_weight=30585 24533 6052 6011 5483 4687 4120 8148 4235 1786 249 2449 3913 1538 796 199 567 528 59 597 16385 1916 49 16336 469 425 15727 2552 13175 533 882 1537 2375 1297 44 1078 609 77 656 532 41
internal_count=30585 24533 6052 6011 5483 4687 4120 8148 4235 1786 249 2449 3913 1538 796 199 567 528 59 597 16385 1916 49 16336 469 425 15727 2552 13175 533 882 1537 2375 1297 44 1078 609 77 656 532 41
is_linear=0
shrinkage=0.08


Tree=44
num_leaves=60
num_cat=0
split_feature=22 1 12 1 23 22 21 4 16 12 2 28 19 19 45 16 46 25 9 7 21 18 28 38 29 22 18 17 21 37 5 12 38 13 12 5 12 21 1 21 25 25 20 12 28 25 19 4 25 45 7 29 11 20 16 19 28 7 19
split_gain=9.00646e+06 2.59856e+06 2.58734e+06 2.70355e+06 2.08807e+06 2.04185e+06 1.85941e+06 1.74046e+06 1.73286e+06 1.68944e+06 1.72737e+06 1.47336e+06 1.67406e+06 1.38971e+06 1.31034e+06 1.30847e+06 1.19317e+06 939510 816150 740555 983151 1.27084e+06 917617 1.37302e+06 710527 1.061e+06 699813 1.67405e+06 694680 1.46304e+06 669991 642743 698280 646448 640182 617173 578622 723124 653957 551887 545587 525431 492185 476670 468306 432051 411810 378283 378911 403464 375725 360019 295578 282453 238913 230320 299611 160687 133571
threshold=2026.5888750965628 0.07815191598035949 0.12180150273545101 0.17754724334573557 30678.500000000004 2999.2630834600254 1690.5291887803924 0.91135668156867056 992.63087228520772 0.10053895612006573 0.62736349478410325 -0.70710678118654757 631.09926442692938 404.63300267533253 18.160600000000006 3005.0980100075335 17.595200000000002 30875.770000000004 759.8624629000002 26887.035000000003 927.29565454378132 1274.7662544137927 -0.70710678118654757 5.2243210000000007 -1.0000000180025095e-35 3424.9495614618859 432.57552615457649 1972.6662909140466 59.19966180398945 124.50000000000001 0.049575487817651927 0.17263423685876972 10.065666500000001 0.59896767979942434 0.076029963036340978 0.075309985728720288 0.10053895612006573 122.50174227938511 0.093726962052257792 1242.7231974614374 32108.535000000003 27689.965000000004 872.60474151405867 0.072004386220425085 -0.37940952255126009 30565.190000000006 418.28706033867599 0.98041209508881944 30565.190000000006 6.7888500000000009 25539.136666666669 1.0000000180025095e-35 0.30645742828221595 939.09846344184075 1468.1825736499293 142.71130719013772 0.96592582628906831 20008.381666666672 91.363862838364611
decision_type=2 2 2 2 2 2 2 2 2 2 2 2 2 2 2 2 2 2 2 2 2 2 2 2 2 2 2 2 2 2 2 2 2 2 2 2 2 2 2 2 2 2 2 2 2 2 2 2 2 2 2 2 2 2 2 2 2 2 2
left_child=8 9 6 7 40 -6 15 17 26 10 11 12 -2 -9 -13 16 -3 -4 -17 20 21 44 23 52 25 -12 47 36 29 -24 46 32 39 -34 -26 -32 37 -28 -38 -11 -5 -30 -25 -23 -10 -33 -8 48 49 -1 54 -47 -21 -50 -22 57 -57 -49 -52
right_child=1 2 3 4 5 -7 30 13 19 31 24 14 -14 -15 -16 18 -18 -19 -20 22 50 43 28 42 34 -27 27 -29 41 -31 35 45 33 -35 -36 -37 38 -39 -40 -41 -42 -43 -44 -45 -46 51 -48 55 53 -51 58 -53 -54 -55 -56 56 -58 -59 -60
leaf_value=-5.6270103941533272 -0.85877181282514858 3.2806354601135674 12.366823221842449 -10.724457644441703 -2.0776524213441103 9.4786484863951408 2.8296956679161558 3.9142559122686409 -10.192106857299805 1.2402464190273421 0.49487635220532644 -0.86454631341470267 -19.041233145224084 10.016261025237256 4.4354391576411993 7.0530608949461184 -3.6269223470659133 -3.7691395424008367 -8.1435888643617993 3.7235709365511696 3.8611338549646836 -25.986375514439175 -7.4994375850843351 4.4032120236520669 6.6559906698271041 17.445769639191806 -7.3267807731307855 20.333806457519533 7.7630643744468699 17.070990089883612 7.4700388731675993 24.452962136041553 19.118678541744458 6.6894112608862706 13.461913087825691 -2.8356918837807394 1.4569951425718219 -1.050804390219847 -0.83153791546753486 7.7412127165546263 3.2792180851527624 1.2005022671017447 -3.7538714593165863 -9.4634211783573559 -1.2572447384958683 2.2808018692680028 -8.4633569995777034 -7.2806743952433273 -1.5716913402423709 -2.429068007524402 4.2529523100676361 14.362480213165284 -0.35292667739218175 -8.5632244612041273 15.195629549893466 0.079133513213245105 8.7126371712520196 -1.3873910447721185 -2.8948837358301338
leaf_weight=426 262 182 26 136 288 147 46 472 44 140 190 406 36 487 1124 142 1285 159 26 314 28 20 22 50 453 26 118 23 79 48 254 20 50 60 111 43 1344 9515 1968 208 20 3331 690 28 229 22 36 29 1471 625 26 59 178 37 21 228 28 2706 43
leaf_count=426 262 182 26 136 288 147 46 472 44 140 190 406 36 487 1124 142 1285 159 26 314 28 20 22 50 453 26 118 23 79 48 254 20 50 60 111 43 1344 9515 1968 208 20 3331 690 28 229 22 36 29 1471 625 26 59 178 37 21 228 28 2706 43
internal_value=0.0054958 2.54494 1.1192 3.38262 -1.01012 1.84036 -0.831372 5.65085 -0.736598 4.2318 3.37399 2.02713 -3.11165 7.02019 3.02939 -2.00193 -2.7683 -1.44709 4.66693 0.561193 -2.5778 -4.86945 0.854127 -1.02158 6.52383 2.60625 -1.0976 -0.775771 1.51827 9.35199 4.21037 8.22074 6.91916 12.4604 8.01691 5.97345 -0.814845 -1.12843 0.0973016 5.13693 -8.91966 1.35477 -3.19752 -16.7378 -2.72924 13.9972 -2.17046 -1.84932 -2.56338 -3.7294 3.6448 11.1489 2.25102 -1.7488 8.92553 -1.23773 1.05365 -1.45252 -0.179217
internal_weight=30585 6916 3749 1735 591 435 2014 1144 23669 3167 2608 1828 298 959 1530 1635 1467 185 168 5151 439 321 4712 1232 780 216 18518 12968 3480 70 379 559 458 110 564 297 12945 9633 3312 348 156 3410 740 48 273 101 82 5550 2559 1051 118 81 492 1508 49 2991 256 2735 69
internal_count=30585 6916 3749 1735 591 435 2014 1144 23669 3167 2608 1828 298 959 1530 1635 1467 185 168 5151 439 321 4712 1232 780 216 18518 12968 3480 70 379 559 458 110 564 297 12945 9633 3312 348 156 3410 740 48 273 101 82 5550 2559 1051 118 81 492 1508 49 2991 256 2735 69
is_linear=0
shrinkage=0.08


Tree=45
num_leaves=45
num_cat=0
split_feature=16 26 6 12 1 18 12 30 21 26 28 28 12 2 1 11 18 27 17 44 19 21 30 28 19 19 21 1 19 12 28 12 20 8 19 36 3 20 14 3 10 19 44 21
split_gain=7.6403e+06 2.18371e+06 1.92089e+06 1.85489e+06 2.15791e+06 1.58596e+06 1.52946e+06 1.44224e+06 1.19398e+06 1.74297e+06 1.12413e+06 1.09951e+06 922621 905687 954796 921547 833483 760281 760020 753234 666607 635261 818534 1.2705e+06 607459 858956 559204 554034 925574 548686 541990 482896 535120 465189 464836 444465 350052 514802 448515 337382 238331 225031 81004.6 151472
threshold=1562.9693154448792 28818.585416666669 -584.00499999999988 0.17026707412268807 0.055680606748290042 995.42088291273444 0.043112620323068028 0.81174490092936691 804.24221225759891 34883.875416666677 -0.9829629131445341 0.98296291314453432 0.064201588672999313 0.53939454987493451 0.17754724334573557 0.47270427881858695 1998.6334189596382 -0.70710678118654735 2345.2743751583434 4.791721250000001 709.18839906504832 287.56120427275431 0.81174490092936691 0.60355339059327384 595.13008241021805 204.25273939992789 636.32923322099259 0.069201051545509221 218.36594996117597 0.036263352751579811 -0.12940952255126034 0.036263352751579811 2371.9655774420448 266.73632456381978 488.30152107479847 2.5000000000000004 0.97863307222192453 1099.9080301261999 0.5237074786293805 1.6073739134340836 0.33534888473016594 61.717417351813459 2.2976386000000004 892.97666057311005
decision_type=2 2 2 2 2 2 2 2 2 2 2 2 2 2 2 2 2 2 2 2 2 2 2 2 2 2 2 2 2 2 2 2 2 2 2 2 2 2 2 2 2 2 2 2
left_child=5 39 7 4 11 17 -6 8 9 -3 19 -4 27 14 -14 -15 18 24 -5 42 -18 22 23 -19 25 41 35 33 -29 -10 -27 -9 -33 -12 -24 -21 38 -38 -23 -2 -28 -1 -7 -44
right_child=1 2 3 16 6 10 -8 31 29 -11 12 -13 13 15 -16 -17 20 21 -20 26 -22 36 34 -25 -26 30 40 28 -30 -31 -32 32 -34 -35 -36 -37 37 -39 -40 -41 -42 -43 43 -45
leaf_value=-0.95810413441931663 27.839283120291576 -4.2203523047765099 4.0911880844988984 8.9320135862012453 -2.5578093802582504 -1.4875617031574249 1.9345025768065194 -4.8382731420343577 -8.4593418771743778 -30.145506403996396 -0.42438339061265851 13.512130879953684 0.57666236790375602 1.8954660372274643 -5.8122314244173889 8.145260986533966 8.2117077016226858 -4.4723823064854074 0.22222005511642595 -5.8502735274178645 19.789422743278639 -1.0706229761535295 -0.77284068980487397 -0.30631580604775982 -13.693313293457031 -0.71616627155206147 -0.17124249778810097 -0.10833359877268472 -5.7175084922846073 -0.81821926612480012 5.9659482877682422 2.4829956834900138 14.68899425930447 3.2031564844924563 5.9255035601576722 -20.419021211821459 -7.9939171903691397 5.4175050478396214 2.1641940593381301 12.722847048441571 -6.3667643889734302 0.22705853498222944 8.8712546094258631 0.60081342134210802
leaf_weight=2099 20 47 1891 157 584 24 2840 21 74 25 1016 82 941 2464 177 160 78 1487 108 27 56 10198 722 684 20 116 60 482 308 305 233 48 44 290 72 28 93 22 281 23 117 2003 23 35
leaf_count=2099 20 47 1891 157 584 24 2840 21 74 25 1016 82 941 2464 177 160 78 1487 108 27 56 10198 722 684 20 116 60 482 308 305 233 48 44 290 72 28 93 22 281 23 117 2003 23 35
internal_value=0.00533927 2.46234 2.33908 2.77279 2.38267 -0.645311 1.16777 -2.11497 -4.13979 -13.5118 0.463758 4.48938 0.71482 1.46737 -0.439107 2.27951 8.03051 -1.02374 5.39654 -4.19153 13.1609 -1.32203 -2.35702 -3.16056 -0.119032 -0.054976 -6.51366 -0.628762 -2.29967 -2.32849 3.74926 5.93184 8.41582 0.382954 -0.158745 -13.4993 -1.03217 -5.40367 -0.983681 20.2267 -4.27935 -0.379477 2.37772 3.97524
internal_weight=30585 6403 6360 5796 5397 24182 3424 564 451 72 6152 1973 5838 3742 1118 2624 399 18030 265 314 134 13559 2965 2171 4471 4451 232 2096 790 379 349 113 92 1306 794 55 10594 115 10479 43 177 4102 82 58
internal_count=30585 6403 6360 5796 5397 24182 3424 564 451 72 6152 1973 5838 3742 1118 2624 399 18030 265 314 134 13559 2965 2171 4471 4451 232 2096 790 379 349 113 92 1306 794 55 10594 115 10479 43 177 4102 82 58
is_linear=0
shrinkage=0.08


Tree=46
num_leaves=55
num_cat=0
split_feature=22 27 4 1 28 7 7 25 27 37 5 4 19 37 7 16 22 8 9 19 5 21 5 18 0 17 28 12 1 15 19 7 19 19 46 0 18 7 14 15 14 45 8 10 38 7 1 17 19 8 25 45 20 9
split_gain=6.62306e+06 2.34631e+06 2.76841e+06 2.11219e+06 1.89202e+06 1.9008e+06 1.68129e+06 1.52038e+06 1.69505e+06 1.88383e+06 1.35985e+06 1.27845e+06 1.11644e+06 1.62163e+06 1.2646e+06 1.06251e+06 990398 944916 1.00523e+06 937523 906978 855094 795124 1.14907e+06 1.11134e+06 731413 711461 684489 1.00279e+06 906058 782697 605146 713983 633096 540610 607193 532822 524321 476677 823980 458549 429799 380105 410385 355235 310077 307339 396044 296640 285411 210082 208307 183167 175780
threshold=2026.5888750965628 -0.70710678118654735 1.1217164099534516 0.068650442830567884 -0.9159756150367534 30948.295833333337 22943.710833333338 31137.650000000005 0.91597561503675362 295.50000000000006 0.067221114158285564 0.96555934699739054 576.46600801760758 312.50000000000006 42502.757500000007 786.15894839621672 3209.1924870520902 816.11141565159744 639.80350265000004 509.51803386083446 0.071712729513438558 364.87887719965437 0.1281107805970306 1423.1258677895378 0.35852127283081475 2032.726412708347 -0.37940952255126009 0.046904636453836475 0.066927053480448362 27.366250000000004 325.07324323628023 28664.183333333338 224.853204396319 497.39075132390343 25.926950000000001 0.47344484209981913 2500.8674186857966 36343.611666666671 0.44440575336288285 195.90208333333337 0.46386281239878063 6.7888500000000009 380.05603431913977 0.4514736635084296 13.093436500000001 39613.970000000008 0.075532809959731037 910.35760903550988 299.42770225776047 338.37106591708442 30680.005000000005 14.743700000000002 1027.7843950777274 688.62437995000016
decision_type=2 2 2 2 2 2 2 2 2 2 2 2 2 2 2 2 2 2 2 2 2 2 2 2 2 2 2 2 2 2 2 2 2 2 2 2 2 2 2 2 2 2 2 2 2 2 2 2 2 2 2 2 2 2
left_child=11 16 3 12 5 -5 -6 8 9 -4 -10 31 14 -14 -3 19 22 21 -19 42 -21 -9 23 25 -24 -2 44 28 30 -30 -17 32 41 46 35 -29 53 -38 51 -40 -25 50 45 -44 -18 -13 47 -33 -36 -48 -1 -34 -43 -28
right_child=1 2 7 4 6 -7 -8 17 10 -11 -12 15 13 -15 -16 27 26 18 -20 20 -22 -23 24 40 -26 -27 36 34 29 -31 -32 33 38 -35 48 -37 37 -39 39 -41 -42 52 43 -45 -46 -47 49 -49 -50 -51 -52 -53 -54 -55
leaf_value=-4.4897748308221006 6.066365917710697 1.0974883162741567 3.6004127038640088 -20.904628439510571 -10.219162160632679 -4.2046352166347329 0.28162622518933794 -6.7664560791940405 13.206447970203516 -9.672560411241319 -3.1999303794393734 -0.88507517212498887 3.8452261955126201 22.169014090604559 9.2401903889072479 0.043258106828378787 6.5446896783510837 28.967668441136681 8.5462844888369247 22.905959134783068 -0.85708594640096025 6.4564640919309966 5.9410574310302726 3.183823295716707 -17.974647622680664 23.293264036178588 21.627575480143229 1.2504537445105854 -0.98830507451518967 -7.317127877167005 9.389407107988994 -0.9465302281905501 -5.9040395427200032 10.024271367968934 3.3348637296075694 -1.346747713442531 2.5470021524736959 11.815832590375628 -5.2399672734810085 10.025198211669922 7.7208473303859222 -1.4479444236032817 -15.765840061732701 -3.0118869620400508 -7.5291699010675615 1.0988775273731777 -1.7451365537702404 1.9107700251496358 11.931295327907655 -8.9478785133361818 -0.6120403163927095 -12.790591300964357 2.1830103955666225 11.928678711482458
leaf_weight=485 33 1376 138 50 102 308 1855 32 96 134 48 9698 112 42 133 1297 23 23 47 20 20 690 24 1181 24 31 32 4078 373 236 59 1986 52 32 72 670 61 111 245 24 162 1224 20 73 21 531 1758 367 40 35 110 69 95 27
leaf_count=485 33 1376 138 50 102 308 1855 32 96 134 48 9698 112 42 133 1297 23 23 47 20 20 690 24 1181 24 31 32 4078 373 236 59 1986 52 32 72 670 61 111 245 24 162 1224 20 73 21 531 1758 367 40 35 110 69 95 27
internal_value=0.0049907 2.18266 1.3311 0.312129 -1.25011 -6.58877 -0.270621 4.68359 0.764726 -2.94996 7.7533 -0.631381 2.4863 8.95341 1.82081 -0.270269 4.73311 6.73842 15.5697 -0.780727 11.2933 5.86186 3.896 4.24248 -6.13959 14.6406 9.132 0.50473 -0.75497 -3.44883 0.456532 -1.58868 -2.62941 -1.01426 1.0141 0.883751 10.9009 8.56235 -5.74593 -3.84593 3.73644 -1.99171 -0.828606 -5.89322 -0.190426 -0.781988 -1.10186 -0.500252 6.48344 -1.89065 -3.77511 -9.90373 -1.18497 17.4619
internal_weight=30585 6916 5186 3978 2315 358 1957 1208 416 272 144 23669 1663 154 1509 17187 1730 792 70 10362 40 722 1455 1407 48 64 275 6825 1965 609 1356 6482 2304 4178 4860 4748 231 172 390 269 1343 1914 10322 93 44 10229 4146 2353 112 1793 595 121 1319 59
internal_count=30585 6916 5186 3978 2315 358 1957 1208 416 272 144 23669 1663 154 1509 17187 1730 792 70 10362 40 722 1455 1407 48 64 275 6825 1965 609 1356 6482 2304 4178 4860 4748 231 172 390 269 1343 1914 10322 93 44 10229 4146 2353 112 1793 595 121 1319 59
is_linear=0
shrinkage=0.08


Tree=47
num_leaves=46
num_cat=0
split_feature=18 2 12 13 21 46 34 5 22 12 1 1 19 12 18 23 20 1 12 19 25 24 19 38 17 1 21 12 23 19 5 20 19 20 38 4 25 25 1 14 7 46 19 37 36
split_gain=5.61821e+06 1.81596e+06 1.86671e+06 1.59024e+06 1.49137e+06 1.48975e+06 1.42196e+06 1.37989e+06 1.26277e+06 1.25082e+06 1.34673e+06 1.30294e+06 1.21066e+06 1.16896e+06 1.23716e+06 1.16504e+06 1.14529e+06 1.08826e+06 1.6672e+06 1.32235e+06 929406 1.34966e+06 925106 2.09017e+06 919710 836931 786580 1.33501e+06 664041 635912 589462 574865 560708 543813 506033 410378 349727 259921 320798 271356 258668 217235 210095 199738 113625
threshold=1706.1374638911916 0.56020500470501722 0.02234664207335978 0.5284245493380777 1857.026196854524 18.272450000000003 1.0000000180025095e-35 0.090951609444569245 1254.6486088152492 0.085393524350643984 0.062711983669396343 0.15766350866793591 329.63139159596329 0.18946953262365177 2228.4778661858099 35658.500000000007 2408.5035798589292 0.074941269561409882 0.099132617910698564 425.07594124034773 32519.210000000003 32780.890000000007 390.10552129938475 7.3876658500000003 494.94905381194712 0.084146378101564154 1168.0946787817895 0.15505976650559297 31175.000000000004 95.760651694417888 0.014058026991247403 1295.5074945245731 249.49294195276309 785.62040133094217 6.0030610500000003 0.90745173183390782 32241.410000000003 30680.005000000005 0.038369234764303935 0.35607312139580288 39613.970000000008 25.795300000000001 115.81790009076933 28.500000000000004 2.5000000000000004
decision_type=2 2 2 2 2 2 2 2 2 2 2 2 2 2 2 2 2 2 2 2 2 2 2 2 2 2 2 2 2 2 2 2 2 2 2 2 2 2 2 2 2 2 2 2 2
left_child=8 2 4 5 25 -3 17 13 31 10 24 22 29 16 -15 -14 -4 19 -19 -5 28 -22 33 -24 44 30 27 -9 -13 -12 -2 35 -26 -11 43 37 -28 38 -1 -39 41 -37 -42 -7 -10
right_child=1 3 7 6 -6 34 -8 26 9 11 12 20 15 14 -16 -17 -18 18 -20 -21 21 -23 23 -25 32 -27 36 -29 -30 -31 -32 -33 -34 -35 -36 40 -38 39 -40 -41 42 -43 -44 -45 -46
leaf_value=-0.37439034100385593 -19.785565990101208 24.94415749168396 0.077018651970328908 3.0188540641735457 9.5558312688555027 4.6986440582275391 -13.525848000266336 -19.356376642499651 -1.3501022139839503 9.6555202529009652 2.5243772003141904 -6.5738825108568966 -9.7192545307093656 5.0298464736422979 26.069946842193605 0.43307265083744839 4.692270785405718 -0.96891867063248471 3.9496939760161589 7.7442553960716269 8.5036875527646369 -0.93945499113791275 10.69347833275795 0.64470480703745625 0.23275393748777748 -24.056274365234376 -3.654087261962891 -2.4272554505177033 -0.17279535249982561 -1.9322063206282034 -5.2554190867566151 -12.384155575207302 3.1472720739926179 1.3055447200168655 -3.8857140469551088 -0.82267865001821749 9.8933031145731611 -2.9327614793362229 -3.268956994084788 -0.86346631840218369 -0.40471504517682683 2.6150615462936275 1.8375884544809393 13.918464351109096 -7.8704783334171067
leaf_weight=330 21 39 1332 1123 27 29 32 48 22 50 238 256 231 73 23 105 463 786 1003 573 118 520 239 296 1482 24 24 77 174 1440 103 27 590 2424 23 10729 23 477 954 2690 665 118 446 34 84
leaf_count=330 21 39 1332 1123 27 29 32 48 22 50 238 256 231 73 23 105 463 786 1003 573 118 520 239 296 1482 24 24 77 174 1440 103 27 590 2424 23 10729 23 477 954 2690 665 118 446 34 84
internal_value=0.00490377 2.22717 0.433397 3.32902 -7.47551 12.1636 3.01165 1.10759 -0.524083 0.282258 -0.687998 1.27981 -2.17863 1.73243 10.2875 -6.55478 1.26942 3.16734 1.78936 4.61897 -1.11997 0.817657 2.13166 5.14536 0.690761 -10.6259 -5.73238 -9.03007 -3.99009 -1.29898 -7.85477 -0.929748 1.06378 1.47813 6.14768 -0.910147 3.04348 -1.56586 -2.5259 -1.17596 -0.665966 -0.785043 0.496279 9.81415 -6.54246
internal_weight=30585 5880 2238 3642 175 125 3517 2063 24705 8269 4192 4077 2014 1891 96 336 1795 3485 1789 1696 1068 638 3009 535 2178 148 172 125 430 1678 124 16436 2072 2474 86 16409 47 4451 1284 3167 11958 10847 1111 63 106
internal_count=30585 5880 2238 3642 175 125 3517 2063 24705 8269 4192 4077 2014 1891 96 336 1795 3485 1789 1696 1068 638 3009 535 2178 148 172 125 430 1678 124 16436 2072 2474 86 16409 47 4451 1284 3167 11958 10847 1111 63 106
is_linear=0
shrinkage=0.08


Tree=48
num_leaves=52
num_cat=0
split_feature=16 12 1 19 30 18 12 16 1 20 12 20 17 1 19 38 7 11 17 15 18 1 6 18 4 16 20 15 10 13 36 8 12 15 7 16 18 38 11 11 20 6 4 10 24 18 15 9 1 16 0
split_gain=4.90536e+06 1.38719e+06 1.50059e+06 1.33345e+06 1.46602e+06 1.32277e+06 1.33385e+06 1.28559e+06 1.38673e+06 1.66218e+06 1.41238e+06 1.06744e+06 1.06539e+06 1.00324e+06 2.34802e+06 1.00229e+06 1.5349e+06 969378 878783 878018 870331 898559 821805 819725 793364 861683 786095 758494 735132 834693 935862 727774 712169 641647 624685 591785 574211 541379 537803 537553 512791 510230 464075 553429 491972 448796 443645 415628 287115 143101 134364
threshold=1786.1298771869133 0.14168769429661141 0.079306453220254175 290.77128328696205 0.81174490092936691 2739.3066488678764 0.12540281785949656 3005.0980100075335 0.12076151691036274 1705.0540195537983 0.07436714417029168 1530.4999805683151 910.35760903550988 0.10176106252912483 595.13008241021805 12.632126000000001 34778.480000000003 0.36625134039473711 2312.5587359574915 -651.9133333333333 1037.8830049662122 0.17754724334573557 -499.99999999999983 582.23144018365736 0.69600850681274373 1249.0823035081685 1861.727593162658 -239.81145833333332 0.3007372646203223 0.67101569695767094 3.5000000000000004 867.10914946797095 0.07436714417029168 -257.18374999999997 30375.340833333335 1021.3313304389557 2174.1479042678975 13.260953500000001 0.51444535078905063 0.46293342010620259 1840.7697723346903 400.00000000000017 1.0160001280020483 0.47224767592475891 30933.550000000003 1218.1978630241931 59.678958333333334 400.88332760000009 0.049436555290774065 1021.3313304389557 0.57197458205021123
decision_type=2 2 2 2 2 2 2 2 2 2 2 2 2 2 2 2 2 2 2 2 2 2 2 2 2 2 2 2 2 2 2 2 2 2 2 2 2 2 2 2 2 2 2 2 2 2 2 2 2 2 2
left_child=1 2 12 35 11 6 7 8 10 -10 -2 -5 22 14 23 20 17 -17 -6 -9 -8 -22 49 50 26 31 34 -28 -7 42 48 -26 47 -18 -15 45 -21 -34 -27 -37 -16 -24 43 -30 -44 -4 -25 -14 -31 -1 -3
right_child=5 13 3 4 18 28 15 19 9 -11 -12 -13 32 24 40 16 33 -19 -20 36 21 -23 41 46 25 38 27 -29 29 30 -32 -33 37 -35 -36 39 -38 -39 -40 -41 -42 -43 44 -45 -46 -47 -48 -49 -50 -51 -52
leaf_value=-6.1109812120710103 0.035634613335603908 -0.18794758755285867 -1.4849563574302034 -3.2917508839715084 -0.20735972063882011 18.929477484566828 20.13963035300926 -9.2631666748046868 6.0537066139713414 -5.9573666380503996 3.8295897100112057 -9.3314438370506831 3.6537374839946337 -3.1456372442155232 11.341054803757441 -24.018837687174479 -7.5705932839711512 -3.7234656715393069 15.101346546041555 15.110825334730603 7.3278564376695874 1.0049715577282952 -0.57483793923639814 6.2399574322087643 -0.53095468612769658 4.7046219793018489 1.0810723213527513 -17.135297981084779 6.7180107271746277 11.030781683349611 -12.592797031402588 7.1304857017880394 2.3837040046291715 6.6930466078255932 4.3760903939048017 -0.54687114467307674 5.169814520870605 12.229281789418813 -2.5864518717715619 3.0167439617897145 29.780077846361241 3.924492550477749 -1.4141286750066848 -3.2739638627093774 11.915495487026401 -10.574423666817802 1.7690339561226744 -0.14856391880208494 -1.7528076825823105 -14.25384573759856 -6.7737922196161184
leaf_weight=34 1896 356 5923 450 139 27 26 24 92 357 938 322 203 316 20 20 23 55 28 41 484 205 9865 318 1433 448 22 42 158 24 31 83 1121 130 90 1415 356 36 75 334 22 163 20 45 142 34 258 1875 20 26 20
leaf_count=34 1896 356 5923 450 139 27 26 24 92 357 938 322 203 316 20 20 23 55 28 41 484 205 9865 318 1433 448 22 42 158 24 31 83 1121 130 90 1415 356 36 75 334 22 163 20 45 142 34 258 1875 20 26 20
internal_value=0.00454458 -0.449447 -0.685206 -1.50595 -4.35077 2.26536 1.85661 1.17208 0.637589 -3.48832 1.29227 -5.81971 -0.152568 1.02881 3.17838 4.5413 -0.0777939 -9.38039 2.43398 5.32867 6.0123 5.45077 -0.557684 2.34982 0.176287 0.859498 -2.78322 -10.9531 6.32008 5.50515 -2.15801 -0.107072 1.11052 4.5136 -1.4716 -1.15878 6.23186 2.70034 3.65612 0.134994 21.4675 -0.50132 7.08137 4.49785 10.2713 -1.5386 4.24389 0.224462 5.31024 -9.81538 -0.555297
internal_weight=30585 25471 21968 8645 939 5114 4647 3704 3283 449 2834 772 13323 3503 994 943 228 75 167 421 715 689 10088 952 2509 2039 470 64 467 440 75 1516 3235 153 406 7706 397 1157 523 1749 42 10028 365 203 162 5957 576 2078 44 60 376
internal_count=30585 25471 21968 8645 939 5114 4647 3704 3283 449 2834 772 13323 3503 994 943 228 75 167 421 715 689 10088 952 2509 2039 470 64 467 440 75 1516 3235 153 406 7706 397 1157 523 1749 42 10028 365 203 162 5957 576 2078 44 60 376
is_linear=0
shrinkage=0.08


Tree=49
num_leaves=47
num_cat=0
split_feature=16 28 27 4 27 3 27 28 18 26 26 11 38 35 28 38 27 26 22 44 8 46 24 37 5 46 20 8 3 15 28 46 18 23 7 8 8 5 2 38 5 6 11 11 10 4
split_gain=4.15389e+06 1.57434e+06 1.64986e+06 1.46018e+06 1.78218e+06 1.73816e+06 1.47072e+06 1.45037e+06 1.4357e+06 1.26536e+06 1.23347e+06 1.086e+06 1.54787e+06 1.027e+06 3.13552e+06 1.18966e+06 940743 917100 901598 861438 831714 795540 776451 714506 711428 701968 592977 744331 581364 569918 569718 546955 472941 432638 405410 621898 387078 328609 271638 227732 187361 118561 117120 65570 41302.1 27755.5
threshold=1786.1298771869133 0.98296291314453432 -0.70710678118654735 1.1090887273455723 0.12940952255126043 2.2357967022157044 -0.37940952255126059 -0.9829629131445341 1037.8830049662122 31704.310625000006 32231.450000000001 0.47493608532681159 7.4899308000000007 1.0000000180025095e-35 -0.12940952255126034 13.260953500000001 0.91597561503675362 35907.499166666676 3209.1924870520902 10.002421000000002 595.16997336795305 18.684350000000006 39339.810000000005 126.50000000000001 0.1281107805970306 17.210600000000003 1975.0399727857784 687.70773411900234 1.2636990303730811 184.67187500000009 -0.37940952255126009 25.795300000000001 2257.4581861031606 40457.500000000007 31019.798333333336 631.16248673136681 449.12303786824015 0.032032795799528412 0.49671158309661834 4.5945386500000014 0.098707770760552954 299.89500000000015 0.30916779466618421 0.30916779466618421 0.30937941797560836 1.00445535053201
decision_type=2 2 2 2 2 2 2 2 2 2 2 2 2 2 2 2 2 2 2 2 2 2 2 2 2 2 2 2 2 2 2 2 2 2 2 2 2 2 2 2 2 2 2 2 2 2
left_child=7 2 9 4 6 -6 -4 25 26 20 -3 12 -5 15 22 17 -13 -10 24 -16 23 33 -15 -2 -11 39 27 31 -17 -22 -20 -9 -23 37 38 36 -36 -12 -27 43 41 -41 -42 45 -45 -1
right_child=1 10 3 11 5 -7 -8 8 13 18 21 16 -14 14 19 28 -18 -19 30 -21 29 32 -24 -25 -26 34 -28 -29 -30 -31 -32 -33 -34 -35 35 -37 -38 -39 -40 40 42 -43 -44 44 -46 -47
leaf_value=1.5386253503850988 6.5275897160282845 26.464459062056108 -0.19553421684547709 15.156418058754193 -0.030979387958520392 6.0717480726724942 -6.5986135499596594 -0.71357520857193968 2.2061432763055122 2.6095879400093556 15.925938011745236 -5.0637737436763572 3.7418742129597042 -25.216983360467957 -0.33496074598662712 11.593762809812409 6.0169265560987517 0.073348622881074632 -1.1151857884724934 19.08484541393462 -3.7888362068965518 -8.6563858591715501 -5.7811327834356394 23.586809362931685 -10.06744682443553 -6.2964457460880281 -12.08233980376145 12.640556668882017 1.5462311718112134 13.317309924038973 9.142132838552449 2.5790013943472174 5.8070828955514093 -1.3988008603182707 -5.1561936135828139 6.7710792984008785 -15.24925525007577 7.8492030216016273 -18.112310343424479 -2.5135095371170477 -11.891306027499112 3.6141740508306595 -3.4144031906127932 -3.6436827744756428 0.41747344630606037 5.2660087571825294
leaf_weight=36 26 21 539 100 1225 394 399 17511 1840 1296 52 121 312 42 48 96 81 4314 41 20 28 29 20 43 28 24 28 26 60 21 216 328 27 21 168 24 28 94 29 659 21 20 22 20 67 20
leaf_count=36 26 21 539 100 1225 394 399 17511 1840 1296 52 121 312 42 48 96 81 4314 41 20 28 29 20 43 28 24 28 26 60 21 216 328 27 21 168 24 28 94 29 659 21 20 22 20 67 20
internal_value=0.00437519 2.08483 1.76961 0.691342 -0.150381 1.45701 -2.92336 -0.413398 -0.28278 3.7805 8.34327 4.19124 6.54238 0.741431 -6.26996 0.886852 -0.612771 0.711293 3.17932 5.57056 11.7409 6.52626 -19.1386 17.3438 2.3341 -3.2036 -0.651432 -0.632841 7.76379 3.66209 7.50777 -0.652894 -1.70339 9.27962 -6.73405 -5.17805 -6.66815 10.8146 -12.9774 -2.08288 -2.65997 -2.32797 -7.73045 0.829071 -0.546922 2.93887
internal_weight=30585 5114 4870 3171 2557 1619 938 25471 24333 1699 244 614 412 6440 130 6310 202 6154 1581 68 118 223 62 69 1324 1138 17893 17865 156 49 257 17839 56 167 273 220 196 146 53 865 722 679 43 143 87 56
internal_count=30585 5114 4870 3171 2557 1619 938 25471 24333 1699 244 614 412 6440 130 6310 202 6154 1581 68 118 223 62 69 1324 1138 17893 17865 156 49 257 17839 56 167 273 220 196 146 53 865 722 679 43 143 87 56
is_linear=0
shrinkage=0.08


Tree=50
num_leaves=46
num_cat=0
split_feature=18 8 21 3 38 0 28 44 26 7 12 8 44 7 28 19 7 19 8 24 22 38 28 25 29 19 14 35 14 12 14 38 22 44 7 3 17 0 38 19 7 8 6 18 39
split_gain=3.55581e+06 1.45418e+06 2.04967e+06 1.75668e+06 2.7781e+06 1.43121e+06 2.11814e+06 1.65191e+06 1.64339e+06 1.20096e+06 1.30394e+06 1.31387e+06 1.15817e+06 1.07567e+06 1.0255e+06 1.01638e+06 995174 1.87181e+06 1.32281e+06 1.39099e+06 1.28549e+06 1.35419e+06 965180 1.49618e+06 1.41868e+06 1.47808e+06 1.21173e+06 1.00312e+06 834787 783168 773207 725708 668201 520318 337411 254267 186389 174531 127903 163672 170960 88992.2 54805.4 30534.8 23222.7
threshold=1706.1374638911916 739.3636290339058 362.88883995021286 2.5750175502600348 6.4526388000000017 0.40981496607995499 0.96592582628906831 10.055063500000001 34438.260416666679 22337.725833333334 0.17263423685876972 995.43244380087151 4.2821262000000013 42798.356666666674 -0.9829629131445341 204.25273939992789 28202.850833333338 739.19286622200468 739.3636290339058 32424.520000000004 1314.03339730879 9.2676205000000014 -0.12940952255126034 34934.045000000006 -1.0000000180025095e-35 325.07324323628023 0.49226974535354479 1.0000000180025095e-35 0.42002265214761059 0.066942905786474494 0.43338435953085369 10.065666500000001 2929.4165729642878 4.791721250000001 37857.010833333341 1.1402962398991192 326.54347479004156 0.48853673383090573 6.0916937000000013 95.760651694417888 42798.356666666674 95.490507861429862 49.999999999999993 417.45211169135911 15.565889000000002
decision_type=2 2 2 2 2 2 2 2 2 2 2 2 2 2 2 2 2 2 2 2 2 2 2 2 2 2 2 2 2 2 2 2 2 2 2 2 2 2 2 2 2 2 2 2 2
left_child=14 2 3 4 37 8 7 -7 29 -3 11 28 -8 -10 15 38 22 20 -19 -20 34 -22 24 32 25 -16 -25 -26 -11 -4 31 -12 -24 -17 -18 36 -35 -2 41 43 -41 44 -43 -40 -1
right_child=1 9 5 -5 -6 6 12 -9 13 10 30 -13 -14 -15 16 33 17 18 19 -21 21 -23 23 26 27 -27 -28 -29 -30 -31 -32 -33 -34 35 -36 -37 -38 -39 39 40 -42 42 -44 -45 -46
leaf_value=-1.4012279692497749 0.79426433231519611 -13.059275948660714 5.2784536312721864 8.7241578010890795 -37.540124981219954 0.57086270427349772 -1.0268143762391189 -4.4350123977327103 1.8448437038893726 -2.4196324597234313 17.06026500092835 -10.52725073943267 8.5465050910847662 7.3056799160552863 -2.8699960541108887 3.8323308198348336 -0.70098663140247708 29.686236499604725 17.105429269113849 -8.3053551513671877 1.6884124646635525 -1.7936075969209375 -0.75088476288961181 -0.42885650700213868 2.028481385923294 -9.7312665435671803 11.576151552449103 -5.532484480956505 7.5430161933215016 17.184674386306547 -1.431167405169943 0.88600105979225863 -9.7080916086832687 -0.41907516207013812 0.30140240159565806 -15.766347139727685 -8.6656483484434599 -9.3688636125837057 -2.7709680600436228 -4.3935942944716588 2.7454164874553681 0.81271290349025349 5.5521057991359548 -0.66522860011748142 1.3447208798449972
leaf_weight=144 22 20 73 22 25 1615 115 570 2287 68 118 36 270 256 942 22 9739 20 30 24 3947 872 4178 101 497 255 114 144 250 70 22 21 53 20 2757 30 148 20 52 230 23 50 22 269 22
leaf_count=144 22 20 73 22 25 1615 115 570 2287 68 118 36 270 256 942 22 9739 20 30 24 3947 872 4178 101 497 255 114 144 250 70 22 21 53 20 2757 30 148 20 52 230 23 50 22 269 22
internal_value=0.00418793 1.77212 1.37346 -10.5985 -16.9783 1.57816 0.22836 -0.736449 2.8691 5.74503 6.49919 3.76573 5.69169 2.39723 -0.416651 -2.88403 -0.308971 0.00286006 12.6139 5.86608 -0.0517619 1.0581 -1.17173 -0.533994 -2.71323 -4.33857 5.96071 0.323946 5.41173 11.1855 12.4491 14.6405 -0.865355 -7.695 -0.479823 -8.98864 -7.6922 -4.15065 -1.5727 -2.21827 -3.73634 -0.0129819 2.31708 -1.01389 -1.03143
internal_weight=30585 5880 5345 89 67 5256 2570 2185 2686 535 515 354 385 2543 24705 1032 23673 17389 74 54 17315 4819 6284 4446 1838 1197 215 641 318 143 161 139 4231 220 12496 198 168 42 812 574 253 238 72 321 166
internal_count=30585 5880 5345 89 67 5256 2570 2185 2686 535 515 354 385 2543 24705 1032 23673 17389 74 54 17315 4819 6284 4446 1838 1197 215 641 318 143 161 139 4231 220 12496 198 168 42 812 574 253 238 72 321 166
is_linear=0
shrinkage=0.08


Tree=51
num_leaves=47
num_cat=0
split_feature=16 28 19 12 26 28 25 6 12 21 7 27 23 28 19 14 19 18 0 39 22 22 17 26 8 5 19 9 22 7 12 9 19 28 27 14 7 37 38 6 24 19 19 19 38 18
split_gain=3.06691e+06 1.32764e+06 1.60819e+06 2.31755e+06 1.25986e+06 1.60278e+06 1.5184e+06 1.27573e+06 1.02853e+06 1.02131e+06 1.00459e+06 945135 1.01484e+06 934850 1.74983e+06 943616 1.59648e+06 1.27328e+06 914641 1.8468e+06 1.34469e+06 908549 906123 746620 714254 705328 1.32904e+06 1.17615e+06 1.02172e+06 670932 659318 631516 613857 1.2288e+06 717515 599768 569800 555946 492610 478425 458200 431867 339803 285987 215214 69946.9
threshold=1658.6664974867074 -0.9159756150367534 709.18839906504832 0.079925582567519193 31540.662291666671 -0.70710678118654757 28304.120000000003 -438.74499999999995 0.14168769429661141 761.66901494483602 35093.708333333343 0.25881904510252091 40259.000000000007 -0.5 244.47097625518157 0.43467698857839793 464.25703865863346 2374.987419907327 0.40675408621581371 7.0313310500000012 3130.9621870995857 3178.4872637158019 245.39854935753308 34566.144166666672 709.52667636726585 0.073703788279816107 390.10552129938475 483.08511875000005 3040.5925324717869 27259.660000000003 0.17488729084455343 804.50777190000019 212.21842032167106 -0.9159756150367534 0.25881904510252091 0.40696487318187924 41477.184166666673 162.50000000000003 12.363891000000001 -699.9849999999999 40047.610000000008 132.12150365067538 106.19546761270797 58.006107095449259 4.3785581500000008 1482.0118420783567
decision_type=2 2 2 2 2 2 2 2 2 2 2 2 2 2 2 2 2 2 2 2 2 2 2 2 2 2 2 2 2 2 2 2 2 2 2 2 2 2 2 2 2 2 2 2 2 2
left_child=8 2 11 -4 5 -3 -7 9 10 23 13 24 37 14 42 16 -15 -17 20 -20 -9 25 -16 -6 31 26 41 -28 39 -8 -30 -2 43 34 -34 -23 -35 -13 -11 -27 -14 -10 -1 45 -45 -12
right_child=1 4 3 -5 7 6 29 18 21 38 32 12 40 15 22 17 -18 -19 19 -21 -22 35 -24 -25 -26 28 27 -29 30 -31 -32 -33 33 36 -36 -37 -38 -39 -40 -41 -42 -43 -44 44 -46 -47
leaf_value=-0.76793786833025113 -6.2494947714231817 -12.970647032364555 -33.501534563700361 -0.14370013329290576 -2.9226367914109006 -5.4937387397961741 18.157811734105501 2.1400928343019139 -0.48892976516475883 -1.7861547284194563 -0.76307823589925394 4.1911305496215823 15.218194068170362 -1.1370561866916462 1.1472670800685882 0.075120718870696518 -10.822334838214221 14.973480067897487 -4.138980672540872 2.1080651654400557 6.4804837383151632 1.9939667619977679 -8.2131484437464479 -24.686708720979237 11.132646978469122 -5.7238242725993311 19.824315036680641 4.9084562645336192 -20.978623362454499 8.5376703402460841 -4.5930085728532184 1.5273316582300331 -4.791584649063612 3.3842137211322076 3.7663369262352422 20.861903438568117 15.478225053640513 -11.004422825603951 7.3030047171456474 0.39789372922096933 4.4679452426228305 2.4154439366767169 -2.7499293577173733 1.7220893327377238 0.072507721979100367 1.7122152933120729
leaf_weight=1730 240 22 23 30 20 38 70 1690 638 418 2953 24 30 5874 79 4746 110 36 367 1711 626 20 400 20 20 85 40 201 21 146 58 92 212 672 88 23 25 40 41 1635 150 672 814 610 2951 74
leaf_count=1730 240 22 23 30 20 38 70 1690 638 418 2953 24 30 5874 79 4746 110 36 367 1711 626 20 400 20 20 85 40 201 21 146 58 92 212 672 88 23 25 40 41 1635 150 672 814 610 2951 74
internal_value=0.0038495 1.65655 -1.75196 -14.9721 2.08476 7.33452 9.1372 1.7872 -0.384436 -2.04294 -0.589844 -0.553233 3.26539 -0.996595 -2.23948 -0.647429 -1.31687 0.190386 2.22253 1.0033 3.31556 0.909316 -6.67019 -14.1414 -3.20199 0.759075 2.00868 7.45581 -0.318784 11.7246 -9.15647 -4.09636 0.149635 1.9986 -2.27709 12.3309 3.83956 -5.32928 -0.960158 0.0922169 6.33383 1.00165 -1.40294 -0.130441 0.355486 -0.70202
internal_weight=30585 5818 649 53 5169 276 254 4893 24767 499 21374 596 244 13789 3023 10766 5984 4782 4394 2078 2316 3393 479 40 352 3350 1551 241 1799 216 79 332 7585 997 300 43 697 64 459 1720 180 1310 2544 6588 3561 3027
internal_count=30585 5818 649 53 5169 276 254 4893 24767 499 21374 596 244 13789 3023 10766 5984 4782 4394 2078 2316 3393 479 40 352 3350 1551 241 1799 216 79 332 7585 997 300 43 697 64 459 1720 180 1310 2544 6588 3561 3027
is_linear=0
shrinkage=0.08


Tree=52
num_leaves=52
num_cat=0
split_feature=21 27 19 12 1 34 22 5 19 12 22 15 6 36 22 22 27 12 9 14 15 39 19 1 4 14 20 29 21 16 19 10 6 14 6 23 39 7 8 23 19 5 16 12 25 12 27 44 16 20 22
split_gain=2.67026e+06 1.72272e+06 2.36941e+06 1.30884e+06 1.4338e+06 1.2459e+06 1.25269e+06 1.24685e+06 1.21722e+06 1.51026e+06 940283 1.0033e+06 911632 984987 867698 854281 800398 702103 780322 1.10347e+06 982037 865451 698917 668784 758245 909218 811101 646948 595579 567905 555670 815064 602400 546055 487863 424147 535501 385216 273414 251622 231473 233723 212802 209457 208870 155573 153093 147780 75223 40480 35994.3
threshold=1477.6462991607084 -0.70710678118654735 232.95339352564329 0.16079617603955024 0.079306453220254175 1.0000000180025095e-35 3130.9621870995857 0.066241736773421864 260.27376991069622 0.051968590424222284 3383.1803262215603 70.758541666666716 299.89500000000015 5.5000000000000009 3040.5925324717869 3424.9495614618859 0.25881904510252091 0.086045795484828561 804.50777190000019 0.40522535077662164 315.92937500000011 3.5225491500000001 425.07594124034773 0.11902083097981232 1.0000512820512972 0.37163143523580949 2383.5910576283645 -0.8783796973249266 276.36463875760762 3050.8705243132035 739.19286622200468 0.43084318892680656 195.01000000000013 0.35243353844791808 485.01000000000005 45953.500000000007 2.9617447500000007 27176.583333333336 408.87592371001875 25152.500000000004 54.473343630432005 0.023283555510666805 1845.9241844862479 0.11922504242785299 46832.380000000012 0.046904636453836475 -0.5 13.159668750000003 590.30592280092503 508.26538370310851 618.83175054744868
decision_type=2 2 2 2 2 2 2 2 2 2 2 2 2 2 2 2 2 2 2 2 2 2 2 2 2 2 2 2 2 2 2 2 2 2 2 2 2 2 2 2 2 2 2 2 2 2 2 2 2 2 2
left_child=1 2 40 4 12 6 14 -8 28 -10 17 15 29 -14 -5 16 -12 18 19 20 -2 -21 44 30 26 -26 -25 38 -6 -3 32 -32 -4 34 43 36 -35 39 -13 -7 48 45 -43 -19 -20 -42 -24 -29 50 -50 -1
right_child=10 3 23 5 8 37 7 -9 9 -11 11 27 13 -15 -16 -17 -18 33 22 21 -22 -23 46 24 25 -27 -28 47 -30 -31 31 -33 -34 35 -36 -37 -38 -39 -40 -41 41 42 -44 -45 -46 -47 -48 -49 49 -51 -52
leaf_value=-0.58290949114955648 -3.7572882420920473 -0.44249769068038575 3.1509721026963824 1.5975692835675026 -2.9087217493356827 -10.515303414084695 19.875598628831948 3.9557938503524634 -8.3838232982305829 -2.3607600010980834 16.437777345445419 1.2508108936656606 3.5802943631748656 -4.5915851270502266 -8.2809391810530322 25.932241798683449 -1.7251540320260186 -4.85953373336792 4.9463326204234157 -10.065986492759302 11.20518313598633 2.2266365867417308 6.7937505322410949 2.8827947173635642 -10.768836438265714 0.54726263966809474 17.577702214167669 11.027442339215959 -0.73815017641122438 10.232029130458832 5.2306250004584971 22.784071259131796 8.0867634685075469 -4.5277772865295409 11.65052148364839 13.947143420577049 5.06289128385409 -13.673094527785842 -11.45745709505948 -0.14572100798288981 0.61918469021444 0.20518640045201791 -3.9342640038234431 0.84344480573603531 -0.55571170806884762 3.1442716741276118 15.991902904510498 2.2689367348807199 -4.8321323598225909 -1.6492990483779173 1.6878853951329771
leaf_weight=1615 445 10115 789 1616 958 21 45 102 323 1509 35 21 669 109 58 26 27 64 115 37 29 1052 20 331 54 261 25 34 5183 31 51 25 198 39 20 31 593 36 21 47 337 2588 81 112 71 291 37 20 29 194 45
leaf_count=1615 445 10115 789 1616 958 21 45 102 323 1509 35 21 669 109 58 26 27 64 115 37 29 1052 20 331 54 261 25 34 5183 31 51 25 198 39 20 31 593 36 21 47 337 2588 81 112 71 291 37 20 29 194 45
internal_value=0.00356788 -0.236034 0.858023 -0.599343 -0.801794 1.38743 1.87509 8.93057 -1.6174 -3.42668 2.33544 7.85237 -0.206422 2.43097 1.25056 13.9733 8.62628 1.95174 1.05516 0.398047 -2.8202 1.80013 5.2628 3.41678 1.43632 -1.42058 3.96109 2.15528 -1.07718 -0.408878 4.66439 11.2257 4.14831 3.83332 0.122338 4.92855 4.46484 -7.08796 -5.22201 -3.45408 0.000986953 0.405103 0.0781341 -1.2461 2.85435 1.79239 12.9373 7.88378 -0.706431 -2.08293 -0.520373
internal_weight=30585 27736 6914 20822 18897 1925 1821 147 7973 1832 2849 184 10924 778 1674 88 62 2665 1806 1563 474 1089 243 1734 671 315 356 96 6141 10146 1063 76 987 859 196 663 632 104 42 68 5180 3297 2669 176 186 628 57 54 1883 223 1660
internal_count=30585 27736 6914 20822 18897 1925 1821 147 7973 1832 2849 184 10924 778 1674 88 62 2665 1806 1563 474 1089 243 1734 671 315 356 96 6141 10146 1063 76 987 859 196 663 632 104 42 68 5180 3297 2669 176 186 628 57 54 1883 223 1660
is_linear=0
shrinkage=0.08


Tree=53
num_leaves=46
num_cat=0
split_feature=21 12 22 27 6 29 22 23 28 28 27 18 26 28 28 3 18 20 22 8 14 22 5 26 35 26 21 11 8 26 3 28 46 46 29 12 44 24 4 12 38 6 28 38 14
split_gain=2.33535e+06 1.57937e+06 1.17057e+06 1.1517e+06 1.14954e+06 1.12822e+06 3.40618e+06 2.16692e+06 1.70273e+06 1.12833e+06 1.24286e+06 1.10967e+06 1.13266e+06 1.05749e+06 1.01464e+06 1.23585e+06 1.16539e+06 923367 902675 1.57757e+06 1.05721e+06 889987 873112 864256 1.17251e+06 764530 739652 691750 686254 676826 631961 723415 1.00677e+06 845830 661224 608725 597782 575306 410457 393266 359616 241535 238159 219623 171040
threshold=1223.9729628642706 0.14168769429661141 3119.4384590757909 -0.70710678118654735 749.93500000000017 -1.0000000180025095e-35 2929.4165729642878 36953.500000000007 0.25881904510252057 -0.37940952255126009 0.37940952255126054 2739.3066488678764 42492.451666666675 0.96592582628906831 0.1294095225512602 2.1661870192782646 1998.6334189596382 2077.478831511326 3040.5925324717869 867.10914946797095 0.47230107830503437 3023.8431264869428 0.079614244343083632 34489.353750000009 1.0000000180025095e-35 44189.407083333346 1300.821923639917 0.49115375450085741 739.3636290339058 33986.852500000008 2.5750175502600348 -0.37940952255126009 20.142600000000005 16.434900000000003 -1.0000000180025095e-35 0.17488729084455343 9.1985860000000006 43707.545000000006 1.312545887856833 0.090532947320665594 2.3701611000000002 618.47500000000002 0.60355339059327384 7.4403535000000014 0.40249303458053559
decision_type=2 2 2 2 2 2 2 2 2 2 2 2 2 2 2 2 2 2 2 2 2 2 2 2 2 2 2 2 2 2 2 2 2 2 2 2 2 2 2 2 2 2 2 2 2
left_child=1 3 18 30 11 6 8 -8 -5 10 -7 23 37 -11 15 22 42 38 19 28 35 40 -4 26 25 -25 -2 -18 -3 -28 31 33 -33 -1 -32 -20 -17 39 -6 -13 -19 -21 -16 -36 -40
right_child=4 2 14 5 17 9 7 -9 -10 13 -12 12 -14 -15 16 36 27 21 20 41 -22 -23 -24 24 -26 -27 29 -29 -30 -31 34 32 -34 -35 43 -37 -38 -39 44 -41 -42 -43 -44 -45 -46
leaf_value=-0.60475663303165095 15.911882261388442 0.92535255729483279 32.432446637834822 -2.5052127817842789 9.8695768564397639 -0.43505437585579915 -17.678515545837861 3.4802549594786107 0.045315079822632914 -1.7231865193087876 2.4227710657551582 3.7134226925459513 22.366904748004419 1.1547065164295354 -13.977620168413434 10.170266712733676 15.259369173294459 16.357945701962425 -21.534782505741827 17.915612355825061 7.1345083496093755 25.732172083173477 12.470704342711207 0.98344862379906928 -16.638616784667967 -4.0991058298810641 1.7806018227295912 -1.9300117187500001 -10.498599039246056 10.861147442157453 18.441057225799561 0.28703212252939853 3.8976659330704537 -7.0561277365534556 -4.0035478065127412 -5.7760340211449606 -6.859720373535156 -5.3164302886159795 1.5448202151343935 9.7874934014506731 3.0718417791418124 7.1380056152343752 -3.0198161359514506 7.2150422286987306 -8.727044241768974
leaf_weight=716 33 3352 20 3860 21 2570 132 40 2959 4002 1567 330 22 1026 20 27 38 20 26 36 24 27 50 3940 24 198 277 24 33 64 24 3998 563 158 20 40 24 37 20 86 36 24 34 23 20
leaf_count=716 33 3352 20 3860 21 2570 132 40 2959 4002 1567 330 22 1026 20 27 38 20 26 36 24 27 50 3940 24 198 277 24 33 64 24 3998 563 158 20 40 24 37 20 86 36 24 34 23 20
internal_value=0.00360674 -0.311148 1.19936 -0.574264 1.55607 -0.914693 -1.68007 -12.7662 -1.39861 -0.33075 0.647748 1.35258 5.02746 -1.13582 6.63027 11.7243 1.26189 8.57917 0.833481 1.04094 -7.0318 14.02 18.5505 0.966733 0.635139 0.739321 4.6453 8.6804 0.810914 3.51164 0.42535 0.329395 0.733478 -1.77775 8.0899 -12.2128 2.17835 4.13795 1.06942 4.98958 8.02061 13.7923 -7.25861 2.02469 -3.6787
internal_weight=30585 25430 3772 21658 5155 16156 6991 172 6819 9165 4137 5011 475 5028 237 121 116 144 3535 3445 90 83 70 4536 4162 4138 374 62 3385 341 5502 5435 4561 874 67 66 51 453 61 416 56 60 54 43 40
internal_count=30585 25430 3772 21658 5155 16156 6991 172 6819 9165 4137 5011 475 5028 237 121 116 144 3535 3445 90 83 70 4536 4162 4138 374 62 3385 341 5502 5435 4561 874 67 66 51 453 61 416 56 60 54 43 40
is_linear=0
shrinkage=0.08


Tree=54
num_leaves=44
num_cat=0
split_feature=22 30 4 7 19 27 27 3 1 23 24 27 35 32 24 46 25 14 22 7 17 24 7 19 1 20 14 27 19 24 19 30 24 1 1 25 15 24 14 20 11 19 21
split_gain=2.03326e+06 1.5911e+06 2.84484e+06 1.00268e+06 1.3103e+06 981716 1.2313e+06 1.3666e+06 1.16549e+06 662206 1.29559e+06 614298 714202 679955 585418 594745 566271 558168 764365 713058 486732 480342 436667 443657 420973 503442 409106 363866 526298 356956 336680 701004 332803 325756 280534 277554 272044 241479 221888 143187 67041.6 89171.9 30013.9
threshold=1411.1467019902527 0.81174490092936691 0.95345179898211219 23165.886666666669 400.20756300939792 -0.70710678118654735 -1.0000000180025095e-35 2.2357967022157044 0.18946953262365177 44332.500000000007 37212.345000000008 -0.9159756150367534 1.0000000180025095e-35 -0.68301270189221952 38649.625000000007 20.340250000000001 28895.130000000001 0.48125907748542007 3097.2802626377347 27735.360000000004 1444.143480146038 31058.260000000006 38509.695000000007 126.08279085872134 0.062711983669396343 1861.727593162658 0.46009031380534687 -0.70710678118654735 295.04571564515408 34408.125000000007 338.3537910039542 1.0000000180025095e-35 28500.755000000001 0.12244085274588928 0.034968591246364797 40940.23000000001 25.517291666666701 30734.650000000005 0.59539357914834035 909.36263118515308 0.28782542545706868 58.006107095449259 785.92105800533511
decision_type=2 2 2 2 2 2 2 2 2 2 2 2 2 2 2 2 2 2 2 2 2 2 2 2 2 2 2 2 2 2 2 2 2 2 2 2 2 2 2 2 2 2 2
left_child=20 2 11 16 24 17 8 -8 -7 10 -6 14 13 -13 15 -2 -3 19 -19 -4 22 -14 27 40 37 -26 29 28 38 -25 34 -32 -22 -30 -29 -16 -11 -5 -1 -28 42 -42 -24
right_child=1 3 5 4 9 6 7 -9 -10 36 -12 12 21 -15 35 -17 -18 18 -20 -21 32 -23 23 26 25 -27 39 30 33 -31 31 -33 -34 -35 -36 -37 -38 -39 -40 -41 41 -43 -44
leaf_value=-0.14112428501400373 16.704366920734273 -12.704070931171117 -10.981025839218725 6.9044984637731801 5.9327620404722579 -0.84394478268368323 0.79875780424427822 5.6882381991212592 -10.590844952227121 6.3375351881258419 -11.388635920820565 0.60023401856849701 -6.6209394690195724 -3.9326920496354525 -9.7673834991455077 -0.93133165532892404 3.7722204789661227 4.870242798842356 20.807399028431288 2.3680348924508823 0.12953063783191499 -20.461203467327618 -0.76757105428075034 7.9819030223354224 0.98263196930849461 -6.0903725428370867 -0.808596463063184 -0.068642547107432922 8.2721351840224457 1.7198664389023839 2.9041417622970322 -7.7823273613272592 -12.8695239313911 -1.0644878278459822 -0.95190216290574015 2.9823815605857158 15.83267058405383 1.8979818929944718 6.3499507082209874 -8.4075941344230412 -0.5088369742088229 1.0183575465121577 -2.2332255706111943
leaf_weight=3871 28 37 25 86 630 1459 3705 405 82 32 28 278 59 885 21 21 20 166 21 1832 20 22 440 61 265 84 33 2979 78 996 58 118 33 34 10119 21 57 216 33 30 714 371 112
leaf_count=3871 28 37 25 86 630 1459 3705 405 82 32 28 278 59 885 21 21 20 166 21 1832 20 22 440 61 265 84 33 2979 78 996 58 118 33 34 10119 21 57 216 33 30 714 371 112
internal_value=0.00365819 0.90673 0.510964 3.36089 3.78627 1.10247 0.558815 1.28183 -1.36913 6.0705 5.17952 -2.89678 -3.36126 -2.84957 3.4203 9.27875 -6.95755 2.6045 6.76113 2.18251 -0.467443 -10.5837 -0.446989 0.487895 1.1599 -0.73229 1.71406 -0.596082 0.0711244 2.08845 -0.797933 -4.26414 -8.05266 5.45347 -0.751035 -3.4714 12.527 3.34176 -0.084644 -4.502 -0.351552 0.0138219 -1.06845
internal_weight=30585 10485 9030 1455 1398 7695 5651 4110 1541 747 658 1335 1244 1163 91 49 57 2044 187 1857 20100 81 20047 2757 651 349 1120 17290 4016 1057 13274 176 53 112 13098 42 89 302 3904 63 1637 1085 552
internal_count=30585 10485 9030 1455 1398 7695 5651 4110 1541 747 658 1335 1244 1163 91 49 57 2044 187 1857 20100 81 20047 2757 651 349 1120 17290 4016 1057 13274 176 53 112 13098 42 89 302 3904 63 1637 1085 552
is_linear=0
shrinkage=0.08


Tree=55
num_leaves=44
num_cat=0
split_feature=21 12 1 18 11 18 14 16 19 15 26 20 9 44 7 7 37 19 38 16 28 7 26 12 44 4 25 18 28 16 19 44 15 20 38 25 46 25 25 0 4 15 18
split_gain=1.79525e+06 1.20684e+06 1.42189e+06 1.30577e+06 1.30957e+06 1.08709e+06 1.06397e+06 1.01984e+06 1.31898e+06 893621 1.38012e+06 1.25556e+06 1.04516e+06 872329 859549 857619 851014 821151 818303 669372 658038 716269 1.15397e+06 1.03204e+06 801762 799243 684473 633565 1.51364e+06 972847 630600 559541 384060 343473 328886 261813 253042 232288 466808 216492 216326 203877 138873
threshold=1477.6462991607084 0.07436714417029168 0.059528773834004955 2400.9679739864473 0.50877016550151111 2593.2568529125997 0.40352219453445692 3005.0980100075335 648.80539728898964 212.88812500000003 29458.384791666667 1945.1401657325112 709.19982510000011 6.5532410000000008 30313.206666666669 36595.937500000007 319.50000000000006 595.13008241021805 9.9554085000000025 2970.0870861186709 0.98296291314453432 42798.356666666674 43202.210833333338 0.086719395844202726 15.533381000000002 0.79594076328328034 43695.460000000006 2098.749426794398 0.78656609248549303 1543.9451096952896 379.89625017337096 7.3803710000000011 109.11687500000001 2572.8803664924826 3.1241386500000004 39566.150000000009 18.221850000000007 46832.380000000012 49468.400000000001 0.43530259575842151 1.0186955829921593 86.755208333333343 2521.0321204144539
decision_type=2 2 2 2 2 2 2 2 2 2 2 2 2 2 2 2 2 2 2 2 2 2 2 2 2 2 2 2 2 2 2 2 2 2 2 2 2 2 2 2 2 2 2
left_child=1 2 19 9 6 7 33 8 -4 11 18 15 -13 -9 -12 -3 -8 -6 -11 27 21 22 24 39 25 -2 -26 29 -29 -1 37 -21 -25 -5 -22 36 -36 42 -39 -24 41 -32 -23
right_child=20 3 5 4 17 -7 16 13 -10 10 14 12 -14 -15 -16 -17 -18 -19 -20 31 34 30 23 32 26 -27 -28 28 -30 -31 40 -33 -34 -35 35 -37 -38 38 -40 -41 -42 -43 -44
leaf_value=-0.27288167850796574 -3.1863556937422075 -0.15036438066306429 -1.5705364925187764 -7.0165295288085945 4.8038929267551591 -18.681749153137208 21.0561846594717 -2.121834234714508 -10.085416953303232 5.2381313622516137 -0.60045842970143193 -5.3786586976249193 0.92719115724894996 13.724364733228498 3.5300155146665317 1.5075378354795472 7.8756420807404952 -16.42433042526245 27.614638773600259 17.318827948937049 -0.36520162765796371 1.0091465779713222 -15.808889564332508 -7.6682603533608571 -18.01296917438507 2.4465028270731586 1.9380414399646577 -10.655224345313179 12.798057982704856 3.0112629578217343 9.7191902581969298 0.18103409449259442 1.9327362155914307 4.7759717116245 17.039404149699855 2.6338374465942382 6.9584912987911345 -10.366285224327674 5.1285500144958496 -6.7191134925322107 14.432599915504456 1.8045059466361999 9.7258353424072261
leaf_weight=7415 174 8918 5481 24 22 23 50 39 118 22 574 481 258 50 734 2572 87 23 20 25 25 27 41 34 23 2066 20 89 21 625 66 23 111 42 36 24 32 25 23 32 39 31 20
leaf_count=7415 174 8918 5481 24 22 23 50 39 118 22 574 481 258 50 734 2572 87 23 20 25 25 27 41 34 23 2066 20 89 21 625 66 23 111 42 36 24 32 25 23 32 39 31 20
internal_value=0.0033523 -0.193109 -0.719235 0.33615 6.07703 -1.68822 8.80821 -1.61624 -1.75176 0.230862 2.18333 0.0151614 -3.17888 6.8341 1.71833 0.220851 12.8038 -6.16727 16.288 -0.0440808 1.91537 1.66204 1.26701 -4.2814 1.79847 2.00772 -8.90028 -0.100117 -6.10282 -0.0172416 5.91506 9.27825 -0.355635 0.447068 7.76643 9.95628 12.465 0.896463 -2.98854 -11.969 9.38857 7.23398 4.84372
internal_weight=30585 27736 13909 13827 248 5711 203 5688 5599 13579 1350 12229 739 89 1308 11490 137 45 42 8198 2849 2732 2501 218 2283 2240 43 8150 110 8040 231 48 145 66 117 92 68 95 48 73 136 97 47
internal_count=30585 27736 13909 13827 248 5711 203 5688 5599 13579 1350 12229 739 89 1308 11490 137 45 42 8198 2849 2732 2501 218 2283 2240 43 8150 110 8040 231 48 145 66 117 92 68 95 48 73 136 97 47
is_linear=0
shrinkage=0.08


Tree=56
num_leaves=52
num_cat=0
split_feature=22 28 34 27 0 13 1 26 28 27 2 30 26 21 24 9 17 1 4 9 24 21 14 28 8 46 8 15 22 38 45 46 7 22 27 25 21 27 9 6 45 13 21 14 1 17 26 8 9 7 0
split_gain=1.55084e+06 1.44828e+06 1.98481e+06 1.67385e+06 1.36082e+06 1.99575e+06 1.42829e+06 1.21994e+06 1.04208e+06 1.01394e+06 976159 957723 1.18941e+06 1.13595e+06 845309 845112 895592 836315 670049 605204 582763 548593 530551 439783 455207 451804 433469 408315 367439 696750 328469 326697 305410 594528 450859 748382 342097 566011 1.06715e+06 290560 266780 246701 250625 228771 413811 208008 177617 124195 121763 106966 62286.7
threshold=2026.5888750965628 -0.9159756150367534 1.0000000180025095e-35 0.25881904510252091 0.44072558017973784 0.53499687325573753 0.1969881678844059 28818.585416666669 -0.60355339059327384 0.60355339059327384 0.71241336337890915 -0.56174490092936669 34611.151041666679 1055.7286535888677 27550.120000000003 598.43722000000014 2803.4179486041867 0.052591713138037864 0.96555934699739054 570.87808050000001 43174.670000000006 712.22079750725709 0.48284507647351205 -0.9829629131445341 230.37096178665732 25.795300000000001 520.58208160068637 -508.7374999999999 1314.03339730879 7.7504735000000009 19.457900000000006 25.565300000000004 28884.805000000004 1583.5101358511365 0.98296291314453432 30942.745000000006 52.060096483503209 -0.25881904510252113 487.66306680000008 -1227.9999999999998 6.7888500000000009 0.72080189524069527 59.19966180398945 0.5123679027986705 0.097717753972621349 862.78481538327071 37739.459166666675 190.32265598242734 588.88519620000011 39731.475833333338 0.4179017886909453
decision_type=2 2 2 2 2 2 2 2 2 2 2 2 2 2 2 2 2 2 2 2 2 2 2 2 2 2 2 2 2 2 2 2 2 2 2 2 2 2 2 2 2 2 2 2 2 2 2 2 2 2 2
left_child=18 2 3 11 5 9 7 14 -9 22 17 13 -13 -2 -6 -5 -17 -7 32 27 -12 -21 -3 24 30 28 -11 -8 31 -30 48 -25 33 39 35 -35 37 47 -39 -1 -41 42 -38 46 -45 50 -27 -34 -20 -43 -26
right_child=1 4 -4 15 6 10 19 8 -10 26 20 12 -14 -15 -16 16 -18 -19 23 21 -22 -23 -24 25 45 43 -28 -29 29 -31 -32 -33 36 34 -36 -37 41 38 -40 40 -42 49 -44 44 -46 -47 -48 -49 -50 -51 -52
leaf_value=-9.7994483566284174 -24.782032150650025 8.4506350973121673 -24.210238500976562 -11.403006515502931 -0.20814328148251487 3.8920605812547895 -17.667875242233276 -7.1534672906420642 0.85706972733313114 12.370920740389357 16.297466419764927 -8.6085049754175653 0.97840622783529341 -6.1343504767870378 20.624709130489464 7.494166307142466 -3.5899805969488425 0.92548897516411444 -1.2443028758501096 7.2514674617222372 5.2268639013322726 -4.6311826049449829 -4.1523518613406587 -0.21018180545819504 -6.0811051203409834 -1.0504955968089487 25.119645935058593 -6.7609015833321271 1.1489537618557326 -1.1553069171834445 -8.6392473263210725 -4.5327794267434989 1.388011414051056 0.67610940082653148 -16.919452959143598 -11.547980215507641 -9.0805166868730023 -0.51191081364949542 22.276223023732506 -2.7138752253667304 -0.74314279916933035 -5.4358012840873311 -0.5162323343022226 10.856573298939489 0.96737929955968316 -11.669705649375915 4.5059589606523511 -5.8085604797363279 2.0580077463707753 -1.5516988601154751 -0.3016857347034273
leaf_weight=25 24 93 24 21 20 842 27 108 2237 50 41 115 289 136 32 201 60 2187 480 34 117 85 27 11546 29 86 29 117 3480 1106 35 112 39 73 22 56 21 29 23 607 1592 94 3788 56 52 39 63 24 83 89 20
leaf_count=25 24 93 24 21 20 842 27 108 2237 50 41 115 289 136 32 201 60 2187 480 34 117 85 27 11546 29 86 29 117 3480 1106 35 112 39 73 22 56 21 29 23 607 1592 94 3788 56 52 39 63 24 83 89 20
internal_value=0.00325164 1.05702 -1.99322 -1.33511 1.4962 2.55974 0.141928 0.75673 0.485249 10.313 2.07253 -3.84921 -1.76506 -9.06805 12.7593 3.68893 4.94211 1.75115 -0.304688 -5.44306 8.18405 -1.204 5.60408 -0.0432693 -2.0265 0.0392979 17.3063 -8.9137 -0.0134558 0.593107 -1.2298 -0.252095 -0.997725 -1.7197 -6.56151 -4.67848 -0.579905 3.70326 9.79759 -1.38816 -1.28812 -0.70419 -0.56582 3.36079 6.14767 -7.36581 1.31326 -1.40146 -0.754676 -3.56551 -3.77537
internal_weight=30585 6916 870 846 6046 3386 2660 2397 2345 199 3187 564 404 160 52 282 261 3029 23669 263 158 119 120 17187 686 16501 79 144 16244 4586 598 11658 6482 2375 151 129 4107 115 52 2224 2199 3992 3809 257 108 88 149 63 563 183 49
internal_count=30585 6916 870 846 6046 3386 2660 2397 2345 199 3187 564 404 160 52 282 261 3029 23669 263 158 119 120 17187 686 16501 79 144 16244 4586 598 11658 6482 2375 151 129 4107 115 52 2224 2199 3992 3809 257 108 88 149 63 563 183 49
is_linear=0
shrinkage=0.08


Tree=57
num_leaves=36
num_cat=0
split_feature=18 28 12 1 22 16 26 8 12 20 1 28 37 7 27 45 38 22 8 20 2 26 13 8 7 2 12 15 3 9 4 3 8 13 22
split_gain=1.33418e+06 1.19705e+06 1.11486e+06 1.19279e+06 1.08858e+06 1.06742e+06 963391 920338 838149 1.05946e+06 864570 792993 806424 737273 720814 635821 690551 614533 493963 484744 516518 543386 530636 411012 367423 416773 259964 148545 180269 179014 180902 132197 110763 103566 97302.6
threshold=2665.9354191262587 -0.9829629131445341 0.14168769429661141 0.12076151691036274 3130.9621870995857 3105.7539177504273 42691.277708333342 867.10914946797095 0.046414431735385502 2408.5035798589292 0.059528773834004955 0.37940952255126043 302.50000000000006 22031.844166666669 0.25881904510252091 16.517650000000007 5.6664435000000006 1278.4245258507108 777.36461542940708 2211.6431049158732 0.69365193508210432 34489.353750000009 0.67101569695767094 509.56792670586901 37978.630833333336 0.60750739722189795 0.07819058831596605 -58.262499999999996 0.97863307222192453 588.88519620000011 1.00445535053201 2.2013852343508646 163.08083310793967 0.67915943212306296 2901.73681873552
decision_type=2 2 2 2 2 2 2 2 2 2 2 2 2 2 2 2 2 2 2 2 2 2 2 2 2 2 2 2 2 2 2 2 2 2 2
left_child=1 15 3 8 18 -6 19 13 10 -10 -3 14 -13 23 -9 27 26 -15 -5 -2 21 -21 -23 -4 25 -18 -17 28 33 32 -31 -22 -29 -1 -26
right_child=6 2 7 4 5 -7 -8 11 9 -11 -12 12 -14 17 -16 16 24 -19 -20 20 31 22 -24 -25 34 -27 -28 29 -30 30 -32 -33 -34 -35 -36
leaf_value=-0.28083045859805877 13.435268742487981 -0.077618039553999096 -1.9681321101555458 -1.0664251124964796 -10.484052943877684 1.9685772752761841 18.952179527282716 3.9975000229801045 0.33935066866138269 4.7542184598519155 -1.9583269659417255 10.640578450520835 -5.3796002559974543 -0.12166099118502764 14.772654497653622 -2.4699426127702764 -6.5913127841243035 2.0289582184158061 -12.583628972371418 10.98345736870399 14.56872881571452 2.1034047001176579 -4.5373260307312009 -11.185270925382287 -4.4373235430368565 -14.87431136281867 7.3554564863635656 -0.94441203733686652 -10.01666363220215 -0.88794976257142566 6.8647589662339952 5.9310689643577295 -3.9454469187705072 -5.6234128051055112 1.3995905303955078
leaf_weight=60 25 5816 129 3642 155 61 23 82 12319 357 2139 29 60 1394 78 38 134 2179 23 38 23 618 87 40 81 56 30 593 24 41 35 26 90 37 23
leaf_count=60 25 5816 129 3642 155 61 23 82 12319 357 2139 29 60 1394 78 38 134 2179 23 38 23 618 87 40 81 56 30 593 24 41 35 26 90 37 23
internal_value=0.00282032 -0.0860207 0.0199581 -0.181943 -1.46843 -6.97447 3.14511 1.25973 0.0601244 0.464054 -0.5835 5.95958 -0.099314 0.945487 9.30952 -2.51622 -5.334 1.1901 -1.14212 2.67749 2.32139 1.78908 1.27864 -4.20267 -7.00994 -9.09771 1.90857 -1.35234 -3.94457 -0.934446 2.72516 10.1958 -1.34505 -2.35531 -3.14543
internal_weight=30585 29745 28503 24512 3881 216 840 3991 20631 12676 7955 249 89 3742 160 1242 362 3573 3665 817 792 743 705 169 294 190 68 880 121 759 76 49 683 97 104
internal_count=30585 29745 28503 24512 3881 216 840 3991 20631 12676 7955 249 89 3742 160 1242 362 3573 3665 817 792 743 705 169 294 190 68 880 121 759 76 49 683 97 104
is_linear=0
shrinkage=0.08


Tree=58
num_leaves=48
num_cat=0
split_feature=28 7 19 6 28 27 28 19 15 7 12 27 0 15 6 22 15 26 17 30 17 27 1 9 37 26 0 1 38 13 19 22 22 3 29 20 30 3 18 12 19 46 44 6 1 27 44
split_gain=1.28553e+06 1.54976e+06 1.69953e+06 1.43706e+06 1.33741e+06 1.24401e+06 1.10845e+06 1.45473e+06 2.86903e+06 2.36504e+06 1.86694e+06 1.15571e+06 907391 844417 857069 842077 838223 827841 822999 745786 687097 651392 1.42201e+06 743842 587910 721467 812233 595598 562314 557119 504661 1.12432e+06 491220 417664 404350 387328 386857 351326 497194 352725 392620 330835 317150 160080 145295 136722 92319.6
threshold=0.96592582628906831 33338.311666666676 247.26169252403 200.79999999999998 -0.9159756150367534 0.25881904510252091 -0.5 360.44349352172293 237.21937500000004 27945.633333333335 0.1052729167814032 -0.37940952255126059 0.29908293150777077 -313.2545833333333 -298.96999999999997 3154.8877572791685 -576.68062499999985 44277.187291666676 2762.2196417614418 -0.56174490092936669 2345.2743751583434 0.37940952255126054 0.20179298745144222 623.08917035000002 88.500000000000014 34341.498333333344 0.5423384135443432 0.11421608886533151 7.1626761500000002 0.54486009541288893 488.30152107479847 3040.5925324717869 2914.9447574641049 1.780764062319619 -1.0000000180025095e-35 1804.6464040330382 1.0000000180025095e-35 1.6501113830752732 1745.6262864055486 0.050378237746993564 206.9757618120652 21.351550000000003 2.6984235500000007 -252.45499999999996 0.038830720078948326 0.12940952255126043 3.7410188000000004
decision_type=2 2 2 2 2 2 2 2 2 2 2 2 2 2 2 2 2 2 2 2 2 2 2 2 2 2 2 2 2 2 2 2 2 2 2 2 2 2 2 2 2 2 2 2 2 2 2
left_child=1 6 37 15 5 19 7 33 10 -10 -9 13 34 36 -15 16 -2 -14 -7 -4 -17 22 -13 -23 42 26 45 32 -29 -22 41 -32 -27 35 -6 -1 -8 39 -39 43 -41 -18 -5 -3 -40 -26 -44
right_child=3 2 4 24 12 18 11 8 9 -11 -12 21 17 14 -16 20 30 -19 -20 -21 29 23 -24 -25 25 27 -28 28 -30 -31 31 -33 -34 -35 -36 -37 -38 38 44 40 -42 -43 46 -45 -46 -47 -48
leaf_value=-1.200381675278273 -15.252138984316872 -4.3584838483492536 -7.93827790620192 6.7286945074957769 0.1787894015842014 5.6376171532078319 14.175521040829745 -14.554619907776113 -17.391495915165653 8.7508582687377938 -4.3122799110586625 -2.409165231394379 2.3217824271587015 -5.8064987442804421 1.2878642413427954 20.398466770337976 0.34024766731667905 -9.001602248237246 -4.7126833999156954 -1.3462298742519412 -2.0816018333435058 -0.74328323722425316 -22.619673544842264 2.8876436594105019 27.347554362903942 4.9528433811358914 3.2275574261209239 -10.589850152886431 5.6083365631103517 11.77684215763637 14.565169281472965 -4.9688657846758444 15.303947679169324 9.7648360096324573 7.8069079186418939 -10.503744772549332 3.6845950255102045 -13.237297103881836 4.1099770322053333 0.11217852669193633 2.3587847282014347 5.2007454529214412 -7.0354808044433597 -0.62052630371024831 -3.0664892161874211 16.225453075062145 -0.24251343895407285
leaf_weight=2445 20 74 158 36 53 213 43 196 26 123 273 735 2702 114 2089 22 1931 41 63 357 39 7655 22 378 21 77 22 22 33 34 48 30 48 21 277 28 48 29 22 5870 543 93 20 3353 84 21 33
leaf_count=2445 20 74 158 36 53 213 43 196 26 123 273 735 2702 114 2089 22 1931 41 63 357 39 7655 22 378 21 77 22 22 33 34 48 30 48 21 277 28 48 29 22 5870 543 93 20 3353 84 21 33
internal_value=0.00264874 -0.153796 0.448612 1.722 1.8728 -1.05972 -0.741044 -2.07491 -5.54651 4.10357 -8.61452 -0.366387 2.62774 1.23231 0.91828 0.984528 0.652658 2.14931 3.26656 -3.38011 8.31344 -0.783706 -3.02559 -0.572089 6.6142 8.63744 15.8898 5.98526 -0.944341 4.44494 0.811168 7.08428 9.01758 -1.21279 6.58603 -1.30992 8.74204 -0.103207 -4.14148 -0.0473887 0.302741 0.566039 1.03301 -0.702489 -1.55254 22.2932 -2.88871
internal_weight=30585 28035 13839 2550 3864 791 14196 3112 618 149 469 11084 3073 2294 2203 2217 2122 2743 276 515 95 8790 757 8033 333 244 64 180 55 73 2102 78 125 2494 330 2473 91 9975 135 9840 6413 2024 89 3427 106 42 53
internal_count=30585 28035 13839 2550 3864 791 14196 3112 618 149 469 11084 3073 2294 2203 2217 2122 2743 276 515 95 8790 757 8033 333 244 64 180 55 73 2102 78 125 2494 330 2473 91 9975 135 9840 6413 2024 89 3427 106 42 53
is_linear=0
shrinkage=0.08


Tree=59
num_leaves=56
num_cat=0
split_feature=6 28 20 22 28 21 20 5 12 23 19 21 16 30 19 26 19 6 3 11 23 28 28 3 2 19 37 12 2 10 19 6 37 12 19 22 21 20 24 28 19 30 44 44 16 24 5 6 44 21 20 11 19 17 21
split_gain=1.18093e+06 1.34906e+06 963040 1.47037e+06 1.43731e+06 1.2708e+06 1.05589e+06 1.03486e+06 1.23584e+06 966633 954475 871659 843788 800509 1.41763e+06 1.72787e+06 1.07923e+06 1.00527e+06 925742 849460 879235 822946 774800 737714 914428 734352 1.17885e+06 731602 713070 695744 686393 679682 672274 628538 628422 565596 536886 742078 509972 428563 422703 418283 400360 639677 528350 444576 350448 278013 275572 234883 618679 239750 217416 169969 112182
threshold=69.629999999999924 0.96592582628906831 2424.9247126126511 3319.3355139309492 0.1294095225512602 1786.30261795004 2363.4716441307301 0.087823592371922915 0.14853574384079021 29719.500000000004 390.10552129938475 144.76664027567364 2626.1050338120644 0.81174490092936691 560.65504025192899 29726.352500000005 815.9462725892173 -162.54999999999995 2.2357967022157044 0.40712540089872884 29858.500000000004 1.0000000180025095e-35 -0.12940952255126034 1.1402962398991192 0.52373660476378625 648.80539728898964 301.50000000000006 0.11922504242785299 0.48172881393203559 0.34103549466019395 132.12150365067538 618.47500000000002 261.50000000000006 0.082878213884417309 576.46600801760758 3286.1967075223133 287.56120427275431 1568.9100263186447 30157.975000000002 -0.9829629131445341 435.62761669301636 -0.22252093395631442 5.4449043500000007 6.599288500000001 1053.7360194662817 30608.200000000004 0.13694336744672342 -302.10999999999973 4.8792762500000011 1294.8945095721799 2013.7244438173311 0.50046161077103613 472.37178621456525 2084.4454757204603 4.8906439460052349
decision_type=2 2 2 2 2 2 2 2 2 2 2 2 2 2 2 2 2 2 2 2 2 2 2 2 2 2 2 2 2 2 2 2 2 2 2 2 2 2 2 2 2 2 2 2 2 2 2 2 2 2 2 2 2 2 2
left_child=13 2 6 4 29 34 7 8 -2 -6 53 28 -7 17 21 16 -16 22 36 38 -21 30 23 41 -25 35 -27 -9 -3 -4 54 -12 40 -34 -5 -24 37 -19 -17 -32 -20 -1 49 44 -44 -45 -38 48 -23 50 -13 -51 -49 -8 -15
right_child=1 11 3 5 9 12 10 27 -10 -11 31 42 -14 14 15 19 -18 18 32 20 -22 47 25 24 -26 26 -28 -29 -30 -31 39 -33 33 -35 -36 -37 46 -39 -40 -41 -42 -43 43 45 -46 -47 -48 52 -50 51 -52 -53 -54 -55 -56
leaf_value=-4.1021867205983122 0.4632099925015703 5.9942833391825356 4.6918172039304462 -13.108063228361068 14.96604835510254 9.3333446645100917 10.480885346152565 -5.8325553883940486 4.3313524270567454 -2.8300019627525694 -9.9028444438652716 1.9868816574688615 -2.1089037588368291 -5.265866610485574 4.6759215000697543 14.164195497785295 -21.099894242059619 -1.3620243482545664 4.3557893861726278 5.5346468709309899 23.718267198042437 1.7247055053710938 -0.46450317428276389 -16.050941111131149 -4.8692636837814796 5.9199881340475642 -11.758503172481763 -0.6267402249639149 26.125924809773764 14.647256393713111 -2.7338017805795825 3.5750615665830412 2.7244367213095861 -3.2981984954275148 3.0670118095761256 9.460185412858662 -0.23038790884518531 -12.365599781036376 2.9430233409313051 4.2030744846475523 12.977632350921631 0.16470298498767919 3.0361990837823778 -6.6957121144170344 19.511155997140069 5.1079405443580992 7.3629571596781407 -0.78557663960762314 -7.3736960291552851 11.644112648597131 -10.63426431063948 0.64448048444894634 5.270919808607835 0.39903479489413174 0.39121579369237269
leaf_weight=293 4051 26 69 61 23 74 21 235 607 104 148 173 91 22 20 34 20 2079 171 29 43 29 1116 54 329 33 84 646 20 135 62 28 377 156 20 37 15122 39 103 628 46 294 20 22 34 190 38 1401 76 25 28 25 38 21 915
leaf_count=293 4051 26 69 61 23 74 21 235 607 104 148 173 91 22 20 34 20 2079 171 29 43 29 1116 54 329 33 84 646 20 135 62 28 377 156 20 37 15122 39 103 628 46 294 20 22 34 190 38 1401 76 25 28 25 38 21 915
internal_value=0.00251729 0.923699 0.589754 3.70273 7.17617 -0.981016 0.277165 0.492492 0.968102 0.484648 -5.17118 4.67302 3.04808 -0.265722 0.866255 6.66624 -8.41228 -0.456764 -0.25811 9.5784 16.5705 0.408858 -2.05474 -3.75604 -6.48349 -0.753388 -6.76435 -2.02039 15.1168 11.3193 1.66385 -7.75055 2.49156 0.958839 -9.12552 -0.138096 -0.377605 -1.57038 5.8103 3.57671 6.23461 -1.96846 3.7164 5.87366 13.5755 3.85735 -0.21087 -0.913816 -4.86824 1.41598 0.184771 6.26477 -0.622092 5.56647 0.25292
internal_weight=30585 6897 6334 577 331 246 5757 5539 4658 127 218 563 165 23688 3420 249 40 20268 18028 209 72 3171 2240 970 383 1270 117 881 46 204 1627 176 750 533 81 1153 17278 2118 137 690 217 587 517 266 54 212 15160 1544 105 251 201 50 1439 42 937
internal_count=30585 6897 6334 577 331 246 5757 5539 4658 127 218 563 165 23688 3420 249 40 20268 18028 209 72 3171 2240 970 383 1270 117 881 46 204 1627 176 750 533 81 1153 17278 2118 137 690 217 587 517 266 54 212 15160 1544 105 251 201 50 1439 42 937
is_linear=0
shrinkage=0.08


Tree=60
num_leaves=44
num_cat=0
split_feature=6 28 29 12 1 20 21 17 35 28 18 23 10 12 1 28 30 29 25 46 1 13 5 29 18 21 7 28 20 10 29 6 19 11 15 1 37 44 17 26 8 5 39
split_gain=1.03108e+06 1.16331e+06 935929 1.12897e+06 966672 925873 845704 793620 760653 2.08335e+06 3.72608e+06 797639 738659 714340 1.10099e+06 681545 1.64775e+06 1.39631e+06 671472 661596 654267 618232 744837 531557 523267 515120 472365 470993 1.00562e+06 751166 448278 347941 332213 330870 315484 293808 320870 304023 270700 239188 166094 126377 112260
threshold=200.79999999999998 0.96592582628906831 0.6078576107927941 0.043112620323068028 0.1969881678844059 2148.8306457830718 148.72932292051817 3199.5985812441477 1.0000000180025095e-35 -0.12940952255126034 1097.1830890323909 43787.500000000007 0.50697268435534959 0.07436714417029168 0.059528773834004955 1.0000000180025095e-35 0.81174490092936691 -1.0000000180025095e-35 37559.250000000007 18.272450000000003 0.12164037820727351 0.64434833137813563 0.078964677847462847 -0.8783796973249266 2695.7789523617867 283.133206198918 19085.017500000005 1.0000000180025095e-35 1755.9282527085138 0.40569168341207051 1.0000000180025095e-35 380.17000000000007 418.28706033867599 0.43364663018556143 -47.126666666666658 0.10592229655737891 96.500000000000014 3.2256086000000006 1065.6107339580142 36589.264791666668 456.98066971196971 0.039555848333681982 4.6775312500000004
decision_type=2 2 2 2 2 2 2 2 2 2 2 2 2 2 2 2 2 2 2 2 2 2 2 2 2 2 2 2 2 2 2 2 2 2 2 2 2 2 2 2 2 2 2
left_child=7 2 4 32 15 19 -3 8 11 10 38 13 -7 14 -1 16 -2 -17 26 -5 -15 22 40 31 33 -20 -11 29 -29 -6 -12 -8 39 -13 -23 36 -25 -37 -10 -4 -9 -42 -26
right_child=1 6 3 5 27 12 23 21 9 18 30 24 -14 20 -16 17 -18 -19 25 -21 -22 34 -24 35 42 -27 -28 28 -30 -31 -32 -33 -34 -35 -36 37 -38 -39 -40 -41 41 -43 -44
leaf_value=-0.049251957846605778 -2.0835794514510297 18.784959210362928 -5.8575192431186114 5.4019655495193506 -10.911528673171997 11.344263599445295 5.1511984089442659 10.050620918273927 -2.237326328955648 -10.42297698711527 -17.419108980352227 1.198111432229563 -0.40009636603461374 0.67705667244547374 -1.5691900718361405 4.0695931206449947 4.9420992505732384 -1.510309653589907 17.256932247706825 0.35541448917535262 -0.6442599901890762 3.911319052378337 22.104991019112724 -0.23876238069640329 14.625182989211311 3.7385584974549984 0.1662243113356332 -0.27803471153432674 -16.615288827375931 6.005725248427618 -31.571715850830078 18.38803010206956 -10.741702402900247 10.66553919474284 -9.2213328187362009 6.3882198388235905 7.444719937044546 -3.5175817178277407 -7.5284005645803509 1.7984837895328716 -0.59256028868935329 6.3463677493504109 5.8686023469404747
leaf_weight=7723 1157 28 46 289 27 153 27 32 390 28 54 1598 44 7169 5040 707 261 482 20 390 3603 23 20 51 20 136 383 43 54 41 23 25 33 23 22 27 108 67 73 58 32 34 21
leaf_count=7723 1157 28 46 289 27 153 27 32 390 28 54 1598 44 7169 5040 707 261 482 20 390 3603 23 20 51 20 136 383 43 54 41 23 25 33 23 22 27 108 67 73 58 32 34 21
internal_value=0.00258295 1.18 0.780407 2.8601 0.0196468 3.91625 5.70605 -0.18065 -0.215231 -2.26672 -5.81824 -0.125015 8.73239 -0.244652 -0.649538 0.39641 -0.787847 1.80823 1.11997 2.50814 0.235086 5.36722 8.39028 4.44789 1.56824 5.57056 -0.578729 -5.89974 -9.44974 -0.772208 -21.9971 11.7419 -3.87254 1.33894 -2.56998 2.9084 4.99412 -0.635004 -3.08598 -1.61136 5.39635 3.02341 10.3866
internal_weight=30585 4118 3785 1013 2772 876 333 26467 26304 1107 540 25197 197 23535 12763 2607 1418 1189 567 679 10772 163 118 305 1662 156 411 165 97 68 77 52 137 1621 45 253 159 94 463 104 98 66 41
internal_count=30585 4118 3785 1013 2772 876 333 26467 26304 1107 540 25197 197 23535 12763 2607 1418 1189 567 679 10772 163 118 305 1662 156 411 165 97 68 77 52 137 1621 45 253 159 94 463 104 98 66 41
is_linear=0
shrinkage=0.08


Tree=61
num_leaves=52
num_cat=0
split_feature=4 3 28 30 19 7 11 11 39 21 26 19 28 28 3 2 19 19 10 15 26 4 22 19 18 22 0 28 6 46 1 12 18 28 22 22 1 22 26 21 8 22 3 7 46 26 8 12 8 18 7
split_gain=965140 961722 1.08364e+06 926179 882251 1.07984e+06 1.8471e+06 817221 1.09996e+06 2.34629e+06 938191 668053 657869 596756 1.04649e+06 804586 667353 619694 1.66656e+06 924424 547552 507908 493301 610803 474064 472670 443288 373921 668919 563830 442890 548146 1.38796e+06 395437 988833 685383 391674 375515 340622 307485 292741 627698 291082 259337 154369 181626 141459 371064 122520 103759 80555.6
threshold=0.95345179898211219 1.1836065345044886 0.98296291314453432 0.81174490092936691 576.46600801760758 25651.764166666671 0.39763764328724077 0.27718685912539581 3.5225491500000001 930.17804752477207 43202.210833333338 351.01163321540656 -0.12940952255126034 -0.12940952255126034 1.1402962398991192 0.53060862481248183 648.80539728898964 531.76801472283285 0.39817297550085712 -76.308124999999976 31276.533958333337 0.48920102747341815 1402.6265361728695 472.37178621456525 2400.9679739864473 3286.1967075223133 0.50131040274577188 0.96592582628906831 248.99999999999997 19.461050000000004 0.17248759455961213 0.16079617603955024 2127.9651067505474 -0.12940952255126034 2155.6994673057852 1527.3888479234522 0.088007345739668272 2999.2630834600254 34290.342708333344 829.05194372249309 649.02696317211291 1978.3152540321355 1.378064875178884 19085.017500000005 21.351550000000003 35809.901041666679 209.63940574600554 0.04213979242864372 244.49517153773596 1030.9940866384993 29510.860000000004
decision_type=2 2 2 2 2 2 2 2 2 2 2 2 2 2 2 2 2 2 2 2 2 2 2 2 2 2 2 2 2 2 2 2 2 2 2 2 2 2 2 2 2 2 2 2 2 2 2 2 2 2 2
left_child=3 27 7 13 12 -6 21 11 9 -9 -10 42 22 14 40 39 -17 25 -19 -20 -4 -7 48 -24 -13 43 38 30 44 -30 31 37 -33 34 -32 -35 -31 -2 -22 -16 41 -1 -3 -15 50 -46 49 -48 -5 -14 -29
right_child=1 2 20 4 5 6 -8 8 10 -11 -12 24 46 17 15 16 -18 18 19 -21 26 -23 23 -25 -26 -27 -28 28 29 36 33 32 -34 35 -36 -37 -38 -39 -40 -41 -42 -43 -44 -45 45 -47 47 -49 -50 -51 -52
leaf_value=-1.3673466320645482 -0.17417500750654077 5.6786827096939092 18.129675181995736 1.0790664037567401 -7.2227097790057835 -1.4745074292446705 25.994576119559152 -23.464219791187961 1.1925676533553078 -1.4985746573759218 -3.890379582439921 13.620859867986043 -1.201162326462258 -7.902233641394254 -20.344882773037614 -5.2683353962913735 9.1854352153431282 13.255307686669488 -1.1519664111890291 -13.022467534144718 15.555855471437628 13.513772837320964 7.1104549855199357 -6.0846583175659177 2.2705213822258843 9.1113702459896313 -4.8463765320954506 1.1862622423135736 14.748006305205516 7.781421801757813 -2.2040888634893334 1.276853477434829 18.810858452717465 -1.3155038768928367 10.842382591734541 -8.016988777314257 -2.9353101891737721 -5.2480055886126582 5.0039560611852618 -8.8091155686249607 6.264453853484123 -10.816809274424678 -1.847378338395733 -0.30249730509779404 9.1488175517115096 0.39470528674848154 -13.665726325625466 -1.9970065710032097 -3.6954663910736905 4.2059083586434527 -0.12459496981084604
leaf_weight=2107 13632 59 21 493 25 46 34 33 5347 370 242 74 433 28 28 307 21 27 75 95 21 20 173 25 35 33 26 525 38 49 177 791 29 285 46 148 38 93 208 36 30 45 72 3202 28 32 20 106 36 23 698
leaf_count=2107 13632 59 21 493 25 46 34 33 5347 370 242 74 433 28 28 307 21 27 75 95 21 20 173 25 35 33 26 525 38 49 177 791 29 285 46 148 38 93 208 36 30 45 72 3202 28 32 20 106 36 23 698
internal_value=0.00251566 0.257946 1.08219 -0.788091 1.03891 7.4326 11.1317 0.864415 0.680583 -3.35088 0.971823 5.43222 0.423147 -1.22238 -2.14456 -5.94531 -4.31784 -0.535925 -4.8816 -7.82284 5.97854 3.2013 2.02657 5.4222 10.03 -0.272144 4.91095 -0.0650667 1.18168 6.74418 -0.180618 -0.0888386 1.91912 -2.21233 0.523501 -3.61928 3.12039 -0.208935 6.03502 -14.0914 -1.45934 -1.56987 1.55956 -0.370803 0.634909 4.56297 -1.5798 -3.9422 0.747786 -0.919831 0.438629
internal_weight=30585 23117 6508 7468 1434 125 100 6232 5992 403 5589 240 1309 6034 2574 392 328 3460 197 170 276 66 727 198 109 3263 255 16609 1408 125 15201 14545 820 656 223 433 87 13725 229 64 2182 2152 131 3230 1283 60 582 126 529 456 1223
internal_count=30585 23117 6508 7468 1434 125 100 6232 5992 403 5589 240 1309 6034 2574 392 328 3460 197 170 276 66 727 198 109 3263 255 16609 1408 125 15201 14545 820 656 223 433 87 13725 229 64 2182 2152 131 3230 1283 60 582 126 529 456 1223
is_linear=0
shrinkage=0.08


Tree=62
num_leaves=51
num_cat=0
split_feature=12 22 7 17 8 22 5 17 16 17 27 7 16 29 18 28 7 11 19 20 28 12 0 18 20 19 16 26 6 45 17 8 22 17 16 5 28 27 46 5 19 30 12 19 5 27 44 16 13 12
split_gain=907112 1.0014e+06 972343 938490 1.05954e+06 934012 912554 880248 804740 812630 788778 695796 993461 744086 647881 636458 619196 943827 599493 1.63362e+06 1.42095e+06 1.168e+06 1.13359e+06 558150 781482 1.01056e+06 823304 761910 550950 548415 502261 549654 997602 991595 461215 377550 358277 354231 843871 456399 349747 419978 326507 315812 297673 265386 239900 207144 185769 177341
threshold=0.099132617910698564 3097.2802626377347 25220.020000000004 2345.2743751583434 709.52667636726585 3055.3992208561026 0.046030026010961532 2019.4196213484609 2345.2743751583434 2626.1050338120644 -0.37940952255126059 32448.75583333334 2273.1114059773076 -1.0000000180025095e-35 442.41457147746161 0.25881904510252057 35484.740000000013 0.40928614330925972 576.46600801760758 2408.5035798589292 -0.5 0.047425524799994428 0.37523589363555793 2767.1847758161971 2371.9655774420448 478.87360381594812 2084.4454757204603 42492.451666666675 -269.97499999999997 18.220000000000002 3151.2881327577629 418.29903559414151 2396.659280933583 1658.6664974867074 1007.9559692994125 0.034428751501854503 0.96592582628906831 -1.0000000180025095e-35 18.345650000000003 0.098707770760552954 520.41605753204374 -0.22252093395631442 0.071439265968877938 631.09926442692938 0.092997528394359416 0.60355339059327384 13.435286500000002 2345.2743751583434 0.48182647326924982 0.084757183817769852
decision_type=2 2 2 2 2 2 2 2 2 2 2 2 2 2 2 2 2 2 2 2 2 2 2 2 2 2 2 2 2 2 2 2 2 2 2 2 2 2 2 2 2 2 2 2 2 2 2 2 2 2
left_child=6 5 7 4 10 8 18 45 9 14 -4 12 -5 -13 -2 -6 17 -7 23 20 22 -22 -20 24 26 -26 -1 29 36 -25 31 32 -30 -33 -19 47 40 38 -10 -39 49 -42 43 -32 -9 -3 -11 -21 -47 -8
right_child=1 2 3 11 15 16 28 44 37 46 -12 13 -14 -15 -16 -17 -18 34 19 35 21 -23 -24 27 25 -27 -28 -29 30 -31 42 33 -34 -35 -36 -37 -38 39 -40 -41 41 -43 -44 -45 -46 48 -48 -49 -50 -51
leaf_value=-0.093961650241444178 -0.61556635128792414 -1.7395239548456101 17.864916083595968 5.9236635591925646 22.263513353521176 -24.718475000290645 -4.1554576135958943 11.99938358488537 8.3877187103448918 -13.439801894251039 1.2694425661223274 14.346072446256876 -5.3732578907801409 2.9603495680767553 0.86331436840437759 8.9484034432305233 5.2181743188337855 -13.606561208871694 7.7334397021206938 16.067415944879706 14.966411582946778 -1.3891800636053087 -13.541278936667521 -3.3415719785054523 -1.364506386630443 -9.7782787432237104 2.856800650731314 17.918825253573331 -0.9999845553335398 4.9310670186259262 2.719683736654428 3.1460647587014847 3.5338821301935663 -5.0844964594883963 -0.10680297504771841 23.405981648763024 4.3016300987474851 5.4857678323421837 -3.1915904442887557 19.408892919367013 -16.471215138589184 -4.4383610382080079 -1.5675867441722326 15.445505925692046 -0.88776995145357573 -7.4410531616210935 -2.7163397550582888 5.4652774451573691 -18.294183155406607 0.39367076680280166
leaf_weight=12107 2702 20 21 81 43 20 279 20 85 33 111 47 126 160 6349 53 21 25 21 21 49 63 60 74 542 109 636 21 5045 162 25 118 330 443 43 20 32 52 75 21 30 49 27 25 25 23 23 29 21 68
leaf_count=12107 2702 20 21 81 43 20 279 20 85 33 111 47 126 160 6349 53 21 25 21 21 49 63 60 74 542 109 636 21 5045 162 25 118 330 443 43 20 32 52 75 21 30 49 27 25 25 23 23 29 21 68
internal_value=0.00245949 0.61834 3.42805 4.61365 8.72495 0.394687 -0.305723 -3.53348 0.480949 0.361882 4.0241 2.33389 -0.945497 5.60206 0.421804 15.0805 -6.93416 -9.8602 0.0593183 3.83522 0.0181996 5.83551 -7.99857 -0.0137037 -0.0846915 -2.7861 0.0535228 3.67194 -1.09052 2.33395 -0.886422 -0.970076 -0.721021 -3.35077 -5.19522 14.2108 -3.76239 5.11335 2.97381 9.69921 -4.37679 -9.15657 5.49234 9.26068 4.9762 -9.50134 -9.16045 10.1459 -12.9124 -3.26542
internal_weight=30585 10200 751 642 228 9449 20385 109 9340 9107 132 414 207 207 9051 96 109 88 13914 263 193 112 81 13651 13394 651 12743 257 6471 236 6013 5936 5375 561 68 70 458 233 160 73 426 79 77 50 45 64 56 50 44 347
internal_count=30585 10200 751 642 228 9449 20385 109 9340 9107 132 414 207 207 9051 96 109 88 13914 263 193 112 81 13651 13394 651 12743 257 6471 236 6013 5936 5375 561 68 70 458 233 160 73 426 79 77 50 45 64 56 50 44 347
is_linear=0
shrinkage=0.08


Tree=63
num_leaves=44
num_cat=0
split_feature=28 22 2 27 27 35 14 8 28 28 38 30 19 1 26 25 19 38 46 44 0 17 24 9 14 22 1 22 17 23 21 46 6 39 25 1 12 6 19 6 44 19 20
split_gain=863423 894553 1.1715e+06 1.7211e+06 2.69297e+06 2.29976e+06 2.00635e+06 1.36633e+06 1.30012e+06 1.29848e+06 1.08697e+06 1.03167e+06 781187 777437 774762 624175 516942 556057 530154 569764 424652 416608 419970 381380 347617 382256 323362 399449 321968 278910 229290 218510 213906 152625 152477 147197 118550 123409 102834 151626 61212.9 95754.2 13359.9
threshold=-0.9829629131445341 1314.03339730879 0.54716191107484324 -1.0000000180025095e-35 -0.37940952255126059 1.0000000180025095e-35 0.39228974242311748 351.02220364752901 -0.37940952255126009 -0.60355339059327384 3.4572059000000004 -0.56174490092936669 614.20424327994806 0.16234408796964592 28818.585416666669 29475.940000000002 346.17131145310685 8.3778580000000016 18.272450000000003 10.577376000000003 0.36679550891448365 1386.0171818619581 28500.755000000001 771.53236200000003 0.51951342354853058 1283.4059821981205 0.088007345739668272 3040.5925324717869 282.54927668671218 21769.500000000004 287.56120427275431 20.497500000000002 -287.98999999999995 14.713011000000002 36535.785000000011 0.0657414158223147 0.045913702563450197 300.02500000000038 65.690809271507291 199.00000000000009 2.2976386000000004 126.08279085872134 428.12643143696141
decision_type=2 2 2 2 2 2 2 2 2 2 2 2 2 2 2 2 2 2 2 2 2 2 2 2 2 2 2 2 2 2 2 2 2 2 2 2 2 2 2 2 2 2 2
left_child=16 21 9 4 8 6 -5 -7 -4 10 -3 12 -11 -6 -13 -12 31 26 20 -20 23 24 -23 -19 28 29 27 -18 30 -26 -2 33 -30 38 -22 -27 -33 -38 42 -40 -35 -42 -1
right_child=1 2 3 5 13 7 -8 -9 -10 11 15 14 -14 -15 -16 -17 17 18 19 -21 34 22 -24 -25 25 35 -28 -29 32 -31 -32 36 -34 40 -36 -37 37 -39 39 -41 41 -43 -44
leaf_value=-1.1885133401325771 -3.5111553071013519 11.448576486760919 -0.81328178129470619 1.2207183976311178 -2.8881219890095302 -1.0282018534342448 5.5752937316137965 -30.298448457263767 2.1007431342884924 -1.7540557318775043 -15.952550446266352 7.8379020559659569 -10.971037157452296 -10.250465640204293 0.41813390726566979 -5.3519184046956756 -2.6716385189940532 -13.952950910568239 -22.571984187534877 -4.6083381434849331 -3.2429176728621774 1.7992243827473033 -12.359672209421795 -1.8318508014678956 -2.152543146572615 12.720865658846769 -5.7427006261488973 12.312427746165884 -2.8586453614257961 1.1545064221657813 0.39908358863930204 -9.1329755732218434 -0.26909642453995486 -0.25767080034528461 6.1935006423223582 3.8405361022949216 0.24981740315755208 -6.8003291136642989 -2.4698851870333369 1.8239078788757326 0.74120992859204604 7.7804546070098874 0.040715854441797407
leaf_weight=69 342 21 1478 1617 746 20 1165 20 2904 908 42 92 62 104 2863 220 23 39 27 20 22 21 35 29 189 21 33 21 206 1159 133 29 14914 34 20 29 35 28 442 59 26 23 295
leaf_count=69 342 21 1478 1617 746 20 1165 20 2904 908 42 92 62 104 2863 220 23 39 27 20 22 21 35 29 189 21 33 21 206 1159 133 29 14914 34 20 29 35 28 442 59 26 23 295
internal_value=0.00250721 0.0911545 0.612259 1.17742 0.318381 2.76941 3.0456 -16.0454 1.11791 -0.469474 -5.69319 -0.0914803 -2.35387 -3.79991 0.651712 -7.10545 -2.03548 -5.42504 -8.1417 -15.1831 -5.0234 -0.283649 -7.11167 -8.88512 -0.26073 0.947333 0.147465 4.59454 -0.369079 0.689581 -2.41775 -1.26835 -0.304564 -0.904261 1.29015 7.74657 -4.96995 -2.94088 -1.21925 -1.9616 2.35387 4.13487 -0.194915
internal_weight=30585 29311 12262 8054 5232 2822 2782 40 4382 4208 283 3925 970 850 2955 262 1274 234 157 47 110 17049 56 68 16993 1398 77 44 15595 1348 475 1040 15120 948 42 50 92 63 865 501 83 49 364
internal_count=30585 29311 12262 8054 5232 2822 2782 40 4382 4208 283 3925 970 850 2955 262 1274 234 157 47 110 17049 56 68 16993 1398 77 44 15595 1348 475 1040 15120 948 42 50 92 63 865 501 83 49 364
is_linear=0
shrinkage=0.08


Tree=64
num_leaves=47
num_cat=0
split_feature=28 27 19 7 28 29 27 9 32 19 5 8 30 46 0 29 28 3 34 19 9 0 25 24 19 25 19 44 11 15 45 19 0 22 19 26 15 8 19 45 38 7 19 5 12 3
split_gain=802274 1.09772e+06 1.12098e+06 1.00397e+06 998544 1.71035e+06 974084 1.90854e+06 2.91639e+06 1.50679e+06 1.16069e+06 843994 799804 726557 670996 526688 1.18216e+06 652614 483928 579242 516829 474361 401297 666621 398266 396081 392158 382302 343628 338026 289141 632292 790327 282173 343160 274156 228299 167059 166798 135587 149752 133019 125796 139966 123393 60188.7
threshold=0.96592582628906831 -0.70710678118654735 190.30317605116554 38509.695000000007 -0.37940952255126009 -0.8783796973249266 0.25881904510252091 623.08917035000002 -0.5 171.26374066526276 0.074827522553976608 380.05603431913977 -0.56174490092936669 19.282300000000003 0.36369985488925355 -0.60785761079279388 -0.12940952255126034 2.2013852343508646 1.0000000180025095e-35 441.98575352340697 767.66644770000016 0.36272145445648257 30431.915000000005 30283.650000000005 520.41605753204374 38322.170000000006 478.87360381594812 10.055063500000001 0.38730926571166741 170.57583333333338 19.126500000000004 395.01328771373051 0.45924321943375285 3040.5925324717869 497.39075132390343 37054.976250000007 129.11104166666672 263.36971185160297 329.63139159596329 19.166 7.5886932500000013 27879.015833333335 54.473343630432005 0.12464035819989767 0.028675493945690019 0.58230566924780902
decision_type=2 2 2 2 2 2 2 2 2 2 2 2 2 2 2 2 2 2 2 2 2 2 2 2 2 2 2 2 2 2 2 2 2 2 2 2 2 2 2 2 2 2 2 2 2 2
left_child=1 2 37 6 5 27 9 14 -9 44 -11 26 24 22 -8 16 -6 -17 19 25 -21 -7 23 -14 29 -5 30 -4 -24 35 31 36 -33 34 -15 -13 -2 42 41 40 -39 -32 45 -44 -3 -1
right_child=11 3 4 18 15 21 7 8 -10 10 -12 12 13 33 -16 17 -18 -19 -20 20 -22 -23 28 -25 -26 -27 -28 -29 -30 -31 38 32 -34 -35 -36 -37 -38 39 -40 -41 -42 -43 43 -45 -46 -47
leaf_value=-0.33295554114345616 0.3324177036696454 -1.5670605697804556 -7.4042530901004104 4.5658365522112163 -2.0967391510009765 3.5823136244335689 1.4207143886103593 -1.357775734070046 6.4703046921851852 -1.8655350439870315 -5.6676587457368477 12.023782259623211 6.2456100409371516 -0.80792559111118323 -0.801141886248534 2.7853883692905725 5.9731836570436894 -0.77419600883856521 -10.186198366546632 -2.3427821839939464 7.6058953051517406 -1.8490038189805789 -2.3125939614432198 24.17798005240304 -8.3146963533673972 0.48162342616275361 10.707911680603027 -19.707369414298764 8.8801997219848641 -6.0927512377784367 -2.0173107319493448 1.9990023803710939 -19.380440383579423 -5.7689286940438409 11.17995164794922 -0.62848442168462848 3.7922102663171202 -1.0708739980061848 9.6778330993652339 1.6824953024727958 -9.7028334134419758 3.885951674381892 0.39420547992958405 -6.0125723908164286 -0.24056215058913358 -1.7134950328760821
leaf_weight=1675 1794 527 38 160 144 184 960 579 641 1677 741 23 27 39 9183 1213 591 452 24 43 143 231 20 27 34 2717 24 30 124 20 30 21 22 27 24 20 130 23 25 20 29 119 2764 21 2996 229
leaf_count=1675 1794 527 38 160 144 184 960 579 641 1677 741 23 27 39 9183 1213 591 452 24 43 143 231 20 27 34 2717 24 30 124 20 30 21 22 27 24 20 130 23 25 20 29 119 2764 21 2996 229
internal_value=0.0020522 -0.121537 0.696014 -0.428032 1.94068 -1.3759 -0.665131 -0.231077 2.75711 -1.49514 -3.03256 1.36032 4.80669 6.91686 -0.590732 2.60843 4.39144 1.81918 0.900798 0.990966 5.3057 0.561921 9.61468 15.4884 -1.4652 0.710268 0.74552 -13.039 7.32042 2.30351 0.628898 0.351472 -9.13118 0.941228 3.86222 6.25847 0.568036 -0.0579356 3.74515 -3.85553 -5.97709 2.69185 0.0011864 0.343755 -0.439379 -0.49981
internal_weight=30585 28035 7644 20391 2883 483 17304 11363 1220 5941 2418 2550 385 288 10143 2400 735 1665 3087 3063 186 415 198 54 97 2877 2165 68 144 63 2141 1967 43 90 63 43 1924 4761 174 72 52 149 4689 2785 3523 1904
internal_count=30585 28035 7644 20391 2883 483 17304 11363 1220 5941 2418 2550 385 288 10143 2400 735 1665 3087 3063 186 415 198 54 97 2877 2165 68 144 63 2141 1967 43 90 63 43 1924 4761 174 72 52 149 4689 2785 3523 1904
is_linear=0
shrinkage=0.08


Tree=65
num_leaves=53
num_cat=0
split_feature=6 27 35 22 11 22 28 7 10 14 27 22 30 28 22 6 8 1 44 32 21 8 17 8 21 28 29 8 21 39 17 24 9 22 38 14 6 38 21 17 16 17 17 22 11 8 45 1 21 14 27 14
split_gain=725301 761859 831296 1.93785e+06 1.21172e+06 665204 655776 778643 784432 664411 661926 1.93952e+06 612441 839145 788658 787705 611480 604976 595780 559061 509802 506278 542698 505001 502943 480729 664737 451409 444893 436187 406089 590444 400121 372141 382704 359404 313793 490171 307667 292905 289618 258079 256932 799055 529821 159649 388733 179326 78064.3 79235.5 56750.8 53685.5
threshold=50.000000000000014 -0.70710678118654735 1.0000000180025095e-35 2781.334362479975 0.40338203612938045 1314.03339730879 0.96592582628906831 36595.937500000007 0.31615574690924553 0.46169137298895507 0.98296291314453432 3023.8431264869428 0.81174490092936691 1.0000000180025095e-35 2218.6534467635288 -1227.9999999999998 227.86323106887073 0.14429117344799927 6.1702762000000009 -0.5 144.76664027567364 395.03103763224357 2921.6531414937131 218.38834775283709 2057.7710008961426 -0.37940952255126009 -0.8783796973249266 668.18643537312937 260.21561623548189 3.5225491500000001 3005.0980100075335 41019.980000000003 737.87393895000002 1275.9822791878025 10.749576000000003 0.49378626564109918 485.01000000000005 5.2732260000000011 37.217652178250752 1720.0260074008504 1679.8958772287044 1083.9811639138104 2148.5964702371089 2914.9447574641049 0.45433667118093785 197.70530116156621 19.378050000000005 0.12428960263369709 1.0000000180025095e-35 0.51951342354853058 -0.25881904510252113 0.58320558428861069
decision_type=2 2 2 2 2 2 2 2 2 2 2 2 2 2 2 2 2 2 2 2 2 2 2 2 2 2 2 2 2 2 2 2 2 2 2 2 2 2 2 2 2 2 2 2 2 2 2 2 2 2 2 2
left_child=1 5 12 33 -5 45 7 8 16 21 27 -12 15 14 -14 19 50 -18 30 -3 23 22 -9 -8 -23 26 -20 -10 -17 -27 41 -32 -11 38 -35 -34 42 39 -4 -38 -15 -7 43 -22 -44 48 47 -47 -1 -50 -2 -48
right_child=6 2 3 4 -6 18 20 9 10 32 11 -13 13 40 -16 28 17 -19 25 -21 36 24 -24 -25 -26 29 -28 -29 -30 -31 31 -33 35 34 -36 -37 37 -39 -40 -41 -42 -43 44 -45 -46 46 51 -49 49 -51 -52 -53
leaf_value=-4.0383795407613121 -2.2431286331576605 3.2568684077262877 -4.6508813644277636 -28.923563653353987 -3.8269179369055708 6.6805274756361808 1.5999689185101054 1.8636226940553888 -0.3306566275945822 -12.636105368477958 0.66581881730180048 16.490512243802431 1.4380183947296306 -1.2349100923632725 7.3411070894766715 -1.9440502615451436 -3.6196456933021546 -15.705287357171375 -11.576233507792155 -7.8957922604560853 1.5346535357983506 5.6934398131673509 -8.3757416949552645 17.752868245223475 -5.125201316833496 -2.5471722096034459 1.1662305333418548 2.6389682948690063 -0.3665873313144406 4.0117465438193918 -16.742042163502084 0.74618589647885036 -2.5256829006969927 -3.1105583087672359 -12.336955531193659 5.8122236614227294 -2.7909548674689399 13.40398633003235 0.0046630377514021741 8.243014311790466 2.7505962811094342 0.16289243857631622 3.6410459132628006 16.599400304158529 -9.0915736598968504 -3.5953028722604117 0.77258007685343433 -11.820208216128142 -0.032313833356839072 1.5987168830928236 1.1725863033641468 6.4058652828988585
leaf_weight=29 71 35 115 28 22 40 22 1329 4244 20 265 60 1099 1008 166 1260 61 47 29 149 375 361 33 28 29 69 206 354 12369 947 21 28 191 114 38 39 35 39 419 26 131 754 43 23 39 71 23 22 3384 201 54 20
leaf_count=29 71 35 115 28 22 40 22 1329 4244 20 265 60 1099 1008 166 1260 61 47 29 149 375 361 33 28 29 69 206 354 12369 947 21 28 191 114 38 39 35 39 419 26 131 754 43 23 39 71 23 22 3384 201 54 20
internal_value=0.00190856 -0.225797 -0.497323 -3.1251 -18.1726 0.561831 0.66839 0.450377 -0.0696256 1.78897 0.145456 3.62892 -0.377877 0.800349 2.21784 -0.582978 -4.59523 -8.97497 1.70365 -5.76822 3.14079 2.33948 1.60957 10.8163 4.87793 2.81067 -0.448633 -0.101501 -0.512556 3.56424 0.0594785 -6.93371 -2.06295 -2.00349 -5.48272 -1.09282 2.46163 6.51729 -1.00475 1.96915 -0.774514 0.499227 1.6049 2.44465 -2.45129 -0.0760476 -2.75665 -5.64603 0.0255621 0.0595534 -0.769945 3.47875
internal_weight=30585 22797 16953 736 50 5844 7788 7158 5156 2002 4923 325 16217 2404 1265 13813 233 108 2094 184 630 1752 1362 50 390 1251 235 4598 13629 1016 843 49 250 686 152 230 580 100 534 61 1139 794 480 398 82 3750 136 93 3614 3585 125 43
internal_count=30585 22797 16953 736 50 5844 7788 7158 5156 2002 4923 325 16217 2404 1265 13813 233 108 2094 184 630 1752 1362 50 390 1251 235 4598 13629 1016 843 49 250 686 152 230 580 100 534 61 1139 794 480 398 82 3750 136 93 3614 3585 125 43
is_linear=0
shrinkage=0.08


Tree=66
num_leaves=51
num_cat=0
split_feature=12 22 25 6 22 5 23 12 19 28 16 44 20 28 29 22 19 12 46 29 19 4 7 28 20 20 22 31 13 27 29 5 37 12 6 19 18 14 16 44 6 12 35 8 22 28 0 16 18 27
split_gain=767574 764449 860119 770710 765355 759724 688070 645598 1.0766e+06 761375 632806 629542 616849 602169 1.48911e+06 1.11435e+06 941285 1.34965e+06 912897 665756 1.18228e+06 576282 634363 575001 573531 1.81559e+06 1.26382e+06 905539 880767 770258 562252 918263 529074 529507 494578 472364 446126 525460 525249 431484 409954 371450 356654 343294 323105 320890 246747 131594 266315 252219
threshold=0.099132617910698564 3097.2802626377347 28612.310000000001 -1376.3749999999998 3055.3992208561026 0.034428751501854503 29248.500000000004 0.038369234764303935 206.9757618120652 0.60355339059327384 3050.8705243132035 11.100068000000002 2328.9711227180728 -0.12940952255126034 -0.60785761079279388 3189.2680507159007 375.17067062483983 0.03958990675687022 20.826200000000004 -0.60785761079279388 244.47097625518157 1.0303278519617542 33077.095000000008 0.96592582628906831 2408.5035798589292 2508.8397818722369 3189.2680507159007 -0.24999999999999997 0.58292525006713503 0.37940952255126054 -0.60785761079279388 0.11374550643477425 322.50000000000006 0.16079617603955024 -1227.9999999999998 614.20424327994806 442.41457147746161 0.35243353844791808 596.74588443185201 8.7809110000000015 349.99999999999994 0.1312770455686216 1.0000000180025095e-35 252.27203950583993 3383.1803262215603 0.37940952255126043 0.54612995041162227 1506.3969027476808 1015.0174013333202 -0.37940952255126059
decision_type=2 2 2 2 2 2 2 2 2 2 2 2 2 2 2 2 2 2 2 2 2 2 2 2 2 2 2 2 2 2 2 2 2 2 2 2 2 2 2 2 2 2 2 2 2 2 2 2 2 2
left_child=5 4 35 41 12 13 -5 8 47 11 -8 -10 36 14 16 19 18 -18 -1 20 -15 22 -17 -11 26 28 34 -27 -26 -28 -14 -32 33 -6 -9 -3 38 -38 -2 -23 -21 -4 44 -44 -16 -34 -37 48 -7 -49
right_child=1 2 3 6 32 7 10 24 9 23 -12 -13 30 15 42 21 17 -19 -20 40 -22 39 -24 -25 25 27 29 -29 -30 -31 31 -33 45 -35 -36 46 37 -39 -40 -41 -42 -43 43 -45 -46 -47 -48 49 -50 -51
leaf_value=-1.2356437285948749 -0.37159498290926229 4.42807258605957 0.98450057543241065 15.083273872827229 -20.963189048767092 -1.0982676261188151 5.0506330788557925 -8.4362528678894044 -1.5911031375696629 -11.743212692543311 -2.2074460991660318 -8.6587581604306063 17.483060235595705 0.70758156079833423 0.51828436195251304 -3.5614462429869413 -1.5243503439546837 -15.27419257895891 -9.2292194952145969 -0.22291921579259188 5.7184157526832795 19.821739527384441 7.8724546141624456 -1.7342800892316379 28.645873455567795 1.6215411360263823 -19.837985565185548 -13.986262752826397 7.3741870021820066 -1.1783770736694337 11.776687835693361 -9.7546562056107948 4.0282349822100469 -4.1191872083223782 -0.4503041846455591 -4.429005813598633 -0.4674023553274087 1.1696829061981648 -12.783817974437369 6.7042001963884399 3.6604472601773974 -12.912654590606691 -1.849225185935417 -13.262940876370385 9.8356283410390226 -7.4312973496009569 -16.079863225763496 0.5235526725769043 2.0774855903977034 -11.46091784522647
leaf_weight=1205 2681 21 25 37 23 1228 507 49 404 134 90 100 24 1376 3245 50 98 85 98 3947 385 29 79 51 21 279 34 25 31 24 29 21 33 25 6819 27 1689 4875 21 38 181 23 88 20 23 28 21 24 195 20
leaf_count=1205 2681 21 25 37 23 1228 507 49 404 134 90 100 24 1376 3245 50 98 85 98 3947 385 29 79 51 21 279 34 25 31 24 29 21 33 25 6819 27 1689 4875 21 38 181 23 88 20 23 28 21 24 195 20
internal_value=0.00164174 0.568176 3.02307 3.88536 0.372763 -0.281848 4.62678 -0.80779 -2.02347 -4.62963 3.95459 -3.00778 0.450849 0.171627 -0.492097 0.701946 -2.60146 -7.95919 -1.84347 0.503865 1.8057 6.6207 3.4474 -9.00815 -0.447632 2.67947 -0.60873 0.296356 16.3431 -12.2676 7.677 2.71957 -6.26148 -12.4534 -0.5085 -5.43359 0.392317 0.748433 -0.472757 12.5899 -0.0518004 -5.80218 0.436868 -4.06516 0.586848 -1.2669 -9.75039 -0.797121 -0.661927 -5.05757
internal_weight=30585 10200 751 682 9449 20385 634 9438 2156 689 597 504 9340 10947 4862 6085 1486 183 1303 5889 1761 196 129 185 7282 356 6926 304 52 58 74 50 109 48 6868 69 9266 6564 2702 67 4128 48 3376 108 3268 61 48 1467 1423 44
internal_count=30585 10200 751 682 9449 20385 634 9438 2156 689 597 504 9340 10947 4862 6085 1486 183 1303 5889 1761 196 129 185 7282 356 6926 304 52 58 74 50 109 48 6868 69 9266 6564 2702 67 4128 48 3376 108 3268 61 48 1467 1423 44
is_linear=0
shrinkage=0.08


Tree=67
num_leaves=48
num_cat=0
split_feature=12 6 5 45 23 28 7 19 24 11 4 7 11 17 19 3 3 3 24 12 8 14 3 22 44 26 7 22 28 11 32 22 17 19 2 26 10 3 26 45 8 21 27 27 5 14 19
split_gain=690195 778859 633580 809228 709608 632627 741223 998397 930976 744267 645013 608137 591836 551636 522591 519514 754344 743535 1.01747e+06 574784 514874 519285 376867 460977 459070 370558 370322 369775 533976 330538 324143 471943 320719 291389 244545 495463 233121 189481 196909 184047 153308 148443 134861 143302 91589.4 127835 111234
threshold=0.038369234764303935 -584.00499999999988 0.034085126807062584 15.250000000000002 44332.500000000007 0.96592582628906831 31867.895000000004 221.77355822719016 30157.975000000002 0.29372064074877757 1.1636545937468423 35917.845000000008 0.31988462016168118 1679.8958772287044 273.88431499429504 2.5750175502600348 2.5827488698524346 2.1005746971663721 37212.345000000008 0.15935100619831191 668.18643537312937 0.36667368602262201 1.0836100005624145 1685.5926952671336 4.2821262000000013 44115.945416666676 27879.015833333335 2026.5888750965628 -0.5 0.49575372913894261 1.0000000180025095e-35 1391.186999773349 1891.7903955454069 206.9757618120652 0.56020500470501722 34611.151041666679 0.50841569900388572 1.6501113830752732 37813.175833333342 18.598000000000003 118.32390505342538 1500.4659704434764 0.25881904510252091 -0.60355339059327362 0.018511894285525788 0.46460536257875901 182.135683935375
decision_type=2 2 2 2 2 2 2 2 2 2 2 2 2 2 2 2 2 2 2 2 2 2 2 2 2 2 2 2 2 2 2 2 2 2 2 2 2 2 2 2 2 2 2 2 2 2 2
left_child=1 29 14 27 12 6 15 37 11 -10 22 -9 -5 30 44 17 -17 19 -19 -2 21 -16 23 40 32 -26 -15 33 -29 34 31 -12 -24 -4 35 -1 -32 41 -39 -25 -7 -8 43 -36 45 -3 -46
right_child=5 2 3 4 -6 10 7 8 9 -11 13 -13 -14 26 20 16 -18 18 -20 -21 -22 -23 24 39 25 -27 -28 28 -30 -31 36 -33 -34 -35 42 -37 -38 38 -40 -41 -42 -43 -44 -45 46 -47 -48
leaf_value=-4.965519790649414 -0.67004869148555513 -0.50149960017798945 -0.6935955356747151 -18.134124187122691 7.8528453990391327 -0.18196180982658497 -0.0026577580126021659 13.550961492737727 4.5812949502230884 0.94275500909018295 2.3392588127265546 1.9771500938343554 -4.6421319261945051 19.538770012488733 -5.21929394426017 16.672038290235733 -3.6730795724051344 -8.0760977653220856 6.5005624048333415 1.0633270982672791 -9.5706100006103529 2.6354682510560985 1.3990940577665278 -2.0501708062489827 4.8683827859065572 -5.8626587468927562 6.0753106759389244 15.621433178129651 -1.7807497039794922 0.92691460854666574 2.6913417847951253 14.37415242281827 -6.5588812789916995 -4.3039129466530666 -2.3933930519104005 -21.744519057500931 -5.9763847574745785 -8.8868916259273405 -0.58674951470416525 -11.981879832927998 1.7546568998547851 3.2823627829015924 -0.42525842454698348 -10.456240843695564 -0.64074610284587408 0.77381950641260222 -2.5890227771242826
leaf_weight=26 7559 1713 1436 21 27 675 8135 66 401 3438 58 52 443 25 57 26 20 161 37 1460 24 769 115 23 365 21 29 20 24 34 62 32 44 158 24 20 28 30 45 25 426 88 26 36 1353 711 217
leaf_count=26 7559 1713 1436 21 27 675 8135 66 401 3438 58 52 443 25 57 26 20 161 37 1460 24 769 115 23 365 21 29 20 24 34 62 32 44 158 24 20 28 30 45 25 426 88 26 36 1353 711 217
internal_value=0.00134622 -0.687309 -0.557919 -1.70782 -4.55321 0.211053 0.0866303 0.494822 1.5403 1.32391 1.59894 8.51011 -5.29045 5.52711 -0.0522728 -0.453405 7.93639 -0.496133 -5.3332 -0.389362 1.74774 2.08778 1.05339 0.230869 2.78387 4.27093 12.5503 -0.852646 6.3007 -6.08658 3.36245 6.72927 -0.830342 -1.05393 -7.88648 -12.5682 -0.0413256 -0.00385316 -3.98005 -7.3619 0.568269 0.0328924 -5.26664 -7.32321 -0.435692 -0.127262 -0.911507
internal_weight=30585 7139 6973 2129 491 23446 21518 12255 3957 3839 1928 118 464 234 4844 9263 46 9217 198 9019 850 826 1694 1149 545 386 54 1638 44 166 180 90 159 1594 132 46 90 8298 75 48 1101 8223 86 60 3994 2424 1570
internal_count=30585 7139 6973 2129 491 23446 21518 12255 3957 3839 1928 118 464 234 4844 9263 46 9217 198 9019 850 826 1694 1149 545 386 54 1638 44 166 180 90 159 1594 132 46 90 8298 75 48 1101 8223 86 60 3994 2424 1570
is_linear=0
shrinkage=0.08


Tree=68
num_leaves=46
num_cat=0
split_feature=28 45 38 22 2 17 44 24 17 27 30 28 46 26 22 19 26 27 27 19 30 22 37 14 8 7 6 46 14 22 21 17 18 7 38 9 6 26 28 9 20 20 32 16 25
split_gain=688120 847453 962615 635725 998485 1.04719e+06 825690 756137 983321 736021 674087 993328 2.20015e+06 741914 619733 612989 1.00899e+06 488388 466497 622139 1.00871e+06 465366 1.14019e+06 1.13114e+06 533677 412525 372283 456836 322679 348793 320076 309368 267947 258003 247495 234906 220285 219114 215980 215478 198759 169610 160936 100822 45600.6
threshold=-0.9159756150367534 18.317500000000003 5.8630007000000015 1314.03339730879 0.54716191107484324 667.49923971526641 5.9490787500000009 29220.215 1769.3285804849877 0.37940952255126054 -0.56174490092936669 -0.12940952255126034 18.272450000000003 28818.585416666669 3383.1803262215603 614.20424327994806 35883.777500000004 -1.0000000180025095e-35 0.25881904510252091 346.17131145310685 -0.56174490092936669 3178.4872637158019 297.50000000000006 0.41212551104017675 709.52667636726585 36595.937500000007 -883.02499999999998 19.821900000000003 0.51951342354853058 1283.4059821981205 661.0779393993547 1386.0171818619581 428.73204713259628 20008.381666666672 3.2874212500000004 175.35229785000004 109.37999999999995 29975.995833333338 0.60355339059327384 608.54336785000021 270.87128888588347 812.08905958335674 -0.5 2199.3054585573159 32519.210000000003
decision_type=2 2 2 2 2 2 2 2 2 2 2 2 2 2 2 2 2 2 2 2 2 2 2 2 2 2 2 2 2 2 2 2 2 2 2 2 2 2 2 2 2 2 2 2 2
left_child=1 14 26 28 10 6 -6 8 -7 -8 15 12 -12 -13 18 30 -17 -9 19 39 -21 23 25 -4 -25 -23 -3 -28 31 33 -5 32 35 40 -29 -2 43 -35 -33 -1 -30 -34 -38 -20 -31
right_child=3 2 21 4 5 7 9 17 -10 -11 11 13 -14 -15 -16 16 -18 -19 36 20 -22 22 -24 24 -26 -27 27 34 29 44 -32 38 41 37 -36 -37 42 -39 -40 -41 -42 -43 -44 -45 -46
leaf_value=-1.053779634915877 -3.0256541875853449 -8.5838152001120829 13.491822214541228 -5.6370021090669482 20.296969460707444 1.967517455673218 2.0496849734182576 0.42508392809750162 15.665165487551223 14.85973198968011 -8.3928813987806734 8.9196392030585301 0.75898578031825636 0.72885587973190347 12.180011676025391 2.5365528634878305 -18.06661128495869 1.8864062532141168 0.66628640718811194 -16.519716953550066 -2.3491755951132096 -11.164423369831509 -25.983874934803357 -5.5143723645251113 2.9834286124751253 0.84331089822869565 10.157059036157071 5.421355762075871 2.3065651460127401 5.0064114595496134 -1.1219272815240837 -1.6573679270063126 0.048863346042255333 1.6599764125031622 -1.4439674101037494 -0.68644620249865784 7.1091983623504644 -1.7244448189363413 -12.279217887546707 1.6365635028083205 -4.0519346688474931 -0.8550337390602597 1.1223035708017517 -4.3928299478384165 10.552323760986328
leaf_weight=1566 301 21 22 114 25 99 130 4561 50 36 254 72 493 2337 24 25 37 2155 841 41 139 35 21 466 52 37 38 46 43 22 804 27 9337 936 117 3062 59 140 22 216 111 1548 56 25 22
leaf_count=1566 301 21 22 114 25 99 130 4561 50 36 254 72 493 2337 24 25 37 2155 841 41 139 35 21 466 52 37 38 46 43 22 804 27 9337 936 117 3062 59 140 22 216 111 1548 56 25 22
internal_value=0.00120413 -1.00278 -3.22033 0.144614 0.604485 1.18294 7.01063 1.01981 6.63783 4.90011 -0.382411 0.186871 -2.35995 0.977261 -0.36288 -2.21405 -9.85049 0.894198 -0.469269 -1.18128 -5.65035 -4.80804 -10.0162 -3.89423 -4.65721 -5.06676 1.30806 2.37892 -0.185946 1.03355 -1.68815 -0.294679 -0.272615 0.779792 0.514729 -0.896651 0.954504 1.21843 -6.57657 -0.726942 -2.27308 -0.0797503 4.22865 0.51534 7.95224
internal_weight=30585 3822 855 26763 11192 7056 191 6865 149 166 4136 3156 747 2409 2967 980 62 6716 2943 1962 180 633 93 540 518 72 222 201 15571 1274 918 14297 14248 1230 163 3363 981 1076 49 1782 154 10885 115 866 44
internal_count=30585 3822 855 26763 11192 7056 191 6865 149 166 4136 3156 747 2409 2967 980 62 6716 2943 1962 180 633 93 540 518 72 222 201 15571 1274 918 14297 14248 1230 163 3363 981 1076 49 1782 154 10885 115 866 44
is_linear=0
shrinkage=0.08


Tree=69
num_leaves=45
num_cat=0
split_feature=12 20 17 38 18 10 1 4 17 1 20 37 19 2 12 19 14 19 7 26 18 2 20 9 1 8 26 21 31 24 16 6 1 20 8 16 8 37 16 14 1 9 45 25
split_gain=615228 651411 945349 763879 1.12036e+06 836962 722125 835908 672571 619814 785016 978319 850708 904543 773845 970440 1.80918e+06 614083 1.07968e+06 597454 869617 636845 575030 553301 501494 483129 444558 440077 355247 321626 463438 285225 274472 359107 262503 243895 242285 199028 224018 194500 188210 97475.6 39036.3 36728.9
threshold=0.027810516500381331 2395.6432707492263 2055.8953207150594 13.093436500000001 2631.610696155893 0.37321276801498243 0.18946953262365177 1.1997576838897079 1562.9693154448792 0.08224046762484212 2383.5910576283645 297.50000000000006 247.26169252403 0.53939454987493451 0.12010409092777369 329.63139159596329 0.44575715753649642 488.30152107479847 33418.070000000007 36328.552500000005 2739.3066488678764 0.64845475939083763 2408.5035798589292 534.91877800000009 0.24704976018373964 816.11141565159744 37851.130833333336 1223.9729628642706 -0.6830127018922193 42646.750000000007 2396.8939039273037 -175.05999999999997 0.045913702563450197 1614.2826781653973 520.58208160068637 2863.635411009132 280.18504886324803 30.500000000000004 1911.1456186422686 0.47955232224350974 0.043112620323068028 329.31644420000003 7.3935000000000004 42436.470000000008
decision_type=2 2 2 2 2 2 2 2 2 2 2 2 2 2 2 2 2 2 2 2 2 2 2 2 2 2 2 2 2 2 2 2 2 2 2 2 2 2 2 2 2 2 2 2
left_child=17 9 6 19 5 -5 7 8 -3 10 12 40 34 -14 15 27 -17 29 22 21 -21 -4 23 -19 25 -16 -6 -11 -20 31 41 37 36 -34 -2 -32 -33 -1 -39 -26 -12 42 -31 -43
right_child=1 2 3 4 26 -7 -8 -9 -10 14 11 -13 13 -15 24 16 -18 18 28 20 -22 -23 -24 -25 39 -27 -28 -29 -30 30 35 32 33 -35 -36 -37 -38 38 -40 -41 -42 43 -44 -45
leaf_value=3.2765451353246515 0.16760413433377541 0.3310150218871703 2.2482440034326139 -21.072606113978797 10.771724282969599 -0.82978973388671873 -5.6581197191874182 22.858592549278622 9.5081590174226207 -0.73442713199821064 4.5027756222811615 -20.727646020507816 -0.15813300426116209 2.8861945616004716 0.31531114805666949 -5.7259043893886341 1.0181683132389943 -14.460426677357066 -3.2658752940251277 -3.3274397866100287 3.519946898646471 10.034610048294068 -19.164674121455143 3.3588988627558174 -1.993696353556746 3.8770273948550686 -2.5909942801182089 1.6236169724066276 10.41364940809167 0.05042408806937082 15.087029196999291 -0.54298152213895545 -1.1449416951990095 -4.9912383869866641 -7.5889839022500176 4.096651173727853 1.9141141761197884 -3.5835578099497547 -11.722245426819875 -9.0052183201002034 -5.850012187128482 3.4688945257341537 -4.4261734046358052 0.47758700165697321
leaf_weight=21 10293 82 428 34 22 21 29 20 135 5309 21 24 997 1671 4730 659 414 21 25 281 204 79 37 22 58 256 51 559 22 20 21 1985 1105 180 27 34 294 142 25 45 22 36 32 92
leaf_count=21 10293 82 428 34 22 21 29 20 135 5309 21 24 997 1671 4730 659 414 21 25 281 204 79 37 22 58 256 51 559 22 20 21 1985 1105 180 27 34 294 142 25 45 22 36 32 92
internal_value=0.00113599 0.142595 1.83029 0.809757 -4.98278 -13.4964 6.10813 7.56561 6.05772 0.0492773 0.430993 -8.14236 0.475843 1.74893 -0.364963 -0.91431 -3.12529 -0.908878 -6.36352 1.56145 -0.445985 3.47887 -11.9646 -5.47443 0.384335 0.498924 1.52727 -0.509556 3.22086 -0.733577 2.1316 -0.913552 -0.752712 -1.68718 0.146577 8.48745 -0.225306 -3.94256 -4.86445 -5.11412 -0.806573 0.153369 -2.73594 1.33926
internal_weight=30585 26471 1386 1120 128 55 266 237 217 25085 13055 67 12988 2668 12030 6941 1073 4114 127 992 485 507 80 43 5089 4986 73 5868 47 3987 235 3752 3564 1285 10320 55 2279 188 167 103 43 180 52 128
internal_count=30585 26471 1386 1120 128 55 266 237 217 25085 13055 67 12988 2668 12030 6941 1073 4114 127 992 485 507 80 43 5089 4986 73 5868 47 3987 235 3752 3564 1285 10320 55 2279 188 167 103 43 180 52 128
is_linear=0
shrinkage=0.08


Tree=70
num_leaves=41
num_cat=0
split_feature=28 45 38 1 19 30 28 5 12 7 38 44 22 2 19 28 29 29 7 22 45 9 27 19 30 44 20 30 6 16 12 10 15 19 26 15 38 10 5 31
split_gain=590219 744928 793464 613555 647091 772108 964368 1.20122e+06 801281 1.01436e+06 908762 746496 523596 406475 601963 433821 1.49526e+06 1.18468e+06 404998 411081 1.44042e+06 620753 394650 531103 841693 378401 348457 635600 306819 381445 345618 326894 245583 224963 211611 195643 176780 151115 111231 66697.4
threshold=-0.9159756150367534 18.317500000000003 5.8630007000000015 0.24704976018373964 400.20756300939792 0.81174490092936691 -0.12940952255126034 0.1218946305778984 0.1430418495720798 27661.695833333335 13.961301000000002 5.7560366500000013 3383.1803262215603 0.66967832676229111 247.26169252403 -0.12940952255126034 -0.60785761079279388 -0.60785761079279388 34524.35333333334 3178.4872637158019 18.611300000000004 746.94687299999998 0.25881904510252091 338.3537910039542 -0.56174490092936669 15.282904250000001 872.60474151405867 -0.56174490092936669 -883.02499999999998 2231.5016179326008 0.07653892584605429 0.37726380998297454 269.83437500000008 56.83888447477235 36780.972708333342 174.6952083333334 4.3785581500000008 0.54822063359894491 0.13205505125498995 0.68301270189221941
decision_type=2 2 2 2 2 2 2 2 2 2 2 2 2 2 2 2 2 2 2 2 2 2 2 2 2 2 2 2 2 2 2 2 2 2 2 2 2 2 2 2
left_child=1 12 28 4 13 8 11 -8 9 -6 -10 -7 22 15 33 16 -2 -17 26 20 -20 -21 23 36 -25 -16 39 -28 -3 30 -30 -31 35 -15 37 -24 -1 38 -5 -4
right_child=3 2 18 34 5 6 7 -9 10 -11 -12 -13 -14 14 25 17 -18 -19 19 21 -22 -23 32 24 -26 -27 27 -29 29 31 -32 -33 -34 -35 -36 -37 -38 -39 -40 -41
leaf_value=1.3559392811321334 -2.3452794289768906 -7.8756653239510275 -3.485574169921875 -12.262556482828582 -3.4052913998612544 15.347269131175258 2.2604934575394409 -14.656911336964574 3.3012546127806854 0.75016297765253781 -10.90425971476237 5.0617494547315038 11.200118405151368 -0.50767079810899096 2.4969070336027328 1.2738976047284742 0.23877911680526862 -0.39512251859724906 9.8688176790873214 -14.630679025417422 -4.1067008814031425 1.7212673695882164 0.87834842205368757 -14.507443582493327 -2.1083951324462893 9.4116704276570111 -19.483338117928341 -6.545574827761877 -4.1421261282370123 2.8117186416136595 3.6710813604818813 15.225811351429332 8.5553543589665342 0.8242106780666596 0.62886871620460794 -5.686866761684418 -0.96359314264103446 -1.7125139543284542 -5.3282441895583581 2.5572004110162907
leaf_weight=243 2251 21 24 38 491 56 364 28 758 1593 29 228 24 1254 472 3917 3941 8914 56 40 274 23 927 45 149 56 28 167 70 37 73 21 25 2297 26 29 1525 22 28 21
leaf_count=243 2251 21 24 38 491 56 364 28 758 1593 29 228 24 1254 472 3917 3941 8914 56 40 274 23 927 45 149 56 28 167 70 37 73 21 25 2297 26 29 1525 22 28 21
internal_value=0.000959428 -0.928866 -3.00795 0.133777 0.158933 1.16484 3.59522 1.01789 0.591532 -0.230045 2.76462 7.13661 -0.328926 0.00444631 0.729022 -0.150951 -0.70084 0.114449 -4.4494 -2.85626 -1.71245 -8.7273 -0.426717 -1.08161 -5.04411 3.2467 -7.0355 -8.49323 1.10367 2.07615 -0.15577 7.48836 0.882832 0.35386 -5.69711 0.67346 -0.644202 -7.55221 -9.44416 -0.671325
internal_weight=30585 3822 855 26763 26649 3547 676 392 2871 2084 787 284 2967 23102 4079 19023 6192 12831 633 393 330 63 2943 1962 194 528 240 195 222 201 143 58 981 3551 114 956 1768 88 66 45
internal_count=30585 3822 855 26763 26649 3547 676 392 2871 2084 787 284 2967 23102 4079 19023 6192 12831 633 393 330 63 2943 1962 194 528 240 195 222 201 143 58 981 3551 114 956 1768 88 66 45
is_linear=0
shrinkage=0.08


Tree=71
num_leaves=53
num_cat=0
split_feature=23 28 22 35 22 29 28 17 14 11 27 19 27 17 45 3 3 22 27 4 22 3 25 20 2 3 10 14 3 3 19 29 14 14 22 15 11 17 4 17 19 46 19 10 19 18 23 4 2 18 4 17
split_gain=540694 788107 1.42198e+06 1.18226e+06 2.04944e+06 1.33984e+06 893424 818527 747520 706720 629888 987993 812904 1.51707e+06 706796 665745 644673 996982 987751 633671 619325 539733 485663 476746 464798 544357 379032 349131 345129 342616 342136 698795 297335 287733 269622 424197 359012 269188 245405 227203 170712 170515 168363 165743 157320 251102 150758 104283 67308.3 60180.4 50283.2 44303.1
threshold=44332.500000000007 -0.5 3319.3355139309492 1.0000000180025095e-35 2781.334362479975 -0.60785761079279388 -0.9159756150367534 2762.2196417614418 0.35808000037253657 0.31450563406856685 -0.37940952255126059 188.81319420672938 -1.0000000180025095e-35 2231.5016179326008 18.583150000000003 2.2357967022157044 2.2013852343508646 3130.9621870995857 -0.78656609248549292 1.1304304347850744 2540.0074927087549 2.2013852343508646 44019.820000000007 2662.2724930850181 0.65041781104915652 2.2416948270893884 0.33175540984737928 0.34475332782548135 1.5896301807878987 1.6073739134340836 325.07324323628023 1.0000000180025095e-35 0.37621455170331702 0.37467390938454254 1555.0628047981957 -3.655000000000002 0.33739876878287273 1627.7543623828017 1.0943839603903598 527.72862677927287 257.68101129683959 17.740100000000002 89.590311014316811 0.35090803389895536 346.17131145310685 1940.014878896319 46979.000000000007 0.97777822224889055 0.63494309862407949 2548.6437464042765 1.0276782420937469 549.22861035819983
decision_type=2 2 2 2 2 2 2 2 2 2 2 2 2 2 2 2 2 2 2 2 2 2 2 2 2 2 2 2 2 2 2 2 2 2 2 2 2 2 2 2 2 2 2 2 2 2 2 2 2 2 2 2
left_child=1 2 3 5 39 7 -7 -1 22 -4 11 37 13 28 -15 19 17 -13 -18 -14 29 26 34 -17 25 -11 38 44 -12 40 47 -32 49 -28 50 -36 -37 42 -22 -5 41 -10 -3 -31 45 -24 -46 -29 -39 -23 51 -2
right_child=8 10 9 4 -6 6 -8 -9 20 24 12 16 15 14 -16 23 18 -19 -20 -21 21 32 27 -25 -26 -27 33 30 -30 43 31 -33 -34 -35 35 36 -38 48 -40 -41 -42 -43 -44 -45 46 -47 -48 -49 -50 -51 -52 -53
leaf_value=-1.6519286667890527 3.2903666048271716 -0.2195306114558368 -18.934827880859377 -0.89060477592254605 -21.989362915039063 -0.99756494696649145 1.0824330570371694 -12.195785185496014 3.0334357787791948 -3.3235128474879914 -1.0108242287684761 2.2135243251583292 -0.28407921110363249 -7.6853212030728661 -25.077425616720447 6.7520908040236804 1.3052101600717405 9.4745468082723683 -6.6956576395422465 1.2881280190401561 9.7888062481547511 7.1884458569117955 0.22625163921758759 -3.1928506450164016 1.6028714333082499 -18.807371606445312 -2.3537851619720458 -4.7969114628962934 -6.2449021815157479 -7.9905126799959127 -18.263200296472622 -1.9337007296603659 -4.4268746173743043 8.260325447129615 13.090434980147926 8.6605565643310545 -5.7986964902010838 -6.6261846782131624 20.098297862300168 -4.8671685440655059 8.5255915273938871 -3.3238067761589498 0.80358319157841773 0.5308792307421013 -0.37978796088177225 -6.3212055149078372 8.5251011297437884 0.7225732339859009 -1.9242296297926651 1.883845450592041 4.9970247896512348 0.3163965092971921
leaf_weight=2666 42 2838 33 182 39 2084 3609 47 132 36 1113 1992 9280 47 22 152 500 128 122 1992 42 34 596 38 37 24 20 30 86 32 26 45 32 80 38 21 21 43 26 186 27 33 1614 26 22 39 26 74 37 24 23 127
leaf_count=2666 42 2838 33 182 39 2084 3609 47 132 36 1113 1992 9280 47 22 152 500 128 122 1992 42 34 596 38 37 24 20 30 86 32 26 45 32 80 38 21 21 43 26 186 27 33 1614 26 22 39 26 74 37 24 23 127
internal_value=0.000789524 -0.0792451 -0.703508 -0.580457 -4.78607 -0.376285 0.32098 -1.83902 1.41436 -8.97732 0.19986 0.793674 -0.139486 -2.06071 -13.5097 0.0732137 1.99202 2.65619 -0.27232 -0.00614743 3.95999 6.70206 0.267462 4.7568 -5.43107 -9.72384 9.36822 -0.66694 -1.39114 1.11474 -3.84414 -8.08412 1.67698 6.13522 3.2066 7.0801 1.46421 0.068358 13.9648 -2.90824 2.74173 1.74962 0.15148 -4.22633 0.151559 -0.185182 4.51924 -0.900107 -4.50213 5.06257 1.56432 1.0705
internal_weight=30585 28947 8943 8813 407 8406 5693 2713 1638 130 20004 7274 12730 1268 69 11462 2742 2120 622 11272 508 258 1130 190 97 60 168 858 1199 250 175 71 90 100 272 80 42 4532 68 368 192 165 4452 58 683 635 48 104 80 58 192 169
internal_count=30585 28947 8943 8813 407 8406 5693 2713 1638 130 20004 7274 12730 1268 69 11462 2742 2120 622 11272 508 258 1130 190 97 60 168 858 1199 250 175 71 90 100 272 80 42 4532 68 368 192 165 4452 58 683 635 48 104 80 58 192 169
is_linear=0
shrinkage=0.08


Tree=72
num_leaves=44
num_cat=0
split_feature=18 14 12 1 1 8 8 3 14 18 44 28 26 8 8 1 20 20 25 46 45 28 20 4 28 4 24 27 28 29 3 26 8 22 17 21 2 4 8 18 32 46 22
split_gain=541824 605216 550016 811758 638766 900236 607734 863371 766977 623606 415509 614059 383964 559417 475531 475282 375922 1.16185e+06 1.07938e+06 743444 508784 1.16851e+06 843989 371446 359808 354262 344636 342702 293053 671264 523986 831139 482682 354056 259007 257825 333887 256590 188491 187400 182957 163880 115737
threshold=2767.1847758161971 0.37321636293368837 0.085393524350643984 0.060107392327039592 0.10592229655737891 311.59924285531133 183.84401763282486 2.5750175502600348 0.44834874173219336 2374.987419907327 13.627861500000002 -0.70710678118654757 37851.130833333336 408.87592371001875 576.58915984026874 0.039993468407515442 1975.0399727857784 2132.0742343862225 28982.450000000004 18.289050000000003 14.827350000000001 0.1294095225512602 1493.7620699501476 1.1090887273455723 0.1294095225512602 1.2167724583622486 26877.145000000004 -0.25881904510252113 -0.12940952255126034 -0.60785761079279388 1.2003823208133773 34385.639166666675 364.41296759475995 3178.4872637158019 2863.635411009132 793.12892521711512 0.5580312387678833 1.0786221444000528 430.44667324903764 1184.9845847808581 -0.24999999999999994 17.595200000000002 3383.1803262215603
decision_type=2 2 2 2 2 2 2 2 2 2 2 2 2 2 2 2 2 2 2 2 2 2 2 2 2 2 2 2 2 2 2 2 2 2 2 2 2 2 2 2 2 2 2
left_child=2 -2 3 28 5 25 35 8 -8 -9 11 -7 14 15 37 27 20 19 -19 -18 22 -22 -6 -12 -15 41 -27 -14 29 32 40 -32 -1 -31 -26 39 -37 38 -3 -5 -30 -4 -17
right_child=1 12 4 6 16 10 7 9 -10 -11 23 -13 13 24 -16 42 17 18 -20 -21 21 -23 -24 -25 34 26 -28 -29 30 33 31 -33 -34 -35 -36 36 -38 -39 -40 -41 -42 -43 -44
leaf_value=-1.4021560978054208 15.363605906168621 0.37837643167246948 0.4215866670648471 -0.55535767825431159 -0.32920311594431773 -0.96792895763780107 -3.2921391788761594 9.5420824694287951 -0.53146458485998327 -0.38229529736017936 4.7041443691831653 3.3624809956388324 7.3634260817368826 -11.237276085717339 -2.2663438440814163 5.0495946273803716 -0.9932688575788684 -8.8719494282649105 2.1203847360008643 -7.7999359351827744 -0.73453810369556249 3.4103857723087918 -10.898725707847246 16.143827881446253 -5.9760672187805177 11.042826706458781 2.0083245864058119 -3.8969523562154462 0.68575479440638443 0.40462508505988548 6.7346550659909115 1.0647748960789711 -7.0855476067616392 -5.0485952299069137 6.1899662562779021 -3.8389200054274664 2.0085351338963799 16.650459469881927 9.6152670769691468 -6.3536089865366616 -0.366462319397104 -1.0050034554438159 12.198460246119007
leaf_weight=1205 23 22 3893 4080 3661 268 1647 68 1058 98 65 954 23 34 32 34 183 64 474 234 939 810 48 25 23 28 414 61 2047 3303 201 918 103 77 20 71 475 21 39 35 2186 593 28
leaf_count=1205 23 22 3893 4080 3661 268 1647 68 1058 98 65 954 23 34 32 34 183 64 474 234 939 810 48 25 23 28 414 61 2047 3303 201 918 103 77 20 71 475 21 39 35 2186 593 28
internal_value=0.000531377 3.0815 -0.0362658 -0.325846 0.365887 0.942059 -0.953564 -1.86898 -2.21296 3.71591 2.80351 2.41275 2.20028 0.262774 5.95508 3.16736 -0.194802 -1.6582 0.798712 -4.82236 0.061509 1.18592 -0.468889 8.02432 -5.21463 0.44601 2.60428 -0.763398 0.145115 -0.316657 0.54958 2.08833 -1.85477 0.278938 -0.305371 -0.389422 1.24252 9.15209 6.34376 -0.606206 0.142412 0.232825 8.42049
internal_weight=30585 360 30225 17572 12653 6240 7532 2871 2705 166 1312 1222 337 223 114 146 6413 955 538 417 5458 1749 3709 90 77 4928 442 84 10040 4688 5352 1119 1308 3380 43 4661 546 82 61 4115 4233 4486 62
internal_count=30585 360 30225 17572 12653 6240 7532 2871 2705 166 1312 1222 337 223 114 146 6413 955 538 417 5458 1749 3709 90 77 4928 442 84 10040 4688 5352 1119 1308 3380 43 4661 546 82 61 4115 4233 4486 62
is_linear=0
shrinkage=0.08


Tree=73
num_leaves=35
num_cat=0
split_feature=18 26 26 14 12 20 3 22 16 5 5 5 15 14 8 46 45 18 20 19 26 6 8 19 17 25 27 16 12 44 25 5 27 12
split_gain=465093 471271 466203 623771 461152 540237 832097 750984 886976 564096 652110 427451 661813 812416 584585 494324 672377 517747 426516 552408 408500 507699 403469 388428 352898 319535 280185 598025 232274 200069 453439 256645 194016 160144
threshold=2739.3066488678764 42492.451666666675 37486.330833333341 0.41212551104017675 0.057883983894276979 2348.8545393857171 2.4674322294762998 3217.7385591526518 2475.030458788719 0.0073066579564388208 0.011060320352136662 0.052252705632251255 568.62270833333343 0.49073846587148523 995.43244380087151 18.224850000000004 14.827350000000001 1292.0954870900734 2693.4464449449033 290.77128328696205 36216.623541666675 300.02500000000038 182.17473618486298 531.76801472283285 1268.8517386490414 35349.020000000004 0.37940952255126054 2700.8174739057463 0.090532947320665594 8.1887480000000021 36535.785000000011 0.029568490162066138 0.37940952255126054 0.055248222015692051
decision_type=2 2 2 2 2 2 2 2 2 2 2 2 2 2 2 2 2 2 2 2 2 2 2 2 2 2 2 2 2 2 2 2 2 2
left_child=4 2 20 26 5 7 9 8 23 -7 -11 14 15 22 18 16 -13 -17 19 -6 29 33 -14 -1 -10 -8 28 -28 -4 31 -31 -2 -27 -22
right_child=1 -3 3 -5 11 6 25 -9 24 10 -12 12 13 -15 -16 17 -18 -19 -20 -21 21 -23 -24 -25 -26 32 27 -29 -30 30 -32 -33 -34 -35
leaf_value=-0.33701369394448089 3.5754366938273114 13.649687093651812 2.0874565975127681 -9.9499474610222709 0.31017059421680332 6.0111170174734934 -3.9932006560431588 -14.138467506408693 14.270620240711031 -12.447006603176311 -3.5365025521554645 -0.31537646633871236 -2.8407301137664103 -8.169500882808979 12.603476803119365 0.30682561801177005 1.5567147068314824 -2.3557757349703685 -7.6532753295898441 1.9421946230964753 1.1255104909624372 20.383159477597193 9.0711823812452685 -7.2029590059676263 3.4261100543122138 2.7511306182374349 3.2648355267842613 -9.1021710382505905 10.575524017333985 14.342753684303977 -0.38611668573107039 -7.4064485321044922 10.202231426239013 10.487977044241768
leaf_weight=10619 29 22 123 35 6825 34 35 24 20 58 503 6167 21 25 25 748 1532 1244 39 1647 27 20 118 52 247 93 59 42 24 21 34 24 29 20
leaf_count=10619 29 22 123 35 6825 34 35 24 20 58 503 6167 21 25 25 748 1532 1244 39 1647 27 20 118 52 247 93 59 42 24 21 34 24 29 20
internal_value=0.000626527 2.46863 1.90298 -0.107284 -0.0388045 -0.431106 -2.50394 -0.288693 -0.257015 -3.86977 -4.47824 0.211079 -0.147865 4.87617 0.625456 -0.233381 0.0572989 -1.35631 0.588796 0.627636 5.136 9.99718 7.2641 -0.371143 4.28865 2.66404 1.31618 -1.9167 3.53536 2.05622 5.39333 -1.44256 4.59084 5.24504
internal_weight=30585 480 458 283 30105 11714 752 10962 10938 595 561 18391 9855 164 8536 9691 7699 1992 8511 8472 175 67 139 10671 267 157 248 101 147 108 55 53 122 47
internal_count=30585 480 458 283 30105 11714 752 10962 10938 595 561 18391 9855 164 8536 9691 7699 1992 8511 8472 175 67 139 10671 267 157 248 101 147 108 55 53 122 47
is_linear=0
shrinkage=0.08


Tree=74
num_leaves=37
num_cat=0
split_feature=28 28 1 3 6 46 23 14 28 22 29 25 19 11 26 15 19 38 1 21 1 25 19 1 14 4 25 6 3 22 3 11 19 21 22 26
split_gain=490750 690150 1.01191e+06 947030 492040 552582 484123 603173 588702 1.08654e+06 927263 790415 1.1244e+06 641007 513442 461108 493414 818518 732372 429896 417527 402278 376305 373019 361596 329261 309086 303111 294699 277667 488565 276446 272820 225462 211826 178222
threshold=0.96592582628906831 0.9159756150367534 0.20179298745144222 1.5896301807878987 485.01000000000005 19.133050000000004 44332.500000000007 0.35808000037253657 -0.5 3319.3355139309492 -1.0000000180025095e-35 33545.605000000003 242.32531917308287 0.31450563406856685 42691.277708333342 -651.9133333333333 472.37178621456525 7.1080962000000012 0.12428960263369709 1223.9729628642706 0.068650442830567884 44019.820000000007 478.87360381594812 0.034612725495734666 0.41055581398882018 1.0943839603903598 30501.850000000002 508.73500000000007 2.0229317428466573 3078.7889885211548 1.780764062319619 0.30513391459563427 161.23706068859158 1902.3554223419399 1555.0628047981957 36491.417291666679
decision_type=2 2 2 2 2 2 2 2 2 2 2 2 2 2 2 2 2 2 2 2 2 2 2 2 2 2 2 2 2 2 2 2 2 2 2 2
left_child=1 6 3 20 15 -6 8 21 9 10 -1 19 -13 -11 22 -2 29 18 -18 -10 27 34 -9 -5 -19 -16 -7 -3 -25 30 -17 -23 -22 -31 -8 -28
right_child=4 2 -4 23 5 26 7 14 11 13 -12 12 -14 -15 25 16 17 24 -20 -21 32 31 -24 28 -26 -27 35 -29 -30 33 -32 -33 -34 -35 -36 -37
leaf_value=-1.3980602330700138 -9.7813782948714039 0.36273652941101431 -18.545862254267153 0.88344241509070776 14.895824705759685 -5.3402126627383026 1.5049229584983055 1.3696612475012655 -0.59702042742704997 -17.324795778779425 0.248226009811435 0.12234373343777108 2.1559380647032085 -4.4817416438277888 5.565508782967278 0.6374475427727524 6.0689452905365924 5.4876564434596471 -6.9985695250490885 1.1749549149241514 -0.89254531478388077 0.10793996255264404 8.3293734851376762 -7.5556222417984884 17.153884197956806 15.669417921496978 9.3495459109715053 10.16465668042501 -17.661241613769533 11.038459543688544 -7.3636037258148193 -3.6637246296105799 -4.4516923501482628 1.2547015768108947 6.414683600531685 0.91296819871471768
leaf_weight=4055 25 527 22 25 32 22 187 353 6984 33 4758 5699 2504 97 68 2117 65 34 46 1001 337 705 57 86 36 30 34 20 24 28 49 150 233 32 80 30
leaf_count=4055 25 527 22 25 32 22 187 353 6984 33 4758 5699 2504 97 68 2117 65 34 46 1001 337 705 57 86 36 30 34 20 24 28 49 150 233 32 80 30
internal_value=0.0007127 -0.0959478 -1.91439 -1.60758 1.06303 6.08633 -0.00930959 1.32632 -0.0959883 -0.616892 -0.509329 0.191803 0.743294 -7.84927 3.61048 0.8169 0.930994 4.93615 0.639443 -0.374766 -0.83935 0.289847 2.35514 -7.91103 11.6445 8.78558 2.67484 0.739019 -9.89973 0.603257 0.45313 -0.557263 -2.35267 5.92657 2.99446 5.46979
internal_weight=30585 28035 1274 1252 2550 118 26761 1630 25131 8943 8813 16188 8203 130 508 2432 2407 181 111 7985 1117 1122 410 135 70 98 86 547 110 2226 2166 855 570 60 267 64
internal_count=30585 28035 1274 1252 2550 118 26761 1630 25131 8943 8813 16188 8203 130 508 2432 2407 181 111 7985 1117 1122 410 135 70 98 86 547 110 2226 2166 855 570 60 267 64
is_linear=0
shrinkage=0.08


Tree=75
num_leaves=48
num_cat=0
split_feature=4 28 8 30 17 28 17 5 46 21 44 12 8 44 37 17 23 19 19 30 9 9 8 28 18 28 8 17 5 12 19 3 5 17 0 14 12 19 6 19 19 19 11 17 5 19 14
split_gain=427381 441147 544331 781164 496892 486600 1.22856e+06 465149 455640 396898 396261 375910 831180 564470 1.06039e+06 615002 410664 355019 303366 291940 408991 609176 603017 403937 556443 438413 567734 442439 398600 461440 331329 270817 270578 267445 682086 230992 271052 229033 209809 314623 208149 192041 166506 152658 106095 103899 94236.9
threshold=0.79594076328328034 0.96592582628906831 380.05603431913977 -0.56174490092936669 1083.9811639138104 0.9159756150367534 2199.3054585573159 0.078964677847462847 18.323200000000003 1300.821923639917 7.903771400000001 0.14168769429661141 995.43244380087151 14.280019750000003 185.50000000000003 1456.0179500695344 44332.500000000007 739.19286622200468 478.87360381594812 0.81174490092936691 614.12838620000014 643.52613685000017 338.37106591708442 -0.12940952255126034 1962.7455307003709 -0.70710678118654757 290.78584905913357 1769.3285804849877 0.109674123906961 0.07653892584605429 412.5423184596591 1.7085644401503672 0.13694336744672342 1015.9650526822685 0.34692919294623298 0.35543619504113516 0.18635890477550934 183.83202223514806 417.00500000000005 395.01328771373051 379.89625017337096 195.64115012352724 0.48216189492249345 1972.6662909140466 0.083415146580211333 124.7734942137506 0.45386902322008593
decision_type=2 2 2 2 2 2 2 2 2 2 2 2 2 2 2 2 2 2 2 2 2 2 2 2 2 2 2 2 2 2 2 2 2 2 2 2 2 2 2 2 2 2 2 2 2 2 2
left_child=19 5 18 9 -5 11 7 31 -9 -4 -8 12 16 15 -15 -13 -2 -6 38 20 32 22 -22 25 40 33 45 -28 29 -23 -24 -7 35 41 -35 37 -37 -1 39 -3 44 -21 -40 -11 -25 -27 -42
right_child=1 2 3 4 17 6 10 8 -10 43 -12 13 -14 14 -16 -17 -18 -19 -20 23 21 28 30 24 -26 26 27 -29 -30 -31 -32 -33 -34 34 -36 36 -38 -39 42 -41 46 -43 -44 -45 -46 -47 -48
leaf_value=-1.3391007094076077 -0.096278756969287491 0.56999579368144104 -9.2227654012044269 16.062917982532134 6.6867990622288271 0.10139246336524449 -17.834786254035102 -2.9477032196235657 -14.456928174407395 -3.4827165022350495 -5.3608422655047798 0.32300823490439873 -14.045948974821304 -20.406776246570406 -1.1366286576648692 2.7996419438366864 1.3884616305793034 -1.815931873810597 9.8194532751000434 0.91432781624638182 -0.91871777636664254 -4.2519086730095648 -8.4320366278148828 -1.0016232573846899 9.7802927721463728 -0.13242022213728533 16.487204424540202 4.560348908901215 -12.757420029413133 1.355429418708737 -23.492262166341149 -6.7220354559482676 -9.1653334045410162 2.9855741987961988 -8.5280400771525358 -0.51526560449603143 4.1238371895020265 -5.7074488492531348 10.102414262390138 -6.357871436185615 -3.3509277634393602 9.0848067510695678 1.9346140782376555 5.208676267511704 -5.4391256408691406 3.7327323552383773 -11.100055170473846
leaf_weight=325 18368 1729 32 30 171 818 35 124 26 20 32 1776 26 20 142 1004 1274 38 22 152 27 185 20 256 25 91 35 47 20 189 20 38 23 64 66 2801 82 100 24 42 20 20 46 33 39 86 22
leaf_count=325 18368 1729 32 30 171 818 35 124 26 20 32 1776 26 20 142 1004 1274 38 22 152 27 185 20 256 25 91 35 47 20 189 20 38 23 64 66 2801 82 100 24 42 20 20 46 33 39 86 22
internal_value=0.000694442 0.128371 1.21522 4.23651 6.57191 0.0279585 -1.63583 -0.931399 -5.02517 -2.33015 -12.0435 0.106985 -0.0191925 0.950236 -3.62626 1.21813 8.87895e-05 5.13956 0.687789 -0.69971 -1.01024 -3.24105 -10.2373 0.57575 -1.50514 1.91879 4.32693 9.78839 -2.02843 -1.4222 -16.3515 -0.209007 -0.700619 -0.153938 -2.88028 -0.639013 -0.381933 -2.37793 0.573394 0.402203 -2.3688 1.91141 4.83785 1.92515 -1.60467 1.75598 -7.57374
internal_weight=30585 25870 2187 324 239 23683 1073 1006 150 85 67 22610 19668 2942 162 2780 19642 209 1863 4715 3792 461 67 923 362 561 259 82 394 374 40 856 3331 302 130 3308 2883 425 1841 1771 337 172 70 53 295 177 42
internal_count=30585 25870 2187 324 239 23683 1073 1006 150 85 67 22610 19668 2942 162 2780 19642 209 1863 4715 3792 461 67 923 362 561 259 82 394 374 40 856 3331 302 130 3308 2883 425 1841 1771 337 172 70 53 295 177 42
is_linear=0
shrinkage=0.08


Tree=76
num_leaves=30
num_cat=0
split_feature=28 1 6 23 16 2 13 17 1 17 7 2 26 45 17 38 38 46 17 31 16 14 7 5 18 13 13 5 8
split_gain=397171 406046 421318 548944 738412 554841 1.62484e+06 531741 380963 353739 453708 369482 714929 395089 351191 312705 266246 292023 275382 240490 190322 182393 259566 155296 152863 136301 133050 55378.8 47240.6
threshold=-0.9829629131445341 0.24704976018373964 200.79999999999998 26038.500000000004 968.67081498696814 0.52730227949592912 0.52953272856800704 769.65130724078085 0.099055556065486952 3199.5985812441477 31867.895000000004 0.66967832676229111 38974.473125000011 18.583150000000003 2148.5964702371089 7.0548860000000007 5.8630007000000015 18.272450000000003 1891.7903955454069 -0.6830127018922193 1053.7360194662817 0.47955232224350974 22337.725833333334 0.027503553514697195 1848.738506876083 0.6539057426947118 0.45999595969591905 0.087823592371922915 218.38834775283709
decision_type=2 2 2 2 2 2 2 2 2 2 2 2 2 2 2 2 2 2 2 2 2 2 2 2 2 2 2 2 2
left_child=14 2 9 4 8 6 -5 -7 -4 11 -11 12 -2 -13 16 -16 24 18 20 -19 -18 22 -3 -21 27 -12 -23 28 -1
right_child=1 21 3 5 -6 7 -8 -9 -10 10 25 13 -14 -15 15 -17 17 19 -20 23 -22 26 -24 -25 -26 -27 -28 -29 -30
leaf_value=0.38602008331144178 -0.046188470828591781 -6.3541806514843087 7.8018824335734056 0.67183030395370436 19.229626200993856 5.6329127388857732 -6.8175426449520256 1.0955391171748099 -6.2590391358875097 12.218726185560227 3.0971321544355277 0.60891817586544617 -1.559201814244096 -10.388530840192523 0.22221985194994054 -11.752612063759253 -0.73648068598122518 -12.291213969355045 7.2220662483215339 0.2083519453160903 -4.176462138333628 -2.8748774389993579 3.4946717223525048 -5.1724068945263504 6.4808215640385951 -2.7270029253278461 -11.378718611598016 3.2032010787572616 -3.1399352257592335
leaf_weight=184 18027 36 29 1075 23 177 223 2335 20 31 97 4855 2247 20 22 37 610 22 24 50 123 20 31 108 29 34 31 38 27
leaf_count=184 18027 36 29 1075 23 177 223 2335 20 31 97 4855 2247 20 22 37 610 22 24 50 123 20 31 108 29 34 31 38 27
internal_value=0.000398257 0.0605216 0.0795292 0.855453 7.72778 0.723589 -0.619123 1.41736 2.05233 -0.039505 3.6753 -0.0635795 -0.213947 0.561679 -1.38182 -7.35814 -1.0858 -1.73047 -1.03868 -4.61803 -1.31863 -4.60308 -1.81287 -3.47903 1.08547 1.57632 -8.1633 0.433681 -0.0778513
internal_weight=30585 29311 29193 3882 72 3810 1298 2512 49 25311 162 25149 20274 4875 1274 59 1215 937 757 180 733 118 67 158 278 131 51 249 211
internal_count=30585 29311 29193 3882 72 3810 1298 2512 49 25311 162 25149 20274 4875 1274 59 1215 937 757 180 733 118 67 158 278 131 51 249 211
is_linear=0
shrinkage=0.08


Tree=77
num_leaves=35
num_cat=0
split_feature=12 22 19 7 22 25 28 31 4 22 27 27 19 23 1 19 8 19 3 5 8 19 46 38 25 19 24 3 22 22 21 3 44 9
split_gain=396315 430960 414477 931634 519502 522298 373450 437896 458368 446758 422474 692742 1.03831e+06 949545 413686 933868 547589 268298 267153 262273 240468 345511 328428 495536 463933 231006 223992 347305 284384 645512 382343 204396 67839.6 46808.7
threshold=0.027810516500381331 3424.9495614618859 488.30152107479847 33418.070000000007 2929.4165729642878 31983.080000000005 0.96592582628906831 0.93301270189221952 1.1682709586002431 1391.186999773349 -0.37940952255126059 0.25881904510252091 346.17131145310685 33891.000000000007 0.13006485369619034 390.10552129938475 380.05603431913977 866.73822657055348 2.2013852343508646 0.017991596911290864 277.42362965963542 325.07324323628023 19.821900000000003 5.4911990500000014 31002.400000000005 290.77128328696205 42646.750000000007 1.8911211417601259 2080.7576564590659 2026.5888750965628 1611.6916946300421 1.4297969607747862 4.3257241000000013 327.29167860000001
decision_type=2 2 2 2 2 2 2 2 2 2 2 2 2 2 2 2 2 2 2 2 2 2 2 2 2 2 2 2 2 2 2 2 2 2
left_child=2 6 19 4 -4 -6 10 8 17 -10 14 12 -12 -13 15 -2 -16 -8 -5 20 21 31 24 -24 -22 32 28 33 29 -21 -30 -1 -9 -28
right_child=1 -3 3 18 5 -7 7 25 9 -11 11 13 -14 -15 16 -17 -18 -19 -20 26 22 -23 23 -25 -26 -27 27 -29 30 -31 -32 -33 -34 -35
leaf_value=-0.26011215653663017 0.33511724693558953 8.6273187757793224 -0.52063406219482422 -2.6993435096740721 -8.4272904988881709 -24.7092178780692 1.1675754653409389 -0.44621072509944837 1.1000821800370819 8.4002933024941839 -0.60971328553510828 -0.52288769994370943 -4.2612344600406349 1.0440030379740248 0.17835480895421024 2.9501897780612198 -2.8437041909663123 -7.3517008336385095 9.1828528961768523 -1.2361881432796002 15.55783224626021 -10.467711959112258 2.0292355812720535 -9.3303964197635647 2.9545763599963588 -9.6582401514053355 -2.3440452204031104 11.094177303314209 -6.8277468278672959 10.41282944710024 -0.75454071067499395 6.7632825074372462 -3.719033075741359 1.1151653215257746
leaf_weight=1489 7241 37 24 22 36 20 1742 148 102 113 2687 6918 611 3853 1397 993 528 23 25 1722 21 20 105 31 130 23 33 21 134 30 131 26 55 94
leaf_count=1489 7241 37 24 22 36 20 1742 148 102 113 2687 6918 611 3853 1397 993 528 23 25 1722 21 20 105 31 130 23 33 21 134 30 131 26 55 94
internal_value=0.000329515 0.113865 -0.730053 -5.21133 -10.4163 -14.5737 0.101623 1.09789 1.47884 4.95806 0.0108701 -0.272996 -1.28729 0.037665 0.403979 0.650808 -0.651599 1.05246 3.68061 -0.586037 0.121266 -0.27655 2.24253 -0.609297 4.79817 -2.23149 -1.18106 1.8142 -1.40164 -1.03089 -3.83964 -0.135197 -1.34682 0.205025
internal_weight=30585 26471 4114 127 80 56 26434 2206 1980 215 24228 14069 3298 10771 10159 8234 1925 1765 47 3987 1822 1535 287 136 151 226 2165 148 2017 1752 265 1515 203 127
internal_count=30585 26471 4114 127 80 56 26434 2206 1980 215 24228 14069 3298 10771 10159 8234 1925 1765 47 3987 1822 1535 287 136 151 226 2165 148 2017 1752 265 1515 203 127
is_linear=0
shrinkage=0.08


Tree=78
num_leaves=40
num_cat=0
split_feature=4 15 16 26 21 10 14 14 22 26 29 22 38 5 20 38 3 7 19 26 20 19 25 7 25 19 7 37 25 24 20 19 7 5 7 30 3 19 0
split_gain=334215 399189 480211 454484 395382 505565 447459 346729 316378 496124 459073 334453 663819 1.09369e+06 602257 478077 545698 403701 588242 317380 773264 676880 304263 298126 539537 296267 522013 631362 333220 262476 251364 237418 231778 229169 193023 185508 674565 438581 46101.2
threshold=0.79594076328328034 61.65354166666669 1468.1825736499293 35907.499166666676 74.820951882588275 0.53467427482196384 0.49742007121376369 0.447222629669973 3383.1803262215603 42691.277708333342 -0.8783796973249266 3319.3355139309492 13.010118500000003 0.038288669379109602 2587.0508201959851 9.9015710000000023 1.8784379444730932 30516.703333333335 497.39075132390343 35688.278958333343 2408.5035798589292 866.73822657055348 29718.090000000004 33561.394166666672 34019.515000000007 668.06494927022538 33137.590833333343 320.50000000000006 29718.090000000004 36364.880000000012 2612.1102983986025 456.93634900424689 32523.530000000002 0.13694336744672342 39332.662500000006 0.81174490092936691 1.9881257766337264 614.20424327994806 0.39046768443785135
decision_type=2 2 2 2 2 2 2 2 2 2 2 2 2 2 2 2 2 2 2 2 2 2 2 2 2 2 2 2 2 2 2 2 2 2 2 2 2 2 2
left_child=1 25 4 7 5 6 -3 -4 11 10 38 14 17 -14 19 16 -16 31 -19 20 -2 -21 -6 24 -12 33 27 28 -27 -5 -17 -13 -24 35 -25 37 -37 -1 -10
right_child=8 2 3 29 22 -7 -8 -9 9 -11 23 12 13 -15 15 30 -18 18 -20 21 -22 -23 32 34 -26 26 -28 -29 -30 -31 -32 -33 -34 -35 -36 36 -38 -39 -40
leaf_value=-0.65547141894740024 0.3012332414847248 -8.6041858032226557 -20.020396645863851 -8.0573440926415589 7.4366878106253491 -16.073214987049933 7.2415161523364837 -6.8522689136862756 -2.3963240809667679 12.997754140393488 8.1637616995106583 -1.3545337104797364 0.59427689587628396 -22.818488354492189 10.800689878110532 12.345602675728175 -1.952056316012428 -2.2124778521545534 7.1510436462994775 -0.12259378174817301 4.3837683052408929 -9.0140766946619202 -2.9952331872079885 11.123762865066528 -8.6585333721454329 -3.904508488518851 12.534061251322427 -11.214730682373046 6.4514851499285024 2.6474450314429498 4.6991683598836262 -10.717119574410575 3.7964456586634863 -8.8682615443638397 2.7489596557617189 0.1952111399292828 13.552145094299318 -10.06632602930069 -7.769591782887777
leaf_weight=3379 10024 24 23 27 34 22 20 31 20 28 22 35 26 24 26 45 104 122 65 14742 305 54 101 39 25 27 29 22 69 30 74 34 46 20 33 756 24 31 23
leaf_count=3379 10024 24 23 27 34 22 20 31 20 28 22 35 26 24 26 45 104 122 65 14742 305 54 101 39 25 27 29 22 69 30 74 34 46 20 33 756 24 31 23
internal_value=0.000266335 -0.61911 -3.18332 -7.52944 -1.20772 -6.45846 -1.40073 -12.7229 0.113172 3.35708 1.62127 0.0890411 -2.53565 -10.8709 0.120793 4.02795 0.661471 -0.871705 1.06295 0.081912 0.422197 -0.155651 0.731886 4.1755 -0.778236 -0.407735 3.11055 0.70873 3.52864 -2.47474 7.66946 -6.05518 -0.858654 -0.531292 7.37555 -0.489391 0.62302 -0.743951 -5.38166
internal_weight=30585 4715 358 111 247 66 44 54 25870 190 162 25680 306 50 25374 249 130 256 187 25125 10329 14796 181 119 47 4357 147 118 96 57 119 69 147 4210 72 4190 780 3410 43
internal_count=30585 4715 358 111 247 66 44 54 25870 190 162 25680 306 50 25374 249 130 256 187 25125 10329 14796 181 119 47 4357 147 118 96 57 119 69 147 4210 72 4190 780 3410 43
is_linear=0
shrinkage=0.08


Tree=79
num_leaves=50
num_cat=0
split_feature=12 1 19 15 5 24 38 15 38 1 6 27 25 19 7 17 32 0 17 22 16 28 18 22 12 18 19 12 31 19 38 6 10 1 19 19 3 23 19 6 27 4 19 17 44 27 19 14 3
split_gain=384335 634507 830615 1.2073e+06 1.06531e+06 976737 924786 692818 652813 545314 512411 778436 1.03483e+06 529870 867183 1.14403e+06 446351 636076 585544 471508 646229 739153 955470 642042 716685 593773 433628 983196 415991 415980 412385 386265 379221 325730 660938 530196 319323 561338 383924 316772 308193 280991 232448 246655 217102 124253 139799 99274.6 46080.1
threshold=0.13019468364130302 0.11824496080429213 430.40480358111773 -43.900416666666665 0.093957553946487346 40414.040000000008 7.8633765000000002 -100.82124999999998 11.005596000000002 0.15617597433275157 749.93500000000017 0.91597561503675362 30233.675000000003 576.46600801760758 26304.932500000003 1658.6664974867074 -0.9330127018922193 0.32845036644716924 1118.0986428112681 3097.2802626377347 3050.8705243132035 0.1294095225512602 1998.6334189596382 3055.3992208561026 0.17026707412268807 2438.4874958489418 497.39075132390343 0.055248222015692051 -0.24999999999999997 395.01328771373051 7.5886932500000013 -377.50000000000006 0.50009554046044824 0.18311622431001986 425.07594124034773 924.74512740195235 1.5073565678197205 35418.000000000007 329.63139159596329 50.000000000000014 0.91597561503675362 1.0186955829921593 159.65040084260147 1015.9650526822685 5.899556350000001 0.25881904510252091 224.853204396319 0.39511356704019379 1.3470436256828324
decision_type=2 2 2 2 2 2 2 2 2 2 2 2 2 2 2 2 2 2 2 2 2 2 2 2 2 2 2 2 2 2 2 2 2 2 2 2 2 2 2 2 2 2 2 2 2 2 2 2 2
left_child=1 10 31 4 7 8 -6 -4 -5 -7 13 12 44 26 28 -16 17 -2 45 23 21 25 -23 33 -25 -21 40 -28 -15 -13 -14 42 -26 34 -18 -35 38 -38 -33 -22 -1 48 -3 -44 -12 46 -19 -43 -20
right_child=16 2 3 5 6 9 -8 -9 -10 -11 11 29 30 14 15 -17 19 18 41 20 39 22 -24 24 32 -27 27 -29 -30 -31 -32 36 -34 35 -36 -37 37 -39 -40 -41 -42 47 43 -45 -46 -47 -48 -49 -50
leaf_value=0.083139618204316812 -8.3074672947759218 1.6064795112609864 3.1514233149757871 -8.8612268274022927 2.2509993862404545 -6.8088831121271314 -17.863728238619291 18.513025677490234 2.5787131627400717 8.9677078305757956 -13.781246995749298 4.5912569318498884 8.5193457220807485 -10.602687524583605 10.648205685360093 1.5127293329875844 0.29190388541514156 1.0174727803052859 11.326689000356764 11.662816411479282 -10.985381319863457 -7.2105642385331405 4.93915525105374 -15.415128840855189 5.8759969348566869 1.7725752122940557 -9.0430493402481087 0.24506888741538638 2.0398306613498263 20.66169928509256 1.2137886712532635 -0.38422999652386247 -7.5423277517465444 -1.564850692851274 3.5451739650632863 10.525539410909017 8.3945478401721374 -0.11974985998327081 -4.3498290004787679 1.2348559146457248 -0.89172419054204743 1.6406819697788784 -1.5361267133029004 -8.6484795337878175 -2.6244549569629489 -2.1927901424301997 9.0406912231445311 9.4464644788659129 18.230236667290978
leaf_weight=17708 22 33 78 321 33 21 25 24 35 38 26 20 80 44 111 407 3640 42 20 108 27 62 120 34 27 61 111 209 26 22 128 2665 25 716 448 23 70 164 165 26 2350 20 52 79 20 35 20 22 22
leaf_count=17708 22 33 78 321 33 21 25 24 35 38 26 20 80 44 111 407 3640 42 20 108 27 62 120 34 27 61 111 209 26 22 128 2665 25 716 448 23 70 164 165 26 2350 20 52 79 20 35 20 22 22
internal_value=0.000153058 -0.132936 -1.08452 -3.88311 2.01158 -6.15514 -6.57497 6.91056 -7.73244 3.33242 0.0373108 3.33695 1.64486 -0.00943073 2.35611 3.48708 0.604394 4.27683 5.84365 0.463405 3.08708 4.33102 0.783455 0.247073 -6.56439 8.12439 -0.0777998 -2.99488 -5.9443 13.2938 4.05094 -0.584964 -0.59571 0.369764 0.649206 -1.17484 -0.381786 2.45215 -0.616895 -5.0787 -0.0311144 10.6927 -4.35559 -5.85828 -9.08952 1.57822 3.70803 5.85402 15.2827
internal_weight=30585 25065 3803 575 160 415 58 102 356 59 21262 296 254 20966 588 518 5520 203 181 5317 404 351 182 4913 86 169 20378 320 70 42 208 3228 52 4827 4088 739 3064 234 2830 53 20058 84 164 131 46 97 62 42 42
internal_count=30585 25065 3803 575 160 415 58 102 356 59 21262 296 254 20966 588 518 5520 203 181 5317 404 351 182 4913 86 169 20378 320 70 42 208 3228 52 4827 4088 739 3064 234 2830 53 20058 84 164 131 46 97 62 42 42
is_linear=0
shrinkage=0.08


Tree=80
num_leaves=51
num_cat=0
split_feature=12 22 22 16 28 18 23 8 10 0 44 7 17 32 28 19 19 19 41 14 45 7 19 41 28 45 19 25 26 41 15 12 20 13 19 15 44 25 7 17 29 10 25 8 10 19 16 17 4 15
split_gain=334977 360599 538966 537597 954091 618912 555609 524126 504987 485046 389605 474865 375362 361173 1.36318e+06 2.69954e+06 1.32584e+06 351387 363804 308515 902996 540762 887292 1.13248e+06 474013 622325 602227 874209 830243 722627 491941 700282 419632 368302 485708 450093 320361 319054 298144 293014 286561 689114 401866 279221 260689 249259 208778 416320 194256 190483
threshold=0.11836566857233882 3097.2802626377347 3055.3992208561026 2803.4179486041867 0.1294095225512602 2324.5456906905015 30678.500000000004 816.11141565159744 0.43084318892680656 0.46662214522514028 9.1985860000000006 32523.530000000002 3050.8705243132035 -0.68301270189221952 0.1294095225512602 412.5423184596591 520.41605753204374 924.74512740195235 7.4899308000000007 0.44575715753649642 18.786450000000006 36536.446666666678 430.40480358111773 13.533726000000001 -0.5 18.810450000000003 509.51803386083446 33622.805000000008 34713.681666666678 5.8123637500000003 237.21937500000004 0.06217384426182241 2348.8545393857171 0.62658611538503006 497.39075132390343 68.478541666666686 10.529666000000001 31399.215000000004 31722.200833333336 2396.8939039273037 -0.60785761079279388 0.43309189299052392 36109.540000000008 520.58208160068637 0.49647663817111037 172.99423127318576 2032.726412708347 2199.3054585573159 1.0000010416688372 202.30291666666668
decision_type=2 2 2 2 2 2 2 2 2 2 2 2 2 2 2 2 2 2 2 2 2 2 2 2 2 2 2 2 2 2 2 2 2 2 2 2 2 2 2 2 2 2 2 2 2 2 2 2 2 2
left_child=19 2 13 4 6 7 -3 -6 -4 -8 12 -12 -5 14 16 -16 -2 18 -15 20 21 22 36 -24 25 30 37 29 -29 -28 32 -32 -21 35 -35 -23 -1 38 -26 -7 41 -27 -42 -39 -10 -22 49 -48 -13 -47
right_child=1 3 8 10 5 39 9 -9 44 -11 11 48 -14 17 15 -17 -18 -19 -20 24 45 33 23 -25 26 40 27 28 -30 -31 31 -33 -34 34 -36 -37 -38 43 -40 -41 42 -43 -44 -45 -46 46 47 -49 -50 -51
leaf_value=-0.096745867053191423 0.31543263352839895 21.070200340634301 -13.111357685592438 9.3431755878079326 -9.4943998982356135 8.1200149399486943 8.9830174218882686 1.8888031856830305 4.4503413052394469 -4.0815845350785693 -15.323378067016602 -6.6299438299956153 -3.3466517060378504 0.40104899583002179 1.471222174733126 13.240246351519717 -10.241392156510127 9.7185813875993095 -1.2388000371491921 0.27435060425739055 1.5762431130042445 0.74566184568295779 -2.2592536798485421 -14.195720686735932 -0.26621240611827729 -8.7001983146667481 5.4553559388054742 13.180564228099781 -3.1688864663931042 -4.0079634576855288 -0.89640560760498045 12.681994659105937 -5.4581771327161244 0.13767815035536507 -6.7731119993961215 4.4541880100965505 -1.2076219226298006 1.2913350200281377 6.971736698923884 -0.019646887874603274 8.4601797302246098 -0.074700557101856579 -1.9133456334654606 -5.2947972143264046 -5.8784660378624416 -5.7271465791318006 3.3179617367101755 -8.0045044392033624 2.4100949903215683 -13.576553032916525
leaf_weight=6788 813 20 35 30 51 66 114 51 28 21 21 26 28 3671 594 157 83 23 1132 1347 38 871 895 53 2336 129 107 90 25 98 49 47 86 4709 65 275 2199 2244 36 49 24 109 553 41 33 187 45 37 34 22
leaf_count=6788 813 20 35 30 51 66 114 51 28 21 21 26 28 3671 594 157 83 23 1132 1347 38 871 895 53 2336 129 107 90 25 98 49 47 86 4709 65 275 2199 2244 36 49 24 109 553 41 33 187 45 37 34 22
internal_value=0.00026321 0.482623 0.323188 2.52756 4.11071 0.676916 8.88286 -3.83972 -5.59605 6.93568 -1.70846 -5.26548 3.26416 0.411826 1.43436 3.94593 -0.672815 0.0626346 0.0143821 -0.145044 -0.339973 -0.253748 -0.614376 -2.94084 0.285859 -0.651963 0.727584 4.07922 9.62966 0.933932 0.299921 5.81356 -0.0732474 0.351463 0.0421861 1.63869 -0.368667 0.496454 -0.15347 4.68154 -2.43595 -4.76671 -1.46797 1.17089 -1.14206 -4.48193 -5.27572 -1.82584 -1.55172 -6.61412
internal_weight=30585 7080 6569 511 372 217 155 102 96 135 139 81 58 6473 1647 751 896 4826 4803 23505 16184 15855 9935 948 7321 2344 4977 320 115 205 1529 96 1433 5920 4774 1146 8987 4657 2372 115 815 238 577 2285 61 329 291 82 60 209
internal_count=30585 7080 6569 511 372 217 155 102 96 135 139 81 58 6473 1647 751 896 4826 4803 23505 16184 15855 9935 948 7321 2344 4977 320 115 205 1529 96 1433 5920 4774 1146 8987 4657 2372 115 815 238 577 2285 61 329 291 82 60 209
is_linear=0
shrinkage=0.08


Tree=81
num_leaves=38
num_cat=0
split_feature=18 12 6 1 15 19 22 29 1 12 8 10 22 6 29 19 10 1 19 17 10 24 6 8 8 10 15 39 6 1 17 1 10 41 24 17 18
split_gain=324067 342193 438197 345462 437950 412081 368154 357147 343659 395388 433268 1.31356e+06 540398 360639 381295 781645 342987 326040 564105 492494 301762 504290 376585 237114 233913 250114 214606 209891 179009 167060 203365 164676 156573 154621 134577 119252 117513
threshold=2767.1847758161971 0.038369234764303935 -584.00499999999988 0.049436555290774065 425.44125000000014 99.536053447953677 3154.8877572791685 0.87837969732492682 0.085342893742613321 0.12010409092777369 206.97694029223723 0.37608601263718738 1411.1467019902527 44.70000000000001 0.6078576107927941 302.67951916166953 0.52004900344873006 0.17754724334573557 404.63300267533253 2921.6531414937131 0.3007372646203223 43069.765000000007 80.00500000000001 867.10914946797095 364.41296759475995 0.46246481768590547 -313.2545833333333 7.765294550000001 -1885.3549999999998 0.070827248909627563 2970.0870861186709 0.038830720078948326 0.47224767592475891 11.355365500000001 30933.550000000003 2762.2196417614418 519.67329902536756
decision_type=2 2 2 2 2 2 2 2 2 2 2 2 2 2 2 2 2 2 2 2 2 2 2 2 2 2 2 2 2 2 2 2 2 2 2 2 2
left_child=1 2 24 4 6 36 -4 -7 13 10 12 -12 -10 23 16 -16 -15 18 -11 -19 -2 22 27 28 26 -26 -1 33 -3 30 -24 -23 -29 -22 -28 -31 -5
right_child=20 8 3 5 -6 7 -8 -9 9 17 11 -13 -14 14 15 -17 -18 19 -20 -21 21 31 29 -25 25 -27 34 32 -30 35 -32 -33 -34 -35 -36 -37 -38
leaf_value=-9.3706223782626079 10.869124630737305 -7.0850801571932713 -0.020732211333559118 -0.43625619046771624 -11.501440575009301 -1.6481223413544812 5.5979056914229153 -5.6638427644784066 -0.40504498898589109 0.21961246329938802 -4.5689762171995998 -0.2746842528081947 2.9023799431704096 0.13427054220928122 1.11255296664692 6.2633759246952829 2.7895662387766085 -1.2848452951118714 2.6822317042013948 7.0072743352254241 6.2064921392864658 -11.480192709877379 10.851248151488223 6.3742304205283142 -4.2666766313825342 -15.256928936502209 4.3228514091785142 -0.4265537684896718 0.14074862300202851 -1.9928780464504074 2.1405128640394944 -1.3859592973102224 -8.8025599525088349 0.0244117033866144 -2.6045275408646154 6.3676492527553012 1.7775700569018889
leaf_weight=21 24 21 4158 1112 20 1151 75 161 3782 3394 640 1579 344 1884 718 255 372 1024 721 47 44 20 58 38 34 22 25 45 8393 22 25 21 20 61 57 20 177
leaf_count=21 24 21 4158 1112 20 1151 75 161 3782 3394 640 1579 344 1884 718 255 372 1024 721 47 44 20 58 38 34 22 25 45 8393 22 25 21 20 61 57 20 177
internal_value=0.000213311 -0.0282446 -0.517922 -0.421246 0.0229632 -1.14732 0.080117 -2.14484 0.119717 -0.190092 -0.613564 -1.51474 -0.128656 0.425537 1.14457 2.4675 0.573154 0.328039 0.651641 -0.914755 2.38295 1.74634 2.90572 0.150735 -4.65666 -8.77619 -2.35406 0.446377 0.121874 6.22033 8.28425 -6.46608 -3.09811 2.64911 -0.465885 2.04382 -0.131121
internal_weight=30585 30225 7013 6854 4253 2601 4233 1312 23212 11531 6345 2219 4126 11681 3229 973 2256 5186 4115 1071 360 336 295 8452 159 56 103 170 8414 125 83 41 65 105 82 42 1289
internal_count=30585 30225 7013 6854 4253 2601 4233 1312 23212 11531 6345 2219 4126 11681 3229 973 2256 5186 4115 1071 360 336 295 8452 159 56 103 170 8414 125 83 41 65 105 82 42 1289
is_linear=0
shrinkage=0.08


Tree=82
num_leaves=38
num_cat=0
split_feature=28 28 17 45 25 5 46 15 8 46 14 26 26 17 8 46 17 0 17 18 15 12 5 28 35 22 25 6 12 20 8 31 12 4 0 15 15
split_gain=305704 466517 919821 501425 524127 498903 369740 360696 501412 457537 591410 449976 359811 352059 321446 619790 315746 307039 510458 810172 491957 528939 496163 441358 805613 663866 395394 716208 306999 248277 245008 383063 225290 216032 144847 121370 87559.3
threshold=0.96592582628906831 0.9159756150367534 2231.5016179326008 18.583150000000003 35866.580000000009 0.095218980126264494 18.211850000000002 -651.9133333333333 380.05603431913977 19.342550000000003 0.43199654062997522 43722.436250000006 36001.848750000005 1118.0986428112681 488.33529821735692 18.684350000000006 1118.0986428112681 0.47225895453051486 133.87200642658311 1144.1496351358087 82.982916666666711 0.016704060939298111 0.033807572410800533 -0.70710678118654757 1.0000000180025095e-35 1318.057724361762 32880.240000000013 299.89500000000015 0.20179298745144222 2090.2316523934774 110.43641221112158 0.93301270189221952 0.10453569373549254 1.080541774242298 0.40477431254662516 -55.246874999999989 -63.035833333333336
decision_type=2 2 2 2 2 2 2 2 2 2 2 2 2 2 2 2 2 2 2 2 2 2 2 2 2 2 2 2 2 2 2 2 2 2 2 2 2
left_child=1 17 5 4 -4 14 34 -2 29 11 -11 13 -12 -10 16 -16 -3 18 19 -1 26 -22 -23 24 -20 -25 28 -28 -19 30 36 -32 -21 35 -7 -31 -9
right_child=7 2 3 -5 -6 6 -8 8 9 10 12 -13 -14 -15 15 -17 -18 20 23 32 21 22 -24 25 -26 -27 27 -29 -30 33 31 -33 -34 -35 -36 -37 -38
leaf_value=-2.9035130560703766 -8.1930495234898153 -0.19955940994365695 2.6505534362792971 -20.214512523153555 -13.976513419548672 -6.3088223514151069 -16.16372991652716 -2.5623328745883449 16.545038052513487 -9.5970517355023013 -1.3473833024258517 -5.1955010165338935 9.3854513451632329 5.5818685617986716 12.273272920496325 -3.6960922767376077 -3.5552796308650723 -0.43814982702578792 -0.2516457774514777 18.141231117248534 -12.03313717749811 0.03283931687293265 -2.809730550133243 -0.082560712266674691 -6.0499588624079514 1.0980717680537588 1.1687637721545132 13.289989044883034 3.0587200703678361 -5.8713454873221256 2.0474055436441669 -3.2211713846362371 7.4530781719901347 -11.020497049604144 1.7465310286340259 2.1225279341072874 0.016802348684966564
leaf_weight=38 27 830 24 22 23 46 20 91 20 32 48 22 33 211 33 28 228 5020 6616 23 30 740 837 7220 156 5274 578 32 165 20 902 97 32 20 20 28 999
leaf_count=38 27 830 24 22 23 46 20 91 20 32 48 22 33 211 33 28 228 5020 6616 23 30 740 837 7220 156 5274 578 32 165 20 902 97 32 20 20 28 999
internal_value=0.000168278 -0.0761221 -1.57119 -10.4872 -5.60776 -1.05237 -6.88823 0.838615 0.938475 3.67217 -0.558063 5.55632 3.08638 6.59828 -0.598115 5.00169 -0.925395 -0.00489083 0.162669 6.04366 -0.443086 -1.68112 -1.47669 0.133969 -0.386089 0.415859 -0.0995374 1.82534 -0.326302 0.473135 0.628804 1.53313 12.1668 -4.24892 -3.87817 -1.2601 -0.200671
internal_weight=30585 28035 1274 69 47 1205 86 2550 2523 366 113 253 81 231 1119 61 1058 26761 19359 93 7402 1607 1577 19266 6772 12494 5795 610 5185 2157 2089 999 55 68 66 48 1090
internal_count=30585 28035 1274 69 47 1205 86 2550 2523 366 113 253 81 231 1119 61 1058 26761 19359 93 7402 1607 1577 19266 6772 12494 5795 610 5185 2157 2089 999 55 68 66 48 1090
is_linear=0
shrinkage=0.08


Tree=83
num_leaves=33
num_cat=0
split_feature=12 22 31 38 20 28 20 44 15 19 13 37 26 27 14 22 21 19 26 16 5 15 3 7 28 19 12 19 11 20 20 19
split_gain=283173 330320 313510 610793 786429 929301 599096 748228 566646 561715 718972 385847 352993 563063 334397 308809 306362 285650 668741 314118 211180 276198 337706 699476 207938 542056 326025 195128 465806 176523 158910 118521
threshold=0.027810516500381331 3424.9495614618859 0.68301270189221941 7.7504735000000009 872.60474151405867 -0.37940952255126009 1755.9282527085138 1.3942411000000001 279.5800000000001 412.5423184596591 0.62467847103479579 102.50000000000001 42927.877291666671 0.78656609248549325 0.49923270499538097 1135.945581274887 1.4946549626030774 544.86233109898774 34566.144166666672 2345.2743751583434 0.017991596911290864 262.02291666666673 1.3963020263175536 30110.640833333335 0.60355339059327384 395.01328771373051 0.021446640766332795 448.97942493170416 0.42365821746092031 1622.8173377073692 1056.6649134822717 87.350194167814593
decision_type=2 2 2 2 2 2 2 2 2 2 2 2 2 2 2 2 2 2 2 2 2 2 2 2 2 2 2 2 2 2 2 2
left_child=17 2 8 6 11 -6 14 -8 12 15 -11 -5 16 -14 -4 -10 -2 20 19 -19 21 22 30 -24 27 31 -27 29 -29 -22 -1 -26
right_child=1 -3 3 4 5 -7 7 -9 9 10 -12 -13 13 -15 -16 -17 -18 18 -20 -21 24 -23 23 -25 25 26 -28 28 -30 -31 -32 -33
leaf_value=0.0033821484369658491 -2.4854624162648471 7.5494205545124258 -0.14420562227477404 -3.4505555777273318 -7.5058950521869043 0.57542951064951287 -10.175570243826831 1.1282040777068207 -4.6230595789728941 4.8521422411591724 -1.3527355757374917 1.6913384533010964 -0.27701493724475734 -4.5188906458472466 2.0357599866255596 0.81470301032670156 0.27235595512903987 -7.8538944521817289 -17.628822155907041 4.7325980250040693 -0.41739381563989625 -7.7765684727260043 17.003744855608257 1.6843928208373522 -0.437962622819556 -16.700413413047791 -4.6071143008501103 7.9200544410335771 -5.9092674255371094 -3.0905134433110555 -3.5145943038285465 -2.6840766857074692
leaf_weight=1482 261 37 5982 137 278 135 82 68 73 527 154 288 908 256 486 690 16109 21 20 29 1304 27 20 212 318 23 38 48 22 179 86 285
leaf_count=1482 261 37 5982 137 278 135 82 68 73 527 154 288 908 256 486 690 16109 21 20 29 1304 27 20 212 318 23 38 48 22 179 86 285
internal_value=5.26028e-05 0.0960234 0.0853056 -0.354212 -2.38768 -4.86929 -0.0964033 -5.07766 0.257991 1.7807 3.44906 0.0296247 0.132495 -1.21301 0.0198845 0.289075 0.228237 -0.617332 -5.64807 -0.604073 -0.528877 0.107963 0.230483 3.07234 -1.0535 -2.23736 -9.3627 -0.546217 3.55168 -0.741908 -0.191685 -1.50225
internal_weight=30585 26471 26434 7456 838 413 6618 150 18978 1444 681 425 17534 1164 6468 763 16370 4114 70 50 4044 1827 1800 232 2217 664 61 1553 70 1483 1568 603
internal_count=30585 26471 26434 7456 838 413 6618 150 18978 1444 681 425 17534 1164 6468 763 16370 4114 70 50 4044 1827 1800 232 2217 664 61 1553 70 1483 1568 603
is_linear=0
shrinkage=0.08


Tree=84
num_leaves=47
num_cat=0
split_feature=23 14 28 22 35 18 29 17 27 29 28 18 28 23 5 32 22 35 20 22 17 11 27 2 22 12 15 24 15 11 17 16 20 28 20 8 3 5 17 22 18 19 31 10 12 22
split_gain=292295 452429 400377 809365 821968 1.56827e+06 804482 728267 642220 533820 2.01221e+06 1.45171e+06 1.36653e+06 1.10485e+06 939734 846850 1.50915e+06 815791 769808 542536 736806 522958 413345 402469 369996 452514 472462 513277 369230 323710 297148 438835 339939 377070 359242 265051 259298 239389 207984 197236 155623 153320 150027 139228 129804 125613
threshold=44332.500000000007 0.35808000037253657 -0.5 3319.3355139309492 1.0000000180025095e-35 1482.0118420783567 -0.60785761079279388 2762.2196417614418 0.25881904510252091 -0.60785761079279388 -0.12940952255126034 900.41847929769665 -0.37940952255126009 27498.500000000004 0.1062230283578965 1.0000000180025095e-35 1399.3203179185889 1.0000000180025095e-35 1320.979178808811 3383.1803262215603 2148.5964702371089 0.31450563406856685 -0.25881904510252113 0.49329942008943467 2540.0074927087549 0.07819058831596605 76.84250000000003 44026.395000000011 27.366250000000004 0.43364663018556143 2019.4196213484609 2312.5587359574915 1755.9282527085138 -0.9159756150367534 1463.9729281241559 360.45150963417058 1.6073739134340836 0.022158096386122223 1873.4163097475914 3383.1803262215603 2351.3732872324877 257.68101129683959 -0.6830127018922193 0.35090803389895536 0.047925951944690376 2738.9939487529218
decision_type=2 2 2 2 2 2 2 2 2 2 2 2 2 2 2 2 2 2 2 2 2 2 2 2 2 2 2 2 2 2 2 2 2 2 2 2 2 2 2 2 2 2 2 2 2 2
left_child=2 29 3 4 6 38 7 -1 -8 10 15 18 14 -13 17 16 -4 -11 -12 20 -14 -5 -23 -17 36 26 44 -28 -27 30 32 45 34 -34 -2 -33 41 -21 -6 -24 -30 42 -3 -38 -26 -32
right_child=1 24 9 21 5 -7 8 -9 -10 12 11 13 19 -15 -16 23 -18 -19 -20 37 -22 22 39 -25 25 28 27 -29 40 -31 31 35 33 -35 -36 -37 43 -39 -40 -41 -42 -43 -44 -45 -46 -47
leaf_value=-1.1979431084290086 0.40771247479965345 -4.8699836661598894 -1.4817982393519562 -15.301245512120863 -1.9005709097203047 -19.8659652211931 -0.35603494286821002 -11.142281921903294 1.4005527228178698 2.8182890874242568 0.48105022294753946 9.8771807471965918 -0.18497007938842117 2.618309744645178 14.882293592929841 -3.3508556918556041 -10.286990938939546 -10.014302059809367 -10.186267353404652 -0.14030351118607956 -2.3420770927115764 -11.170558819770813 -3.373795258056286 1.3865810785685673 9.4143997301374167 2.4545860268729074 5.9573518371582033 -6.9037298835754397 15.733076306720113 9.3389301427205407 -5.0417429289946689 7.4356812079747527 0.23130001834460667 13.874885064697267 -9.5151378335555403 -2.0724702107629112 -7.2749236635728316 10.197307858361139 -10.112664497012183 5.562039978027344 7.1788362327575683 7.7148931574821473 2.2260598060118744 0.53357911003960501 2.5465789012908937 -12.441377833230156
leaf_weight=2666 862 21 363 33 352 35 3569 47 2124 829 2710 144 12110 1835 39 164 189 32 43 21 1105 31 42 376 48 34 32 49 42 23 36 23 27 24 23 85 32 44 20 24 24 27 144 26 29 27
leaf_count=2666 862 21 363 33 352 35 3569 47 2124 829 2710 144 12110 1835 39 164 189 32 43 21 1105 31 42 376 48 34 32 49 42 23 36 23 27 24 23 85 32 44 20 24 24 27 144 26 29 27
internal_value=-9.51785e-05 1.03923 -0.0589405 -0.503888 -0.411057 -3.91775 -0.240825 -1.37426 0.299461 0.139993 0.78477 1.49912 -0.124866 3.15122 2.89012 -2.30929 -4.50977 2.33029 0.310796 -0.329397 -0.365505 -6.74597 -3.70898 -0.0557304 3.01965 5.13905 2.44723 -1.81212 9.32578 0.147035 -0.0522004 -3.1086 0.508902 6.79516 0.139382 0.00205423 0.820678 6.90594 -2.36801 -0.0898835 12.776 2.23656 1.29903 -3.82484 6.89363 -8.35786
internal_weight=30585 1638 28947 8943 8813 407 8406 2713 5693 20004 5824 4732 14180 1979 900 1092 552 861 2753 13280 13215 130 97 540 508 258 158 81 100 1130 1107 171 936 51 885 108 250 65 372 66 66 192 165 58 77 63
internal_count=30585 1638 28947 8943 8813 407 8406 2713 5693 20004 5824 4732 14180 1979 900 1092 552 861 2753 13280 13215 130 97 540 508 258 158 81 100 1130 1107 171 936 51 885 108 250 65 372 66 66 192 165 58 77 63
is_linear=0
shrinkage=0.08


Tree=85
num_leaves=45
num_cat=0
split_feature=12 20 6 19 39 14 5 6 44 8 27 3 18 5 19 0 25 37 20 22 23 25 6 20 25 25 8 22 39 18 6 44 39 29 37 28 7 19 7 18 36 26 45 8
split_gain=254406 515757 562490 838159 456953 696655 561872 465753 444691 434323 424154 413723 437332 418943 724719 646449 488827 381780 379746 573956 738664 570214 490383 372141 361122 568780 338737 501002 398924 311227 295766 277499 260086 302210 316813 298617 210776 200167 188859 186677 206494 168206 152949 83208.7
threshold=0.085393524350643984 2363.4716441307301 -1504.4999999999998 408.82633411873377 8.7319970000000016 0.40249303458053559 0.090125274110482975 299.99999999999972 9.8929632500000029 425.10869052098866 -0.60355339059327362 2.5395276121424004 2374.987419907327 0.031737877323373832 197.70191442805387 0.26967614282667279 29789.480000000003 361.50000000000006 1975.0399727857784 2476.1397076513754 30486.500000000004 26453.675000000007 559.99500000000012 1881.4423285259611 29396.640000000003 30299.485000000004 576.58915984026874 3119.4384590757909 11.0522735 2351.3732872324877 300.02500000000038 6.2102737500000016 13.236104000000003 -0.8783796973249266 259.50000000000006 -0.5 32590.930833333336 351.01163321540656 37465.681666666671 424.5721720231623 5.5000000000000009 38477.96479166668 6.7429000000000014 408.87592371001875
decision_type=2 2 2 2 2 2 2 2 2 2 2 2 2 2 2 2 2 2 2 2 2 2 2 2 2 2 2 2 2 2 2 2 2 2 2 2 2 2 2 2 2 2 2 2
left_child=11 2 3 -2 5 8 24 -7 -3 -10 -8 13 31 17 39 41 -17 26 19 23 -21 -20 -23 -4 29 -26 27 -1 -28 -6 -12 -13 33 35 -35 -14 -33 -19 -34 42 -41 -16 -15 -40
right_child=1 4 18 -5 6 7 10 -9 9 -11 30 12 32 14 15 16 -18 37 21 20 -22 22 -24 -25 25 -27 28 -29 -30 -31 -32 36 38 34 -36 -37 -38 -39 43 40 -42 -43 -44 -45
leaf_value=0.11225605709172348 2.4574589906889814 -5.7939514154858056 0.24387546610423932 -16.41868186235428 -7.2427322248979049 -2.0742552323341368 8.2387386954349022 -16.491883173403533 11.282415155887604 1.6580045438006641 -7.8701641437855177 0.9748713887532553 -12.412981506845227 -2.5673153050789019 2.6151917167331864 -5.2298298564437742 -1.5597169480835846 -1.0757001807472921 -13.943484344482423 9.4397560965630323 1.5093114861876076 -1.637212129396697 3.0250567998255002 -8.139507533802707 18.446247698465985 5.9774794606347781 -9.0465408042560931 3.5500682045391629 -0.39388811106210225 5.2845884526570641 3.4236332841352981 16.192398742675781 10.4919174307364 7.923256522513725 -0.13141221030218767 -0.44774201364228222 5.9915490531921387 -9.7008462905883786 6.0009159434925428 -0.13453940008823556 1.5368238175260043 12.551066901165507 -0.43785001059012835 -0.37935625076293944
leaf_weight=8738 28 35 10372 31 21 39 22 22 39 122 46 29 22 327 22 257 2355 32 21 92 395 959 169 33 26 198 54 279 90 29 21 24 26 36 201 32 31 37 21 4030 535 22 633 32
leaf_count=8738 28 35 10372 31 21 39 22 22 39 122 46 29 22 327 22 257 2355 32 21 92 395 959 169 33 26 198 54 279 90 29 21 24 26 36 201 32 31 37 21 4030 535 22 633 32
internal_value=-0.000156238 0.273269 0.157856 -7.56886 2.52181 -0.0605993 4.34527 -7.45619 2.26725 4.04464 -1.16763 -0.194841 2.18662 -0.257061 -0.673849 -1.75957 -1.92269 0.112392 0.196341 0.34229 3.02374 -1.18628 -0.936638 0.216507 6.13369 7.5003 0.157348 0.219009 -3.67865 -0.0157344 -4.33203 7.36218 0.994944 -0.11527 1.12023 -5.45953 10.6525 -5.77329 5.03479 -0.151695 0.0616315 7.75164 -1.16512 2.21299
internal_weight=30585 12720 12100 59 620 257 363 61 196 161 89 17865 454 17411 8181 2656 2612 9230 12041 10892 487 1149 1128 10405 274 224 9161 9017 144 50 67 84 370 291 237 54 55 69 79 5525 4565 44 960 53
internal_count=30585 12720 12100 59 620 257 363 61 196 161 89 17865 454 17411 8181 2656 2612 9230 12041 10892 487 1149 1128 10405 274 224 9161 9017 144 50 67 84 370 291 237 54 55 69 79 5525 4565 44 960 53
is_linear=0
shrinkage=0.08


Tree=86
num_leaves=61
num_cat=0
split_feature=4 22 20 15 25 14 19 14 1 21 39 1 19 9 36 7 25 11 15 16 22 26 19 7 15 15 22 7 26 20 24 15 1 0 38 12 22 16 7 16 30 7 44 21 19 15 19 1 21 15 39 20 9 26 16 19 10 21 44 1
split_gain=246548 575394 852829 748311 757025 638344 586067 566226 607141 465950 618816 449877 440802 489666 433039 409534 405583 329539 350018 308590 297377 274513 531922 880817 627386 691752 603712 818662 538718 465385 469835 703942 551164 502782 561224 370360 752044 845244 435574 379283 354058 296722 269757 245838 237986 236182 573257 451776 393868 543198 378653 337513 208266 199144 198313 159317 149439 122563 78882.2 74522.6
threshold=1.1217164099534516 2127.9704475995736 1945.1401657325112 262.02291666666673 28982.450000000004 0.47694052888740579 412.5423184596591 0.46009031380534687 0.16412451633533634 1786.30261795004 8.5994140000000012 0.16412451633533634 221.77355822719016 558.29484605000005 2.5000000000000004 37794.750000000007 36955.820000000007 0.28164045035127622 -275.07062499999989 1154.2314971744211 1705.8731412029367 35522.106250000004 430.40480358111773 32799.513333333343 292.16083333333341 -73.131874999999965 3097.2802626377347 42502.757500000007 36105.816666666673 2408.5035798589292 31448.590000000004 -257.18374999999997 0.11269189017778734 0.47225895453051486 9.2676205000000014 0.14436234841820719 3178.4872637158019 3005.0980100075335 22662.251666666671 3005.0980100075335 1.0000000180025095e-35 29644.338333333337 4.9988288500000015 1414.8898220922097 235.15423841233101 246.07312500000003 239.87965525133544 0.11269189017778734 1477.6462991607084 -1.8562500000000013 3.9644193500000005 1881.4423285259611 558.29484605000005 28432.866666666669 2273.1114059773076 866.73822657055348 0.55061736282589657 363.97026672894992 9.6266410000000011 0.18946953262365177
decision_type=2 2 2 2 2 2 2 2 2 2 2 2 2 2 2 2 2 2 2 2 2 2 2 2 2 2 2 2 2 2 2 2 2 2 2 2 2 2 2 2 2 2 2 2 2 2 2 2 2 2 2 2 2 2 2 2 2 2 2 2
left_child=21 11 6 9 42 -6 15 8 -8 10 -4 17 58 19 -15 16 -3 44 20 -14 -19 29 45 24 25 -24 27 -25 -28 35 31 52 -33 34 -32 36 41 -38 55 -40 -26 -1 -5 -17 57 48 47 -47 51 -50 -48 -23 -31 -20 -11 -37 -9 -2 59 -13
right_child=1 2 3 4 5 -7 7 56 -10 54 -12 12 13 14 -16 43 -18 18 53 -21 -22 22 23 26 40 -27 28 -29 -30 30 33 32 -34 -35 -36 38 37 -39 39 -41 -42 -43 -44 -45 -46 46 50 -49 49 -51 -52 -53 -54 -55 -56 -57 -58 -59 -60 -61
leaf_value=-0.48769094930624063 -2.1315517456778266 4.1082047126567476 -6.6001633847081989 -11.625939635130075 3.3837058024507174 14.454123944734272 20.097943909539119 7.3198619826634728 3.6844762827002486 9.8369816431505921 -0.11504583256061261 -1.0425101865506641 -7.2296590193112698 -10.076249997065618 2.5747951272817762 12.704538443214014 -3.6093167439984604 1.7138718891143798 1.8334152847290039 -19.204863688151043 13.084929208755494 -0.21380466641010468 0.072754671145708133 -3.8204987243760993 7.0944104365298619 -8.6149810744640316 8.7287505899156841 7.2019210739135744 0.49230240852118812 -7.0318576447860055 5.8483018256657155 6.908843238067627 21.277806320190429 -7.6701067392449627 -1.3993250345502579 -1.0430039776496167 -10.175075434470664 1.5161248621300087 2.4104006861362683 -6.5926812571863982 -4.5415747502644859 0.48937938939876519 0.5401320440118963 2.8021932554244997 11.205124551455182 -1.1587451998392742 -13.412131354233313 6.8036872246305826 -0.51291767454582804 2.678450215281984 -3.5864413034619385 -2.7607779013311204 3.4276460273449239 -0.092068462034340118 0.61215332031250003 -7.3254937928722743 -1.8502067427201703 3.7439596129776143 -4.8565945884159634 2.3475012145723615
leaf_weight=3888 28 112 147 25 283 37 44 23 22 28 259 101 47 25 51 37 70 39 374 20 23 11416 77 315 37 245 69 49 186 22 133 74 22 37 139 158 97 66 932 30 29 4071 21 29 23 200 28 58 656 710 200 342 25 4127 31 30 21 108 20 69
leaf_count=3888 28 112 147 25 283 37 44 23 22 28 259 101 47 25 51 37 70 39 374 20 23 11416 77 315 37 245 69 49 186 22 133 74 22 37 139 158 97 66 932 30 29 4071 21 29 23 200 28 58 656 710 200 342 25 4127 31 30 21 108 20 69
internal_value=-0.000102422 0.448316 2.031 0.622552 3.32381 4.70476 5.28949 10.1272 14.7634 -1.50617 -2.47355 0.0757212 -2.76173 -6.10013 -1.66355 3.11166 1.13642 0.276364 0.151197 -11.0342 6.07291 -0.115145 -0.334263 -2.10752 -5.09067 -6.54369 -0.232433 -2.32105 2.74638 0.21423 2.71797 6.49263 10.3871 0.955816 2.15299 0.0918957 -0.0984186 -5.46084 1.43493 2.12308 1.99015 0.0120757 -6.17854 8.46027 3.845 -0.202915 -1.93289 0.650617 -0.13871 1.14659 -4.8464 -0.288116 -1.51279 0.0682968 5.08102 -2.07898 2.99938 2.52757 -0.230364 0.339117
internal_weight=30585 6244 1189 831 366 320 358 110 66 465 406 5055 333 143 76 248 182 4722 4563 67 62 24341 14617 1007 388 322 619 364 255 9724 452 143 96 309 272 9272 8122 163 1150 962 66 7959 46 66 159 13610 486 258 13124 1366 228 11758 47 4501 59 188 44 136 190 170
internal_count=30585 6244 1189 831 366 320 358 110 66 465 406 5055 333 143 76 248 182 4722 4563 67 62 24341 14617 1007 388 322 619 364 255 9724 452 143 96 309 272 9272 8122 163 1150 962 66 7959 46 66 159 13610 486 258 13124 1366 228 11758 47 4501 59 188 44 136 190 170
is_linear=0
shrinkage=0.08


Tree=87
num_leaves=48
num_cat=0
split_feature=14 0 24 19 38 8 22 27 45 27 1 32 16 18 45 45 16 46 1 4 15 8 14 44 15 27 22 22 27 44 10 19 11 18 11 6 22 12 16 7 15 23 6 18 19 19 15
split_gain=238948 369673 435758 855916 934863 680781 430905 421057 1.23509e+06 1.21245e+06 659998 642540 582047 610535 574657 981148 939653 580794 516545 444961 365575 342732 316297 290556 410911 377325 1.0932e+06 756094 247176 230551 439714 327076 309861 471567 256003 235869 249043 180595 168027 375259 213503 315812 313611 157107 141071 128761 110491
threshold=0.50674975526248833 0.47225895453051486 33903.405000000006 283.33987693072157 6.8975761500000008 380.05603431913977 2476.1397076513754 0.12940952255126043 18.559050000000003 0.60355339059327384 0.10592229655737891 0.6830127018922193 2762.2196417614418 2665.9354191262587 18.583150000000003 18.596550000000004 3050.8705243132035 18.558100000000003 0.20179298745144222 1.0186955829921593 129.11104166666672 283.36354561567566 0.40415176432835304 4.8792762500000011 637.88833333333343 0.91597561503675362 3130.9621870995857 2466.2522014119672 0.60355339059327384 4.6767785000000011 0.54227681567293795 280.17707909155911 0.52720060756840936 933.38103525368763 0.45963674228847934 618.47500000000002 477.77649752343444 0.049891925532944394 1543.9451096952896 26718.210833333334 -93.37916666666662 34159.500000000007 -799.99999999999977 1037.8830049662122 138.03672022139588 257.68101129683959 -44.959166666666654
decision_type=2 2 2 2 2 2 2 2 2 2 2 2 2 2 2 2 2 2 2 2 2 2 2 2 2 2 2 2 2 2 2 2 2 2 2 2 2 2 2 2 2 2 2 2 2 2 2
left_child=1 7 23 6 5 -5 46 14 12 11 -11 -10 13 -9 17 16 -16 20 -17 -14 -1 -6 -19 25 28 26 -3 -27 -25 30 34 43 38 35 -2 36 -34 -33 40 -40 42 -42 -31 44 -32 -36 -4
right_child=29 2 3 4 21 -7 -8 8 9 10 -12 -13 19 -15 15 18 -18 22 -20 -21 -22 -23 -24 24 -26 27 -28 -29 -30 32 31 37 33 -35 45 -37 -38 -39 39 -41 41 -43 -44 -45 -46 -47 -48
leaf_value=-0.12046129801920183 4.9282107749352084 -1.4182963276568636 2.1964256979056769 -4.6531326216010642 -14.276980060764723 6.5751470628218218 9.4632754387174334 0.26091238690929303 -1.6448925865639885 4.8492698998129287 12.513198573565242 4.7063959404844677 -8.0304134585731912 7.6717408361699846 -10.338621873001555 -0.61457104967844423 3.0765596389770509 -0.0056653420821480126 -8.0238956774434733 0.51346559496068245 1.2940290218072994 -6.76940137601561 11.884691061624666 1.1410718295286442 9.0262475770892525 -0.74821789951712514 -13.824334940808885 5.4001657869313897 -0.38113854522669044 -7.4871407124996185 1.1677597821590513 14.410247983624858 -3.5284515750617311 -11.525948318481447 -0.70523533163399532 -7.2031737589067033 0.5291444901736726 5.5521467174183234 13.228051611858866 -1.4991718829761851 1.1382386894916978 5.7555055243278224 0.28782936222699224 -2.7896641833965594 7.928005795227854 -8.2760053494771313 -1.2421133172428167
leaf_weight=10893 25 1405 69 92 55 54 27 6021 277 273 98 160 94 71 133 2110 44 22 61 66 1309 143 40 956 32 810 46 151 2381 39 42 30 113 24 28 30 641 32 22 21 841 106 195 25 37 29 412
leaf_count=10893 25 1405 69 92 55 54 27 6021 277 273 98 160 94 71 133 2110 44 22 61 66 1309 143 40 956 32 810 46 151 2381 39 42 30 113 24 28 30 641 32 22 21 841 106 195 25 37 29 412
internal_value=1.61967e-05 -0.0634579 -0.586001 -2.27396 -5.34902 -0.48373 -0.185209 0.096493 0.603746 3.54506 6.9019 0.685958 0.223108 0.348528 -0.148618 -1.29492 -7.00523 0.0709347 -0.826354 -4.52476 0.0313753 -8.9161 7.73241 -0.336881 0.143027 -1.00698 -1.82085 0.222475 0.0551629 0.787696 3.08549 5.44243 0.505877 -0.709493 -1.69396 -0.364116 -0.0828248 9.99902 1.3081 6.16508 1.1262 1.66059 -1.03434 2.65663 4.39347 -4.63331 -0.745317
internal_weight=30585 28305 6633 852 344 146 508 21672 7060 808 371 437 6252 6092 14612 2348 177 12264 2171 160 12202 198 62 5781 3369 2412 1451 961 3337 2280 248 166 2032 808 82 784 754 62 1224 43 1181 947 234 104 79 57 481
internal_count=30585 28305 6633 852 344 146 508 21672 7060 808 371 437 6252 6092 14612 2348 177 12264 2171 160 12202 198 62 5781 3369 2412 1451 961 3337 2280 248 166 2032 808 82 784 754 62 1224 43 1181 947 234 104 79 57 481
is_linear=0
shrinkage=0.08


Tree=88
num_leaves=39
num_cat=0
split_feature=23 26 19 39 9 37 27 19 19 21 17 16 3 19 25 16 41 26 25 19 3 21 3 46 19 19 10 9 14 45 21 26 27 1 8 0 27 10
split_gain=231925 408038 834731 917308 504066 403803 375987 499367 374024 322410 413774 387159 959455 320420 319395 318096 316636 288357 563062 410566 276865 456555 444587 251477 336110 240030 305928 295831 239078 227214 217422 204397 188787 183485 173400 102340 113867 42342.4
threshold=44332.500000000007 39049.194583333338 435.62761669301636 7.0313310500000012 651.67757595000012 231.50000000000003 0.91597561503675362 239.87965525133544 478.87360381594812 363.97026672894992 3199.5985812441477 2626.1050338120644 2.5750175502600348 464.25703865863346 43852.770000000011 1786.1298771869133 16.037542000000006 34438.260416666679 27827.190000000006 777.22274205627548 2.1661870192782646 1558.3671178000034 2.2357967022157044 18.345650000000003 390.10552129938475 325.07324323628023 0.32530783265263014 810.83327825000003 0.4156494987637035 17.935300000000002 1242.7231974614374 38246.18854166667 1.0000000180025095e-35 0.09309560922158179 390.17570595671549 0.35100909072529124 -0.5 0.39135922712119536
decision_type=2 2 2 2 2 2 2 2 2 2 2 2 2 2 2 2 2 2 2 2 2 2 2 2 2 2 2 2 2 2 2 2 2 2 2 2 2 2
left_child=1 9 6 5 -5 33 20 30 14 10 11 15 -13 -7 25 -1 17 19 -19 -11 21 -3 -22 28 34 35 27 -27 31 -9 -8 -16 37 -4 -25 36 -2 -10
right_child=8 2 3 4 -6 13 7 29 32 16 -12 12 -14 -15 23 -17 -18 18 -20 -21 22 -23 -24 24 -26 26 -28 -29 -30 -31 -32 -33 -34 -35 -36 -37 -38 -39
leaf_value=-0.30385398298556476 -0.16571659938961852 -0.35295225449026113 -11.07296123928494 -4.5009820883614671 11.911845775785901 -9.0841106692949936 -1.917369568042941 -10.414388837975972 5.9111034862200418 0.87122629997949386 10.943574589320592 -12.626989600985658 4.6176876798357283 -22.967479743957519 -3.4744383242822465 3.6046268861558701 -6.8961950710492266 3.4661101002083967 0.047647935419096524 7.0280826751279166 -9.5890531345442227 3.5466517718938677 0.90741168184100462 -4.51672436252717 -11.421570129394532 16.221196404266358 -1.2157164827982585 4.4075694711280589 8.0229325870513915 -3.7726279234886171 2.7670926859504301 0.45279401289167742 1.3509000227186414 -2.0380757441665187 4.5421240441004436 -3.5509061697255011 3.1569953429463666 10.993587349307152
leaf_weight=10404 101 2520 26 27 20 23 384 58 23 2974 20 50 34 23 92 134 38 316 11331 70 50 207 52 30 27 24 23 32 24 79 75 963 35 32 23 22 189 30
leaf_count=10404 101 2520 26 27 20 23 384 58 23 2974 20 50 34 23 92 134 38 316 11331 70 50 207 52 30 27 24 23 32 24 79 75 963 35 32 23 22 189 30
internal_value=6.82338e-05 -0.0523492 -0.852259 -6.65357 2.58586 -10.8139 -0.594625 -2.41901 0.925864 0.0604259 -0.275065 -0.297217 -5.67479 -16.3668 0.635842 -0.253817 0.302827 0.321916 0.140685 1.01507 -0.209554 -0.0557511 -4.28106 -0.0317823 -4.33101 2.60984 6.52253 9.66631 0.290689 -6.63956 -1.14758 0.107359 5.96966 -6.20723 -0.574213 1.60145 2.00318 8.93829
internal_weight=30585 28947 3576 151 47 104 3425 596 1638 25371 10642 10622 84 46 1550 10538 14729 14691 11647 3044 2829 2727 102 1159 80 391 79 56 1079 137 459 1055 88 58 53 312 290 53
internal_count=30585 28947 3576 151 47 104 3425 596 1638 25371 10642 10622 84 46 1550 10538 14729 14691 11647 3044 2829 2727 102 1159 80 391 79 56 1079 137 459 1055 88 58 53 312 290 53
is_linear=0
shrinkage=0.08


Tree=89
num_leaves=37
num_cat=0
split_feature=28 28 17 1 19 12 45 25 15 19 26 13 37 12 19 3 6 15 1 26 22 27 25 25 17 19 19 7 21 6 0 38 21 38 3 44
split_gain=250656 391917 754511 455731 400984 473384 361545 439399 306141 432796 809059 498054 772235 293455 471308 320050 267881 614750 551576 430065 541202 374898 259144 257190 658323 511649 501579 1.07242e+06 633552 215935 324254 263771 176434 228142 177681 67425.9
threshold=0.96592582628906831 0.9159756150367534 2231.5016179326008 0.068650442830567884 161.23706068859158 0.03544809761222794 18.583150000000003 35866.580000000009 -651.9133333333333 560.65504025192899 35883.777500000004 0.50152704343190069 305.50000000000006 0.045421988224254216 311.58822615612172 1.6801335669556734 -1227.9999999999998 12.446458333333334 0.068650442830567884 32231.450000000001 2571.5830863113156 -0.78656609248549292 30299.485000000004 30170.960000000003 28.63519445162547 739.19286622200468 215.26295192261028 30313.206666666669 965.46274895721831 449.00500000000017 0.53294555193325255 6.2677238000000006 456.08875282419461 4.7267515500000004 0.93256225435835194 6.6485813000000009
decision_type=2 2 2 2 2 2 2 2 2 2 2 2 2 2 2 2 2 2 2 2 2 2 2 2 2 2 2 2 2 2 2 2 2 2 2 2
left_child=1 16 3 13 35 -6 7 -4 -2 29 11 12 -11 15 -15 -3 17 19 -19 20 -1 -21 -13 26 -25 -26 28 -28 -18 32 31 -31 34 -34 -10 -5
right_child=8 2 6 4 5 -7 -8 -9 9 10 -12 22 -14 14 -16 -17 23 18 -20 21 -22 -23 -24 24 25 -27 27 -29 -30 30 -32 -33 33 -35 -36 -37
leaf_value=-3.6292392324364706 -7.5613745553152896 -0.47562362995311502 2.2154287902832031 -1.6764881223736547 -16.010766646645287 -3.744642853453755 -17.785198473723039 -13.014537528355916 -0.1044977410113046 12.349620838994566 -5.2943107859293619 19.641300790405275 -8.3895744655443281 0.96508760244112757 9.5261231021491852 -10.743838471912202 -0.17823100758849436 0.9103944735093551 -15.059199413299561 3.5720809992621931 12.644854795394407 -4.4407925712639562 8.6834806569417324 13.118044577789306 0.071543060863774877 2.80979835193788 -2.3962878943152921 6.244702256327928 6.1578273081779482 3.1740511619819785 -3.8647629002571109 12.895257077898298 -0.37940531581568432 1.9627276020056459 -5.9774490019854376 0.5862296219245543
leaf_weight=22 27 261 24 180 21 259 22 23 1089 22 35 24 22 259 48 20 3501 21 39 50 30 140 38 24 20995 445 1293 98 103 52 24 27 414 743 33 157
leaf_count=22 27 261 24 180 21 259 22 23 1089 22 35 24 22 259 48 20 3501 21 39 50 30 140 38 24 20995 445 1293 98 103 52 24 27 414 743 33 157
internal_value=2.32527e-05 -0.0690576 -1.43939 -0.969482 -2.48651 -4.71831 -9.51461 -5.3534 0.759235 0.851239 5.14207 8.60532 2.02402 0.623886 2.3302 -1.24196 -0.00376951 -2.36897 -9.54655 -0.557439 5.82109 -2.32448 13.1697 0.0233151 0.14364 0.128506 -0.493659 -1.78346 0.00450737 0.595196 4.16032 6.61615 0.432316 1.12506 -0.282401 -0.623728
internal_weight=30585 28035 1274 1205 617 280 69 47 2550 2523 141 106 44 588 307 281 26761 302 60 242 52 190 62 26459 21464 21440 4995 1391 3604 2382 103 79 2279 1157 1122 337
internal_count=30585 28035 1274 1205 617 280 69 47 2550 2523 141 106 44 588 307 281 26761 302 60 242 52 190 62 26459 21464 21440 4995 1391 3604 2382 103 79 2279 1157 1122 337
is_linear=0
shrinkage=0.08


Tree=90
num_leaves=33
num_cat=0
split_feature=28 19 38 19 1 26 19 28 20 3 27 19 12 22 18 25 18 0 25 25 17 8 25 3 14 13 39 17 19 11 0 20
split_gain=243326 316516 235638 272192 222180 243584 660590 1.54791e+06 654017 869932 790037 735467 546276 478716 452214 309278 389467 337198 191376 351151 187591 158876 138189 179057 146672 82027.1 50405.2 56698.9 51137.7 49783 119138 50383.4
threshold=-0.9829629131445341 709.18839906504832 5.8630007000000015 168.81697019186871 0.24704976018373964 35522.106250000004 866.73822657055348 -0.12940952255126034 2408.5035798589292 1.8911211417601259 0.91597561503675362 576.46600801760758 0.14436234841820719 3178.4872637158019 567.27207885811674 27091.695000000003 1456.1478029944046 0.34000396262040961 37682.485000000008 36737.110000000008 2148.5964702371089 364.41296759475995 29475.940000000002 0.65866315717439072 0.47955232224350974 0.46742979242916155 14.713011000000002 1360.133149531792 204.25273939992789 0.28382785054227228 0.2541310635802046 427.37124186813662
decision_type=2 2 2 2 2 2 2 2 2 2 2 2 2 2 2 2 2 2 2 2 2 2 2 2 2 2 2 2 2 2 2 2
left_child=1 2 21 29 5 8 15 -8 12 10 -10 -11 13 -2 -14 16 -7 -17 19 -5 -20 26 25 -24 -25 -6 28 -28 -1 30 -4 -31
right_child=4 -3 3 18 22 6 7 -9 9 11 -12 -13 14 -15 -16 17 -18 -19 20 -21 -22 -23 23 24 -26 -27 27 -29 -30 31 -32 -33
leaf_value=0.45401844314609968 0.08755844514075678 -8.1790973819830484 1.5374158911869444 -2.9315279612590359 -3.6222890472412108 0.87718443992091166 8.6758314228057856 -18.759081762101914 5.0206320336194539 -1.7858983462380722 18.730835870470319 6.113937468277781 -0.12300412648265631 -3.6448370268927683 2.7538998541588846 0.3873940357295656 8.7402778972278945 -0.38116114314372135 -3.5636512771431281 6.6225911019065169 -10.764314986008864 6.8612232044764925 4.9884282796965405 0.24701134399131494 -8.732891555967786 -10.256845592151988 0.88999645218253143 5.6267775336178865 -2.845571272247716 -1.4531527604460717 -5.2959914572615379 0.43643970609854343
leaf_weight=143 9757 38 28 96 30 152 20 35 122 222 34 113 567 224 911 5319 54 11663 244 32 25 27 21 26 20 21 63 21 37 119 37 364
leaf_count=143 9757 38 28 96 30 152 20 35 122 222 34 113 567 224 911 5319 54 11663 244 32 25 27 21 26 20 21 63 21 37 119 37 364
internal_value=1.30243e-05 -1.08188 -0.857243 -1.46989 0.0470726 0.0611328 -0.131242 -8.80597 0.338704 3.19482 8.10903 0.889088 0.216056 0.00343688 1.65091 -0.102973 2.97065 -0.14043 -3.06226 -0.510176 -4.27025 1.13051 -3.40267 -0.984941 -3.76003 -6.49888 0.520739 2.12646 -0.236205 -0.312824 -2.37368 -0.0311526
internal_weight=30585 1274 1236 945 29311 29193 17243 55 11950 491 156 335 11459 9981 1478 17188 206 16982 397 128 269 291 118 67 46 51 264 84 180 548 65 483
internal_count=30585 1274 1236 945 29311 29193 17243 55 11950 491 156 335 11459 9981 1478 17188 206 16982 397 128 269 291 118 67 46 51 264 84 180 548 65 483
is_linear=0
shrinkage=0.08


Tree=91
num_leaves=44
num_cat=0
split_feature=4 17 22 27 36 0 1 44 11 11 1 4 44 24 27 8 19 17 19 35 22 11 11 27 45 12 6 39 25 46 28 45 8 17 4 21 19 20 21 4 6 39 14
split_gain=225181 479518 584805 742724 850973 809711 802871 671402 501681 890613 490586 403128 498669 321714 277813 442402 511032 660181 775643 437498 1.14154e+06 721042 377351 325801 821687 738042 387182 370006 886222 595602 302546 404707 267396 262988 378274 351766 578689 451037 299774 235084 223410 196191 76797.9
threshold=1.0666667407409056 2895.5032941072968 2026.5888750965628 0.98296291314453432 5.5000000000000009 0.40574566311753929 0.074941269561409882 13.086524000000002 0.40623933840170345 0.36423585613977738 0.14297706999227716 1.1447861042918688 13.349091000000001 33237.680000000008 -0.70710678118654735 995.43244380087151 418.28706033867599 2700.8174739057463 739.19286622200468 1.0000000180025095e-35 2781.334362479975 0.40338203612938045 0.43579900975645308 -1.0000000180025095e-35 18.317500000000003 0.019008711203505151 146.99499999999992 8.9108595000000026 33699.895000000004 18.323200000000003 -0.37940952255126009 18.132100000000005 531.8410496750497 1279.3207320068495 2.6050496261871845 829.05194372249309 257.68101129683959 1217.812524320417 1168.0946787817895 1.1490103007456951 -799.99999999999977 11.438630000000002 0.4291170775369651
decision_type=2 2 2 2 2 2 2 2 2 2 2 2 2 2 2 2 2 2 2 2 2 2 2 2 2 2 2 2 2 2 2 2 2 2 2 2 2 2 2 2 2 2 2
left_child=14 2 33 5 10 6 -4 -7 9 11 -5 12 -3 -10 15 16 30 18 -18 23 40 -22 -19 24 26 -26 -16 29 -29 -25 31 -1 -32 35 38 37 -37 -2 -35 42 -21 -42 -11
right_child=1 8 3 4 -6 7 -8 -9 13 39 -12 -13 -14 -15 19 -17 17 22 -20 20 21 -23 -24 27 25 -27 -28 28 -30 -31 32 -33 -34 34 -36 36 -38 -39 -40 -41 41 -43 -44
leaf_value=-0.56413293966082945 0.14934000629992403 -14.072767693201701 6.4015128610343552 7.6500184609856401 20.447812928419847 0.26810984808341409 1.3180670526814577 -7.9795091646109055 -1.4190734654381163 10.814835591316223 -4.7313241340374121 1.624536371538716 0.04851982574462891 -14.031679280933581 -0.18861880140493967 -10.975626720081676 3.7693357441023392 0.79364193734133026 16.487654179164341 -7.828625903129578 -21.439143719826976 -3.0380991979745717 -10.278718958355132 -0.39002868780300015 -14.322811855740017 -2.5958517707762514 -11.088635958716981 -0.31159806788879413 1.5521480614411587 -4.3240853851944658 0.44663650293591362 -5.6870441069845423 -6.0481168700427546 -2.3761098921595032 8.7103718384452495 1.7412913259753475 13.943367275661892 -6.7065025477255542 2.4620416017331577 -0.62963496271769215 -0.18541774271047703 -3.867384170971365 4.1705641349156695
leaf_weight=605 6503 47 295 70 25 1104 608 66 20 31 28 30 24 37 3063 21 260 317 34 31 30 25 20 3045 35 782 20 4895 2449 267 3902 117 40 603 22 323 26 61 94 29 445 116 20
leaf_count=605 6503 47 295 70 25 1104 608 66 20 31 28 30 24 37 3063 21 260 317 34 31 30 25 20 3045 35 782 20 4895 2449 267 3902 117 40 603 22 323 26 61 94 29 445 116 20
internal_value=3.38629e-06 0.309907 0.39597 1.5461 7.56118 1.18572 2.98402 -0.203557 -3.23078 -1.14919 4.10043 -6.11686 -9.365 -9.70697 -0.152033 0.345729 0.392693 2.52752 5.29107 -0.326096 -2.36003 -13.2786 0.108062 -0.235534 -0.861052 -3.11513 -0.262902 -0.00654065 0.310031 -0.708386 0.10339 -1.40102 0.379216 0.0648782 -1.39019 0.216395 2.68757 0.084616 -1.72103 5.12059 -1.32495 -0.952278 8.33955
internal_weight=30585 10066 9828 2196 123 2073 903 1170 238 181 98 101 71 57 20519 5316 5295 631 294 15203 647 55 337 14556 3900 817 3083 10656 7344 3312 4664 722 3942 7632 719 6913 349 6564 697 80 592 561 51
internal_count=30585 10066 9828 2196 123 2073 903 1170 238 181 98 101 71 57 20519 5316 5295 631 294 15203 647 55 337 14556 3900 817 3083 10656 7344 3312 4664 722 3942 7632 719 6913 349 6564 697 80 592 561 51
is_linear=0
shrinkage=0.08


Tree=92
num_leaves=31
num_cat=0
split_feature=28 28 1 3 19 1 15 19 46 36 19 15 1 6 15 30 18 18 3 22 3 28 19 19 28 7 7 38 19 22
split_gain=227034 308655 563157 478855 319740 289612 260507 368190 758267 555370 436166 262863 259966 249183 632907 325923 310150 221010 391773 313627 230664 205700 319595 257160 784984 213758 205228 198623 193090 127159
threshold=0.96592582628906831 0.9159756150367534 0.20179298745144222 1.5896301807878987 668.06494927022538 0.08224046762484212 -651.9133333333333 560.65504025192899 19.282300000000003 1.5000000000000002 668.06494927022538 26.105833333333361 0.034612725495734666 -1504.4999999999998 39.08229166666667 1.0000000180025095e-35 1867.7165627487752 2548.6437464042765 2.1005746971663721 2914.9447574641049 2.2013852343508646 -0.9829629131445341 709.18839906504832 739.19286622200468 0.1294095225512602 37794.750000000007 29840.895833333336 5.8630007000000015 375.17067062483983 2524.5087012539502
decision_type=2 2 2 2 2 2 2 2 2 2 2 2 2 2 2 2 2 2 2 2 2 2 2 2 2 2 2 2 2 2
left_child=1 13 3 4 5 -3 -2 17 10 -10 -9 -12 -5 14 15 29 -17 18 19 -8 26 22 27 25 -25 -23 -19 -15 -14 -1
right_child=6 2 -4 12 -6 -7 7 8 9 -11 11 -13 28 21 -16 16 -18 20 -20 -21 -22 23 -24 24 -26 -27 -28 -29 -30 -31
leaf_value=-9.769027805511767 -6.9531184768676759 0.37727271541678831 -13.6886234250276 1.7710137088482196 9.0431942679665305 -2.2685752205557352 0.42387306611099734 15.357853942284217 6.2367956688290551 -11.140801821108219 -2.7669108338789505 8.3342048624399556 -2.3062415360115671 1.0717383904015196 -16.137197806948706 8.0190105685065767 -2.3887321540117266 13.084407927195231 -9.7540867058436067 9.6184533786773692 -0.90277767998831604 -0.10048127384498949 -8.210828281201815 4.0466613534997018 -2.0595678588816648 0.47425931170075386 3.4483874232204337 -1.3231437939941695 -9.5137544382731125 -2.198780471577364
leaf_weight=25 27 651 22 25 21 445 2242 38 20 26 21 36 36 289 20 33 39 23 23 23 34 19517 37 355 216 5256 37 941 74 33
leaf_count=25 27 651 22 25 21 445 2242 38 20 26 21 36 36 289 20 33 39 23 23 23 34 19517 37 355 216 5256 37 941 74 33
internal_value=-0.00013363 -0.0658789 -1.28197 -1.05321 -0.507024 -0.698088 0.72242 0.807282 4.76494 -3.61338 8.81719 4.26713 -5.53541 -0.00793936 -3.24859 -1.15768 2.42599 0.571112 0.413933 0.521443 4.35229 0.0104488 -0.983919 0.0601962 1.73721 0.0214736 7.29614 -0.76003 -7.19696 -5.57209
internal_weight=30585 28035 1274 1252 1117 1096 2550 2523 141 46 95 57 135 26761 150 130 72 2382 2288 2265 94 26611 1267 25344 571 24773 60 1230 110 58
internal_count=30585 28035 1274 1252 1117 1096 2550 2523 141 46 95 57 135 26761 150 130 72 2382 2288 2265 94 26611 1267 25344 571 24773 60 1230 110 58
is_linear=0
shrinkage=0.08


Tree=93
num_leaves=43
num_cat=0
split_feature=14 31 39 8 7 21 24 17 19 14 6 27 8 23 25 8 14 45 7 14 7 17 0 44 10 19 26 11 3 6 16 17 16 8 3 1 1 4 19 38 6 19
split_gain=224825 321716 621717 602713 417905 553999 472395 351117 461825 372096 284159 464415 1.04214e+06 1.02255e+06 960642 668735 360906 252336 298951 282898 458056 246102 188642 188536 375001 291853 218396 205641 349282 193601 181307 171602 245145 159994 156011 152316 136319 132875 105543 103383 95593.8 84976.6
threshold=0.50674975526248833 0.68301270189221941 8.3036965000000027 209.63940574600554 26563.906666666669 927.29565454378132 31126.485000000004 2199.3054585573159 311.58822615612172 0.43709414245250233 485.01000000000005 0.91597561503675362 668.18643537312937 31803.500000000004 33545.605000000003 400.22302417199722 0.45386902322008593 19.747150000000001 26718.210833333334 0.39572489776582065 37156.825833333343 2111.7118711774119 0.40981496607995499 4.6767785000000011 0.56094953301329797 280.17707909155911 31363.865833333337 0.54089893587144022 1.0744194733865047 365.16000000000003 675.15669659905097 2032.726412708347 1679.8958772287044 116.82688295623831 0.6345486349829671 0.043577155023182192 0.11421608886533151 0.99891211525464996 94.428710263344172 4.2910710000000005 248.99999999999997 257.68101129683959
decision_type=2 2 2 2 2 2 2 2 2 2 2 2 2 2 2 2 2 2 2 2 2 2 2 2 2 2 2 2 2 2 2 2 2 2 2 2 2 2 2 2 2 2
left_child=1 10 3 33 5 6 -4 8 -6 -9 17 13 16 15 -15 -12 -13 19 -19 20 -1 -21 -2 24 26 34 39 31 29 -29 -5 32 -25 38 -26 -27 -20 -32 -3 -24 -7 -28
right_child=22 2 4 30 7 40 -8 9 -10 -11 11 12 -14 14 -16 -17 -18 18 36 21 -22 -23 23 27 25 35 41 28 -30 -31 37 -33 -34 -35 -36 -37 -38 -39 -40 -41 -42 -43
leaf_value=-0.71272014010022389 6.3543682499935761 0.93122422664396232 -1.4523713256216655 -15.202111805507116 -0.27883702182355602 2.0167934461073442 -5.5829631793146897 -9.4136158162004815 2.1753416132436736 2.924307394442351 3.2036951641007967 -3.6854370403289796 17.279188057152002 8.9611124219303644 0.84775488094569584 -7.6558742219209677 6.9303047571955503 -8.673587601979575 -1.4227492301960398 0.56473602289933544 0.47138357319978746 -0.43605974085463928 -0.60678355583777799 0.96652357032694836 4.515576065657795 6.2171534384450604 -1.1281904634407589 -0.0067294969322959008 -9.9882145233154311 -5.6812337633458583 -2.8631588564421002 -5.8522127035389779 8.9695635471343991 4.4009347905053033 -3.1186033248901368 15.365922487432305 4.5190629036609939 -8.8970717688969199 -5.8103912024662421 6.7219152323404945 7.3614315235203707 -7.4677423940386092
leaf_weight=5290 37 30 707 20 5930 87 236 50 534 22 50 45 36 112 540 127 36 35 513 8287 3456 1940 25 1264 68 30 27 626 24 40 37 22 24 35 22 21 25 69 28 23 28 27
leaf_count=5290 37 30 707 20 5930 87 236 50 534 22 50 45 36 112 540 127 36 35 513 8287 3456 1940 25 1264 68 30 27 626 24 40 37 22 24 35 22 21 25 69 28 23 28 27
internal_value=-0.00017571 -0.0617455 -0.498507 -4.69109 -0.376997 -1.85126 -2.49093 -0.138108 -0.0757888 -5.65528 0.104795 1.45818 6.15442 0.788768 2.25305 -4.58744 1.05965 0.0392216 -1.61332 0.0892121 -0.244819 0.374867 0.763873 0.668863 2.76841 5.42696 -0.923656 0.412511 -0.704566 -0.355547 -8.27433 1.00098 1.12249 0.200003 2.63568 10.2073 -1.13877 -6.83734 -2.36667 2.9704 3.37034 -4.37611
internal_weight=30585 28305 7813 219 7594 1058 943 6536 6464 72 20492 946 117 829 652 177 81 19546 573 18973 8746 10227 2280 2243 243 141 102 2000 690 666 126 1310 1288 93 90 51 538 106 58 48 115 54
internal_count=30585 28305 7813 219 7594 1058 943 6536 6464 72 20492 946 117 829 652 177 81 19546 573 18973 8746 10227 2280 2243 243 141 102 2000 690 666 126 1310 1288 93 90 51 538 106 58 48 115 54
is_linear=0
shrinkage=0.08


Tree=94
num_leaves=30
num_cat=0
split_feature=18 14 17 27 45 3 11 7 15 27 6 1 3 38 8 0 22 11 14 8 19 8 14 3 7 24 6 10 19
split_gain=224506 358374 355371 1.14187e+06 825885 672123 663339 671610 466727 440444 384724 720673 478695 370900 492695 445466 335203 1.48423e+06 1.01839e+06 550497 316502 241953 241325 266316 263136 161565 211004 271062 115817
threshold=2767.1847758161971 0.37321636293368837 2345.2743751583434 0.60355339059327384 18.160600000000006 2.5750175502600348 0.46177511569923041 30445.271666666671 -508.7374999999999 -0.60355339059327362 299.99999999999972 0.079893348837140762 2.2013852343508646 5.2243210000000007 777.36461542940708 0.41693426933808292 3097.2802626377347 0.50746168382211632 0.48125907748542007 777.36461542940708 488.30152107479847 576.58915984026874 0.5441197075653279 0.33078087490955482 21311.244166666671 43707.545000000006 78.950000000000031 0.47343029424157207 390.10552129938475
decision_type=2 2 2 2 2 2 2 2 2 2 2 2 2 2 2 2 2 2 2 2 2 2 2 2 2 2 2 2 2
left_child=2 -2 5 9 -5 16 7 -6 -8 10 12 -12 -4 15 -15 -11 22 18 -18 -19 25 -7 23 -1 -24 26 27 -3 -28
right_child=1 20 3 4 6 21 8 -9 -10 13 11 -13 -14 14 -16 -17 17 19 -20 -21 -22 -23 24 -25 -26 -27 28 -29 -30
leaf_value=-0.90054231678045071 11.43186734835307 0.96185514314358045 3.1747289206839482 -11.183557398869441 19.957290322440009 13.847636047363281 -10.157145878718451 4.909563598632813 1.4768415184543557 3.6324495422199208 1.5175135909573416 -8.0863784207675771 -1.2517249327919582 -5.4822676388477722 0.77382670139171639 -4.3082311037995602 3.0594235438480171 -7.2154069085823469 17.832117526531221 3.361623689560663 9.7873251834282513 2.5081966356797651 -0.73405444354922678 0.021046615070465232 1.9980347714552145 -4.223846877171443 1.1131572792746804 -7.4753788528442389 6.1870382302904892
leaf_weight=2188 23 129 217 25 20 29 25 217 145 92 88 114 552 468 97 87 464 128 31 41 25 21 323 24109 744 38 54 29 62
leaf_count=2188 23 129 217 25 20 29 25 217 145 92 88 114 552 468 97 87 464 128 31 41 25 21 323 24109 744 38 54 29 62
internal_value=-0.000146582 1.98308 -0.023833 -1.01559 2.65623 0.052036 3.53167 6.25793 -0.283432 -1.94152 -0.817889 -3.91564 -0.000146731 -3.40491 -4.40874 -0.229481 0.0353387 1.81002 4.01867 -4.6447 1.30629 9.22764 -0.00778918 -0.0556641 1.17107 0.597626 1.27922 -0.624026 3.85476
internal_weight=30585 360 30225 2147 432 28078 407 237 170 1715 971 202 769 744 565 179 28028 664 495 169 337 50 27364 26297 1067 312 274 158 116
internal_count=30585 360 30225 2147 432 28078 407 237 170 1715 971 202 769 744 565 179 28028 664 495 169 337 50 27364 26297 1067 312 274 158 116
is_linear=0
shrinkage=0.08


Tree=95
num_leaves=48
num_cat=0
split_feature=12 5 21 18 10 21 38 0 29 17 8 17 28 37 16 1 29 19 1 10 17 1 9 27 12 45 9 3 17 38 25 3 16 27 16 8 5 19 22 19 12 18 6 1 10 27 12
split_gain=219284 276667 328106 440349 612122 584236 362024 330133 424373 329388 314469 306568 287896 938600 699336 591650 546700 1.0243e+06 313364 260499 299249 210241 329808 554561 338149 331351 387332 262602 290866 954768 250829 203242 425616 485310 404938 268552 1.13013e+06 260936 195096 194278 170210 180576 169947 540589 147962 125218 120687
threshold=0.037118861768422232 0.051896667465312067 1690.5291887803924 2400.9679739864473 0.50841569900388572 1369.3983373516505 9.089140500000001 0.34000396262040961 0.6078576107927941 3199.5985812441477 995.43244380087151 2345.2743751583434 -0.12940952255126034 269.50000000000006 2803.4179486041867 0.090513131075907902 -0.60785761079279388 299.42770225776047 0.032970904195650928 0.37507513136638243 2762.2196417614418 0.040828445935011913 636.32918885000015 0.60355339059327384 0.032970904195650928 17.941550000000003 672.36566290000007 2.2357967022157044 2895.5032941072968 11.110971000000001 36466.035000000011 1.6999550330318913 2273.1114059773076 0.78656609248549325 2536.291659429196 316.15238512326607 0.051519878456175408 400.20756300939792 3209.1924870520902 351.01163321540656 0.020991061329676538 2500.8674186857966 199.00000000000009 0.013995159570631138 0.28164045035127622 -0.78656609248549292 0.024229651632757341
decision_type=2 2 2 2 2 2 2 2 2 2 2 2 2 2 2 2 2 2 2 2 2 2 2 2 2 2 2 2 2 2 2 2 2 2 2 2 2 2 2 2 2 2 2 2 2 2 2
left_child=21 10 3 9 5 -5 19 38 -9 11 12 -3 13 14 -2 -15 17 -14 -18 -4 -21 27 31 25 39 -24 -27 28 42 -30 46 35 33 -33 -34 37 -37 -23 -8 -25 45 -42 44 -44 -1 -32 -29
right_child=1 2 6 4 -6 -7 7 8 -10 -11 -12 -13 16 15 -16 -17 18 -19 -20 20 -22 22 23 24 -26 26 -28 30 29 -31 40 32 34 -35 -36 36 -38 -39 -40 -41 41 -43 43 -45 -46 -47 -48
leaf_value=-2.6881421734686608 -0.43266955374072058 -0.10657342442086286 13.537125101956454 1.9581040875274358 -13.740635537540211 -7.5169426125539864 7.5172249368179678 0.96663954361625348 -9.3255316915744686 7.1543379279894701 8.9944060419223923 -1.988007217430378 0.86938815367041222 1.7347464474464385 -7.0700667976416076 13.733738724125756 1.4360468868642291 5.2894335132193682 -0.086314894106702858 5.9517641638637926 -4.509296715476296 -0.58305930224456415 4.3768840868719696 2.3170066744834186 -4.6704237397511799 -10.389984135236896 -3.4290698975351397 3.8610763645172121 -18.284765846946023 5.6499951971144906 1.6148235720854538 2.2525571411132814 -8.0327497058444557 16.396790632164997 2.9668398911098262 -0.56677642793736904 -18.479251420157297 7.4765319677499624 0.66006362094845572 11.789786495062021 -0.85279391120461856 6.8791706474967622 13.133526705932619 0.70027443759971197 -0.08915679211407998 -6.3410887378692635 12.825027451288134
leaf_weight=146 4406 9947 21 100 33 70 42 68 40 38 26 586 1583 1058 103 26 1107 425 3951 88 21 2328 28 31 23 60 333 20 21 20 25 49 35 22 52 116 27 25 70 25 33 45 24 215 3029 24 20
leaf_count=146 4406 9947 21 100 33 70 42 68 40 38 26 586 1583 1058 103 26 1107 425 3951 88 21 2328 28 31 23 60 333 20 21 20 25 49 35 22 52 116 27 25 70 25 33 45 24 215 3029 24 20
internal_value=-1.31472e-05 0.114265 -0.176941 -0.255336 -3.93684 -1.96453 2.23013 0.24641 -2.89586 -0.184273 0.36963 -0.211425 0.351207 -0.0776107 -0.585823 2.03494 0.690595 1.80707 0.247089 5.55969 3.91366 -0.401513 -0.878938 -2.76164 3.35736 -3.91509 -4.51548 0.014351 -0.135798 -6.75274 3.10305 -0.523341 2.25042 6.80214 -1.49928 -0.699755 -4.05369 -0.494289 3.27527 6.67857 1.3352 3.63857 -0.0543791 1.99832 -0.209478 -2.33084 8.54654
internal_weight=30585 23809 11124 10774 203 170 350 220 108 10571 12685 10533 12659 5593 4509 1084 7066 2008 5058 130 109 6776 3154 500 79 421 393 3622 3455 41 167 2654 158 71 87 2496 143 2353 112 56 127 78 3414 239 3175 49 40
internal_count=30585 23809 11124 10774 203 170 350 220 108 10571 12685 10533 12659 5593 4509 1084 7066 2008 5058 130 109 6776 3154 500 79 421 393 3622 3455 41 167 2654 158 71 87 2496 143 2353 112 56 127 78 3414 239 3175 49 40
is_linear=0
shrinkage=0.08


Tree=96
num_leaves=35
num_cat=0
split_feature=28 28 17 1 8 8 1 19 15 37 5 1 21 44 6 15 3 38 21 14 28 19 11 19 17 38 3 7 2 45 26 30 17 30
split_gain=200859 268319 527932 585317 378508 347953 300114 248059 270860 284686 408110 350159 266237 239077 194756 539643 310628 351879 214476 176514 173699 283753 206839 672508 645355 171044 31230.2 25594.2 57322.3 52335.6 26417.2 37367.9 11901.2 11219.5
threshold=0.96592582628906831 0.9159756150367534 2396.8939039273037 0.20179298745144222 488.33529821735692 687.70773411900234 0.068650442830567884 123.78477838558068 -576.68062499999985 88.500000000000014 0.096173688484786898 0.16412451633533634 1168.0946787817895 4.7206388500000012 -1504.4999999999998 39.08229166666667 1.9467176928395675 8.0380085000000019 1527.1721631741273 0.47564102780701473 -0.9829629131445341 709.18839906504832 0.47858229271043534 777.22274205627548 2895.5032941072968 5.8630007000000015 0.30073230991544214 28995.590000000004 0.57019502996226235 8.6959500000000016 38858.716875000006 1.0000000180025095e-35 448.49315800736025 -0.22252093395631442
decision_type=2 2 2 2 2 2 2 2 2 2 2 2 2 2 2 2 2 2 2 2 2 2 2 2 2 2 2 2 2 2 2 2 2 2
left_child=1 14 3 5 -4 6 -3 26 -9 13 11 -11 -12 19 15 16 17 -1 -18 -10 21 25 23 -22 -24 -16 33 28 29 -28 32 -32 -29 -2
right_child=7 2 4 -5 -6 -7 -8 8 9 10 12 -13 -14 -15 20 -17 18 -19 -20 -21 22 -23 24 -25 -26 -27 27 30 -30 -31 31 -33 -34 -35
leaf_value=-9.6444835893731362 -3.5680279081518003 0.41154858953143297 -2.5939906819661456 -13.819676478992807 -17.583540861947196 8.00746848796976 -2.1362858544531709 -5.3464743784311661 1.0327301477177353 1.9946782418145046 4.7895499132640325 -6.7912128283182778 15.093389687971635 -7.4083949228922528 1.0055520080245774 -14.773392602829706 8.8263499931052873 0.95955719659494809 -1.4082717976203332 -4.8130353321173258 0.12582516885129291 -7.714768182854904 -0.28320311231796247 3.7428053231096983 -14.007877344651657 -1.2168349799697313 0.43611615428211969 -0.14835205116479294 -3.1452963963261356 4.4588238031213931 -0.026495601003820247 3.2976687417206945 -0.88291112648876935 -0.8903449539911179
leaf_weight=37 21 591 23 21 20 28 591 36 216 937 66 29 21 29 289 20 26 42 25 38 18352 37 6637 334 21 941 357 229 26 21 109 26 369 20
leaf_count=37 21 591 23 21 20 28 591 36 216 937 66 29 21 29 289 20 26 42 25 38 18352 37 6637 334 21 941 357 229 26 21 109 26 369 20
internal_value=0.00010001 -0.0617392 -1.19559 -0.887062 -9.80705 -0.651386 -0.863098 0.679726 1.41045 1.59639 2.20135 1.72417 7.41994 -0.654429 -0.00771805 -2.87268 -0.943 -4.06537 3.87878 0.142722 0.0085384 -0.905213 0.0542527 0.190673 -0.328589 -0.694272 -0.171814 -0.0925965 0.418026 0.670775 -0.374217 0.633254 -0.602334 -2.31414
internal_weight=30585 28035 1274 1231 43 1210 1182 2550 1372 1336 1053 966 87 283 26761 150 130 79 51 254 26611 1267 25344 18686 6658 1230 1178 1137 404 378 733 135 598 41
internal_count=30585 28035 1274 1231 43 1210 1182 2550 1372 1336 1053 966 87 283 26761 150 130 79 51 254 26611 1267 25344 18686 6658 1230 1178 1137 404 378 733 135 598 41
is_linear=0
shrinkage=0.08


Tree=97
num_leaves=26
num_cat=0
split_feature=18 14 19 21 16 46 28 22 37 22 39 18 14 19 0 20 16 14 44 14 21 14 9 16 12
split_gain=197189 304603 265988 243340 375241 511915 205748 490700 863243 416462 340778 244278 281090 507538 338400 267543 258210 183387 173984 159742 151657 311625 196192 253784 139332
threshold=2767.1847758161971 0.37321636293368837 488.30152107479847 1971.1911227578714 2345.2743751583434 18.116850000000003 -0.9159756150367534 3178.4872637158019 297.50000000000006 3163.9228993991851 13.844111500000002 432.57552615457649 0.39572489776582065 497.39075132390343 0.37139645012019734 774.42610383125418 439.72757489685841 0.37321636293368837 10.272484 0.5094993611473716 2297.1875798188667 0.37790705001441044 568.39957950000019 2700.8174739057463 0.034279063987136559
decision_type=2 2 2 2 2 2 2 2 2 2 2 2 2 2 2 2 2 2 2 2 2 2 2 2 2
left_child=3 -2 20 6 17 -6 7 9 18 10 -1 15 13 -13 -14 19 -17 -5 -9 -8 22 -22 -3 -24 -7
right_child=1 2 -4 4 5 24 11 8 -10 -11 -12 12 14 -15 -16 16 -18 -19 -20 -21 21 -23 23 -25 -26
leaf_value=-0.76161755105327378 10.56988230029742 -5.4479712804158531 9.0094655946584847 -2.8686564320531387 1.1108510576445481 -7.6850244671365493 -0.59082543367996698 -8.0266326110839845 -19.963912547718394 9.3209787695748467 1.6136518521715295 -0.032708656280923204 1.5512804788023216 -3.648748308368758 0.28429329642833806 -0.20730154565040104 -8.4401978595440212 6.3932315400930557 -0.23347487422398161 0.55277759973288798 2.3786561046947132 -9.0135339881633882 6.261371529523065 0.43497508122145767 -17.344511562694205
leaf_weight=3185 23 23 25 28 28 22 3789 24 21 27 439 9624 1558 254 10030 46 51 25 69 984 32 28 67 162 21
leaf_count=3185 23 23 25 28 28 22 3789 24 21 27 439 9624 1558 254 10030 46 51 25 69 984 32 28 67 162 21
internal_value=-7.54422e-05 1.85859 1.23453 -0.0222741 -3.5447 -7.30722 -0.00764632 -0.560737 -5.70622 -0.398554 -0.473519 0.0714419 0.187494 -0.12605 0.454758 -0.440028 -4.57789 1.53765 -2.30861 -0.354994 0.584748 -2.99831 1.44634 2.15945 -12.6894
internal_weight=30585 360 337 30225 124 71 30101 3765 114 3651 3624 26336 21466 9878 11588 4870 97 53 93 4773 312 60 252 229 43
internal_count=30585 360 337 30225 124 71 30101 3765 114 3651 3624 26336 21466 9878 11588 4870 97 53 93 4773 312 60 252 229 43
is_linear=0
shrinkage=0.08


Tree=98
num_leaves=55
num_cat=0
split_feature=12 20 20 29 15 26 15 26 6 18 21 1 19 3 37 14 18 5 7 1 46 0 7 3 26 15 22 19 1 2 45 37 26 21 27 7 5 10 6 26 22 22 37 41 12 22 5 36 1 18 14 9 27 15
split_gain=199966 396839 415338 453885 696944 696707 566844 472762 466408 382592 595847 369555 466722 408144 428984 447183 373463 368732 703800 649834 542758 485970 444920 366054 365030 341635 464250 367460 460915 385158 341483 332131 314931 293168 271196 242168 236501 201377 188979 185771 304776 268144 161525 287022 167528 123812 109014 89539 69087.3 65045.8 71927.8 71213.6 36905.6 36346.1
threshold=0.085393524350643984 2348.8545393857171 1975.0399727857784 -0.8783796973249266 237.21937500000004 34290.342708333344 161.56666666666675 32687.643958333338 649.99500000000012 1767.0654930259393 871.22000022900556 0.055680606748290042 109.34015893840511 2.5750175502600348 28.500000000000004 0.45145109200008532 2374.987419907327 0.090125274110482975 32926.959166666675 0.17475777883368729 18.005150000000004 0.46127674795765178 38655.395833333336 2.4674322294762998 35522.106250000004 -162.29687499999997 3178.4872637158019 247.26169252403 0.013995159570631138 0.67498823124522989 14.743700000000002 245.50000000000003 39936.324375000004 1067.1305087204739 -1.0000000180025095e-35 32655.292500000003 0.052252705632251255 0.37726380998297454 -0.99500000000000444 37240.539375000008 2134.0432480788072 2114.3390886901616 104.50000000000001 7.8633765000000002 0.051968590424222284 882.14682009702574 0.036678378624461397 1.5000000000000002 0.11733491081238621 424.5721720231623 0.50674975526248833 299.54074130000004 -0.70710678118654735 14.825625000000004
decision_type=2 2 2 2 2 2 2 2 2 2 2 2 2 2 2 2 2 2 2 2 2 2 2 2 2 2 2 2 2 2 2 2 2 2 2 2 2 2 2 2 2 2 2 2 2 2 2 2 2 2 2 2 2 2
left_child=11 2 9 5 8 6 -4 -6 -5 39 -11 25 45 14 34 -16 35 20 19 -19 36 -21 23 -22 -7 26 30 42 31 -30 -1 -29 52 -12 -14 -15 46 -18 -32 40 -2 -41 43 -27 -44 49 -3 48 -47 50 -13 -51 -20 -49
right_child=1 17 3 4 7 24 -8 -9 -10 10 33 12 13 16 15 -17 37 18 32 21 22 -23 -24 -25 -26 27 -28 28 29 -31 38 -33 -34 -35 -36 -37 -38 -39 -40 41 -42 -43 44 -45 -46 47 -48 53 -50 51 -52 -53 -54 -55
leaf_value=-8.9152528156953696 0.29652320391782205 -3.7233080291748046 3.046957043734464 -3.0395442525291121 8.5660189350791605 12.815327935054384 -14.660589562988282 -0.24452501390362158 -12.437864303588867 -7.4398729744935643 6.6852573674332865 -1.0045264816839565 -0.96724048046178601 13.306356345690215 -2.0432037772032667 -0.31884985025512502 -3.7844194547479804 -15.921494496663412 7.3083643379665562 3.2452242416143418 6.2187438264941282 -7.2262120583478149 -3.5227456922531126 -2.6817997831286808 2.8134933951544383 -0.46308771013380651 -10.715271067483084 13.422065017454086 0.54783928483083477 4.2728976609101936 -2.4763252944657297 3.4627288826091873 -0.94726340147165145 1.9835187428545309 3.3526327134588083 3.4513881335788303 -10.3993946765718 2.4426218137286959 0.78840834667808124 -0.16441666385248424 2.8530283980323867 -3.866393245110145 -0.0038465466310592111 -8.3470087751547499 1.0415580775652256 2.0874689663153192 4.1693430741628008 1.0705373560722609 6.4317891627720432 0.43239672904070042 1.4456371853568337 -0.58707027622705532 13.015314033144996 -2.0178397965431212
leaf_weight=33 6430 23 21 592 45 28 24 255 35 38 101 600 171 25 2804 1466 54 23 20 63 322 50 39 32 125 2010 34 30 1533 200 197 73 25 517 202 44 20 83 265 3411 312 129 3872 29 1313 76 20 191 34 1837 87 575 20 27
leaf_count=33 6430 23 21 592 45 28 24 255 35 38 101 600 171 25 2804 1466 54 23 20 63 322 50 39 32 125 2010 34 30 1533 200 197 73 25 517 202 44 20 83 265 3411 312 129 3872 29 1313 76 20 191 34 1837 87 575 20 27
internal_value=-0.000160389 0.242251 0.137882 -1.32514 -2.06764 2.14404 -6.51047 1.10112 -3.58314 0.288465 2.16013 -0.172763 -0.564386 -1.06936 -1.2241 -1.4514 2.40732 2.15542 -0.69698 -3.9632 3.4115 -1.4109 4.51585 5.40889 4.71523 0.16526 -1.80896 0.280719 1.291 0.979953 -1.17684 6.46467 6.09346 2.76148 1.37492 7.16111 -3.44048 -0.0214698 -0.606038 0.168853 0.415236 -0.300373 0.0238104 -0.579255 0.261032 0.150227 -0.0409815 1.62581 3.47611 -0.00642311 -0.692594 0.189222 10.4097 0.680565
internal_weight=30585 12720 12063 1125 927 198 45 300 627 10938 656 17865 8276 4849 4643 4270 206 657 201 136 456 113 393 354 153 9589 529 9060 1836 1733 495 103 65 618 373 69 63 137 462 10282 6742 3540 7224 2039 5185 3427 43 328 110 3099 687 2412 40 218
internal_count=30585 12720 12063 1125 927 198 45 300 627 10938 656 17865 8276 4849 4643 4270 206 657 201 136 456 113 393 354 153 9589 529 9060 1836 1733 495 103 65 618 373 69 63 137 462 10282 6742 3540 7224 2039 5185 3427 43 328 110 3099 687 2412 40 218
is_linear=0
shrinkage=0.08


Tree=99
num_leaves=38
num_cat=0
split_feature=17 22 11 17 38 28 14 15 19 6 8 21 7 26 24 15 24 22 28 28 28 28 38 37 19 19 29 28 38 38 37 29 6 44 44 24 19
split_gain=190918 544221 1.21757e+06 1.01511e+06 830840 1.2309e+06 721973 548935 530645 1.07729e+06 624281 726070 542752 431839 647000 432725 427789 365037 345740 491435 444032 335913 829182 899389 1.19162e+06 819684 1.83577e+06 704052 486697 379652 445918 292321 284025 233292 246353 220433 237268
threshold=2345.2743751583434 2999.2630834600254 0.50746168382211632 978.7605442811049 8.6108230000000017 0.25881904510252057 0.37467390938454254 269.83437500000008 576.46600801760758 559.99500000000012 777.36461542940708 1318.662512392835 25324.271666666671 29726.352500000005 28400.150000000005 66.036250000000067 29549.810000000005 2396.659280933583 0.60355339059327384 -0.70710678118654757 0.98296291314453432 0.1294095225512602 5.3765740000000006 219.50000000000003 412.5423184596591 338.3537910039542 -1.0000000180025095e-35 -0.37940952255126009 8.7237712500000022 4.9261810000000006 269.50000000000006 -0.60785761079279388 -1100.9999999999998 1.3942411000000001 2.0507736000000003 21887.480000000007 614.20424327994806
decision_type=2 2 2 2 2 2 2 2 2 2 2 2 2 2 2 2 2 2 2 2 2 2 2 2 2 2 2 2 2 2 2 2 2 2 2 2 2
left_child=1 21 3 7 5 -5 -6 -3 9 16 11 -10 -12 -2 15 -15 -4 33 19 -19 -20 25 35 24 -24 29 28 -28 -27 32 -31 -25 -1 -16 -35 -23 -37
right_child=13 2 8 4 6 -7 -8 -9 10 -11 12 -13 -14 14 17 -17 -18 18 20 -21 -22 22 23 31 -26 26 27 -29 -30 30 -32 -33 -34 34 -36 36 -38
leaf_value=-7.846725396728516 -10.06299301539698 -11.987889197300643 -10.580256841366108 12.620209607060751 9.8557915951655453 3.2437191761489466 -0.53610041736571257 4.1481313505626858 -10.907845024972591 17.857931615656074 -3.9070853193416153 5.4927494884672612 11.32253177145253 1.9545359552317652 -12.699535635085333 17.226847381591796 1.9988596960214469 -1.8625609416945312 -3.5540559646331942 0.99291948768757932 2.2925373422304789 -8.4633675358512193 1.1212661741697627 0.96733392400067064 5.8761255515764832 -2.1510825035867898 2.7845530670290595 -2.7172853893680231 -6.412475319805309 -0.59786030193029382 0.75564501181911381 -0.95318421772642914 0.71259817621592081 4.4291690027146116 -5.3046192756043853 -0.49084574806398196 5.0469331176757812
leaf_weight=24 30 38 25 149 51 225 241 20 105 21 42 20 22 28 20 20 51 582 402 1139 104 21 4464 713 364 273 443 223 467 7826 1944 1751 3400 20 82 5186 49
leaf_count=24 30 38 25 149 51 225 241 20 105 21 42 20 22 28 20 20 51 582 402 1139 104 21 4464 713 364 273 443 223 467 7826 1944 1751 3400 20 82 5186 49
internal_value=-0.000140616 0.058549 1.88103 3.62546 4.51106 7.00297 1.30636 -6.44774 -2.5322 2.26254 -4.99195 -8.26098 1.42175 -0.6808 -0.559228 8.5397 -2.22267 -0.748712 -0.514144 0.0267452 -2.35023 -0.00932033 0.294212 0.846282 1.48089 -0.270195 -2.10573 0.941034 -4.84539 -0.0744483 -0.328495 -0.397283 0.650329 -4.99155 -3.37156 -0.471726 -0.438058
internal_weight=30585 28158 1010 724 666 374 292 58 286 97 189 125 64 2427 2397 48 76 2349 2227 1721 506 27148 12548 7292 4828 14600 1406 666 740 13194 9770 2464 3424 122 102 5256 5235
internal_count=30585 28158 1010 724 666 374 292 58 286 97 189 125 64 2427 2397 48 76 2349 2227 1721 506 27148 12548 7292 4828 14600 1406 666 740 13194 9770 2464 3424 122 102 5256 5235
is_linear=0
shrinkage=0.08


Tree=100
num_leaves=41
num_cat=0
split_feature=4 6 12 1 6 6 46 7 19 18 26 27 25 19 26 26 3 38 30 19 27 23 27 19 11 21 19 3 9 19 1 15 25 8 38 3 11 8 18 21
split_gain=180944 278572 615980 1.14028e+06 901011 392188 540144 311997 297307 245413 642598 614984 824552 846253 604228 512916 299214 244397 218400 338781 399324 993991 262593 565024 446142 436681 369456 633879 219782 214221 208922 583186 404102 238207 698006 441909 221653 143627 117813 95640.2
threshold=1.0666667407409056 146.99499999999992 0.16426567755363614 0.12805178196825531 188.04500000000016 199.00000000000009 18.289050000000003 27879.015833333335 709.18839906504832 1663.4810707368877 29589.634583333336 0.98296291314453432 28982.450000000004 544.86233109898774 31017.508125 36698.419583333343 1.780764062319619 5.7639892500000007 0.81174490092936691 132.12150365067538 0.60355339059327384 29341.500000000004 -0.70710678118654735 295.04571564515408 0.5839364300212756 1477.6462991607084 815.9462725892173 2.1005746971663721 810.83327825000003 242.32531917308287 0.15497246883075538 -178.60520833333334 29789.480000000003 266.73632456381978 9.4532530000000019 1.2883701351349146 0.28164045035127622 346.23398046182007 117.31523253839474 202.68938871958969
decision_type=2 2 2 2 2 2 2 2 2 2 2 2 2 2 2 2 2 2 2 2 2 2 2 2 2 2 2 2 2 2 2 2 2 2 2 2 2 2 2 2
left_child=1 18 3 5 -5 7 -7 -3 -4 16 -11 12 13 -12 -14 17 30 -13 22 38 28 -22 26 25 -25 -24 29 -28 -21 -1 31 32 -2 35 -35 -32 -33 -17 -20 -40
right_child=9 2 8 4 -6 6 -8 -9 -10 10 11 15 14 -15 -16 37 -18 -19 19 20 21 -23 23 24 -26 -27 27 -29 -30 -31 33 36 -34 34 -36 -37 -38 -39 39 -41
leaf_value=-0.12354030930469595 13.450246589660644 -12.86808601032604 0.13740321615467901 -3.611775151128354 -26.44842669279679 6.9308081006246907 -4.8758724268471321 -2.6176388322340478 13.451500200544086 13.530344634422889 -0.53700103906484753 17.210109202067059 -11.0849557355734 -12.558348495677366 1.1970577197041332 -2.6848997695105421 -8.6686633438110352 5.7275685185971463 -5.0563562612822563 0.21404004165095958 -0.49471458220778547 7.0011046149290683 -0.21757952512198928 -1.5914324779388138 8.227468343098959 2.97492934702136 17.765951556251164 0.1797459093729655 4.7043119984944664 1.0983070894205706 -0.7727742995743232 2.6286461650778392 3.0512334687479079 -6.2262478493105986 4.2781456392461603 11.10067358834403 0.037202902664340877 5.0129933353151594 1.961407568737612 -0.41469754382655655
leaf_weight=3099 29 21 22 22 22 62 40 147 20 25 103 29 25 58 1864 27 24 22 32 1001 220 232 9925 2459 29 281 20 35 74 1304 448 217 123 154 54 20 6810 34 117 1335
leaf_count=3099 29 21 22 22 22 62 40 147 20 25 103 29 25 58 1864 27 24 22 32 1001 220 232 9925 2459 29 281 20 35 74 1304 448 217 123 154 54 20 6810 34 117 1335
internal_value=-0.000104086 -0.136391 -2.3516 -3.57195 -15.3641 -1.60066 2.29835 -3.96751 6.64283 0.277696 1.02725 0.876481 0.55949 -4.91846 1.02873 6.62226 0.0695363 12.4623 -0.0971645 0.531131 1.36729 3.35966 -0.207485 -0.392979 -1.47372 -0.129398 0.320671 6.77778 0.527223 0.238491 0.0973348 0.223996 5.1102 -1.24613 -3.49172 -0.242775 0.117592 1.61738 -0.329596 -0.222016
internal_weight=30585 20519 356 314 44 270 102 168 42 10066 2187 2162 2050 161 1889 112 7879 51 20163 3011 1527 452 17152 12694 2488 10206 4458 55 1075 4403 7855 7179 152 676 208 468 7027 61 1484 1452
internal_count=30585 20519 356 314 44 270 102 168 42 10066 2187 2162 2050 161 1889 112 7879 51 20163 3011 1527 452 17152 12694 2488 10206 4458 55 1075 4403 7855 7179 152 676 208 468 7027 61 1484 1452
is_linear=0
shrinkage=0.08


Tree=101
num_leaves=44
num_cat=0
split_feature=23 19 26 18 23 9 28 35 18 29 16 28 25 19 28 26 3 23 4 17 38 5 22 11 26 1 3 36 17 8 18 8 1 11 19 22 28 10 8 28 28 29 3
split_gain=176014 301970 265769 626911 487596 331581 282632 688902 1.50636e+06 679066 596785 464990 393704 744320 926348 423754 418843 340168 301925 273565 234943 248562 308640 193715 277231 256555 187858 179595 164451 135577 131975 115617 88151.4 81379.4 59867.9 55689.4 54933.1 36287.2 23161.3 18078 14549.5 11388.1 11353.2
threshold=46979.000000000007 239.87965525133544 42927.877291666671 2324.5456906905015 44726.500000000007 744.33572815000002 -0.5 1.0000000180025095e-35 1482.0118420783567 -0.60785761079279388 3005.0980100075335 -0.9159756150367534 33545.605000000003 242.32531917308287 -0.37940952255126009 41484.852083333346 1.1296684262054899 36113.500000000007 0.48920102747341815 1786.1298771869133 11.848716500000002 0.083415146580211333 2770.5900481868371 0.2725154677279244 43202.210833333338 0.066298056667291869 1.2310013698282696 1.5000000000000002 500.10437682794617 132.10894266022635 1251.2166932371326 395.03103763224357 0.13309314721995116 0.46177511569923041 286.94712952411214 845.50573020791228 -0.9159756150367534 0.27718685912539581 125.91447876232259 -0.37940952255126009 -0.9159756150367534 0.6078576107927941 0.74342817325585575
decision_type=2 2 2 2 2 2 2 2 2 2 2 2 2 2 2 2 2 2 2 2 2 2 2 2 2 2 2 2 2 2 2 2 2 2 2 2 2 2 2 2 2 2 2
left_child=2 30 6 20 5 33 7 9 28 10 -1 -11 15 19 -15 18 -17 -10 -8 -14 26 22 -22 25 31 -3 29 -26 -9 -4 35 37 -28 -5 -23 39 -29 -25 41 42 -40 -37 -2
right_child=1 23 3 4 -6 -7 12 8 17 11 -12 -13 13 14 -16 16 -18 -19 -20 -21 21 34 -24 24 27 -27 32 36 -30 -31 -32 -33 -34 -35 -36 38 -38 -39 40 -41 -42 -43 -44
leaf_value=-1.0651050209833894 2.3616376370191574 1.3260277620951333 -3.2450827258047852 -3.3410495525182684 2.4582604826650312 -15.295807639227974 -1.7623670035293608 -0.017664033386604917 -9.9602347746349515 -0.62478113419557946 -8.7678607588103326 0.77749870774375207 0.19814746157518376 6.0900953327108311 1.1700625066054726 -2.2179696534284905 -14.42180145263672 -25.381134033203125 0.0098887664642547772 -2.4629530954360961 0.56674592726745077 -1.8362962133762164 7.5320442454020178 0.82096903483072925 4.4644050547709835 12.396426999063204 -3.4213061732337589 -6.8466484941755033 -3.4318759778083541 0.51588559709153736 -5.9045722548166912 10.337937533569336 -11.093931421552385 -9.2483782157897956 -6.2610773531595862 -2.8173236179351808 -1.5158130114006276 5.3647849994235575 -1.0101505752563475 -0.70865696271260581 1.7210893949568271 -0.64952538221409284 0.44525948924677716
leaf_weight=2655 79 23 137 42 30 35 659 162 20 2414 65 4053 6510 269 2648 66 24 20 9066 256 430 116 44 20 25 32 20 20 203 110 23 24 20 24 23 38 32 26 24 20 24 27 27
leaf_count=2655 79 23 137 42 30 35 659 162 20 2414 65 4053 6510 269 2648 66 24 20 9066 256 430 116 44 20 25 32 20 20 203 110 23 24 20 24 23 38 32 26 24 20 24 27 27
internal_value=1.15282e-05 1.54459 -0.0238325 -1.28546 -6.43422 -9.07376 0.0209245 -0.334579 -3.55948 -0.19204 -1.25233 0.25404 0.195822 0.557722 1.62571 -0.161232 -5.59504 -18.1017 -0.110374 0.0971123 -0.529724 0.355207 1.22781 3.86068 2.31629 7.87333 -2.41451 -0.996499 -1.92072 -1.57483 -0.248981 5.92307 -7.43463 -5.59514 -2.60795 0.317615 -3.65663 3.44871 -0.967446 1.46863 0.362724 -1.94034 1.88223
internal_weight=30585 464 30121 1031 131 101 29090 9592 405 9187 2720 6467 19498 9683 2917 9815 90 40 9725 6766 900 613 474 202 147 55 287 77 365 247 262 70 40 66 139 239 52 46 113 126 48 65 106
internal_count=30585 464 30121 1031 131 101 29090 9592 405 9187 2720 6467 19498 9683 2917 9815 90 40 9725 6766 900 613 474 202 147 55 287 77 365 247 262 70 40 66 139 239 52 46 113 126 48 65 106
is_linear=0
shrinkage=0.08


Tree=102
num_leaves=37
num_cat=0
split_feature=17 27 45 3 15 25 27 16 25 21 46 17 8 24 19 18 14 20 6 18 27 11 20 11 10 24 24 24 46 46 8 18 8 15 7 7
split_gain=201338 637126 643962 451513 435905 415592 629601 473573 389064 378130 454617 375522 353381 704281 566302 350016 320533 286150 538450 479504 358490 481922 332828 598265 271920 269662 239091 377305 355917 232565 223439 785760 334784 127809 213500 38023.9
threshold=2345.2743751583434 0.60355339059327384 18.160600000000006 2.4674322294762998 70.758541666666716 32730.000000000004 0.98296291314453432 2507.049509271968 39290.105000000003 1948.9392277984268 18.224850000000004 3199.5985812441477 739.3636290339058 39339.810000000005 472.37178621456525 1663.4810707368877 0.43338435953085369 2395.6432707492263 485.01000000000005 2289.661802668134 0.98296291314453432 0.50746168382211632 2383.5910576283645 0.47739444617100818 0.3961636270161118 29974.175000000003 39123.625000000007 39985.280000000006 19.841300000000004 19.133050000000004 777.36461542940708 1706.1374638911916 739.3636290339058 152.84083333333342 32165.270833333339 32926.959166666675
decision_type=2 2 2 2 2 2 2 2 2 2 2 2 2 2 2 2 2 2 2 2 2 2 2 2 2 2 2 2 2 2 2 2 2 2 2 2
left_child=3 8 -3 17 -5 6 7 -4 11 10 -7 12 14 -14 -2 16 -10 22 20 -20 21 -19 30 -24 -11 -8 28 -28 -17 -6 32 -32 -1 34 -13 -35
right_child=1 2 5 4 29 9 25 -9 15 24 -12 33 13 -15 -16 26 -18 18 19 -21 -22 -23 23 -25 -26 -27 27 -29 -30 -31 31 -33 -34 35 -36 -37
leaf_value=0.0059368136533598246 -1.5434146375020346 -10.394598341721755 -0.31285579001903535 13.147449591159821 5.8728170655903069 11.391705910818917 -0.25486090680827267 -11.091035883976863 -12.695172138920537 -9.216125356583369 3.5397433533960458 9.394149086393158 -1.8160982114351714 13.283591606833719 -6.3924382440666676 4.1850073942338462 0.010813481140136718 1.6655921154586892 -0.045907997048419455 15.024256556919642 9.1857354104518887 -4.9046453493291686 -12.915201441540438 3.2798718144343453 3.6868659900483629 11.239406487941743 -4.7153979547145006 0.20743266252385287 -4.5288172134193214 -3.5590450007120769 -3.0407328703880308 6.182585811220366 -8.0567386488480999 -3.7032987655912128 -0.22474397982320479 1.0717514384876599
leaf_weight=27175 299 25 79 31 37 62 22 38 26 20 195 28 194 21 319 160 24 379 22 34 31 87 33 25 20 31 117 640 36 29 99 144 32 20 30 21
leaf_count=27175 299 25 79 31 37 62 22 38 26 20 195 28 194 21 319 160 24 379 22 34 31 87 33 25 20 31 117 640 36 29 99 144 32 20 30 21
internal_value=-0.000211072 -0.699197 1.86879 0.0600588 5.48076 2.5461 -0.606899 -3.87779 -1.35277 4.34682 5.4708 -2.52865 -3.08214 -0.286575 -4.05267 -0.258697 -6.71567 0.0411261 1.84125 9.2069 0.994497 0.431084 0.00487215 -5.99729 -2.83206 6.55184 0.0867582 -0.558645 2.56964 1.73725 0.0177723 2.42788 -0.00384201 2.11273 4.49938 -1.29026
internal_weight=30585 2427 492 28158 97 467 170 117 1935 297 257 932 833 215 618 1003 50 28061 553 56 497 466 27508 58 40 53 953 757 196 66 27450 243 27207 99 58 41
internal_count=30585 2427 492 28158 97 467 170 117 1935 297 257 932 833 215 618 1003 50 28061 553 56 497 466 27508 58 40 53 953 757 196 66 27450 243 27207 99 58 41
is_linear=0
shrinkage=0.08


Tree=103
num_leaves=36
num_cat=0
split_feature=12 17 12 23 0 23 12 20 4 20 11 38 28 39 29 18 5 18 19 38 24 21 14 37 21 24 0 20 0 10 11 16 9 17 4
split_gain=179266 196221 374562 418948 308136 438738 265410 244156 615163 409283 393308 343977 339137 321396 341322 284959 239981 709280 363617 220453 183396 156949 368800 249088 193112 297303 269948 199699 773542 544800 429282 300756 263885 226527 149101
threshold=0.037118861768422232 2895.5032941072968 0.19305214367951343 33481.500000000007 0.28585233403468685 42718.500000000007 0.072004386220425085 2395.6432707492263 1.1243939725103449 2383.5910576283645 0.47739444617100818 10.065666500000001 0.25881904510252057 4.298359350000001 -0.8783796973249266 2801.8744911110803 0.051896667465312067 2400.9679739864473 400.20756300939792 7.8633765000000002 33093.810000000005 1971.1911227578714 0.38131211938583542 257.50000000000006 1928.8088612116624 40477.94000000001 0.48535005821532279 2408.5035798589292 0.4179017886909453 0.49893536110661091 0.39949134911803402 2536.291659429196 712.3943764500001 2032.726412708347 1.0186955829921593
decision_type=2 2 2 2 2 2 2 2 2 2 2 2 2 2 2 2 2 2 2 2 2 2 2 2 2 2 2 2 2 2 2 2 2 2 2
left_child=21 7 3 6 -5 -6 -3 9 13 16 34 12 -10 15 -15 -9 18 -18 -2 -8 -4 24 -23 -24 27 26 -26 31 30 -30 -29 32 -1 -33 -11
right_child=1 2 20 4 5 -7 19 8 11 10 -12 -13 -14 14 -16 -17 17 -19 -20 -21 -22 22 23 -25 25 -27 -28 28 29 -31 -32 33 -34 -35 -36
leaf_value=-0.23764545126727421 0.24026205141595561 -0.41613391378651493 11.078224886031379 8.1020532674374781 -0.42837963061947976 -6.0897584676513308 -17.212949513026647 -12.46848141410134 15.631920433309343 -5.1400189113616941 2.7343961815212086 0.67017251300811764 4.9324269002134153 6.1981514911129043 0.41631387120999469 0.69278826600029364 -0.1069440025582267 -7.5321580219268798 1.9920480110952461 -5.6245117797851565 1.6153897816426044 -9.7049989609969298 7.1944051499800254 -3.452132343390049 -6.1402934039080588 8.6117104593912757 5.9559875706263954 -0.22337616033721389 -11.578691438568963 -1.0376009757058662 12.230364534287226 7.925767641934482 -2.4276615111255646 1.3258991381440846 -14.416680435180666
leaf_weight=5780 10915 22 20 22 557 103 20 21 35 23 22 39 43 72 625 20 10270 82 814 24 36 37 21 38 26 38 20 113 71 56 20 43 374 139 24
leaf_count=5780 10915 22 20 22 557 103 20 21 35 23 22 39 43 72 625 20 10270 82 814 24 36 37 21 38 26 38 20 113 71 56 20 43 374 139 24
internal_value=-0.000160275 0.103166 -1.12456 -1.59904 -1.00443 -1.31977 -7.63665 0.14612 1.47185 0.0948825 -6.01266 6.83545 9.87058 0.613423 1.0216 -6.18472 0.114239 -0.166482 0.361997 -11.1574 5.13004 -0.363181 -3.55821 0.394063 -0.316739 3.47229 -0.866217 -0.365511 -2.53424 -6.97507 1.72666 -0.276131 -0.371113 2.92 -10.0787
internal_weight=30585 23809 804 748 682 660 66 23005 855 22150 69 117 78 738 697 41 22081 10352 11729 44 56 6776 96 59 6680 84 46 6596 260 127 133 6336 6154 182 47
internal_count=30585 23809 804 748 682 660 66 23005 855 22150 69 117 78 738 697 41 22081 10352 11729 44 56 6776 96 59 6680 84 46 6596 260 127 133 6336 6154 182 47
is_linear=0
shrinkage=0.08


Tree=104
num_leaves=41
num_cat=0
split_feature=14 0 19 13 17 44 3 12 5 37 14 28 17 20 13 27 27 45 7 16 28 45 21 37 19 5 7 21 26 13 44 44 17 7 44 8 8 20 11 19
split_gain=171424 240983 328199 616880 603006 632529 425393 423370 481349 412913 390438 323030 317986 556993 379041 259387 254255 736080 747153 449490 445043 613313 398242 222050 193949 170575 163273 173563 162565 152881 127158 126361 120522 159518 103019 80314.5 75973.8 56534.4 44219.6 33864.8
threshold=0.50674975526248833 0.47225895453051486 232.95339352564329 0.55804838881183005 1151.974653264883 11.151128500000002 1.0660977007725549 0.18311622431001986 0.049215787670395909 64.500000000000014 0.43467698857839793 0.25881904510252057 133.87200642658311 749.09855304388213 0.6075492073755423 1.0000000180025095e-35 0.12940952255126043 18.559050000000003 33137.590833333343 2762.2196417614418 -0.37940952255126009 18.810450000000003 1.4421748678660398 104.50000000000001 40.64548631014177 0.092997528394359416 20008.381666666672 1.0000000180025095e-35 37441.607083333343 0.46889008295259288 6.8866361500000002 4.791721250000001 2567.8214038401825 31793.933333333338 5.9943510000000009 197.70530116156621 133.22629698769978 295.52366786350859 0.52059936774765847 19.676547429831079
decision_type=2 2 2 2 2 2 2 2 2 2 2 2 2 2 2 2 2 2 2 2 2 2 2 2 2 2 2 2 2 2 2 2 2 2 2 2 2 2 2 2
left_child=1 12 6 7 23 -6 24 10 -9 29 -4 -11 13 -1 15 -15 20 19 -19 -18 21 -14 -22 -5 39 26 31 30 -26 -8 38 -2 33 -29 37 -32 -36 -33 -28 -3
right_child=25 2 3 4 5 -7 9 8 -10 11 -12 -13 16 14 -16 -17 17 18 -20 -21 22 -23 -24 -25 28 -27 27 32 -30 -31 35 34 -34 -35 36 -37 -38 -39 -40 -41
leaf_value=-6.1608249465278959 3.9359252556165059 2.007457045574446 -2.6139982647450681 -3.2134274726078429 1.6009679669628338 -12.892623208363851 2.1516314406622024 9.2469566314074463 0.5554246902660448 -0.43704435416630338 -0.23978713061402485 6.7558263056524872 -0.42290092120871819 -2.8372821779684587 15.690074638084129 9.233095010121664 0.2670400125058664 7.4938762428946122 1.4765474001604058 -4.0157365106499716 -7.1290938028376152 -3.277571117845469 0.25445387536737246 -11.623556203959902 -0.31715507649169966 6.2097220328194762 3.9712142399379187 0.83221151229192925 -2.0751592120198827 -6.679075995087624 -2.45923935199606 -2.5454689570835658 -4.2290709924697873 3.4231286766714679 -3.109840519197526 -8.3243765222458617 0.69089251853324274 -7.9146094659658583 -1.0226040649414063 0.64829160913231054
leaf_weight=22 23 147 781 28 97 23 20 48 244 55 1024 144 5097 21 26 23 6067 166 635 160 46 531 8878 80 2956 34 20 1723 379 31 57 27 27 166 61 20 73 25 24 576
leaf_count=22 23 147 781 28 97 23 20 48 244 55 1024 144 5097 21 26 23 6067 166 635 160 46 531 8878 80 2956 34 20 1723 379 31 57 27 27 166 61 20 73 25 24 576
internal_value=-0.000164953 -0.0539276 -0.475825 -1.24161 -5.18439 -1.26056 -0.0623453 -0.810652 2.01085 3.13376 -1.26796 4.7756 0.0752155 4.74309 8.20854 3.5372 0.0550965 0.450196 2.73137 0.156369 -0.135738 -0.692773 0.2156 -9.49264 -0.25997 0.667001 0.580369 0.799001 -0.517502 -3.24127 -2.12801 -1.54417 0.984862 1.06158 -2.23924 -4.06984 -1.04951 -5.22741 1.28512 0.927027
internal_weight=30585 28305 6633 2325 228 120 4308 2097 292 250 1805 199 21672 92 70 44 21580 7028 801 6227 14552 5628 8924 108 4058 2280 2246 2037 3335 51 121 209 1916 1889 186 77 134 52 44 723
internal_count=30585 28305 6633 2325 228 120 4308 2097 292 250 1805 199 21672 92 70 44 21580 7028 801 6227 14552 5628 8924 108 4058 2280 2246 2037 3335 51 121 209 1916 1889 186 77 134 52 44 723
is_linear=0
shrinkage=0.08


Tree=105
num_leaves=45
num_cat=0
split_feature=23 28 22 27 35 22 33 17 28 33 28 16 28 1 32 22 35 23 37 22 25 1 20 22 17 11 10 22 17 25 3 19 38 38 6 22 17 25 28 19 31 1 12 1
split_gain=167594 274980 492149 490138 455657 894020 441612 563955 391271 342472 1.48165e+06 963166 779437 824091 590389 1.17239e+06 573947 573837 398669 961454 319237 286571 237364 227161 589277 385001 353000 339770 457929 292323 225865 215596 211658 191576 166332 201039 133556 131004 120592 84126.1 114589 69971 38609.5 16731.6
threshold=43787.500000000007 -0.5 3319.3355139309492 -0.25881904510252113 1.0000000180025095e-35 2781.334362479975 1.0000000180025095e-35 2762.2196417614418 -0.9159756150367534 1.0000000180025095e-35 -0.12940952255126034 661.82619661890294 -0.37940952255126009 0.18058820999331973 1.0000000180025095e-35 1399.3203179185889 1.0000000180025095e-35 27498.500000000004 319.50000000000006 3145.4811770618808 27252.950000000004 0.16412451633533634 774.42610383125418 2452.0930720639471 2019.4196213484609 0.29372064074877757 0.40879938917047437 2571.5830863113156 1786.1298771869133 45255.490000000013 1.7085644401503672 379.89625017337096 13.849293000000001 11.914430500000003 349.99999999999994 2888.6480334111816 500.10437682794617 43574.015000000007 0.1294095225512602 118.56835084442757 0.93301270189221952 0.077061651740503209 0.069746891979282716 0.11343215125001936
decision_type=2 2 2 2 2 2 2 2 2 2 2 2 2 2 2 2 2 2 2 2 2 2 2 2 2 2 2 2 2 2 2 2 2 2 2 2 2 2 2 2 2 2 2 2
left_child=1 2 4 -4 6 36 8 -8 -1 12 14 22 13 16 15 -11 -3 -13 21 -20 -16 -14 -12 31 27 34 29 -25 -29 -27 -30 37 33 -5 35 -26 -6 38 41 42 -41 -2 -39 -40
right_child=23 9 3 32 5 -7 7 -9 -10 10 11 17 18 -15 20 -17 -18 -19 19 -21 -22 -23 -24 24 25 26 -28 28 30 -31 -32 -33 -34 -35 -36 -37 -38 39 43 40 -42 -43 -44 -45
leaf_value=-0.70488966742089287 0.8442856175918132 2.138885363156704 -12.911738586425782 0.44712000165666854 -0.021034596675744085 -14.48780774630033 -0.90562236009742592 -9.6564136004447931 0.6995029598795095 -1.1912528545074883 0.20209817062108626 6.8539735819765193 0.020193343699950916 15.224267367045083 -5.1863914996555875 -8.9553386548600695 -8.6225993183887368 1.9961205572780756 -1.1550133270373499 -13.886973337026744 0.60293612877822522 -1.4279869557406846 -4.0370916550809692 13.84795292377472 -2.0766482052050139 0.77016822948790431 6.2835649384392624 -3.4018619312959562 13.089186443205804 -4.7770819177336366 4.0724951669444209 -6.1113593022963588 4.8241652228615504 -8.8258155568440753 9.4024982037246225 5.3094952817947147 -3.0880081396287196 -0.45693682451637424 -0.77176303432833759 0.161049760152393 5.4755359338831022 3.2139968294914958 -2.2161868069627708 -3.75018178667341
leaf_weight=1996 143 833 38 27 162 38 2656 47 3485 362 2145 166 10744 29 69 189 32 2334 1441 38 471 951 87 31 37 113 35 33 30 130 45 33 21 29 29 62 206 195 30 680 26 182 135 20
leaf_count=1996 143 833 38 27 162 38 2656 47 3485 362 2145 166 10744 29 69 189 32 2334 1441 38 471 951 87 31 37 113 35 33 30 130 45 33 21 29 29 62 206 195 30 680 26 182 135 20
internal_value=-0.000196472 -0.0495953 -0.424569 -5.6007 -0.354629 -2.96725 -0.224672 -1.0613 0.188034 0.114519 0.630425 1.24318 -0.0990529 2.18549 -2.02601 -3.86583 1.73128 2.32129 -0.254238 -1.4913 -0.145031 -0.0976801 0.035127 0.709683 2.09971 0.554964 -1.11753 6.57551 4.38015 -2.20491 7.80394 0.183963 -1.87338 -4.42553 4.16791 2.55586 -1.74159 0.33542 1.61452 -0.128685 0.364235 2.17711 -1.18115 -2.0133
internal_weight=30585 28596 8705 115 8590 406 8184 2703 5481 19891 5823 4732 14068 894 1091 551 865 2500 13174 1479 540 11695 2232 1989 545 406 278 139 108 243 75 1444 77 56 128 99 368 1411 375 1036 706 325 330 50
internal_count=30585 28596 8705 115 8590 406 8184 2703 5481 19891 5823 4732 14068 894 1091 551 865 2500 13174 1479 540 11695 2232 1989 545 406 278 139 108 243 75 1444 77 56 128 99 368 1411 375 1036 706 325 330 50
is_linear=0
shrinkage=0.08


Tree=106
num_leaves=48
num_cat=0
split_feature=12 3 20 46 5 7 7 8 6 19 1 19 8 23 17 18 8 37 24 5 18 5 28 10 7 8 22 22 2 20 38 37 19 17 12 6 19 20 5 22 17 46 18 44 1 30 17
split_gain=172203 322845 417020 364655 492360 536137 444612 310133 296795 555013 292872 386485 421397 1.08958e+06 869780 836169 401696 333468 328752 283134 764213 364873 255204 232082 443069 197498 385146 483949 401220 289704 338433 325209 279637 237603 182183 169072 345008 243348 146225 97205.1 199226 81801.5 81404.5 66584.6 55840 82201.2 31408.6
threshold=0.085393524350643984 2.4674322294762998 2348.8545393857171 18.005150000000004 0.090125274110482975 32926.959166666675 38655.395833333336 687.70773411900234 -1504.4999999999998 448.97942493170416 0.055680606748290042 109.34015893840511 614.42196075951949 31240.500000000004 2231.5016179326008 2228.4778661858099 576.58915984026874 28.500000000000004 33676.905000000006 0.13694336744672342 1339.9209631280157 0.13205505125498995 -0.12940952255126034 0.39712802334204983 34201.175833333335 576.58915984026874 3130.9621870995857 3319.3355139309492 0.67390064864523425 2172.4347226435725 8.6108230000000017 306.50000000000006 576.46600801760758 2567.8214038401825 0.10390195429025344 380.17000000000007 308.17369765710924 2572.8803664924826 0.052252705632251255 845.50573020791228 591.92233727248401 9.7703000000000024 640.79001361079702 6.9371535500000006 0.10659098059708945 1.0000000180025095e-35 540.38965734328144
decision_type=2 2 2 2 2 2 2 2 2 2 2 2 2 2 2 2 2 2 2 2 2 2 2 2 2 2 2 2 2 2 2 2 2 2 2 2 2 2 2 2 2 2 2 2 2 2 2
left_child=10 2 8 38 6 -6 -5 22 9 -2 25 39 16 15 -15 -14 17 -13 -18 21 -21 -10 34 24 -9 26 35 33 -29 31 32 -27 -31 -28 -3 37 -37 -1 -4 40 41 -12 -42 -26 46 -46 -41
right_child=1 7 3 4 5 -7 -8 23 19 -11 11 12 13 14 -16 -17 18 -19 -20 20 -22 -23 -24 -25 43 29 27 28 -30 30 -32 -33 -34 -35 -36 36 -38 -39 -40 44 42 -43 -44 -45 45 -47 -48
leaf_value=0.047414534575591374 0.81784300933013088 1.6568019346757368 -0.62856800079345709 5.6294294044034032 -3.4952363619083116 6.2427445602416993 -3.77969262222449 -17.881704418348228 0.20121594139907351 -14.866771306991577 -0.080412554344130374 1.2208050998861604 -17.643575428150317 13.214727304749569 1.619807456503523 0.85060125150178612 -0.97409855433872761 -1.2764920730687803 -14.786925244140626 -3.1136163169013127 11.21976189033658 -5.0592218162873213 5.5300351185268823 -0.39377877266176287 -7.2537722047170012 -15.284900107610794 10.518969428891042 -0.64456492896218909 8.1120599634647377 -0.40964038482820142 -7.291420301387185 -1.4451666227976481 9.759398900894892 2.9974112146040972 -8.6944780488447719 -0.084329049659497821 5.4761115993772238 -8.5747703770228796 -9.0053943161737351 3.4726939552307132 -6.324115886688233 1.138096584626338 -1.6560278109898645 -0.97361853837966916 0.80163913106918328 5.2763461955388395 0.53106779556994566
leaf_weight=8709 36 21 37 322 118 51 35 22 11728 23 2445 372 26 58 140 37 20 4172 24 44 50 84 35 30 20 20 60 205 39 98 37 23 20 50 21 197 111 20 20 24 39 411 62 23 59 47 340
leaf_count=8709 36 21 37 322 118 51 35 22 11728 23 2445 372 26 58 140 37 20 4172 24 44 50 84 35 30 20 20 60 205 39 98 37 23 20 50 21 197 111 20 20 24 39 411 62 23 59 47 340
internal_value=-0.000241297 0.224713 0.272014 2.35946 3.01884 -0.53712 4.69899 -3.20769 0.170114 -5.44237 -0.160414 -0.509046 -0.96857 2.1527 5.06564 -6.93834 -1.14656 -1.07182 -8.66954 0.198381 4.54837 0.163382 0.567338 -6.24148 -8.89356 0.140502 0.193331 2.7781 0.782457 -2.35351 -0.722314 -8.08334 1.38145 7.15788 -3.60067 0.0917833 1.93083 0.0266793 -3.67239 0.141245 -0.0287653 0.0952771 -3.50289 -3.99309 1.20865 2.81648 0.734004
internal_weight=30585 12720 12548 583 526 169 357 172 11965 59 17865 8276 4849 261 198 63 4588 4544 44 11906 94 11812 77 95 65 9589 9391 354 244 198 155 43 118 110 42 9037 308 8729 57 3427 2957 2856 101 43 470 106 364
internal_count=30585 12720 12548 583 526 169 357 172 11965 59 17865 8276 4849 261 198 63 4588 4544 44 11906 94 11812 77 95 65 9589 9391 354 244 198 155 43 118 110 42 9037 308 8729 57 3427 2957 2856 101 43 470 106 364
is_linear=0
shrinkage=0.08


Tree=107
num_leaves=37
num_cat=0
split_feature=14 45 0 17 3 4 0 0 7 19 31 12 6 19 19 0 9 28 39 3 3 25 19 1 17 17 39 10 45 25 19 36 5 9 19 45
split_gain=167813 486792 265370 255458 286101 371294 326346 306178 232430 496610 277456 222632 530680 354049 216529 206181 407901 208563 313518 403221 510954 296793 401142 349842 385870 349975 334982 272418 223482 190621 162341 109414 70307.8 56925.5 51263 4394.99
threshold=0.44969388395542792 18.786450000000006 0.57606108203715645 2199.3054585573159 1.9359241252115558 1.0933459871037885 0.41395719680044479 0.39622551442720416 37731.305 115.81790009076933 0.93301270189221952 0.13019468364130302 -1376.3749999999998 329.63139159596329 283.33987693072157 0.3647590357434442 737.87393895000002 -0.5 15.430246000000002 1.2003823208133773 1.5609799769490296 33622.805000000008 257.68101129683959 0.12805178196825531 2199.3054585573159 2131.9594740145162 13.073999500000001 0.43742994694876158 19.502150000000004 41264.435000000005 576.46600801760758 2.5000000000000004 0.021902142425175585 338.71295435000002 2.0306872477245395 7.3413000000000013
decision_type=2 2 2 2 2 2 2 2 2 2 2 2 2 2 2 2 2 2 2 2 2 2 2 2 2 2 2 2 2 2 2 2 2 2 2 2
left_child=1 2 8 4 5 7 -7 -3 11 34 -11 13 -13 -1 -6 16 32 18 19 28 -21 23 31 25 -25 -19 -24 -20 -17 -5 -18 -23 -2 35 -10 -34
right_child=15 3 -4 29 14 6 -8 -9 9 10 -12 12 -14 -15 -16 17 30 21 27 20 -22 22 26 24 -26 -27 -28 -29 -30 -31 -32 -33 33 -35 -36 -37
leaf_value=-0.17624092885318635 -3.3865914102395376 -7.1241123422554562 8.9407571247645787 -12.690461152394612 -1.3545441640656573 5.6367361693382261 -1.6213273655247487 -2.202076725411735 -1.8773559363729815 0.92287044672002094 6.0898791342623104 -8.3671276495673439 0.47545216184321887 -1.3205103100539983 8.3856701246897369 0.40343106482184482 4.8087270185682511 0.62031333667866784 10.956935856260102 -5.7324030217436164 -0.26932858909542851 -0.49579625625854362 4.3087179554223445 -2.1329380791647035 5.899200090547887 -4.0143654387306285 0.68892387354945783 -1.1277769470214845 -1.6533519303798676 -3.4928825439214708 14.438392403342506 1.0825849018613158 1.1592214782714845 5.132535327729725 -0.42849925007454448 -0.18908467490498612
leaf_weight=10635 23 111 20 23 28 59 116 297 169 3123 67 43 3401 2066 29 1716 26 3030 28 193 252 468 416 585 40 107 270 20 420 39 21 701 24 20 1959 40
leaf_count=10635 23 111 20 23 28 59 116 297 169 3123 67 43 3401 2066 29 1716 26 3030 28 193 252 468 416 585 40 107 270 20 420 39 21 701 24 20 1959 40
internal_value=-0.000366602 -0.115675 -0.0478846 -2.18721 -1.70565 -2.23563 0.8438 -3.5553 -0.0566767 0.401983 1.03327 -0.20777 0.362652 -0.362462 3.66014 0.304148 3.19493 0.24978 -0.338224 -0.458403 -2.64625 0.525002 1.35284 0.116552 -1.61028 0.461 2.88709 6.00138 -0.00157699 -7.05216 9.32251 0.450809 0.441973 1.51778 -0.544391 0.326586
internal_weight=30585 22185 21483 702 640 583 175 408 21463 5318 3190 16145 3444 12701 57 8400 154 8246 2629 2581 445 5617 1855 3762 625 3137 686 48 2136 62 47 1169 107 84 2128 64
internal_count=30585 22185 21483 702 640 583 175 408 21463 5318 3190 16145 3444 12701 57 8400 154 8246 2629 2581 445 5617 1855 3762 625 3137 686 48 2136 62 47 1169 107 84 2128 64
is_linear=0
shrinkage=0.08


Tree=108
num_leaves=45
num_cat=0
split_feature=28 28 5 45 16 16 8 10 11 8 16 30 4 22 19 21 1 46 24 25 4 21 0 14 7 19 27 21 25 19 19 22 8 19 10 3 25 16 18 10 3 19 3 21
split_gain=153838 249397 394870 667010 477063 278256 366344 249245 322010 229739 302989 296409 373898 452407 196941 191259 410745 232480 185557 326250 189935 169771 159229 155692 266770 471762 618033 471308 355128 744284 303087 224261 362164 397530 320539 229094 251353 154465 162453 235722 143447 136846 134949 130476
threshold=0.96592582628906831 0.9159756150367534 0.095218980126264494 18.583150000000003 1928.6294953818244 1743.9111632769943 449.12303786824015 0.46246481768590547 0.44324707678740355 380.05603431913977 2111.7118711774119 -0.56174490092936669 0.93245205103986051 3138.7538757608995 390.10552129938475 1300.821923639917 0.11824496080429213 18.434400000000004 30217.440000000006 30233.675000000003 1.1098727868538554 1857.026196854524 0.41395719680044479 0.49923270499538097 27102.58666666667 531.76801472283285 0.91597561503675362 1223.9729628642706 27091.695000000003 351.01163321540656 668.06494927022538 1555.0628047981957 544.92069095004797 395.01328771373051 0.56094953301329797 1.100889998640959 33475.085000000014 158.91771680779286 1627.9255476811095 0.4457557082521531 1.378064875178884 221.77355822719016 0.94543838656087009 1.0000000180025095e-35
decision_type=2 2 2 2 2 2 2 2 2 2 2 2 2 2 2 2 2 2 2 2 2 2 2 2 2 2 2 2 2 2 2 2 2 2 2 2 2 2 2 2 2 2 2 2
left_child=1 23 4 22 5 42 -7 8 -6 10 37 15 13 14 -13 16 -11 -17 20 -20 -14 -12 41 24 25 27 -27 -1 29 -26 -30 35 33 -33 -34 43 -37 -2 40 -40 -39 -4 -3 -25
right_child=9 2 3 -5 7 6 -8 -9 -10 11 21 12 18 -15 -16 17 -18 -19 19 -21 -22 -23 -24 31 28 26 -28 -29 30 -31 -32 32 34 -35 -36 36 -38 38 39 -41 -42 -43 -44 -45
leaf_value=-0.61572446782939316 7.2564857192266548 -0.092218363809049644 -1.2761629426840579 -18.311559143066408 -6.3161922444237604 0.32850420509896633 13.008013126539147 -12.441647045428937 3.9593413285855896 2.6691217985607332 -9.6252475115458171 -0.63303468545277919 -2.6183152860753678 7.9543611907958987 -11.021742471059163 -2.233057086016681 -13.060653789693658 8.3146948610033302 15.284167725245158 5.1003353064793808 6.6828349628051127 -0.84675883225032267 3.3734783491763203 -1.7407135697859752 1.7134671548439588 -5.3052017511917375 0.72462395618416664 3.4664382882462337 -0.039866163824186444 17.682172154017859 1.7874991540446328 1.2417387973806246 1.580674753189087 7.2589276389453721 -11.002572368275034 -10.067620037964414 -0.32010314204476098 0.24426764064048009 6.4638171779748168 0.44216199423137459 -4.657814184335562 -9.4138026229194978 -2.5506011101827459 0.66121089028476632
leaf_weight=2704 20 822 32 21 71 40 22 25 26 20 29 23 33 21 23 36 21 20 23 142 23 27 21 157 172 294 172 193 20305 20 597 182 31 114 21 27 43 1873 65 113 38 22 172 1729
leaf_count=2704 20 822 32 21 71 40 22 25 26 20 29 23 33 21 23 36 21 20 23 142 23 27 21 157 172 294 172 193 20305 20 597 182 31 114 21 27 43 1873 65 113 38 22 172 1729
internal_value=-0.000284194 -0.0544033 -1.14754 -6.05432 -0.74287 -0.193469 4.96275 -5.4581 -3.54963 0.594495 0.273795 2.39253 3.67756 -1.53998 -5.95138 -1.4214 -5.50673 1.61378 5.25916 6.60342 1.25202 -5.48187 -2.4265 -0.00232189 -0.0615571 -0.723163 -3.08281 -0.342666 0.0439515 3.45987 0.0124098 0.626214 2.49438 3.57581 -3.61274 0.292736 -4.1687 0.42915 0.360345 2.66491 0.144405 -4.70238 -0.519748 0.460446
internal_weight=30585 28035 1274 96 1178 1056 62 122 97 2550 2165 385 288 67 46 97 41 56 221 165 56 56 75 26761 24457 3363 466 2897 21094 192 20902 2304 348 296 52 1956 70 2109 2089 178 1911 54 994 1886
internal_count=30585 28035 1274 96 1178 1056 62 122 97 2550 2165 385 288 67 46 97 41 56 221 165 56 56 75 26761 24457 3363 466 2897 21094 192 20902 2304 348 296 52 1956 70 2109 2089 178 1911 54 994 1886
is_linear=0
shrinkage=0.08


Tree=109
num_leaves=33
num_cat=0
split_feature=12 22 26 20 11 19 19 28 2 12 22 24 6 25 24 9 11 26 8 8 22 22 1 23 11 8 5 26 25 18 14 19
split_gain=152433 211790 195623 523384 762549 542087 350702 785537 550349 312794 559946 389715 295459 226670 186728 267070 187124 245203 214839 169455 153593 630292 520401 538288 280292 150487 116004 110114 79662.3 47800.2 29448.2 21551.3
threshold=0.027810516500381331 3424.9495614618859 35522.106250000004 2408.5035798589292 0.54089893587144022 576.46600801760758 866.73822657055348 -0.12940952255126034 0.54599187790125325 0.14436234841820719 3178.4872637158019 40102.810000000005 1500.0150000000001 26903.260000000002 42646.750000000007 681.19779890000007 0.31450563406856685 33270.904166666674 247.27718252935077 404.66582167028594 2080.7576564590659 2026.5888750965628 0.082850065348742216 35883.500000000007 0.56262157219749687 263.36971185160297 0.10000599915730851 33634.943958333337 39934.265000000007 494.23183824969789 0.35901751925257719 351.01163321540656
decision_type=2 2 2 2 2 2 2 2 2 2 2 2 2 2 2 2 2 2 2 2 2 2 2 2 2 2 2 2 2 2 2 2
left_child=14 2 3 9 5 -5 12 -8 -9 10 -2 -11 13 -4 16 28 17 -1 27 31 21 26 24 -24 -22 -20 -18 -19 -16 -30 -31 -17
right_child=1 -3 6 4 -6 -7 7 8 -10 11 -12 -13 -14 -15 15 19 20 18 25 -21 22 -23 23 -25 -26 -27 -28 -29 29 30 -32 -33
leaf_value=4.6644180653013034 0.12026813679563608 6.0382830294809846 2.6671673320767715 -0.097474147316039081 17.898511970156715 5.6933273102760316 6.3150666254216974 -3.0947400734641337 -21.583487189156667 1.0336502949153608 -4.0259101644297628 9.1313355871347284 9.3936084838140577 -0.13450681704219897 -4.6904751804896767 6.0599062273719095 -0.36125864129228225 -6.8181329063132958 -12.108554441452027 0.57734563078199119 -0.20150009827588192 11.982204115125869 -12.085585406216708 1.3414620310465495 -9.6513049098423558 -3.8580118261801233 3.6042293950915338 -1.3936905952312486 -2.0115831944601879 0.74765129291242172 4.0808815056937089 10.212832768758139
leaf_weight=28 8057 37 186 253 20 174 21 21 20 1578 213 38 20 15833 20 21 2898 26 24 27 464 26 54 29 20 36 47 222 34 92 20 26
leaf_count=28 8057 37 186 253 20 174 21 21 20 1578 213 38 20 15833 20 21 2898 26 24 27 464 26 54 29 20 36 47 222 34 92 20 26
internal_value=-0.000279747 0.0701333 0.0615515 0.333199 3.00768 2.27003 -0.112791 -6.06994 -12.4128 0.211979 0.0130064 1.2296 -0.0893862 -0.101812 -0.45325 1.7077 -0.58753 -2.38895 -3.04318 5.66973 -0.415825 -0.185318 -1.62119 -7.43409 -0.611082 -7.30263 -0.29677 -1.98748 -0.0818881 0.577039 1.37372 8.52218
internal_weight=30585 26471 26434 10333 447 427 16101 62 41 9886 8270 1616 16039 16019 4114 240 3874 336 308 74 3538 2971 567 83 484 60 2945 248 166 146 112 47
internal_count=30585 26471 26434 10333 447 427 16101 62 41 9886 8270 1616 16039 16019 4114 240 3874 336 308 74 3538 2971 567 83 484 60 2945 248 166 146 112 47
is_linear=0
shrinkage=0.08


Tree=110
num_leaves=44
num_cat=0
split_feature=17 27 45 22 11 17 39 26 44 36 39 5 15 27 23 18 8 25 27 1 24 4 27 24 27 37 9 12 15 8 8 37 39 9 13 8 18 10 22 8 26 44 11
split_gain=158875 487575 514718 421551 912545 758990 695819 522779 506170 662287 621344 694719 462907 454273 340388 359058 338409 317249 522811 426775 372757 322083 250684 237885 167178 627357 723440 433617 279531 248017 234973 227288 501147 445853 261453 719328 255495 212706 167118 133105 209928 103287 96906.7
threshold=2345.2743751583434 0.60355339059327384 18.160600000000006 2999.2630834600254 0.50746168382211632 978.7605442811049 11.821283500000002 32832.932500000003 4.2364688000000017 2.5000000000000004 13.934076000000003 0.021902142425175585 269.83437500000008 -0.37940952255126059 47514.000000000007 2767.1847758161971 269.90103326703468 32730.000000000004 0.98296291314453432 0.18058820999331973 30990.680000000004 1.0923078343199639 -0.9159756150367534 29974.175000000003 0.91597561503675362 94.500000000000014 400.88332760000009 0.019008711203505151 -257.18374999999997 273.89130854666035 408.87592371001875 106.50000000000001 10.724053250000003 664.29934545000003 0.71862711026442971 442.0306932588071 1097.1830890323909 0.59176895578896205 1349.5222246911546 355.91680734720831 37983.692708333336 15.407423500000002 0.37283087728157177
decision_type=2 2 2 2 2 2 2 2 2 2 2 2 2 2 2 2 2 2 2 2 2 2 2 2 2 2 2 2 2 2 2 2 2 2 2 2 2 2 2 2 2 2 2
left_child=3 14 -3 24 5 12 13 -8 9 -6 11 -10 -5 -7 15 16 42 18 20 21 -4 -19 -18 -20 31 28 38 -28 29 -26 -30 32 33 -1 36 -36 -33 -34 -27 -17 -41 -16 -2
right_child=1 2 17 4 8 6 7 -9 10 -11 -12 -13 -14 -15 41 39 22 19 23 -21 -22 -23 -24 -25 25 26 27 -29 30 -31 -32 34 37 -35 35 -37 -38 -39 -40 40 -42 -43 -44
leaf_value=-1.1650957930896655 7.2056430939705143 -9.3382032658503604 -0.220708370697804 -10.633120107406226 -0.09168978239360609 6.5922566087128693 20.137944219680062 6.5742992735808752 11.736120485988531 -15.035421302991036 12.273154084578806 -3.3816776942642486 4.174113951183501 0.95382473510244625 0.43974921226501468 6.515920150510726 -0.31898537038899155 1.6195746290215238 -0.38719839178997539 13.409893161632397 -9.6666045063297918 9.1073692027005286 -2.6034968769994458 10.40223367214203 11.341164830576988 -0.48590174715522916 -14.34646657596935 -2.9311349060879186 0.50502446561633707 1.0969774873795048 6.7593819808959958 0.17571968666448171 -0.099435862012103735 -5.8350173224959256 -0.62743718423432726 -14.923454500281293 1.0220695500005552 7.1487186475900506 2.9911426790724409 4.1481294523239134 -1.2843702054023742 7.2522999881913792 0.79759199757729804
leaf_weight=550 30 25 77 38 37 121 20 158 21 38 22 168 20 367 23 30 416 228 22 26 40 43 1180 31 30 1504 21 755 997 30 39 11267 7681 171 1101 22 2862 25 93 74 115 37 30
leaf_count=550 30 25 77 38 37 121 20 158 21 38 22 168 20 367 23 30 416 228 22 26 40 43 1180 31 30 1504 21 755 997 30 39 11267 7681 171 1101 22 2862 25 93 74 115 37 30
internal_value=-0.000206505 -0.621124 1.62536 0.0533319 1.65732 3.1675 3.93324 8.20229 -2.16339 -7.76139 -0.146351 -1.64899 -5.54297 2.3625 -1.19287 -1.38354 -1.78615 2.23097 -0.52386 3.80428 -3.50463 2.83679 -2.00861 5.99937 -0.00640075 -0.524986 -1.25597 -3.25812 1.0574 6.32102 0.74676 0.0695916 -0.263834 -2.27921 0.25382 -0.92053 0.347218 -0.0749967 -0.281674 1.65507 0.853278 4.69084 4.06722
internal_weight=30585 2427 492 28158 1010 724 666 178 286 75 211 189 58 488 1935 1875 1656 467 170 297 117 271 1596 53 27148 3469 2373 776 1096 60 1036 23679 8427 721 15252 1123 14129 7706 1597 219 189 60 60
internal_count=30585 2427 492 28158 1010 724 666 178 286 75 211 189 58 488 1935 1875 1656 467 170 297 117 271 1596 53 27148 3469 2373 776 1096 60 1036 23679 8427 721 15252 1123 14129 7706 1597 219 189 60 60
is_linear=0
shrinkage=0.08


Tree=111
num_leaves=35
num_cat=0
split_feature=17 11 28 22 28 23 23 14 26 12 26 14 8 4 23 27 15 38 0 8 18 13 8 23 13 11 17 18 3 0 8 17 3 44
split_gain=140323 368661 342467 553670 345286 457377 483247 292676 259768 236154 461469 296695 221755 536728 720206 1.09278e+06 1.01063e+06 823109 653458 523036 509726 436404 204541 433581 492020 199835 189111 180429 424335 372907 205178 181624 552387 344730
threshold=2895.5032941072968 0.47161594468813289 0.60355339059327384 3138.7538757608995 -0.78656609248549325 40150.000000000007 41392.500000000007 0.40196461252409837 34611.151041666679 0.069236530070199045 31540.662291666671 0.3969521037606405 687.70773411900234 0.60068071889745844 28636.500000000004 0.78656609248549325 207.90166666666673 7.3876658500000003 0.44912654535751489 739.3636290339058 1940.014878896319 0.46571400104905414 668.18643537312937 38558.500000000007 0.47526558131087709 0.52395877372461308 3199.5985812441477 2767.1847758161971 2.1661870192782646 0.34566461995697972 385.01845853232277 2131.9594740145162 2.2357967022157044 1.0736411000000003
decision_type=2 2 2 2 2 2 2 2 2 2 2 2 2 2 2 2 2 2 2 2 2 2 2 2 2 2 2 2 2 2 2 2 2 2
left_child=12 2 4 -4 5 8 -7 -5 -2 11 -11 -6 22 19 17 18 -17 25 -16 -14 -21 -19 27 24 -24 -15 -9 31 30 -30 -29 32 -1 -33
right_child=1 -3 3 7 9 6 -8 26 -10 10 -12 -13 13 14 15 16 -18 21 -20 20 -22 -23 23 -25 -26 -27 -28 28 29 -31 -32 33 -34 -35
leaf_value=0.018387882227674079 -16.579814283197578 -8.7580855580922723 -13.63077674150467 4.0385511579011615 -3.5480934129714967 7.5984496259689331 -3.8658204091532848 -9.2232765105462846 -3.8956624152443626 8.446400709152222 -1.6098637632683142 3.1148739755589303 4.0048410528677483 -17.018887686956496 3.9632671827652133 4.8896905685873593 23.595575194040936 -4.2011168361845472 -2.4883188347469103 -16.932115843636652 -0.20012297312418623 11.970895167264072 -9.1491443148526272 -10.629723372989231 5.7462025926113132 -6.5948556541674064 0.22646434478759767 1.256940210703257 6.1709088337060178 -3.9023363586751425 8.8459576451778421 -10.561988356217094 5.5989705028868562 -0.69471920859714853
leaf_weight=26848 21 36 31 37 49 31 88 30 21 31 334 300 26 20 300 50 29 20 150 27 20 21 21 35 39 32 24 36 32 81 63 22 113 1567
leaf_count=26848 21 36 31 37 49 31 88 30 21 31 334 300 26 20 300 50 29 20 150 27 20 21 21 35 39 32 24 36 32 81 63 22 113 1567
internal_value=-3.04221e-05 -0.916097 -0.624444 -4.57707 -0.0687389 -3.40351 -0.840897 -1.37821 -10.4758 0.686927 -0.735026 2.17192 0.0320209 1.44308 2.20635 3.34802 11.9655 -4.25416 1.81199 -5.00231 -9.96462 4.16991 -0.00201238 -3.68857 0.46831 -10.8496 -5.09564 0.010292 2.33003 -1.02063 6.12648 -0.00701434 0.0419842 -0.83789
internal_weight=30585 1033 997 122 875 161 119 91 42 714 365 349 29552 695 622 529 79 93 450 73 47 41 28857 95 60 52 54 28762 212 113 99 28550 26961 1589
internal_count=30585 1033 997 122 875 161 119 91 42 714 365 349 29552 695 622 529 79 93 450 73 47 41 28857 95 60 52 54 28762 212 113 99 28550 26961 1589
is_linear=0
shrinkage=0.08


Tree=112
num_leaves=28
num_cat=0
split_feature=14 18 15 26 26 26 28 6 18 4 14 14 17 0 1 18 21 23 24 11 9 6 24 14 0 23 24
split_gain=136989 184884 303644 233442 478970 209918 344557 205845 173682 168919 157864 152217 212166 122232 203424 124991 118973 200866 184215 161525 121600 116302 101702 76437.4 62164.2 44817.3 19048.3
threshold=0.5441197075653279 423.63305527530787 -162.29687499999997 24896.831250000003 26259.10708333334 35522.106250000004 -0.5 1500.0150000000001 204.24844262178686 2.6050496261871845 0.42002265214761059 0.57545971316028177 339.51440598911557 0.59908397277706593 0.1341894096921071 582.23144018365736 462.65656446054874 28545.500000000004 25538.520000000004 0.48097450633130229 660.50134275000016 209.49499999999992 28172.540000000005 0.45145109200008532 0.62280897384384659 30424.500000000004 21887.480000000007
decision_type=2 2 2 2 2 2 2 2 2 2 2 2 2 2 2 2 2 2 2 2 2 2 2 2 2 2 2
left_child=1 2 10 -3 -5 6 -6 -7 11 21 -1 12 -2 16 15 22 17 20 -19 -18 -10 23 -15 -4 -17 -21 -13
right_child=8 3 9 4 5 7 -8 -9 13 -11 -12 26 -14 14 -16 24 19 18 -20 25 -22 -23 -24 -25 -26 -27 -28
leaf_value=-2.9730252080805162 -3.3271078190050627 8.4725449189685644 -0.88195088293442514 -11.505102718187416 -0.32662045083333879 -0.12380089569994265 0.74432678735069191 7.4494816354565003 1.8927962193397327 4.6861790349483492 -11.975843433198476 -3.6501717313130695 5.5926953838717557 0.3923137932623218 -5.8629358523232602 0.63326200692549994 0.37708791605631514 -8.2288859785170789 -0.014257732794398353 5.1005229918162032 7.4347559427332 -6.2139961109990658 -5.0792612976074221 -0.12478011734759559 6.122544568847208 10.893303906576973 -6.9123526455107189
leaf_weight=33 37 20 1713 22 2949 17444 5521 22 457 39 20 38 30 166 34 22 29 20 104 20 26 22 24 1700 33 20 20
leaf_count=33 37 20 1713 22 2949 17444 5521 22 457 39 20 38 30 166 34 22 29 20 104 20 26 22 24 1700 33 20 20
internal_value=-0.000143071 -0.0325488 -0.575954 0.0412479 0.0344257 0.0446572 0.371461 -0.113836 0.884375 -0.483278 -6.52918 -1.90931 0.690345 1.25165 -0.156916 0.655555 1.83238 1.4693 -1.39443 4.95976 2.20587 -0.543317 -0.321807 -0.504955 3.97735 8.19196 -4.87315
internal_weight=30585 29505 3527 25978 25958 25936 8470 17466 1080 3474 53 125 67 955 279 245 676 607 124 69 483 3435 190 3413 55 40 58
internal_count=30585 29505 3527 25978 25958 25936 8470 17466 1080 3474 53 125 67 955 279 245 676 607 124 69 483 3435 190 3413 55 40 58
is_linear=0
shrinkage=0.08


Tree=113
num_leaves=43
num_cat=0
split_feature=12 17 0 24 10 1 13 18 2 2 18 1 4 15 16 27 18 1 15 19 19 24 17 9 27 1 3 18 12 22 19 1 1 9 22 15 8 46 16 21 7 8
split_gain=143658 201884 332122 327441 353238 502314 374603 277256 467814 712827 499869 429078 509567 344029 343235 246225 296074 188980 374849 455337 322544 354288 285219 344351 285995 185001 390574 457956 222831 534976 338884 175598 150537 148088 352499 170473 115505 71658.9 86918.7 59972.1 56511.4 20629.2
threshold=0.043577155023182192 2895.5032941072968 0.44072558017973784 32568.430000000004 0.41574537013010709 0.079893348837140762 0.64434833137813563 2400.9679739864473 0.48492550601761891 0.47522395603374629 2571.5706662195612 0.024688295998884172 1.1266037918339558 39.08229166666667 2895.5032941072968 0.37940952255126054 2289.661802668134 0.059528773834004955 446.57000000000011 668.06494927022538 87.350194167814593 44737.005000000012 71.155737247132606 423.02833990000005 -0.9159756150367534 0.16073202496419656 2.4128089683941547 1848.738506876083 0.14712301409956979 3138.7538757608995 648.80539728898964 0.15364126980085169 0.072664432753199282 793.2258763000001 3078.7889885211548 -313.2545833333333 668.18643537312937 10.090850000000001 590.30592280092503 276.36463875760762 28129.700833333336 115.59212512918346
decision_type=2 2 2 2 2 2 2 2 2 2 2 2 2 2 2 2 2 2 2 2 2 2 2 2 2 2 2 2 2 2 2 2 2 2 2 2 2 2 2 2 2 2
left_child=17 7 3 31 6 -6 -5 25 9 10 -9 14 -13 -11 -10 16 -4 18 19 33 37 22 23 -22 -24 28 27 -27 30 -30 -2 36 -23 35 -35 -1 -3 38 39 -19 -39 -42
right_child=1 2 15 4 5 -7 -8 8 11 13 -12 12 -14 -15 -16 -17 -18 20 -20 -21 21 32 24 -25 -26 26 -28 -29 29 -31 -32 -33 -34 34 -36 -37 -38 40 -40 -41 41 -43
leaf_value=-3.2206079466949711 0.12066016483593053 5.8303384069962929 -9.5125773466201053 1.2162100933335565 0.74667268085479732 -11.516607987424161 -3.1991791145618147 8.744189363752092 14.832217127482098 -3.0904257710774736 -3.4888528858531607 0.87464328497274535 6.7503849328530805 -17.353930668640139 1.4227901215986773 -12.2284184047154 3.3942461669921875 -1.8021470358371736 -10.447321347323332 8.9843196458286716 -1.4677950816822705 -0.74406478776931761 0.99956282571304667 11.578352387168191 -2.4846847782891439 -0.35741830220358589 9.3284945327758795 -4.4557579647749668 0.75070950754476473 9.7628211762184325 -2.6116581264057674 10.866349320184618 7.241643345117569 0.94356008064680996 11.903669179280598 -0.054181512135938983 -2.4824078441801527 4.9938661302839007 -4.1852791333198551 0.2671453182511247 1.4968608274794464 -1.0104639229407677
leaf_weight=110 15678 21 20 332 39 46 194 34 29 20 54 637 110 24 21 27 24 99 21 35 31 24 171 21 1244 1917 24 191 2175 42 295 20 39 180 20 5536 20 27 31 864 113 25
leaf_count=110 15678 21 20 332 39 46 194 34 29 20 54 637 110 24 21 27 24 99 21 35 31 24 171 21 1244 1917 24 191 2175 42 295 20 39 180 20 5536 20 27 31 864 113 25
internal_value=-0.000151 0.10821 -1.18714 -0.632876 -1.19323 -5.94667 -0.41526 0.153553 1.5043 -2.89164 1.28269 2.23507 1.74775 -11.0833 9.33859 -6.35144 -2.55351 -0.277548 -0.0242478 0.014741 -0.833291 -1.59549 -1.84861 3.91989 -2.06321 0.0917337 -0.613137 -0.730694 0.174379 0.925764 0.0700376 4.90855 4.23538 -0.0404873 2.09334 -0.116432 1.81278 0.173393 -0.0834803 0.0527656 1.71204 1.03863
internal_weight=30585 21994 743 672 611 85 526 21251 929 132 88 797 747 44 50 71 44 8591 5902 5881 2689 1530 1467 52 1415 20322 2132 2108 18190 2217 15973 61 63 5846 200 5646 41 1159 994 963 165 138
internal_count=30585 21994 743 672 611 85 526 21251 929 132 88 797 747 44 50 71 44 8591 5902 5881 2689 1530 1467 52 1415 20322 2132 2108 18190 2217 15973 61 63 5846 200 5646 41 1159 994 963 165 138
is_linear=0
shrinkage=0.08


Tree=114
num_leaves=36
num_cat=0
split_feature=23 19 26 18 23 17 22 39 3 25 15 34 8 19 12 31 44 7 26 21 17 2 24 18 38 15 25 12 37 22 8 12 28 29 3
split_gain=133770 226270 208362 486084 453441 420489 251776 189110 256433 171885 314829 235527 385297 373214 169221 188840 367252 201876 156468 205463 155285 128785 114664 112840 103093 127380 134981 84229.5 107230 41933.9 16342.9 23671.7 15236.9 9405.84 8085.62
threshold=46979.000000000007 239.87965525133544 42927.877291666671 2289.661802668134 44726.500000000007 2148.5964702371089 2901.73681873552 6.1246390000000011 1.2524231056641475 45834.81500000001 -239.81145833333332 1.0000000180025095e-35 430.44667324903764 161.23706068859158 0.029049138842888077 0.68301270189221941 10.164503000000002 38355.679166666676 41930.707916666674 1928.8088612116624 1997.8783519999365 0.73759987123676851 38119.910000000011 1251.2166932371326 15.540659000000002 79.970208333333375 48058.480000000003 0.045913702563450197 209.50000000000003 845.50573020791228 125.91447876232259 0.075560056224619865 -0.37940952255126009 0.6078576107927941 0.74342817325585575
decision_type=2 2 2 2 2 2 2 2 2 2 2 2 2 2 2 2 2 2 2 2 2 2 2 2 2 2 2 2 2 2 2 2 2 2 2
left_child=2 23 9 6 5 22 7 20 -9 14 -11 12 -12 -13 18 17 -17 -16 19 -1 -4 24 -5 29 27 26 -26 -3 -29 32 33 -32 34 -31 -2
right_child=1 21 3 4 -6 -7 -8 8 -10 10 11 13 -14 -15 15 16 -18 -19 -20 -21 -22 -23 -24 -25 25 -27 -28 28 -30 30 31 -33 -34 -35 -36
leaf_value=-0.45894298412525764 2.1010719169676304 4.9045098147184953 0.58360216055795988 -2.7216274040478927 2.9610783660411837 -17.325686162312824 6.52202488899231 -1.4546758633473562 -8.599125906583426 -11.077628791899908 -1.1576589747113095 -1.220810783803463 7.049428439256622 -13.966181058016691 0.1687932873781762 -0.13516359806271921 -4.3164461387857038 1.0069787247956736 -6.4880533938937717 3.404171719868978 -3.7168427971204125 7.9414348012750802 -8.7021899329291461 -5.4357342751820887 -2.3684843500455224 8.5975725112422818 6.225034892870033 4.2200393458775114 -2.519035944055628 -2.4109468518770658 2.3592562284923737 -1.1687057336445512 -0.68145039013453901 -0.4485359936101096 0.4786004924135549
leaf_weight=4223 79 22 514 51 31 23 31 251 36 20 341 45 40 21 14853 7198 136 2098 26 89 59 32 35 23 23 30 22 20 53 38 20 28 20 27 27
leaf_count=4223 79 22 514 51 31 23 31 251 36 20 341 45 40 21 14853 7198 136 2098 26 89 59 32 35 23 23 30 22 20 53 38 20 28 20 27 27
internal_value=-6.74222e-05 1.34646 -0.0208541 -1.13795 -5.50259 -7.91473 -0.446745 -0.705228 -2.37759 0.0187754 -1.502 -1.04979 -0.279824 -5.42408 0.0436393 0.125855 -0.213278 0.272588 -0.416542 -0.378437 0.135095 3.35133 -5.22763 -0.206143 2.44593 4.64285 1.87679 0.681215 -0.640637 0.317675 -0.797667 0.319427 1.31635 -1.61494 1.69614
internal_weight=30585 464 30121 1031 140 109 891 860 287 29090 467 447 381 66 28623 24285 7334 16951 4338 4312 573 202 86 262 170 75 45 95 73 239 113 48 126 65 106
internal_count=30585 464 30121 1031 140 109 891 860 287 29090 467 447 381 66 28623 24285 7334 16951 4338 4312 573 202 86 262 170 75 45 95 73 239 113 48 126 65 106
is_linear=0
shrinkage=0.08


Tree=115
num_leaves=36
num_cat=0
split_feature=4 17 11 11 15 1 18 26 25 19 25 20 6 12 5 20 12 5 19 24 26 17 4 8 12 22 39 20 26 2 22 18 15 10 15
split_gain=126811 283846 336492 582005 341113 494652 289804 563154 401123 960929 548417 248193 224340 459895 1.2399e+06 459918 315611 258109 241366 213421 212938 380295 198060 171713 805805 166837 340125 331501 163272 337668 272492 210740 206806 117619 58264.5
threshold=1.0666667407409056 2895.5032941072968 0.40623933840170345 0.36423585613977738 25.517291666666701 0.048388004834240571 1627.9255476811095 29589.634583333336 28982.450000000004 560.65504025192899 29234.025000000005 1705.0540195537983 146.99499999999992 0.16426567755363614 0.085640923183617226 2408.5035798589292 0.048388004834240571 0.062068256599360695 709.18839906504832 33237.680000000008 34841.756458333337 1821.205440764641 1.1490103007456951 995.43244380087151 0.15237782536549913 2026.5888750965628 4.9507513000000012 1568.9100263186447 37341.171458333345 0.45993710123888443 3365.0980888620466 432.57552615457649 189.71854166666671 0.55250847090229327 48.166875000000005
decision_type=2 2 2 2 2 2 2 2 2 2 2 2 2 2 2 2 2 2 2 2 2 2 2 2 2 2 2 2 2 2 2 2 2 2 2
left_child=12 6 3 4 -3 -6 11 -8 9 -9 -10 25 23 14 15 17 -17 -14 -15 -4 21 -13 34 28 -25 27 -27 -2 30 33 31 -1 -31 -30 -5
right_child=1 2 19 22 5 -7 7 8 10 -11 -12 20 13 18 -16 16 -18 -19 -20 -21 -22 -23 -24 24 -26 26 -28 -29 29 32 -32 -33 -34 -35 -36
leaf_value=-0.43787896025915735 0.12164545238277105 -12.150304557866065 -1.0507383001418342 3.739980658617887 -11.311705926259359 2.6235140871534162 13.329804951349896 1.3680664888769389 11.426094544354608 -10.978666242502504 1.1679227657868618 -6.9881114866903857 -2.6950590626816999 -0.17769313418346905 -17.354448842729841 -3.7001349045248593 5.6088370915730801 -11.830336256441862 11.804957627795991 -11.317364542107832 -10.657063203894575 4.2248096587922843 -0.98575398254394531 -16.167254811162532 2.6579628357887271 -6.7427456734397202 3.9161431564155378 -5.4490790057527851 -9.5810677016865125 -0.2314237742040951 8.438481779670715 0.27294280116716496 -2.2575142543421074 -2.3473986768722535 9.4818958356303558
leaf_weight=3673 7444 28 20 21 23 50 23 127 33 58 1805 41 151 22 34 33 74 22 20 37 22 35 29 22 39 21 151 68 32 6246 24 9761 339 27 30
leaf_count=3673 7444 28 20 21 23 50 23 127 33 58 1805 41 151 22 34 33 74 22 20 37 22 35 29 22 39 21 151 68 32 6246 24 9761 339 27 30
internal_value=-0.000161029 0.232401 -2.49172 -0.787884 -4.80432 -1.86056 0.298616 1.1456 1.00056 -2.54102 1.35821 0.0758136 -0.114255 -2.10218 -3.15649 -1.37683 2.73017 -3.91808 5.67017 -7.79526 -3.90424 -1.83646 4.27958 -0.0790531 -4.28272 0.127076 2.58331 0.0704997 -0.0660846 -0.390544 0.0941127 0.0785784 -0.336055 -6.36504 7.23497
internal_weight=30585 10066 238 181 101 73 9828 2046 2023 185 1838 7782 20519 356 314 280 107 173 42 57 98 76 80 20163 61 7684 172 7512 20102 6644 13458 13434 6585 59 51
internal_count=30585 10066 238 181 101 73 9828 2046 2023 185 1838 7782 20519 356 314 280 107 173 42 57 98 76 80 20163 61 7684 172 7512 20102 6644 13458 13434 6585 59 51
is_linear=0
shrinkage=0.08


Tree=116
num_leaves=40
num_cat=0
split_feature=28 28 17 1 19 12 45 25 12 19 3 8 17 38 19 8 0 15 16 37 25 17 19 26 23 10 8 14 45 3 29 15 10 5 6 16 19 15 23
split_gain=130220 226420 340176 243400 315943 326022 226984 359323 203016 294434 228095 202401 421183 417134 352060 418149 338542 278193 182463 162397 149237 458514 439260 734572 891049 484111 440723 246372 414512 352565 207522 148987 259026 173209 141650 139350 134247 120396 54854.2
threshold=0.96592582628906831 0.9159756150367534 2231.5016179326008 0.068650442830567884 161.23706068859158 0.03544809761222794 18.583150000000003 35866.580000000009 0.045421988224254216 311.58822615612172 1.6801335669556734 385.01845853232277 1083.9811639138104 7.2245507500000006 709.18839906504832 595.16997336795305 0.39823680116665666 133.94875000000002 2111.7118711774119 239.50000000000003 30431.915000000005 28.63519445162547 215.26295192261028 36877.618125000015 32069.500000000004 0.46126724560069837 190.32265598242734 0.45145109200008532 18.786450000000006 1.5400139436404057 -0.60785761079279388 170.57583333333338 0.43965850129762107 0.037672752164470691 199.99000000000015 158.91771680779286 51.261716929759729 76.84250000000003 40080.500000000007
decision_type=2 2 2 2 2 2 2 2 2 2 2 2 2 2 2 2 2 2 2 2 2 2 2 2 2 2 2 2 2 2 2 2 2 2 2 2 2 2 2
left_child=1 20 3 8 38 -6 7 -4 10 -10 -3 18 34 14 15 -14 -15 -18 31 -20 22 -22 26 24 -24 -25 36 28 -23 -29 -28 35 -33 -34 -13 -2 -1 -37 -5
right_child=11 2 6 4 5 -7 -8 -9 9 -11 -12 12 13 16 -16 -17 17 -19 19 -21 21 27 23 25 -26 -27 30 29 -30 -31 -32 32 33 -35 -36 37 -38 -39 -40
leaf_value=0.60037122846358648 6.6536405835832868 -0.51571046244324625 3.5471581787109376 0.055613144894314424 -13.236330731131813 -3.0578233225895808 -13.050283465178115 -10.187806733449301 0.72907694601554141 7.4954156634272362 -9.184959251767113 4.7949674215770903 -3.1683778751464118 -4.9654669258811257 -8.2800706069533891 5.5762251815795905 2.6426810109317302 9.9867943655211349 -9.0255091472625733 -0.56589685440063475 11.638439556902107 0.021441676668163819 -1.4745308914967918 -16.646722323099773 5.5075648667091546 -4.5022402840176143 6.4211011590850493 0.31581991343485749 -2.1194951957543693 2.3257161120507353 1.6187271284914304 8.6591845422320901 3.7352555302397845 -1.8788056062249576 14.566458605811709 0.26944714489414184 -0.46131640545133568 -2.2792876788011687 -3.8383632476806642
leaf_weight=1092 20 261 24 313 21 259 22 23 259 48 20 20 83 21 36 59 79 57 24 35 21 16360 1256 23 128 184 88 3668 599 658 166 35 72 67 20 1796 2518 126 24
leaf_count=1092 20 261 24 313 21 259 22 23 259 48 20 20 83 21 36 59 79 57 24 35 21 16360 1256 23 128 184 88 3668 599 658 166 35 72 67 20 1796 2518 126 24
internal_value=-0.000316141 -0.0501079 -1.09167 -0.776032 -1.88468 -3.8656 -6.51407 -3.24643 0.388515 1.80791 -1.16312 0.546905 2.26081 1.31987 -1.32923 0.47853 4.31271 5.77116 0.2505 -4.10017 -0.000483674 0.0951117 -0.373807 -1.49211 -0.825278 -5.92517 0.0869224 0.0831768 -0.0542978 0.621999 3.3012 0.373689 2.6094 1.03511 9.91683 0.172132 -0.140086 0.101262 -0.232238
internal_weight=30585 28035 1274 1205 617 280 69 47 588 307 281 2550 375 335 178 142 157 136 2175 59 26761 21306 5455 1591 1384 207 3864 21285 16959 4326 254 2116 174 139 40 1942 3610 1922 337
internal_count=30585 28035 1274 1205 617 280 69 47 588 307 281 2550 375 335 178 142 157 136 2175 59 26761 21306 5455 1591 1384 207 3864 21285 16959 4326 254 2116 174 139 40 1942 3610 1922 337
is_linear=0
shrinkage=0.08


Tree=117
num_leaves=34
num_cat=0
split_feature=17 18 8 10 26 28 0 25 9 22 44 38 28 22 24 7 10 25 28 16 5 25 20 25 20 16 38 20 16 19 38 5 45
split_gain=125459 427941 475684 596934 575237 435872 469697 653440 449239 408081 266533 235045 223654 311767 548098 780608 371415 553341 239469 261258 474833 430696 195425 606446 1.26854e+06 374802 190241 185572 187908 199220 147952 101821 49237.9
threshold=2131.9594740145162 1827.0680963295231 777.36461542940708 0.52182306114019805 35858.782916666671 0.98296291314453432 0.41172316266435438 36027.805000000008 512.29685360000019 2914.9447574641049 1.0736411000000003 7.5426510000000011 0.78656609248549303 3172.4707332756129 30217.440000000006 27038.795000000002 0.48640007435158544 31814.485000000004 -0.9829629131445341 2567.8214038401825 0.014058026991247403 35423.095000000008 1861.727593162658 28982.450000000004 2148.8306457830718 1039.4924051361979 7.0548860000000007 1840.7697723346903 2231.5016179326008 739.19286622200468 5.3765740000000006 0.057058875685250456 18.317500000000003
decision_type=2 2 2 2 2 2 2 2 2 2 2 2 2 2 2 2 2 2 2 2 2 2 2 2 2 2 2 2 2 2 2 2 2
left_child=1 22 5 4 11 6 7 -3 -8 31 -2 -4 18 14 -14 -16 17 -15 26 20 -20 -21 27 30 25 -25 -12 28 29 -1 -24 -7 -28
right_child=10 2 3 -5 -6 9 8 -9 -10 -11 12 -13 13 16 15 -17 -18 -19 19 21 -22 -23 23 24 -26 -27 32 -29 -30 -31 -32 -33 -34
leaf_value=-0.024475057904781189 -8.879233516057333 13.055302491328296 20.348755754743305 -2.1150461784568995 0.49852138372567989 -0.24040250020868636 4.4139001831122204 1.685320035274172 -0.89563088673404434 14.826144362229568 0.96598652755220726 8.4725432447953661 -15.779633275812323 -10.41754130045573 9.8044996695682922 -4.0707514477074147 8.3203344845771792 0.96155653294920929 -4.6274669659391359 -4.7276614823402507 1.2870953741293558 -0.24067511607981709 -12.685246558189393 6.7339141256159012 13.014708645160381 -4.4985789854658975 -4.760863258725121 6.0755354511737822 -6.2451204275315808 4.3436995785271941 -5.0202508956507632 6.3116018295288088 -10.627565427033799
leaf_weight=24997 23 33 27 36 25 33 112 682 1046 25 23 21 21 32 28 249 31 159 93 155 1148 1120 31 21 38 143 20 31 30 66 37 27 22
leaf_count=24997 23 33 27 36 25 33 112 682 1046 25 23 21 21 32 28 249 31 159 93 155 1148 1120 31 21 38 143 20 31 30 66 37 27 22
internal_value=-0.000320347 0.0543348 1.16097 6.2806 10.3935 0.87291 0.616862 2.22759 -0.378736 6.44222 -0.480621 15.4319 -0.415486 -1.92742 -3.61374 -2.63798 0.342246 -0.989218 -0.110244 0.0145327 0.840492 -0.789429 -0.0357848 -2.17259 0.0390363 -3.02818 -4.8671 -0.0127356 -0.0204989 -0.0127992 -8.64779 2.76313 -8.00958
internal_weight=30585 27461 2067 109 73 1958 1873 715 1158 85 3124 48 3101 520 298 277 222 191 2581 2516 1241 1275 25394 270 202 164 65 25124 25093 25063 68 60 42
internal_count=30585 27461 2067 109 73 1958 1873 715 1158 85 3124 48 3101 520 298 277 222 191 2581 2516 1241 1275 25394 270 202 164 65 25124 25093 25063 68 60 42
is_linear=0
shrinkage=0.08


Tree=118
num_leaves=36
num_cat=0
split_feature=14 16 46 14 22 45 0 32 28 19 19 6 0 28 28 17 26 17 26 28 16 19 6 44 11 19 19 1 22 24 23 9 12 28 1
split_gain=117100 165924 296896 245952 164415 142744 244705 236425 1.04359e+06 1.53719e+06 593352 231656 347079 219338 204709 215499 153836 142916 142650 137305 175373 154542 142358 124289 194712 92451.9 370116 219299 164374 75177.1 71421.2 55101.6 52416.2 43838.4 25868.2
threshold=0.5487888710702068 363.07203699229211 21.231650000000005 0.49378626564109918 477.77649752343444 19.747150000000001 0.57197458205021123 -0.68301270189221952 0.25881904510252057 472.37178621456525 520.41605753204374 1250.0050000000003 0.51698655354599754 0.37940952255126043 0.1294095225512602 708.38713674120231 37945.88520833334 642.15198826636299 35688.278958333343 0.37940952255126043 1341.4782212663174 375.17067062483983 234.81500000000008 14.510822000000003 0.4301313879905595 866.73822657055348 687.63510778768716 0.20179298745144222 1879.4338978542664 26877.145000000004 23865.000000000004 158.49387415000004 0.11836566857233882 0.37940952255126043 0.083507438368042142
decision_type=2 2 2 2 2 2 2 2 2 2 2 2 2 2 2 2 2 2 2 2 2 2 2 2 2 2 2 2 2 2 2 2 2 2 2
left_child=1 2 25 -4 30 7 14 8 10 -10 -3 13 -13 -9 16 -16 -7 -8 -19 20 23 22 31 24 -6 26 28 -27 -1 -23 34 -21 -25 -32 -2
right_child=4 5 3 -5 19 6 17 11 9 -11 -12 12 -14 -15 15 -17 -18 18 -20 21 -22 29 -24 32 -26 27 -28 -29 -30 -31 33 -33 -34 -35 -36
leaf_value=-0.47737314375306333 -6.2929581551324763 -0.22574337834025426 -11.689581911904472 -1.5125729021344867 -3.522841996743646 -2.08429339722991 -0.75885997575872088 0.11617612416806811 1.2366722886933428 9.8796432689282536 -6.1702134841197243 8.0625641033696205 -3.8266378054411514 -0.42902055620763913 7.0619966576316147 0.2659723989872993 4.393908337402344 -10.931565885543824 -2.630749224853516 5.0935087844653006 -6.4178349834939707 2.6546702194213867 -3.9099854351924019 2.1124844173284676 1.0462210167566937 -9.3185445650418597 7.1756539658308034 1.9429435439336868 -4.8299666789540074 9.0277822925198468 1.9720676368474961 1.8151504854779494 7.6558905837649389 -2.6670244908332825 -2.6132057259533856
leaf_weight=2178 20 3378 27 34 70 399 33 12630 2520 138 110 50 22 7542 32 315 24 31 24 38 22 21 25 25 374 23 39 20 56 30 31 227 20 21 36
leaf_count=2178 20 3378 27 34 70 399 33 12630 2520 138 110 50 22 7542 32 315 24 31 24 38 22 21 25 25 374 23 39 20 56 30 31 227 20 21 36
internal_value=-0.000228641 -0.0284206 -0.669289 -6.13304 0.868882 0.0275086 -0.987377 0.060541 0.495077 1.68895 -0.414927 -0.0714005 4.4271 -0.0876757 -0.527596 0.911187 -1.70724 -4.95933 -7.42105 1.24198 0.410741 2.48276 1.75547 0.730427 0.319576 -0.522797 -0.452277 -4.15553 -0.588592 6.50508 -2.0588 2.30264 4.68909 0.0836156 -4.01475
internal_weight=30585 29625 2377 61 960 27248 858 26390 6146 2658 3488 20244 72 20172 770 347 423 88 55 852 511 341 290 489 444 2316 2273 43 2234 51 108 265 45 52 56
internal_count=30585 29625 2377 61 960 27248 858 26390 6146 2658 3488 20244 72 20172 770 347 423 88 55 852 511 341 290 489 444 2316 2273 43 2234 51 108 265 45 52 56
is_linear=0
shrinkage=0.08


Tree=119
num_leaves=46
num_cat=0
split_feature=30 8 7 24 38 44 28 19 27 29 17 38 4 17 18 4 28 38 27 17 20 28 10 11 17 19 26 8 38 21 3 26 27 24 10 2 0 17 7 3 28 6 26 16 45
split_gain=116122 290835 957601 391867 343978 454076 321290 599962 970192 690236 287261 283864 275576 270281 426831 370320 380246 380168 378280 304085 303115 716576 462194 332429 330598 956527 266428 260504 244046 239725 221412 322792 500917 392412 216134 347204 311894 187031 197770 168288 756132 145586 107801 94083.2 78706
threshold=-0.56174490092936669 576.58915984026874 32234.375833333335 37982.760000000002 6.2677238000000006 4.2364688000000017 -0.9159756150367534 252.26299266618435 1.0000000180025095e-35 1.0000000180025095e-35 2507.049509271968 7.6432585000000008 0.80001195639273681 2895.5032941072968 1767.0654930259393 0.29372940141148868 0.98296291314453432 4.464591050000001 0.98296291314453432 2700.8174739057463 2090.2316523934774 0.1294095225512602 0.37409567837197705 0.38303735786906362 2921.6531414937131 472.37178621456525 35858.782916666671 472.40360327348986 7.0548860000000007 1150.1421784518668 1.1245618807281184 35858.782916666671 0.60355339059327384 30419.275000000005 0.3562490202484922 0.66153366022380411 0.44072558017973784 769.65130724078085 34958.395833333336 1.3470436256828324 0.1294095225512602 1500.0150000000001 26259.10708333334 1627.7543623828017 19.706800000000005
decision_type=2 2 2 2 2 2 2 2 2 2 2 2 2 2 2 2 2 2 2 2 2 2 2 2 2 2 2 2 2 2 2 2 2 2 2 2 2 2 2 2 2 2 2 2 2
left_child=1 6 4 28 5 -3 7 43 9 -9 -5 -6 -7 14 19 -16 18 -18 -17 39 21 22 -15 -24 25 27 -12 -22 -4 -10 37 32 -32 -33 35 -26 -36 42 -39 41 -41 -2 -8 44 -1
right_child=13 2 3 10 11 12 30 8 29 -11 26 -13 -14 20 15 16 17 -19 -20 -21 24 -23 23 -25 34 -27 -28 -29 -30 -31 31 33 -34 -35 36 -37 -38 38 -40 40 -42 -43 -44 -45 -46
leaf_value=-0.069596939853599646 0.089747124344156895 -14.729452126242897 11.881325043360391 -7.3792232670503504 -18.489404556839556 -9.3915987141927086 3.0365730128790207 -18.008750307122053 -5.2371917930978249 -3.4209288546913545 -5.175366683959961 -5.527772006080264 1.3889726281599566 -11.450437533968971 -7.2578776017357329 0.73031357723634627 -0.75612388644107553 8.5487706434159048 4.9696398812952172 -8.4772465599907765 -3.2140583781401317 -17.582481473286947 -4.7830895042419437 8.2798633088736704 -7.6789800749884716 -17.568559761047364 5.016443883577983 7.4688978413173128 1.2388426660608363 1.0830046460261711 1.3411844668776227 -5.5859884994617408 9.3490484342430573 0.56068200294311776 1.6412543949719489 2.5811972623552597 -3.5492729916779893 -1.8836663442803607 -0.066356249840259549 -3.127794775048967 1.0676677702033002 -6.1454784782727563 -0.0079320869018704807 -5.0507859519675922 -3.8493418100234624
leaf_weight=750 17015 21 29 33 26 20 75 48 60 37 24 20 54 20 33 2642 42 83 141 26 47 23 21 28 53 27 47 20 26 103 208 68 65 1816 380 34 91 784 749 526 574 23 3611 26 36
leaf_count=750 17015 21 29 33 26 20 75 48 60 37 24 20 54 20 33 2642 42 83 141 26 47 23 21 28 53 27 47 20 26 103 208 68 65 1816 380 34 91 784 749 526 574 23 3611 26 36
internal_value=-0.000233358 -0.246737 -2.69028 1.565 -7.46602 -4.63415 -0.159532 -1.46119 -4.89663 -11.7724 -1.32846 -13.0914 -1.61107 0.0983345 0.151191 1.04511 1.1418 5.44114 0.946806 0.00640358 -1.39924 -5.67259 -1.50816 2.69776 -0.788493 -5.15103 1.54729 0.0378243 6.96229 -1.2612 0.0277015 0.709301 3.27498 0.335982 -0.0456855 -3.68549 0.633019 -0.254084 -0.996379 0.0190312 -0.939545 0.0809699 0.054822 -0.407213 -0.247386
internal_weight=30585 8736 300 159 141 95 8436 1060 248 85 104 46 74 21849 21105 2941 2908 125 2783 18164 744 92 69 49 652 94 71 67 55 163 7376 2157 273 1884 558 87 471 5219 1533 18138 1100 17038 3686 812 786
internal_count=30585 8736 300 159 141 95 8436 1060 248 85 104 46 74 21849 21105 2941 2908 125 2783 18164 744 92 69 49 652 94 71 67 55 163 7376 2157 273 1884 558 87 471 5219 1533 18138 1100 17038 3686 812 786
is_linear=0
shrinkage=0.08


Tree=120
num_leaves=42
num_cat=0
split_feature=12 3 17 28 44 15 22 28 39 23 0 3 24 21 18 6 3 19 7 9 20 10 6 18 44 37 6 6 19 17 18 11 16 15 17 22 37 44 10 7 6
split_gain=123968 369467 300777 339077 265763 422651 234796 568802 945263 547192 520062 487320 573641 281579 385044 487110 227013 349973 462584 770705 585704 470041 351235 332975 264110 272845 304038 240316 233063 325586 224158 221725 197460 192154 211811 175009 170244 142906 139512 136437 131093
threshold=0.07436714417029168 2.4674322294762998 2443.5219297118733 -0.70710678118654757 8.4254985000000016 253.41812500000006 3097.2802626377347 0.25881904510252057 8.3036965000000027 28545.500000000004 0.34000396262040961 2.2824269971427964 34821.19000000001 1663.9685260584599 2098.749426794398 450.00000000000011 2.4674322294762998 441.98575352340697 24131.927500000002 534.91877800000009 2172.4347226435725 0.37227560280432642 -94.179999999999993 2374.987419907327 12.021958500000002 148.50000000000003 188.04500000000016 -799.99999999999977 631.09926442692938 2111.7118711774119 2438.4874958489418 0.35067505116490988 2345.2743751583434 170.57583333333338 1845.9241844862479 3078.7889885211548 150.50000000000003 3.1152860000000007 0.40186046283341531 34392.030833333345 276.16000000000014
decision_type=2 2 2 2 2 2 2 2 2 2 2 2 2 2 2 2 2 2 2 2 2 2 2 2 2 2 2 2 2 2 2 2 2 2 2 2 2 2 2 2 2
left_child=16 6 -3 -4 5 -5 13 8 10 -10 -8 12 -9 14 32 -16 17 24 20 22 -19 -21 -20 38 27 26 -26 37 29 -25 -6 -31 -2 40 -35 -29 -27 -1 39 -18 -15
right_child=1 2 3 4 30 -7 7 11 9 -11 -12 -13 -14 33 15 -17 23 18 19 21 -22 -23 -24 28 25 36 -28 35 -30 31 -32 -33 -34 34 -36 -37 -38 -39 -40 -41 -42
leaf_value=1.860250585151441 0.11847931961117497 5.2410240408090445 -11.793581199645997 -9.1293573897632196 7.4949496559474778 1.3155847282409667 3.0664380284359578 -1.201309087547239 -5.8297694466330787 7.3896827165100927 -5.4706694986603477 -9.1620803993626652 5.728283523087649 5.9541708569054128 -4.5443383469301111 2.1402880501987958 12.979957266587478 -2.5815197976430255 1.0419435228620257 -5.1500945191667578 15.802510281517394 -0.046168203295730965 -10.62951427163018 9.2713121953503848 1.6157714086214703 -6.3013992325464878 8.6863981671603216 -0.26138987508388978 -6.8396928924560552 4.5186532326900597 -1.7342572949424622 -0.70587675873114142 2.8390548799044826 -7.3468482753208706 2.7663966882228852 2.1613134715852049 0.47643038936437548 -3.9178868972418601 1.7083548164367677 4.340916948127747 0.64358025596255342
leaf_weight=32 13092 25 29 66 22 39 94 360 21 257 87 37 96 110 237 98 25 23 20 150 20 491 89 28 149 23 52 11696 24 65 62 244 172 20 35 193 2040 170 27 24 41
leaf_count=32 13092 25 29 66 22 39 94 360 21 257 87 37 96 110 237 98 25 23 20 150 20 491 89 28 149 23 52 11696 24 65 62 244 172 20 35 193 2040 170 27 24 41
internal_value=-0.000542134 0.163624 -2.92401 -3.88002 -2.61009 -5.274 0.214662 1.42916 3.45256 6.37377 -1.04455 -0.457871 0.266895 0.130812 0.086231 -2.58829 -0.158546 -0.21045 -1.84541 -2.31046 6.13401 -1.2467 -8.49796 1.63699 -0.120009 0.672806 3.47893 -0.268504 0.616484 1.16615 0.742655 0.404166 0.15397 3.05918 -0.97667 -0.221882 0.397849 -2.99788 6.41345 8.92004 4.52594
internal_weight=30585 15000 243 218 189 105 14757 952 459 278 181 493 456 13805 13599 335 15585 15148 793 750 43 641 109 437 14355 2264 201 12091 361 337 84 309 13264 206 55 11889 2063 202 76 49 151
internal_count=30585 15000 243 218 189 105 14757 952 459 278 181 493 456 13805 13599 335 15585 15148 793 750 43 641 109 437 14355 2264 201 12091 361 337 84 309 13264 206 55 11889 2063 202 76 49 151
is_linear=0
shrinkage=0.08


end of trees

feature_importances:
price_ptf_rolling_std_24h=394
hour_cos=345
price_ptf_lag_168h=313
renewable_saturation=306
thermal_gap=292
price_ptf_rolling_mean_24h=284
price_ptf_rolling_max_24h=284
price_ptf_lag_24h=235
renewable_saturation_lag_24h=226
price_ptf_rolling_min_24h=214
price_volatility_lag24h=179
hour_sin=172
spark_spread_proxy=154
consumption_rolling_mean_24h=142
consumption_lag_168h=141
price_ptf_rolling_mean_168h=134
system_short_signal=121
reserve_margin_ratio_rolling_mean_24h=120
system_short_signal_rolling_mean_24h=120
renewable_capacity_share=117
realtime_premium_lag24h=109
temp_national=106
consumption_forecast=102
reserve_margin_ratio=95
reserve_margin_ratio_lag_168h=86
temp_lag_24h=86
consumption_lag_24h=79
import_cost_proxy=78
reserve_margin_ratio_lag_24h=78
dow_cos_x=75
USD_TRY=73
day_of_year=69
EUR_TRY=66
dow_sin_x=62
load_factor=54
HDD=41
day_of_week=35
load_factor_lag_24h=30
is_holiday_hour=18
month_cos=17
month_sin=16
is_holiday_day=14
heat_index=10
is_weekend_x=2

parameters:
[boosting: gbdt]
[objective: regression]
[metric: l1]
[tree_learner: serial]
[device_type: cpu]
[data_sample_strategy: bagging]
[data: ]
[valid: ]
[num_iterations: 800]
[learning_rate: 0.08]
[num_leaves: 63]
[num_threads: 11]
[seed: 42]
[deterministic: 0]
[force_col_wise: 0]
[force_row_wise: 1]
[histogram_pool_size: -1]
[max_depth: 6]
[min_data_in_leaf: 20]
[min_sum_hessian_in_leaf: 0.001]
[bagging_fraction: 0.9]
[pos_bagging_fraction: 1]
[neg_bagging_fraction: 1]
[bagging_freq: 0]
[bagging_seed: 400]
[bagging_by_query: 0]
[feature_fraction: 0.8]
[feature_fraction_bynode: 1]
[feature_fraction_seed: 30056]
[extra_trees: 0]
[extra_seed: 12879]
[early_stopping_round: 0]
[early_stopping_min_delta: 0]
[first_metric_only: 0]
[max_delta_step: 0]
[lambda_l1: 0]
[lambda_l2: 1]
[linear_lambda: 0]
[min_gain_to_split: 0]
[drop_rate: 0.1]
[max_drop: 50]
[skip_drop: 0.5]
[xgboost_dart_mode: 0]
[uniform_drop: 0]
[drop_seed: 17869]
[top_rate: 0.2]
[other_rate: 0.1]
[min_data_per_group: 100]
[max_cat_threshold: 32]
[cat_l2: 10]
[cat_smooth: 10]
[max_cat_to_onehot: 4]
[top_k: 20]
[monotone_constraints: ]
[monotone_constraints_method: basic]
[monotone_penalty: 0]
[feature_contri: ]
[forcedsplits_filename: ]
[refit_decay_rate: 0.9]
[cegb_tradeoff: 1]
[cegb_penalty_split: 0]
[cegb_penalty_feature_lazy: ]
[cegb_penalty_feature_coupled: ]
[path_smooth: 0]
[interaction_constraints: ]
[verbosity: -1]
[saved_feature_importance_type: 0]
[use_quantized_grad: 0]
[num_grad_quant_bins: 4]
[quant_train_renew_leaf: 0]
[stochastic_rounding: 1]
[linear_tree: 0]
[max_bin: 255]
[max_bin_by_feature: ]
[min_data_in_bin: 3]
[bin_construct_sample_cnt: 200000]
[data_random_seed: 175]
[is_enable_sparse: 1]
[enable_bundle: 1]
[use_missing: 1]
[zero_as_missing: 0]
[feature_pre_filter: 1]
[pre_partition: 0]
[two_round: 0]
[header: 0]
[label_column: ]
[weight_column: ]
[group_column: ]
[ignore_column: ]
[categorical_feature: ]
[forcedbins_filename: ]
[precise_float_parser: 0]
[parser_config_file: ]
[objective_seed: 16083]
[num_class: 1]
[is_unbalance: 0]
[scale_pos_weight: 1]
[sigmoid: 1]
[boost_from_average: 1]
[reg_sqrt: 0]
[alpha: 0.9]
[fair_c: 1]
[poisson_max_delta_step: 0.7]
[tweedie_variance_power: 1.5]
[lambdarank_truncation_level: 30]
[lambdarank_norm: 1]
[label_gain: ]
[lambdarank_position_bias_regularization: 0]
[eval_at: ]
[multi_error_top_k: 1]
[auc_mu_weights: ]
[num_machines: 1]
[local_listen_port: 12400]
[time_out: 120]
[machine_list_filename: ]
[machines: ]
[gpu_platform_id: -1]
[gpu_device_id: -1]
[gpu_use_dp: 0]
[num_gpu: 1]

end of parameters

pandas_categorical:[]
