tree
version=v4
num_class=1
num_tree_per_iteration=1
label_index=0
max_feature_idx=26
objective=regression
feature_names=reserve_margin_ratio renewable_saturation load_factor spark_spread_proxy realtime_premium_lag24h system_short_signal thermal_gap price_volatility_lag24h price_ptf_lag_24h price_ptf_lag_168h price_ptf_rolling_mean_24h price_ptf_rolling_std_24h consumption_forecast consumption_lag_24h hour_sin hour_cos dow_sin_x dow_cos_x month_sin month_cos is_weekend_x is_holiday_day day_of_week temp_national HDD CDD USD_TRY
feature_infos=[0.10296164692965946:0.70241138145944593] [0.0021784835942654911:0.31010744646373994] [0.29758861854055407:0.89703835307034052] [0:2.6401914138775062] [0.10000000000000001:10] [-4150:4300.0100000000002] [15071.275:52990.050000000003] [0:1359.6180822608026] [0:3444.3599598399201] [0:3444.3599598399201] [36.979077484800428:3298.8255837588599] [0:1359.6180822608026] [17237:55243] [15333.299999999999:55575.019999999997] [-1:1] [-1:1] [-0.97492791218182362:0.97492791218182362] [-0.90096886790241903:1] [-1:1] [-1:1] [0:1] [0:1] [0:6] [-2.2555740000000002:18.692222999999998] [0:20.255572999999998] none [5.8529:26.031199999999998]
tree_sizes=5115 5457 5064 5218 5437 5336 4957 5376 5222 5153 5143 5038 5056 5023 4686 5050 5272 5202 5209 5005 5236 4970 4931 5088 5194 5335 4304 4403 4721 4380 4553 4683 4530 4455 5102 4521 4155 4948 3224 3861 4339 3518 3234 3391 4509 3429 4785 3615 4003 3111 3319 3786 3842 3689 2955 3668 4258 2524 2962 3264 3738 4063 2789 3952 2836 4027 2888 3103

Tree=0
num_leaves=58
num_cat=0
split_feature=10 10 9 10 8 9 8 6 8 9 10 8 10 9 6 6 6 0 8 6 9 10 8 1 9 1 1 8 8 6 0 9 10 9 6 9 8 9 11 23 8 1 11 8 10 1 1 9 10 1 26 9 6 8 6 5 8
split_gain=1.13146e+10 1.6387e+09 1.20874e+09 2.29096e+08 2.07246e+08 1.70241e+08 1.3482e+08 8.21727e+07 7.23584e+07 4.37933e+07 4.3166e+07 4.25417e+07 3.75642e+07 3.66835e+07 3.28249e+07 3.18369e+07 3.10294e+07 2.81395e+07 2.16826e+07 2.15146e+07 2.27363e+07 1.97899e+07 1.65648e+07 1.61886e+07 1.5287e+07 1.47645e+07 1.4541e+07 1.39246e+07 1.18985e+07 1.17592e+07 1.05232e+07 1.04491e+07 9.82282e+06 9.32551e+06 8.73955e+06 8.28863e+06 8.11943e+06 7.82884e+06 7.55899e+06 7.26453e+06 6.56374e+06 6.55714e+06 6.18025e+06 5.85122e+06 5.61237e+06 5.16458e+06 5.07012e+06 5.04989e+06 4.78605e+06 4.73126e+06 4.06669e+06 3.80639e+06 3.80194e+06 2.97007e+06 2.79395e+06 2.22674e+06 2.16834e+06
threshold=1381.6118996345785 764.00236317173085 2148.5964702371089 1962.7455307003709 2626.1050338120644 1133.1627061669908 520.53403998596036 27176.583333333336 1679.8958772287044 2626.1050338120644 363.50138822157817 942.61101605018291 2471.3939942877191 2921.6531414937131 26644.033333333336 30375.340833333335 24980.067500000005 0.46354000387391053 2970.0870861186709 29315.593333333338 1420.263053060253 1827.0680963295231 753.39488002536666 0.14844847440593664 446.1872835029489 0.17475777883368729 0.16412451633533634 1699.6209308463654 1234.7430767968854 23768.352500000005 0.43747898452485617 1603.25204566808 2228.4778661858099 598.93948057395687 23379.125000000004 833.07698719773896 1860.6573161070698 3005.0980100075335 520.41605753204374 7.5886932500000013 2626.1050338120644 0.12428960263369709 286.94712952411214 1257.8883593046228 1104.6751303923145 0.16823590160644428 0.24704976018373964 910.35760903550988 582.23144018365736 0.11343215125001936 18.613500000000005 439.60165944303247 27999.430833333336 2762.2196417614418 35093.708333333343 -269.97499999999997 304.3907199453833
decision_type=2 2 2 2 2 2 2 2 2 2 2 2 2 2 2 2 2 2 2 2 2 2 2 2 2 2 2 2 2 2 2 2 2 2 2 2 2 2 2 2 2 2 2 2 2 2 2 2 2 2 2 2 2 2 2 2 2
left_child=1 6 3 8 7 11 10 25 16 21 34 33 17 19 -6 29 46 40 32 27 -21 -9 48 -19 52 50 28 -7 -13 -10 53 -18 -16 44 56 -26 -17 -11 -32 -27 -5 -20 -28 45 -3 -24 -2 -35 55 -45 -4 -36 -12 -14 -50 -8 -1
right_child=2 5 4 12 14 13 22 9 15 37 24 26 30 -15 18 36 31 23 41 20 -22 -23 43 -25 35 39 42 -29 -30 -31 38 -33 -34 47 51 -37 -38 -39 -40 -41 -42 -43 -44 49 -46 -47 -48 -49 54 -51 -52 -53 -54 -55 -56 -57 -58
leaf_value=929.19199135415624 1031.8064268511796 981.80124896856432 1111.5835161488826 1121.960892849595 1071.826100339051 1016.3717612584485 939.34282192562523 1109.7027816844488 1006.1385691606275 1168.5517798215064 952.37787250667179 1016.7164094891889 1150.5648973391519 1154.0264018642413 1151.8817607604376 1089.1806557948373 1062.9696617054378 1100.790655773111 1219.5788136248441 1037.9826486000115 1062.0574272124265 1147.0423062271898 992.2252867122902 1048.8301731922213 963.20177451105394 1001.2275914565284 1006.5655041549971 1065.4559326774377 1034.9670846455244 1072.9399915568204 1141.4343302378832 1079.7054988757 1192.0050662557865 999.16162703551277 943.66804546398919 985.49929175221041 1107.8139706929755 1202.1399593001249 1101.7312028212914 1073.6306144321611 1158.5400114163103 1188.5020308475885 965.81268572113595 1051.4735825114103 1017.8349828314633 953.43006399783667 989.97959965868063 1010.1904209775327 976.96033731226805 993.74860778166033 1061.9507243487776 957.35835515608733 958.85746003131567 1184.517012937237 988.29447801853382 971.30143916865029 944.48680848511617
leaf_weight=433 133 366 64 521 21 521 24 190 28 379 1791 974 112 27 91 390 1421 450 563 1779 504 757 1042 71 6966 32 106 64 563 374 233 521 540 1347 547 176 723 120 73 23 64 132 57 29 49 35 36 603 590 26 26 390 2246 72 370 629 171
leaf_count=433 133 366 64 521 21 521 24 190 28 379 1791 974 112 27 91 390 1421 450 563 1779 504 757 1042 71 6966 32 106 64 563 374 233 521 540 1347 547 176 723 120 73 23 64 132 57 29 49 35 36 603 590 26 26 390 2246 72 370 629 171
internal_value=1017.92 981.228 1118.74 1089.85 1170.05 1021.52 963.094 1145.43 1075.92 1152.64 958.755 1008.33 1121.43 1040.05 1199.01 1092.61 1063.91 1111.01 1200.99 1038.93 1043.31 1139.66 983.215 1093.78 960.932 1073.15 1020.39 1021.81 1023.41 1068.27 1144.71 1067.49 1186.44 999.655 943.012 963.747 1101.35 1176.98 1132.27 1031.96 1126.2 1213.93 992.084 992.53 986.045 990.906 1022.78 1002.57 976.698 1024.24 1097.89 949.296 955.967 1164.68 981.293 970.009 933.394
internal_weight=30585 22425 8160 5222 2938 6960 15465 1591 3626 1446 12720 4065 1596 2895 1347 1515 2111 1106 1326 2868 2283 947 2745 521 11179 145 1700 585 1537 402 490 1942 631 2365 1541 7142 1113 499 306 55 585 695 163 1132 415 1077 169 1950 1613 55 90 937 4037 184 960 653 604
internal_count=30585 22425 8160 5222 2938 6960 15465 1591 3626 1446 12720 4065 1596 2895 1347 1515 2111 1106 1326 2868 2283 947 2745 521 11179 145 1700 585 1537 402 490 1942 631 2365 1541 7142 1113 499 306 55 585 695 163 1132 415 1077 169 1950 1613 55 90 937 4037 184 960 653 604
is_linear=0
shrinkage=1


Tree=1
num_leaves=62
num_cat=0
split_feature=8 26 8 8 6 8 8 8 12 7 7 18 15 6 11 6 1 8 18 6 15 6 6 8 6 18 8 19 6 17 6 26 3 6 12 1 12 1 8 6 19 7 8 26 6 22 11 12 6 2 11 6 6 8 11 1 7 11 26 11 8
split_gain=8.67696e+09 1.50249e+09 9.27501e+08 1.59062e+08 1.56224e+08 1.43829e+08 1.38235e+08 8.18386e+07 6.18278e+07 7.2808e+07 4.11154e+07 3.96636e+07 3.86603e+07 3.77804e+07 3.55988e+07 3.24622e+07 2.60177e+07 2.49915e+07 2.46309e+07 2.21703e+07 2.17116e+07 2.09355e+07 1.78122e+07 1.64265e+07 1.61623e+07 1.57314e+07 1.41923e+07 1.33043e+07 1.31834e+07 1.28072e+07 1.27584e+07 1.22902e+07 1.11253e+07 1.10284e+07 8.61362e+06 8.61142e+06 8.42413e+06 8.41371e+06 8.07885e+06 6.83157e+06 6.61552e+06 6.4602e+06 5.39511e+06 5.37351e+06 4.87772e+06 3.94052e+06 3.25916e+06 2.7524e+06 2.68276e+06 2.55321e+06 2.39817e+06 1.95474e+06 1.94294e+06 1.91682e+06 1.64282e+06 1.53599e+06 1.0504e+06 1.03871e+06 1.03207e+06 960524 103512
threshold=1420.263053060253 8.8883500000000009 2273.1114059773076 1743.9111632769943 28129.700833333336 968.67081498696814 520.53403998596036 2863.635411009132 34330.500000000007 509.56792670586901 576.58915984026874 -0.5 -0.37940952255126009 33635.465833333343 668.06494927022538 27538.727500000005 0.18058820999331973 1234.7430767968854 -0.5 21696.998333333337 -0.37940952255126009 24460.21166666667 26134.245000000006 753.39488002536666 26304.932500000003 -0.5 304.3907199453833 0.6830127018922193 25539.136666666669 0.81174490092936691 28807.868333333336 18.160600000000006 2.5750175502600348 25433.005000000005 31636.500000000004 0.11269189017778734 33105.500000000007 0.10512061028448023 2536.291659429196 25433.005000000005 0.6830127018922193 325.12058066250438 466.16131816231001 17.936000000000003 31019.798333333336 5.5000000000000009 456.93634900424689 44332.500000000007 22031.844166666669 0.69088170037024266 924.74512740195235 38509.695000000007 31575.602500000005 437.67830574454473 520.41605753204374 0.15364126980085169 85.318891209691301 544.86233109898774 8.2407500000000002 92.730633057035718 822.73278426324293
decision_type=2 2 2 2 2 2 2 2 2 2 2 2 2 2 2 2 2 2 2 2 2 2 2 2 2 2 2 2 2 2 2 2 2 2 2 2 2 2 2 2 2 2 2 2 2 2 2 2 2 2 2 2 2 2 2 2 2 2 2 2 2
left_child=1 6 3 11 14 8 15 38 12 29 17 22 30 20 39 26 37 24 31 -14 34 46 -2 49 -7 -11 48 -23 -22 -10 -3 -15 45 50 -5 -24 -18 -12 43 57 -20 -19 52 -6 -40 -9 -13 -44 -1 56 -16 58 -17 -28 -41 -34 -8 -4 -25 -51 -53
right_child=2 5 4 13 7 10 23 32 9 25 16 21 19 18 33 42 36 41 40 -21 28 27 35 51 -26 -27 53 -29 -30 -31 -32 -33 55 -35 -36 -37 -38 -39 44 54 -42 -43 47 -45 -46 -47 -48 -49 -50 59 -52 60 -54 -55 -56 -57 -58 -59 -60 -61 -62
leaf_value=-80.54545709151256 16.642367033524945 -64.075879883667241 71.451163250467047 -8.3124105453491222 98.347576032366078 -18.233945896527079 -42.116853002417692 161.93715203679449 -7.8663587471208194 136.97057059151788 95.669277311364809 9.5576858197649326 -55.471711228533493 105.39782717314809 2.8716324488321945 -54.774604628548211 -36.725158633607805 21.31116877131922 83.252864571517762 -11.331127425679203 45.060132408328357 43.314775324781564 112.88383271066766 -39.521651101619646 10.57615479541246 56.650181295560756 -60.481912050965015 80.472612951334241 80.047090920802702 14.479918783934494 -20.516763522227606 150.22301054609585 184.94537987402597 51.902202158707837 48.315172702776941 67.652110285229156 44.308272407168431 53.103854325238402 116.88768964973656 113.08778221493677 105.75903058162956 40.593956438123875 -47.773723575618718 126.10289874426144 144.33566339807453 131.4882613942593 -31.298393724903917 -17.147801828384399 -68.164618782696706 -39.646011499258194 -42.199244658152267 -19.820409172321192 -50.555224811723534 -54.328888997656435 85.11994231651569 152.79049054991523 -35.700631325315719 37.686408762137098 -23.692596761631929 -23.970214247270064 -16.413962421942195
leaf_weight=315 32 240 22 32 104 220 452 582 788 34 95 47 122 246 23 2331 32 1896 942 1538 127 1951 132 46 1641 91 1301 102 921 379 95 93 388 38 158 71 20 101 110 83 171 192 4146 586 490 78 32 31 618 51 23 144 2676 1092 57 52 807 23 612 219 544
leaf_count=315 32 240 22 32 104 220 452 582 788 34 95 47 122 246 23 2331 32 1896 942 1538 127 1951 132 46 1641 91 1301 102 921 379 95 93 388 38 158 71 20 101 110 83 171 192 4146 586 490 78 32 31 618 51 23 144 2676 1092 57 52 807 23 612 219 544
internal_value=0.00647188 -30.9325 91.6969 66.5342 139.51 5.81773 -48.8089 147.65 -9.84548 7.19381 18.0842 47.5924 -20.8785 83.1777 66.9056 -53.354 57.5076 15.5945 94.186 -14.6066 70.2009 43.256 86.5835 -29.0197 7.16238 79.411 -61.8501 45.1992 75.8543 -0.602901 -51.8211 118.101 167.882 12.7097 38.7843 97.473 -5.3105 74.116 130.281 91.3128 86.8025 23.1029 -50.2708 122.068 139.506 158.543 -7.17598 -47.5506 -72.4264 -36.1177 -20.0822 -20.9359 -52.5301 -57.698 102.385 181.5 -38.0357 55.3881 -24.8575 -27.0666 -17.1547
internal_weight=30585 22869 7716 5057 2659 7484 15385 2390 3287 1292 4197 2367 1995 2690 269 12510 248 3949 1452 1660 1238 2132 235 2875 1861 125 3326 2053 1048 1167 335 339 1100 84 190 203 52 196 1290 185 1113 2088 9184 690 600 660 79 4177 933 1529 46 1346 5007 2393 140 440 1259 45 658 270 688
internal_count=30585 22869 7716 5057 2659 7484 15385 2390 3287 1292 4197 2367 1995 2690 269 12510 248 3949 1452 1660 1238 2132 235 2875 1861 125 3326 2053 1048 1167 335 339 1100 84 190 203 52 196 1290 185 1113 2088 9184 690 600 660 79 4177 933 1529 46 1346 5007 2393 140 440 1259 45 658 270 688
is_linear=0
shrinkage=0.1


Tree=2
num_leaves=57
num_cat=0
split_feature=8 9 9 8 9 8 6 9 6 8 8 6 8 9 9 8 6 8 8 9 26 1 9 9 6 8 9 1 8 1 17 7 6 9 8 6 11 6 1 26 8 7 1 6 11 1 26 11 4 11 6 9 17 9 8 11
split_gain=7.03623e+09 1.1969e+09 8.062e+08 2.59692e+08 1.48213e+08 1.2874e+08 5.47168e+07 5.83272e+07 4.99284e+07 5.34891e+07 4.64439e+07 4.54852e+07 4.03748e+07 3.55781e+07 2.94971e+07 2.59893e+07 2.59029e+07 1.6168e+07 1.57346e+07 1.48888e+07 1.44495e+07 1.42704e+07 1.31024e+07 1.2955e+07 1.25977e+07 1.10716e+07 1.02942e+07 1.01255e+07 1.00656e+07 9.72937e+06 9.47814e+06 9.42827e+06 8.87162e+06 8.79756e+06 7.33739e+06 7.2952e+06 6.42174e+06 6.21629e+06 6.18902e+06 6.74253e+06 6.12352e+06 6.107e+06 5.68198e+06 5.5639e+06 5.33589e+06 4.92936e+06 4.1526e+06 3.47228e+06 3.06443e+06 2.72784e+06 2.44548e+06 2.16903e+06 1.94442e+06 1.87092e+06 1.82949e+06 1.53547e+06
threshold=1268.0931206398557 2131.9594740145162 598.93948057395687 1658.6664974867074 1222.0183875528421 2626.1050338120644 24980.067500000005 2019.4196213484609 25433.005000000005 2084.4454757204603 520.53403998596036 27176.583333333336 918.90674303651838 2507.049509271968 1433.9411256865305 313.36243140441212 26042.829166666674 3005.0980100075335 2536.291659429196 2803.4179486041867 15.500850000000002 0.17754724334573557 1420.263053060253 1720.0260074008504 24460.21166666667 2199.3054585573159 1821.205440764641 0.19305214367951343 634.69102500918314 0.17016939900540015 0.81174490092936691 576.58915984026874 29315.593333333338 3005.0980100075335 1426.8210489660182 22662.251666666671 497.39075132390343 32448.75583333334 0.090513131075907902 19.249950000000002 786.15894839621672 302.7060715524612 0.1199493963633096 23939.937500000004 418.28706033867599 0.12428960263369709 18.579800000000002 448.97942493170416 1.0396538385213923 456.93634900424689 26042.829166666674 411.72910758392931 0.81174490092936691 71.155737247132606 483.19834420122999 104.6000843779817
decision_type=2 2 2 2 2 2 2 2 2 2 2 2 2 2 2 2 2 2 2 2 2 2 2 2 2 2 2 2 2 2 2 2 2 2 2 2 2 2 2 2 2 2 2 2 2 2 2 2 2 2 2 2 2 2 2 2
left_child=2 3 10 14 12 11 20 22 21 23 15 27 28 25 29 43 -7 37 -11 -9 41 48 -8 -10 49 -13 -26 46 30 34 -4 40 51 -15 -2 -22 -31 -18 39 -14 53 -6 -30 55 -42 -19 -3 -23 -5 -16 -40 -17 -45 -12 -34 -1
right_child=1 5 4 8 6 16 7 19 9 18 31 13 38 33 24 32 17 45 -20 -21 35 47 -24 -25 26 -27 -28 -29 42 36 -32 -33 54 -35 -36 -37 -38 -39 50 -41 44 -43 -44 52 -46 -47 -48 -49 -50 -51 -52 -53 -54 -55 -56 -57
leaf_value=-58.529981861498527 20.510900579248091 89.22089921818224 -34.82451618209366 29.08374794324239 -25.96776874903086 34.208842971108176 13.265929628069635 66.260232599770163 53.183936299152485 83.330317974378701 -64.999215559525922 83.751214640974212 13.409184210405739 120.51109437661526 17.855248277083685 -53.26823891665029 115.57966309811206 166.12998129134317 112.50555095534395 139.54439199347246 -34.085361354633918 18.316627262433368 33.541632890652636 70.183019225080699 38.4705754942011 108.7233670157817 61.384830319881445 4.992353196144105 -13.181428227722305 6.5437742507715022 -13.575743429244511 34.959881409731778 -45.50589108899964 153.30586895120555 34.083915596184909 10.520264616885136 -50.501654119076939 142.20698809829662 -18.88188626749648 -3.569206551921289 -19.237284135244607 -81.482987085978195 -23.915793182698621 -59.208008863783668 -68.816388669221297 138.82180301335853 45.490158685048421 -23.291796995381841 64.706112344529899 -28.314041459971463 -4.2106557867106273 -48.100079075643464 -48.225086379896666 -34.59827053861413 -41.62832228314182 -71.95197102726182
leaf_weight=148 1563 42 644 59 36 21 919 122 837 661 21 448 483 576 22 1807 140 485 275 37 58 29 489 1028 1021 334 247 39 1966 138 314 21 5529 115 539 96 22 601 143 452 456 47 661 552 22 126 53 60 44 28 543 1824 281 1138 1783 440
leaf_count=148 1563 42 644 59 36 21 919 122 837 661 21 448 483 576 22 1807 140 485 275 37 58 29 489 1028 1021 334 247 39 1966 138 314 21 5529 115 539 96 22 601 143 452 456 47 661 552 22 126 53 60 44 28 543 1824 281 1138 1783 440
internal_value=0.0121369 71.176 -32.3132 47.3305 -4.62195 123.739 20.0721 26.8449 69.0675 72.4492 -46.1556 104.377 -13.1812 109.461 29.1434 -48.2651 146.308 148.023 92.013 84.0793 -24.6326 19.614 20.3265 62.5865 41.0386 94.5423 42.979 48.0938 -19.1016 22.1973 -27.8813 -30.4054 -46.6013 126.183 24.0059 -6.39078 -1.56493 137.339 -0.0840899 5.2064 -31.2647 -57.9999 -15.8905 -61.0361 -21.6581 160.735 65.5517 -9.68112 44.7769 -8.04777 -7.29198 -50.686 -55.5654 -35.2047 -44.5662 -68.6788
internal_weight=30585 9553 21032 6573 7010 2980 1804 1567 2993 2801 14022 1607 5206 1473 3580 12364 1373 1352 936 159 237 192 1408 1865 1318 782 1268 134 3585 2262 958 1658 10943 691 2102 154 160 741 1621 935 1637 83 2627 1421 478 611 95 89 103 50 686 3631 833 1159 7312 588
internal_count=30585 9553 21032 6573 7010 2980 1804 1567 2993 2801 14022 1607 5206 1473 3580 12364 1373 1352 936 159 237 192 1408 1865 1318 782 1268 134 3585 2262 958 1658 10943 691 2102 154 160 741 1621 935 1637 83 2627 1421 478 611 95 89 103 50 686 3631 833 1159 7312 588
is_linear=0
shrinkage=0.1


Tree=3
num_leaves=59
num_cat=0
split_feature=8 9 9 8 9 8 8 9 6 8 6 9 9 6 8 9 6 6 9 1 8 1 1 8 4 1 9 22 8 1 26 11 8 7 9 1 1 23 23 9 6 8 23 14 7 6 11 8 6 11 1 6 8 15 9 6 13 7
split_gain=5.707e+09 8.94258e+08 7.58661e+08 1.42764e+08 1.39931e+08 9.04302e+07 6.94396e+07 6.00682e+07 4.97218e+07 4.03321e+07 3.86543e+07 3.62279e+07 3.37187e+07 2.9911e+07 2.45566e+07 2.40127e+07 2.3073e+07 2.1584e+07 1.34156e+07 1.33091e+07 1.24991e+07 1.19196e+07 1.00073e+07 9.69082e+06 8.91687e+06 8.16421e+06 7.88227e+06 7.03837e+06 6.47698e+06 6.37095e+06 6.6728e+06 6.33231e+06 5.86366e+06 5.76444e+06 5.74033e+06 5.49699e+06 5.0624e+06 4.96882e+06 4.83242e+06 4.46754e+06 4.24297e+06 4.22606e+06 4.01791e+06 4.01061e+06 2.71086e+06 2.52748e+06 2.49044e+06 2.44465e+06 2.35663e+06 2.29643e+06 2.12502e+06 1.83634e+06 1.54063e+06 1.4698e+06 1.36761e+06 1.34655e+06 1.15837e+06 856206
threshold=1386.0171818619581 691.30499012125676 2148.5964702371089 1873.4163097475914 1222.0183875528421 2626.1050338120644 553.2163897711697 2803.4179486041867 23768.352500000005 942.61101605018291 25433.005000000005 1603.25204566808 1699.6209308463654 26971.845000000005 2536.291659429196 2507.049509271968 27102.58666666667 28129.700833333336 3005.0980100075335 0.1969881678844059 918.90674303651838 0.14844847440593664 0.14429117344799927 304.3907199453833 1.0000057814609684 0.09181202052367933 910.35760903550988 5.5000000000000009 2199.3054585573159 0.083507438368042142 19.029700000000002 497.39075132390343 1468.1825736499293 333.99930859017695 3005.0980100075335 0.068650442830567884 0.15926292198568234 9.3995012500000019 7.8633765000000002 466.01567936709688 26042.829166666674 737.99007240261528 3.5113512000000004 -0.70710678118654735 412.65580852970925 24590.025833333337 544.86233109898774 737.99007240261528 22662.251666666671 384.94467117176657 0.15364126980085169 22031.844166666669 497.56705224025785 -0.5 3050.8705243132035 30445.271666666671 30558.585000000003 242.33534189160753
decision_type=2 2 2 2 2 2 2 2 2 2 2 2 2 2 2 2 2 2 2 2 2 2 2 2 2 2 2 2 2 2 2 2 2 2 2 2 2 2 2 2 2 2 2 2 2 2 2 2 2 2 2 2 2 2 2 2 2 2
left_child=1 6 3 11 9 13 16 8 24 25 21 19 -10 36 27 28 23 40 35 32 47 46 33 51 -6 26 -3 -12 -15 30 -11 -21 -2 -13 -17 -19 56 -24 -38 55 -7 -27 -31 -16 45 -22 -5 57 -23 -49 -20 -1 -41 -25 -9 -18 -4 -8
right_child=2 4 5 10 7 17 20 54 12 29 14 22 -14 15 43 34 39 18 50 31 44 48 37 53 -26 41 -28 -29 -30 42 -32 -33 -34 -35 -36 -37 38 -39 -40 52 -42 -43 -44 -45 -46 -47 -48 49 -50 -51 -52 -53 -54 -55 -56 -57 -58 -59
leaf_value=-65.667269084862696 25.101204457756239 -14.623919696558083 46.111494615342885 68.23928425528787 -51.785755124138397 30.943452401594683 -30.940614685481236 102.11584690638951 16.642599446765818 17.195956901250451 72.315948764270644 49.170990213655941 48.184080537510852 76.874516525770503 124.67066323897419 108.74044507232827 -44.851603819821712 134.7427413902187 150.47455279193349 12.697523315831235 -32.956667685508727 -39.542005411783862 14.88755936123076 -53.23125902632593 -6.7011410370851188 -28.288068202852219 -0.090814330109936725 53.98985343703518 97.530173458662205 9.4315947842640959 0.24359482782023947 -34.324843174073756 36.00635724378197 65.462196958447336 136.66454581857843 115.65395406389995 -10.406610206195287 44.847431915314473 53.242707388741636 -39.39087384818972 90.258659834020278 -16.534698103070259 -6.7624018248465054 93.614691000325351 19.530344137392547 -5.3820749123306832 24.864765284611629 -20.707997696263636 0.60987100649853154 -51.919245326995849 121.85042734954317 -55.580381152674228 -34.736871319770813 -45.686790740076177 149.33329858398437 -41.347930479596378 81.501813996356475 -21.141890132319819
leaf_weight=337 921 1321 26 32 102 21 870 27 2018 523 1308 683 407 379 67 568 2064 398 473 94 37 20 104 354 77 483 520 269 304 207 417 40 1097 342 106 377 27 121 20 3529 33 854 581 223 37 271 25 643 48 24 58 590 999 1814 24 3139 22 110
leaf_count=337 921 1321 26 32 102 21 870 27 2018 523 1308 683 407 379 67 568 2064 398 473 94 37 20 104 354 77 483 520 269 304 207 417 40 1097 342 106 377 27 121 20 3529 33 854 581 223 37 271 25 643 48 24 58 590 999 1814 24 3139 22 110
internal_value=0.0146986 -26.1429 71.3449 49.3758 1.84162 113.454 -40.4213 20.33 18.1973 -8.16592 70.6392 36.9081 21.954 95.9406 74.2431 99.7463 -43.12 132.067 134.655 29.0187 -23.0327 16.6499 50.4565 -50.6661 -32.5368 -14.8502 -10.5212 69.2261 86.1974 4.12872 9.68385 -1.48929 31.0442 54.6652 113.328 125.618 41.1069 31.1265 17.2232 -40.7149 68.1736 -20.7986 -2.50183 101.193 -5.70556 -8.79054 49.9721 -26.6565 -11.6014 -21.9071 147.583 -59.3142 -38.372 -46.9427 126.78 -42.7462 63.6643 -29.8634
internal_weight=30585 22379 8206 5394 7561 2812 14818 2655 2604 4906 1992 3402 2425 1452 1867 1357 12826 1360 1306 2152 1992 125 1250 3095 179 3178 1841 1577 683 1728 940 134 2018 1025 674 775 95 225 47 9731 54 1337 788 290 345 308 57 1647 68 667 531 927 4528 2168 51 5203 48 980
internal_count=30585 22379 8206 5394 7561 2812 14818 2655 2604 4906 1992 3402 2425 1452 1867 1357 12826 1360 1306 2152 1992 125 1250 3095 179 3178 1841 1577 683 1728 940 134 2018 1025 674 775 95 225 47 9731 54 1337 788 290 345 308 57 1647 68 667 531 927 4528 2168 51 5203 48 980
is_linear=0
shrinkage=0.1


Tree=4
num_leaves=61
num_cat=0
split_feature=10 10 10 10 0 6 10 10 6 15 10 10 6 6 14 14 17 8 8 6 8 15 10 0 8 6 15 19 6 15 4 17 3 1 6 15 26 6 26 17 17 6 15 7 10 23 6 14 23 7 1 13 14 8 8 15 8 1 21 15
split_gain=5.02303e+09 6.20871e+08 5.97972e+08 1.12417e+08 8.98562e+07 5.87781e+07 5.74123e+07 5.45571e+07 3.08054e+07 2.79214e+07 2.43442e+07 2.31902e+07 2.02583e+07 1.92552e+07 1.75793e+07 1.74659e+07 1.34717e+07 1.3139e+07 1.2238e+07 1.14477e+07 1.08276e+07 9.98873e+06 9.68729e+06 9.32005e+06 9.02211e+06 8.27885e+06 8.00949e+06 8.21006e+06 7.83753e+06 7.83115e+06 7.0365e+06 6.78873e+06 6.18906e+06 6.15282e+06 6.02212e+06 5.9869e+06 5.21879e+06 5.20808e+06 4.88527e+06 4.7696e+06 4.32875e+06 3.96729e+06 3.7857e+06 3.77131e+06 3.72047e+06 3.70092e+06 3.14481e+06 3.08927e+06 3.01637e+06 2.99031e+06 2.80686e+06 2.77767e+06 2.06396e+06 1.97198e+06 1.74536e+06 1.69791e+06 1.58872e+06 1.5641e+06 787329 362887
threshold=1307.4506428975419 764.00236317173085 2228.4778661858099 1756.7994164434776 0.43530259575842151 31867.895000000004 543.68993134195205 1046.6642317271019 28202.850833333338 -0.9159756150367534 1536.7513263795634 370.26730456037649 24590.025833333337 26971.845000000005 -0.70710678118654735 -0.70710678118654735 0.81174490092936691 2111.7118711774119 3005.0980100075335 32523.530000000002 2231.5016179326008 -0.60355339059327384 2612.5536112046047 0.38684865437318672 1720.0260074008504 24316.990833333337 -0.60355339059327384 -0.24999999999999994 23768.352500000005 -0.9829629131445341 0.39550427423027895 0.81174490092936691 1.2883701351349146 0.20179298745144222 29180.94333333334 0.78656609248549303 14.636050000000003 36849.105833333342 18.576600000000003 0.81174490092936691 0.81174490092936691 22031.844166666669 1.0000000180025095e-35 509.56792670586901 942.87352994662808 8.4368815000000019 22337.725833333334 -0.5 6.9484064500000011 333.99930859017695 0.077061651740503209 37608.700000000004 -0.70710678118654735 1743.9111632769943 437.67830574454473 0.1294095225512602 799.63361735704586 0.1199493963633096 1.0000000180025095e-35 -0.60355339059327384
decision_type=2 2 2 2 2 2 2 2 2 2 2 2 2 2 2 2 2 2 2 2 2 2 2 2 2 2 2 2 2 2 2 2 2 2 2 2 2 2 2 2 2 2 2 2 2 2 2 2 2 2 2 2 2 2 2 2 2 2 2 2
left_child=1 6 3 8 9 12 11 15 21 29 40 41 46 33 24 32 17 -7 -14 39 -12 51 35 49 57 44 48 -28 -23 50 59 -27 45 38 54 -11 -36 -31 -6 -16 -10 58 -18 -21 -17 -3 -5 -32 -15 56 -4 -2 -24 -34 -13 -43 -8 -9 -1 -25
right_child=2 7 4 5 13 16 23 14 10 22 20 34 18 26 19 25 42 -19 -20 43 -22 28 52 30 -26 31 27 -29 -30 37 47 -33 53 -35 36 -37 -38 -39 -40 -41 -42 55 -44 -45 -46 -47 -48 -49 -50 -51 -52 -53 -54 -55 -56 -57 -58 -59 -60 -61
leaf_value=-55.172765417659981 -49.820794560359076 9.3076018167215011 78.14454401919717 -27.488568162918092 77.060824746501694 60.398458332821804 -21.070427374406293 23.221991917967063 27.374841451132546 120.02267223013355 46.977617322820109 -43.149265636430755 44.580776069366067 72.61596651944248 -3.0140014640665314 -42.620135984882424 104.00777271943934 79.90323078864958 113.59635905513058 12.376876022385169 88.213732459579703 -3.9159726783152551 143.17171486435515 -69.02235314369203 74.934385025501257 -13.068701793808195 61.289006698223744 93.896240393391366 24.140441296317363 72.854612218922583 -16.217913740756465 1.8064503613890033 18.950070519447326 3.1469476699829104 -36.026455930553247 93.442136132912566 10.298708572387696 110.88332834243775 46.379885986978699 17.091512701457198 43.953466763598399 -50.778685473498882 74.269242739987064 55.275298282078339 -15.000979204688754 -4.9916343313250051 10.809308887995208 -29.843994136054164 20.647977806971625 16.112350185100848 40.920285620408904 -3.8704966953822542 126.38629287560228 51.710041507720952 -38.358781329743451 -42.904936532688623 -14.22350078753936 12.794206840341742 -66.473228087545451 -47.689983205442076
leaf_weight=339 25 309 75 31 97 787 846 581 1142 696 1153 1858 832 21 1111 123 169 655 26 1049 68 123 263 39 31 1944 96 674 516 57 203 364 79 21 7618 121 24 167 128 131 186 637 76 20 83 434 64 1037 25 25 33 27 286 24 1511 600 584 197 118 26
leaf_count=339 25 309 75 31 97 787 846 581 1142 696 1153 1858 832 21 1111 123 169 655 26 1049 68 123 263 39 31 1944 96 674 516 57 203 364 79 21 7618 121 24 167 128 131 186 637 76 20 83 434 64 1037 25 25 33 27 286 24 1511 600 584 197 118 26
internal_value=0.0182674 -25.4101 64.6001 46.5627 102.997 61.8843 -36.2974 0.574891 34.0632 117.31 39.1403 -39.1384 41.9558 80.0222 10.0953 -8.26584 73.1105 69.3073 46.802 5.64923 49.3445 15.3054 123.721 -23.2103 22.7733 -12.447 87.4656 89.9157 18.7422 90.6434 -29.353 -10.7229 4.15909 55.0777 -37.4538 116.205 -35.8796 101.573 59.8892 -0.881327 29.7282 -50.06 95.1222 13.2304 -31.6183 0.959672 -1.84405 -27.6281 45.4127 -17.6844 67.2502 -26.4852 134.673 27.0073 -41.0127 -46.9973 -18.2861 20.6014 -58.2294 -61.3413
internal_weight=30585 21945 8640 5880 2760 2640 15465 6480 3240 1698 2549 12705 953 1062 3120 3360 1687 1442 858 2311 1221 691 1366 2760 809 2514 816 770 639 332 1305 2308 846 246 11011 817 7642 224 225 1242 1328 1694 245 1069 206 743 95 1240 46 1455 108 52 549 103 3369 1237 1430 778 457 65
internal_count=30585 21945 8640 5880 2760 2640 15465 6480 3240 1698 2549 12705 953 1062 3120 3360 1687 1442 858 2311 1221 691 1366 2760 809 2514 816 770 639 332 1305 2308 846 246 11011 817 7642 224 225 1242 1328 1694 245 1069 206 743 95 1240 46 1455 108 52 549 103 3369 1237 1430 778 457 65
is_linear=0
shrinkage=0.1


Tree=5
num_leaves=60
num_cat=0
split_feature=10 10 10 2 10 3 6 10 10 1 11 6 10 15 10 10 11 6 14 6 11 6 12 15 7 8 15 11 5 6 6 14 15 11 6 10 15 15 23 11 14 1 11 11 2 8 14 6 4 13 15 13 2 15 12 15 7 2 1
split_gain=4.07418e+09 5.77486e+08 4.10396e+08 1.07683e+08 7.22954e+07 4.31912e+07 4.26122e+07 4.073e+07 3.49847e+07 2.5973e+07 2.06169e+07 1.98971e+07 1.72074e+07 1.70577e+07 1.68804e+07 1.64895e+07 1.639e+07 1.35635e+07 1.15143e+07 1.0431e+07 8.90172e+06 8.71586e+06 7.4206e+06 6.7107e+06 6.67668e+06 6.51231e+06 6.17985e+06 7.07166e+06 6.19459e+06 5.89637e+06 5.64386e+06 5.5317e+06 5.44084e+06 5.35351e+06 5.28152e+06 5.03559e+06 4.93362e+06 4.60503e+06 4.23116e+06 3.74409e+06 3.4318e+06 3.41454e+06 3.24812e+06 3.23043e+06 3.20955e+06 3.04774e+06 2.72349e+06 2.66753e+06 2.64423e+06 2.51516e+06 2.45102e+06 2.06138e+06 1.72352e+06 1.51945e+06 1.32093e+06 1.01684e+06 929927 781293 536742
threshold=1236.433106384646 1998.6334189596382 730.97211729913704 0.54716191107484324 1563.727621682867 2.2824269971427964 29706.657500000005 942.87352994662808 484.7648770179436 0.14161696835341123 709.18839906504832 32089.308333333338 2289.661802668134 -0.9829629131445341 2374.987419907327 328.12633825365089 924.74512740195235 25860.555000000004 -0.70710678118654735 23768.352500000005 531.76801472283285 23601.848333333339 36338.500000000007 -0.70710678118654757 412.65580852970925 1786.1298771869133 -0.5 263.34458164658673 149.00000000000014 23379.125000000004 35605.790000000008 -0.70710678118654735 -0.9159756150367534 488.30152107479847 28540.855833333339 595.13717568167135 -0.37940952255126009 0.96592582628906831 9.1535640000000011 488.30152107479847 -0.70710678118654735 0.079306453220254175 221.77355822719016 325.07324323628023 0.52730227949592912 1090.1199783712404 -0.37940952255126059 22031.844166666669 0.45964085826965484 31624.265000000003 -0.37940952255126009 31126.485000000004 0.59313817761032916 -0.12940952255126034 31803.500000000004 -0.37940952255126009 709.52667636726585 0.71646273088367252 0.1199493963633096
decision_type=2 2 2 2 2 2 2 2 2 2 2 2 2 2 2 2 2 2 2 2 2 2 2 2 2 2 2 2 2 2 2 2 2 2 2 2 2 2 2 2 2 2 2 2 2 2 2 2 2 2 2 2 2 2 2 2 2 2 2
left_child=2 4 8 9 17 13 19 21 15 12 18 16 40 41 -15 48 25 36 -8 39 38 43 26 30 44 -9 27 -10 -28 -11 -7 45 -12 -33 55 57 -2 -14 -13 -6 -3 -5 -36 58 -19 -23 -26 -38 54 -37 -21 -31 -25 -50 -1 -17 -45 -24 -4
right_child=1 3 7 5 6 23 10 11 22 29 32 20 37 14 -16 34 -18 24 -20 50 -22 31 35 52 46 -27 28 -29 -30 51 -32 33 -34 -35 42 49 47 -39 -40 -41 -42 -43 -44 56 -46 -47 -48 -49 53 -51 -52 -53 -54 -55 -56 -57 -58 -59 -60
leaf_value=-55.136161873024633 -41.379912437711447 82.38108737084174 -8.3368692346981597 64.710573864927397 26.96695141703994 68.486014177969523 60.628973360669455 -6.6436931166430853 -32.097481310809101 -24.878349137306216 42.15525901967829 11.539904660896784 71.335256520678442 80.434037538345095 102.05438062646294 -41.897392786178472 72.893625764493592 10.857041495133725 44.399988886367545 12.591577583023266 65.152963838906132 -7.3029203310332917 -26.757613169437015 109.06100190002795 53.516937080855229 33.720497009230826 -28.34719673060318 -65.492103724325858 -2.8215423417322842 17.802810785349678 108.34277087553049 -15.287730989507143 100.82284738072809 19.005288387866731 -33.247796890819281 18.937913186209542 -29.195754831487484 92.992396815020342 0.28248962894655189 -16.55194425268753 46.557470797636412 30.959713522593184 6.7990074521019359 -64.717016029357907 23.620855141785306 9.2037092101494995 30.125027610721261 7.831405462880106 -49.541297529677479 -16.20147478516591 31.565245391301268 44.95661821552352 124.93592296249096 -39.523248316446939 -37.115425327845983 -37.142987878179305 -35.28718705610796 -14.618207953053137 -28.509464919048806
leaf_weight=414 27 30 20 100 26 55 658 1623 215 23 21 1708 642 813 707 662 26 223 1384 78 28 431 805 172 96 40 1448 92 102 67 161 1648 105 46 7067 20 21 132 415 73 375 47 20 39 1870 150 115 168 262 988 655 50 466 479 55 2295 21 61 45
leaf_count=414 27 30 20 100 26 55 658 1623 215 23 21 1708 642 813 707 662 26 223 1384 78 28 431 805 172 96 40 1448 92 102 67 161 1648 105 46 7067 20 21 132 415 73 375 47 20 39 1870 150 115 168 262 988 655 50 466 479 55 2295 21 61 45
internal_value=0.0213065 54.9785 -24.2157 84.7569 34.2515 96.887 44.7411 -2.6667 -33.1883 61.5169 52.1268 3.72037 66.3525 87.3799 90.5508 -35.9726 -4.40159 21.7512 49.6566 25.4559 10.097 -12.8833 -24.7824 115.321 23.9966 -5.65314 -29.2732 -42.2851 -26.6703 20.612 98.5564 -11.4593 91.4538 -14.3459 -34.6352 -20.3192 -2.20017 75.1439 9.3405 -4.96736 49.4074 54.2016 -33.1338 -38.504 22.2668 -3.03282 40.97 3.58527 -47.0359 -15.4862 29.5661 29.6896 120.834 -43.1274 -53.1063 -38.2212 -55.1639 -25.9204 -22.5229
internal_weight=30585 9360 21225 3840 5520 2521 3000 6240 14985 1319 2168 3840 1179 1667 1520 11254 1689 2520 2042 832 2151 2400 3731 854 2304 1663 1857 307 1550 140 216 2275 126 1694 10044 1874 216 774 2123 99 405 147 7087 125 2093 581 211 189 1210 1008 733 117 638 741 469 2957 60 866 65
internal_count=30585 9360 21225 3840 5520 2521 3000 6240 14985 1319 2168 3840 1179 1667 1520 11254 1689 2520 2042 832 2151 2400 3731 854 2304 1663 1857 307 1550 140 216 2275 126 1694 10044 1874 216 774 2123 99 405 147 7087 125 2093 581 211 189 1210 1008 733 117 638 741 469 2957 60 866 65
is_linear=0
shrinkage=0.1


Tree=6
num_leaves=56
num_cat=0
split_feature=10 10 9 10 9 10 9 6 6 10 10 10 9 12 10 6 10 1 12 14 14 14 11 9 6 15 15 9 9 11 9 10 14 15 23 0 11 10 9 1 13 9 23 22 8 10 9 8 8 10 21 8 6 11 8
split_gain=3.3058e+09 4.62167e+08 3.66955e+08 8.09892e+07 4.93504e+07 4.7862e+07 4.63488e+07 2.50491e+07 2.32225e+07 1.66219e+07 1.64188e+07 1.55171e+07 1.51349e+07 1.33379e+07 1.30886e+07 1.25352e+07 1.09926e+07 9.6382e+06 9.14742e+06 8.00065e+06 7.51489e+06 7.40145e+06 7.22951e+06 7.12757e+06 7.07831e+06 6.20932e+06 6.11632e+06 5.73037e+06 5.72584e+06 5.6676e+06 5.18185e+06 5.16434e+06 4.69769e+06 4.46981e+06 4.46775e+06 4.31721e+06 4.17578e+06 4.15108e+06 4.09087e+06 3.82668e+06 3.77747e+06 3.636e+06 3.21421e+06 3.12995e+06 3.09581e+06 2.9689e+06 2.42132e+06 2.4163e+06 1.92078e+06 1.76e+06 1.75437e+06 1.52831e+06 1.37248e+06 964324 564839
threshold=1381.6118996345785 790.92793130418727 2273.1114059773076 1962.7455307003709 2803.4179486041867 543.68993134195205 1133.1627061669908 27999.430833333336 27176.583333333336 2289.661802668134 1677.7554946954856 370.26730456037649 3005.0980100075335 30486.500000000004 2174.1479042678975 24980.067500000005 1097.1830890323909 0.16823590160644428 36338.500000000007 -0.70710678118654735 -0.5 -0.5 709.18839906504832 3005.0980100075335 33780.620000000003 -0.5 -0.37940952255126009 1627.7543623828017 1873.4163097475914 531.76801472283285 437.42523903987859 2324.5456906905015 -0.70710678118654735 0.78656609248549303 5.9084885000000016 0.47225895453051486 364.37064053653665 1706.1374638911916 828.45600137165786 0.17248759455961213 31624.265000000003 303.37034084237683 9.507200000000001 2.5000000000000004 1194.9540858527089 2695.7789523617867 2475.030458788719 1106.1013734149151 737.99007240261528 232.86589403628523 1.0000000180025095e-35 3302.9503335992745 33984.70416666667 190.30317605116554 1950.5840221573269
decision_type=2 2 2 2 2 2 2 2 2 2 2 2 2 2 2 2 2 2 2 2 2 2 2 2 2 2 2 2 2 2 2 2 2 2 2 2 2 2 2 2 2 2 2 2 2 2 2 2 2 2 2 2 2 2 2
left_child=1 5 3 7 8 11 16 22 31 15 28 41 17 -6 33 54 24 27 25 -12 -17 52 37 45 26 36 -3 -8 -9 -23 53 43 -19 -10 -24 -16 -7 -2 -27 47 -20 49 -26 -4 -32 -15 -33 -18 -42 -1 -43 -25 -11 -13 -5
right_child=2 6 4 9 13 18 12 10 14 21 19 30 -14 23 35 20 39 32 40 -21 -22 29 34 51 42 38 -28 -29 -30 -31 44 46 -34 -35 -36 -37 -38 -39 -40 -41 48 50 -44 -45 -46 -47 -48 -49 -50 -51 -52 -53 -54 -55 -56
leaf_value=-53.775493407146236 12.019762915183627 -25.184289717481985 36.260871403792812 8.6626579649308155 34.997030151974073 -30.514902017625531 12.251458495584401 25.739221696597287 66.242752387749888 68.159604530036447 55.807164643302798 -33.576822162561918 91.358049415548649 88.376837420843742 88.728317777052624 66.799022030300577 0.085373042541671093 14.786923649243199 19.251141504560199 38.724191132691857 45.309549269133697 69.293406171234025 11.781557369232178 106.99672645085479 4.4798743270370993 -24.140825623280222 -9.4389743265008796 28.759188533750219 42.498688724576212 49.909229062549002 -29.035279059234554 34.130687832187959 -10.548777896031403 33.503958649728808 -31.255560104519716 69.60073159571445 -60.654688984797559 28.948869830920916 -9.775996321413448 -26.518047518730164 -17.919789138335226 -34.77998804221221 -6.7256313982898508 -7.2095438361358948 9.9282676878429612 108.80436665765171 76.578917480468746 9.854016498127022 -11.214014347686319 -42.498465943286085 -46.957108747482302 128.42182275020716 98.86770288334337 -56.308297148204986 -12.19730699857076
leaf_weight=230 377 309 28 33 32 177 2232 1322 410 31 377 3223 23 438 603 224 501 100 34 1087 667 531 45 583 445 935 1223 232 244 231 7748 36 265 50 50 177 64 237 254 39 736 843 600 38 20 115 24 511 1040 472 149 65 85 20 20
leaf_count=230 377 309 28 33 32 177 2232 1322 410 31 377 3223 23 438 603 224 501 100 34 1087 667 531 45 583 445 935 1223 232 244 231 7748 36 265 50 50 177 64 237 254 39 736 843 600 38 20 115 24 511 1040 472 149 65 85 20 20
internal_value=0.0223458 -19.8096 54.5195 40.0099 85.5379 -28.961 2.70967 31.5704 72.3211 57.3021 35.5303 -31.7285 12.2462 100.11 76.4829 47.9735 -4.78841 11.571 -18.1024 43.1584 50.7809 67.2659 14.6214 101.814 -8.30276 -24.0831 -12.6291 13.8168 28.376 63.4902 -30.3505 31.0843 -3.58605 62.7646 -10.9592 84.4825 -38.7364 18.5907 -21.0829 3.82832 -13.3666 -40.6618 -1.95419 11.4984 -28.9337 92.8136 52.087 5.02282 -14.0015 -46.2645 -36.6545 109.34 91.3139 -33.7343 0.710869
internal_weight=30585 22425 8160 5561 2599 15945 6480 3739 1366 1822 3030 12705 2852 1233 1240 944 3628 2829 3240 1464 891 878 709 1201 2577 1430 1532 2464 1566 762 11011 126 365 460 95 780 241 614 1189 1051 1810 1694 1045 66 7768 553 60 1012 1776 702 992 648 116 3243 53
internal_count=30585 22425 8160 5561 2599 15945 6480 3739 1366 1822 3030 12705 2852 1233 1240 944 3628 2829 3240 1464 891 878 709 1201 2577 1430 1532 2464 1566 762 11011 126 365 460 95 780 241 614 1189 1051 1810 1694 1045 66 7768 553 60 1012 1776 702 992 648 116 3243 53
is_linear=0
shrinkage=0.1


Tree=7
num_leaves=61
num_cat=0
split_feature=10 10 10 9 9 9 6 6 9 9 10 6 9 6 14 10 11 8 10 15 11 1 18 6 10 2 1 1 9 6 6 7 6 6 9 10 1 10 14 1 0 15 10 14 9 5 11 26 15 4 15 10 23 12 8 9 9 15 14 11
split_gain=2.68229e+09 3.80623e+08 2.68314e+08 9.23546e+07 5.78278e+07 4.38698e+07 2.53764e+07 2.12799e+07 1.78992e+07 1.77928e+07 1.43251e+07 1.35666e+07 1.32072e+07 1.54138e+07 1.3119e+07 1.26683e+07 1.09466e+07 8.8021e+06 8.73613e+06 8.47161e+06 8.03682e+06 7.13897e+06 6.30866e+06 6.00179e+06 5.3047e+06 6.26103e+06 5.22066e+06 5.20801e+06 5.16479e+06 4.90976e+06 4.57005e+06 4.54271e+06 4.00097e+06 3.44138e+06 3.27508e+06 2.8782e+06 2.83822e+06 2.80886e+06 2.75414e+06 2.69561e+06 2.63793e+06 2.59861e+06 2.5515e+06 2.35486e+06 2.32114e+06 2.08418e+06 1.8602e+06 1.81195e+06 1.71717e+06 1.28728e+06 982703 977772 961410 824374 810894 772335 764724 338639 261271 208631
threshold=1236.433106384646 1998.6334189596382 684.59061149821753 2626.1050338120644 1769.3285804849877 910.35760903550988 27473.039166666673 24590.025833333337 2507.049509271968 431.30090789025417 2631.610696155893 28485.420000000002 1720.0260074008504 33418.070000000007 -0.70710678118654735 1563.727621682867 614.20424327994806 2895.5032941072968 543.68993134195205 -0.60355339059327384 106.19546761270797 0.22920403930075578 0.25000000000000006 35668.942500000012 942.87352994662808 0.62942786275475293 0.20179298745144222 0.18946953262365177 3050.8705243132035 26042.829166666674 22662.251666666671 687.70773411900234 33137.590833333343 33201.045833333344 1374.6770639519916 2257.4581861031606 0.11573843638251087 2228.4778661858099 -0.5 0.074347724142009977 0.45366336749553832 0.37940952255126043 452.01352900344153 -0.5 1329.1249317153095 -377.50000000000006 614.20424327994806 16.517650000000007 0.1294095225512602 0.10055000000000001 0.1294095225512602 430.18176104432911 7.7504735000000009 30356.500000000004 3199.5985812441477 3105.7539177504273 267.70683238145966 -0.9829629131445341 0.60355339059327384 82.156070581837028
decision_type=2 2 2 2 2 2 2 2 2 2 2 2 2 2 2 2 2 2 2 2 2 2 2 2 2 2 2 2 2 2 2 2 2 2 2 2 2 2 2 2 2 2 2 2 2 2 2 2 2 2 2 2 2 2 2 2 2 2 2 2
left_child=2 4 9 6 11 24 16 30 23 20 14 19 13 26 -8 47 35 29 42 40 51 22 -14 -9 25 41 -7 -21 -10 -5 -6 -18 -12 -17 -15 -3 54 -31 52 50 -2 -4 49 48 -44 -45 -40 -13 -20 -11 -22 59 -26 -32 -19 -38 -41 -27 -53 -1
right_child=1 3 5 17 7 12 10 8 28 18 32 15 21 34 -16 33 31 36 43 27 39 -23 -24 -25 38 57 -28 -29 -30 37 53 -33 -34 -35 -36 -37 55 -39 46 56 -42 -43 44 45 -46 -47 -48 -49 -50 -51 -52 58 -54 -55 -56 -57 -58 -59 -60 -61
leaf_value=-31.620192977580622 -2.5832497087018247 25.603414447949486 -23.818821378157175 30.225219962710426 -37.462685278690223 -2.6443148066719946 75.470303182660444 34.525015691223878 60.744409693864299 -37.592400764094457 68.085317264019864 20.301909128591841 80.124043795936984 7.2776049763450521 52.794056282493422 26.283039247332887 0.17178851759433747 97.444002894956952 -18.537135151040321 16.698032984516839 -39.417437666553568 -13.522346226374308 27.927428996654658 47.149732556438181 14.009942742964117 -15.499263919272074 -23.289569495165793 -1.9303669294829551 96.407205450123755 67.889789717944709 25.250524776632137 34.523573355826123 89.586744373360872 37.977939604442454 18.580516961815896 53.215363892131954 71.857261706704961 85.869943754423403 -8.4544876606042774 -51.956827521324158 -43.861180550711502 -14.056368265688787 -24.717078305441547 -44.88877277175586 2.2617510593298711 -20.119113411356068 21.678915550595239 12.287222585454584 -6.9991141768046337 -27.703724910335239 -29.681401034482974 -27.037886860035083 -1.9827520067351205 -1.2440581174997183 110.48672923458207 93.937014209980873 -42.710477193196617 -8.7600169575844316 -29.96672707182573 -34.929591413915631
leaf_weight=1174 28 51 638 20 32 1326 325 860 188 143 205 1312 37 1604 1321 480 99 430 254 659 294 23 64 701 81 81 134 194 57 133 21 62 193 562 305 186 72 553 966 191 34 487 3771 35 32 953 20 367 265 4636 193 674 69 25 142 48 284 1125 988 378
leaf_count=1174 28 51 638 20 32 1326 325 860 188 143 205 1312 37 1604 1321 480 99 430 254 659 294 23 64 701 81 81 134 194 57 133 21 62 193 562 305 186 72 553 966 191 34 487 3771 35 32 953 20 367 265 4636 193 674 69 25 142 48 284 1125 988 378
internal_value=0.0237262 44.6158 -19.6421 68.7914 27.7885 -3.54491 57.0108 42.0076 44.2155 -27.4952 61.5171 20.4113 4.36421 3.17896 57.3145 23.9536 33.7715 89.3141 -25.2163 9.86269 -32.9936 36.2837 47.647 40.221 -11.5123 -14.2429 -4.5538 12.464 69.3996 81.0522 -9.02661 13.5319 78.7103 32.621 9.09225 47.4061 97.6139 82.4879 -5.90168 -41.0535 -25.5564 -19.609 -26.4516 -18.1687 -24.4895 -21.0411 -7.82192 18.5584 -12.6706 -28.0074 -35.6277 -30.5691 6.68889 11.1312 100.869 81.3925 -46.5298 -9.22512 -28.796 -32.4482
internal_weight=30585 9360 21225 3840 5520 6960 2442 1884 1806 14265 2044 3636 3493 3369 1646 2721 398 1398 10089 915 4176 124 101 1561 3467 2331 1460 853 245 706 78 161 398 1042 1909 237 692 686 1136 962 62 1125 8582 1507 3803 988 986 1679 519 4779 487 3214 150 46 572 120 475 1206 1662 1552
internal_count=30585 9360 21225 3840 5520 6960 2442 1884 1806 14265 2044 3636 3493 3369 1646 2721 398 1398 10089 915 4176 124 101 1561 3467 2331 1460 853 245 706 78 161 398 1042 1909 237 692 686 1136 962 62 1125 8582 1507 3803 988 986 1679 519 4779 487 3214 150 46 572 120 475 1206 1662 1552
is_linear=0
shrinkage=0.1


Tree=8
num_leaves=59
num_cat=0
split_feature=10 10 9 10 9 9 9 6 10 6 9 9 12 10 6 6 6 6 10 14 8 9 6 10 8 17 4 9 18 6 9 6 11 19 8 11 4 11 21 10 11 13 10 11 19 14 14 22 6 3 8 4 12 9 14 8 4 26
split_gain=2.17623e+09 3.13631e+08 2.36709e+08 5.12162e+07 3.62789e+07 3.21128e+07 2.89979e+07 2.37489e+07 1.68575e+07 1.58635e+07 1.06365e+07 1.0543e+07 9.57449e+06 9.49664e+06 8.74699e+06 7.34678e+06 7.2239e+06 7.03022e+06 6.91145e+06 5.97914e+06 5.7568e+06 5.03831e+06 4.95302e+06 4.76459e+06 4.72806e+06 4.54269e+06 4.48574e+06 4.23009e+06 4.06901e+06 3.91072e+06 3.80674e+06 3.67109e+06 5.2195e+06 5.20524e+06 3.5753e+06 3.51317e+06 3.38745e+06 3.22834e+06 3.05787e+06 2.71743e+06 2.62333e+06 2.56e+06 2.20944e+06 1.76335e+06 2.0253e+06 1.87323e+06 1.65862e+06 1.54134e+06 1.3299e+06 1.28823e+06 1.11968e+06 1.04358e+06 999686 910395 786106 282787 202918 172002
threshold=1397.3956482188705 822.62264923049884 2273.1114059773076 2257.4581861031606 506.68302738297217 2803.4179486041867 1151.974653264883 30375.340833333335 1677.7554946954856 27330.252500000006 1950.5840221573269 303.37034084237683 30486.500000000004 1767.0654930259393 24980.067500000005 29244.441666666669 37978.630833333336 24980.067500000005 1097.1830890323909 -0.70710678118654735 737.99007240261528 3005.0980100075335 31433.727500000005 2695.7789523617867 1911.1456186422686 0.81174490092936691 0.69600850681274373 3005.0980100075335 -0.6830127018922193 22662.251666666671 1420.263053060253 27102.58666666667 576.46600801760758 -0.24999999999999994 454.72274095215397 464.25703865863346 0.10055000000000001 106.19546761270797 1.0000000180025095e-35 2324.5456906905015 435.62761669301636 35627.045000000006 2695.7789523617867 364.37064053653665 -0.5 -0.37940952255126059 -0.70710678118654735 5.5000000000000009 28264.799166666671 2.1005746971663721 3302.9503335992745 1.0080946158660313 44726.500000000007 1950.5840221573269 -0.25881904510252113 409.14134675315387 1.0322299932651813 18.190700000000003
decision_type=2 2 2 2 2 2 2 2 2 2 2 2 2 2 2 2 2 2 2 2 2 2 2 2 2 2 2 2 2 2 2 2 2 2 2 2 2 2 2 2 2 2 2 2 2 2 2 2 2 2 2 2 2 2 2 2 2 2
left_child=1 4 3 7 11 9 18 14 24 26 15 37 -7 49 40 29 31 36 22 -10 25 42 41 -15 -9 -19 -4 28 -12 -8 -17 32 -5 -33 48 -22 54 55 -16 -28 -2 -3 -14 45 -45 -20 -24 -38 -13 -11 -23 -39 -36 57 -6 -1 -55 -18
right_child=2 6 5 16 17 12 10 8 19 13 27 34 21 23 38 30 53 20 43 -21 35 50 46 -25 -26 -27 39 -29 -30 -31 -32 33 -34 -35 52 -37 47 51 -40 -41 -42 -43 -44 44 -46 -47 -48 -49 -50 -51 -52 -53 -54 56 -56 -57 -58 -59
leaf_value=-31.264142330578085 15.430918292999269 -8.5604646563529965 -11.417831101784341 52.703511414971473 -29.136536254882813 26.273450605797048 -25.767150129120928 22.007124022619074 49.211273884531451 29.937754032611849 -6.3512947845458987 -28.925890449382713 71.420017476084567 61.910901608881517 22.459322804159953 9.7354663992318038 51.620444068908697 -19.567840833352911 12.154344003382917 36.106883229669748 -10.066359416624984 87.066382645703357 4.8988693106834589 79.012568745312393 42.282590870274845 -8.6294694686128253 18.440419063930001 76.926274442672735 40.159261803885542 1.7523621118340775 20.081422328605356 33.764298301680476 16.549683468158431 57.958450955152514 -23.323617508798385 13.372290202752868 -17.710044543652071 -42.34641969059291 -9.087263335287572 49.744197791417442 -5.6204795807083219 -21.116358954845332 88.806834056459635 4.0553469586372373 -34.257147048069882 2.0946992312776795 -3.7144054768740555 -37.542447448659829 -25.484759069777603 58.450522504534035 105.01832580566406 -32.799721065052054 -5.1299862787127495 70.535719850328235 -52.832662077872989 -26.504637137192947 87.057612731933602 68.860589363425973
leaf_weight=438 89 996 25 85 24 32 57 1047 492 99 24 1998 438 885 1245 1711 39 1663 239 1298 1479 583 306 221 130 495 55 23 82 470 450 116 77 471 6043 66 161 444 31 59 172 194 115 29 25 812 822 53 2904 20 65 186 31 71 61 259 49 31
leaf_count=438 89 996 25 85 24 32 57 1047 492 99 24 1998 438 885 1245 1711 39 1663 239 1298 1479 583 306 221 130 495 55 23 82 470 450 116 77 471 6043 66 161 444 31 59 172 194 115 29 25 812 822 53 2904 20 65 186 31 71 61 259 49 31
internal_value=0.0240989 -15.9055 44.6887 32.8263 -23.2016 69.5287 3.1599 28.3854 33.614 58.8539 10.6726 -25.8926 81.2804 62.4919 18.277 9.31748 54.0745 -14.9247 -3.02409 39.7342 -13.7266 82.7229 -6.12569 65.3964 24.2805 -17.064 26.5747 38.6205 29.6676 -1.2673 11.8982 49.5069 35.7262 53.2429 -24.8691 -9.05709 -29.6679 -34.3327 21.6864 34.9332 1.58946 -10.6234 75.1895 3.48192 -13.9823 4.39167 -1.37556 -22.7736 -26.8929 35.177 89.0262 -39.5843 -23.2316 71.7267 -46.5586 -29.5361 77.9459 60.1177
internal_weight=30585 22545 8040 5443 16305 2597 6240 4504 2967 1364 2817 12303 1233 1225 1537 2688 939 4002 3423 1790 3703 1201 2318 1106 1177 2158 139 129 106 527 2161 749 162 587 10976 1545 299 1327 1276 114 261 1190 553 1105 54 1051 1128 214 4902 119 648 630 6074 190 85 697 120 70
internal_count=30585 22545 8040 5443 16305 2597 6240 4504 2967 1364 2817 12303 1233 1225 1537 2688 939 4002 3423 1790 3703 1201 2318 1106 1177 2158 139 129 106 527 2161 749 162 587 10976 1545 299 1327 1276 114 261 1190 553 1105 54 1051 1128 214 4902 119 648 630 6074 190 85 697 120 70
is_linear=0
shrinkage=0.1


Tree=9
num_leaves=58
num_cat=0
split_feature=10 10 10 9 9 9 6 6 9 9 10 6 15 10 6 10 8 8 6 10 8 10 6 17 9 6 11 9 11 11 18 1 0 26 1 15 26 26 24 1 5 5 9 1 11 9 9 10 18 1 14 1 14 15 16 13 6
split_gain=1.76655e+09 2.65916e+08 1.64397e+08 6.38444e+07 3.87655e+07 2.83376e+07 1.88269e+07 1.52902e+07 1.22776e+07 1.20596e+07 1.04508e+07 9.47459e+06 8.68515e+06 8.5382e+06 8.0557e+06 8.04084e+06 7.0189e+06 6.53331e+06 6.41674e+06 5.82235e+06 5.71691e+06 5.6054e+06 5.42411e+06 4.08912e+06 4.01219e+06 3.90634e+06 4.33618e+06 4.71978e+06 3.90457e+06 3.60548e+06 3.58972e+06 3.55345e+06 3.2351e+06 3.05962e+06 3.0504e+06 2.90556e+06 2.84364e+06 2.2336e+06 2.20323e+06 2.17956e+06 2.05137e+06 1.931e+06 2.94617e+06 1.84898e+06 3.1146e+06 2.91945e+06 1.33519e+06 1.33044e+06 1.29233e+06 1.27433e+06 1.12162e+06 912328 824221 641172 610076 467160 230066
threshold=1203.7994076510533 1983.9527159747879 684.59061149821753 2626.1050338120644 1769.3285804849877 910.35760903550988 33561.394166666672 22662.251666666671 3050.8705243132035 446.1872835029489 2289.661802668134 28884.805000000004 -0.37940952255126009 1563.727621682867 32373.50583333334 2665.9354191262587 1720.0260074008504 2895.5032941072968 22943.710833333338 284.6815767390824 2019.4196213484609 533.5398419183108 24316.990833333337 0.81174490092936691 1658.6664974867074 23768.352500000005 631.09926442692938 598.93948057395687 464.25703865863346 435.62761669301636 0.25000000000000006 0.18946953262365177 0.40095569295277217 17.936000000000003 0.07321173789992147 -0.9159756150367534 18.216350000000002 14.725100000000001 8.9606320000000022 0.11573843638251087 -747.82499999999993 -400.00500000000005 846.87044976825905 0.15364126980085169 375.17067062483983 667.49923971526641 1274.0841273047001 425.37867842193015 0.25000000000000006 0.054139681986966538 0.25881904510252091 0.16623843604882318 -0.78656609248549292 -0.70710678118654757 -0.60785761079279388 30032.720000000005 21696.998333333337
decision_type=2 2 2 2 2 2 2 2 2 2 2 2 2 2 2 2 2 2 2 2 2 2 2 2 2 2 2 2 2 2 2 2 2 2 2 2 2 2 2 2 2 2 2 2 2 2 2 2 2 2 2 2 2 2 2 2 2
left_child=2 4 9 6 11 25 10 -6 20 19 22 12 29 46 16 23 18 32 -7 49 -9 43 -3 -8 34 30 27 -27 -12 -2 51 -14 33 -5 -16 -15 -17 47 -18 52 -34 48 -43 44 -11 -45 -13 -21 -23 56 -26 -4 -19 -41 -51 -32 -1
right_child=1 3 5 17 7 14 15 8 -10 21 28 13 31 35 24 36 38 39 -20 37 -22 41 -24 -25 50 26 -28 -29 -30 -31 55 -33 40 -35 -36 -37 -38 -39 -40 53 -42 42 -44 45 -46 -47 -48 -49 -50 54 -52 -53 -54 -55 -56 -57 -58
leaf_value=-32.820673677998208 -0.17297537406285604 -6.0573634023251746 -5.4688657760620121 31.593130462819882 -34.030725254434529 -30.758752063773144 48.837539172556667 29.279757070282905 80.788790585701932 -21.128784316075105 53.68489045612629 10.715596050210641 14.138828677610721 15.631104547414347 10.156998012160713 98.779379102918838 56.251136077534071 87.139198746382206 -2.5815410804873693 -26.739072325519313 41.662821112160543 -18.086320090293885 30.023849750722498 66.789795016642628 20.572550657060415 -15.820543639920652 34.246673127879269 -7.0992790670560852 38.873488465857349 -35.13583306700496 -37.063849273681647 -0.96460824122234268 32.925376211969478 72.864188721241817 2.3351703798838712 29.340657061455712 66.55755105409466 -50.786490765739892 15.213716989093356 46.352221076190474 59.803433137380779 -15.535572728594559 -1.4797275583595919 -24.824206953782305 1.3594662439255487 -54.460066855826028 16.712372783612405 -23.196507553994039 -51.748052978515631 -43.66677668417654 52.638427075472748 -25.237678532070586 76.889966058907035 69.840447014453375 -35.087717676634838 -61.950679815383182 -24.010022792637908
leaf_weight=61 59 45 50 21 32 86 899 1152 56 7205 324 542 771 198 1044 44 21 302 1142 1925 566 26 514 158 26 839 22 2391 441 58 24 195 37 423 955 774 121 33 35 23 237 1342 168 207 62 40 1237 2612 22 154 21 44 270 101 302 20 106
leaf_count=61 59 45 50 21 32 86 899 1152 56 7205 324 542 771 198 1044 44 21 302 1142 1925 566 26 514 158 26 839 22 2391 441 58 24 195 37 423 955 774 121 33 35 23 237 1342 168 207 62 40 1237 2612 22 154 21 44 270 101 302 20 106
internal_value=0.0248626 35.5554 -16.2302 55.4158 21.6035 -3.33384 45.9175 33.6825 34.9224 -22.3048 37.595 15.9063 7.97299 19.0255 3.2178 54.8965 -2.98949 72.4738 -4.57829 -26.1537 33.3813 -20.0989 27.1136 51.5816 7.11284 -9.76857 -9.06334 -9.36884 45.2084 -17.6559 -26.2026 11.0922 65.4713 70.9876 6.42324 26.5669 75.6933 -24.9045 31.3196 79.5933 56.3068 -14.6202 -13.9738 -21.2328 -20.9368 -29.8238 14.8924 -24.7051 -34.2558 -35.2626 35.698 -14.8906 82.4439 65.8894 -38.0742 -49.5013 -27.4045
internal_weight=30585 9600 20985 3960 5640 6720 2546 1806 1774 14265 1324 3834 1083 2751 3330 1222 1284 1414 1228 5193 1718 9072 559 1057 2046 3390 3252 3230 765 117 138 966 718 444 1999 972 165 4570 56 696 274 1558 1510 7514 7267 247 1779 4537 48 623 47 94 572 124 456 44 167
internal_count=30585 9600 20985 3960 5640 6720 2546 1806 1774 14265 1324 3834 1083 2751 3330 1222 1284 1414 1228 5193 1718 9072 559 1057 2046 3390 3252 3230 765 117 138 966 718 444 1999 972 165 4570 56 696 274 1558 1510 7514 7267 247 1779 4537 48 623 47 94 572 124 456 44 167
is_linear=0
shrinkage=0.1


Tree=10
num_leaves=58
num_cat=0
split_feature=10 10 9 10 9 6 9 9 10 6 6 1 9 14 6 9 1 6 11 24 9 6 15 11 11 6 15 14 15 2 15 4 17 11 26 6 1 11 13 10 10 1 26 18 15 1 0 1 1 6 26 3 14 26 13 3 11
split_gain=1.43359e+09 2.06851e+08 1.58041e+08 3.36756e+07 3.31282e+07 2.36806e+07 1.68444e+07 1.61998e+07 1.50391e+07 8.86354e+06 8.17866e+06 8.13253e+06 8.01111e+06 7.85672e+06 7.1132e+06 6.95804e+06 6.34748e+06 5.44404e+06 5.1291e+06 6.44492e+06 4.48738e+06 4.40016e+06 9.55038e+06 4.38518e+06 4.30753e+06 4.24764e+06 4.17804e+06 4.16076e+06 4.09101e+06 4.0076e+06 3.80099e+06 3.5329e+06 3.5222e+06 3.44705e+06 3.39265e+06 3.07277e+06 2.9345e+06 2.88345e+06 2.78213e+06 2.62884e+06 2.58519e+06 2.48123e+06 2.28096e+06 2.20603e+06 2.07045e+06 1.69827e+06 1.4252e+06 1.33918e+06 1.25329e+06 1.22135e+06 1.19398e+06 1.16998e+06 1.06461e+06 876054 780938 569313 271973
threshold=1397.3956482188705 921.29225017694137 2273.1114059773076 2257.4581861031606 540.38965734328144 29910.420000000002 1720.0260074008504 1274.0841273047001 2228.4778661858099 22662.251666666671 25220.020000000004 0.18058820999331973 339.51440598911557 -0.78656609248549292 26563.906666666669 3005.0980100075335 0.14551972909613339 35980.531666666677 509.51803386083446 10.356741500000002 3050.8705243132035 29244.441666666669 -0.70710678118654757 308.17369765710924 456.93634900424689 35668.942500000012 -0.60355339059327384 -0.5 -0.37940952255126009 0.48492550601761891 -0.9829629131445341 0.10055000000000001 0.81174490092936691 430.40480358111773 18.589750000000006 31352.232500000002 0.11194166193044565 106.19546761270797 37287.205000000009 454.45907452993941 1097.1830890323909 0.1233863036674669 16.665200000000002 0.68301270189221941 -0.9829629131445341 0.1969881678844059 0.28385721731658087 0.073808701749192462 0.069201051545509221 31948.187500000004 18.160600000000006 2.2416948270893884 -0.25881904510252113 18.613500000000005 31624.265000000003 1.615922704426386 78.238657920977133
decision_type=2 2 2 2 2 2 2 2 2 2 2 2 2 2 2 2 2 2 2 2 2 2 2 2 2 2 2 2 2 2 2 2 2 2 2 2 2 2 2 2 2 2 2 2 2 2 2 2 2 2 2 2 2 2 2 2 2
left_child=1 4 3 6 12 9 14 16 20 -4 31 25 37 53 28 21 27 26 35 -20 43 22 -9 54 -23 -8 38 48 -2 -28 -15 52 -16 -13 45 -12 -36 56 -5 49 -29 -33 -25 -7 55 -11 -41 -39 -3 -14 -46 -22 -6 -10 -18 -19 -1
right_child=2 7 5 17 10 8 11 15 13 34 18 33 39 30 32 -17 23 44 19 -21 51 24 -24 42 -26 -27 29 40 -30 -31 -32 41 -34 -35 36 -37 -38 47 -40 46 -42 -43 -44 -45 50 -47 -48 -49 -50 -51 -52 -53 -54 -55 -56 -57 -58
leaf_value=-22.540148189571863 -36.481094294009004 12.176242269144446 -26.869940940193512 -8.3718314974396328 -21.397275211500087 47.237149336923409 27.272991606268302 -39.812693560853297 79.300932615862294 47.429945034499568 -14.454835374547233 23.436116697185078 -22.311975054657825 27.524195938640176 18.388173550403426 65.134067948659265 -12.173353011300788 49.092318570613863 -27.544535985486263 27.836857585783129 87.041737273245147 11.884132076789058 7.3251927716050833 -50.049469401041669 32.756090686031591 37.141256884025431 29.795351963347578 -3.6394642144221203 7.1570665763282193 47.921345413369664 62.198860747140387 -7.9520627141968028 32.201963913556447 -4.2783393757683887 38.855233037288372 -7.8638429880991625 8.3987466730177402 -27.126432016747813 29.590960774707124 -9.063778439561526 3.256243494278968 -26.619696406228201 -18.306924050473253 26.300357286265637 53.504114589095117 20.221986138409584 -18.240076612087265 -35.955595313935056 4.1530950795102548 -19.505047409489471 71.049111278851839 58.704519042968755 -48.287318511507408 65.727049640694062 -2.1329493984725656 26.117660096486414 -26.24180945664823
leaf_weight=841 22 393 22 26 22 557 944 48 402 217 968 88 3500 35 1982 23 103 23 28 76 32 1377 349 29 106 846 187 1123 327 394 965 122 205 90 64 2648 63 360 70 179 1052 174 103 60 127 28 4484 377 388 2967 83 54 66 98 306 29 333
leaf_count=841 22 393 22 26 22 557 944 48 402 217 968 88 3500 35 1982 23 103 23 28 76 32 1377 349 29 106 846 187 1123 327 394 965 122 205 90 64 2648 63 360 70 179 1052 174 103 60 127 28 4484 377 388 2967 83 54 66 98 306 29 333
internal_value=0.0244233 -12.9045 36.2757 26.583 -18.28 56.5725 22.982 4.16261 60.6189 33.8513 -10.4403 29.9279 -20.7461 66.3159 17.5821 11.5848 0.121444 43.8125 -9.00118 12.8062 48.386 10.8954 1.54019 -9.82703 13.3971 31.9551 38.946 1.9449 4.30986 42.1486 61.014 -24.3219 19.6971 9.47757 37.5048 -9.63175 23.9305 -26.7403 19.3291 -19.7146 -0.304197 -18.9783 -25.6045 45.247 56.1916 44.4153 -17.8898 -31.6854 8.20076 -21.0274 60.7424 70.1279 -41.8808 76.777 -4.68499 37.0141 -23.6115
internal_weight=30585 22545 8040 5443 17145 2597 4504 5400 2203 394 4104 1968 13041 1500 2536 1903 3497 939 3720 104 703 1880 397 541 1483 1790 677 2956 349 581 1000 384 2187 178 372 3616 127 1911 96 11130 2175 296 132 617 262 245 4663 737 781 6467 210 86 88 500 409 52 1174
internal_count=30585 22545 8040 5443 17145 2597 4504 5400 2203 394 4104 1968 13041 1500 2536 1903 3497 939 3720 104 703 1880 397 541 1483 1790 677 2956 349 581 1000 384 2187 178 372 3616 127 1911 96 11130 2175 296 132 617 262 245 4663 737 781 6467 210 86 88 500 409 52 1174
is_linear=0
shrinkage=0.1


Tree=11
num_leaves=57
num_cat=0
split_feature=10 9 10 10 6 9 10 9 10 6 7 15 15 14 6 1 23 1 10 15 17 1 11 11 9 8 15 15 17 2 8 9 23 1 7 1 8 9 15 11 4 6 9 15 5 6 9 11 10 7 1 5 6 11 23 9
split_gain=1.16411e+09 1.56705e+08 1.30448e+08 3.65335e+07 2.51223e+07 1.90578e+07 1.58836e+07 1.16405e+07 1.04497e+07 1.04239e+07 9.91083e+06 7.70537e+06 7.41356e+06 7.04288e+06 6.68039e+06 6.53955e+06 7.08691e+06 5.74483e+06 5.28564e+06 4.99461e+06 4.76037e+06 4.57941e+06 6.47266e+06 4.30384e+06 4.29121e+06 4.09932e+06 3.77635e+06 3.64474e+06 3.47866e+06 3.35652e+06 3.34646e+06 3.23744e+06 3.03299e+06 2.93834e+06 2.78142e+06 2.54582e+06 2.74255e+06 2.50105e+06 2.35566e+06 2.23984e+06 2.21132e+06 5.00476e+06 2.4032e+06 2.04056e+06 2.03701e+06 1.9236e+06 1.86982e+06 1.7e+06 1.61554e+06 1.09723e+06 980521 557181 408621 350971 311684 144437
threshold=1274.7662544137927 2148.5964702371089 741.17480295465418 1756.7994164434776 29910.420000000002 1049.3359823433866 2228.4778661858099 481.44663607983904 2374.987419907327 32373.50583333334 867.10914946797095 -0.5 -0.60355339059327384 -0.70710678118654735 26798.751666666667 0.15926292198568234 7.8633765000000002 0.11824496080429213 284.6815767390824 -0.37940952255126009 0.81174490092936691 0.15364126980085169 308.17369765710924 631.09926442692938 2970.0870861186709 1786.1298771869133 -0.9829629131445341 -0.70710678118654757 0.81174490092936691 0.58500522164666513 661.82619661890294 805.32491938319049 9.3313510000000015 0.10659098059708945 316.15238512326607 0.15364126980085169 1223.5762089648749 1444.143480146038 -0.9829629131445341 239.87965525133544 0.10055000000000001 31433.727500000005 1627.7543623828017 0.1294095225512602 178.04999999999998 29910.420000000002 2312.5587359574915 252.26299266618435 2767.1847758161971 182.17473618486298 0.037581011403084889 60.005000000000003 35025.419166666674 204.25273939992789 5.1791031500000004 28.63519445162547
decision_type=2 2 2 2 2 2 2 2 2 2 2 2 2 2 2 2 2 2 2 2 2 2 2 2 2 2 2 2 2 2 2 2 2 2 2 2 2 2 2 2 2 2 2 2 2 2 2 2 2 2 2 2 2 2 2 2
left_child=2 3 7 14 11 21 24 18 9 12 17 -3 -5 48 19 46 -17 37 50 -2 27 23 53 31 39 -19 -15 -16 -11 33 40 -4 -21 -10 -22 36 -32 -7 -31 -6 41 -9 -42 -26 -12 47 -13 -20 -8 -37 55 -52 -47 -23 -24 -1
right_child=1 4 5 8 6 10 13 30 29 28 44 15 -14 26 20 16 -18 25 45 32 34 22 54 -25 43 -27 -28 -29 -30 38 35 -33 -34 -35 -36 49 -38 -39 -40 -41 42 -43 -44 -45 -46 52 -48 -49 -50 -51 51 -53 -54 -55 -56 -57
leaf_value=-25.905337802569075 -31.405786361694336 -27.846910874048874 -7.8164070992820687 -11.506671519028515 23.63692838296123 7.3041747467082665 64.847650769006634 -34.494718767702579 40.75820329770854 31.011047012048284 29.929606315612798 21.868566131787222 21.130758045815803 22.720177128256822 8.1739113742860265 -8.3350817830939032 39.348552311591391 -2.9257369266104578 -20.38294164256439 0.87432601857347558 17.107079745838476 -6.4781797289605043 -25.935321589310963 39.08210303887077 67.326938331639894 27.698388083084769 54.876072081917187 16.573314317716093 50.757410556491067 32.670793567993201 -8.5114202467066651 -1.572147535049871 22.141039188428859 20.59708082329254 35.516592444587687 -13.206845529296181 19.972537449428017 22.016750107955932 59.733790076926908 41.260794965138103 -14.862678785664896 18.561404859452022 18.436409811540084 34.394882596772298 74.257507618990815 -18.444348556260895 42.099582535773521 -42.179726342897162 80.416926468119911 -33.680298919677732 -30.480965000051487 -20.670066566843737 -16.578260841323207 -14.256714543623801 -41.889160645175991 -16.104672013259517
leaf_weight=23 39 23 1487 75 86 1585 524 127 328 1028 24 60 873 40 715 75 52 878 4151 293 158 244 23 22 92 45 945 1892 100 48 1052 1880 86 97 178 54 34 124 134 675 3622 20 21 28 21 3047 255 36 101 54 552 75 2156 77 70 81
leaf_count=23 39 23 1487 75 86 1585 524 127 328 1028 24 60 873 40 715 75 52 878 4151 293 158 244 23 22 92 45 945 1892 100 48 1052 1880 86 97 178 54 34 124 134 675 3622 20 21 28 21 3047 255 36 101 54 552 75 2156 77 70 81
internal_value=0.0241026 30.2354 -12.5735 21.0015 49.102 -0.704223 53.0896 -17.665 29.7033 26.3027 5.75834 27.672 18.5393 59.0266 14.0483 30.6173 11.3438 4.95211 -19.6145 2.21263 15.728 -5.25365 -15.1705 -4.03809 42.1855 -1.40433 53.5946 14.2737 32.805 41.2712 -13.703 -4.33136 5.74558 36.2159 26.9362 -9.07304 -7.6021 8.38393 52.8138 39.3028 -15.1589 -27.1996 -14.6657 59.9906 51.7806 -18.9722 38.3275 -20.5804 67.4881 -23.6587 -27.8268 -29.3422 -17.6744 -8.38254 -38.2615 -18.4982
internal_weight=30585 9000 21585 6044 2956 6480 2491 15105 2683 2076 2677 465 948 1610 3361 442 127 2632 10121 418 2943 3803 414 3389 881 923 985 2607 1128 607 4984 3367 379 425 336 1194 1086 1709 182 761 3790 147 3643 120 45 9390 315 4187 625 108 731 627 5203 321 93 104
internal_count=30585 9000 21585 6044 2956 6480 2491 15105 2683 2076 2677 465 948 1610 3361 442 127 2632 10121 418 2943 3803 414 3389 881 923 985 2607 1128 607 4984 3367 379 425 336 1194 1086 1709 182 761 3790 147 3643 120 45 9390 315 4187 625 108 731 627 5203 321 93 104
is_linear=0
shrinkage=0.1


Tree=12
num_leaves=57
num_cat=0
split_feature=10 10 9 10 10 9 14 6 1 6 9 9 6 14 11 6 7 8 6 7 1 7 1 14 1 6 1 10 11 5 5 10 4 6 18 8 14 8 4 10 23 9 14 16 0 1 14 13 9 14 0 26 6 1 14 1
split_gain=9.44825e+08 1.45949e+08 1.01507e+08 3.0249e+07 2.16678e+07 1.1712e+07 1.12685e+07 1.11894e+07 9.26917e+06 8.5981e+06 6.16701e+06 5.69549e+06 5.51959e+06 5.37844e+06 5.16357e+06 4.82045e+06 4.76623e+06 4.3828e+06 4.34123e+06 4.20834e+06 4.156e+06 4.03744e+06 3.56679e+06 3.15172e+06 3.14816e+06 3.12489e+06 2.53167e+06 2.50319e+06 2.49607e+06 2.49596e+06 2.42858e+06 2.31337e+06 2.22694e+06 2.17386e+06 2.07631e+06 2.00429e+06 1.95136e+06 1.90805e+06 1.85153e+06 1.6716e+06 1.58605e+06 1.58133e+06 1.28313e+06 1.2544e+06 1.25079e+06 1.32731e+06 1.24668e+06 1.09274e+06 915995 764637 745778 744121 640362 632548 605111 441246
threshold=1423.1258677895378 921.29225017694137 2507.049509271968 1940.014878896319 543.68993134195205 1274.0841273047001 -0.37940952255126059 25860.555000000004 0.10176106252912483 31496.79416666667 3005.0980100075335 1950.5840221573269 25651.764166666671 -0.70710678118654735 576.46600801760758 35093.708333333343 709.52667636726585 1873.4163097475914 35025.419166666674 395.03103763224357 0.10969380598633353 867.10914946797095 0.17754724334573557 -0.70710678118654735 0.15497246883075538 23768.352500000005 0.19305214367951343 1706.1374638911916 497.39075132390343 -337.56999999999988 698.00500000000022 1184.9845847808581 0.54723555043623129 41270.977500000008 -0.6830127018922193 1090.1199783712404 -0.9159756150367534 2895.5032941072968 1.0612289791592227 451.33932311649619 9.7433180000000004 1341.4782212663174 -0.70710678118654735 -0.60785761079279388 0.46891134624608977 0.088007345739668272 -0.70710678118654735 31801.905000000002 2863.635411009132 -0.5 0.33307987826382279 6.6774500000000012 31285.19666666667 0.16623843604882318 -0.37940952255126059 0.081621406900387647
decision_type=2 2 2 2 2 2 2 2 2 2 2 2 2 2 2 2 2 2 2 2 2 2 2 2 2 2 2 2 2 2 2 2 2 2 2 2 2 2 2 2 2 2 2 2 2 2 2 2 2 2 2 2 2 2 2 2
left_child=1 4 3 9 12 15 19 38 16 25 20 22 32 35 -10 24 -8 27 29 33 37 23 43 -13 31 26 -2 -11 -26 -15 -27 -3 55 -5 -23 53 -24 -9 -4 52 49 -41 -21 -7 45 -12 -19 -20 -22 -17 -37 -34 -14 -6 -42 -1
right_child=2 5 7 6 13 11 8 10 14 17 44 21 39 18 -16 40 -18 46 47 42 48 34 36 -25 28 30 -28 -29 -30 -31 -32 -33 51 -35 -36 50 -38 -39 -40 41 54 -43 -44 -45 -46 -47 -48 -49 -50 -51 -52 -53 -54 -55 -56 -57
leaf_value=-23.503039852708582 13.708777870015897 -2.8160227320545896 -12.265732832877866 31.557497452111807 -3.9764060070721934 4.1079067890304533 30.927755692169622 47.357671710900604 24.340088747474962 15.08001356662855 63.760057091540602 32.754845939363754 -18.20299178204294 -26.15298477499277 4.4267928478729663 10.413557189354016 53.619961096013633 31.760863617813317 7.750153244259181 58.778114357701057 32.959198802333695 30.7194121497018 23.80065032295559 -4.7422417665782728 -7.5946898429900758 11.780036469607779 -16.22255017858156 24.412984637640143 -31.974700287977857 -12.669988150121307 32.301431818477447 5.0273656259862163 -26.449709252466132 53.18846322377523 78.337937945411326 -6.7531369439486797 -6.9916052863682587 58.281964504249451 26.202652542931691 -14.703409229942134 2.7865226577628746 10.685210268259048 44.328994474203689 11.036143281459809 32.637733823602851 52.98923940880757 23.13977724438065 -6.8148565173130624 45.396103321776103 4.6500509580916907 11.105403851705885 -19.011828878725265 -16.116308291827337 -17.696100496564593 -6.9355538325063115 -30.023301157489904
leaf_weight=199 46 1455 30 271 915 322 1166 632 375 892 414 55 2949 148 200 426 102 392 53 161 221 20 22 37 347 1202 70 431 47 1929 60 506 157 59 20 28 196 253 20 4493 142 24 137 1424 21 223 325 1208 97 506 125 1362 3212 34 115 309
leaf_count=199 46 1455 30 271 915 322 1166 632 375 892 414 55 2949 148 200 426 102 392 53 161 221 20 22 37 347 1202 70 431 47 1929 60 506 157 59 20 28 196 253 20 4493 142 24 137 1424 21 223 325 1208 97 506 125 1362 3212 34 115 309
internal_value=0.0237574 -10.2599 30.0614 23.5559 -14.8501 3.69382 31.9869 50.0862 28.0137 17.4533 51.3399 9.6174 -16.9519 -8.83333 17.4334 0.188751 32.794 21.5769 -10.8327 43.5841 46.9658 29.6562 8.2562 17.7857 -2.43166 11.3374 -4.33751 18.1366 -10.5766 -13.6429 12.7805 -0.79065 -21.7456 35.5739 55.8586 -2.77272 -3.78964 50.5429 3.33369 -16.0399 5.37657 -14.5662 52.3059 9.76151 59.2535 60.0784 27.8908 -6.19703 36.8833 7.29278 7.81454 -19.7975 -17.1179 -4.48605 -1.57384 -27.5203
internal_weight=30585 22785 7800 5889 17145 5640 2471 1911 1843 3418 1861 2096 12705 4440 575 3544 1268 2040 3338 628 1203 132 1964 92 2355 1378 116 1323 394 2077 1262 1961 2027 330 40 1102 218 885 50 10678 1189 4517 298 1746 658 637 717 1261 318 932 153 1519 6161 949 257 508
internal_count=30585 22785 7800 5889 17145 5640 2471 1911 1843 3418 1861 2096 12705 4440 575 3544 1268 2040 3338 628 1203 132 1964 92 2355 1378 116 1323 394 2077 1262 1961 2027 330 40 1102 218 885 50 10678 1189 4517 298 1746 658 637 717 1261 318 932 153 1519 6161 949 257 508
is_linear=0
shrinkage=0.1


Tree=13
num_leaves=57
num_cat=0
split_feature=10 9 9 10 10 10 0 6 6 9 8 9 6 10 6 14 14 6 15 3 10 9 11 1 17 4 18 15 10 12 15 17 0 2 13 12 11 18 26 4 23 8 15 10 9 2 3 23 17 26 10 16 10 1 9 1
split_gain=7.6647e+08 1.20825e+08 7.26657e+07 2.78248e+07 2.04741e+07 1.12804e+07 9.68108e+06 9.5878e+06 7.2194e+06 6.70322e+06 6.6527e+06 6.56286e+06 6.29956e+06 6.04967e+06 5.90205e+06 4.82291e+06 4.4772e+06 4.05666e+06 5.09411e+06 3.89058e+06 3.51171e+06 3.21495e+06 3.01595e+06 3.00612e+06 2.38233e+06 3.57854e+06 3.34971e+06 2.35556e+06 2.30884e+06 2.23147e+06 1.99379e+06 2.17987e+06 1.71063e+06 1.70023e+06 1.53318e+06 1.49816e+06 1.46374e+06 1.44769e+06 1.43039e+06 1.26192e+06 1.17619e+06 1.12413e+06 1.31738e+06 972391 1.29323e+06 956898 901537 895281 806741 839150 785974 742877 588275 425184 311319 279540
threshold=1203.7994076510533 1950.5840221573269 691.30499012125676 2257.4581861031606 1677.7554946954856 921.29225017694137 0.47225895453051486 24590.025833333337 24980.067500000005 2970.0870861186709 431.32321617327807 1720.0260074008504 23379.125000000004 2521.0321204144539 33561.394166666672 -0.78656609248549292 -0.5 28202.850833333338 -0.78656609248549325 2.1325599351779121 2695.7789523617867 493.26516756242717 687.63510778768716 0.15926292198568234 0.81174490092936691 0.23170463394399546 0.68301270189221941 -0.70710678118654757 284.6815767390824 28636.500000000004 -0.9829629131445341 0.81174490092936691 0.51558491325377398 0.4520020222815761 33093.810000000005 26480.000000000004 280.17707909155911 0.25000000000000006 18.576600000000003 0.59231845513180603 5.8630007000000015 718.13339971377411 -0.37940952255126009 1144.1496351358087 133.87200642658311 0.59700384513092264 0.94543838656087009 9.8008785000000014 0.81174490092936691 19.249950000000002 699.69787615921916 -0.60785761079279388 484.7648770179436 0.068051304740325322 447.46087021963478 0.087347966513776756
decision_type=2 2 2 2 2 2 2 2 2 2 2 2 2 2 2 2 2 2 2 2 2 2 2 2 2 2 2 2 2 2 2 2 2 2 2 2 2 2 2 2 2 2 2 2 2 2 2 2 2 2 2 2 2 2 2 2
left_child=2 4 10 7 17 12 15 29 22 19 28 14 37 16 27 45 -10 18 -2 -9 -17 43 33 47 25 -14 -26 -7 51 -3 40 -32 -15 -6 -13 -20 -16 39 -11 -4 -19 55 -43 44 -12 -5 -24 -8 49 -30 -39 53 -50 -1 -53 -23
right_child=1 3 5 6 8 11 23 9 13 38 21 34 24 32 36 20 -18 30 35 -21 -22 41 46 -25 26 -27 -28 -29 48 -31 31 -33 -34 -35 -36 -37 -38 50 -40 -41 -42 42 -44 -45 -46 -47 -48 -49 52 -51 -52 54 -54 -55 -56 -57
leaf_value=-21.423088027371303 -34.924396591716345 -35.033011976877852 -31.228371028900149 44.643433455626173 30.56052465727835 -14.51129162288629 34.904418467035832 25.223324281937238 29.424949334102788 67.323266580369747 -25.183422927856448 47.505491681098938 -31.392478885985259 40.293723933941855 4.6670353090559686 40.479715186372495 17.853254219811728 9.0155655648310979 27.74183617401123 38.037687564957636 52.724292643355795 -10.716982424165074 -3.6331533607683681 -4.9817057609558111 -2.7039415458389815 -5.9824624724274198 18.954303687395051 -1.5866928339983259 -17.489271210929967 4.2310860943149882 9.9425643437561675 19.086386830167267 21.624253572736468 1.8131331239427841 16.90752013887678 2.7569316728398547 15.29840183731512 -26.121425942138387 43.084233351399128 -4.8489296436309814 -9.770533675511679 -12.033290072742679 -3.4124672734249581 7.4364272571745378 -14.174305786155566 58.024321333167329 -25.823203689987594 21.475209898267476 -14.416167572058018 -34.616709696451828 -47.124149484345409 -22.251166682116192 2.8302606798353653 -31.73156638826643 -15.22483308127757 -13.190915444241384
leaf_weight=71 35 23 29 83 32 155 264 1396 421 35 109 34 56 213 1629 794 1682 59 24 291 358 1519 37 23 420 2097 85 1472 2708 36 1989 301 69 55 34 613 140 53 132 47 74 301 432 20 7439 456 36 69 756 29 32 374 20 139 88 697
leaf_count=71 35 23 29 83 32 155 264 1396 421 35 109 34 56 213 1629 794 1682 59 24 291 358 1519 37 23 420 2097 85 1472 2708 36 1989 301 69 55 34 613 140 53 132 47 74 301 432 20 7439 456 36 69 756 29 32 374 20 139 88 697
internal_value=0.0237831 23.4275 -10.6833 36.8148 14.0231 -1.68146 44.9267 28.1158 20.6667 29.3789 -14.53 2.14079 -6.37735 22.0456 1.51998 48.0949 20.1827 8.55522 1.6776 27.455 44.3273 -13.185 0.102574 29.7854 -5.2083 -6.65765 0.97176 -2.82614 -17.906 -11.404 10.4612 11.1522 35.8182 12.614 32.6733 3.74029 5.51658 -25.5263 48.5348 -15.1896 -1.43176 -10.3758 -6.9641 -14.2781 -14.3366 56.0503 -14.7773 32.1944 -16.867 -17.6833 -34.4843 -23.3047 -13.9686 -28.3644 -20.9486 -11.5007
internal_weight=30585 9600 20985 3960 5640 6283 2047 1913 2545 1854 14702 3464 2819 2385 3396 1691 2103 3095 672 1687 1152 10517 160 356 2658 2153 505 1627 4185 59 2423 2290 282 87 68 637 1769 161 167 76 133 2949 733 7568 7548 539 73 333 3513 2737 85 672 776 210 462 2216
internal_count=30585 9600 20985 3960 5640 6283 2047 1913 2545 1854 14702 3464 2819 2385 3396 1691 2103 3095 672 1687 1152 10517 160 356 2658 2153 505 1627 4185 59 2423 2290 282 87 68 637 1769 161 167 76 133 2949 733 7568 7548 539 73 333 3513 2737 85 672 776 210 462 2216
is_linear=0
shrinkage=0.1


Tree=14
num_leaves=53
num_cat=0
split_feature=10 10 9 10 9 10 6 6 6 10 15 1 9 8 2 15 11 8 6 1 11 6 9 11 15 15 1 8 15 23 1 7 4 17 11 9 10 1 15 10 10 16 6 9 11 6 5 11 9 1 6 5
split_gain=6.22614e+08 9.3094e+07 6.97319e+07 2.11144e+07 1.06698e+07 9.31169e+06 8.55769e+06 7.53738e+06 6.53745e+06 6.13071e+06 4.72589e+06 4.71161e+06 5.70641e+06 4.42004e+06 3.48662e+06 3.4743e+06 3.83902e+06 3.28734e+06 3.23319e+06 3.18757e+06 4.172e+06 3.09506e+06 3.05456e+06 2.81445e+06 3.27989e+06 2.784e+06 3.10439e+06 2.73944e+06 2.96315e+06 2.56319e+06 2.52811e+06 2.16322e+06 1.93203e+06 1.68811e+06 1.64204e+06 1.61644e+06 1.48808e+06 1.42424e+06 1.55297e+06 1.30595e+06 1.04124e+06 939792 873850 684282 683917 646596 637899 572419 490264 369854 253582 234822
threshold=1406.9133085702856 790.92793130418727 2507.049509271968 1940.014878896319 1049.3359823433866 473.93637447067692 35980.531666666677 25860.555000000004 31496.79416666667 2631.610696155893 -0.60355339059327384 0.24704976018373964 3005.0980100075335 3005.0980100075335 0.70281878777878048 -0.70710678118654757 247.26169252403 1699.6209308463654 35668.942500000012 0.15497246883075538 308.17369765710924 24862.843333333334 1845.9241844862479 400.20756300939792 -0.9829629131445341 0.1294095225512602 0.22920403930075578 1121.1268698485089 -0.37940952255126009 5.7639892500000007 0.10443405087852671 709.52667636726585 0.23170463394399546 0.81174490092936691 497.39075132390343 2863.635411009132 2289.661802668134 0.094438753586347665 -0.70710678118654757 2665.9354191262587 232.86589403628523 -0.8783796973249266 29974.000833333335 1118.0986428112681 180.37953340173613 20008.381666666672 90.015000000000001 172.99423127318576 910.35760903550988 0.060107392327039592 42041.411666666674 1.0049999999999957
decision_type=2 2 2 2 2 2 2 2 2 2 2 2 2 2 2 2 2 2 2 2 2 2 2 2 2 2 2 2 2 2 2 2 2 2 2 2 2 2 2 2 2 2 2 2 2 2 2 2 2 2 2 2
left_child=1 5 3 8 19 21 9 36 25 10 -5 12 17 30 22 18 -17 -6 -10 27 51 40 32 39 -25 29 -27 33 -29 -2 31 -9 -7 -3 -11 -32 -4 41 -39 -8 46 -15 43 -23 50 -42 -1 -44 -22 -46 -16 -21
right_child=2 4 7 6 11 14 23 13 15 34 -12 -13 -14 37 44 16 -18 -19 -20 20 48 42 -24 24 -26 26 -28 28 -30 -31 35 -33 -34 -35 -36 -37 -38 38 -40 -41 45 -43 47 -45 49 -47 -48 -49 -50 -51 -52 -53
leaf_value=-24.799575076232614 12.279374696134212 -4.2925881140224984 -13.282310962677002 3.8271428163932719 4.7353239270041341 -24.738478843201985 27.840349548221127 39.240429484299746 -0.59863965786993512 38.826951941900091 21.152191766837369 -30.219450383572969 57.649021766299292 39.13173243028146 -5.2935902777330845 15.126655027216131 25.94728980732036 21.013884882963907 15.392442794434437 -8.5922701606687326 -37.359537429075978 -14.74837280978511 21.556757545471193 18.698269102866188 45.670832404705656 13.418087832450865 -10.722684652763501 -3.5957489380374499 9.8205784120385395 -2.5047957374832848 25.184003953291821 53.368950654478638 -10.209417484818161 4.2136300426424667 19.016350381395647 39.459406594012648 20.657860422134402 17.374325414804314 45.235100187753375 48.21683911217584 -24.809369029813602 55.394267041683207 -12.899982867199407 -28.64535112123232 18.387797541845412 -16.338907152067531 -7.7885121455559361 3.8768854050409227 -19.978806464902817 0.030869229634602865 -1.591394354721956 -3.0032256985349317
leaf_weight=303 181 1907 27 183 3310 93 485 831 159 227 1149 36 20 53 536 659 665 128 615 150 51 3242 29 56 281 874 56 288 382 329 207 135 4432 265 55 140 23 25 151 35 102 319 5701 36 20 1099 25 20 30 23 284 153
leaf_count=303 181 1907 27 183 3310 93 485 831 159 227 1149 36 20 53 536 659 665 128 615 150 51 3242 29 56 281 874 56 288 382 329 207 135 4432 265 55 140 23 25 151 35 102 319 5701 36 20 1099 25 20 30 23 284 153
internal_value=0.022184 -8.41201 24.1567 18.8596 1.46 -12.5724 25.9538 40.7944 13.8989 21.6388 18.7766 5.28811 5.6664 41.8233 -9.20014 17.4609 20.577 5.34732 12.1109 -2.68649 -11.2259 -14.3065 -10.3045 34.0457 41.2573 8.70083 11.9545 -1.52913 4.0568 2.7559 38.5908 41.2681 -10.5134 -3.25331 35.044 31.0404 2.4291 49.4841 41.3981 29.3018 -18.477 53.1884 -13.5959 -14.9097 -3.36727 -17.0783 -23.5306 -12.8407 -31.2444 8.79283 -4.01487 -5.78924
internal_weight=30585 22665 7920 6009 6720 15945 2471 1911 3538 1614 1332 3494 3458 1861 5417 2098 1324 3438 774 3226 384 10528 4554 857 337 1440 930 2842 670 510 1313 966 4525 2172 282 347 50 548 176 520 1529 372 8999 3278 863 1201 328 5721 81 43 820 303
internal_count=30585 22665 7920 6009 6720 15945 2471 1911 3538 1614 1332 3494 3458 1861 5417 2098 1324 3438 774 3226 384 10528 4554 857 337 1440 930 2842 670 510 1313 966 4525 2172 282 347 50 548 176 520 1529 372 8999 3278 863 1201 328 5721 81 43 820 303
is_linear=0
shrinkage=0.1


Tree=15
num_leaves=57
num_cat=0
split_feature=10 9 10 10 9 10 6 14 11 17 8 14 10 15 1 7 10 6 9 1 8 6 15 14 14 8 26 7 1 15 23 11 6 16 7 11 6 11 18 2 1 11 1 8 9 6 7 1 15 11 19 4 1 15 1 11
split_gain=5.05533e+08 7.6143e+07 5.13514e+07 2.2223e+07 9.24973e+06 9.03592e+06 8.91705e+06 7.60944e+06 6.3621e+06 5.06563e+06 5.72591e+06 4.78646e+06 4.43849e+06 4.24828e+06 4.10429e+06 6.00204e+06 3.30704e+06 3.44705e+06 3.14707e+06 3.08189e+06 2.7787e+06 2.7501e+06 4.52427e+06 2.55483e+06 2.15519e+06 1.95696e+06 1.85099e+06 1.79288e+06 1.57391e+06 1.46719e+06 1.39565e+06 2.14241e+06 1.37936e+06 1.37892e+06 1.81413e+06 1.38775e+06 1.36644e+06 2.94739e+06 1.91197e+06 1.28356e+06 1.32142e+06 1.20634e+06 1.17655e+06 1.15811e+06 1.07703e+06 1.06868e+06 1.00289e+06 961276 915313 888097 681118 669027 533504 294537 482204 307481
threshold=1236.433106384646 1873.4163097475914 684.59061149821753 2257.4581861031606 910.35760903550988 1677.7554946954856 24590.025833333337 -0.60355339059327362 866.73822657055348 0.81174490092936691 1873.4163097475914 -0.70710678118654735 414.99062941339594 -0.12940952255126034 0.24704976018373964 867.10914946797095 2739.3066488678764 26221.600000000002 1769.3285804849877 0.061552621303690887 1720.0260074008504 29122.735000000004 -0.78656609248549325 -0.70710678118654735 -0.37940952255126059 478.45318210849354 18.190700000000003 777.36461542940708 0.07141723274075211 0.60355339059327384 7.7504735000000009 333.97612482584282 21696.998333333337 -0.60785761079279388 380.05603431913977 342.34426700996619 23768.352500000005 614.20424327994806 0.25000000000000006 0.5979498199937715 0.07815191598035949 478.87360381594812 0.24704976018373964 1070.3592507967403 811.56075938547838 22662.251666666671 478.88074020182006 0.093726962052257792 -0.5 129.84246422645592 1.0000000180025095e-35 2.6050496261871845 0.19305214367951343 0.25881904510252057 0.09181202052367933 115.81790009076933
decision_type=2 2 2 2 2 2 2 2 2 2 2 2 2 2 2 2 2 2 2 2 2 2 2 2 2 2 2 2 2 2 2 2 2 2 2 2 2 2 2 2 2 2 2 2 2 2 2 2 2 2 2 2 2 2 2 2
left_child=2 5 12 6 24 21 29 39 19 10 -8 20 32 -11 15 -13 17 -9 25 27 28 22 52 -21 30 41 -18 -7 -6 45 50 -32 53 34 -23 -35 38 -38 -26 40 -5 -14 -24 -10 -27 -3 -22 -41 49 -34 -4 -50 -2 55 -55 -1
right_child=1 3 4 7 11 8 9 16 43 13 -12 14 18 -15 -16 -17 26 -19 -20 23 46 33 42 -25 36 44 -28 -29 -30 -31 31 -33 48 35 -36 -37 37 -39 -40 47 -42 -43 -44 -45 -46 -47 -48 -49 51 -51 -52 -53 -54 54 -56 -57
leaf_value=-16.528293597972436 -41.817132259550554 -33.659252392804184 23.406228065490723 41.894514249210005 10.617384731477621 20.600138059356112 12.340153505459375 6.4011160254478456 -6.1513295795606533 42.4659619712357 24.718876048866033 -0.59305304460413089 -12.02477559374794 21.392933058876523 -37.889482485014817 46.837709723578563 66.218428657794831 30.607260698234956 27.784546970185779 26.354886686040999 45.718975619971758 3.2843861976611883 4.5251302639145221 12.098336441795674 -7.999039930175333 -9.9003044167808056 38.444980658376352 49.924730786410244 3.124318629801726 8.848011405127389 -1.4685026806519108 -26.101658498918688 -15.203854366423187 9.4880779028960021 33.314930379958376 19.327514839761051 -6.45303057137642 30.341305030475965 -34.269822038922989 49.241205398296493 21.170021449303142 -34.621025117238361 -18.475860467164413 -39.318235792432517 -4.7225536806993018 -5.988817125751126 15.122459411621094 39.317877902406636 -13.300551945504267 -22.650887454516518 4.9761541490242864 0.096331041898482891 -17.449712971278601 -10.313939333042583 -21.334380454623826 -24.33102335499705
leaf_weight=80 20 26 24 107 489 762 545 63 22 226 1212 2247 6630 172 28 26 28 1038 20 140 23 490 697 1239 84 3751 270 21 658 27 776 36 761 1336 20 161 2379 21 41 434 48 23 22 20 453 30 22 164 1919 210 106 38 20 73 96 211
leaf_count=80 20 26 24 107 489 762 545 63 22 226 1212 2247 6630 172 28 26 28 1038 20 140 23 490 697 1239 84 3751 270 21 658 27 776 36 761 1336 20 161 2379 21 41 434 48 23 22 20 453 30 22 164 1919 210 106 38 20 73 96 211
internal_value=0.021521 19.3804 -8.51603 28.9762 -1.47392 10.9002 21.9811 36.2373 15.6767 23.2201 20.8884 2.15774 -11.9516 33.4355 -0.507107 -0.0301518 31.8211 29.2292 -10.9647 16.4282 7.298 7.08994 1.9592 13.5638 -5.13239 -11.0386 41.2673 21.4493 6.3253 -10.0799 -1.04898 -2.59138 -15.1158 9.02832 4.52495 10.5585 -6.65477 -6.11858 -16.8195 44.389 35.6535 -12.1081 3.79666 -22.4922 -9.34363 -19.2009 31.4146 46.5899 -14.3045 -16.8361 8.53133 -13.0405 -30.3562 -20.2378 -16.6627 -22.2499
internal_weight=30585 9360 21225 4390 6960 4970 2238 2152 2204 2155 1757 3493 14265 398 2301 2273 1399 1101 10877 2162 1192 2766 759 1379 3467 10857 298 783 1147 83 942 812 3388 2007 510 1497 2525 2400 125 753 155 6653 719 42 4204 56 45 598 2928 971 130 1957 40 460 169 291
internal_count=30585 9360 21225 4390 6960 4970 2238 2152 2204 2155 1757 3493 14265 398 2301 2273 1399 1101 10877 2162 1192 2766 759 1379 3467 10857 298 783 1147 83 942 812 3388 2007 510 1497 2525 2400 125 753 155 6653 719 42 4204 56 45 598 2928 971 130 1957 40 460 169 291
is_linear=0
shrinkage=0.1


Tree=16
num_leaves=60
num_cat=0
split_feature=10 9 9 10 10 6 0 11 6 7 11 6 4 9 26 10 14 6 1 6 14 11 1 4 26 24 3 23 6 11 12 1 11 24 7 8 6 11 16 16 23 10 22 26 6 9 7 0 9 8 6 11 1 6 4 4 17 6 7
split_gain=4.1174e+08 8.23224e+07 2.57853e+07 1.77934e+07 1.10716e+07 7.09164e+06 6.43611e+06 4.6693e+06 4.66032e+06 4.63402e+06 4.45325e+06 3.91261e+06 3.58386e+06 3.48687e+06 3.19314e+06 3.10473e+06 3.50404e+06 3.00957e+06 2.74184e+06 2.66567e+06 2.46893e+06 2.37063e+06 2.20426e+06 2.19085e+06 2.18774e+06 2.13965e+06 2.13855e+06 2.03692e+06 1.99769e+06 1.91286e+06 1.88041e+06 1.8123e+06 5.36782e+06 1.79366e+06 1.61096e+06 1.59455e+06 1.37902e+06 1.34625e+06 1.18807e+06 1.16929e+06 977901 879711 871957 1.56062e+06 1.40806e+06 794155 793339 688992 675788 671467 615452 573377 552002 537072 458062 454164 320142 181069 127895
threshold=1097.1830890323909 1873.4163097475914 598.93948057395687 2257.4581861031606 1627.9255476811095 28264.799166666671 0.41693426933808292 866.73822657055348 28202.850833333338 709.52667636726585 560.65504025192899 33338.311666666676 0.39550427423027895 303.37034084237683 8.8297500000000024 2374.987419907327 -0.70710678118654735 43581.45416666667 0.19305214367951343 23768.352500000005 -0.70710678118654735 83.609774535864872 0.081080730179258764 1.0774614135497969 18.160600000000006 3.8444314000000008 1.0090803937399995 8.0902885000000015 42502.757500000007 390.10552129938475 30178.500000000004 0.15364126980085169 509.51803386083446 7.7071885000000009 472.40360327348986 469.58325007926953 36979.745833333342 338.3537910039542 -0.60785761079279388 -1.0000000180025095e-35 6.4001635000000006 2739.3066488678764 1.5000000000000002 15.500850000000002 23768.352500000005 71.155737247132606 649.02696317211291 0.35328332205487739 1317.5944467224513 476.54513212773116 38967.955000000009 277.40899900864594 0.062158159500752833 27879.015833333335 0.89374517103244011 0.69600850681274373 0.81174490092936691 26971.845000000005 168.85781641687819
decision_type=2 2 2 2 2 2 2 2 2 2 2 2 2 2 2 2 2 2 2 2 2 2 2 2 2 2 2 2 2 2 2 2 2 2 2 2 2 2 2 2 2 2 2 2 2 2 2 2 2 2 2 2 2 2 2 2 2 2 2
left_child=2 4 13 5 11 19 20 15 12 17 14 21 42 38 36 16 -6 -7 24 26 41 57 -16 -17 -8 -23 -3 46 -22 48 -21 32 -14 -11 -33 53 -10 50 45 -9 -39 -5 44 -44 -4 51 -12 -31 -13 52 -37 -1 -40 54 -15 -47 -55 -2 -51
right_child=1 3 8 6 7 9 18 39 10 33 27 29 31 35 22 23 -18 -19 -20 30 28 25 -24 -25 -26 -27 -28 -29 -30 47 -32 34 -34 -35 -36 37 -38 40 49 -41 -42 -43 43 -45 -46 55 -48 -49 -50 58 -52 -53 -54 56 -56 -57 -58 -59 -60
leaf_value=-20.875892065189504 15.604009822918023 7.7418853026169998 -26.008404655456545 39.642470692207667 23.863583364541689 19.971989053754385 7.7300985211538062 -35.714503606160484 -8.987439017269379 7.9367976234072728 47.11911023457845 5.7526666433990563 -5.0362946269993101 -14.880558699083194 2.8850539879814141 16.021131431058123 11.249467921081132 55.156915802001961 -5.1176247366543475 19.536274670299733 30.766310844247201 -29.195028599103292 -2.774611980138348 32.086891679465772 28.084253766283645 0.88395356070929054 -31.040085750818253 -3.3660055160522462 44.883326862728786 17.303714215287975 2.0168628987981312 -8.8882689570373667 36.322066220370203 39.99470703222535 -26.894494878834692 -9.3374225602193288 -3.0730334906805283 -5.1600867634727843 -10.967748496611673 -2.9370033264160158 -32.221400077952893 50.098140987923479 -40.768158719977556 -15.036778183102607 1.6258891983543124 -22.258655396364269 21.108381964365645 39.35156319358132 9.4574527320677344 -6.3874043096195576 -5.8796033123415761 -33.724942276000981 -16.740106414911452 -11.235401640221763 -11.695339176599845 -14.412106660589714 -9.1354040348168581 8.6828941854712092 2.8396361623491564
leaf_weight=161 45 25 39 448 251 1754 58 20 641 20 23 966 641 707 1445 202 1812 24 28 113 656 23 1312 151 715 1618 31 21 125 50 133 366 32 175 57 4800 1026 20 330 23 42 122 48 49 34 102 29 21 1020 54 584 49 355 4057 1376 322 923 291 20
leaf_count=161 45 25 39 448 251 1754 58 20 641 20 23 966 641 707 1445 202 1812 24 28 113 656 23 1312 151 715 1618 31 21 125 50 133 366 32 175 57 4800 1026 20 330 23 42 122 48 49 34 102 29 21 1020 54 584 49 355 4057 1376 322 923 291 20
internal_value=0.0204395 15.5898 -8.62558 26.1037 8.41833 19.9213 32.6272 13.7065 -3.0008 22.1051 -1.49114 5.19225 -8.3579 -10.9569 -1.89768 14.2898 12.795 20.4777 25.4563 5.62839 36.8567 2.01397 0.191705 22.9647 26.569 0.444848 -13.8946 22.8386 33.0803 8.24447 10.1109 -6.25027 -3.0188 36.764 -11.3723 -10.4266 -5.35128 -9.13575 -15.7083 -18.6476 -23.7124 41.9642 -21.8299 -28.0559 -13.2896 -18.9227 33.2851 24.2809 7.65923 -13.0019 -8.96352 -24.0196 -13.9793 -11.4205 -12.7831 -16.3477 -10.8481 9.65338 -3.889
internal_weight=30585 10920 19665 4427 6493 2275 2152 2459 5763 1973 4497 4034 1266 13902 4424 2416 2063 1778 801 302 1351 1977 2757 353 773 1641 56 73 781 2057 246 1096 673 195 423 12509 1667 5446 1393 43 62 570 170 97 73 634 52 71 1986 759 5384 210 685 7063 2083 424 4980 336 74
internal_count=30585 10920 19665 4427 6493 2275 2152 2459 5763 1973 4497 4034 1266 13902 4424 2416 2063 1778 801 302 1351 1977 2757 353 773 1641 56 73 781 2057 246 1096 673 195 423 12509 1667 5446 1393 43 62 570 170 97 73 634 52 71 1986 759 5384 210 685 7063 2083 424 4980 336 74
is_linear=0
shrinkage=0.1


Tree=17
num_leaves=59
num_cat=0
split_feature=10 9 9 9 10 1 1 11 3 6 14 0 6 11 15 9 11 9 14 6 15 9 15 1 6 15 10 11 15 0 10 11 11 6 1 15 23 4 1 18 11 9 15 4 22 11 26 22 3 1 1 3 17 7 3 15 11 10
split_gain=3.33717e+08 6.52931e+07 2.192e+07 1.47814e+07 8.72264e+06 5.90046e+06 4.67092e+06 4.50808e+06 4.36169e+06 4.35068e+06 4.19325e+06 4.09232e+06 3.83416e+06 3.77038e+06 3.65072e+06 3.51071e+06 3.03796e+06 2.88145e+06 2.84701e+06 2.83841e+06 3.26016e+06 4.41974e+06 2.82963e+06 2.80202e+06 2.77637e+06 2.76404e+06 2.52936e+06 2.10892e+06 2.10329e+06 2.26648e+06 1.88992e+06 1.65941e+06 1.51329e+06 1.41513e+06 1.27711e+06 1.24612e+06 1.23886e+06 1.1496e+06 1.14687e+06 1.14436e+06 1.02791e+06 1.16281e+06 1.01328e+06 981333 957291 925554 919252 652445 810631 597363 508582 494557 431553 370020 352621 338845 283940 207188
threshold=1104.6751303923145 1873.4163097475914 598.93948057395687 2507.049509271968 1611.6507858416676 0.08224046762484212 0.11269189017778734 576.46600801760758 1.2310013698282696 25539.136666666669 -0.37940952255126059 0.46462162509319233 42041.411666666674 866.73822657055348 1.0000000180025095e-35 1699.6209308463654 560.65504025192899 360.18953770431773 0.37940952255126054 33338.311666666676 -0.60355339059327384 221.66253622007531 0.98296291314453432 0.081080730179258764 37978.630833333336 -0.9159756150367534 2631.610696155893 576.46600801760758 -0.9159756150367534 0.44072558017973784 1767.0654930259393 709.18839906504832 425.07594124034773 27879.015833333335 0.20179298745144222 -0.9159756150367534 7.2765186000000002 0.54723555043623129 0.12428960263369709 1.0000000180025095e-35 338.3537910039542 479.86684091365447 -0.37940952255126009 1.1447861042918688 3.5000000000000004 418.28706033867599 19.126500000000004 5.5000000000000009 0.81112218353311982 0.060107392327039592 0.17754724334573557 0.40273327416875954 0.81174490092936691 277.42362965963542 0.59032134265119751 -0.9159756150367534 122.49747787530427 268.99110784165651
decision_type=2 2 2 2 2 2 2 2 2 2 2 2 2 2 2 2 2 2 2 2 2 2 2 2 2 2 2 2 2 2 2 2 2 2 2 2 2 2 2 2 2 2 2 2 2 2 2 2 2 2 2 2 2 2 2 2 2 2
left_child=2 4 17 5 19 7 28 12 9 27 30 25 -3 22 45 23 46 37 -17 20 21 -2 24 -11 -6 -8 -12 38 43 -30 -7 -13 35 -9 -29 -21 -22 52 -4 -24 41 49 -42 -5 -15 53 -16 51 -49 -19 -18 -39 56 -10 -43 -34 -1 -54
right_child=1 3 8 6 13 10 11 33 14 15 26 31 -14 44 16 18 50 40 -20 32 36 -23 39 -25 -26 -27 -28 34 29 -31 -32 -33 55 -35 -36 -37 -38 47 -40 -41 42 54 -44 -45 -46 -47 -48 48 -50 -51 -52 -53 57 -55 -56 -57 -58 -59
leaf_value=-14.866876007080078 23.166061669426995 19.443799112375334 -3.4712555399234284 16.985989058223264 10.458771862979001 13.197103929248724 -0.77461732594590449 20.782065089543664 5.2935009504518202 -0.19925294529010684 5.6352977945591647 17.854979928334554 38.572310967920195 -2.6555403391520187 -2.6760791561820292 3.9120220799599927 49.959136867523199 -8.8855010054326531 52.063278911227272 1.8381408278032756 2.4158594466893768 -14.323210140444198 44.52317245483399 -4.9315721435613584 19.304906777533994 27.734813574209053 27.578608648941437 -9.9260454087030325 36.552197149166695 26.171593307945091 24.572325118119902 -12.645507251132619 13.700409104607324 50.443189799158205 -42.397209526510807 8.1969570490745784 10.389939193809983 -11.988672079850076 -13.515460481675897 20.669985312746284 -32.388594175639909 -8.008518773834469 -8.1106636664446672 40.094188292130184 -32.313122776576449 -25.67515179316203 14.151520230788595 -13.874148159808406 -30.976042620340987 -10.689008548310927 25.663153530302505 -8.0275886216804935 -15.414775011850441 -11.253877933820089 -4.9074334557343784 31.388692544301353 -21.102438887718804 -5.3022444033622742
leaf_weight=124 36 1045 186 115 1979 274 37 23 30 2512 570 29 117 23 43 30 23 3587 20 389 1422 211 34 2492 434 412 57 20 1000 283 324 43 21 75 33 1495 225 1074 295 56 37 3379 33 22 20 23 128 554 29 3888 20 460 45 23 418 29 240 39
leaf_count=124 36 1045 186 115 1979 274 37 23 30 2512 570 29 117 23 43 30 23 3587 20 389 1422 211 34 2492 434 412 57 20 1000 283 324 43 21 75 33 1495 225 1074 295 56 37 3379 33 22 20 23 128 554 29 3888 20 460 45 23 418 29 240 39
internal_value=0.0189708 14.1563 -7.69848 23.4861 7.67519 18.3647 30.03 23.1738 -2.5781 -3.19917 13.4034 21.8473 21.4013 12.2105 9.35926 -2.29091 16.0267 -9.86234 23.8157 4.65634 1.90318 -8.78781 12.7167 -2.55647 12.0572 25.389 7.67088 -11.7751 33.0148 34.2846 19.391 -0.284287 7.35018 43.7621 -30.5547 6.88569 3.51086 -12.8929 -9.64668 30.0714 -9.1759 -9.09924 -21.2187 20.9604 -16.8706 -9.3792 9.92906 -11.9065 -14.7764 -9.82487 39.4988 -10.8069 -17.5172 -1.96286 -7.66851 24.3739 -19.0248 -10.8373
internal_weight=30585 10800 19785 4426 6374 2485 1941 1260 5878 5588 1225 521 1162 2546 290 5054 214 13907 50 3828 1894 247 2503 5004 2413 449 627 534 1420 1283 598 72 1934 98 53 1884 1647 2565 481 90 11342 11272 70 137 43 76 171 2117 583 7475 43 1534 448 53 3797 50 364 84
internal_count=30585 10800 19785 4426 6374 2485 1941 1260 5878 5588 1225 521 1162 2546 290 5054 214 13907 50 3828 1894 247 2503 5004 2413 449 627 534 1420 1283 598 72 1934 98 53 1884 1647 2565 481 90 11342 11272 70 137 43 76 171 2117 583 7475 43 1534 448 53 3797 50 364 84
is_linear=0
shrinkage=0.1


Tree=18
num_leaves=59
num_cat=0
split_feature=10 9 9 10 10 0 17 14 21 8 15 15 1 17 8 10 1 2 14 19 1 9 8 1 15 1 23 7 15 23 8 23 15 23 1 26 4 8 17 3 15 8 12 7 12 1 7 2 24 16 22 1 9 17 12 8 10 0
split_gain=2.70633e+08 5.40391e+07 1.68858e+07 1.21898e+07 7.31455e+06 4.60827e+06 4.58349e+06 5.74216e+06 4.54506e+06 3.48474e+06 3.43361e+06 3.30926e+06 2.9589e+06 2.65011e+06 3.40006e+06 2.6002e+06 2.53339e+06 2.4458e+06 2.40457e+06 2.94877e+06 2.37145e+06 2.37123e+06 2.31695e+06 2.60204e+06 2.22158e+06 2.19062e+06 2.08495e+06 1.94829e+06 1.91551e+06 2.713e+06 1.84558e+06 1.81924e+06 1.76873e+06 1.82457e+06 1.71297e+06 1.661e+06 1.43859e+06 1.35163e+06 1.26612e+06 1.21861e+06 1.16458e+06 1.09305e+06 828215 826868 737962 680651 663539 652741 599273 549819 535752 495776 448839 378074 336771 267264 238275 164768
threshold=1097.1830890323909 1873.4163097475914 598.93948057395687 2257.4581861031606 1644.3070796693785 0.47225895453051486 0.81174490092936691 -0.70710678118654735 1.0000000180025095e-35 1121.1268698485089 -0.12940952255126034 -0.9829629131445341 0.061552621303690887 0.81174490092936691 493.6444277757858 2767.1847758161971 0.13205908846726491 0.54819474631297505 -0.70710678118654735 0.25000000000000017 0.18311622431001986 411.72910758392931 1786.1298771869133 0.1341894096921071 0.96592582628906831 0.17248759455961213 7.6432585000000008 273.89130854666035 -0.9159756150367534 6.2200513500000012 3050.8705243132035 9.4532530000000019 0.37940952255126043 7.3876658500000003 0.15364126980085169 17.274050000000006 0.65383487224128378 718.13339971377411 0.81174490092936691 1.3366940629555748 -0.37940952255126009 1562.9693154448792 27641.500000000004 316.15238512326607 36185.500000000007 0.086679291276755735 404.66582167028594 0.71646273088367252 5.0205455000000008 0.6078576107927941 5.5000000000000009 0.18311622431001986 480.64481426246169 0.81174490092936691 44726.500000000007 423.84994136026273 268.99110784165651 0.39046768443785135
decision_type=2 2 2 2 2 2 2 2 2 2 2 2 2 2 2 2 2 2 2 2 2 2 2 2 2 2 2 2 2 2 2 2 2 2 2 2 2 2 2 2 2 2 2 2 2 2 2 2 2 2 2 2 2 2 2 2 2 2
left_child=2 4 21 6 17 11 7 30 -9 13 35 49 38 14 27 -13 -12 20 19 -14 31 36 23 40 -20 39 -25 -4 29 -19 -3 -2 33 -15 -16 -8 53 -30 41 -7 -11 -6 -34 -22 -40 47 50 52 -49 -5 -38 -24 -23 57 55 -47 -55 -1
right_child=1 3 9 5 12 25 10 8 -10 22 16 15 18 32 34 -17 -18 28 24 -21 43 45 51 26 -26 -27 -28 -29 37 -31 -32 -33 42 -35 -36 -37 46 -39 44 -41 -42 -43 -44 -45 -46 54 -48 48 -50 -51 -52 -53 -54 56 -56 -57 -58 -59
leaf_value=-7.7677930002627171 0.25459804264728181 19.389942538990812 -8.3060403528667646 -0.99802652219446708 7.8504418575441521 38.464382675598415 12.326422514810282 10.860762074399744 -17.243409866583153 -1.2762996325126061 22.151186749317031 27.852454773426309 14.228816388558796 12.285783410271009 -3.2010641765579773 38.719682601941031 -4.5136163322293035 6.6931381131862784 5.8367858851146659 51.96895147705078 -22.62117372479355 -8.2898167979867505 35.443924920455274 -1.7238677072753177 18.865691321763862 -14.129042573408649 -22.017215617734994 -27.132636733531953 25.049178423881532 -7.6639122465834078 40.73973471901634 16.822548916604784 -20.435378866083923 0.55235872092017213 -9.8501335828184544 37.020566537131124 -9.5153705643616657 6.4919727798367397 18.800005989551547 16.837478627302708 7.161111478025342 16.753124339675132 -3.3203183665245777 -3.7550712969244984 38.200942513817232 -11.234037350766968 6.5328913450241091 6.1487027435591735 -6.1299686603546144 18.124188882112502 -12.537778477536101 13.178175774487583 -6.572275368733151 -14.743999618187287 0.50052042471037972 -8.905964334340295 -5.4471018293808253 -17.144473638682282
leaf_weight=22 834 707 125 40 184 28 33 1050 60 233 134 1420 130 194 3113 270 48 289 1218 24 56 4135 22 208 146 21 66 99 39 240 43 71 31 414 442 200 2351 2551 49 350 546 585 249 40 37 626 23 65 99 23 801 21 2456 56 35 2710 57 466
leaf_count=22 834 707 125 40 184 28 33 1050 60 233 134 1420 130 194 3113 270 48 289 1218 24 56 4135 22 208 146 21 66 99 39 240 43 71 31 414 442 200 2351 2551 49 350 546 585 249 40 37 626 23 65 99 23 801 21 2456 56 35 2710 57 466
internal_value=0.0181573 12.6408 -6.99147 21.1592 6.83042 26.5583 16.0426 13.9084 9.32746 -2.4397 25.5516 28.7716 11.2522 -3.63123 -4.78612 29.6105 15.1325 4.28147 8.59216 20.4077 -0.0195129 -8.87807 2.63278 1.69168 7.24417 16.7865 -6.67433 -16.7103 5.66137 0.177372 20.6666 1.57154 1.2834 4.31027 -4.03029 33.5907 -11.0194 6.78097 15.9595 18.5367 4.63907 14.6359 -5.28118 -14.88 27.4901 -8.07858 -10.1633 -7.49585 -1.25565 6.15721 -10.2872 25.1166 -7.6509 -15.5174 -9.24371 -9.34606 -10.1433 -16.7385
internal_weight=30585 10920 19665 4427 6493 2152 2275 1860 1110 5763 415 1753 2373 4667 3779 1690 182 4120 1518 154 1001 13902 1096 1053 1364 399 274 224 3119 529 750 905 888 608 3555 233 3776 2590 855 378 779 769 280 96 86 10126 3175 6755 164 63 3152 43 6591 601 3371 3336 113 488
internal_count=30585 10920 19665 4427 6493 2152 2275 1860 1110 5763 415 1753 2373 4667 3779 1690 182 4120 1518 154 1001 13902 1096 1053 1364 399 274 224 3119 529 750 905 888 608 3555 233 3776 2590 855 378 779 769 280 96 86 10126 3175 6755 164 63 3152 43 6591 601 3371 3336 113 488
is_linear=0
shrinkage=0.1


Tree=19
num_leaves=57
num_cat=0
split_feature=10 10 9 10 6 15 10 14 17 7 11 15 3 10 5 6 11 14 2 2 9 6 17 10 1 11 15 10 15 3 1 7 15 9 0 15 11 11 19 5 15 22 17 15 11 6 18 7 1 11 0 1 11 1 0 3
split_gain=2.19785e+08 3.88858e+07 2.39215e+07 7.10121e+06 6.70538e+06 7.58974e+06 4.95611e+06 4.45851e+06 4.09147e+06 5.54952e+06 5.26224e+06 8.7601e+06 4.0764e+06 4.04056e+06 3.71771e+06 3.53224e+06 3.11665e+06 3.06746e+06 2.44287e+06 2.3828e+06 2.34228e+06 2.05314e+06 2.0471e+06 1.9785e+06 1.92349e+06 1.8213e+06 2.00909e+06 1.66644e+06 1.65498e+06 1.64996e+06 1.60641e+06 1.52883e+06 1.50711e+06 1.47337e+06 1.47065e+06 1.33839e+06 3.06861e+06 1.50759e+06 1.28889e+06 1.24355e+06 1.1493e+06 1.35797e+06 1.04783e+06 966730 902201 811253 784537 725839 596992 554965 480816 471840 413826 269154 246028 183516
threshold=1469.6315793078418 921.29225017694137 2507.049509271968 2548.6437464042765 35668.942500000012 -0.60355339059327384 502.90780557821176 -0.70710678118654735 0.81174490092936691 867.10914946797095 370.03976961598988 0.25881904510252057 2.4128089683941547 1808.0779705241741 -747.82499999999993 27661.695833333335 777.22274205627548 -0.70710678118654735 0.48492550601761891 0.67907370328342487 3005.0980100075335 36654.077500000007 0.81174490092936691 2767.1847758161971 0.078759181043658949 199.83092422830606 -0.12940952255126034 401.07411390462636 0.78656609248549303 1.0090803937399995 0.20768790288737579 739.3636290339058 -0.9829629131445341 1329.1249317153095 0.43851238162301731 -0.12940952255126034 295.04571564515408 435.62761669301636 0.6830127018922193 485.01000000000005 -0.78656609248549325 2.5000000000000004 0.81174490092936691 0.1294095225512602 106.19546761270797 38138.140000000007 -0.5 197.70530116156621 0.08224046762484212 412.5423184596591 0.39046768443785135 0.059528773834004955 435.62761669301636 0.13006485369619034 0.28783497235884398 1.1795887242912435
decision_type=2 2 2 2 2 2 2 2 2 2 2 2 2 2 2 2 2 2 2 2 2 2 2 2 2 2 2 2 2 2 2 2 2 2 2 2 2 2 2 2 2 2 2 2 2 2 2 2 2 2 2 2 2 2 2 2
left_child=1 6 3 4 5 15 27 25 10 30 19 -12 -7 29 16 -2 34 35 24 -9 23 28 -15 31 51 53 46 43 -19 -6 -10 -16 45 52 42 37 -37 -8 -28 -34 41 -22 -4 44 -1 -20 -27 -23 -45 -42 -25 -5 -29 55 -55 -3
right_child=2 7 14 18 13 12 17 8 9 -11 11 -13 -14 22 20 -17 -18 21 32 -21 40 47 -24 50 -26 26 38 33 -30 -31 -32 -33 39 -35 -36 36 -38 -39 -40 -41 49 -43 -44 48 -46 -47 -48 -49 -50 -51 -52 -53 -54 54 -56 -57
leaf_value=-9.7130777405434969 -39.308542483193534 3.5901410043624495 13.331060198703444 9.6983343374533746 25.757256071798267 8.9861547865043292 -3.7273780110339789 -0.77129047540098672 7.2244864518922185 52.44116134643555 -27.85833226286552 5.6255557531160676 41.591988460834216 17.620166017625063 19.885283833930217 -2.5374079212319427 -24.449366348439998 -9.1284024679482823 -4.8270929189828733 5.8876013346253835 30.758304555792559 -3.1447527915267424 30.946991464320355 40.846766764777051 -18.969000937721948 12.958225402185475 16.967164412244163 -7.7470843776690375 -4.0444422123891091 8.757413048628198 -16.929175883326035 31.155937561188662 24.545726522063436 17.07488286892573 -3.0687453802894145 -0.44021207010877206 17.905168981459536 -31.190311186654228 4.6897886731983283 43.267138839349514 25.377074720274727 2.218256833476405 32.13480820947764 -6.3312593053926003 -14.773223185178248 19.800562027522499 -0.31854374854119272 6.914596165619888 -10.763589980771144 34.152392116546636 27.711809206008912 27.451813325427828 -20.236214033762614 5.5466029810351003 -3.6661430123147003 8.3368526419413467
leaf_weight=691 27 541 82 60 61 2616 429 2911 570 26 175 140 38 857 823 393 21 1975 25 658 37 1060 135 69 21 58 374 9027 951 780 28 145 430 23 33 794 102 20 112 40 105 30 48 630 742 27 181 76 599 449 68 20 26 42 88 96
leaf_count=691 27 541 82 60 61 2616 429 2911 570 26 175 140 38 857 823 393 21 1975 25 658 37 1060 135 69 21 58 374 9027 951 780 28 145 430 23 33 794 102 20 112 40 105 30 48 630 742 27 181 76 599 449 68 20 26 42 88 96
internal_value=0.0173735 -4.7889 14.9678 11.6317 10.3508 7.49219 -7.21358 2.13967 0.570906 8.08024 -0.637305 -13.0059 9.4685 15.1382 24.6157 -4.98902 11.0209 -4.70704 21.6872 0.457684 26.0578 -6.07733 19.4631 23.242 7.36048 6.87605 10.4672 -8.3677 -7.47797 10.0196 6.06717 21.604 24.4399 -7.72031 15.7119 -0.56724 1.66585 -5.01726 14.1533 26.2275 31.0227 18.1997 20.4663 -10.5712 -12.3417 8.09267 2.944 -2.46628 -8.49852 32.5379 34.5753 14.4208 -7.78518 3.47233 -0.670098 4.31745
internal_weight=30585 23145 7440 5530 4907 3074 17145 6000 4508 624 3884 315 2654 1833 1910 420 184 5407 623 3569 1726 4062 992 1105 101 1492 725 11738 2926 841 598 968 522 9076 163 1345 896 449 486 470 621 67 130 2662 1433 52 239 1136 1229 554 137 80 9053 767 130 637
internal_count=30585 23145 7440 5530 4907 3074 17145 6000 4508 624 3884 315 2654 1833 1910 420 184 5407 623 3569 1726 4062 992 1105 101 1492 725 11738 2926 841 598 968 522 9076 163 1345 896 449 486 470 621 67 130 2662 1433 52 239 1136 1229 554 137 80 9053 767 130 637
is_linear=0
shrinkage=0.1


Tree=20
num_leaves=60
num_cat=0
split_feature=10 10 9 14 14 21 15 1 11 5 7 17 1 7 1 1 8 6 7 11 6 26 9 11 15 10 1 23 6 23 7 10 11 15 8 22 16 23 6 15 5 7 11 11 13 26 10 6 26 3 6 11 10 24 26 5 10 8 16
split_gain=1.7944e+08 3.10134e+07 1.62252e+07 7.61184e+06 5.84559e+06 5.25843e+06 6.7656e+06 4.6687e+06 4.14915e+06 3.7929e+06 4.13741e+06 3.4502e+06 4.12964e+06 3.31453e+06 3.08149e+06 2.88567e+06 2.78912e+06 2.98022e+06 2.98852e+06 2.71191e+06 2.68579e+06 3.15045e+06 2.47878e+06 2.36517e+06 1.92192e+06 1.92174e+06 1.81225e+06 1.42904e+06 1.31417e+06 1.29714e+06 1.27315e+06 1.22815e+06 1.20552e+06 1.55643e+06 1.44765e+06 1.31489e+06 1.18778e+06 1.13542e+06 1.05857e+06 2.01494e+06 1.04518e+06 1.03786e+06 1.10462e+06 1.02598e+06 974565 966862 851000 699831 600036 595660 546921 452377 426396 438177 393774 369902 303412 286860 169158
threshold=1173.6769452678893 1998.6334189596382 811.56075938547838 -0.60355339059327362 -0.70710678118654735 1.0000000180025095e-35 1.0000000180025095e-35 0.08601658294058849 255.08112789510906 -205.095 739.3636290339058 0.81174490092936691 0.18635890477550934 777.36461542940708 0.079306453220254175 0.16412451633533634 1769.3285804849877 21696.998333333337 816.11141565159744 400.20756300939792 42502.757500000007 18.160600000000006 467.83829691191676 255.08112789510906 -0.37940952255126009 2548.6437464042765 0.077628717337741196 4.9654785000000006 31285.19666666667 8.4368815000000019 449.12303786824015 232.86589403628523 338.3537910039542 -0.37940952255126009 808.5278678681035 5.5000000000000009 -1.0000000180025095e-35 9.636448500000002 30049.740833333337 -0.37940952255126009 100.00000000000013 544.92069095004797 325.07324323628023 379.89625017337096 28701.425000000003 18.640650000000004 2500.8674186857966 31575.602500000005 18.245050000000003 1.2636990303730811 36788.394166666672 302.67951916166953 1793.8878411864259 5.6029038500000015 18.620500000000003 74.999999999999986 2021.9135904974307 1950.5840221573269 -0.60785761079279388
decision_type=2 2 2 2 2 2 2 2 2 2 2 2 2 2 2 2 2 2 2 2 2 2 2 2 2 2 2 2 2 2 2 2 2 2 2 2 2 2 2 2 2 2 2 2 2 2 2 2 2 2 2 2 2 2 2 2 2 2 2
left_child=2 4 22 19 8 11 28 20 52 25 -11 12 -6 -13 23 -8 17 54 -19 46 21 -5 31 29 36 -9 45 -28 -7 47 -26 55 34 35 50 -34 -10 -18 39 -25 -35 42 -33 -22 -40 -21 56 -4 -48 -31 -24 -36 53 -2 -16 58 -3 -54 -1
right_child=1 3 14 7 5 6 15 9 24 10 -12 13 -14 -15 16 -17 37 18 -20 26 43 -23 32 38 30 -27 27 -29 -30 49 -32 41 33 40 51 -37 -38 -39 44 -41 -42 -43 -44 -45 -46 -47 48 -49 -50 -51 -52 -53 57 -55 -56 -57 -58 -59 -60
leaf_value=-18.121364326388747 -4.0866603869199754 6.3350689993964302 -0.94265718756318106 6.7701184247732158 5.341050052480675 -52.251356462751119 27.301452546961169 -12.112958812602214 -3.2216552734375004 9.8362989054641261 31.797055145307464 10.55466732687028 -6.0048226332428776 42.325856031690329 -26.952558494100767 -17.507842498779297 7.994302280619741 -2.6185418984564945 35.259183683849521 35.295794198402142 20.633565162477041 19.05298343727328 -6.4309940745030989 -21.692248522002121 16.826017613803639 10.376349407939587 -2.4937862013067522 24.98084149773004 -20.88333367567796 -2.4390323408233208 27.116036928994319 -7.696758712174212 -7.2207412498501631 -14.961832141876222 -2.1688799305585387 -36.53519234884353 16.705031010020864 38.454976433799381 28.115792034694124 7.7066117250618822 10.025712143580119 14.501816431681315 -19.058937732104599 37.994494848984935 10.243008790634297 16.611736892251407 31.238320390801682 5.3104709281342259 18.134674468407265 10.530743573163008 -4.3121088777561036 8.6977164292335516 20.518869596057471 6.7443246839818487 -13.150672761784044 -3.484695600060856 16.547504124156667 8.5422349728070781 -13.01262019841017
leaf_weight=107 39 35 249 249 3436 34 33 106 65 709 97 573 353 34 48 24 31 2630 20 343 62 1342 4760 28 424 58 20 304 25 835 174 7780 25 37 920 41 54 20 34 118 29 20 86 90 269 33 75 633 77 36 1650 39 35 646 42 33 240 51 225
leaf_count=107 39 35 249 249 3436 34 33 106 65 709 97 573 353 34 48 24 31 2630 20 343 62 1342 4760 28 424 58 20 304 25 835 174 7780 25 37 920 41 54 20 34 118 29 20 86 90 269 33 75 633 77 36 1650 39 35 646 42 33 240 51 225
internal_value=0.0170002 11.1379 -5.25825 18.1547 6.64482 4.85044 -16.0787 15.2742 12.0789 9.69722 12.5153 5.40625 4.28271 12.401 -0.290802 8.45782 -2.49704 -2.93145 -2.31948 25.0691 18.3705 17.1361 -6.83269 2.50543 17.5522 -4.14474 28.9206 23.2824 -39.5294 0.844801 19.8604 -8.02939 -5.51545 -14.9624 -5.34422 -25.7047 5.88456 20.4495 8.97261 1.95926 -3.99669 -7.76494 -7.82339 31.0942 12.3344 33.7044 18.7024 3.54606 24.7622 -1.89151 -5.88633 -1.71836 6.97278 6.12261 -20.727 -13.7061 15.2754 13.5963 -14.7086
internal_weight=30585 9840 20745 3840 6000 4512 116 2713 1488 970 806 4396 3789 607 4993 57 2791 2740 2650 1127 1743 1591 15752 2202 717 164 700 324 59 1753 598 8251 7501 132 7369 66 119 51 449 146 66 7886 7866 152 303 376 427 882 152 871 6410 959 771 685 90 365 275 86 332
internal_count=30585 9840 20745 3840 6000 4512 116 2713 1488 970 806 4396 3789 607 4993 57 2791 2740 2650 1127 1743 1591 15752 2202 717 164 700 324 59 1753 598 8251 7501 132 7369 66 119 51 449 146 66 7886 7866 152 303 376 427 882 152 871 6410 959 771 685 90 365 275 86 332
is_linear=0
shrinkage=0.1


Tree=21
num_leaves=56
num_cat=0
split_feature=10 10 9 1 14 11 22 7 10 14 18 22 11 11 15 8 7 1 14 0 11 23 15 15 11 7 17 18 26 23 15 15 2 11 0 16 10 9 10 11 15 11 15 3 2 11 1 4 13 8 1 11 0 8 11
split_gain=1.45992e+08 2.61634e+07 1.56514e+07 5.42262e+06 4.41659e+06 4.83622e+06 4.40023e+06 3.93944e+06 3.3454e+06 3.23323e+06 3.15456e+06 3.02697e+06 5.80498e+06 5.42028e+06 5.04274e+06 2.8531e+06 2.46196e+06 2.45975e+06 2.41379e+06 2.34933e+06 2.32661e+06 1.84472e+06 2.04827e+06 1.78947e+06 1.77455e+06 1.69011e+06 1.65651e+06 2.17166e+06 2.16358e+06 1.54206e+06 1.41983e+06 1.36923e+06 1.3099e+06 1.41508e+06 1.26457e+06 1.23456e+06 1.14349e+06 1.07884e+06 1.07004e+06 1.01179e+06 2.13676e+06 972184 1.35223e+06 884412 844560 837555 782395 787444 770394 531776 345837 248568 243280 215882 46709.9
threshold=1482.0118420783567 921.29225017694137 2507.049509271968 0.061552621303690887 -0.37940952255126059 614.20424327994806 2.5000000000000004 777.36461542940708 484.7648770179436 -0.70710678118654735 1.0000000180025095e-35 2.5000000000000004 295.04571564515408 472.37178621456525 1.0000000180025095e-35 2475.030458788719 739.3636290339058 0.10443405087852671 -0.70710678118654735 0.49194309828246147 687.63510778768716 12.778893250000001 0.1294095225512602 -0.37940952255126009 866.73822657055348 867.10914946797095 0.81174490092936691 0.68301270189221941 14.636050000000003 13.638033500000002 -0.9159756150367534 -0.37940952255126009 0.59988600949294679 384.94467117176657 0.2794506660831812 -0.8783796973249266 401.07411390462636 1257.8883593046228 1184.9845847808581 190.30317605116554 0.1294095225512602 195.64115012352724 -0.12940952255126034 1.1778079728152844 0.63494309862407949 531.76801472283285 0.038369234764303935 2.6050496261871845 39882.665000000008 2567.8214038401825 0.10443405087852671 89.590311014316811 0.64078348711833344 1317.5944467224513 614.20424327994806
decision_type=2 2 2 2 2 2 2 2 2 2 2 2 2 2 2 2 2 2 2 2 2 2 2 2 2 2 2 2 2 2 2 2 2 2 2 2 2 2 2 2 2 2 2 2 2 2 2 2 2 2 2 2 2 2 2
left_child=1 8 3 7 10 16 -7 15 36 24 29 13 38 31 -14 20 -6 30 39 21 -2 22 -19 -17 41 -15 28 -28 -20 -5 44 -11 45 -34 -23 -12 46 50 -13 51 -41 53 -43 -9 48 -32 52 -48 -4 -46 -38 -10 -1 -3 -45
right_child=2 9 17 4 5 6 -8 43 18 11 35 12 14 25 -16 23 -18 19 26 -21 -22 34 -24 -25 -26 -27 27 -29 -30 -31 32 -33 33 -35 -36 -37 37 -39 -40 40 -42 42 -44 54 49 -47 47 -49 -50 -51 -52 -53 -54 -55 -56
leaf_value=-4.8748473974537765 11.749144071220718 1.2762699257355061 -9.3178884421076091 24.349428562599684 6.0416289687172711 4.9021869311461579 -17.037385281936899 20.075480792635965 -3.8641833307925197 5.0099318044267021 -4.5742188221699491 -1.7118381999785666 -23.476841174290993 16.757274215871639 -0.27973313190527921 14.122683508533369 29.734186062282987 24.621911020761679 -4.9270589319690608 -11.686273927399608 -21.071903111176059 22.213736074621028 10.484346177799456 30.419329689205558 33.945336867462508 44.68489309038435 -2.6464781571580529 14.604739052416329 -11.77799939857122 12.879751459708812 16.987625634701466 -0.50919415612462504 19.167420340966487 29.251375397609344 -5.9471912620396452 9.2171526142808258 -6.0177314382567744 16.369974408830917 2.7017251877244131 -4.0773107882561508 13.38662650474947 1.820548987222383 10.815622303277785 38.258723213559108 26.434909382320587 25.763158388491032 -9.8592959957533672 3.3071760555531116 16.023721177237373 10.480397705321616 -7.5411603785806989 -0.70552344428274438 -15.026636032104491 4.680930009681183 54.158440580822173
leaf_weight=533 1690 425 27 229 1858 184 180 20 359 812 73 1309 211 109 168 138 44 241 3219 32 21 21 182 137 21 27 603 82 538 249 381 1005 206 494 57 548 6621 20 945 134 145 250 506 20 41 161 2059 46 20 46 1951 811 24 332 20
leaf_count=533 1690 425 27 229 1858 184 180 20 359 812 73 1309 211 109 168 138 44 241 3219 32 21 21 182 137 21 27 603 82 538 249 381 1005 206 494 57 548 6621 20 945 134 145 250 506 20 41 161 2059 46 20 46 1951 811 24 332 20
internal_value=0.016363 -3.85908 12.3324 9.58279 7.11069 4.58428 -5.96401 13.6431 -5.86255 1.75363 12.3109 0.423863 -1.78855 3.40599 -13.222 12.8662 6.60506 20.1171 -3.93071 14.2982 11.3342 15.9779 18.5782 22.3222 5.7262 22.5874 -5.0866 -0.56309 -5.91098 18.414 22.3591 1.95865 23.4191 26.3154 1.81981 7.5912 -6.87335 -6.31048 0.138946 -0.386193 5.01432 5.31236 7.8474 38.727 12.4329 19.637 -8.68702 -9.57014 1.57494 18.2141 -6.36531 -1.67719 -5.33841 2.77367 47.3356
internal_weight=30585 23265 7320 5411 3365 2266 364 2046 17145 6120 1099 4586 2633 1953 379 1986 1902 1909 5891 533 1711 501 423 275 1534 136 4442 685 3757 478 1376 1817 1242 700 78 621 11254 8592 2254 1449 279 1513 756 60 134 542 2662 2105 47 87 8572 1170 557 757 40
internal_count=30585 23265 7320 5411 3365 2266 364 2046 17145 6120 1099 4586 2633 1953 379 1986 1902 1909 5891 533 1711 501 423 275 1534 136 4442 685 3757 478 1376 1817 1242 700 78 621 11254 8592 2254 1449 279 1513 756 60 134 542 2662 2105 47 87 8572 1170 557 757 40
is_linear=0
shrinkage=0.1


Tree=22
num_leaves=56
num_cat=0
split_feature=9 8 8 17 4 6 11 15 1 4 8 4 15 12 7 7 14 23 15 15 6 1 5 8 7 22 6 1 16 9 1 15 11 8 11 17 7 7 11 6 11 9 1 11 15 5 23 3 6 15 14 15 13 0 1
split_gain=1.17269e+08 1.87736e+07 1.49277e+07 7.61575e+06 6.32294e+06 5.66826e+06 5.90807e+06 3.72685e+06 3.50589e+06 2.86333e+06 2.82431e+06 2.61093e+06 2.55424e+06 5.3471e+06 2.80057e+06 2.54053e+06 2.49421e+06 2.34006e+06 2.32894e+06 2.26712e+06 1.99951e+06 1.946e+06 2.44854e+06 1.87207e+06 1.52284e+06 1.4665e+06 1.42557e+06 1.41971e+06 1.27223e+06 1.21081e+06 1.47066e+06 1.1639e+06 1.12422e+06 1.12422e+06 1.08303e+06 1.06023e+06 1.01031e+06 829696 812590 787476 939289 762531 748370 660086 889449 537248 493493 629350 400795 541320 378767 363713 245784 218044 130362
threshold=1329.1249317153095 2055.8953207150594 822.73278426324293 0.81174490092936691 0.95345179898211219 23165.886666666669 400.20756300939792 -0.9159756150367534 0.21364731160036707 0.79594076328328034 3005.0980100075335 0.29372940141148868 -0.12940952255126034 31240.500000000004 478.88074020182006 687.70773411900234 0.25881904510252091 7.2765186000000002 -0.37940952255126009 -0.9829629131445341 25110.472500000003 0.16623843604882318 269.00500000000005 371.57374332130865 52.36755736388232 5.5000000000000009 34958.395833333336 0.13921441832033407 -0.8783796973249266 910.35760903550988 0.10819214303813932 -0.12940952255126034 379.89625017337096 2231.5016179326008 277.40899900864594 0.81174490092936691 472.40360327348986 560.69823162522187 360.44349352172293 38807.165000000008 127.4996365008483 2863.635411009132 0.22920403930075578 99.536053447953677 0.1294095225512602 708.02499999999998 6.2200513500000012 1.0090803937399995 39731.475833333338 -0.37940952255126009 1.0000000180025095e-35 1.0000000180025095e-35 28973.070000000003 0.28164466704905561 0.02994013230636924
decision_type=2 2 2 2 2 2 2 2 2 2 2 2 2 2 2 2 2 2 2 2 2 2 2 2 2 2 2 2 2 2 2 2 2 2 2 2 2 2 2 2 2 2 2 2 2 2 2 2 2 2 2 2 2 2 2
left_child=2 3 23 4 11 42 36 16 10 32 15 27 13 18 33 -9 26 -15 -11 -8 -16 22 -6 35 -23 41 -3 -2 -12 39 34 -13 48 -14 -31 43 -7 -28 51 45 -41 -18 -5 54 -45 -25 52 -48 49 -4 -32 -37 -34 -50 -1
right_child=1 7 9 5 21 6 19 8 -10 12 28 31 14 17 20 -17 25 -19 -20 -21 -22 24 -24 29 -26 -27 37 -29 -30 30 50 -33 46 -35 -36 38 -38 -39 -40 40 -42 -43 -44 44 -46 -47 47 -49 53 -51 -52 -53 -54 -55 -56
leaf_value=-5.5493531100741542 -7.2395156765637338 -22.912862711939319 -10.398404781385842 -6.3631610107421883 5.350630933278044 7.0896158530999873 -2.9886394092014861 14.559866686488517 -14.652248995644706 -25.649223651885986 12.839085870522721 -6.5780848659115083 2.6287015382733072 3.7933645665053697 -3.2444938486272643 26.038031116751739 22.425690749649689 -2.6841674105799203 -3.8094637280418762 26.875165209808802 21.492823288494485 14.130321612662597 11.468404196913589 -5.4589356621727188 -1.8811432837340676 -9.8392974333329644 -3.0645862120334235 -28.402224738022376 25.175792573461763 -0.28011429736863319 -1.4706208959954683 2.2614452825893059 -16.374983964647566 -16.233641374111176 12.145586007281587 -3.7515929784618183 22.886604393853084 14.309407646591598 9.9797293806398244 -4.0374554556893054 3.1872121811991905 5.9025553798675539 -31.671389818191528 -13.383647872017926 -6.3714239710284515 3.6140703105565275 -10.965330814179922 -36.268277116255327 -1.781085948262896 -3.0989864647388461 -11.567172364153045 -8.7682712326704753 -1.0231774322011256 10.340887872989363 -8.0216927435879537
leaf_weight=282 72 28 143 24 2311 434 27 2060 34 119 103 242 2622 1006 43 214 106 1249 83 387 132 68 914 11362 426 21 106 57 536 200 60 384 20 31 107 490 44 36 36 972 220 39 23 562 271 65 20 21 34 350 98 206 21 25 1039
leaf_count=282 72 28 143 24 2311 434 27 2060 34 119 103 242 2622 1006 43 214 106 1249 83 387 132 68 914 11362 426 21 106 57 536 200 60 384 20 31 107 490 44 36 36 972 220 39 23 562 271 65 20 21 34 350 98 206 21 25 1039
internal_value=0.0162299 9.83961 -3.88665 6.21923 4.49885 14.4027 16.1901 15.8052 16.943 0.402881 17.3167 -3.84078 1.165 -1.19333 3.21364 15.651 5.8049 0.205988 -16.7384 24.925 15.4306 6.19247 7.08749 -5.47641 0.346958 14.4861 -2.70723 -16.737 23.2104 -4.96713 0.0441253 -1.16079 -5.94197 2.40226 4.07604 -7.78277 8.58848 1.40935 -4.48542 -5.15178 -2.70249 18.0524 -19.1498 -8.90072 -11.1127 -5.40701 -16.8019 -24.4803 -4.30125 -5.23303 -7.7664 -5.24686 -8.72344 3.44208 -7.49851
internal_weight=30585 8696 21889 5413 4474 939 892 3283 2947 5919 2913 755 5285 2457 2828 2274 336 2255 202 414 175 3719 3225 15970 494 166 170 129 639 13084 465 626 634 2653 307 2886 478 142 732 12619 1192 145 47 2154 833 11427 82 41 552 493 158 696 41 59 1321
internal_count=30585 8696 21889 5413 4474 939 892 3283 2947 5919 2913 755 5285 2457 2828 2274 336 2255 202 414 175 3719 3225 15970 494 166 170 129 639 13084 465 626 634 2653 307 2886 478 142 732 12619 1192 145 47 2154 833 11427 82 41 552 493 158 696 41 59 1321
is_linear=0
shrinkage=0.1


Tree=23
num_leaves=59
num_cat=0
split_feature=9 3 3 17 4 6 11 3 1 4 7 15 2 7 11 15 1 7 6 15 15 23 26 15 4 1 3 7 11 6 23 17 11 9 26 13 16 15 23 23 1 4 14 11 1 11 3 9 15 7 9 1 14 1 15 4 15 6
split_gain=9.50105e+07 1.41346e+07 1.08481e+07 6.10921e+06 4.40734e+06 4.33492e+06 5.23887e+06 3.50326e+06 2.62427e+06 2.58615e+06 2.5148e+06 2.51246e+06 4.99664e+06 2.788e+06 2.60933e+06 2.46166e+06 2.10058e+06 2.42159e+06 1.98922e+06 1.83455e+06 1.75058e+06 1.7285e+06 1.52543e+06 1.51787e+06 1.47388e+06 1.261e+06 1.1872e+06 1.06777e+06 1.0098e+06 1.22627e+06 940368 929651 872950 871436 695790 656137 618281 803078 793421 598661 597929 592344 516603 499958 498641 484871 484572 471755 449148 435222 396137 585059 370336 315884 257199 251029 241454 224762
threshold=1329.1249317153095 1.6073739134340836 0.5764194410878104 0.81174490092936691 0.53013352905635491 23165.886666666669 408.82633411873377 2.5750175502600348 0.21364731160036707 0.95345179898211219 709.52667636726585 -0.12940952255126034 0.55165511270234202 478.88074020182006 631.09926442692938 -0.9829629131445341 0.18635890477550934 102.84423004826293 25110.472500000003 -0.9829629131445341 1.0000000180025095e-35 7.3371658000000011 13.414400000000002 -0.5 1.1824455525468978 0.13921441832033407 0.33485988852702148 488.33529821735692 299.42770225776047 32726.763333333336 12.029007500000001 0.81174490092936691 648.80539728898964 862.78481538327071 9.6866000000000003 32028.395 -0.8783796973249266 -0.5 8.3778580000000016 6.3611460000000006 0.15497246883075538 0.79594076328328034 -0.70710678118654735 89.590311014316811 0.11343215125001936 509.51803386083446 1.022738941959392 805.32491938319049 -0.60355339059327384 280.18504886324803 691.30499012125676 0.075532809959731037 0.25881904510252091 0.063649560407954234 -0.12940952255126034 1.8905175459369008 -0.12940952255126034 21696.998333333337
decision_type=2 2 2 2 2 2 2 2 2 2 2 2 2 2 2 2 2 2 2 2 2 2 2 2 2 2 2 2 2 2 2 2 2 2 2 2 2 2 2 2 2 2 2 2 2 2 2 2 2 2 2 2 2 2 2 2 2 2
left_child=2 3 26 4 23 39 30 8 10 28 15 12 14 22 -11 -3 20 -18 -15 -8 -6 -14 -13 25 -12 -2 31 -10 50 35 -7 41 -25 42 57 -30 37 -9 40 -5 -38 47 43 -28 49 -44 -31 -1 -43 -35 54 -52 -46 -39 -4 -36 -40 -33
right_child=1 7 9 5 16 6 19 36 27 11 24 13 21 18 -16 -17 17 -19 -20 -21 -22 -23 -24 32 -26 -27 33 -29 29 46 -32 34 -34 44 55 -37 38 53 56 -41 -42 48 45 -45 52 -47 -48 -49 -50 -51 51 -53 -54 -55 -56 -57 -58 -59
leaf_value=-10.171930278932507 -8.7355365119661599 -6.3989389445683731 -9.9831229296781245 -3.4225849333263585 2.675472158332703 5.0821611225117778 -2.1468037640606918 0.81719177961349487 7.309853393554687 -8.6979320894935324 18.226237551498414 -1.0193818579057776 3.4341671394448685 -3.3278069559733079 -34.853995968046647 12.241139918029589 18.830053760891868 -7.0079664736651299 21.3267407515049 25.322825958423838 7.1838373710047581 -2.0429195407076408 3.5230844248151145 0.15466751603905216 37.486170609143322 -36.31247861525592 -4.2418983533373043 -19.842623514447894 -8.7153572326268609 14.115778039932252 16.787927731345683 -10.527424222230913 -16.982867617723418 -0.27468680260253364 12.191113507747652 -20.464097180778598 21.452312975197554 29.092951730581433 22.987231207730478 -26.443818210672447 5.5435718799459526 -10.374531796443966 -5.2301110763976286 -0.76151671875193427 1.7154672704424176 10.025868697393509 -6.0387937110403307 -23.877860436616121 -6.0200979532944006 9.3633837942364107 0.90447971575492925 -4.3181578586920351 -12.355377722368008 11.444405546642486 -3.4184883100509644 0.093426403246427842 32.534203502535824 -4.234524615117051
leaf_weight=549 34 72 117 20 1595 366 26 31 24 436 249 1237 971 44 41 2970 41 266 124 343 1876 1414 1835 108 48 33 2448 34 122 24 84 63 40 115 31 80 186 25 56 26 28 307 8554 497 34 20 22 26 1075 78 378 494 40 20 124 37 95 552
leaf_count=549 34 72 117 20 1595 366 26 31 24 436 249 1237 971 44 41 2970 41 266 124 343 1876 1414 1835 108 48 33 2448 34 122 24 84 63 40 115 31 80 186 25 56 26 28 307 8554 497 34 20 22 26 1075 78 378 494 40 20 124 37 95 552
internal_value=0.0144196 8.85652 -3.49859 5.27133 3.61894 12.8861 14.5673 13.392 12.2963 -0.403362 12.6631 0.475978 -1.68271 2.38275 -11.0144 11.798 4.41224 -3.50735 14.8881 23.3867 5.11351 0.18746 1.69424 -10.2769 21.4543 -22.6525 -5.0997 -8.67365 -4.34331 -10.1027 7.29962 -7.01781 -4.55999 -4.6695 -3.83301 -13.4462 21.7846 13.2844 23.5134 -16.7204 19.4063 -8.12679 -4.80041 -3.655 0.975054 -5.19336 4.55324 -10.8321 -6.9942 3.64868 -3.05207 -2.05577 -5.95372 21.6685 -6.63355 5.7053 29.1681 -4.89521
internal_weight=30585 8696 21889 4858 3993 865 819 3838 3397 7463 3339 6102 2862 3240 477 3042 3778 307 168 369 3471 2385 3072 215 297 67 14426 58 1361 248 450 2640 148 11786 683 202 441 76 365 46 214 1957 11519 2945 267 8574 46 575 1382 193 1113 872 74 45 241 68 151 615
internal_count=30585 8696 21889 4858 3993 865 819 3838 3397 7463 3339 6102 2862 3240 477 3042 3778 307 168 369 3471 2385 3072 215 297 67 14426 58 1361 248 450 2640 148 11786 683 202 441 76 365 46 214 1957 11519 2945 267 8574 46 575 1382 193 1113 872 74 45 241 68 151 615
is_linear=0
shrinkage=0.1


Tree=24
num_leaves=60
num_cat=0
split_feature=9 8 8 17 4 6 11 6 5 26 26 1 11 11 23 21 3 26 8 14 26 6 11 1 5 23 6 13 3 1 1 3 5 5 6 11 26 8 4 0 1 26 26 0 22 1 5 11 26 16 11 19 12 9 3 1 11 1 9
split_gain=7.69892e+07 1.26955e+07 1.0023e+07 5.09896e+06 4.64277e+06 3.89006e+06 3.97241e+06 2.58584e+06 2.43848e+06 2.38805e+06 2.59208e+06 2.36831e+06 2.15974e+06 2.15654e+06 2.33986e+06 2.06039e+06 1.88365e+06 1.80867e+06 1.69924e+06 1.4252e+06 1.3698e+06 1.32928e+06 1.40493e+06 1.31566e+06 1.22701e+06 1.23494e+06 1.18745e+06 2.47395e+06 1.58333e+06 1.1844e+06 1.17893e+06 1.45973e+06 1.12819e+06 1.11325e+06 973174 1.63576e+06 1.37088e+06 930152 924355 871840 833578 798895 775257 738392 829489 706012 655074 815578 627733 614695 576436 502914 436996 367469 355083 333670 267846 236273 231792
threshold=1329.1249317153095 2055.8953207150594 822.73278426324293 0.81174490092936691 0.95345179898211219 25220.020000000004 430.40480358111773 29840.895833333336 -337.56999999999988 18.160600000000006 18.216350000000002 0.17248759455961213 441.98575352340697 478.87360381594812 4.2431939000000005 1.0000000180025095e-35 1.4297969607747862 18.626000000000001 1603.25204566808 -0.5 18.583150000000003 34131.285833333335 190.30317605116554 0.18635890477550934 -287.98999999999995 7.6432585000000008 27879.015833333335 32424.520000000004 1.9467176928395675 0.20179298745144222 0.22920403930075578 0.53666001426961973 -205.095 199.00000000000009 34524.35333333334 560.65504025192899 18.565850000000001 339.53950371850311 1.0860488363106218 0.52982324998091113 0.094438753586347665 18.810450000000003 17.258450000000003 0.28385721731658087 2.5000000000000004 0.13117026240968177 800.00000000000023 631.09926442692938 17.347400000000004 -0.60785761079279388 76.837211705116545 0.25000000000000017 32069.500000000004 527.72862677927287 0.45737526535730783 0.02948093852618381 329.63139159596329 0.063649560407954234 667.49923971526641
decision_type=2 2 2 2 2 2 2 2 2 2 2 2 2 2 2 2 2 2 2 2 2 2 2 2 2 2 2 2 2 2 2 2 2 2 2 2 2 2 2 2 2 2 2 2 2 2 2 2 2 2 2 2 2 2 2 2 2 2 2
left_child=2 3 21 4 15 30 40 13 34 19 -11 16 41 33 -15 29 24 -8 23 -10 -16 37 50 -6 45 -26 27 -18 -28 -2 31 -5 -17 39 36 -36 -9 49 -20 -3 -7 48 -14 -24 -45 -4 47 -39 -13 53 58 -44 -48 -1 -52 -51 -43 -35 -23
right_child=1 7 11 5 18 6 17 8 9 10 -12 12 42 14 20 32 26 -19 38 -21 -22 22 43 -25 25 -27 28 -29 -30 -31 -32 -33 -34 57 35 -37 -38 46 -40 -41 -42 56 51 44 -46 -47 52 -49 -50 55 54 -53 -54 -55 -56 -57 -58 -59 -60
leaf_value=-9.2188684262908431 -0.4056237470121602 13.077868488521288 -2.6959701585979849 -17.723555331759982 3.9455837608450413 11.072852311692797 25.713203485901744 14.917375682830812 13.926823350242627 29.718746012733096 15.794029876724757 -2.1130229529114657 -34.317452022007537 28.781077531667862 2.7226343604517571 -29.006745141485467 6.8712578634782275 7.7514318348610232 5.3348358218239831 4.8269304612878923 -12.780448644811457 -4.0562240295264269 17.642489203284768 -4.5208580643522973 2.3517661997934272 -0.94316505011507779 7.363014488019676 -25.525573781331381 26.326397221429005 -14.31784609030275 -26.946543686206525 14.588522759799302 -4.170761382579804 29.793342708138859 5.4619705777659142 35.114066314697268 -13.426898878074631 -4.7997867479685263 10.088605407187831 -4.4806474399566651 2.6827022859886771 -4.6577288251174123 -1.1168612306768244 5.1089511484890195 -8.9079842168634595 -13.007611497044564 -0.59657465374988061 13.68586096763611 12.509728454141056 -2.3505576183352996 0.98353273314621736 -19.848989337423575 16.335141329143358 -19.670309248486081 -2.73083506171188 -6.6578938615523073 -16.053387260437013 17.636446780743807 -10.011504996356679
leaf_weight=519 612 98 396 26 1843 332 271 24 404 146 1677 214 27 25 161 45 109 72 947 302 87 3819 33 203 2577 2035 213 29 55 67 25 28 31 33 169 20 53 8559 726 39 185 37 21 181 54 79 45 23 33 217 352 45 22 36 952 1092 49 45 66
leaf_count=519 612 98 396 26 1843 332 271 24 404 146 1677 214 27 25 161 45 109 72 947 302 87 3819 33 203 2577 2035 213 29 55 67 25 28 31 33 169 20 53 8559 726 39 185 37 21 181 54 79 45 23 33 217 352 45 22 36 952 1092 49 45 66
internal_value=0.0130875 7.97257 -3.14925 4.99542 3.58776 11.6915 13.6424 12.8783 14.0514 15.0095 16.9249 0.365633 -6.8083 6.14403 0.236114 -3.55825 0.923133 21.9763 5.03904 10.0466 -2.74543 -4.45192 -3.18452 3.10376 0.399304 0.898021 7.46937 -0.0714306 11.3382 -1.79744 -9.45099 -1.00852 -19.062 13.6099 4.92065 8.76805 -4.51434 -5.10943 7.40253 8.08321 8.08155 -3.01986 -20.1969 3.86518 1.86394 -4.43468 -4.67161 -4.74866 -0.116811 -7.13733 -3.5493 -13.9944 5.12156 -9.93096 -1.7282 -5.94618 -11.2605 23.0918 -4.15995
internal_weight=30585 8696 21889 5413 4474 939 860 3283 2795 2529 1823 5919 426 488 273 755 5493 343 3719 706 248 15970 5457 2046 5087 4612 406 138 268 679 79 54 76 215 266 189 77 10513 1673 137 517 333 93 268 235 475 8649 8582 247 1864 5189 66 67 555 1304 1309 86 78 3885
internal_count=30585 8696 21889 5413 4474 939 860 3283 2795 2529 1823 5919 426 488 273 755 5493 343 3719 706 248 15970 5457 2046 5087 4612 406 138 268 679 79 54 76 215 266 189 77 10513 1673 137 517 333 93 268 235 475 8649 8582 247 1864 5189 66 67 555 1304 1309 86 78 3885
is_linear=0
shrinkage=0.1


Tree=25
num_leaves=61
num_cat=0
split_feature=9 8 8 21 15 17 15 11 15 1 4 6 11 11 1 14 15 11 15 12 11 6 16 5 7 15 11 14 12 1 12 8 1 8 13 3 26 26 6 26 17 26 4 16 11 15 11 1 24 24 9 5 1 26 19 7 15 6 24 13
split_gain=6.23895e+07 1.03002e+07 8.11491e+06 4.35715e+06 6.49677e+06 4.3995e+06 3.10171e+06 2.8102e+06 2.77183e+06 2.73798e+06 2.39029e+06 2.30036e+06 2.21346e+06 2.14622e+06 1.92682e+06 1.88087e+06 1.81828e+06 1.76203e+06 1.68335e+06 3.49652e+06 2.69271e+06 2.1765e+06 1.87027e+06 1.65686e+06 1.64644e+06 1.63113e+06 1.57458e+06 1.53787e+06 1.43434e+06 1.2949e+06 1.20493e+06 1.15885e+06 1.08871e+06 835247 806808 787155 653227 745640 634582 634356 563938 953162 553209 542110 1.51514e+06 1.22013e+06 1.07612e+06 987468 527691 509794 491820 455495 453855 435658 409196 355317 336184 314935 224585 220692
threshold=1329.1249317153095 2055.8953207150594 822.73278426324293 1.0000000180025095e-35 -0.12940952255126034 0.81174490092936691 -0.12940952255126034 308.17369765710924 -0.9159756150367534 0.22920403930075578 0.95345179898211219 29910.420000000002 333.97612482584282 338.3537910039542 0.17248759455961213 0.25881904510252091 -0.5 441.98575352340697 -0.12940952255126034 31240.500000000004 273.88431499429504 27999.430833333336 -1.0000000180025095e-35 -337.56999999999988 614.42196075951949 -0.37940952255126009 544.86233109898774 0.60355339059327384 27871.500000000004 0.11573843638251087 40259.000000000007 478.45318210849354 0.078759181043658949 1135.0050216201496 37719.525000000001 0.94543838656087009 18.852700000000002 17.424700000000005 25651.764166666671 17.258450000000003 0.81174490092936691 9.6866000000000003 0.97777822224889055 -1.0000000180025095e-35 277.40899900864594 -0.12940952255126034 364.37064053653665 0.15926292198568234 8.6676545000000029 9.2054975000000017 846.87044976825905 300.02500000000038 0.05466276440019726 6.7888500000000009 0.25000000000000017 112.14771854221131 -0.37940952255126009 39613.970000000008 11.908459000000002 31058.260000000006
decision_type=2 2 2 2 2 2 2 2 2 2 2 2 2 2 2 2 2 2 2 2 2 2 2 2 2 2 2 2 2 2 2 2 2 2 2 2 2 2 2 2 2 2 2 2 2 2 2 2 2 2 2 2 2 2 2 2 2 2 2 2
left_child=2 3 31 5 26 10 7 -7 15 -8 32 16 35 52 18 29 -10 36 19 25 33 -22 -21 -15 -12 -4 49 -14 -18 34 48 38 -2 -20 -3 -6 37 -16 42 -19 50 -42 53 45 57 46 -33 -46 -17 -5 -40 -32 -13 -1 -41 -44 -38 -45 -47 -28
right_child=1 8 14 4 12 6 9 -9 11 -11 24 13 27 23 17 30 28 39 20 22 21 -23 -24 -25 -26 -27 59 -29 -30 -31 51 43 -34 -35 -36 -37 56 -39 40 54 41 -43 55 44 47 58 -48 -49 -50 -51 -52 -53 -54 -55 -56 -57 -58 -59 -60 -61
leaf_value=-10.854904658441813 3.7512019859910506 -18.090177358280528 -21.31039153658427 -21.872249718599544 -25.434759833595972 5.0768890449366015 6.8135005035841409 21.236778177058472 -14.475267224434095 -27.467611724853516 4.242379220394584 11.944568279880261 21.554190907111536 5.9612830599858651 -1.7963264556287173 -13.355953628540039 26.15753108561039 -31.008269255501883 -0.60969828490532008 -2.9283446675354923 2.4378618360035804 14.24067467454941 2.699267912836536 16.449625311243086 12.455036959142397 -3.1877040197226134 -28.99392852102007 -5.5951500202047413 6.2741594905969578 -23.658412121904309 12.042718014215168 -5.6097999616026737 -4.5960028312385903 3.3144707929625463 2.7154587264432286 0.045637444087437223 -17.503562686250017 17.884794680277505 -4.6206243001402667 -1.010251235961914 -3.1171032567105259 7.8797458912645073 -5.8068591470643334 -2.9641017248107442 10.452614873899542 -1.1065784808322012 -19.578945520006378 -10.464150863444365 8.172448932556879 -5.1481409661910114 -17.931682869366238 26.735776177768049 6.3362088943906443 -6.3496604530074707 -17.907240087077348 -1.387370823687315 -4.6207894523938497 -0.12824387218195962 -3.8700488878278172 -45.313696736555841
leaf_weight=354 242 21 116 42 21 153 345 368 38 24 3301 246 77 167 230 24 39 27 1421 1116 316 309 1252 1688 263 87 27 28 409 28 94 1209 437 876 121 27 36 20 6560 21 1290 83 682 2893 141 959 57 26 20 33 27 28 360 563 45 249 47 453 424 25
leaf_count=354 242 21 116 42 21 153 345 368 38 24 3301 246 77 167 230 24 39 27 1421 1116 316 309 1252 1688 263 87 27 28 409 28 94 1209 437 876 121 27 36 20 6560 21 1290 83 682 2893 141 959 57 26 20 33 27 28 360 563 45 249 47 453 424 25
internal_value=0.0120569 7.17721 -2.83469 4.49559 -7.63291 5.15854 11.5477 16.51 11.5959 4.51562 3.81597 12.5769 6.23819 13.8191 0.327974 2.9802 6.2714 -6.14284 0.830833 -1.03523 2.47253 8.2866 0.0469488 15.5091 4.85174 -13.5972 -24.262 14.3299 8.05948 -4.40229 10.5217 -4.00683 -1.61986 0.887641 -0.466419 -11.3936 -2.72096 -0.156855 -4.68222 -18.2361 -4.29347 -2.44708 -6.3535 -2.93122 -2.11571 -4.01152 -6.2537 7.15321 -3.60616 -14.6782 -4.6779 15.6048 8.6288 -8.0988 -12.6262 -4.6276 -10.3504 -2.58032 -1.95599 -37.5469
internal_weight=30585 8696 21889 5413 280 5133 890 521 3283 369 4243 2947 153 2461 5919 336 486 426 5493 2571 2922 625 2368 1855 3564 203 127 105 448 170 166 15970 679 2297 142 48 333 250 9808 93 7960 1373 1848 6162 3513 2649 1266 167 44 75 6587 122 606 917 66 931 83 3346 1383 52
internal_count=30585 8696 21889 5413 280 5133 890 521 3283 369 4243 2947 153 2461 5919 336 486 426 5493 2571 2922 625 2368 1855 3564 203 127 105 448 170 166 15970 679 2297 142 48 333 250 9808 93 7960 1373 1848 6162 3513 2649 1266 167 44 75 6587 122 606 917 66 931 83 3346 1383 52
is_linear=0
shrinkage=0.1


Tree=26
num_leaves=49
num_cat=0
split_feature=10 10 10 2 17 21 5 8 11 0 3 23 14 5 17 11 22 14 11 10 14 17 10 26 14 23 16 2 10 22 17 11 13 11 4 17 12 10 13 11 11 11 7 5 8 4 23 3
split_gain=5.52047e+07 1.00343e+07 5.63779e+06 3.26612e+06 2.67983e+06 2.46025e+06 2.6894e+06 2.33861e+06 2.31047e+06 2.30117e+06 2.19697e+06 1.90655e+06 1.58169e+06 1.50355e+06 1.65374e+06 1.47031e+06 1.8206e+06 3.72327e+06 1.42248e+06 1.98502e+06 1.4106e+06 1.39613e+06 1.38422e+06 1.31503e+06 1.18188e+06 2.09582e+06 1.50177e+06 1.20979e+06 1.03066e+06 984789 955523 873278 819512 806961 770652 714800 679215 640241 832548 600753 606636 592994 569773 543389 540652 537858 418729 121794
threshold=1563.727621682867 995.42088291273444 2257.4581861031606 0.55165511270234202 0.81174490092936691 1.0000000180025095e-35 -438.74499999999995 1799.3481316101695 924.74512740195235 0.41693426933808292 1.6073739134340836 11.625353250000002 -0.5 -638.51999999999987 -0.56174490092936669 342.34426700996619 5.5000000000000009 -0.70710678118654735 668.06494927022538 2695.7789523617867 0.37940952255126054 0.81174490092936691 519.67329902536756 18.216350000000002 -0.70710678118654735 5.8630007000000015 -0.60785761079279388 0.53837643030067739 414.99062941339594 1.5000000000000002 0.81174490092936691 464.25703865863346 35155.155000000006 430.40480358111773 1.1333335555562967 1.0000000180025095e-35 29994.500000000004 2571.5706662195612 39605.920000000006 193.88810081328435 648.80539728898964 232.95339352564329 442.0306932588071 -199.99999999999986 526.27023140052427 1.0786221444000528 11.054572500000001 1.1795887242912435
decision_type=2 2 2 2 2 2 2 2 2 2 2 2 2 2 2 2 2 2 2 2 2 2 2 2 2 2 2 2 2 2 2 2 2 2 2 2 2 2 2 2 2 2 2 2 2 2 2 2
left_child=1 7 3 15 5 6 -5 12 24 18 -7 13 22 29 -15 35 34 -18 19 21 33 -4 42 -21 39 27 -27 -26 44 -11 -30 45 -10 -6 -17 41 -24 38 -20 47 -41 -2 -1 -37 -14 -13 -22 -3
right_child=2 8 9 4 20 10 -8 -9 32 11 -12 31 28 14 -16 16 17 -19 37 23 46 -23 36 -25 25 26 -28 -29 30 -31 -32 -33 -34 -35 -36 43 -38 -39 -40 40 -42 -43 -44 -45 -46 -47 -48 -49
leaf_value=-3.0911423496196342 6.948605360301201 0.84887472867392588 8.944054698994897 -3.8601471828279039 9.0137559714259172 -40.263283048357287 8.0293970081402364 22.791234756918517 30.498923450046121 14.369796092595374 3.114383104112413 12.68407276916504 -5.8883878189306911 4.4453919918903342 13.337762333821368 -1.0524817249577516 17.303310747844417 -16.55815182064153 30.434792918970089 33.402903449318629 22.243894948278154 20.782172133818918 11.957019043983298 16.57861293454965 -1.5360873557814778 -8.2602799589189999 -0.84786645536559213 3.2659813910985651 -4.0486816973909052 -7.3550247739001025 -1.0406737100147638 -18.391272909981865 6.3192208557128913 19.867928987855692 7.5483934703545703 0.5380491843094698 -0.21490755626127803 7.9189387302398693 10.706392739613852 6.3476443793375568 -8.2186416369179884 -0.23274924578682993 -19.620058064233689 10.266184757380469 -22.062244633265905 -7.8683334644024185 40.635369939389442 4.0950478009329547
leaf_weight=4064 176 519 790 209 204 20 2061 33 35 27 26 24 2263 305 674 313 40 157 100 54 41 114 46 359 709 361 1117 2011 8590 81 1205 34 24 105 155 73 1864 24 29 687 29 328 20 270 20 25 22 148
leaf_count=4064 176 519 790 209 204 20 2061 33 35 27 26 24 2263 305 674 313 40 157 100 54 41 114 46 359 709 361 1117 2011 8590 81 1205 34 24 105 155 73 1864 24 29 687 29 328 20 270 20 25 22 148
internal_value=0.0102863 -2.26997 7.92536 5.64695 7.7379 6.46722 6.9335 -3.41728 1.41296 11.5466 -16.2009 8.2249 -3.4664 9.34055 10.5748 1.92703 -1.59111 -9.63006 14.183 13.1033 15.6104 10.4582 -2.13784 18.8538 1.2029 0.367325 -2.6627 2.01416 -4.1255 -1.84181 -3.67877 -6.32345 20.9324 12.7543 1.80612 4.68783 0.0843419 23.3317 26.1162 3.73714 5.74703 2.28382 -3.17687 8.20335 -6.03967 2.2505 29.2009 1.57422
internal_weight=30585 23745 6840 4200 2688 2316 2270 18105 5640 2640 46 1170 18072 1087 979 1512 665 197 1470 1317 372 904 5994 413 5581 4198 1478 2720 12078 108 9795 83 59 309 468 847 1910 153 129 1383 716 504 4084 343 2283 49 63 667
internal_count=30585 23745 6840 4200 2688 2316 2270 18105 5640 2640 46 1170 18072 1087 979 1512 665 197 1470 1317 372 904 5994 413 5581 4198 1478 2720 12078 108 9795 83 59 309 468 847 1910 153 129 1383 716 504 4084 343 2283 49 63 667
is_linear=0
shrinkage=0.1


Tree=27
num_leaves=50
num_cat=0
split_feature=10 10 0 15 11 15 6 1 11 1 15 11 6 8 23 7 11 15 12 5 6 15 11 11 26 14 26 22 3 6 15 4 11 5 1 9 0 10 9 15 11 12 13 4 11 12 10 4 12
split_gain=4.48145e+07 8.81749e+06 4.45255e+06 4.99833e+06 3.68521e+06 3.6674e+06 3.08014e+06 3.03543e+06 2.79033e+06 2.61587e+06 2.0529e+06 2.38698e+06 2.02774e+06 1.90508e+06 1.90328e+06 1.85661e+06 2.70935e+06 1.84364e+06 1.71928e+06 1.70052e+06 1.65506e+06 1.99365e+06 2.2125e+06 1.65288e+06 1.62792e+06 1.57862e+06 1.56831e+06 1.54749e+06 1.45666e+06 1.40773e+06 2.29963e+06 1.30783e+06 1.22914e+06 1.18595e+06 1.13321e+06 1.10668e+06 1.01878e+06 895086 735449 708918 626764 556243 550977 350370 171923 164590 111363 57391.9 57282.3
threshold=1627.9255476811095 995.42088291273444 0.44072558017973784 -0.9159756150367534 400.20756300939792 -0.60355339059327384 38138.140000000007 0.18946953262365177 472.37178621456525 0.07815191598035949 -0.9829629131445341 924.74512740195235 28412.020000000004 1799.3481316101695 6.0916937000000013 867.10914946797095 709.18839906504832 0.96592582628906831 30810.500000000004 290.00500000000017 35093.708333333343 -0.5 263.34458164658673 614.20424327994806 18.598000000000003 0.25881904510252091 24.444700000000001 1.0000000180025095e-35 2.1661870192782646 29910.420000000002 -0.78656609248549325 1.3233843357287192 76.837211705116545 311.07500000000005 0.055680606748290042 312.51673688218676 0.31751194927847143 1767.0654930259393 2762.2196417614418 -0.9829629131445341 351.01163321540656 35507.000000000007 31058.260000000006 1.0956498242771591 227.81558094977899 42830.500000000007 809.07142280068922 1.0111109876570648 39389.500000000007
decision_type=2 2 2 2 2 2 2 2 2 2 2 2 2 2 2 2 2 2 2 2 2 2 2 2 2 2 2 2 2 2 2 2 2 2 2 2 2 2 2 2 2 2 2 2 2 2 2 2 2
left_child=1 13 3 6 34 8 15 17 28 36 14 29 -13 20 45 16 -2 19 -10 -7 21 22 -1 42 -19 33 -23 -11 41 30 -12 -25 46 -8 43 -31 -6 -36 -27 -34 44 -4 -9 -5 -16 48 -22 -47 -3
right_child=2 10 5 4 9 7 25 23 18 27 11 12 -14 -15 40 -17 -18 24 -20 -21 32 26 -24 31 -26 38 -28 -29 -30 35 -32 -33 39 -35 37 -37 -38 -39 -40 -41 -42 -43 -44 -45 -46 47 -48 -49 -50
leaf_value=-5.0937952472364927 -4.4068224893953021 1.5046756846564158 -0.20897602205691129 10.163264734205962 32.577497948919024 2.6175216105543924 -0.75929605902305675 -8.6659427697317941 -44.457115338643398 20.960276902176954 -18.169107690576006 4.699324888932078 39.830931676228843 20.579143979970148 -6.7284460372924801 19.744335644061749 -34.234340602329802 18.328317467982952 -11.161987985883442 9.3619894896466942 -3.0472978448005712 -3.2018423638585567 -14.063661004005892 -25.406702435602909 4.8712421420475716 18.576414976261788 8.0332046293077024 9.0488720649507002 23.599624384017218 20.048971176147461 -0.0535120508377427 3.8841150374639604 -6.6421617324363345 14.972993107311062 1.4820849924606663 2.4282154856828093 18.228850054692369 7.8390874286770371 3.6346397664235988 0.50874551617319808 -26.524637222290039 -19.615950551899999 7.0765833932845332 16.215897335375058 -15.311916513442993 3.054656791687012 0.20133494956926867 9.4379616010756724 -5.3910656715261531
leaf_weight=2678 238 20 45 590 55 1214 223 34 29 130 72 37 29 33 49 25 34 207 34 540 3195 9322 306 60 160 128 125 682 20 35 1748 20 147 60 309 3828 613 786 45 2190 37 21 60 118 49 48 109 20 28
leaf_count=2678 238 20 45 590 55 1214 223 34 29 130 72 37 29 33 49 25 34 207 34 540 3195 9322 306 60 160 128 125 682 20 35 1748 20 147 60 309 3828 613 786 45 2190 37 21 60 118 49 48 109 20 28
internal_value=0.0100254 -1.97469 7.39216 9.43194 11.1169 4.02121 2.08056 5.0095 -11.133 14.8164 1.34747 1.73443 20.5 -3.07567 -7.48739 -5.83248 -8.24701 6.05169 -26.9435 4.69808 -3.12 -3.76467 -6.01803 -7.65645 12.4907 7.23593 -3.05235 10.9793 0.625613 1.51292 -0.779757 -18.1264 -1.69894 2.61715 8.07372 2.59301 19.4572 6.04818 14.7331 0.0562966 -15.5144 -6.58453 1.3512 11.1935 -11.1315 1.90712 -2.9401 5.04167 -2.54577
internal_weight=30585 24105 6480 4036 3283 2444 753 2295 149 1480 6000 5749 66 18105 251 297 272 2121 63 1754 18072 12431 2984 174 367 456 9447 812 86 5683 1820 80 5641 283 1803 3863 668 1095 173 2337 135 66 94 708 98 116 3304 68 48
internal_count=30585 24105 6480 4036 3283 2444 753 2295 149 1480 6000 5749 66 18105 251 297 272 2121 63 1754 18072 12431 2984 174 367 456 9447 812 86 5683 1820 80 5641 283 1803 3863 668 1095 173 2337 135 66 94 708 98 116 3304 68 48
is_linear=0
shrinkage=0.1


Tree=28
num_leaves=55
num_cat=0
split_feature=9 8 1 7 9 4 6 7 11 11 23 11 6 19 23 26 4 7 11 1 9 8 11 6 5 12 23 1 9 6 7 5 7 1 2 22 26 26 11 11 2 19 11 5 0 3 13 26 9 12 3 1 11 3
split_gain=3.4003e+07 8.44638e+06 4.0462e+06 3.35107e+06 2.38563e+06 2.38377e+06 2.22244e+06 1.75718e+06 2.72492e+06 1.88376e+06 1.89348e+06 1.71454e+06 1.69976e+06 1.60876e+06 1.55438e+06 1.54933e+06 2.46251e+06 2.00564e+06 1.15863e+06 1.03411e+06 1.37268e+06 931332 929112 1.05227e+06 901355 851881 1.20363e+06 712824 674809 652397 629483 606461 603511 637840 611833 576885 571793 1.76686e+06 895325 556093 537809 528758 491452 485365 467737 462038 405499 370249 468737 355384 347055 331321 224095 105298
threshold=1699.6209308463654 822.73278426324293 0.07815191598035949 380.05603431913977 3199.5985812441477 0.95345179898211219 22662.251666666671 380.05603431913977 509.51803386083446 709.18839906504832 8.0380085000000019 400.20756300939792 42798.356666666674 0.93301270189221952 5.4148311500000004 18.579800000000002 0.95787064569029223 614.42196075951949 379.89625017337096 0.080540969049177027 897.8655247089365 1135.0050216201496 866.73822657055348 27801.462500000005 -57.024999999999999 30743.500000000004 4.0661285000000005 0.075532809959731037 691.30499012125676 23768.352500000005 509.56792670586901 -1504.4999999999998 370.05562067166494 0.054139681986966538 0.62554526692287893 1.5000000000000002 19.249950000000002 14.827350000000001 338.3537910039542 576.46600801760758 0.71646273088367252 -0.68301270189221952 130.91273370668338 769.50000000000011 0.36045719316488051 2.4674322294762998 37783.790000000001 6.7888500000000009 1308.4361375932579 37432.500000000007 0.79789742520144624 0.09309560922158179 109.34015893840511 1.4830555386580693
decision_type=2 2 2 2 2 2 2 2 2 2 2 2 2 2 2 2 2 2 2 2 2 2 2 2 2 2 2 2 2 2 2 2 2 2 2 2 2 2 2 2 2 2 2 2 2 2 2 2 2 2 2 2 2 2
left_child=1 19 3 12 6 25 24 8 21 13 -11 41 32 -9 -10 17 -17 -8 -14 20 40 -7 23 -13 -4 26 35 28 -27 47 44 -28 34 -34 -2 -3 37 -31 -38 51 43 53 -42 -1 -22 -43 -29 52 -49 -41 -26 -6 -21 -5
right_child=2 5 4 11 39 7 15 9 14 10 -12 22 18 -15 -16 16 -18 -19 -20 29 30 -23 -24 -25 50 27 31 46 -30 36 -32 -33 33 -35 -36 -37 38 -39 -40 49 42 45 -44 -45 -46 -47 -48 48 -50 -51 -52 -53 -54 -55
leaf_value=-2.6629520672250089 4.3946355896910703 14.819822710271806 -26.190728221401095 24.559509976704916 19.672968923477899 -0.17474744613510579 4.9172742935878482 6.1438733744832517 3.4984588486807691 5.1483726903011933 -19.102183335168021 -0.82157870036799729 11.336923725605011 20.802451587564807 -29.962845841321084 -9.6843339883310851 3.5094675987884125 15.403978968616848 40.087244050399121 -4.5412593515295736 9.6257214731640293 2.2691366398209012 33.137563708623254 15.739495754927365 4.9706540812616771 -10.615633122693925 -24.634957940237864 -1.5804724159330439 2.693896619043791 -3.6436887440120738 17.395263979511878 -8.8155612413392692 -9.872453547459024 9.9167185386021934 9.8542531252991079 -6.4208658402616328 -4.8282679559433301 6.7420001125900004 -20.39999652862549 33.160885763168338 -0.97735343572220512 5.6931482248233412 8.2652871822317433 12.568527812049503 0.52685086582646223 13.889367502096087 -6.5900246694310169 -4.4555955186236975 -15.842154950361985 16.54033776645003 -12.631825204329058 2.3600806503295901 -11.994901568801316 12.957219132922944
leaf_weight=8951 826 30 30 20 20 2611 1557 648 20 75 55 40 39 84 43 171 796 206 22 56 71 3870 29 886 22 41 27 386 410 5441 30 208 50 23 274 21 145 168 49 31 182 363 83 20 263 85 278 537 38 28 21 24 161 20
leaf_count=8951 826 30 30 20 20 2611 1557 648 20 75 55 40 39 84 43 171 796 206 22 56 71 3870 29 886 22 41 27 386 410 5441 30 208 50 23 274 21 145 168 49 31 182 363 83 20 263 85 278 537 38 28 21 24 161 20
internal_value=0.009351 -1.56632 7.06462 9.86941 4.47834 0.926047 3.92496 1.64164 1.08212 5.88312 -5.17898 13.1413 6.03585 7.85209 -19.4515 4.38707 1.16874 6.15064 22.1852 -2.92168 -2.25893 1.28469 15.6081 15.024 -13.1823 -2.85521 -7.71455 -1.60298 1.46313 -3.88591 3.75724 -10.7298 5.17784 -3.58776 5.76229 6.11837 -3.51731 -3.33147 -8.84578 19.3553 -2.49641 8.2917 1.9377 -2.6276 2.484 7.27571 -3.6846 -6.57879 -5.2343 25.6803 -3.71762 10.4919 -10.101 19.2159
internal_weight=30585 25002 5583 2677 2906 8807 2803 7406 6544 862 130 1443 1234 732 63 2730 967 1763 61 16195 9600 6481 955 926 73 1401 286 1115 451 6595 364 235 1173 73 1100 51 5803 5609 194 103 9236 488 265 8971 334 448 664 792 575 59 43 44 217 40
internal_count=30585 25002 5583 2677 2906 8807 2803 7406 6544 862 130 1443 1234 732 63 2730 967 1763 61 16195 9600 6481 955 926 73 1401 286 1115 451 6595 364 235 1173 73 1100 51 5803 5609 194 103 9236 488 265 8971 334 448 664 792 575 59 43 44 217 40
is_linear=0
shrinkage=0.1


Tree=29
num_leaves=50
num_cat=0
split_feature=10 10 10 17 4 15 13 15 0 15 24 11 6 1 26 15 12 16 6 14 1 6 9 24 6 13 12 9 11 15 7 6 14 26 13 0 9 10 26 15 4 26 12 9 17 4 9 15 14
split_gain=2.97596e+07 5.82204e+06 3.56856e+06 3.50573e+06 3.66791e+06 2.85999e+06 4.40113e+06 2.72079e+06 2.13254e+06 1.87242e+06 2.72594e+06 2.25437e+06 1.63992e+06 1.52269e+06 1.64828e+06 1.48502e+06 1.44479e+06 1.28136e+06 1.27532e+06 1.1888e+06 1.1783e+06 1.16777e+06 1.39463e+06 1.37525e+06 1.13268e+06 1.10546e+06 1.35226e+06 1.04244e+06 1.01719e+06 1.87318e+06 987859 957398 894703 860318 738148 773606 655765 570344 524341 488853 426550 510991 348728 337759 291411 207750 173429 155488 49975.4
threshold=1627.9255476811095 933.38103525368763 2665.9354191262587 0.81174490092936691 0.95345179898211219 -0.9159756150367534 37719.525000000001 -0.12940952255126034 0.47344484209981913 -0.9159756150367534 11.908459000000002 924.74512740195235 30110.640833333335 0.15364126980085169 14.636050000000003 0.98296291314453432 44332.500000000007 -1.0000000180025095e-35 24722.400000000005 0.25881904510252091 0.18058820999331973 27801.462500000005 401.54165833633618 8.6676545000000029 25433.005000000005 28290.905000000002 41828.500000000007 477.73188095738664 266.67506364095544 0.1294095225512602 867.10914946797095 23165.886666666669 -0.70710678118654735 18.619650000000004 43069.765000000007 0.52833776859824166 1402.6237858425727 2767.1847758161971 18.216350000000002 0.25881904510252057 1.021275509282529 6.7888500000000009 43057.500000000007 326.54347479004156 -0.22252093395631442 1.0362968769799474 1.0000000180025095e-35 -0.5 0.25881904510252091
decision_type=2 2 2 2 2 2 2 2 2 2 2 2 2 2 2 2 2 2 2 2 2 2 2 2 2 2 2 2 2 2 2 2 2 2 2 2 2 2 2 2 2 2 2 2 2 2 2 2 2
left_child=1 13 3 4 20 6 -6 25 -7 10 12 21 33 27 43 18 34 32 -9 -14 30 23 -23 -11 -13 -5 -27 40 36 -30 -2 -19 -16 -3 35 37 -29 -4 -18 -22 41 -1 44 48 -12 -44 -42 -45 -15
right_child=2 9 16 7 5 8 -8 15 -10 11 42 24 19 14 17 -17 38 31 -20 -21 39 22 -24 -25 -26 26 -28 28 29 -31 -32 -33 -34 -35 -36 -37 -38 -39 -40 -41 46 -43 45 47 -46 -47 -48 -49 -50
leaf_value=-5.6640799945524822 -2.1699567135130424 -30.805006088680695 9.7977269273798626 39.027391932560846 -31.532335302564832 7.7902876024778527 1.184047811682994 -15.997502081734794 2.514336990215341 7.9537096989415863 -4.9451506381685091 3.3368139184039571 -9.5599115525154357 -6.2052306530610579 -7.6027502834796907 29.30762809973497 36.207154206306704 -10.424306832698354 6.2623367517281041 1.9853953791256171 -26.912186393737798 16.01479651723589 1.7920953511688724 -2.6878209365669199 32.45989367893764 10.357667633582807 24.641709402039297 -1.7280064324073607 -2.7570344441703387 8.6329088246121142 15.585602107192532 12.743838038811319 -23.875601330509895 -8.772720617055894 -2.8207716515189727 -5.1912425620688332 -19.432017716907321 15.609150975334401 17.067157174559203 -7.6091482277839422 -9.4517898461397962 -3.1514722661712082 4.2624124759786275 -5.9486608133561871 3.4789449209516699 12.789424959591457 -2.2702252515301118 -2.5598439336701073 -10.460122487545014
leaf_weight=1039 622 44 421 25 44 2664 476 27 1077 136 76 22 281 52 51 25 30 56 324 130 24 69 4657 1070 34 144 126 6488 307 271 32 25 107 31 37 26 20 293 33 30 33 3694 169 176 87 34 4274 593 79
leaf_count=1039 622 44 421 25 44 2664 476 27 1077 136 76 22 281 52 51 25 30 56 324 130 24 69 4657 1070 34 144 126 6488 307 271 32 25 107 31 37 26 20 293 33 30 33 3694 169 176 87 34 4274 593 79
internal_value=0.00892646 -1.60842 6.02463 5.11728 4.19943 5.30676 -1.63947 11.8979 6.27247 0.860592 -3.52304 1.4848 -8.42456 -2.58658 -6.11921 6.23164 12.1035 -13.4865 4.50946 -5.91216 -2.46297 1.29439 2.00309 -1.48219 21.2779 19.0746 17.0899 -2.3367 -1.42827 2.58892 -1.27871 -3.20544 -18.7038 -21.9336 10.8951 11.5838 -1.78539 12.201 26.6048 -16.5216 -3.04855 -3.70413 2.99076 -4.15 -0.455058 5.74627 -2.32743 -3.34216 -8.83096
internal_weight=30585 24105 6480 5640 4969 4261 520 671 3741 6840 852 5988 486 17265 1139 376 840 239 351 411 708 5932 4726 1206 56 295 270 16126 7086 578 654 81 158 75 777 740 6508 714 63 54 9040 4733 366 900 163 203 4307 769 131
internal_count=30585 24105 6480 5640 4969 4261 520 671 3741 6840 852 5988 486 17265 1139 376 840 239 351 411 708 5932 4726 1206 56 295 270 16126 7086 578 654 81 158 75 777 740 6508 714 63 54 9040 4733 366 900 163 203 4307 769 131
is_linear=0
shrinkage=0.1


Tree=30
num_leaves=53
num_cat=0
split_feature=10 10 15 2 15 1 15 26 13 6 7 6 15 14 6 15 9 24 9 24 14 1 7 10 13 17 9 7 18 13 19 12 6 13 2 9 7 1 4 9 1 0 26 6 0 6 5 0 1 12 17 10
split_gain=2.42481e+07 5.45336e+06 3.20537e+06 3.73647e+06 3.33232e+06 2.47773e+06 2.38842e+06 1.78677e+06 1.65304e+06 1.80785e+06 1.57383e+06 1.56666e+06 1.33328e+06 1.28226e+06 1.23451e+06 1.4539e+06 1.38628e+06 1.35277e+06 1.30755e+06 1.2124e+06 1.15824e+06 988264 956620 931896 907335 899881 874726 866359 806058 789600 785703 778740 963584 683798 669840 665222 994440 631619 574876 545874 528972 364718 356739 336248 325270 291402 225942 250261 107076 98514.5 77733 40293
threshold=1706.1374638911916 1046.6642317271019 -0.9829629131445341 0.58405734446265456 0.96592582628906831 0.18946953262365177 -0.70710678118654757 18.579800000000002 36226.69000000001 42798.356666666674 614.42196075951949 33077.095000000008 -0.9829629131445341 -0.70710678118654735 28202.850833333338 -0.60355339059327384 221.66253622007531 8.5443190000000016 2803.4179486041867 11.908459000000002 0.60355339059327384 0.088712721830419325 380.05603431913977 489.05967234857729 31126.485000000004 -0.56174490092936669 1420.263053060253 435.66904081343336 -0.24999999999999997 24246.345000000005 0.6830127018922193 30052.000000000004 27879.015833333335 41183.265000000007 0.68552578671963271 2032.726412708347 668.18643537312937 0.07815191598035949 1.0750110067229983 1523.002253024885 0.033462168160161676 0.56835695140508702 18.985200000000003 41270.977500000008 0.32282731069456455 35343.916666666679 234.81500000000008 0.46567397786348458 0.057872501007512171 42830.500000000007 -0.22252093395631442 1397.3956482188705
decision_type=2 2 2 2 2 2 2 2 2 2 2 2 2 2 2 2 2 2 2 2 2 2 2 2 2 2 2 2 2 2 2 2 2 2 2 2 2 2 2 2 2 2 2 2 2 2 2 2 2 2 2 2
left_child=1 13 11 4 5 6 -4 22 20 10 -10 -2 19 23 15 28 42 -17 -18 39 27 26 -6 46 -7 -9 34 -5 -14 -28 38 41 -33 -11 -15 36 -23 40 43 45 -32 -25 -16 -13 -40 -3 47 -1 -22 50 -21 -51
right_child=2 12 3 8 7 24 -8 25 9 33 -12 30 14 21 16 17 18 -19 -20 49 48 35 -24 31 -26 -27 29 -29 -30 -31 37 32 -34 -35 -36 -37 -38 -39 44 -41 -42 -43 -44 -45 -46 -47 -48 -49 -50 51 -52 -53
leaf_value=-2.159177081394823 -26.094853058457375 -14.49735389550527 -10.125962341012377 4.3858830411886345 10.014103702379733 -17.650726427855314 3.7651639062017241 -5.0087494395329406 5.9636321781309247 29.40656925746373 13.061218770752056 -17.000227477000312 -26.708026949564619 -2.4075299159744041 24.771535145152701 9.096136730772848 1.9914289371560387 -1.751562786022949 19.722941541671755 -5.4125712356567384 21.49533267643141 -3.7332321551474146 23.266630601882937 23.807381766183038 -1.6214403435587883 9.3300284688561046 -1.8853038539705069 16.598338752727251 -4.901631777995342 24.263185326258341 1.64996218585968 -12.868554289200729 1.0769026137537918 13.945785615649925 0.41057254756323813 13.99865940638951 -19.983056013207687 -7.365584627787273 7.2796398807974434 -25.861382039388019 22.311991273439848 4.8744280034845531 7.8291798135508657 -3.4190469642480217 -7.423359575978032 -4.3834247492253784 -12.233609517415365 0.74183458354346143 33.389556694030766 6.1765709803863009 2.4843503217697145 0.80952242070978342
leaf_weight=2500 31 53 131 86 97 80 1997 64 2018 34 370 51 32 8039 32 130 4398 938 41 24 22 5052 131 20 63 134 22 184 36 23 24 50 1742 196 942 20 37 23 33 23 25 21 22 29 26 63 20 337 31 43 24 21
leaf_count=2500 31 53 131 86 97 80 1997 64 2018 34 370 51 32 8039 32 130 4398 938 41 24 22 5052 131 20 63 134 22 184 36 23 24 50 1742 196 942 20 37 23 33 23 25 21 22 29 26 63 20 337 31 43 24 21
internal_value=0.00823085 -1.36548 5.77916 6.26303 3.57274 2.04784 2.90567 11.6781 8.72806 7.88959 7.06835 -5.47306 1.29275 -2.1958 1.61107 -1.3332 2.35563 -0.423876 2.15961 -5.82419 15.4788 -2.67118 17.6968 -0.762808 -10.6492 4.69339 -2.0417 12.739 -15.4018 11.7164 -2.33453 0.996694 0.680839 16.3487 -2.11193 -3.78266 -3.85528 6.09023 -6.71076 -12.0291 12.4272 14.457 18.1369 -12.18 0.784617 -9.08886 -1.89163 -1.81443 28.9418 1.91481 -1.49399 4.45506
internal_weight=30585 24705 5880 5638 2697 2271 2128 426 2941 2618 2388 242 5880 18825 5629 1136 4493 1068 4439 251 323 14135 228 4690 143 198 9026 270 68 45 211 1833 1792 230 8981 5109 5089 72 139 139 49 41 54 80 59 116 2857 2837 53 112 48 64
internal_count=30585 24705 5880 5638 2697 2271 2128 426 2941 2618 2388 242 5880 18825 5629 1136 4493 1068 4439 251 323 14135 228 4690 143 198 9026 270 68 45 211 1833 1792 230 8981 5109 5089 72 139 139 49 41 54 80 59 116 2857 2837 53 112 48 64
is_linear=0
shrinkage=0.1


Tree=31
num_leaves=54
num_cat=0
split_feature=10 10 15 0 15 1 15 23 1 7 13 11 7 6 11 22 11 23 6 6 6 23 1 11 11 6 11 15 11 4 11 22 23 11 15 19 14 9 12 4 14 13 7 10 11 6 11 4 6 15 12 17 4
split_gain=1.96534e+07 4.45482e+06 2.60375e+06 3.0472e+06 1.87216e+06 2.3235e+06 1.77908e+06 2.1966e+06 1.76419e+06 1.70824e+06 1.6693e+06 1.6195e+06 1.39354e+06 1.34384e+06 3.88022e+06 1.38966e+06 1.3546e+06 2.28019e+06 1.31625e+06 1.29696e+06 1.19753e+06 1.13203e+06 1.53361e+06 992594 967385 884223 1.93282e+06 1.18338e+06 1.85635e+06 1.02979e+06 874913 872903 832804 807948 799062 766097 721518 639144 607122 599992 561894 528267 513599 491564 468194 426686 471844 294467 264869 223770 214645 331629 167761
threshold=1706.1374638911916 844.27179956142663 -0.9829629131445341 0.43968005264420923 0.96592582628906831 0.18946953262365177 -0.9159756150367534 6.0916937000000013 0.068051304740325322 687.70773411900234 33237.680000000008 400.20756300939792 777.36461542940708 27999.430833333336 739.19286622200468 5.5000000000000009 212.21842032167106 9.3313510000000015 32017.874166666672 33418.070000000007 30110.640833333335 7.0086555000000006 0.11343215125001936 257.68101129683959 614.20424327994806 28603.572500000006 464.25703865863346 0.1294095225512602 325.07324323628023 2.6050496261871845 197.70191442805387 1.5000000000000002 8.3161285000000031 283.33987693072157 0.1294095225512602 0.6830127018922193 0.25881904510252091 1426.8210489660182 33556.500000000007 1.0833334722226853 -0.60355339059327362 38649.625000000007 631.16248673136681 741.17480295465418 122.49747787530427 37857.010833333341 71.585117847164241 1.0933459871037885 39332.662500000006 -0.5 43057.500000000007 -0.22252093395631442 1.0362968769799474
decision_type=2 2 2 2 2 2 2 2 2 2 2 2 2 2 2 2 2 2 2 2 2 2 2 2 2 2 2 2 2 2 2 2 2 2 2 2 2 2 2 2 2 2 2 2 2 2 2 2 2 2 2 2 2
left_child=1 25 19 8 5 12 7 50 11 10 -10 39 -5 16 23 -16 37 -18 -11 -2 33 22 -6 -15 -7 27 45 28 44 40 -31 -30 -23 -9 -13 41 -22 -8 -28 -4 -29 -21 48 -40 -1 49 -47 -43 -37 -27 51 -3 -52
right_child=2 6 3 4 21 24 13 20 9 18 -12 34 -14 14 15 -17 17 -19 -20 35 36 32 -24 -25 -26 26 38 29 31 30 -32 -33 -34 -35 -36 42 -38 -39 43 -41 -42 47 -44 -45 -46 46 -48 -49 -50 -51 52 -53 -54
leaf_value=-3.032375234450106 -22.178583861686089 -4.3126265781266353 5.9642134972552325 1.7325150871319743 10.291731870408153 -2.615264251415546 1.0449806281261975 0.43763685680571057 22.511016968804967 24.943773817334858 3.7635999440534094 11.513601663623163 13.783107507930083 0.91825592639063458 15.737530547121295 47.523539406912676 -6.2205238303711026 6.1258199966208826 8.526493484734079 -19.241651176452638 -7.4353348751667285 27.250580655767564 -7.863737868728923 4.0402346610792179 -19.917096451195803 -2.8269891712644015 2.7919457839085506 3.3508658607127302 0.83765485491071434 -0.71356802420182674 28.119410719190327 -16.617034866889764 10.777913996607987 -22.260564001691012 19.289094786199264 -5.6056909066659442 0.28972743535309692 11.00899809466468 33.559111227308001 12.602521784130266 -2.4813032588142541 -7.2507779199736468 19.889127803984145 11.110379010980779 -6.2456710601556189 -1.9146580777410991 0.86806931755101724 2.9996569552320116 9.1789118528366096 -1.7586934424442953 3.6965254197082325 4.3123098885071904 11.351983321053643
leaf_weight=1469 36 83 714 1632 152 64 611 20 48 69 1604 452 101 4094 45 20 749 186 168 24 380 46 66 1355 65 2904 25 176 34 21 20 178 96 71 192 26 177 71 20 169 2505 69 20 21 658 1303 1143 46 21 6068 170 94 34
leaf_count=1469 36 83 714 1632 152 64 611 20 48 69 1604 452 101 4094 45 20 749 186 168 24 380 46 66 1355 65 2904 25 176 34 21 20 178 96 71 192 26 177 71 20 169 2505 69 20 21 658 1303 1143 46 21 6068 170 94 34
internal_value=0.00781129 -1.22892 5.20329 5.63939 2.75508 1.47641 0.68313 -3.20197 7.51418 5.46596 4.32161 10.0427 2.44237 1.24412 1.98744 26.0897 -1.29029 -3.76054 13.3909 -4.93813 -6.74093 9.34626 4.78431 1.6952 -11.4194 -2.17192 -1.68636 -3.27318 -4.92249 -1.85466 13.6859 -13.8269 16.2674 -17.3214 13.8581 -1.83265 -4.98439 2.09689 15.2502 7.24756 -2.09733 -6.05437 6.88609 22.5993 -4.0289 -1.78558 -0.614484 -3.16009 1.0538 -2.10475 2.81894 0.266342 5.02159
internal_weight=30585 24705 5880 5638 2222 1862 8160 1029 3416 1889 1652 1527 1733 7131 5514 65 1617 935 237 242 648 360 218 5449 129 16545 11484 5061 2339 2722 41 212 142 91 644 206 557 682 66 883 2681 139 67 41 2127 11418 2446 115 47 8972 381 177 204
internal_count=30585 24705 5880 5638 2222 1862 8160 1029 3416 1889 1652 1527 1733 7131 5514 65 1617 935 237 242 648 360 218 5449 129 16545 11484 5061 2339 2722 41 212 142 91 644 206 557 682 66 883 2681 139 67 41 2127 11418 2446 115 47 8972 381 177 204
is_linear=0
shrinkage=0.1


Tree=32
num_leaves=52
num_cat=0
split_feature=10 10 7 15 11 0 15 1 14 15 26 6 7 1 11 16 12 15 23 4 1 11 9 1 4 9 11 14 6 23 1 11 11 15 11 6 11 7 9 22 12 0 26 1 26 9 3 15 7 12 10
split_gain=1.59367e+07 4.03767e+06 2.31977e+06 2.49866e+06 4.01133e+06 3.30301e+06 2.29062e+06 1.71659e+06 1.64188e+06 1.43253e+06 2.08786e+06 1.83032e+06 1.28922e+06 1.25563e+06 1.1951e+06 1.44488e+06 1.12779e+06 1.12276e+06 1.09633e+06 1.03047e+06 1.1244e+06 1.4749e+06 1.38159e+06 956665 949733 1.09914e+06 1.38063e+06 1.59941e+06 823325 790264 755193 1.53469e+06 1.29973e+06 741513 721684 680475 863463 855009 749242 763118 673622 560231 524640 478626 341047 277623 186745 160687 149375 67826.1 38604.7
threshold=1756.7994164434776 1046.6642317271019 739.3636290339058 -0.9159756150367534 709.18839906504832 0.40675408621581371 0.98296291314453432 0.15926292198568234 0.25881904510252091 0.1294095225512602 18.579800000000002 30180.692500000001 995.43244380087151 0.03544809761222794 400.20756300939792 1.0000000180025095e-35 40259.000000000007 -0.9829629131445341 6.7830116500000015 1.2255123945952875 0.060671807164413907 283.33987693072157 28.63519445162547 0.076502042035304821 0.90745173183390782 1699.6209308463654 478.87360381594812 -0.78656609248549292 25756.317500000001 5.6664435000000006 0.14551972909613339 509.51803386083446 252.26299266618435 0.96592582628906831 509.51803386083446 28059.969166666669 497.39075132390343 649.02696317211291 1581.5484171780806 1.5000000000000002 47514.000000000007 0.45150566764261718 18.595050000000004 0.095081008302552575 6.7888500000000009 1412.3653628747913 1.1901769177352677 -0.9159756150367534 333.99930859017695 41828.500000000007 1397.3956482188705
decision_type=2 2 2 2 2 2 2 2 2 2 2 2 2 2 2 2 2 2 2 2 2 2 2 2 2 2 2 2 2 2 2 2 2 2 2 2 2 2 2 2 2 2 2 2 2 2 2 2 2 2 2
left_child=1 24 3 4 8 14 7 -7 23 11 34 -4 28 -13 40 -16 -10 29 -8 20 21 -19 -22 -2 35 30 -27 -28 -12 49 31 -26 -32 41 -11 38 47 -38 44 -40 -5 -21 -15 46 -1 -45 -31 -37 -35 -3 -51
right_child=2 17 9 5 -6 6 18 -9 16 10 12 13 -14 42 15 -17 -18 19 -20 33 22 -23 -24 -25 25 26 27 -29 -30 43 32 -33 -34 48 -36 36 37 -39 39 -41 -42 -43 -44 45 -46 -47 -48 -49 -50 50 -52
leaf_value=-6.276459251009217 0.56215567749087547 -1.7116348182832875 36.938232300156038 5.3758615260105671 -33.140764270330735 2.6309485532245849 5.3580443010097598 -7.1118008602803675 -7.0241349569181111 10.591235296349778 -11.637037675956201 -9.3187201624331273 -20.675288016979511 9.4271111291030358 15.22885921382202 6.9133802468101102 11.651423078376776 1.7702661392989978 21.567977409471169 6.7523439417105351 20.629142051935197 9.4521511967617027 -0.24276905826897033 -9.6407007977962493 -1.2615552174033335 -9.6064543854106574 1.9540292104085286 38.946378986040756 7.1831423681750266 -2.8095233666492097 -2.1374933209401905 15.480365057858556 -10.261079482205453 11.811833741929796 31.548476493358613 -3.97770210199119 23.999271587371826 -3.2348526261069561 -6.6785982619391548 -28.77450559425354 15.977612219192089 -0.36081182809479267 19.931563558660706 -9.7405172718895816 -3.1797339547306991 -23.356858348846437 -13.270101191780785 -2.0074041412867092 24.142781393868585 5.4178772342759514 0.32723683093984923
leaf_weight=515 237 36 37 1028 37 1985 81 198 40 37 28 22 25 86 415 426 156 1673 87 335 31 293 3551 149 12464 21 23 23 117 80 961 54 247 26 31 488 24 21 44 24 63 165 115 35 1162 29 21 2754 20 42 23
leaf_count=515 237 36 37 1028 37 1985 81 198 40 37 28 22 25 86 415 426 156 1673 87 335 31 293 3551 149 12464 21 23 23 117 80 961 54 247 26 31 488 24 21 44 24 63 165 115 35 1162 29 21 2754 20 42 23
internal_value=0.00778753 -1.04924 4.93695 4.27459 -1.6619 5.13275 2.61359 1.74442 0.392748 11.4351 5.79329 16.5576 -0.160355 13.0263 8.19532 11.03 7.82378 1.129 13.8304 1.40689 0.99841 2.91935 -0.0564285 -3.39099 -1.78518 -1.356 11.3275 20.8853 3.49409 -5.21867 -1.41873 -1.1881 -3.80564 5.5481 20.464 -2.96111 -2.11274 11.496 -4.55704 -14.7812 6.00213 4.40897 15.506 -9.46312 -4.1339 -16.1748 -5.09327 -2.30512 17.5727 1.74012 3.64882
internal_weight=30585 25185 5400 4902 619 4283 2351 2183 582 498 238 260 170 223 1932 841 196 6360 168 6094 5548 1966 3582 386 18825 13793 67 46 145 266 13726 12518 1208 546 68 5032 3287 45 1745 68 1091 500 201 165 1677 64 101 3242 46 101 65
internal_count=30585 25185 5400 4902 619 4283 2351 2183 582 498 238 260 170 223 1932 841 196 6360 168 6094 5548 1966 3582 386 18825 13793 67 46 145 266 13726 12518 1208 546 68 5032 3287 45 1745 68 1091 500 201 165 1677 64 101 3242 46 101 65
is_linear=0
shrinkage=0.1


Tree=33
num_leaves=51
num_cat=0
split_feature=10 10 14 4 21 15 17 11 12 2 12 6 15 16 11 8 11 15 24 6 18 26 4 11 15 21 9 23 4 1 8 21 8 10 11 11 11 15 17 1 9 11 10 19 9 26 26 1 4 23
split_gain=1.29426e+07 3.67377e+06 2.53037e+06 2.52177e+06 3.8952e+06 2.91658e+06 2.30007e+06 2.20818e+06 1.56952e+06 1.36368e+06 1.24975e+06 1.02888e+06 1.33372e+06 1.55122e+06 1.88541e+06 1.26559e+06 1.09061e+06 1.00315e+06 965476 1.1506e+06 1.14456e+06 963241 922155 875774 1.35708e+06 843182 835217 778726 710418 635074 613056 528022 435687 427416 398804 392296 378480 569865 353949 327265 291246 269962 266011 202120 203343 188060 167545 135767 30528.7 41006.3
threshold=1097.1830890323909 2548.6437464042765 -0.70710678118654735 1.1196685235576567 1.0000000180025095e-35 1.0000000180025095e-35 0.81174490092936691 311.58822615612172 26038.500000000004 0.468835099884162 40957.500000000007 38509.695000000007 -0.5 -1.0000000180025095e-35 145.93964872934015 1317.5944467224513 206.9757618120652 0.98296291314453432 4.9507513000000012 36536.446666666678 -0.6830127018922193 24.444700000000001 0.86395683528710787 560.65504025192899 0.25881904510252057 1.0000000180025095e-35 1642.3785908357577 8.4929780000000026 1.7503628991891083 0.085342893742613321 477.75625626249024 1.0000000180025095e-35 968.67081498696814 2715.5195010526172 69.163290355828067 346.17131145310685 185.42211805440567 -0.12940952255126034 -0.22252093395631442 0.048877714834765162 1769.3285804849877 80.200030104141959 405.71248492158958 0.25000000000000017 566.16425397893579 9.7195500000000017 13.620050000000001 0.069740605743434811 1.2898853886109574 11.730971500000001
decision_type=2 2 2 2 2 2 2 2 2 2 2 2 2 2 2 2 2 2 2 2 2 2 2 2 2 2 2 2 2 2 2 2 2 2 2 2 2 2 2 2 2 2 2 2 2 2 2 2 2 2
left_child=11 2 7 4 6 -6 -4 36 -5 38 -10 12 13 14 42 21 34 22 19 -9 -20 28 33 26 -25 35 -17 -16 -14 -24 -18 -23 45 -11 48 -15 40 -38 -3 -19 -2 -27 -1 44 -36 -32 -45 -34 49 -13
right_child=1 9 3 8 5 -7 -8 18 10 17 -12 16 15 25 27 23 30 39 20 -21 -22 31 29 24 -26 41 -28 -29 -30 -31 32 -33 47 -35 43 -37 37 -39 -40 -41 -42 -43 -44 46 -46 -47 -48 -49 -50 -51
leaf_value=-5.6808605176600979 0.98191318515426484 -19.081976167360942 -0.30523675055305943 29.89613831837972 -29.867533197720846 -0.28279774306250399 6.0223787549973995 -5.2647454408135745 2.8944819535376634 -4.9485806298543178 10.305001636160599 -2.00328995384803 -1.6017024776393598 -1.141465589514097 -5.4202887126320114 3.9047961866999401 -7.7274867330278667 29.864632248381778 18.071161604487656 8.145467710597174 8.2505062253699943 1.2078333082050086 9.5027703402214314 -6.5288918722243539 24.397956284232762 0.15337846170772207 -13.64216727256775 -12.209615629395046 5.2141999193136739 3.9403801649136656 24.906592410543691 13.393320890573357 8.3555557948955599 7.1548805056677924 3.5940860789073144 6.7382780838012692 -0.2083126093833535 5.3975341342758094 -1.4100199112525353 14.197360104322435 -6.4044896670182556 -10.009205112144562 -2.6000636066782996 2.5385780721414286 -0.20108634784081839 12.110465008020402 9.8670774760999187 -0.9572364443824406 -4.4364227037680779 -0.60039086513975759
leaf_weight=350 483 20 4621 23 74 60 655 100 1378 82 272 621 11681 2275 295 284 20 23 148 174 609 79 942 20 45 32 29 403 154 265 22 64 68 44 170 64 269 555 25 39 59 141 1417 182 809 31 37 20 37 315
leaf_count=350 483 20 4621 23 74 60 655 100 1378 82 272 621 11681 2275 295 284 20 23 148 174 609 79 942 20 45 32 29 403 154 265 22 64 68 44 170 64 269 555 25 39 59 141 1417 182 809 31 37 20 37 315
internal_value=0.00744733 2.76783 2.0525 1.10175 0.0522197 -16.7209 0.481311 4.86025 4.49359 7.47242 4.1216 -1.52546 -1.79076 -3.1728 -4.95457 -1.23387 0.44638 8.0266 8.35187 3.24988 10.1918 -1.41378 7.43665 4.45594 14.9273 -1.42309 2.24077 -9.35206 -1.51258 8.28581 8.36136 6.71661 10.6818 -0.698918 -0.14417 -0.923072 2.22075 3.56944 -9.5083 20.3912 0.167544 -8.13934 -3.21316 1.07691 0.460927 17.7849 3.81595 6.25204 -1.64718 -1.53231
internal_weight=30585 10920 9480 7083 5410 134 5276 2397 1673 1440 1650 19665 17333 4977 2465 12356 2332 1395 1031 274 757 11978 1333 378 65 2512 313 698 11835 1207 161 143 141 126 2171 2339 1366 824 45 62 542 173 1767 1198 979 53 219 88 973 936
internal_count=30585 10920 9480 7083 5410 134 5276 2397 1673 1440 1650 19665 17333 4977 2465 12356 2332 1395 1031 274 757 11978 1333 378 65 2512 313 698 11835 1207 161 143 141 126 2171 2339 1366 824 45 62 542 173 1767 1198 979 53 219 88 973 936
is_linear=0
shrinkage=0.1


Tree=34
num_leaves=59
num_cat=0
split_feature=10 10 1 0 11 14 5 8 23 15 7 6 15 6 23 14 15 22 11 15 11 15 2 11 19 6 7 1 9 15 0 5 1 12 11 7 6 1 9 7 22 1 11 11 23 11 0 11 9 11 11 23 9 5 9 14 10 23
split_gain=1.06802e+07 2.76532e+06 1.99431e+06 2.00047e+06 2.70813e+06 2.39427e+06 2.33081e+06 2.08242e+06 2.0221e+06 1.81363e+06 1.70762e+06 1.68481e+06 1.78324e+06 2.45991e+06 1.47562e+06 1.42347e+06 1.62594e+06 1.61116e+06 2.16539e+06 1.4389e+06 1.37744e+06 1.91727e+06 1.22283e+06 1.12997e+06 1.93e+06 1.06267e+06 1.03654e+06 974481 948276 911571 882384 841020 784574 680433 674174 832699 665448 578542 784764 741962 1.20797e+06 1.19733e+06 702995 657738 504199 391455 304488 560340 289861 284690 250439 272813 234701 209767 198118 189526 145389 104386
threshold=1756.7994164434776 672.41478302205871 0.11658082995994952 0.48853673383090573 520.41605753204374 0.12940952255126043 485.01000000000005 1273.3079118111889 7.7021935000000008 -0.37940952255126009 709.52667636726585 42798.356666666674 -0.70710678118654757 29775.620833333338 8.7945025000000019 -0.70710678118654735 0.96592582628906831 2.5000000000000004 212.21842032167106 1.0000000180025095e-35 252.26299266618435 -0.12940952255126034 0.58405734446265456 478.87360381594812 -0.5 26490.769166666669 400.22302417199722 0.061103692654164939 2231.5016179326008 0.25881904510252057 0.42111683830595142 -584.00499999999988 0.04213979242864372 30178.500000000004 375.17067062483983 472.40360327348986 35287.645833333343 0.080540969049177027 989.6331025328036 197.70530116156621 1.5000000000000002 0.11824496080429213 342.34426700996619 364.37064053653665 5.6262386500000003 346.17131145310685 0.28385721731658087 171.26374066526276 334.64655364192191 273.88431499429504 188.81319420672938 4.3785581500000008 2762.2196417614418 18.899999999999981 1720.0260074008504 -1.0000000180025095e-35 166.95333112748082 7.1626761500000002
decision_type=2 2 2 2 2 2 2 2 2 2 2 2 2 2 2 2 2 2 2 2 2 2 2 2 2 2 2 2 2 2 2 2 2 2 2 2 2 2 2 2 2 2 2 2 2 2 2 2 2 2 2 2 2 2 2 2 2 2
left_child=1 37 10 5 26 8 30 33 31 -10 11 12 13 -2 28 20 17 19 -19 -17 50 27 -14 45 -25 -23 49 -22 29 -12 -7 -4 -16 -6 52 -36 -30 38 46 48 42 -42 -41 -40 -9 -18 47 -1 55 -5 54 -52 -13 -48 -3 -39 -50 -45
right_child=2 15 3 4 7 6 -8 44 9 -11 14 34 22 -15 32 16 23 18 -20 -21 21 25 -24 24 -26 -27 -28 -29 36 -31 -32 -33 -34 -35 35 -37 -38 39 43 40 41 -43 -44 57 -46 -47 53 -49 56 -51 51 -53 -54 -55 -56 -57 -58 -59
leaf_value=0.67823605100183115 -29.851202929461444 0.28133806701212455 -27.493406898004039 7.6766404762268072 6.4542541810444423 13.612465663406793 40.569661365855829 -30.251965103149416 -5.984418642971967 6.4693914644597328 34.78185628851255 8.110490548610688 3.3686257275154396 0.83488427464266002 -18.392397946896761 2.7401046308163592 3.3253584230252651 -0.21843018994850813 -4.812261332679288 -1.5236815028145509 10.335147914730136 30.321614124463952 7.7292867625949571 35.499926830160206 0.37236366408211846 8.2653188758580267 22.032741480860217 -3.8953793197347411 4.1732604490007672 14.704263706888472 3.1498490716729846 -7.7919871590718506 7.0025142302879919 -13.674668284824916 19.994946082206226 2.6827955916121198 15.015716744032432 -1.7469779882709782 -3.0763558020958537 -4.4377084506185431 -3.7589916564207133 -19.42513641325327 12.527496708763971 22.628255399068198 -14.558046701792126 -4.1956128929790699 -1.8481504805676345 18.117239725022088 -6.4319108821250301 -5.8639588094339139 6.7285426750534869 1.4524249388703279 -3.8206627238880508 -0.81057639565747197 -6.6180574978506845 -5.4766828089815762 -1.9575445435640964 11.334518019358319
leaf_weight=151 26 1296 26 24 41 126 21 59 184 317 35 68 1582 804 22 1797 789 2497 1741 1413 60 22 1086 28 34 515 28 227 104 69 223 118 25 27 126 36 126 200 25 75 93 103 35 20 36 75 4972 20 73 40 121 503 21 3208 42 435 4595 20
leaf_count=151 26 1296 26 24 41 126 21 59 184 317 35 68 1582 804 22 1797 789 2497 1741 1413 60 22 1086 28 34 515 28 227 104 69 223 118 25 27 126 36 126 200 25 75 93 103 35 20 36 75 4972 20 73 40 121 503 21 3208 42 435 4595 20
internal_value=0.00712263 -0.858203 4.04232 0.576183 -7.32474 2.5664 8.96734 -15.034 -1.11365 1.89273 5.10778 4.45722 3.88693 -0.161132 11.4808 0.316472 -0.335006 -0.82647 -2.1063 0.863352 2.27407 5.70254 5.14585 3.61456 16.5481 9.22361 6.34885 -0.8948 13.8108 21.7281 6.95528 -11.5143 -5.02 -1.62046 12.3579 16.1879 10.1523 -1.79287 -1.26829 -2.57962 -7.36103 -12.0485 1.02454 9.59444 -24.5184 2.6684 -1.35398 2.81136 -2.30238 -0.746251 0.832004 2.48465 5.2841 -1.44139 0.0599843 -4.30657 -2.02888 17.3956
internal_weight=30585 25185 5400 1270 255 1015 370 163 645 501 4130 3749 3498 830 381 11160 8374 7448 4238 3210 2786 824 2668 926 62 537 92 287 334 104 349 144 47 68 251 162 230 14025 8416 5609 306 196 110 65 95 864 8351 171 5303 64 1962 624 89 8180 1338 635 4668 40
internal_count=30585 25185 5400 1270 255 1015 370 163 645 501 4130 3749 3498 830 381 11160 8374 7448 4238 3210 2786 824 2668 926 62 537 92 287 334 104 349 144 47 68 251 162 230 14025 8416 5609 306 196 110 65 95 864 8351 171 5303 64 1962 624 89 8180 1338 635 4668 40
is_linear=0
shrinkage=0.1


Tree=35
num_leaves=52
num_cat=0
split_feature=10 10 15 6 2 1 11 23 9 5 9 2 11 9 12 7 0 17 15 5 6 15 3 5 11 15 17 11 7 1 8 23 26 23 11 6 0 7 7 3 5 11 3 11 0 15 7 2 0 5 10
split_gain=8.80041e+06 2.58216e+06 1.77582e+06 2.26093e+06 1.62326e+06 1.7124e+06 1.55248e+06 1.43671e+06 1.37941e+06 1.34166e+06 1.30356e+06 1.08623e+06 1.29217e+06 1.03196e+06 1.02546e+06 903460 1.00005e+06 857592 816634 799178 731251 1.07664e+06 1.48708e+06 1.00193e+06 1.11943e+06 2.22037e+06 718377 1.06909e+06 676934 668652 729802 585419 802852 531245 530060 441339 674604 414245 295037 284943 242712 232124 227203 348881 223236 213820 181698 180638 77793.4 41395.5 25462.5
threshold=1097.1830890323909 2548.6437464042765 -0.9159756150367534 33849.631666666675 0.54716191107484324 0.1969881678844059 687.63510778768716 5.4911990500000014 312.51673688218676 380.17000000000007 71.155737247132606 0.48492550601761891 464.25703865863346 1679.8958772287044 30486.500000000004 777.36461542940708 0.36369985488925355 -0.56174490092936669 0.98296291314453432 -480.05500000000001 37916.20416666667 -0.5 0.87818257690048962 70.000000000000028 299.42770225776047 0.37940952255126043 0.81174490092936691 122.49747787530427 173.00565994580811 0.24704976018373964 1769.3285804849877 7.804930950000001 12.039350000000001 4.3785581500000008 242.32531917308287 29706.657500000005 0.42844420404464273 351.02220364752901 342.39494753253194 1.780764062319619 -298.96999999999997 58.006107095449259 0.4876541357785617 130.91273370668338 0.40477431254662516 -0.9829629131445341 269.90103326703468 0.55283953581040868 0.39416412884346325 100.02499999999999 441.53266386663091
decision_type=2 2 2 2 2 2 2 2 2 2 2 2 2 2 2 2 2 2 2 2 2 2 2 2 2 2 2 2 2 2 2 2 2 2 2 2 2 2 2 2 2 2 2 2 2 2 2 2 2 2 2
left_child=20 2 3 7 5 9 10 44 -9 -4 -6 12 33 35 -7 16 -5 -8 19 -15 21 22 26 29 38 -26 27 -1 41 30 -23 32 -24 39 -33 -13 -37 45 -25 -3 -28 49 43 -43 -2 -30 -47 -20 -44 50 -22
right_child=1 11 4 15 6 14 17 8 -10 -11 -12 13 -14 18 -16 -17 -18 -19 47 -21 28 23 31 24 25 -27 40 -29 37 -31 -32 34 -34 -35 -36 36 -38 -39 -40 -41 -42 42 48 -45 -46 46 -48 -49 -50 -51 -52
leaf_value=-1.8112923620872661 -0.68160057801466722 7.2401753419921508 -0.17115110028369487 1.8207744333256752 26.482457069728685 -14.519405281643907 0.68254976125245692 8.1825888266930207 -16.548081816685578 5.8091783566263331 2.6163010977598189 26.479626988002231 -17.654149627685548 -1.7916052855844573 -1.1457183561686959 15.272416391433815 -5.5887525849924318 11.952197852526625 13.14579045647069 6.6191858031964124 -2.4560307060283697 -1.3492865330149462 -17.496767356055127 0.39133333276633175 -3.5796467216391314 14.611604338734436 11.394385292416528 -5.5401224232759176 -3.4177913948341656 -19.174856903439476 16.485111004373305 -7.5393601315362124 0.46308700997253943 15.83503430331195 -19.606916423541747 21.627645465305875 -1.7004757673844049 -7.711356560389202 -8.6839179635047916 -8.0623570960143507 0.45251221208975229 0.84342942735978532 -0.0046414498147477803 8.6492294408098047 13.104398449984465 4.8622113172962989 11.61267844637235 25.670219144367039 -4.6075046175404601 -5.2573895403317046 -1.1366328067331684
leaf_weight=2713 25 20 1995 643 22 118 88 25 188 461 5201 34 39 126 111 38 253 291 37 1061 175 10640 34 1125 113 163 20 1073 26 20 22 69 86 26 81 27 22 26 36 28 589 209 1089 78 21 264 47 20 37 27 903
leaf_count=2713 25 20 1995 643 22 118 88 25 188 461 5201 34 39 126 111 38 253 291 37 1061 175 10640 34 1125 113 163 20 1073 26 20 22 69 86 26 81 27 22 26 36 28 589 209 1089 78 21 264 47 20 37 27 903
internal_value=0.00691732 2.28311 1.68341 -1.92262 2.2027 0.180973 3.17149 -10.1703 -13.6207 0.953286 2.72188 6.22729 -3.16127 7.02854 -8.07013 0.372898 -0.275323 9.34418 6.29772 5.72562 -1.25711 -1.50974 -2.80053 -1.01268 1.46562 7.1777 -2.35661 -2.86927 0.214673 -1.34618 -1.31094 -9.99122 -4.72809 4.61042 -14.1425 17.7768 11.3293 4.24563 0.102699 -1.66867 0.829941 -0.367892 0.481093 2.98753 5.75692 5.18821 5.91633 17.9071 -0.159844 -1.45297 -1.3529
internal_weight=30585 10920 9480 1193 8287 2685 5602 259 213 2456 5223 1440 113 1327 229 934 896 379 1244 1187 19665 16784 4665 12119 1437 276 4395 3786 2881 10682 10662 270 120 74 150 83 49 363 1161 48 609 2518 1413 287 46 337 311 57 1126 1105 1078
internal_count=30585 10920 9480 1193 8287 2685 5602 259 213 2456 5223 1440 113 1327 229 934 896 379 1244 1187 19665 16784 4665 12119 1437 276 4395 3786 2881 10682 10662 270 120 74 150 83 49 363 1161 48 609 2518 1413 287 46 337 311 57 1126 1105 1078
is_linear=0
shrinkage=0.1


Tree=36
num_leaves=48
num_cat=0
split_feature=10 15 1 10 0 15 26 11 15 5 3 26 15 11 1 6 6 26 9 6 11 3 6 0 13 10 1 3 18 12 10 7 18 6 9 18 7 18 10 24 3 6 5 6 26 10 26
split_gain=7.34082e+06 1.96155e+06 1.74022e+06 1.6226e+06 1.43983e+06 1.91829e+06 2.30039e+06 1.90034e+06 1.25671e+06 1.09452e+06 1.05049e+06 1.173e+06 1.03276e+06 1.07638e+06 1.32447e+06 1.10618e+06 1.00234e+06 1.13854e+06 1.04789e+06 918790 769237 731752 702330 621087 623171 460239 454075 733326 597535 423914 414896 403172 345038 342829 323966 560546 441499 317976 290916 278410 235104 255694 195354 186039 125004 150191 64810.2
threshold=1663.4810707368877 0.98296291314453432 0.07815191598035949 672.41478302205871 0.41577432758218852 -0.5 18.160600000000006 456.93634900424689 -0.9829629131445341 178.04999999999998 2.5750175502600348 18.576600000000003 -0.9829629131445341 924.74512740195235 0.24704976018373964 25433.005000000005 27038.795000000002 18.589750000000006 2084.4454757204603 35093.708333333343 201.94722782707234 1.0547182348412141 43581.45416666667 0.40002079734857904 40414.040000000008 2148.1052368499923 0.14429117344799927 0.73748639519849946 0.25000000000000006 40457.500000000007 1499.0073790597764 273.89130854666035 0.93301270189221952 32234.375833333335 989.6331025328036 0.68301270189221941 199.84189524513434 -0.6830127018922193 2374.987419907327 12.462888750000003 1.1402962398991192 39061.843333333345 -287.98999999999995 25539.136666666669 19.706800000000005 741.17480295465418 7.4465500000000011
decision_type=2 2 2 2 2 2 2 2 2 2 2 2 2 2 2 2 2 2 2 2 2 2 2 2 2 2 2 2 2 2 2 2 2 2 2 2 2 2 2 2 2 2 2 2 2 2 2
left_child=3 2 4 26 9 7 -7 -6 23 21 11 -10 20 14 19 -15 -3 29 25 -14 44 -2 -11 24 -4 -19 32 42 -29 37 -17 -16 34 39 36 -36 -1 -18 -12 -34 41 -22 -28 -44 45 -5 -35
right_child=1 16 8 12 5 6 -8 -9 10 22 38 -13 13 15 31 30 17 18 -20 -21 40 -23 -24 -25 -26 -27 27 28 -30 -31 -32 -33 33 46 35 -37 -38 -39 -40 -41 -42 -43 43 -45 -46 -47 -48
leaf_value=-1.1026599779533373 20.988913557264539 29.495838706833975 -24.89087354598507 -5.3491156852671082 1.2431450132890181 -3.4397039693181726 6.2022106194592741 -18.968868522879518 2.377201013033964 9.3292945034507859 12.67487250281417 -2.0651720253865054 -0.42175990436413369 -1.3012034338873786 -4.3896917959739419 30.514718305147614 21.475224192907561 0.53575366814931236 -14.040930852023038 1.5543480960417351 -9.3606270110696794 4.3126877851574443 25.244610907236737 5.8053902171906975 -6.9054737342487691 19.735632029446691 -9.769232742603009 -3.6677172943397807 -24.886321932928904 1.1880334864963185 10.560366040184384 -20.313259180998191 -8.8014277124051326 -0.39933591580870165 -0.98552802267528716 11.415596625634603 -6.0293036477630206 11.286648619716818 4.5518460336695901 -3.4506761921022249 -16.630952391359539 1.1161655228713465 -4.0296444546284151 -1.4052232781380127 -7.4594635696411133 1.317322525468176 -2.2685993658031811
leaf_weight=11055 26 27 30 41 109 346 863 80 1706 455 91 911 5769 36 28 25 66 29 32 3972 132 1171 29 20 54 21 38 26 27 21 20 38 117 397 104 55 184 65 88 574 35 28 480 620 24 172 348
leaf_count=11055 26 27 30 41 109 346 863 80 1706 455 91 911 5769 36 28 25 66 29 32 3972 132 1171 29 20 54 21 38 26 27 21 20 38 117 397 104 55 184 65 88 574 35 28 480 620 24 172 348
internal_value=0.00653641 3.06632 2.69468 -0.777827 4.35002 1.9767 3.44226 -7.36701 0.936278 6.32144 1.33917 0.830575 0.173898 0.383189 0.28776 11.7928 11.537 9.34809 -0.157761 0.384097 -4.60638 4.69213 10.333 -9.80481 -13.5461 8.82856 -1.4781 -3.34543 -14.7379 14.4438 22.0685 -13.7242 -1.30456 -2.76506 -1.12033 3.34871 -1.18385 16.5436 8.7289 -4.36807 -9.24137 -7.53164 -2.80237 -2.55305 -0.769969 0.0151119 -1.27437
internal_weight=30585 6240 5979 24345 3079 1398 1209 189 2900 1681 2796 2617 10320 9888 9807 81 261 234 82 9741 432 1197 484 104 84 50 14025 1191 53 152 45 66 12834 1436 11398 159 11239 131 179 691 195 160 1138 1100 237 213 745
internal_count=30585 6240 5979 24345 3079 1398 1209 189 2900 1681 2796 2617 10320 9888 9807 81 261 234 82 9741 432 1197 484 104 84 50 14025 1191 53 152 45 66 12834 1436 11398 159 11239 131 179 691 195 160 1138 1100 237 213 745
is_linear=0
shrinkage=0.1


Tree=37
num_leaves=57
num_cat=0
split_feature=10 1 10 11 3 23 0 14 10 7 9 2 14 14 4 14 7 23 11 23 14 14 12 21 1 26 11 11 7 12 3 12 13 14 1 11 14 1 26 5 22 9 12 1 11 1 11 5 13 4 9 7 9 11 3 18
split_gain=6.04433e+06 1.78685e+06 1.71498e+06 1.70898e+06 1.16326e+06 1.18612e+06 1.13456e+06 1.85369e+06 1.77237e+06 1.06759e+06 1.31955e+06 1.25241e+06 1.11073e+06 1.46099e+06 1.04298e+06 994728 983285 935658 891463 856487 806612 1.15751e+06 1.40932e+06 1.53879e+06 1.26368e+06 1.18443e+06 1.11771e+06 1.0659e+06 750102 747036 608109 559872 1.36759e+06 554187 822878 583898 552908 540075 948689 899638 828497 539024 530853 345603 340125 363399 439296 290340 254039 233127 232223 222649 208100 110295 28538.2 14257.2
threshold=1827.0680963295231 0.11658082995994952 822.62264923049884 924.74512740195235 2.4674322294762998 6.6955535500000005 0.50247997818105761 0.91597561503675362 2351.3732872324877 709.52667636726585 2231.5016179326008 0.68552578671963271 -0.70710678118654735 -1.0000000180025095e-35 1.1365562247010499 -1.0000000180025095e-35 576.58915984026874 7.7504735000000009 425.07594124034773 8.7945025000000019 -0.70710678118654735 -1.0000000180025095e-35 31693.500000000004 1.0000000180025095e-35 0.18635890477550934 18.595050000000004 209.63030065910314 295.04571564515408 816.11141565159744 31365.000000000004 2.2416948270893884 31495.500000000004 28701.425000000003 -0.25881904510252113 0.079893348837140762 283.33987693072157 -0.70710678118654735 0.08224046762484212 14.773400000000001 195.01000000000013 5.5000000000000009 1065.6107339580142 38078.500000000007 0.020991061329676538 61.717417351813459 0.055233735923400369 190.30317605116554 -438.74499999999995 36865.450000000004 2.6050496261871845 727.87523075399952 472.40360327348986 1658.6664974867074 247.26169252403 0.59032134265119751 -0.24999999999999997
decision_type=2 2 2 2 2 2 2 2 2 2 2 2 2 2 2 2 2 2 2 2 2 2 2 2 2 2 2 2 2 2 2 2 2 2 2 2 2 2 2 2 2 2 2 2 2 2 2 2 2 2 2 2 2 2 2 2
left_child=2 9 36 6 5 -5 15 8 -8 11 31 12 18 -14 -9 17 -17 -3 -2 42 27 24 26 -24 28 -26 -23 43 -22 -29 -31 32 -11 35 -35 -13 44 39 49 47 -40 -41 -12 53 50 46 -46 -38 -33 -39 54 -47 -45 -4 -1 -52
right_child=1 3 20 4 -6 -7 7 14 -10 10 19 33 13 -15 -16 16 -18 -19 -20 -21 21 22 23 -25 25 -27 -28 29 -30 30 -32 48 -34 34 -36 -37 37 38 40 41 -42 -43 -44 52 45 51 -48 -49 -50 -51 55 -53 -54 -55 -56 -57
leaf_value=-0.91003023749161738 3.4770818484576225 -10.143477064698608 3.9914687790189469 -5.6433028493608752 5.258234272832456 -34.15353561748158 -7.4748178839683534 -3.2202088390908594 -38.836939239501959 4.8420427322387702 2.7293785933022185 2.3187133312225341 -2.4680853603582467 3.4198740486917369 23.820801925659183 3.1335637533646588 14.847566738238804 1.2810548092662937 10.451589032407767 -8.1013175646464042 -1.6725447296081566 1.5006496636163105 2.4511256586335861 -13.72860181649526 -3.601865626946092 -22.770309222147546 -3.1457475134981454 21.300747399494568 15.770034400939942 5.503311739192192 -10.162564667371605 4.6323972952365882 37.893701095581058 10.208063859983728 -3.1785208497728625 16.614227155874705 -11.515203334667065 -2.0556306471864505 -4.288475472711716 3.7846842496823045 -15.211096478863196 20.057848514829363 12.399957838750655 0.93551488351157885 1.8718148537878716 -0.05303480775055152 11.297943119649535 -1.1240070183853093 19.29706261044457 8.2732090169733237 -9.7226696296974477 -10.195537864078176 -2.1147249057665749 10.991469029017857 -4.4582375194715418 -5.5443823079268135
leaf_weight=2007 446 90 69 27 22 32 67 40 24 20 106 37 564 1659 21 328 91 337 312 38 1820 879 2935 59 79 54 1257 28 24 573 25 29 34 134 69 130 26 4360 237 77 98 27 123 1378 596 1337 53 7377 20 21 26 21 266 34 22 20
leaf_count=2007 446 90 69 27 22 32 67 40 24 20 106 37 564 1659 21 328 91 337 312 38 1820 879 2935 59 79 54 1257 28 24 573 25 29 34 134 69 130 26 4360 237 77 98 27 123 1378 596 1337 53 7377 20 21 26 21 266 34 22 20
internal_value=0.0059828 3.26384 -0.600586 -0.318947 -14.1968 -21.418 0.820497 -7.10576 -16.0784 4.30257 9.39585 3.73756 3.05437 1.92559 6.32305 2.25131 5.70695 -1.145 6.35784 5.64809 0.468936 -0.0641473 0.728125 2.12781 -2.1193 -11.4964 -1.23387 2.06485 -1.4371 5.60191 4.83251 18.9632 25.963 9.21878 5.66467 13.4796 -1.22241 -1.55891 -2.39753 -1.03183 -7.51951 8.16024 7.95495 0.794936 -0.214677 0.713297 2.65779 -1.16205 10.8842 -2.00424 -1.11215 -0.217264 0.440999 6.38562 -0.95068 -8.06264
internal_weight=30585 4800 25785 1079 81 59 998 152 91 3721 370 3351 2981 2223 61 846 419 427 758 267 9480 7107 5130 2994 1977 133 2136 2373 1844 626 598 103 54 370 203 167 16305 12223 4716 7507 335 104 229 1747 4082 2007 649 7403 49 4381 2075 1358 1644 103 2029 46
internal_count=30585 4800 25785 1079 81 59 998 152 91 3721 370 3351 2981 2223 61 846 419 427 758 267 9480 7107 5130 2994 1977 133 2136 2373 1844 626 598 103 54 370 203 167 16305 12223 4716 7507 335 104 229 1747 4082 2007 649 7403 49 4381 2075 1358 1644 103 2029 46
is_linear=0
shrinkage=0.1


Tree=38
num_leaves=37
num_cat=0
split_feature=10 10 4 17 4 3 11 10 1 1 4 26 1 13 5 23 18 0 9 26 9 11 6 17 1 7 6 13 7 12 12 7 1 10 24 3
split_gain=4.92669e+06 1.46481e+06 1.5987e+06 1.88471e+06 1.72626e+06 1.70079e+06 1.08535e+06 907166 1.0091e+06 885148 1.04169e+06 884666 1.11573e+06 915555 870083 855260 856985 825477 791924 782381 771893 876074 694136 667706 631861 479197 481056 761071 554827 464065 988740 331105 278587 316487 173578 170124
threshold=1627.9255476811095 2739.3066488678764 1.1824455525468978 0.81174490092936691 0.95345179898211219 2.2357967022157044 924.74512740195235 582.23144018365736 0.24704976018373964 0.1969881678844059 1.3494172488908298 18.216350000000002 0.047425524799994428 43707.545000000006 334.745 6.2677238000000006 0.68301270189221941 0.46127674795765178 2921.6531414937131 18.583150000000003 2111.7118711774119 497.39075132390343 25220.020000000004 -0.56174490092936669 0.068650442830567884 201.97208654887896 30445.271666666671 33992.56500000001 342.39494753253194 29500.500000000004 30424.500000000004 560.69823162522187 0.059528773834004955 390.59366716169399 3.5225491500000001 0.94543838656087009
decision_type=2 2 2 2 2 2 2 2 2 2 2 2 2 2 2 2 2 2 2 2 2 2 2 2 2 2 2 2 2 2 2 2 2 2 2 2
left_child=6 2 3 4 24 -6 7 25 15 14 -11 12 -3 29 -4 17 -17 -9 19 -8 22 -22 -5 -16 -2 32 27 -27 -28 -13 -31 35 34 -34 -1 -10
right_child=1 11 9 20 5 -7 18 8 31 10 -12 13 -14 -15 23 16 -18 -19 -20 -21 21 -23 -24 -25 -26 26 28 -29 -30 30 -32 -33 33 -35 -36 -37
leaf_value=2.0678364548530128 0.20023452624517227 32.361126093710624 26.155813535054524 -5.6889800331809308 0.55224732320624736 5.6325033437518801 -7.8935847418648866 1.8922191097967795 -0.99409368087848038 -21.372655328114831 9.2000008923666812 21.75014837355841 5.1060213919608826 -13.342948080145796 1.3457448476102465 -0.24989489288907785 -3.7276908942561273 -1.1802516900350524 25.719416713714601 15.374870473543803 -1.397098143907582 8.8709664708763896 13.167392221769848 8.6604711436918365 -5.8107193200744547 -4.230502858226842 -4.6471186174136223 -18.054721956729889 16.168172127859933 -14.757657376925151 7.6125153213822419 -22.634368201664515 -3.0580053770644269 -1.2802806502464374 -0.78039006013902079 -12.847654885512132
leaf_weight=221 276 30 23 21 3156 832 27 3386 23 23 20 20 30 22 171 5516 812 1178 24 29 163 168 206 465 476 201 32 49 20 20 358 20 1232 5355 5955 25
leaf_count=221 276 30 23 21 3156 832 27 3386 23 23 20 20 30 22 171 5516 812 1178 24 29 163 168 206 465 476 201 32 49 20 20 358 20 1232 5355 5955 25
internal_value=0.00554426 2.4532 2.02714 1.43228 0.784449 1.61327 -0.652519 -0.691453 -0.0205339 6.50817 -7.2669 7.76368 19.0407 6.11128 7.41665 0.0558291 -0.696679 1.09911 10.9038 4.21449 6.92408 3.82551 11.4057 6.69898 -3.60724 -1.25423 -5.18522 -7.00119 3.51277 7.21738 6.39309 -12.0756 -1.16082 -1.61319 -0.678152 -7.30403
internal_weight=30585 6480 6000 5298 4740 3988 24105 24025 10960 702 43 480 60 420 659 10892 6328 4564 80 56 558 331 227 636 752 13065 302 250 52 398 378 68 12763 6587 6176 48
internal_count=30585 6480 6000 5298 4740 3988 24105 24025 10960 702 43 480 60 420 659 10892 6328 4564 80 56 558 331 227 636 752 13065 302 250 52 398 378 68 12763 6587 6176 48
is_linear=0
shrinkage=0.1


Tree=39
num_leaves=44
num_cat=0
split_feature=10 11 1 15 0 23 14 10 17 6 15 12 21 8 4 1 11 12 23 14 15 11 11 15 11 8 11 12 8 11 7 7 14 6 23 8 4 4 12 7 7 11 11
split_gain=4.00713e+06 1.39973e+06 1.50634e+06 1.46642e+06 1.52007e+06 1.86624e+06 1.40138e+06 1.14352e+06 1.0325e+06 955774 919112 1.36732e+06 1.04268e+06 1.06151e+06 878655 780265 1.00407e+06 1.07814e+06 747220 579420 739858 971849 646023 1.45379e+06 1.42282e+06 578029 541205 527319 519068 498951 467844 691356 537676 450195 406166 391022 369602 365595 345247 276967 267820 241034 221346
threshold=1827.0680963295231 924.74512740195235 0.15926292198568234 0.98296291314453432 0.40675408621581371 12.4316455 0.98296291314453432 1046.6642317271019 1.0000000180025095e-35 30245.165833333336 -0.70710678118654757 43516.500000000007 1.0000000180025095e-35 1173.5199185569147 1.1892242433663605 0.060671807164413907 302.67951916166953 29587.500000000004 4.3346386500000014 -0.70710678118654735 0.96592582628906831 425.07594124034773 266.67506364095544 0.1294095225512602 448.97942493170416 1090.1199783712404 648.80539728898964 31175.000000000004 2055.8953207150594 544.86233109898774 316.15238512326607 290.78584905913357 0.98296291314453432 36470.810000000005 3.4572059000000004 1543.9451096952896 1.0232468903101 1.4608646218598451 40457.500000000007 342.39494753253194 325.12058066250438 384.94467117176657 89.590311014316811
decision_type=2 2 2 2 2 2 2 2 2 2 2 2 2 2 2 2 2 2 2 2 2 2 2 2 2 2 2 2 2 2 2 2 2 2 2 2 2 2 2 2 2 2 2
left_child=7 3 -3 4 9 6 -6 19 -4 -2 11 12 13 -9 -11 16 35 -18 41 22 25 37 39 24 -24 33 -14 -20 40 -25 31 -17 -32 -21 -27 -12 -7 -22 -29 42 -13 -5 -1
right_child=1 2 8 18 5 36 -8 10 -10 14 15 28 26 -15 -16 30 17 -19 27 20 21 -23 23 29 -26 34 -28 38 -30 -31 32 -33 -34 -35 -36 -37 -38 -39 -40 -41 -42 -43 -44
leaf_value=-0.75808438200907646 25.579185340518045 5.1084309411048894 -31.926524084806445 6.7293628722429277 0.41733439776381831 -6.5969247988292157 9.2515208121502042 1.8384881558188821 -2.810556920369466 3.6055448533937446 1.1743353832030354 3.0916756484144017 -6.8339108126504087 -4.480785552723229 11.556123431736992 -0.0011251937015664144 -5.2120810099623425 12.190821589183869 29.902169086819608 -1.6628470168455871 0.24684838851857369 17.070077379544578 4.2170161438307598 8.4499497590642996 -15.548020576547694 6.4371456879835867 -27.597007110595701 14.777508139954165 -10.555071654686563 23.114796295659296 2.8042744435876643 -8.2960386909757347 -8.2861499599788502 -0.14927184208425287 -6.6388555633508606 4.9006088353082786 -19.893706263666569 12.206356518085187 0.6867672172459689 -10.346981171325401 10.680076246666459 -6.6950505132260538 0.70556417184036857
leaf_weight=2648 20 39 31 31 1930 41 197 388 20 2132 1226 398 27 840 148 2334 43 193 20 9772 1517 35 111 131 53 25 24 103 25 28 896 104 45 2460 301 365 45 25 21 26 52 22 1693
leaf_count=2648 20 39 31 31 1930 41 197 388 20 2132 1226 398 27 840 148 2334 43 193 20 9772 1517 35 111 131 53 25 24 103 25 28 896 104 45 2460 301 365 45 25 21 26 52 22 1693
internal_value=0.00517911 2.6578 -9.63004 2.89459 2.5244 0.652887 1.23951 -0.488702 -20.7821 4.32406 0.606454 -1.37279 -3.07378 -2.48427 4.12648 1.27344 2.93776 9.01134 11.3195 -0.893615 -1.21317 0.828013 0.0695218 4.37789 -2.22598 -1.46954 -16.9476 15.0339 3.20418 11.1608 0.372947 -0.358225 2.26568 -1.35849 -5.61948 2.03174 -13.7032 0.44853 12.4158 -0.250071 3.99029 1.13618 -0.187227
internal_weight=30585 4800 90 4710 4513 2213 2127 25785 51 2300 6960 1754 1279 1228 2280 5206 1827 236 197 18825 14135 1577 4690 323 164 12558 51 144 475 159 3379 2438 941 12232 326 1591 86 1542 124 4367 450 53 4341
internal_count=30585 4800 90 4710 4513 2213 2127 25785 51 2300 6960 1754 1279 1228 2280 5206 1827 236 197 18825 14135 1577 4690 323 164 12558 51 144 475 159 3379 2438 941 12232 326 1591 86 1542 124 4367 450 53 4341
is_linear=0
shrinkage=0.1


Tree=40
num_leaves=50
num_cat=0
split_feature=9 15 1 11 5 15 11 23 9 14 14 12 11 2 1 0 0 11 11 23 11 11 16 14 11 15 3 14 3 1 19 7 12 14 11 5 11 7 15 4 16 1 26 5 11 1 4 0 0
split_gain=3.03589e+06 1.62071e+06 1.28814e+06 2.70116e+06 1.09267e+06 1.39521e+06 1.91374e+06 1.24406e+06 998810 1.05884e+06 2.60987e+06 1.27056e+06 986730 1.80962e+06 1.2031e+06 968644 877322 815190 812411 782284 664665 664558 938648 1.1239e+06 957622 1.00717e+06 732254 634486 630889 585366 606009 529953 459012 442954 646078 435318 551660 413123 408922 383665 380818 379063 366217 306628 201213 266564 111991 92682.4 100533
threshold=1329.1249317153095 -0.9829629131445341 0.062711983669396343 777.22274205627548 69.629999999999924 -0.12940952255126034 448.97942493170416 6.2677238000000006 3199.5985812441477 -1.0000000180025095e-35 -0.37940952255126059 34249.500000000007 308.17369765710924 0.49065062150100708 0.088712721830419325 0.50367037814016602 0.30943850211679297 311.58822615612172 404.63300267533253 5.8630007000000015 209.63030065910314 342.34426700996619 -1.0000000180025095e-35 -0.70710678118654735 364.37064053653665 -0.37940952255126009 0.70584350105878813 0.98296291314453432 1.5073565678197205 0.13608701970604178 0.6830127018922193 408.87592371001875 30552.500000000004 -0.37940952255126059 209.63030065910314 299.99999999999972 509.51803386083446 390.17570595671549 0.96592582628906831 1.0493275218843252 -0.8783796973249266 0.095800802092079362 18.559050000000003 200.79999999999998 269.89323609900458 0.087347966513776756 0.99891211525464996 0.37523589363555793 0.33187092616304587
decision_type=2 2 2 2 2 2 2 2 2 2 2 2 2 2 2 2 2 2 2 2 2 2 2 2 2 2 2 2 2 2 2 2 2 2 2 2 2 2 2 2 2 2 2 2 2 2 2 2 2
left_child=4 19 3 15 21 6 16 -8 9 10 -4 -11 40 14 -14 17 20 -3 -15 47 -6 28 23 37 46 -26 -25 -17 33 30 42 -18 -9 34 -1 36 -10 -23 -35 -5 43 -42 -21 -7 -30 -46 -24 48 -2
right_child=1 2 8 39 5 12 7 32 35 11 -12 -13 13 18 -16 27 31 -19 -20 29 -22 22 24 26 25 -27 -28 -29 44 -31 -32 -33 -34 38 -36 -37 -38 -39 -40 -41 41 -43 -44 -45 45 -47 -48 -49 -50
leaf_value=-0.46003522915223743 1.4874536566901952 1.9791912078013636 0.6125635127743041 38.810803258986702 2.3676876269462634 2.6329873481004138 6.5370200805664069 -29.161122029622398 4.4906136239016501 0.20391494535929933 -8.106168392720047 4.7368805133281873 9.5927266374501325 8.1957845295176792 -4.8597203595579161 -3.5514740045735098 -1.4631445563650292 5.4727012740498022 23.486036598682404 -6.3861411525687179 14.698182214101156 -1.1742070513112206 -7.2085511684417725 -4.1297666423341148 15.570848120290501 -0.73819567714418688 -14.533058876732747 7.8616075055352574 0.12101715025694476 -19.780247983932497 9.3259522177956331 8.1427580020825072 -13.528257812799948 -1.4746718473573532 3.6300211574494408 -2.5109455237021816 18.658115838745896 16.047921511672794 0.27535466203016662 17.752996726263138 2.4076784058679372 -1.2992757094129745 -20.17661559685417 10.898385278066 16.709491408552445 2.1186154873598193 -17.740533481944691 -1.5786754832548255 10.506816237313409
leaf_weight=5954 31 1297 2254 20 163 114 24 29 53 1445 404 1080 109 67 120 304 1348 1380 75 133 59 41 23 116 51 139 165 57 22 39 21 59 61 9819 412 25 58 20 1545 20 779 426 22 74 34 20 21 33 20
leaf_count=5954 31 1297 2254 20 163 114 24 29 53 1445 404 1080 109 67 120 304 1348 1380 75 133 59 41 23 116 51 139 165 57 22 39 21 59 61 9819 412 25 58 20 1545 20 779 426 22 74 34 20 21 33 20
internal_value=0.00479999 1.58537 1.8432 3.47106 -0.623166 0.994188 -1.01215 -13.4797 0.900714 0.677809 -0.715181 2.14388 2.97609 7.55222 2.03119 3.12588 -0.131917 3.78148 16.3794 -5.63759 5.69593 -0.93177 -4.27199 -7.60344 0.60868 3.6981 -10.2683 -1.73267 -0.823484 -8.82335 -6.29737 -1.05484 -18.8306 -0.862664 -0.194803 9.32874 11.9939 4.64016 -1.23674 28.9717 1.75278 1.09718 -8.46029 5.92684 8.20918 11.4422 -12.5177 2.52431 5.15849
internal_weight=30585 8696 8397 3078 21889 3507 1743 114 5319 5183 2658 2525 1764 371 229 3038 1629 2677 142 299 222 18382 576 342 234 190 281 361 17806 215 176 1407 90 17730 6366 136 111 61 11364 40 1393 1205 155 188 76 54 44 84 51
internal_count=30585 8696 8397 3078 21889 3507 1743 114 5319 5183 2658 2525 1764 371 229 3038 1629 2677 142 299 222 18382 576 342 234 190 281 361 17806 215 176 1407 90 17730 6366 136 111 61 11364 40 1393 1205 155 188 76 54 44 84 51
is_linear=0
shrinkage=0.1


Tree=41
num_leaves=40
num_cat=0
split_feature=10 4 2 1 4 15 2 14 3 3 15 16 3 9 7 13 21 23 17 15 7 14 5 7 8 16 7 9 15 26 7 15 10 17 10 26 23 8 23
split_gain=2.73158e+06 1.25077e+06 1.04231e+06 1.12421e+06 1.00756e+06 916072 884710 1.4955e+06 1.14725e+06 882691 880723 2.15479e+06 1.41462e+06 1.33825e+06 1.07986e+06 937764 893252 827038 776596 1.19455e+06 1.09891e+06 1.0831e+06 679033 678046 673789 619577 830325 670476 563534 638604 560600 520526 476204 424292 271414 238042 191497 145590 143989
threshold=1827.0680963295231 0.34987711706399 0.73080538361714864 0.11658082995994952 0.96555934699739054 0.96592582628906831 0.51304156392641753 0.37940952255126054 1.8784379444730932 0.90598827827926787 -0.5 -0.60785761079279388 1.1296684262054899 1911.1456186422686 926.39038297204081 38824.025000000009 1.0000000180025095e-35 4.3346386500000014 0.81174490092936691 -0.12940952255126034 255.08632852354148 0.37940952255126054 434.00500000000005 709.52667636726585 1720.0260074008504 -0.60785761079279388 488.33529821735692 2700.8174739057463 -0.12940952255126034 14.636050000000003 631.16248673136681 0.98296291314453432 1767.0654930259393 1.0000000180025095e-35 1998.6334189596382 17.914900000000003 6.5085208500000009 1642.3785908357577 4.464591050000001
decision_type=2 2 2 2 2 2 2 2 2 2 2 2 2 2 2 2 2 2 2 2 2 2 2 2 2 2 2 2 2 2 2 2 2 2 2 2 2 2 2
left_child=4 -2 3 5 18 9 8 -8 -5 -3 11 13 22 24 16 -15 -13 -7 23 20 38 -22 32 28 -6 26 -14 -27 29 -1 -30 -24 -12 34 -4 37 -37 -21 -20
right_child=1 2 33 6 10 17 7 -9 -10 -11 12 14 25 15 -16 -17 -18 -19 19 35 21 -23 31 -25 -26 27 -28 -29 30 -31 -32 -33 -34 -35 -36 36 -38 -39 -40
leaf_value=-2.1758343737751846 -15.418392066955569 13.854933492817096 13.728259904044016 -2.7112999484210674 -2.9798692198762611 0.4313894764236782 -2.1854463339279202 7.0962161342066441 -20.734973576863609 2.2568819472049912 -0.26116509530844068 0.35437695621460075 3.9461779789490627 -36.524728266398114 21.80822447071905 -5.9136911937168675 -7.3007063873866684 11.93561404490471 4.3288360353128237 -2.3046264946626773 3.7422254044849144 19.776047751638625 2.9323936016932475 -15.442661114641139 -11.355007338757609 1.8264193790147303 15.055136960347495 -14.685670894622803 -0.8330985402580775 -6.1917423570323322 -13.560851657390595 18.386480679719345 11.771986360260936 22.787941773732506 0.23084772604483145 -2.6221850701740812 -14.443982063490768 5.2378595246209043 0.43050696712352149
leaf_weight=1930 39 66 34 166 1700 91 557 251 44 3298 9697 4324 673 20 22 20 157 199 120 515 103 71 437 36 101 1537 74 24 3119 498 34 22 32 29 26 27 28 26 438
leaf_count=1930 39 66 34 166 1700 91 557 251 44 3298 9697 4324 673 20 22 20 157 199 120 515 103 71 437 36 101 1537 74 24 3119 498 34 22 32 29 26 27 28 26 438
internal_value=0.00466483 2.19477 2.34225 2.13641 -0.403102 2.95501 -0.801858 0.70305 -6.56806 2.48848 -0.0235493 -0.983044 0.463609 -3.86437 0.19555 -21.7368 0.0845981 8.33956 -1.43258 0.741751 3.44591 10.3604 -0.042892 -1.94669 -3.45559 2.69846 5.06532 1.56331 -1.85688 -3.00174 -0.974603 3.71147 -0.220381 13.004 7.97905 -2.57967 -8.79101 -1.93315 1.2751
internal_weight=30585 4800 4761 4672 25785 3654 1018 808 210 3364 18840 6344 12496 1841 4503 40 4481 290 6945 1328 732 174 10188 5617 1801 2308 747 1561 5581 2428 3153 459 9729 89 60 596 55 541 558
internal_count=30585 4800 4761 4672 25785 3654 1018 808 210 3364 18840 6344 12496 1841 4503 40 4481 290 6945 1328 732 174 10188 5617 1801 2308 747 1561 5581 2428 3153 459 9729 89 60 596 55 541 558
is_linear=0
shrinkage=0.1


Tree=42
num_leaves=37
num_cat=0
split_feature=10 15 10 4 17 0 11 11 14 23 13 26 26 7 26 3 13 9 7 26 10 12 4 11 11 9 7 15 21 7 11 4 0 17 13 3
split_gain=2.23563e+06 1.44333e+06 1.11515e+06 1.17459e+06 1.2196e+06 1.15729e+06 1.22398e+06 1.11785e+06 1.10599e+06 815425 726092 802541 620384 618371 554870 791044 783537 499499 463109 453691 440275 389320 374737 431388 411554 332875 477483 297560 400479 287134 281061 167081 130524 128649 66827.1 61612.1
threshold=1104.6751303923145 -0.9829629131445341 2739.3066488678764 1.1958333420576872 -0.56174490092936669 0.44072558017973784 668.06494927022538 595.13008241021805 -0.70710678118654735 6.7407712000000011 37144.475000000013 18.576600000000003 18.780750000000005 867.10914946797095 18.216350000000002 2.5827488698524346 43707.545000000006 2148.5964702371089 380.05603431913977 24.444700000000001 2199.5145717372438 29500.500000000004 0.90371345083411547 709.18839906504832 560.65504025192899 1506.3969027476808 269.90103326703468 -0.12940952255126034 1.0000000180025095e-35 595.16997336795305 333.97612482584282 1.146957878757211 0.54612995041162227 -0.56174490092936669 38766.695000000007 0.86105079219562353
decision_type=2 2 2 2 2 2 2 2 2 2 2 2 2 2 2 2 2 2 2 2 2 2 2 2 2 2 2 2 2 2 2 2 2 2 2 2
left_child=13 9 3 5 7 6 -3 -5 -7 20 11 -11 -6 19 15 -4 21 18 -12 22 30 -16 25 24 -24 29 -27 31 35 -1 34 32 -21 -30 -2 -29
right_child=1 2 14 4 12 8 -8 -9 -10 10 17 -13 -14 -15 16 -17 -18 -19 -20 27 -22 -23 23 -25 -26 26 -28 28 33 -31 -32 -33 -34 -35 -36 -37
leaf_value=-1.3635438153833044 5.8048704953420733 1.226558126783698 23.575020623130676 0.72567985070695129 7.8779564526574362 6.4522197567990851 6.9297579207190196 -22.691684809598058 -1.3219412341730097 -7.2621150605818805 -6.9312257001710975 -31.315578094482426 -0.10042927489321457 12.467170355055067 19.215299506698337 -0.84515980311802452 -13.099386484726617 -16.435629028262515 3.3954391826902119 -9.1554491574114021 12.884104149158185 5.1470954083935334 -0.46380661524261457 -14.764341754005068 6.2461516789768057 7.1136489777337948 -9.579518148363853 -0.84152549472120075 8.2262110533537705 10.357854229921386 -11.126487628618877 6.2565129280090339 0.032494832772128987 18.663546735269051 -0.33149908197962724 5.0714778209584104
leaf_weight=4965 20 5505 38 277 608 195 403 21 2760 33 114 24 116 35 20 20 22 32 69 21 25 361 14315 20 91 20 97 35 26 20 23 28 52 26 114 34
leaf_count=4965 20 5505 38 277 608 195 403 21 2760 33 114 24 116 35 20 20 22 32 69 21 25 361 14315 20 91 20 97 35 26 20 23 28 52 26 114 34
internal_value=0.00421231 1.16133 1.40364 1.17907 4.38753 0.808642 1.6167 -0.99491 -0.806916 -4.35133 -7.80801 -17.7552 6.60128 -0.62745 6.20598 15.2827 4.86506 -5.10086 -3.04027 -0.651285 0.829131 5.93395 -0.702469 -0.441898 -0.42099 -1.43901 -6.68988 3.83395 7.15763 -1.31445 -1.15985 -0.179008 -2.69862 13.6986 0.620592 2.10295
internal_weight=30585 10800 10346 9885 1022 8863 5908 298 2955 454 272 57 724 19785 461 58 403 215 183 19750 182 381 19528 14426 14406 5102 117 222 121 4985 157 101 73 52 134 69
internal_count=30585 10800 10346 9885 1022 8863 5908 298 2955 454 272 57 724 19785 461 58 403 215 183 19750 182 381 19528 14426 14406 5102 117 222 121 4985 157 101 73 52 134 69
is_linear=0
shrinkage=0.1


Tree=43
num_leaves=39
num_cat=0
split_feature=10 11 23 15 0 23 14 4 23 15 11 14 13 6 15 11 3 11 6 23 11 13 7 14 22 11 12 5 23 9 7 9 6 11 23 8 19 7
split_gain=1.89483e+06 1.03544e+06 1.20017e+06 1.10095e+06 1.11517e+06 1.5179e+06 1.12384e+06 843745 850099 806309 747497 1.02448e+06 1.06617e+06 772902 1.26622e+06 2.06248e+06 1.29222e+06 1.05196e+06 645980 645475 625268 592744 574715 547423 541371 477606 362359 305279 266426 298520 257381 224015 79672.6 116035 113620 33380.7 24826.1 13501.8
threshold=1827.0680963295231 924.74512740195235 6.6955535500000005 0.98296291314453432 0.40675408621581371 12.4316455 0.98296291314453432 1.0666667407409056 8.7945025000000019 -0.9829629131445341 924.74512740195235 0.78656609248549325 31687.605000000003 35093.708333333343 -0.5 520.41605753204374 1.6999550330318913 311.58822615612172 27735.360000000004 5.4148311500000004 204.25273939992789 37862.250000000007 709.52667636726585 -1.0000000180025095e-35 5.5000000000000009 56.83888447477235 40457.500000000007 249.98999999999992 3.8959487000000004 1679.8958772287044 266.73632456381978 2131.9594740145162 41799.250000000007 65.690809271507291 6.0916937000000013 526.27023140052427 0.25000000000000017 124.58725464009248
decision_type=2 2 2 2 2 2 2 2 2 2 2 2 2 2 2 2 2 2 2 2 2 2 2 2 2 2 2 2 2 2 2 2 2 2 2 2 2 2
left_child=9 3 -3 4 7 6 -6 24 -9 20 13 12 -12 14 15 -11 -16 25 -5 31 32 -14 -4 -19 -2 -15 -21 -7 -22 30 -30 -20 33 35 -35 -1 37 -34
right_child=1 2 22 18 5 27 -8 8 -10 10 11 -13 21 17 16 -17 -18 23 19 26 28 -23 -24 -25 -26 -27 -28 -29 29 -31 -32 -33 36 34 -36 -37 -38 -39
leaf_value=-0.98426506165675931 1.7245629938884453 4.419023122534564 -29.68512745666504 25.150184365977413 -0.098487511507159745 -7.6628506367023181 7.8123943190984058 12.659738334840345 4.2814369358583892 -1.8731485798743615 25.455467559195853 -8.5238428404836935 -1.0785005706327933 -0.71332037304098639 -0.35526356962385575 -13.810546797788456 7.2061910278900818 3.3019179516633352 4.6169816298918294 14.27497826687833 2.4148485403794511 18.755025445847284 -8.2118764196123397 12.133775062236971 16.562929473876956 0.90643533044671598 -0.24288177056746052 -19.957862604988946 -10.859840653563033 -19.016053760051729 -3.788893970557019 -7.32575956662496 1.1630708672783592 0.31968231652234058 -4.0795361865801043 2.604178324341774 -1.0766561737622726 4.7439141397890836
leaf_weight=356 1558 39 24 22 1930 51 197 154 564 3045 36 32 53 2897 13028 151 229 224 32 93 25 20 27 102 24 4895 21 35 97 23 112 29 21 73 296 27 21 22
leaf_count=356 1558 39 24 22 1930 51 197 154 564 3045 36 32 53 2897 13028 151 229 224 32 93 25 20 27 102 24 4895 21 35 97 23 112 29 21 73 296 27 21 22
internal_value=0.0038566 1.82793 -8.73956 2.03167 1.71105 0.108276 0.637535 3.25247 6.09356 -0.335762 -0.219177 7.01537 11.6134 -0.260976 -0.654924 -2.44129 -0.224114 0.537433 9.33104 7.21075 -3.01809 4.53536 -18.6935 6.09392 1.95999 0.30421 11.6218 -12.8385 -7.31011 -8.36393 -7.10671 -1.0873 -1.65902 -1.94745 -3.21072 -0.725171 1.70786 3.06131
internal_weight=30585 4800 90 4710 4513 2213 2127 2300 718 25785 24712 141 109 24571 16453 3196 13257 8118 197 175 1073 73 51 326 1582 7792 114 86 257 232 209 61 816 752 369 383 64 43
internal_count=30585 4800 90 4710 4513 2213 2127 2300 718 25785 24712 141 109 24571 16453 3196 13257 8118 197 175 1073 73 51 326 1582 7792 114 86 257 232 209 61 816 752 369 383 64 43
is_linear=0
shrinkage=0.1


Tree=44
num_leaves=52
num_cat=0
split_feature=10 1 26 15 15 9 17 7 8 4 15 11 21 15 12 23 15 26 12 15 5 14 11 15 22 11 15 15 11 11 16 26 12 11 4 10 10 8 9 3 26 1 10 9 15 11 9 0 12 1 9
split_gain=1.53534e+06 992522 963223 2.85225e+06 1.78071e+06 1.59126e+06 1.70013e+06 1.02718e+06 835667 1.29387e+06 831542 1.01448e+06 788435 2.8282e+06 922968 1.13422e+06 1.72774e+06 1.20829e+06 714786 678383 1.14258e+06 850646 980169 1.53927e+06 789625 1.58615e+06 1.71146e+06 1.12331e+06 1.4031e+06 740078 736603 693676 656725 642509 818004 641445 588147 469846 430850 673812 410229 394035 376255 337206 289033 274531 250572 227520 209123 144821 49244.5
threshold=1827.0680963295231 0.11658082995994952 18.576600000000003 0.1294095225512602 -0.9159756150367534 2111.7118711774119 -0.56174490092936669 560.69823162522187 2396.8939039273037 1.0160001280020483 1.0000000180025095e-35 435.62761669301636 1.0000000180025095e-35 -0.12940952255126034 44332.500000000007 9.0393680000000014 -0.12940952255126034 18.613500000000005 30486.500000000004 0.96592582628906831 200.79999999999998 -0.70710678118654735 247.26169252403 -0.37940952255126009 2.5000000000000004 295.04571564515408 1.0000000180025095e-35 1.0000000180025095e-35 311.58822615612172 333.97612482584282 -0.8783796973249266 17.424700000000005 30052.000000000004 351.01163321540656 1.0923078343199639 1914.5628702879444 2021.9135904974307 1420.263053060253 2032.726412708347 1.6801335669556734 19.406600000000001 0.18946953262365177 1720.8692368396044 1642.3785908357577 -0.12940952255126034 188.81319420672938 1799.3481316101695 0.508465142281599 31240.500000000004 0.08601658294058849 1274.0841273047001
decision_type=2 2 2 2 2 2 2 2 2 2 2 2 2 2 2 2 2 2 2 2 2 2 2 2 2 2 2 2 2 2 2 2 2 2 2 2 2 2 2 2 2 2 2 2 2 2 2 2 2 2 2
left_child=19 12 7 4 -4 18 -7 10 41 -10 11 -3 14 -14 15 17 -17 -2 -5 21 38 22 43 30 27 37 -27 28 -23 47 -24 -31 -25 46 -35 -12 -6 -26 39 40 -21 -9 -29 45 -45 -1 -16 50 -33 -49 -22
right_child=1 2 3 5 36 6 -8 8 9 -11 35 -13 13 -15 33 16 -18 -19 -20 20 29 24 23 32 25 26 -28 42 -30 31 -32 48 -34 34 -36 -37 -38 -39 -40 -41 -42 -43 -44 44 -46 -47 -48 49 -50 -51 -52
leaf_value=-0.11958317296499195 6.1904517233934957 -0.30149207288855751 -16.149846235494461 -12.127050366466994 2.3772163831270658 -42.256722234090176 -12.578462065680554 22.763954623909886 -17.865941279867421 13.437946944082938 12.972036391735077 -14.082445922529841 -35.797680581134301 12.007347898130064 10.074544326118803 -3.9746359750915037 3.2680530998364219 1.2268866855317826 2.5045137497686571 0.29572077579117867 10.883576107025148 0.45066970711815274 -20.665067349947417 16.157148803710935 -1.1939252121222506 -8.4028962316428224 -0.18263105234489754 -1.2261254234814321 6.7306276237994966 31.017781440416975 -2.4696387837959244 15.854707415207574 4.3371343395070383 6.5766390235194621 19.146578255380902 0.75498858209602637 16.426787608290372 1.4482382710452895 -12.636615317345907 18.247058443589644 6.7838891393930014 6.4155669136047369 -6.9335374661286684 -10.291633803756149 -1.7435891903591472 2.2510138678927345 -1.6223449420266682 3.7710841664246155 1.7734100705101377 -6.9423818505328647 5.4030199132067089
leaf_weight=4639 925 150 30 72 51 29 58 42 22 30 49 82 22 26 22 636 681 1044 61 1811 29 3758 25 49 8001 626 425 3129 392 23 157 22 837 207 69 307 72 734 23 21 102 24 119 53 150 545 89 27 20 22 46
leaf_count=4639 925 150 30 72 51 29 58 42 22 30 49 82 22 26 22 636 681 1044 61 1811 29 3758 25 49 8001 626 425 3129 392 23 157 22 837 207 69 307 72 734 23 21 102 24 119 53 150 545 89 27 20 22 46
internal_value=0.00357283 1.64552 -1.0241 -5.12754 5.33848 -12.3974 -22.839 1.14805 9.621 0.106787 -0.565756 -5.21188 2.41972 -10.1867 2.58719 2.04181 -0.229917 3.56064 -5.44772 -0.302136 1.39983 -0.456697 0.522001 3.28801 -0.824344 -1.41369 -5.08215 -0.0446808 1.04534 8.80364 -5.06828 17.3686 5.00832 7.20079 9.7769 2.46817 10.6675 -0.971764 0.680666 0.845489 0.64503 17.0036 -1.4373 -0.0268824 -4.01485 0.130027 0.76521 4.21092 9.34651 -1.08169 7.63749
internal_weight=30585 4800 1079 373 153 220 87 706 118 52 588 232 3721 48 3673 3286 1317 1969 133 25785 2146 23639 6455 1068 17184 9786 1051 7398 4150 189 182 65 886 387 276 356 123 8735 1957 1934 1913 66 3248 5387 203 5184 111 124 42 49 75
internal_count=30585 4800 1079 373 153 220 87 706 118 52 588 232 3721 48 3673 3286 1317 1969 133 25785 2146 23639 6455 1068 17184 9786 1051 7398 4150 189 182 65 886 387 276 356 123 8735 1957 1934 1913 66 3248 5387 203 5184 111 124 42 49 75
is_linear=0
shrinkage=0.1


Tree=45
num_leaves=39
num_cat=0
split_feature=10 1 9 4 13 24 6 24 15 0 10 7 15 11 11 9 26 13 1 11 26 8 7 26 9 13 1 7 11 14 11 4 14 13 11 18 6 15
split_gain=1.29709e+06 1.16306e+06 1.29253e+06 925717 1.00469e+06 1.1394e+06 872431 863971 1.38372e+06 858249 734813 717737 793721 1.64322e+06 1.00001e+06 677004 623558 684163 361784 451421 412030 343827 400562 1.43096e+06 1.1322e+06 300714 266488 273580 389638 224532 484849 481729 212403 174355 123719 109269 133809 93107.9
threshold=1046.6642317271019 0.07815191598035949 133.87200642658311 0.95345179898211219 33676.905000000006 6.681157100000001 27735.360000000004 6.681157100000001 0.37940952255126043 0.30943850211679297 2739.3066488678764 926.39038297204081 -0.78656609248549325 709.18839906504832 531.76801472283285 1274.0841273047001 18.216350000000002 43707.545000000006 0.055233735923400369 497.39075132390343 24.444700000000001 1799.3481316101695 221.78921163140225 14.827350000000001 1523.002253024885 31058.260000000006 0.12244085274588928 320.50371950305129 269.89323609900458 -0.37940952255126059 186.95156894546611 0.86395683528710787 -0.78656609248549292 34408.125000000007 277.40899900864594 0.93301270189221952 26490.769166666669 0.78656609248549303
decision_type=2 2 2 2 2 2 2 2 2 2 2 2 2 2 2 2 2 2 2 2 2 2 2 2 2 2 2 2 2 2 2 2 2 2 2 2 2 2
left_child=18 10 6 4 5 -4 -3 8 -5 -6 11 12 13 -2 -14 -9 -12 25 19 29 21 22 24 -24 -20 -18 27 28 -22 30 33 -32 -23 -1 -8 37 -37 -31
right_child=1 2 3 7 9 -7 34 15 -10 -11 16 -13 14 -15 -16 -17 17 -19 20 -21 26 32 23 -25 -26 -27 -28 -29 -30 35 31 -33 -34 -35 -36 36 -38 -39
leaf_value=1.9193017813766451 -0.10528811425366838 -2.0376487503051761 23.141529052881967 -4.4418728664020701 2.5382493498374004 -0.71125223955346484 15.565522887156561 -1.2506106870285727 3.7439448591334967 -7.8061485456681883 17.916180973052981 15.224593246610542 1.6452567661375725 -20.457008515334714 7.4203359206273012 1.7783358192352834 -2.9374260956900464 -12.018645359899686 -0.81351477889244495 14.3332538431341 2.351577814668417 0.78573444911411838 -6.2087555250203295 0.6561902421443031 22.4310790289016 6.9462144645287642 -3.6708779070112443 -0.9971039891242981 15.155235049189356 -0.5224500398573807 -4.9729992389678959 7.4659704355711343 15.226709443046936 -0.15092305301292533 27.61091599237351 -6.1869692103493783 -1.190517580077622 0.51756420632555222
leaf_weight=530 1226 24 20 779 97 431 25 1011 280 451 39 37 3894 40 324 2725 34 22 9925 21 47 20 591 623 20 281 35 39 48 3371 37 177 20 1739 20 62 365 1155
leaf_count=530 1226 24 20 779 97 431 25 1011 280 451 39 37 3894 40 324 2725 34 22 9925 21 47 20 591 623 20 281 35 39 48 3371 37 177 20 1739 20 62 365 1155
internal_value=0.00332011 0.827219 -0.170159 -0.333288 -3.10092 0.395379 13.337 0.243852 -2.27605 -5.97383 1.81871 1.52671 1.43153 -0.763951 2.09052 0.958556 6.09082 4.67335 -0.511387 0.0298924 -0.866418 -0.940514 -0.974016 -2.68817 -0.764518 5.87349 4.02027 6.04147 8.91127 -0.0124235 0.763491 5.30218 8.2015 0.333279 21.4029 -0.401475 -1.92876 -0.256991
internal_weight=30585 11760 5863 5794 999 451 69 4795 1059 548 5897 5521 5484 1266 4218 3736 376 337 18825 7457 11368 11199 11159 1214 9945 315 169 134 95 7436 2483 214 40 2269 45 4953 427 4526
internal_count=30585 11760 5863 5794 999 451 69 4795 1059 548 5897 5521 5484 1266 4218 3736 376 337 18825 7457 11368 11199 11159 1214 9945 315 169 134 95 7436 2483 214 40 2269 45 4953 427 4526
is_linear=0
shrinkage=0.1


Tree=46
num_leaves=56
num_cat=0
split_feature=5 15 14 11 1 7 26 26 21 11 15 12 11 14 2 17 11 5 15 1 11 3 11 22 11 19 11 6 0 26 6 5 10 5 26 19 23 11 17 5 26 23 11 23 6 15 3 8 11 16 4 7 8 6 8
split_gain=1.12243e+06 1.22562e+06 997939 1.68785e+06 942593 929959 940790 1.77577e+06 867132 1.46435e+06 1.09898e+06 886337 765923 998603 1.0865e+06 755329 1.39649e+06 928301 691853 589831 573719 542014 653130 574780 686675 537940 542800 537930 472336 458490 457152 439857 394326 862089 380835 363604 342018 328322 553983 273268 266996 264375 259876 251977 348454 196556 418885 356695 258086 182540 177944 165038 156321 129067 53966.7
threshold=69.629999999999924 0.96592582628906831 -0.70710678118654735 311.58822615612172 0.077061651740503209 816.11141565159744 18.583150000000003 18.596550000000004 1.0000000180025095e-35 456.93634900424689 -0.37940952255126009 43787.500000000007 260.27376991069622 0.98296291314453432 0.54716191107484324 0.81174490092936691 560.65504025192899 -1227.9999999999998 0.9159756150367534 0.15926292198568234 709.18839906504832 2.2013852343508646 739.19286622200468 5.5000000000000009 520.41605753204374 1.0000000180025095e-35 472.37178621456525 36595.937500000007 0.28982277757773672 18.814800000000002 23165.886666666669 -799.99999999999977 2324.5456906905015 485.01000000000005 18.885400000000001 -0.24999999999999994 4.9261810000000006 244.47097625518157 0.81174490092936691 449.00500000000017 12.039350000000001 6.6955535500000005 329.63139159596329 2.0507736000000003 26221.600000000002 -0.37940952255126009 1.2883701351349146 2055.8953207150594 54.473343630432005 -0.60785761079279388 0.90371345083411547 380.05603431913977 1627.7543623828017 37537.115000000005 563.67788362784108
decision_type=2 2 2 2 2 2 2 2 2 2 2 2 2 2 2 2 2 2 2 2 2 2 2 2 2 2 2 2 2 2 2 2 2 2 2 2 2 2 2 2 2 2 2 2 2 2 2 2 2 2 2 2 2 2 2
left_child=2 4 3 45 12 18 -7 -8 11 31 20 15 29 14 -14 17 -17 -4 27 -20 -11 22 28 36 -25 26 39 -6 -5 40 -12 -10 43 -34 -31 -15 -23 50 -39 51 -2 -33 -41 52 -45 46 53 -48 54 -50 -13 -3 -27 -1 -47
right_child=1 25 8 21 5 6 7 -9 9 10 30 37 13 35 -16 16 -18 -19 19 -21 -22 23 -24 24 -26 32 -28 -29 -30 34 -32 41 33 -35 -36 -37 -38 38 -40 42 -42 -43 -44 44 -46 48 47 -49 49 -51 -52 -53 -54 -55 -56
leaf_value=-1.8436567022172914 0.61754995857170503 3.6865483655558005 -8.1833658322275689 18.575581183256926 -1.179450433983084 20.640685698860572 -6.1233255627643635 18.207963470702477 -14.610533210209438 -36.491044902801512 -12.951996283097699 -2.5797498894365209 -0.50372321889630578 5.6474916259447738 5.5556343539011861 0.21402799587122581 9.3918159578906177 -0.93313420003987313 -3.683717564196713 -17.879433681964876 -15.146931342645125 -5.4121842202213077 19.05718980163336 -0.30885514932520253 19.061422803925307 9.3955978618111722 20.578029817693377 2.2937941851182422 4.9070937181791567 -7.4878364582856491 7.6943508738563171 -5.6881827922176118 -0.3520700987647562 24.85768557942432 -0.49766803114891867 21.673759032458793 2.0699745174976858 2.9653717532864325 13.917605934824264 7.3041258104385882 3.7502061513006826 -0.78343659905773233 22.204959519704186 7.1278860556112749 -3.883936725291171 -0.50414004768223453 -19.110293650627138 -1.6066469126691421 2.2164450853387545 0.37150359488852458 1.699614061524531 10.513714867957097 -1.2487047467912946 0.86378656289269851 -2.1887176135262569
leaf_weight=477 687 153 178 26 2356 37 82 46 27 23 21 113 486 23 755 2101 179 13271 112 39 32 71 39 33 40 42 33 549 444 89 20 138 33 22 583 40 403 269 55 30 450 527 20 36 128 1300 23 23 738 1957 660 46 20 278 222
leaf_count=477 687 153 178 26 2356 37 82 46 27 23 21 113 486 23 755 2101 179 13271 112 39 32 71 39 33 40 42 33 549 444 89 20 138 33 22 583 40 403 269 55 30 450 527 20 36 128 1300 23 23 738 1957 660 46 20 278 222
internal_value=0.00340625 1.126 -0.323482 0.781729 0.728122 -0.471115 6.81858 2.6941 -0.704626 -3.94474 -15.4536 -0.552658 1.96872 3.81526 3.18418 -0.744372 0.938366 -1.02969 -0.866803 -7.44367 -24.5649 4.41352 6.75977 2.22192 10.4192 5.5931 8.67229 -0.522498 5.70106 0.636284 -2.9372 -2.32815 2.48315 9.99565 -1.4332 16.0026 0.940195 2.19434 4.86165 7.01842 1.85959 -1.80828 13.583 0.618907 -1.43816 0.0167182 -1.4183 -10.5789 0.289565 0.877358 1.07152 5.30937 5.99663 -0.84692 -0.75113
internal_weight=30585 6897 23688 6074 6334 3221 165 128 17614 788 96 16826 3113 1304 1241 15729 2280 13449 3056 151 55 1056 509 547 73 563 282 2905 470 1809 41 692 281 55 672 63 474 1097 324 249 1137 665 50 226 164 5018 801 46 4217 2695 773 199 62 755 1522
internal_count=30585 6897 23688 6074 6334 3221 165 128 17614 788 96 16826 3113 1304 1241 15729 2280 13449 3056 151 55 1056 509 547 73 563 282 2905 470 1809 41 692 281 55 672 63 474 1097 324 249 1137 665 50 226 164 5018 801 46 4217 2695 773 199 62 755 1522
is_linear=0
shrinkage=0.1


Tree=47
num_leaves=41
num_cat=0
split_feature=15 7 15 15 12 13 9 21 17 1 6 15 16 11 16 8 21 11 16 7 23 9 23 26 11 11 26 19 7 23 11 11 1 9 7 7 6 4 5 24
split_gain=1.02471e+06 1.08427e+06 1.04532e+06 1.38431e+06 1.2591e+06 1.52328e+06 1.15627e+06 1.04809e+06 976341 858819 806137 793274 2.94818e+06 3.38143e+06 1.52965e+06 1.12951e+06 1.05663e+06 779320 757652 844746 826032 750809 717531 682952 621833 612436 499198 496915 391203 365250 474817 263435 259294 360452 233134 185323 76681.4 75981.2 69750.8 64059.1
threshold=-0.9829629131445341 380.05603431913977 0.96592582628906831 0.9159756150367534 31175.000000000004 32568.430000000004 2231.5016179326008 1.0000000180025095e-35 -0.56174490092936669 0.1496473349357926 37916.20416666667 -0.12940952255126034 -0.60785761079279388 302.67951916166953 -0.60785761079279388 590.30592280092503 1.0000000180025095e-35 199.83092422830606 -1.0000000180025095e-35 375.23001420982661 14.286336500000003 1049.3359823433866 7.8633765000000002 18.579800000000002 520.41605753204374 709.18839906504832 18.160600000000006 -0.68301270189221952 277.42362965963542 5.8630007000000015 168.81697019186871 69.163290355828067 0.043112620323068028 326.54347479004156 364.41296759475995 385.01845853232277 42798.356666666674 0.80956524024004117 199.99000000000015 14.713011000000002
decision_type=2 2 2 2 2 2 2 2 2 2 2 2 2 2 2 2 2 2 2 2 2 2 2 2 2 2 2 2 2 2 2 2 2 2 2 2 2 2 2 2
left_child=25 10 3 4 5 -3 9 -6 24 -5 11 12 13 -2 15 -13 -14 28 19 -19 -20 -10 -23 -8 26 29 -4 -16 31 34 36 -12 35 -34 37 -32 38 -1 -31 -39
right_child=1 2 8 6 7 -7 23 -9 21 -11 17 14 16 -15 27 -17 -18 18 20 -21 -22 22 -24 -25 -26 -27 -28 -29 -30 30 32 -33 33 -35 -36 -37 -38 39 -40 -41
leaf_value=-4.6941120657053856 -2.2906222555342199 -0.40674249636250182 -9.0055675324939539 1.5727466251997821 2.8491589697930073 -14.234488279169256 -10.043651267971313 -7.6190245457369876 24.768160504308241 -18.590269477550802 -0.58793809129540875 0.071568002529481575 0.76216725721704237 -11.930288262710746 0.48116060618181344 3.41399996258626 -5.2360747963769576 0.5198876546066723 3.7448836844419406 -20.222988128662109 13.561168360710145 3.2425987326241792 13.903540279668405 -33.122272309389977 -12.828920594624112 -15.1157001663477 9.7599246523597021 -1.1466840589880833 -9.7974023417422647 -1.9482184870146124 -4.4766600964981835 1.2559487417001918 4.2775102098782858 -8.6276857226404537 9.3919686453683049 4.3286738956675812 3.4190632081800896 -0.7389953082606483 3.8175109684467317 2.7713686219392679
leaf_weight=32 2502 842 20 112 2871 87 34 98 28 25 1430 2086 4339 425 2689 1961 314 301 755 20 96 152 108 21 34 38 43 6192 37 497 80 1689 23 261 27 33 30 155 21 77
leaf_count=32 2502 842 20 112 2871 87 34 98 28 25 1430 2086 4339 425 2689 1961 314 301 755 20 96 152 108 21 34 38 43 6192 37 497 80 1689 23 261 27 33 30 155 21 77
internal_value=0.00344448 0.12416 1.55682 1.08705 1.49602 -1.71561 -7.18054 2.50118 6.53157 -2.21469 -0.134032 -0.395765 -1.20793 -3.6939 0.0804809 1.69161 0.356348 1.10598 3.30681 -0.831294 4.86686 9.44595 7.70729 -19.2896 -2.12951 -2.77178 3.755 -0.653805 0.287904 -2.38037 -3.33347 0.410646 -5.96288 -7.5712 0.715592 -1.88978 -1.4212 -0.203857 -1.70757 0.432976
internal_weight=30585 29311 4475 4090 3898 929 192 2969 385 137 24836 20508 7580 2927 12928 4047 4653 4328 1172 321 851 288 260 55 97 1274 63 8881 3156 1236 945 3119 397 284 291 113 548 264 518 232
internal_count=30585 29311 4475 4090 3898 929 192 2969 385 137 24836 20508 7580 2927 12928 4047 4653 4328 1172 321 851 288 260 55 97 1274 63 8881 3156 1236 945 3119 397 284 291 113 548 264 518 232
is_linear=0
shrinkage=0.1


Tree=48
num_leaves=47
num_cat=0
split_feature=5 7 26 26 11 1 9 3 14 6 0 17 11 6 14 13 11 8 14 11 26 10 14 11 11 12 9 22 16 23 26 7 12 6 11 7 14 9 11 8 1 0 26 19 3 11
split_gain=877854 804007 1.1442e+06 1.50329e+06 1.00864e+06 804854 770613 752487 746718 732038 669835 648659 1.43164e+06 1.60082e+06 1.03894e+06 1.03626e+06 997102 1.25832e+06 2.1117e+06 631724 1.58255e+06 664505 572219 1.14473e+06 708954 533608 1.4986e+06 541617 522808 592548 499486 432441 428262 579446 368191 316457 306729 296125 261513 217409 203345 200819 180367 184085 74379.9 72819.2
threshold=59.995000000000012 816.11141565159744 18.583150000000003 18.596550000000004 924.74512740195235 0.16623843604882318 2273.1114059773076 2.5750175502600348 0.60355339059327384 43581.45416666667 0.42111683830595142 0.81174490092936691 412.5423184596591 25651.764166666671 0.78656609248549325 26877.145000000004 777.22274205627548 2475.030458788719 -0.60355339059327362 230.36590789833886 15.500850000000002 2257.4581861031606 -0.5 295.04571564515408 255.08112789510906 26480.000000000004 1232.8205745571709 2.5000000000000004 -0.8783796973249266 8.3778580000000016 18.583150000000003 595.16997336795305 36253.500000000007 27176.583333333336 430.40480358111773 5.3583119206558498 -0.78656609248549292 1972.6662909140466 384.94467117176657 1997.8783519999365 0.13309314721995116 0.40394941000572954 14.743700000000002 0.25000000000000017 1.9359241252115558 1.7693273249412476
decision_type=2 2 2 2 2 2 2 2 2 2 2 2 2 2 2 2 2 2 2 2 2 2 2 2 2 2 2 2 2 2 2 2 2 2 2 2 2 2 2 2 2 2 2 2 2 2
left_child=7 5 32 4 37 9 -6 11 44 25 28 16 35 15 -15 -14 22 18 -18 42 34 -22 24 -24 -1 26 -2 -27 41 36 -19 -12 33 -3 -21 45 -30 -4 -11 -37 -31 -9 43 -7 -5 -13
right_child=1 2 3 8 6 19 -8 10 -10 38 31 12 13 14 -16 -17 17 30 -20 20 21 -23 23 -25 -26 27 -28 -29 29 40 -32 -33 -34 -35 -36 39 -38 -39 -40 -41 -42 -43 -44 -45 -46 -47
leaf_value=-0.26111301005167836 3.006126500145577 12.351746492032653 -22.655003690719607 11.023753419129745 -8.9379751284917202 -6.4476506501436237 14.646709320761941 -0.71040627450654004 29.796286805470785 3.6308610954067926 21.368865695144194 -3.7126728634300985 -20.618018291842553 7.0210954924278397 22.273031874056215 2.9823357967620203 25.495154437964615 -8.3108425140380859 -8.9612568004156952 -12.450211973623796 -4.2271614858376179 6.5712458853401365 -0.53323547473101207 -3.2435875078007399 2.4373586583481099 1.9756639384957755 29.297835039595768 0.048469488253612636 -3.1714694514180777 7.3113117202845492 -29.017388886213304 3.1066454182500429 5.4427226326682359 35.463689236413863 -31.958758267489344 0.44063261365258727 4.6863219157509191 -7.6749580972334916 18.034353957456702 -5.2016803028753831 18.26646721249535 -12.223393288974105 8.6867720887467677 2.52484385137558 2.9762672827794003 -10.637671765259334
leaf_weight=5216 228 26 23 22 23 27 32 32 20 21 32 37 30 271 53 46 21 20 92 21 383 66 11135 1811 1196 2442 23 3618 107 109 31 22 21 20 21 2801 91 33 33 69 20 28 36 124 25 27
leaf_count=5216 228 26 23 22 23 27 32 32 20 21 32 37 30 271 53 46 21 20 92 21 383 66 11135 1811 1196 2442 23 3618 107 109 31 22 21 20 21 2801 91 33 33 69 20 28 36 124 25 27
internal_value=0.00282295 0.960608 6.58044 2.35091 -4.78427 0.764208 4.80054 -0.296829 14.0684 1.11319 3.78997 -0.375845 0.913071 6.51744 9.57687 -6.48037 -0.596004 -8.33689 -2.39038 -2.5088 -4.39015 -2.62879 -0.529996 -0.912605 0.242522 1.01291 5.52203 0.825269 2.31583 3.89166 -21.2132 14.1205 17.6173 22.9412 -22.7209 0.147052 0.445341 -14.117 12.6009 0.303217 9.13723 -6.19544 2.42809 0.888627 6.89436 -6.75287
internal_weight=30585 7288 245 178 111 7043 55 23297 67 6365 441 22856 3334 400 324 76 19522 164 113 678 491 449 19358 12946 6412 6311 251 6060 387 327 51 54 67 46 42 2934 198 56 54 2870 129 60 187 151 47 64
internal_count=30585 7288 245 178 111 7043 55 23297 67 6365 441 22856 3334 400 324 76 19522 164 113 678 491 449 19358 12946 6412 6311 251 6060 387 327 51 54 67 46 42 2934 198 56 54 2870 129 60 187 151 47 64
is_linear=0
shrinkage=0.1


Tree=49
num_leaves=36
num_cat=0
split_feature=10 15 26 23 7 7 6 0 10 6 6 23 14 19 15 10 7 10 3 14 0 4 12 7 4 26 1 8 3 8 8 26 10 7 1
split_gain=838367 823115 962755 1.1186e+06 1.01112e+06 781527 886779 725465 1.32966e+06 1.0421e+06 623420 786961 571887 828807 799385 684404 704964 586368 483028 426790 405730 371426 495964 389354 348847 470970 294071 284357 279768 554516 305266 279400 273986 226766 136615
threshold=2739.3066488678764 -0.9159756150367534 17.941550000000003 5.8630007000000015 926.39038297204081 400.22302417199722 20886.31833333334 0.5482539684466281 2289.661802668134 27661.695833333335 42502.757500000007 15.061319250000002 0.91597561503675362 -0.24999999999999994 0.25881904510252057 2593.2568529125997 333.99930859017695 2228.4778661858099 1.1901769177352677 0.25881904510252091 0.56835695140508702 1.0429724750392682 42100.500000000007 449.12303786824015 0.68525443277413278 18.696500000000004 0.18635890477550934 1743.9111632769943 2.2182014127490191 2345.2743751583434 2970.0870861186709 13.581750000000001 1867.7165627487752 442.0306932588071 0.078759181043658949
decision_type=2 2 2 2 2 2 2 2 2 2 2 2 2 2 2 2 2 2 2 2 2 2 2 2 2 2 2 2 2 2 2 2 2 2 2
left_child=1 2 19 24 18 12 20 9 -9 -8 11 21 15 14 -14 17 -17 -3 -5 26 -7 28 23 -23 -4 -26 27 -1 29 -2 -30 -15 33 -21 -34
right_child=10 5 3 4 -6 6 7 8 -10 -11 -12 -13 13 31 -16 16 -18 -19 -20 32 -22 22 -24 -25 25 -27 -28 -29 30 -31 -32 -33 34 -35 -36
leaf_value=-0.96781963501883039 7.8012093346979885 0.15717152888462538 -10.298406646365212 -4.5477448264709635 12.071320615965746 -16.082023059129718 -1.8745492645021942 4.3791107458012704 29.613358467102053 2.4565997170559886 16.273798265212623 -15.388948163119231 -4.6515711481621738 -0.60267128087708277 0.23530714958128529 -7.7345621917558764 12.016143176772379 -4.1068765982304045 -9.9903873669874947 0.55742835558532333 -1.2987816282858453 14.3595738346378 -5.5441571950912483 3.2709314625218227 12.80845922144448 0.76667740255405636 -10.363167026307849 -6.9226906921182367 15.007152238099472 -7.4785660443987174 2.5254575796749283 2.2008861114988565 14.834307738641897 10.2156951751709 3.089321617853074
leaf_weight=1788 35 19223 20 360 28 39 719 130 24 2433 38 21 1003 1308 502 22 87 327 302 889 35 83 23 52 40 157 35 83 22 69 137 487 20 24 20
leaf_count=1788 35 19223 20 360 28 39 719 130 24 2433 38 21 1003 1308 502 22 87 327 302 889 35 83 23 52 40 157 35 83 22 69 137 487 20 24 20
internal_value=0.00286731 -0.0633079 -1.44594 -4.28275 -6.25001 0.134431 1.55387 1.7973 8.4774 1.46834 4.1448 3.06765 -0.074597 -1.29254 -3.02246 0.129905 7.99569 0.0856432 -7.04197 -0.544794 -9.20049 4.02257 7.83965 10.1438 1.97255 3.26405 -1.4085 -1.23554 1.70842 -2.31101 4.33549 0.158762 1.18228 0.822214 9.1804
internal_weight=30585 30105 3766 907 690 26339 3380 3306 154 3152 480 442 22959 3300 1505 19659 109 19550 662 2859 74 421 158 135 217 197 1906 1871 263 104 159 1795 953 913 40
internal_count=30585 30105 3766 907 690 26339 3380 3306 154 3152 480 442 22959 3300 1505 19659 109 19550 662 2859 74 421 158 135 217 197 1906 1871 263 104 159 1795 953 913 40
is_linear=0
shrinkage=0.1


Tree=50
num_leaves=38
num_cat=0
split_feature=15 11 19 17 15 1 9 10 12 14 26 6 15 11 12 5 9 15 17 20 1 11 1 5 7 14 0 1 23 26 26 11 26 1 11 10 13
split_gain=773350 1.00078e+06 1.13816e+06 958339 937067 1.45705e+06 1.21037e+06 926365 786219 1.13528e+06 3.00667e+06 2.01897e+06 1.65397e+06 1.43994e+06 1.39665e+06 811783 755716 674439 1.145e+06 1.13902e+06 647248 612839 588165 585349 566467 564831 461906 441465 373756 253767 267521 914830 379189 152977 131898 139170 62642.3
threshold=0.96592582628906831 472.37178621456525 -0.5 -0.56174490092936669 0.9159756150367534 0.20179298745144222 2396.8939039273037 1663.4810707368877 33105.500000000007 0.25881904510252091 18.559050000000003 33137.590833333343 -0.37940952255126009 263.34458164658673 43787.500000000007 399.99999999999994 2895.5032941072968 -0.12940952255126034 0.81174490092936691 1.0000000180025095e-35 0.0657414158223147 668.06494927022538 0.07141723274075211 400.00000000000017 478.88074020182006 -0.5 0.53149732641519176 0.11499628604412611 5.3212885000000005 19.406600000000001 18.579800000000002 400.20756300939792 18.160600000000006 0.11902083097981232 193.88810081328435 975.90267022014484 31965.565000000006
decision_type=2 2 2 2 2 2 2 2 2 2 2 2 2 2 2 2 2 2 2 2 2 2 2 2 2 2 2 2 2 2 2 2 2 2 2 2 2
left_child=4 23 33 27 8 6 21 -5 16 12 15 -12 14 -14 -10 -11 17 18 -1 -19 -9 22 -6 29 -8 -18 28 -4 -25 30 32 -32 -2 -3 35 -31 -36
right_child=1 2 3 7 5 -7 24 20 9 10 11 -13 13 -15 -16 -17 25 19 -20 -21 -22 -23 -24 26 -26 -27 -28 -29 -30 34 31 -33 -34 -35 36 -37 -38
leaf_value=-2.5302602997273791 0.56346567118212654 15.655623582998912 1.5003009024120513 -7.6066408268610637 0.056794018490148368 -27.743608470585038 -6.7103774200786255 25.183234681754278 -2.1846499313878587 0.22016471572290933 15.864190659859242 4.3801971820576329 0.016034543021718563 3.2939404451225145 2.0995088302865139 7.8388926321884682 -0.29830059354955502 -0.98846401824871555 3.5003008989511999 1.9154882489450118 7.8587078239606774 12.369617950717609 -4.4065812239004059 5.6524242323637015 -30.086850714683536 -21.695953725179038 -2.8398394761262118 -19.189675317491805 20.094171052660261 -4.1773650030295055 -0.60478501611256175 -22.302439117431643 8.8441996511660133 29.089994557698567 4.7243391799926755 6.1251847332921523 11.329316524898305
leaf_weight=2853 1863 23 20 29 609 22 21 28 4451 3943 194 719 5014 1828 917 144 21 4334 353 1961 91 29 572 39 21 29 26 20 34 23 167 21 56 20 29 28 33
leaf_count=2853 1863 23 20 29 609 22 21 28 4451 3943 194 719 5014 1828 917 144 21 4334 353 1961 91 29 572 39 21 29 26 20 34 23 167 21 56 20 29 28 33
internal_value=0.00276624 1.66972 7.93217 4.51661 -0.14891 -2.79755 -2.33741 8.22225 -0.0227171 0.381067 1.65012 6.83508 -0.138701 0.892157 -1.45254 0.490452 -0.750262 -0.68502 -1.86537 -0.0836727 12.111 -1.74999 -2.10688 1.04275 -18.8265 -12.891 8.52717 -9.06041 12.5594 0.705296 0.456434 -3.13364 0.809593 22.4233 5.30088 1.48795 8.36392
internal_weight=30585 2550 231 188 28035 1274 1252 148 26761 17210 5000 913 12210 6842 5368 4087 9551 9501 3206 6295 119 1210 1181 2319 42 50 99 40 73 2220 2107 188 1919 43 113 51 62
internal_count=30585 2550 231 188 28035 1274 1252 148 26761 17210 5000 913 12210 6842 5368 4087 9551 9501 3206 6295 119 1210 1181 2319 42 50 99 40 73 2220 2107 188 1919 43 113 51 62
is_linear=0
shrinkage=0.1


Tree=51
num_leaves=44
num_cat=0
split_feature=1 11 0 15 11 11 26 14 23 14 15 9 18 11 9 15 15 1 8 12 4 9 5 23 11 1 12 8 11 3 5 10 3 10 7 0 23 23 1 1 12 26 14
split_gain=741244 976764 724583 1.04992e+06 1.03076e+06 899957 807718 769377 706914 689455 981718 945914 749246 600516 598985 597557 973901 1.01602e+06 613353 569135 553678 662878 546684 990120 518075 475510 471122 415912 372080 343804 307427 404365 257433 417623 244150 298202 389402 329219 174120 141648 132067 126248 107291
threshold=0.068051304740325322 255.08112789510906 0.44180263208968468 -0.5 595.13008241021805 472.37178621456525 18.160600000000006 1.0000000180025095e-35 9.7433180000000004 0.12940952255126043 -0.78656609248549325 2700.8174739057463 -0.6830127018922193 531.76801472283285 3199.5985812441477 0.96592582628906831 0.9159756150367534 0.20179298745144222 1928.6294953818244 43972.500000000007 1.1636545937468423 1720.0260074008504 -1227.9999999999998 7.9153435000000014 866.73822657055348 0.057872501007512171 43787.500000000007 1194.9540858527089 560.65504025192899 2.2013852343508646 299.99999999999972 2400.9679739864473 1.6801335669556734 1780.3254619662914 120.80440329893672 0.42638154842451809 7.5886932500000013 0.50569352500000009 0.092407992926232821 0.044987606965191218 20782.500000000004 9.0819000000000027 0.12940952255126043
decision_type=2 2 2 2 2 2 2 2 2 2 2 2 2 2 2 2 2 2 2 2 2 2 2 2 2 2 2 2 2 2 2 2 2 2 2 2 2 2 2 2 2 2 2
left_child=1 32 9 5 6 7 -5 -4 -7 10 19 13 -13 -11 15 16 22 18 -18 -3 24 27 23 -2 28 -6 -24 -22 -17 -12 31 -16 34 -34 40 36 -36 -37 -33 -35 -1 -42 -23
right_child=14 2 3 4 25 8 -8 -9 -10 11 29 12 -14 -15 30 20 17 -19 -20 -21 21 42 26 -25 -26 -27 -28 -29 -30 -31 -32 38 33 39 35 37 -38 -39 -40 -41 41 -43 -44
leaf_value=-6.3432981133461004 -12.425057168935354 -3.9472312434059704 -10.795618329383434 -3.8685742187229071 14.916055992206971 -29.667231853191669 2.161361535437583 3.9210974873602389 -4.7328377116810199 8.2160422970592109 5.3862857783276343 -5.3860870238577974 7.1613541881243394 25.75670158749535 17.625201926511878 0.57587299906596301 -2.6648036429642614 -25.089872277301293 -13.060963088747057 6.1954201605782586 5.9223100304603582 23.304016440255303 -0.62610570934830267 1.9678357429718702 -14.451728222586892 -0.10445535024007163 1.4187426872870925 -9.2699152426286187 7.9020607555234763 1.5793753208187613 -4.6959631389095673 8.9901825614877655 -15.375086926562446 3.2745768992524398 3.1446243833521237 -8.8132351054701701 0.29151206949974717 0.049619009442948926 -0.89894324898719791 -6.0073419299618953 -0.076694293952764794 -1.7923029805883344 11.804221838996526
leaf_weight=34 103 318 63 307 76 25 796 79 21 344 560 100 89 20 33 1101 584 22 62 66 100 20 12747 88 21 29 1235 21 73 413 20 36 27 37 909 42 1009 1656 34 28 6760 457 20
leaf_count=34 103 318 63 307 76 25 796 79 21 344 560 100 89 20 33 1101 584 22 62 66 100 20 12747 88 21 29 1235 21 73 413 20 36 27 37 909 42 1009 1656 34 28 6760 457 20
internal_value=0.00260343 0.529147 2.03545 0.303353 1.38667 -6.62805 0.481055 -2.63798 -18.627 3.3006 2.08505 6.27428 0.52909 9.24774 -0.457643 -0.510619 -0.69424 -4.42275 -3.68122 -2.1924 1.49809 6.98449 -0.518209 -5.81807 0.753701 10.8057 -0.4454 3.23127 1.03776 3.77368 6.46625 8.65799 0.074597 -5.16432 0.119421 0.790513 1.64463 -0.174662 4.24188 -0.754227 -0.215309 -0.185565 17.9823
internal_weight=30585 14265 3306 1396 1208 188 1103 142 46 1910 1357 553 189 364 16320 16197 14841 668 646 384 1356 161 14173 191 1195 105 13982 121 1174 973 123 103 10959 92 10867 3616 1918 1698 70 65 7251 7217 40
internal_count=30585 14265 3306 1396 1208 188 1103 142 46 1910 1357 553 189 364 16320 16197 14841 668 646 384 1356 161 14173 191 1195 105 13982 121 1174 973 123 103 10959 92 10867 3616 1918 1698 70 65 7251 7217 40
is_linear=0
shrinkage=0.1


Tree=52
num_leaves=45
num_cat=0
split_feature=1 7 0 17 15 5 7 14 10 3 17 9 15 15 1 7 23 7 15 4 9 23 26 7 0 7 7 5 10 6 5 9 23 9 6 1 6 23 19 0 7 26 19 10
split_gain=600298 678554 587186 543516 630292 1.10364e+06 578335 492991 517584 628200 508995 487825 485121 791570 832124 547255 475828 662140 531366 451702 544132 420389 403374 386023 344582 272015 408960 250978 336685 246594 200844 258249 220929 197305 190851 174772 152677 124604 256635 439443 99376.5 172172 74580.9 18173.2
threshold=0.068051304740325322 120.80440329893672 0.44912654535751489 -0.56174490092936669 -0.5 188.04500000000016 488.33529821735692 0.60355339059327384 2887.9072378709611 2.3427335009017347 0.81174490092936691 3199.5985812441477 0.96592582628906831 0.9159756150367534 0.20179298745144222 157.99300375878249 4.0661285000000005 400.22302417199722 -0.9159756150367534 1.1636545937468423 1720.0260074008504 8.6108230000000017 18.857700000000005 159.65663121619843 0.50989525761338406 649.02696317211291 544.92069095004797 299.99999999999972 2500.8674186857966 32017.874166666672 350.00000000000017 1911.1456186422686 10.953998500000003 2345.2743751583434 20008.381666666672 0.092407992926232821 27473.039166666673 14.516903500000002 -0.24999999999999994 0.28783497235884398 1.7693273249412476 13.581750000000001 -0.24999999999999994 691.3628806281389
decision_type=2 2 2 2 2 2 2 2 2 2 2 2 2 2 2 2 2 2 2 2 2 2 2 2 2 2 2 2 2 2 2 2 2 2 2 2 2 2 2 2 2 2 2 2
left_child=1 34 7 30 5 -5 -6 8 22 -10 21 12 13 16 15 -15 17 -2 -18 25 24 -9 -3 -12 -21 26 -14 28 29 -13 32 -32 -4 -27 -1 -30 -22 40 43 -40 41 -36 -42 -39
right_child=11 2 3 4 6 -7 -8 10 9 -11 23 27 19 14 -16 -17 18 -19 -20 20 36 -23 -24 -25 -26 33 -28 -29 35 -31 31 -33 -34 -35 37 -37 -38 38 39 -41 42 -43 -44 -45
leaf_value=-7.7876426566730848 0.25171060032042719 1.7238673958533521 -3.6686827956805477 0.085313235719998687 0.88667537066917268 -13.836730077078469 6.6530956702572972 5.6450989276361776 18.225481574535372 -0.40163507461547854 0.33298126602172856 22.067130418257282 0.69881502687120489 -0.51589121583307529 -22.689971637725833 -6.3385625754408181 -2.3865237646181248 5.9995968555525154 -0.4688238008806585 7.1212416749000553 22.401819501604354 -0.077996531727651489 -1.2884686811459261 15.043648437942778 -3.7423797885576882 12.813810214400291 -9.7209963211646464 -4.2487282843816851 7.5098999924129917 6.4747879404913293 -1.7037255661240942 10.299624492571905 6.368817059890084 0.83785739862001862 -7.8481899261474615 -3.1599780297941633 9.3627770582834895 0.81818327007317981 18.380315999362779 1.5875776679515841 0.2087756254682118 -0.80180407318618752 -0.47275145790065864 -0.88856822492062359
leaf_weight=32 2624 3106 523 227 1549 75 195 311 39 33 24 21 1102 336 22 310 1699 216 9634 74 20 218 518 69 47 30 38 20 35 21 57 25 22 25 45 26 20 220 22 49 2684 142 3994 86
leaf_count=32 2624 3106 523 227 1549 75 195 311 39 33 24 21 1102 336 22 310 1699 216 9634 74 20 218 518 69 47 30 38 20 35 21 57 25 22 25 45 26 20 220 22 49 2684 142 3994 86
internal_value=0.00228251 0.476128 1.17957 0.0146899 0.804208 -3.4064 1.53487 1.9005 1.46138 9.7995 4.50332 -0.411901 -0.459709 -0.625156 -3.98657 -3.31553 -0.466457 0.690832 -0.756503 1.35019 6.30565 3.29092 1.29306 11.2913 2.9054 0.677832 0.343273 5.83658 7.81692 14.6028 -2.55881 2.03583 -3.25258 7.48236 -0.200015 2.98447 16.2697 -0.165417 1.60222 6.97397 -0.262708 -2.53018 -0.198844 0.337176
internal_weight=30585 14265 6991 2673 2046 302 1744 4318 3696 72 622 16320 16197 14841 668 646 14173 2840 11333 1356 161 529 3624 93 121 1195 1140 123 103 42 627 82 545 55 7274 61 40 7242 377 71 6865 187 6678 306
internal_count=30585 14265 6991 2673 2046 302 1744 4318 3696 72 622 16320 16197 14841 668 646 14173 2840 11333 1356 161 529 3624 93 121 1195 1140 123 103 42 627 82 545 55 7274 61 40 7242 377 71 6865 187 6678 306
is_linear=0
shrinkage=0.1


Tree=53
num_leaves=42
num_cat=0
split_feature=15 4 7 19 14 12 7 15 11 26 14 11 0 8 26 21 9 23 14 26 12 11 15 26 26 15 1 11 11 9 23 26 8 0 9 10 7 8 7 11 26
split_gain=531498 554271 708410 964523 1.08104e+06 1.45718e+06 1.14451e+06 844904 1.84728e+06 1.76795e+06 491692 856809 1.19158e+06 855846 801657 629888 1.69151e+06 1.10349e+06 722506 1.39589e+06 1.12648e+06 448162 415983 649674 434948 308731 280833 592182 525185 521265 274444 380540 335347 317245 203371 202767 179609 175097 122616 56849.2 43115.4
threshold=-0.9829629131445341 1.1217164099534516 269.90103326703468 -0.68301270189221952 0.91597561503675362 31803.500000000004 668.18643537312937 0.1294095225512602 408.82633411873377 14.939100000000002 -0.70710678118654735 425.07594124034773 0.45924321943375285 1658.6664974867074 18.576600000000003 1.0000000180025095e-35 1860.6573161070698 11.054572500000001 -1.0000000180025095e-35 18.583150000000003 33813.500000000007 709.18839906504832 -0.37940952255126009 18.132100000000005 17.424700000000005 1.0000000180025095e-35 0.084721040309403542 257.68101129683959 342.34426700996619 1603.25204566808 6.7407712000000011 18.613500000000005 2199.3054585573159 0.39143489115804614 2148.5964702371089 1037.8830049662122 380.05603431913977 942.61101605018291 255.08632852354148 333.97612482584282 13.605050000000002
decision_type=2 2 2 2 2 2 2 2 2 2 2 2 2 2 2 2 2 2 2 2 2 2 2 2 2 2 2 2 2 2 2 2 2 2 2 2 2 2 2 2 2
left_child=21 10 26 7 5 -5 -6 9 -9 -4 11 22 14 -14 -13 18 25 -18 19 -12 -20 30 23 -2 -24 -17 28 38 35 -29 32 34 39 -33 36 -3 -32 -35 -28 40 -1
right_child=1 2 3 4 6 -7 -8 8 -10 -11 15 12 13 -15 -16 16 17 -19 20 -21 -22 -23 24 -25 -26 -27 27 29 -30 -31 31 33 -34 37 -36 -37 -38 -39 -40 -41 -42
leaf_value=-0.59965881109836106 -0.58460730672608141 0.35537257105127046 -20.64296623127801 -5.651529115810991 3.6581141042259504 2.4744480559206798 21.050599820137023 3.9048983927679792 25.028619326914058 5.9840104551294493 -0.54546879453590802 5.917472158193589 2.5167941020085265 26.450172291303939 -0.98811719079076521 -3.7514105641162114 -8.151394309905859 -33.094735615594047 -0.6113788905748837 -5.1407414023548261 1.4130818162676013 -12.554160635899276 0.083654255037267311 -7.9410188216302133 2.4782445576886651 0.58599883547864084 0.067809647838690548 -9.3883971714261758 14.078670444488527 1.9981030431287043 -2.1094510641029056 -18.31626105705897 12.7776655515035 -2.8579139129983058 -10.200962473664966 2.692697418349157 2.7529575826107773 -13.317006515321276 -6.2879153105520436 -4.6240539444817435 1.7628310812903303
leaf_weight=248 723 2099 27 319 158 710 49 107 67 228 3877 349 25 37 323 330 51 27 7401 796 4371 38 3658 143 956 325 1456 133 29 57 604 23 20 71 27 450 86 20 30 26 111
leaf_count=248 723 2099 27 319 158 710 49 107 67 228 3877 349 25 37 323 330 51 27 7401 796 4371 38 3658 143 956 325 1456 133 29 57 604 23 20 71 27 450 86 20 30 26 111
internal_value=0.00234769 0.0892866 0.953681 2.70169 1.28134 -0.047725 7.85659 6.78142 12.1353 3.09506 -0.129467 0.632746 3.83879 16.9927 2.60173 -0.405212 -3.2714 -17.0953 -0.277267 -1.32916 0.140369 -1.99636 0.202702 -1.80711 0.580232 -1.60165 0.26904 -0.738391 0.924021 -5.97987 -1.66188 -2.70115 0.47193 -8.04363 -1.8417 0.768898 -1.5003 -5.27638 -0.0646447 -0.198776 0.133672
internal_weight=30585 29311 5919 1665 1236 1029 207 429 174 255 23392 6214 734 62 672 17178 733 78 16445 4673 11772 1274 5480 866 4614 655 4254 1676 2578 190 1236 831 405 114 717 2549 690 91 1486 385 359
internal_count=30585 29311 5919 1665 1236 1029 207 429 174 255 23392 6214 734 62 672 17178 733 78 16445 4673 11772 1274 5480 866 4614 655 4254 1676 2578 190 1236 831 405 114 717 2549 690 91 1486 385 359
is_linear=0
shrinkage=0.1


Tree=54
num_leaves=34
num_cat=0
split_feature=10 6 23 5 11 23 23 26 12 6 14 10 1 11 23 7 9 8 17 11 5 9 22 12 12 8 14 11 11 19 0 3 12
split_gain=503546 441452 615261 405339 588795 794307 951431 1.12232e+06 640288 446430 1.03182e+06 621636 431407 1.34287e+06 376276 410606 540784 475032 373668 880271 568259 352660 439906 352296 688552 527202 282650 555322 391143 206540 193665 167164 101906
threshold=2739.3066488678764 42502.757500000007 15.061319250000002 485.01000000000005 311.58822615612172 4.7982913500000004 7.4899308000000007 15.250000000000002 28636.500000000004 28540.855833333339 0.91597561503675362 1611.6507858416676 0.061552621303690887 777.22274205627548 3.4572059000000004 400.22302417199722 1743.9111632769943 2131.9594740145162 0.81174490092936691 412.5423184596591 -1504.4999999999998 897.8655247089365 5.5000000000000009 29500.500000000004 30424.500000000004 2700.8174739057463 -0.5 199.83092422830606 435.62761669301636 0.25000000000000017 0.3023167089696065 0.59032134265119751 32501.500000000004
decision_type=2 2 2 2 2 2 2 2 2 2 2 2 2 2 2 2 2 2 2 2 2 2 2 2 2 2 2 2 2 2 2 2 2
left_child=3 2 23 12 21 9 8 -8 -7 10 -6 -11 13 26 15 16 -14 -17 20 -20 -16 22 31 -2 -25 -26 27 -1 -28 30 -23 -5 -31
right_child=1 -3 -4 4 5 6 7 -9 -10 11 -12 -13 14 -15 18 17 -18 -19 19 -21 -22 29 -24 24 25 -27 28 -29 -30 32 -32 -33 -34
leaf_value=0.21233375253851761 15.788394637334916 13.416952773699393 -14.009448857740924 0.2504219277338548 -13.024782488505046 -0.050364945916568531 -15.380195533528047 3.7996779024200955 12.619834409395073 -10.301797097069878 5.7808826059103016 6.6632837975652599 0.80003396013012651 19.883054084777832 -8.6644380338730365 3.388855103176573 -4.6061984294163647 20.132005237397692 -0.41365409491770094 4.9904389067382748 -0.81661262810411017 5.1511902716424736 -9.5593053714088771 -15.159946576754251 8.1702612991202379 0.52266749895574671 0.078845070822785621 2.8747260016203606 -3.4049455003114417 -0.75297837257385258 -3.6499839542314945 7.7962759830297976 7.9099153949154761
leaf_weight=2729 20 38 21 43 74 50 33 297 196 27 47 94 2328 34 92 91 200 20 1588 371 11914 26 22 20 145 236 7891 1098 335 27 360 92 26
leaf_count=2729 20 38 21 43 74 50 33 297 196 27 47 94 2328 34 92 91 200 20 1588 371 11914 26 22 20 145 236 7891 1098 335 27 360 92 26
internal_value=0.00201704 3.21202 2.30637 -0.0492688 1.60299 3.34323 5.36034 1.84102 10.0548 -1.46014 -5.73259 2.82428 -0.130751 0.323717 -0.461584 0.633326 0.370673 6.55845 -0.668523 0.61181 -0.877466 -0.787051 3.26714 3.15149 2.48351 3.44694 0.266897 0.976749 -0.0634273 -2.24109 -3.04538 5.4123 3.56452
internal_weight=30585 480 442 30105 1414 818 576 330 246 242 121 121 28691 12087 16604 2639 2528 111 13965 1959 12006 596 157 421 401 381 12053 3827 8226 439 386 135 53
internal_count=30585 480 442 30105 1414 818 576 330 246 242 121 121 28691 12087 16604 2639 2528 111 13965 1959 12006 596 157 421 401 381 12053 3827 8226 439 386 135 53
is_linear=0
shrinkage=0.1


Tree=55
num_leaves=43
num_cat=0
split_feature=15 11 19 17 10 9 15 9 26 8 12 11 14 14 6 9 11 14 23 26 26 26 5 1 11 8 7 13 1 0 23 9 26 26 11 26 12 10 8 13 13 1
split_gain=476831 641321 813099 749055 739869 540691 523251 1.06e+06 717575 543665 440510 780644 1.43736e+06 1.65098e+06 1.11379e+06 719434 722260 1.54757e+06 626031 551969 803160 638066 405345 349257 611250 384383 546717 382389 335727 310974 263480 236148 224883 340615 765286 277881 99478.7 96784 146907 90293.2 30430 18076.8
threshold=0.96592582628906831 472.37178621456525 -0.5 -0.56174490092936669 1663.4810707368877 2345.2743751583434 0.9159756150367534 2231.5016179326008 18.583150000000003 2475.030458788719 33105.500000000007 497.39075132390343 0.91597561503675362 1.0000000180025095e-35 23379.125000000004 133.87200642658311 687.63510778768716 0.60355339059327384 5.8630007000000015 19.249950000000002 16.400150000000004 24.444700000000001 400.00000000000017 0.15926292198568234 221.77355822719016 1928.6294953818244 488.33529821735692 36160.560000000005 0.11499628604412611 0.53149732641519176 5.3212885000000005 1972.6662909140466 19.126500000000004 18.579800000000002 400.20756300939792 18.160600000000006 31693.500000000004 985.91908661679122 981.74367409555771 31855.060000000001 38999.850000000006 0.17475777883368729
decision_type=2 2 2 2 2 2 2 2 2 2 2 2 2 2 2 2 2 2 2 2 2 2 2 2 2 2 2 2 2 2 2 2 2 2 2 2 2 2 2 2 2 2
left_child=6 22 36 28 -5 -6 10 23 9 -9 11 19 13 -13 -14 40 18 -18 -17 20 -1 -21 32 25 41 26 -8 -26 -4 30 -24 -27 33 35 -35 -2 -3 38 -34 -39 -12 -25
right_child=1 2 3 4 5 -7 7 8 -10 -11 15 12 14 -15 -16 16 17 -19 -20 21 -22 -23 29 24 27 31 -28 -29 -30 -31 -32 -33 37 34 -36 -37 -38 39 -40 -41 -42 -43
leaf_value=-0.4560139758845731 0.40215564635742151 23.97363265128363 0.68155114537193662 -7.4157964324951173 17.143899878140154 3.6361164748668671 -0.86792647982356219 3.6929664154052739 -28.581574522930641 -17.466029160221421 16.577902966453916 2.0121195063704538 -7.6955237119228812 -9.8065035521391035 6.5026227749123864 0.99902319992177269 1.8113897999469419 18.437045722007753 -0.29690730345383426 -4.2120842433782135 2.3785923669456115 3.0473473564783733 4.5532624208927155 -1.4084135456518694 -25.764736838567828 -11.586226372993909 11.350974529667905 -6.2794143633408979 -17.389089947655091 -2.290835543032046 16.669663782119752 0.23141249326559216 6.9489273745438158 -1.4416556747143086 -22.040753609793526 7.4907778840315977 13.068304630120597 0.65210569926670625 -2.2675795732542525 8.3988727028407748 9.7992239702315569 2.5650123476982118
leaf_weight=6760 1863 20 20 29 57 62 1007 24 22 23 20 167 76 401 195 5615 406 64 11085 631 1172 149 39 21 20 51 37 21 20 26 34 25 28 129 20 56 23 20 42 62 20 23
leaf_count=6760 1863 20 20 29 57 62 1007 24 22 23 20 167 76 401 195 5615 406 64 11085 631 1172 149 39 21 20 51 37 21 20 26 34 25 28 129 20 56 23 20 42 62 20 23
internal_value=0.00194754 1.31088 6.32403 3.43963 6.71777 10.1952 -0.117152 -2.09637 -14.0605 -6.80959 -0.0228538 -0.567439 -3.47883 -6.33423 2.5072 0.279389 0.247781 4.10965 0.138854 -0.286693 -0.0369371 -2.82322 0.808997 -1.40019 -7.54223 -0.927743 -0.424433 -16.1716 -8.55752 7.03716 10.3455 -7.74633 0.528211 0.254384 -4.33514 0.612809 18.5701 4.22769 1.46497 6.54004 13.5102 0.679449
internal_weight=30585 2550 231 188 148 119 28035 1274 69 47 26761 9551 839 568 271 17210 17170 470 16700 8712 7932 780 2319 1205 85 1120 1044 41 40 99 73 76 2220 2068 149 1919 43 152 70 82 40 44
internal_count=30585 2550 231 188 148 119 28035 1274 69 47 26761 9551 839 568 271 17210 17170 470 16700 8712 7932 780 2319 1205 85 1120 1044 41 40 99 73 76 2220 2068 149 1919 43 152 70 82 40 44
is_linear=0
shrinkage=0.1


Tree=56
num_leaves=49
num_cat=0
split_feature=5 1 7 14 26 15 0 15 16 2 10 12 11 14 11 13 1 10 12 11 9 17 15 11 14 18 13 5 15 7 15 7 16 23 3 8 11 9 4 11 13 11 9 8 8 11 3 11
split_gain=448069 477370 475832 787168 736350 1.31415e+06 463554 775485 712834 748915 596274 584374 488274 399855 394116 1.00368e+06 1.05163e+06 957768 361222 1.89191e+06 462170 359218 875820 887547 995738 749286 678973 556405 394849 421932 348226 1.38767e+06 1.22959e+06 903471 1.46567e+06 1.05117e+06 293630 293273 275924 271550 1.04868e+06 489696 436193 213015 202701 251430 117417 26877.6
threshold=50.000000000000014 0.07815191598035949 816.11141565159744 -0.78656609248549292 18.583150000000003 0.25881904510252057 0.30811893661925732 -0.12940952255126034 -0.60785761079279388 0.52017539773263499 2801.8744911110803 27871.500000000004 384.94467117176657 0.60355339059327384 595.13008241021805 31318.245000000006 0.14161696835341123 2228.4778661858099 27191.500000000004 418.28706033867599 133.87200642658311 0.81174490092936691 -0.12940952255126034 257.68101129683959 0.60355339059327384 1.0000000180025095e-35 26194.800000000007 -1504.4999999999998 -0.12940952255126034 531.8410496750497 -0.12940952255126034 995.43244380087151 -0.60785761079279388 5.6664435000000006 1.2003823208133773 2148.5964702371089 66.726413502835641 1799.3481316101695 0.39550427423027895 464.25703865863346 26877.145000000004 325.07324323628023 2700.8174739057463 1658.6664974867074 1412.3653628747913 132.12150365067538 1.2194699340046802 58.006107095449259
decision_type=2 2 2 2 2 2 2 2 2 2 2 2 2 2 2 2 2 2 2 2 2 2 2 2 2 2 2 2 2 2 2 2 2 2 2 2 2 2 2 2 2 2 2 2 2 2 2 2
left_child=21 6 14 -4 -5 -6 12 8 9 -8 11 -9 36 -10 18 17 -17 -16 19 -3 -20 27 23 44 25 -25 -26 28 38 -30 33 32 -32 35 -35 -29 47 -38 -1 41 -41 46 -42 -43 45 -23 -24 -2
right_child=1 2 3 4 5 -7 7 10 13 -11 -12 -13 -14 -15 15 16 -18 -19 20 -21 -22 22 39 24 26 -27 -28 30 29 -31 31 -33 -34 34 -36 -37 37 -39 -40 40 42 43 -44 -45 -46 -47 -48 -49
leaf_value=-19.409634232521057 -2.0419472071835223 -0.76770378811931128 -9.3990260805469017 20.381197357177737 13.253829495264933 -8.322594036102295 -8.6413841787766401 6.9155619672439643 -0.19351214178808451 -0.82148234079722116 15.219059816996257 1.5688722739777616 16.213860500880653 3.991023674305481 -6.6064878574637476 7.2595309045098055 -5.8692186489592508 -29.739345310045326 9.9273824204098098 31.124922006026562 -0.39317637951379375 0.26932185607861997 -0.89890516673020771 8.8457511267982998 -2.22197381724482 -1.2590947044671641 16.973720388768992 0.021771126121246352 5.1490673316152478 -10.873593006462887 1.6355132920390787 -25.638674363635836 -0.65924518274373622 -0.75070870335121931 -4.7662980662303625 6.406113769776292 7.3880558707209874 -3.3881393686930341 -4.9533938436508187 -14.281469983068007 10.11473214864731 -11.808738164034757 -2.4163103076127861 -3.6108202397068845 -7.9073587799072271 3.5882510573518012 3.1163915637251622 1.7999214067459108
leaf_weight=31 67 97 31 35 64 49 182 232 823 371 35 1677 34 315 85 109 136 22 43 22 3135 816 1353 129 22 168 106 2467 37 28 3472 20 7125 4883 1116 287 171 29 24 28 99 54 38 78 24 316 76 24
leaf_count=31 67 97 31 35 64 49 182 232 823 371 35 1677 34 315 85 109 136 22 43 22 3135 816 1353 129 22 168 106 2467 37 28 3472 20 7125 4883 1116 287 171 29 24 28 99 54 38 78 24 316 76 24
internal_value=0.0018043 0.656609 -0.139705 4.87957 7.91337 3.90675 1.42622 1.1019 -0.464099 -3.40607 2.46364 2.22193 5.03906 0.96726 -0.387193 -3.56288 -0.0224982 -11.5941 -0.0471674 5.33865 -0.250455 -0.221911 0.741613 2.44126 6.34329 3.14483 13.6828 -0.385429 -7.14556 -1.81318 -0.343182 0.0418105 0.0926926 -0.810112 -1.4984 0.68918 3.68235 5.81643 -13.3026 -0.815759 3.03057 -1.224 6.64665 -7.02809 1.00244 1.19816 -0.683325 -1.02016
internal_weight=30585 7788 3828 179 148 113 3960 3635 1691 553 1944 1909 325 1138 3649 352 245 107 3297 119 3178 22797 3307 1581 425 297 128 19490 120 65 19370 10617 10597 8753 5999 2754 291 200 55 1726 165 1561 137 132 1156 1132 1429 91
internal_count=30585 7788 3828 179 148 113 3960 3635 1691 553 1944 1909 325 1138 3649 352 245 107 3297 119 3178 22797 3307 1581 425 297 128 19490 120 65 19370 10617 10597 8753 5999 2754 291 200 55 1726 165 1561 137 132 1156 1132 1429 91
is_linear=0
shrinkage=0.1


Tree=57
num_leaves=29
num_cat=0
split_feature=15 10 8 7 4 17 11 6 9 15 15 11 26 8 15 5 15 7 9 23 26 5 7 9 1 23 0 1
split_gain=407048 443645 728141 722708 390100 497925 934742 933301 840617 674612 525132 379256 356526 319959 311458 299083 271252 229319 206674 314632 200837 186337 173415 138838 257749 150908 122820 89147.2
threshold=-0.9829629131445341 2887.9072378709611 2970.0870861186709 380.05603431913977 0.95345179898211219 0.81174490092936691 576.46600801760758 25651.764166666671 2762.2196417614418 0.60355339059327384 1.0000000180025095e-35 709.18839906504832 18.220000000000002 3302.9503335992745 0.1294095225512602 -49.999999999999972 0.98296291314453432 418.29903559414151 2148.5964702371089 10.537016500000002 18.814800000000002 499.03500000000014 509.56792670586901 745.17466128347871 0.044535469120534847 9.1535640000000011 0.39046768443785135 0.080540969049177027
decision_type=2 2 2 2 2 2 2 2 2 2 2 2 2 2 2 2 2 2 2 2 2 2 2 2 2 2 2 2
left_child=11 4 3 -3 5 8 10 -8 14 -10 -7 18 -4 15 -2 27 -17 -15 20 -20 21 22 -1 25 -25 -22 -19 -6
right_child=1 2 12 -5 13 6 7 -9 9 -11 -12 -13 -14 17 -16 16 -18 26 19 -21 23 -23 -24 24 -26 -27 -28 -29
leaf_value=-0.68838832080373669 -1.5840379514466918 1.6498149887720743 -11.917425130761188 23.057937039871302 2.6884024840134844 2.1405904180415636 -7.219206553239089 14.344333691052768 -4.5412129379180541 -21.554912437092174 -2.001773214091402 -11.459454192870703 4.646353267033895 13.16112221479416 -0.09577412118906653 0.14569838895299753 1.9109790470689079 6.6996068702294282 -0.57058418415210865 -17.050545147487096 5.525338060959526 6.9360432440234776 -7.8530062198638921 1.6134557552337647 -10.477616578713061 -5.0282352158517547 -3.4700669375332924 10.695331128467533
leaf_weight=985 2759 29 22 34 25 697 25 91 82 32 544 38 29 31 2867 21058 907 25 26 20 22 30 34 24 63 32 21 33
leaf_count=985 2759 29 22 34 25 697 25 91 82 32 544 38 29 31 2867 21058 907 25 26 20 22 30 34 24 63 32 21 33
internal_value=0.00163539 0.0777182 6.27663 13.3832 0.0533003 -0.591675 1.13045 9.67504 -0.99893 -9.46289 0.32461 -1.74749 -2.59058 0.26044 -0.825773 0.237785 0.218676 6.6539 -1.43988 -7.94611 -1.18192 -0.703418 -0.934908 -4.71183 -7.16172 -0.706345 2.08188 7.34813
internal_weight=30585 29311 114 63 29197 7097 1357 116 5740 114 1241 1274 51 22100 5626 22023 21965 77 1236 46 1190 1049 1019 141 87 54 46 58
internal_count=30585 29311 114 63 29197 7097 1357 116 5740 114 1241 1274 51 22100 5626 22023 21965 77 1236 46 1190 1049 1019 141 87 54 46 58
is_linear=0
shrinkage=0.1


Tree=58
num_leaves=34
num_cat=0
split_feature=10 26 3 13 15 26 23 7 11 10 0 11 1 0 16 5 16 15 7 1 9 11 10 8 26 7 6 11 7 23 5 11 10
split_gain=348589 454552 727837 518088 341712 641701 752998 595897 1.28993e+06 427416 415569 1.17051e+06 549186 722834 426028 386846 772035 525035 439505 378795 416818 365319 322469 277370 423901 365132 249317 335068 306231 233947 158461 184664 137135
threshold=2767.1847758161971 18.190700000000003 2.5750175502600348 43707.545000000006 -0.9159756150367534 17.941550000000003 4.1561886500000007 926.39038297204081 709.18839906504832 1962.7455307003709 0.3039381004304969 242.32531917308287 0.10592229655737891 0.28982277757773672 -1.0000000180025095e-35 417.00500000000005 0.6078576107927941 0.98296291314453432 576.58915984026874 0.24704976018373964 1627.7543623828017 560.65504025192899 2199.5145717372438 1720.0260074008504 14.806550000000003 385.01845853232277 29510.860000000004 478.87360381594812 360.45150963417058 2.1298161500000004 43.565000000000005 58.006107095449259 1720.8692368396044
decision_type=2 2 2 2 2 2 2 2 2 2 2 2 2 2 2 2 2 2 2 2 2 2 2 2 2 2 2 2 2 2 2 2 2
left_child=4 2 -2 26 5 22 9 8 -8 29 11 30 14 -14 -13 19 17 -17 -18 21 -21 -12 23 24 -1 -25 -3 28 -28 -7 32 -32 -6
right_child=1 3 -4 -5 10 6 7 -9 -10 -11 15 12 13 -15 -16 16 18 -19 -20 20 -22 -23 -24 25 -26 -27 27 -29 -30 -31 31 -33 -34
leaf_value=-0.38170326082845257 23.414346284132737 -5.8663196627299001 -1.8727528617495584 -13.459048986434937 0.036397649974562234 8.2260101119677227 -3.4569284942095857 9.0971401138739161 -18.261746351420879 16.302485208158142 -0.20301815167972551 -0.6222582381112236 6.1785955762543852 -7.1846609132331709 11.544257233324259 -0.14708761956389901 7.8933014762928213 11.515696821212769 0.15161288692837671 -0.69942292852221799 -14.38971038231483 1.6266775289048319 11.875155013257809 -6.9220913212958397 4.5668335448029218 4.557729230986701 9.1191351886229093 14.335605119775844 0.62158844126737067 -4.9267192686757735 -1.86681067250669 3.6585334822951086 -7.7405720855878748
leaf_weight=2496 25 29 20 20 1599 23 746 32 63 26 21352 34 139 56 183 1102 248 39 104 52 38 1149 21 122 185 35 54 26 186 30 79 250 22
leaf_count=2496 25 29 20 20 1599 23 746 32 63 26 21352 34 139 56 183 1102 248 39 104 52 38 1149 21 122 185 35 54 26 186 30 79 250 22
internal_value=0.00143819 3.09049 12.3792 1.72855 -0.0354555 -0.924809 -3.22042 -4.09842 -4.63096 6.06079 0.0916587 1.35717 6.19332 2.32387 9.64387 -0.0325055 1.52593 0.261287 5.61289 -0.135563 -6.57437 -0.109518 -0.185233 -0.278627 -0.0386585 -4.35025 2.80021 3.76349 2.56344 0.827703 0.332727 2.33014 -0.0738575
internal_weight=30585 360 45 315 30225 3779 920 841 809 79 26446 2362 412 195 217 24084 1493 1141 352 22591 90 22501 2859 2838 2681 157 295 266 240 53 1950 329 1621
internal_count=30585 360 45 315 30225 3779 920 841 809 79 26446 2362 412 195 217 24084 1493 1141 352 22591 90 22501 2859 2838 2681 157 295 266 240 53 1950 329 1621
is_linear=0
shrinkage=0.1


Tree=59
num_leaves=38
num_cat=0
split_feature=1 7 5 26 26 11 15 6 7 1 11 12 18 5 11 26 7 7 11 26 24 22 10 11 5 1 15 11 6 11 3 1 11 17 11 7 6
split_gain=349598 484997 459958 527715 851879 578680 549525 447553 387484 718811 637647 389786 477586 584466 524930 510150 521627 381304 328437 1.5918e+06 1.449e+06 771582 331868 316609 240995 842318 311014 223099 620261 369996 207872 203389 191302 189495 161604 155107 54365
threshold=0.07815191598035949 926.39038297204081 199.99000000000015 17.941550000000003 18.132100000000005 283.33987693072157 -0.5 37047.170000000006 5.3583119206558498 0.19305214367951343 110.66736134679337 43787.500000000007 -0.6830127018922193 349.99999999999994 375.17067062483983 17.941550000000003 370.05562067166494 430.44667324903764 212.21842032167106 14.827350000000001 5.3330026000000013 1.5000000000000002 166.95333112748082 193.88810081328435 -1100.9999999999998 0.066298056667291869 1.0000000180025095e-35 509.51803386083446 27879.015833333335 488.30152107479847 0.2962560378326024 0.22031234280403358 46.976854820176037 1.0000000180025095e-35 235.15423841233101 412.65580852970925 28264.799166666671
decision_type=2 2 2 2 2 2 2 2 2 2 2 2 2 2 2 2 2 2 2 2 2 2 2 2 2 2 2 2 2 2 2 2 2 2 2 2 2
left_child=1 2 24 5 35 34 -6 -7 9 10 32 18 15 17 -15 16 -13 -14 22 21 -21 -20 30 -24 25 26 -1 29 -29 -26 -10 -11 36 -17 -4 -5 -2
right_child=8 -3 3 4 6 7 -8 -9 11 31 -12 12 13 14 -16 33 -18 -19 19 20 -22 -23 23 -25 27 -27 -28 28 -30 -31 -32 -33 -34 -35 -36 -37 -38
leaf_value=-3.7856936323700605 5.223754106985556 11.599781923545034 3.1732580310495124 -18.823728413241252 -1.2882006442688503 5.5245430163475646 2.7646273242521455 16.336308158266132 -2.6520658814381783 21.378606399893762 -15.077963152798739 -0.80705721964759203 2.9715725447489003 5.1403108861711289 25.337538810003373 13.217934206553871 -10.536525092326421 -5.1879374653100969 -0.29381314399630526 -5.8792355678384274 0.17924246648074274 -7.3597651125819725 -0.24378054542490069 2.5187198417566043 0.10732904038071545 -22.434416439419703 6.8007492830878808 -6.7001651559557232 4.9593787062913179 -8.97493145412869 -11.038126006251888 7.1843604087829593 11.890403257097518 1.417604580947331 -2.1285447545247536 -7.018539753453485 0.9255224956249869
leaf_weight=102 36 37 273 20 546 118 861 57 138 23 21 247 550 35 20 27 70 63 214 440 3765 556 7265 439 13908 20 37 55 247 44 37 20 20 27 72 28 147
leaf_count=102 36 37 273 20 546 118 861 57 138 23 21 247 550 35 20 27 70 63 214 440 3765 556 7265 439 13908 20 37 55 247 44 37 20 20 27 72 28 147
internal_value=0.00147982 0.315384 0.2892 1.71996 0.741502 4.45109 1.19209 9.1189 -0.362632 3.40372 1.10329 -0.435255 1.42692 3.02309 12.8061 -1.44744 -2.9819 2.12591 -0.585876 -1.22192 -0.455948 -5.39891 -0.184157 -0.0860575 0.093039 -3.76638 -0.939271 0.136351 2.82085 0.0780454 -4.47776 15.09 2.84292 7.45082 2.06384 -12.2211 1.79487
internal_weight=30585 16425 16388 1975 1455 520 1407 175 14160 267 224 13893 1039 668 55 371 317 613 12854 4975 4205 770 7879 7704 14413 159 139 14254 302 13952 175 43 203 54 345 48 183
internal_count=30585 16425 16388 1975 1455 520 1407 175 14160 267 224 13893 1039 668 55 371 317 613 12854 4975 4205 770 7879 7704 14413 159 139 14254 302 13952 175 43 203 54 345 48 183
is_linear=0
shrinkage=0.1


Tree=60
num_leaves=44
num_cat=0
split_feature=15 11 0 9 3 9 13 9 15 9 26 3 3 1 10 12 9 14 26 1 15 3 11 1 9 11 14 18 5 11 11 9 7 3 0 26 11 14 11 23 7 9 11
split_gain=320142 476816 751976 727784 823714 614682 488408 472111 444786 860383 561415 426953 323582 366045 364189 316657 744584 586462 1.87252e+06 1.45404e+06 914204 1.07175e+06 782486 779743 499423 550413 361840 291883 387875 303592 281005 296344 262051 291672 208099 179149 198970 163803 131829 115704 108552 74985 49019.5
threshold=0.96592582628906831 472.37178621456525 0.44577690945020026 2084.4454757204603 1.6073739134340836 2567.8214038401825 31058.260000000006 1743.9111632769943 0.9159756150367534 2231.5016179326008 18.583150000000003 1.9467176928395675 0.94543838656087009 0.054139681986966538 1962.7455307003709 33105.500000000007 2895.5032941072968 0.25881904510252091 18.559050000000003 0.16234408796964592 -0.37940952255126009 1.1901769177352677 192.31524920848992 0.20179298745144222 2762.2196417614418 209.63030065910314 -0.5 0.93301270189221952 299.89500000000015 290.77128328696205 478.87360381594812 1222.0183875528421 333.99930859017695 1.5896301807878987 0.45366336749553832 19.406600000000001 351.01163321540656 0.12940952255126043 193.88810081328435 1.6046511000000001 266.73632456381978 1329.1249317153095 69.163290355828067
decision_type=2 2 2 2 2 2 2 2 2 2 2 2 2 2 2 2 2 2 2 2 2 2 2 2 2 2 2 2 2 2 2 2 2 2 2 2 2 2 2 2 2 2 2
left_child=8 27 -3 4 7 -5 -7 -4 15 12 11 -11 30 34 -15 16 24 20 23 -20 21 -17 -22 -19 25 -1 -18 28 35 39 31 -10 40 -34 -14 36 -2 -6 -37 42 -30 -41 -29
right_child=1 2 3 5 37 6 -8 -9 9 10 -12 -13 13 14 -16 17 26 18 19 -21 22 -23 -24 -25 -26 -27 -28 29 32 -31 -32 -33 33 -35 -36 38 -38 -39 -40 41 -42 -43 -44
leaf_value=0.063918491318905854 0.71037388781065391 18.473825912217837 -4.2965141884824067 -13.732463357255265 25.524126104875045 -8.6294481459118071 11.142722599737105 13.192142530109573 -0.18466581680826871 3.4190177877744041 -25.547803352190101 -15.338184148788452 4.3651312173302497 -8.6293856800790376 0.23894598685778107 -0.26741572393417218 -2.3350421472029255 0.10323676071522106 3.8474803962627071 16.636311722517014 -0.20396522420095617 -3.4915076612548415 1.994926969692028 13.799267591748919 13.709390054702761 -1.588027153751032 -19.574583295186361 -0.21762770080566407 4.5719381294388706 -12.823651533860428 10.902544750950554 -10.306216899553936 16.66886957354016 3.0649662844340009 -4.1611578960418703 0.66054160073399548 -3.1047190412979 11.873379571097239 7.7745694111969517 -1.6284310589771014 -2.6523738733927411 -7.1352519794305174 6.164994099736214
leaf_weight=6567 1657 36 46 36 21 20 30 22 810 23 22 24 66 166 64 3977 21 4046 814 99 4217 1391 2625 41 24 2910 29 24 68 25 21 29 35 29 49 47 148 20 58 147 29 29 23
leaf_count=6567 1657 36 46 36 21 20 30 22 810 23 22 24 66 166 64 3977 21 4046 814 99 4217 1391 2625 41 24 2910 29 24 68 25 21 29 35 29 49 47 148 20 58 147 29 29 23
internal_value=0.00139206 1.07391 5.39651 2.9003 8.29414 -3.95282 3.21973 1.47077 -0.0961969 -1.92099 -12.7 -6.27913 -1.29375 -3.87621 -6.17132 -0.00925616 -0.47098 0.246998 1.15911 5.25091 -0.126575 -1.10336 0.639829 0.243975 -0.406251 -0.443441 -12.5217 0.641191 1.02969 -2.59422 -0.254465 -0.54637 5.72791 10.6466 0.727637 0.630875 0.396011 19.3065 4.62647 -1.3953 2.40707 -2.57099 2.96915
internal_weight=30585 2550 231 195 109 86 50 68 28035 1274 69 47 1205 345 230 26761 9551 17210 5000 913 12210 5368 6842 4087 9501 9477 50 2319 2071 248 860 839 161 64 115 1910 1805 41 105 223 97 176 47
internal_count=30585 2550 231 195 109 86 50 68 28035 1274 69 47 1205 345 230 26761 9551 17210 5000 913 12210 5368 6842 4087 9501 9477 50 2319 2071 248 860 839 161 64 115 1910 1805 41 105 223 97 176 47
is_linear=0
shrinkage=0.1


Tree=61
num_leaves=48
num_cat=0
split_feature=12 21 11 9 9 13 24 14 14 17 14 4 11 23 8 19 10 6 8 9 24 12 5 11 24 13 16 7 12 9 7 9 9 0 11 16 8 4 7 7 6 18 18 0 23 0 1
split_gain=308320 402443 501113 467516 394130 447554 639973 422940 832461 483187 360466 451228 611492 1.49672e+06 992159 895937 594200 713199 480088 475965 422184 872363 639273 401438 742755 882692 759541 624631 399986 297150 241998 621105 391534 213480 193234 179974 176732 225651 166390 121088 120372 90440.1 67975.7 67690.9 66991.5 63168.3 26432.8
threshold=43787.500000000007 1.0000000180025095e-35 320.45246966419393 2084.4454757204603 2019.4196213484609 38370.35500000001 2.4850292000000005 -0.37940952255126059 0.25881904510252091 -0.22252093395631442 -0.70710678118654735 1.1266037918339558 375.17067062483983 12.4316455 1482.3342046304681 -0.9330127018922193 1983.9527159747879 27735.360000000004 1658.6664974867074 2345.2743751583434 7.927927050000001 32351.500000000004 499.03500000000014 232.95339352564329 3.5225491500000001 44360.615000000013 -0.60785761079279388 171.28787838666224 38901.500000000007 1720.0260074008504 867.10914946797095 2273.1114059773076 2019.4196213484609 0.3434388480179375 206.9757618120652 0.6078576107927941 1506.3969027476808 1.025531972260606 221.78921163140225 193.94774678490998 41109.711666666677 0.93301270189221952 0.25000000000000006 0.3445602043382458 14.833686500000001 0.31751194927847143 0.13117026240968177
decision_type=2 2 2 2 2 2 2 2 2 2 2 2 2 2 2 2 2 2 2 2 2 2 2 2 2 2 2 2 2 2 2 2 2 2 2 2 2 2 2 2 2 2 2 2 2 2 2
left_child=10 2 3 34 7 45 -7 9 -9 -4 23 12 16 15 -15 -14 19 -18 30 -12 22 -22 -20 29 26 27 28 -26 -25 36 32 -32 -13 42 39 -35 38 -38 -1 -2 46 -36 -31 -28 -42 -6 -5
right_child=1 -3 4 40 5 6 -8 8 -10 -11 11 18 13 14 -16 -17 17 -19 20 -21 21 -23 -24 24 25 -27 43 -29 -30 33 31 -33 -34 35 41 -37 37 -39 -40 -41 44 -43 -44 -45 -46 -47 -48
leaf_value=0.21665013447114043 0.10614157388716422 -12.568328103565035 2.1399125473065808 -6.9913084328174593 14.581353088661476 9.2382696396774726 -1.4028067826431514 -4.1954193553754262 14.087816230985855 20.904213254044695 -0.38946964188925431 0.27698199195485396 11.136303486740381 5.1082682241712298 -13.536773130733792 -1.5610241364696025 14.239052029045261 1.7096576223255999 3.811576096033841 -15.455963561648415 0.63027253288489127 10.624775236915555 -8.9411046961943317 -7.2459145815867307 11.618548485636712 22.506624339875721 8.7770801504453022 1.5774332653761334 -23.577661548961295 5.090791573047639 -1.5038564815521243 16.216133341644749 -6.3622986108064659 -3.4063274701763144 3.0305921570966707 -11.593070577240962 0.41266901095708208 9.6929937275973241 -2.725203953935436 3.6697913700058344 -5.0718918590018385 9.4786347902738139 -2.1552483549824468 0.61503219604492188 1.5586507244543597 6.575866326831636 -12.654927944001699
leaf_weight=4420 1038 20 21 23 26 71 262 55 44 40 13945 3713 56 34 163 2232 48 631 113 20 181 168 59 52 63 20 20 1971 21 24 49 32 90 75 148 42 65 43 200 104 51 25 26 20 21 20 20
leaf_count=4420 1038 20 21 23 26 71 262 55 44 40 13945 3713 56 34 163 2232 48 631 113 20 181 168 59 52 63 20 20 1971 21 24 49 32 90 75 148 42 65 43 200 104 51 25 26 20 21 20 20
internal_value=0.00139362 1.20495 1.35116 0.370803 3.9466 2.17897 0.886878 8.09416 3.99008 14.5831 -0.0823592 -0.28568 -0.517813 -1.96792 -10.3093 -1.24552 -0.271622 2.61503 0.616893 -0.412152 3.46427 5.45799 -0.589287 0.537574 1.6704 2.10556 -6.18866 1.894 -12.1992 0.0358389 0.234152 5.60902 0.118229 -4.09705 0.907 -6.4185 0.182654 4.16264 0.088735 0.433604 -5.71546 4.01151 1.35447 4.81059 -3.14312 11.3147 -9.85329
internal_weight=30585 1989 1969 1430 539 379 333 160 99 61 28596 21534 17129 2485 197 2288 14644 679 4405 13965 521 349 172 7062 2167 2054 113 2034 73 4895 3884 81 3803 167 1315 117 4728 108 4620 1142 115 173 50 40 72 46 43
internal_count=30585 1989 1969 1430 539 379 333 160 99 61 28596 21534 17129 2485 197 2288 14644 679 4405 13965 521 349 172 7062 2167 2054 113 2034 73 4895 3884 81 3803 167 1315 117 4728 108 4620 1142 115 173 50 40 72 46 43
is_linear=0
shrinkage=0.1


Tree=62
num_leaves=32
num_cat=0
split_feature=10 26 3 13 9 14 26 12 3 3 14 1 7 13 13 7 13 11 15 11 15 1 15 7 4 2 4 1 23 11 7
split_gain=315144 364581 595266 376287 362530 1.31398e+06 1.04552e+06 826512 670567 655586 641636 575168 567806 923395 716050 489072 774795 613384 550303 542003 1.88661e+06 407582 397635 364731 231143 368442 261767 215240 139294 168661 60724.1
threshold=2767.1847758161971 18.190700000000003 2.2824269971427964 43707.545000000006 2345.2743751583434 0.60355339059327384 18.160600000000006 33481.500000000007 2.5750175502600348 1.2310013698282696 -0.78656609248549292 0.19305214367951343 739.3636290339058 30608.200000000004 38590.105000000003 380.05603431913977 26636.750000000004 311.58822615612172 -0.12940952255126034 497.39075132390343 -0.12940952255126034 0.18311622431001986 -0.60355339059327384 926.39038297204081 1.0160001280020483 0.65489707414288578 0.94284587761539329 0.055233735923400369 9.0393680000000014 390.10552129938475 364.41296759475995
decision_type=2 2 2 2 2 2 2 2 2 2 2 2 2 2 2 2 2 2 2 2 2 2 2 2 2 2 2 2 2 2 2
left_child=4 2 -2 24 8 10 -7 9 15 -8 11 23 13 -12 -14 19 18 -18 -17 27 -21 -9 -10 -6 25 26 -3 -1 -26 -30 -27
right_child=1 3 -4 -5 5 6 7 21 22 -11 12 -13 14 -15 -16 16 17 -19 -20 20 -22 -23 -24 -25 28 30 -28 -29 29 -31 -32
leaf_value=0.31511100679168569 22.149785049756371 7.0103161881367377 -0.59665313803631326 -11.227223914010185 1.0132055216086415 -15.82596779053028 9.9876294181460423 7.1047565062489131 0.91965793262828477 -4.5451444929387392 -19.958418477453836 -12.371142557505015 -3.270030964378023 -4.5332271099840469 9.9073215575541482 3.5012404159263326 -1.4061594285349917 2.5183847286250192 -8.5634986329823732 -15.024409908823447 3.8364888466894627 20.930476697285972 18.906872901916504 -8.8308091565920037 10.77442749977112 11.964300634644248 -4.5684959996421384 -0.28622378662276904 -1.4083158107904288 7.4372012702786199 4.139062284881418
leaf_weight=9712 23 23 22 20 637 25 41 225 21 118 40 36 136 769 58 53 493 2059 127 100 111 23 29 39 39 21 105 15373 38 48 21
leaf_count=9712 23 23 22 20 637 25 41 225 21 118 40 36 136 769 58 53 493 2059 127 100 111 23 29 39 39 21 105 15373 38 48 21
internal_value=0.00147754 2.93861 11.2581 1.71824 -0.0336017 -1.28573 3.63774 4.86915 0.0621852 -0.758698 -2.52732 -0.230771 -4.15572 -5.3196 0.700193 0.0413379 1.31217 1.75998 -5.01139 -0.0959604 -5.13103 8.46589 11.5184 0.433076 2.63087 0.223749 -2.44971 -0.0534055 5.87679 3.55745 8.23893
internal_weight=30585 360 45 315 30225 2147 432 407 28078 159 1715 712 1003 809 194 28028 2732 2552 180 25296 211 248 50 676 295 170 128 25085 125 86 42
internal_count=30585 360 45 315 30225 2147 432 407 28078 159 1715 712 1003 809 194 28028 2732 2552 180 25296 211 248 50 676 295 170 128 25085 125 86 42
is_linear=0
shrinkage=0.1


Tree=63
num_leaves=46
num_cat=0
split_feature=15 11 2 9 9 3 26 13 15 8 1 10 9 3 1 9 10 17 15 14 9 15 20 20 9 5 11 26 6 18 5 11 7 1 6 12 7 11 26 9 23 7 9 6 11
split_gain=285954 416290 604324 521831 734816 711075 439209 364903 349733 660118 751331 405033 356376 314496 303386 299300 284991 336256 1.17534e+06 853657 849843 582788 2.19424e+06 1.402e+06 335586 272083 360820 266383 267585 237838 297622 248509 225709 266288 202964 293638 174256 228470 122691 113724 95073.8 90952.9 79634.2 62227.2 42498.9
threshold=0.96592582628906831 472.37178621456525 0.55400201476879229 2345.2743751583434 2567.8214038401825 1.6073739134340836 18.598000000000003 31058.260000000006 0.9159756150367534 1928.6294953818244 0.20179298745144222 1962.7455307003709 1786.1298771869133 1.3555679858933034 0.034612725495734666 1743.9111632769943 428.73204713259628 0.81174490092936691 -0.12940952255126034 0.60355339059327384 2345.2743751583434 -0.12940952255126034 1.0000000180025095e-35 1.0000000180025095e-35 642.15198826636299 -153.40499999999994 509.51803386083446 6.7429000000000014 32234.375833333335 0.93301270189221952 299.89500000000015 290.77128328696205 333.99930859017695 0.091187769873347993 27038.795000000002 33891.000000000007 85.318891209691301 351.01163321540656 7.0136000000000012 1845.9241844862479 1.7066236000000001 266.73632456381978 1329.1249317153095 28995.590000000004 69.163290355828067
decision_type=2 2 2 2 2 2 2 2 2 2 2 2 2 2 2 2 2 2 2 2 2 2 2 2 2 2 2 2 2 2 2 2 2 2 2 2 2 2 2 2 2 2 2 2 2
left_child=8 29 3 5 -5 15 -7 -6 16 10 11 12 -10 -13 -11 -3 24 21 19 -19 -20 23 -23 -18 27 -16 -27 28 -1 30 36 40 41 -34 39 -36 43 -38 -29 -26 44 -32 -42 -2 -31
right_child=1 2 -4 4 7 6 -8 -9 9 14 -12 13 -14 -15 25 -17 17 18 20 -21 -22 22 -24 -25 34 26 -28 38 -30 31 32 -33 33 -35 35 -37 37 -39 -40 -41 42 -43 -44 -45 -46
leaf_value=-3.2392282426077439 0.63613162864855577 -4.0126991657500568 16.778486811148152 -16.543375323499955 -6.6298526332491923 27.041845194318082 6.8690976186345027 10.473062672153596 -0.61332775799672279 1.458489691752654 -19.236740814555777 -1.7490493947809396 -9.5201172632105813 13.740256960251754 -20.208609008789065 8.9076483298992297 0.24422069527740464 1.7123281107336876 -0.2098925734452855 7.2665188972871206 -9.0262013835708306 -0.48435924016429488 2.8177181542725691 -2.2866478019585301 0.78934968789418547 -12.275632296759508 1.8375689621324893 0.57272069663358061 0.49933056987373386 -0.086964812278747569 3.9808298138604652 -11.564707986781231 4.11956373116909 17.25887008905411 -19.418312263488772 -4.3236044743481807 2.0212344129681905 -2.1715592268484318 -0.67592903644906144 -7.8722156690514611 -1.44275206267631 -2.6288778877258303 -7.467439447687223 -1.1592356266088568 5.5989108244578043
leaf_weight=638 308 46 36 27 20 21 23 30 1022 25 21 21 46 33 23 28 7076 1129 1231 366 119 6401 2934 3168 44 57 26 1289 273 29 68 25 38 26 21 33 938 150 2017 22 146 29 25 514 23
leaf_count=638 308 46 36 27 20 21 23 30 1022 25 21 21 46 33 23 28 7076 1129 1231 366 119 6401 2934 3168 44 57 26 1289 273 29 68 25 38 26 21 33 938 150 2017 22 146 29 25 514 23
internal_value=0.00142787 1.01507 5.05401 2.81494 -3.56124 6.97062 16.884 3.63604 -0.0908032 -1.70891 -0.934789 -0.575414 -1.0055 7.79436 -8.40499 0.929666 -0.0137098 0.129815 1.14547 3.07603 -0.99314 -0.0178193 0.553678 -0.538608 -0.75565 -10.7232 -7.88538 -0.606511 -2.11957 0.610733 0.961417 -2.30986 5.07693 9.64081 -5.94831 -10.4401 0.612031 1.44172 -0.189058 -2.17224 -1.22533 1.99807 -2.36185 -0.486563 2.48613
internal_weight=30585 2550 231 195 77 118 44 50 28035 1274 1143 1122 1068 54 131 74 26761 22424 2845 1495 1350 19579 9335 10244 4337 106 83 4217 911 2319 2071 248 161 64 120 54 1910 1088 3306 66 223 97 171 822 52
internal_count=30585 2550 231 195 77 118 44 50 28035 1274 1143 1122 1068 54 131 74 26761 22424 2845 1495 1350 19579 9335 10244 4337 106 83 4217 911 2319 2071 248 161 64 120 54 1910 1088 3306 66 223 97 171 822 52
is_linear=0
shrinkage=0.1


Tree=64
num_leaves=33
num_cat=0
split_feature=10 3 23 10 23 6 9 6 10 8 1 9 14 26 12 4 8 23 14 23 3 3 14 11 1 8 11 3 11 0 8 23
split_gain=278616 503579 927085 525698 432568 339057 336288 455740 338119 335985 606884 268273 694233 841726 663645 676689 524528 481289 442004 391104 384710 353897 275798 1.29681e+06 1.35801e+06 459738 668105 364032 329557 251434 118246 80040.5
threshold=2665.9354191262587 1.780764062319619 5.134751350000001 2801.8744911110803 8.6108230000000017 42502.757500000007 2055.8953207150594 30804.060833333337 2695.7789523617867 2475.030458788719 0.056256926384208268 2345.2743751583434 0.60355339059327384 18.160600000000006 33481.500000000007 1.1346669206503741 3151.2881327577629 1.6046511000000001 -0.60355339059327362 5.1791031500000004 2.2013852343508646 2.5750175502600348 -0.37940952255126059 739.19286622200468 0.16823590160644428 2762.2196417614418 576.46600801760758 2.2013852343508646 311.58822615612172 0.50597469630126457 1950.5840221573269 13.260953500000001
decision_type=2 2 2 2 2 2 2 2 2 2 2 2 2 2 2 2 2 2 2 2 2 2 2 2 2 2 2 2 2 2 2 2
left_child=11 2 -2 4 -4 6 9 29 -9 -3 -11 16 17 -14 15 -15 22 -13 20 -20 -19 -16 23 28 -25 27 -27 -24 -1 -8 -6 -7
right_child=1 5 3 -5 30 31 7 8 -10 10 -12 12 13 14 21 -17 -18 18 19 -21 -22 -23 25 24 -26 26 -28 -29 -30 -31 -32 -33
leaf_value=0.12584615944288188 -6.4679085840497699 -2.0570165600325612 27.34475880375615 1.0816124373468861 4.6974371864682158 4.7504097983950659 -10.535217902843769 -6.3740734915579518 1.534948693673122 22.95422991462376 2.4952606247692573 -14.301057779788971 -14.634882068634035 -5.3297505187178125 9.5884577720108144 11.966009685910983 13.469776837579136 2.3637134691332555 0.79176501374909269 -5.277908062115312 -2.0442559007833254 -0.86322673820867779 -0.20359301756909243 26.074527599811553 -1.7569864988327026 -12.991587790937135 3.1968042646135606 10.309283285429984 1.9008939522894928 0.77346003425532384 15.780929638090591 13.957203265031181
leaf_weight=8859 34 36 26 28 20 20 64 61 421 22 40 31 25 102 166 28 28 313 136 479 535 40 17610 39 31 65 41 32 1185 28 20 20
leaf_count=8859 34 36 26 28 20 20 64 61 421 22 40 31 25 102 166 28 28 313 136 479 535 40 17610 39 31 65 41 32 1185 28 20 20
internal_value=0.00118628 1.79613 7.5453 12.6286 17.4381 0.753436 0.214473 -0.712701 0.52289 5.59741 10.004 -0.0495617 -1.21371 2.71664 4.04727 -1.5416 0.0279082 -2.1646 -1.89784 -3.93657 -0.41639 7.56464 0.0139169 0.430669 13.898 -0.223587 -6.75868 -0.183941 0.335436 -7.12214 10.4889 9.58195
internal_weight=30585 840 128 94 66 712 672 574 482 98 62 29745 1855 361 336 130 27890 1494 1463 615 848 206 27862 10114 70 17748 106 17642 10044 92 40 40
internal_count=30585 840 128 94 66 712 672 574 482 98 62 29745 1855 361 336 130 27890 1494 1463 615 848 206 27862 10114 70 17748 106 17642 10044 92 40 40
is_linear=0
shrinkage=0.1


Tree=65
num_leaves=47
num_cat=0
split_feature=15 11 17 9 1 0 1 6 1 15 3 23 12 11 14 11 9 15 22 9 11 17 1 9 11 4 1 23 1 11 3 5 11 9 11 18 0 10 4 9 23 9 5 10 11 13
split_gain=256434 362118 578236 364097 627656 476790 338309 300091 559784 378883 1.05136e+06 1.46704e+06 1.12595e+06 1.01042e+06 453579 710016 859347 520365 2.4072e+06 923319 335136 389014 277389 254825 531488 489352 417452 409723 399818 211192 201312 190254 317622 186497 161402 152227 177593 150933 148858 125637 114357 113760 103109 93124.1 215269 62709.1
threshold=0.96592582628906831 425.07594124034773 -0.56174490092936669 2032.726412708347 0.16412451633533634 0.46662214522514028 0.11824496080429213 38138.140000000007 0.15617597433275157 -0.5 1.2003823208133773 9.3313510000000015 31175.000000000004 531.76801472283285 -0.37940952255126059 266.67506364095544 2345.2743751583434 -0.37940952255126009 5.5000000000000009 2895.5032941072968 106.19546761270797 0.81174490092936691 0.13309314721995116 2626.1050338120644 320.45246966419393 1.103822511888773 0.08601658294058849 15.679721000000002 0.019577092244466774 329.63139159596329 1.7085644401503672 39.900000000000013 395.01328771373051 1679.8958772287044 115.81790009076933 0.93301270189221952 0.40002079734857904 662.17795505402682 1.0672161339547361 2231.5016179326008 2.1298161500000004 1118.0986428112681 200.00000000000014 629.20249745897377 277.40899900864594 25154.420000000002
decision_type=2 2 2 2 2 2 2 2 2 2 2 2 2 2 2 2 2 2 2 2 2 2 2 2 2 2 2 2 2 2 2 2 2 2 2 2 2 2 2 2 2 2 2 2 2 2
left_child=7 31 6 4 30 -5 39 9 23 10 20 12 -12 -13 15 33 -17 18 -16 -19 37 -22 -7 24 34 -26 28 -28 -25 -10 -4 32 43 -11 -9 36 42 -1 -38 -3 -37 -42 -33 45 -45 -2
right_child=1 2 3 5 -6 22 -8 8 29 14 11 13 -14 -15 17 16 -18 19 -20 -21 21 -23 -24 26 25 -27 27 -29 -30 -31 -32 35 -34 -35 -36 40 38 -39 -40 -41 41 -43 -44 44 -46 -47
leaf_value=0.24337130836756368 3.7114203260225409 -3.5465252737204231 11.350475693307818 10.754994145035745 -0.45087156295776371 1.9309134704726085 -13.168130733489992 -0.34046231556219864 4.7572953869899122 0.22529113233984047 -15.89342063557018 -4.5383907718932566 0.65270871204516245 -13.958392359298287 3.5457419537934407 4.4211896816643446 -0.40342363406803988 -0.59087606511036184 -8.9440935936130455 -16.638760501477453 -1.7515155294049884 1.6650537968871006 -11.395756652832032 -7.9992131274254596 1.8915969417904908 8.6477168803206759 -13.100774026800085 2.9722404977549677 0.66229800422327223 18.745247944918546 22.181409256546587 4.0629727592468265 -11.689763950264974 -2.5427557894887851 0.92171617458351118 4.1568183769782392 6.4669548956786889 3.4267710676238794 1.3878630055751471 7.053251894031253 -0.284284991182779 -8.7406236816729823 13.906823348999025 1.8961027954378018 -2.4513148830799789 -0.66368577302657927
leaf_weight=2905 33 23 63 39 39 41 24 1870 23 4301 43 373 629 164 984 948 604 8833 182 35 1976 400 24 60 423 143 53 22 421 21 26 24 22 257 2209 23 67 156 388 20 37 27 20 560 142 908
leaf_count=2905 33 23 63 39 39 41 24 1870 23 4301 43 373 629 164 984 948 604 8833 182 35 1976 400 24 60 423 143 53 22 421 21 26 24 22 257 2209 23 67 156 388 20 37 27 20 560 142 908
internal_value=0.00136948 0.961261 4.22499 6.58239 10.1341 2.15623 -3.91473 -0.0859713 0.595944 -0.24293 -0.878354 -3.54429 -0.428089 -7.43586 0.0186932 0.697891 2.54452 -0.394919 1.59022 -0.656082 -0.284998 -1.17588 -3.08781 0.49976 0.741992 3.61077 -1.52162 -8.40895 -0.432494 11.7016 14.7259 0.526058 -0.0196825 0.068693 0.343134 2.07406 2.7465 0.406675 2.14832 1.43186 -1.77019 -3.93139 8.74706 0.143597 1.01447 -0.506478
internal_weight=30585 2550 299 232 128 104 67 28035 5245 22790 6646 1209 672 537 16144 6110 1552 10034 1166 8868 5437 2376 65 5201 4645 566 556 75 481 44 89 2251 1665 4558 4079 586 499 3061 455 43 87 64 44 1643 702 941
internal_count=30585 2550 299 232 128 104 67 28035 5245 22790 6646 1209 672 537 16144 6110 1552 10034 1166 8868 5437 2376 65 5201 4645 566 556 75 481 44 89 2251 1665 4558 4079 586 499 3061 455 43 87 64 44 1643 702 941
is_linear=0
shrinkage=0.1


Tree=66
num_leaves=33
num_cat=0
split_feature=1 7 5 9 11 2 14 10 2 7 1 11 9 9 15 23 24 8 15 23 12 11 15 23 6 11 23 5 11 17 11 14
split_gain=244075 378009 356657 362781 566497 562807 553248 428033 408668 321170 576423 487058 266640 358886 1.25281e+06 1.34402e+06 759423 608532 390915 297655 261079 209224 432162 431652 390469 269700 233296 191785 169669 158904 139729 34545
threshold=0.07815191598035949 926.39038297204081 43.565000000000005 2895.5032941072968 286.94712952411214 0.5580312387678833 -0.9159756150367534 1848.738506876083 0.57131519099738404 5.3583119206558498 0.18058820999331973 110.66736134679337 3199.5985812441477 2345.2743751583434 0.1294095225512602 7.7504735000000009 5.0205455000000008 2970.0870861186709 -0.60355339059327384 8.6108230000000017 43787.500000000007 509.51803386083446 0.78656609248549303 4.1561886500000007 29510.860000000004 488.30152107479847 8.2585035000000016 -1376.3749999999998 46.976854820176037 1.0000000180025095e-35 103.46682793902117 -0.70710678118654735
decision_type=2 2 2 2 2 2 2 2 2 2 2 2 2 2 2 2 2 2 2 2 2 2 2 2 2 2 2 2 2 2 2 2
left_child=1 2 21 4 7 -6 -5 -4 -8 10 11 28 13 17 16 -16 -15 20 -19 -14 -11 25 23 -23 -24 27 -27 -1 31 -21 -12 -2
right_child=9 -3 3 6 5 -7 8 -9 -10 12 30 -13 19 14 15 -17 -18 18 -20 29 -22 22 24 -25 -26 26 -28 -29 -30 -31 -32 -33
leaf_value=-5.4537269671758022 -1.2560729963834896 10.225824860522621 0.26249602006546974 7.5155787036969119 1.1018062722547708 5.6075439358775574 -15.900324777886272 6.2142578024712822 -3.2142572869546715 -0.43852664065672181 5.942212210761177 -13.449839906259015 11.442774903774263 -7.8733455877412455 -12.172785024851272 -0.78671393842924209 2.1833533957396867 -0.94430981826782223 14.949086450975996 -4.0470809939834806 1.329295786752783 12.264818057931704 1.2578495662659408 -0.74414055828215941 18.900967236927578 -0.10829126267206102 -14.881312713156575 -0.047825094113849345 10.751826922098797 5.8078502082824706 16.036222814111149 2.0333513464556918
leaf_weight=65 42 37 2950 38 616 504 31 125 127 11814 26 21 39 87 205 209 511 24 42 35 898 28 23 211 27 20 22 11601 20 29 33 125
leaf_count=65 42 37 2950 38 616 504 31 125 127 11814 26 21 39 87 205 209 511 24 42 35 898 28 23 211 27 20 22 11601 20 29 33 125
internal_value=0.00124085 0.263526 0.240411 1.01141 1.20811 3.13258 -3.18339 0.506379 -5.78764 -0.302996 3.12595 0.631976 -0.369115 -0.40713 -2.21893 -6.44049 0.709553 -0.263475 9.24184 4.6755 -0.31355 -0.0418419 2.61151 0.824675 10.9689 -0.107555 -8.01266 -0.0784103 2.27649 0.439086 11.7612 1.20352
internal_weight=30585 16425 16388 4391 4195 1120 196 3075 158 14160 267 208 13893 13790 1012 414 598 12778 66 103 12712 11997 289 239 50 11708 42 11666 187 64 59 167
internal_count=30585 16425 16388 4391 4195 1120 196 3075 158 14160 267 208 13893 13790 1012 414 598 12778 66 103 12712 11997 289 239 50 11708 42 11666 187 64 59 167
is_linear=0
shrinkage=0.1


Tree=67
num_leaves=36
num_cat=0
split_feature=15 12 11 5 10 26 9 23 10 0 9 23 8 9 23 11 15 8 11 5 17 23 26 8 10 9 9 2 11 14 23 8 6 10 11
split_gain=243433 297843 507337 401110 400246 414121 271288 364718 232466 766060 734203 1.09755e+06 468676 364150 897766 680012 672460 351100 620946 337725 161001 145226 280918 528862 193149 161792 274707 122189 57796.4 34352.8 32046.1 98614.6 42114.5 22479.1 12051.5
threshold=-0.9829629131445341 46979.000000000007 283.33987693072157 397.00500000000017 1983.9527159747879 17.936000000000003 2148.5964702371089 8.4368815000000019 2548.6437464042765 0.52982324998091113 1743.9111632769943 5.3765740000000006 1642.3785908357577 2345.2743751583434 12.778893250000001 464.25703865863346 0.1294095225512602 3005.0980100075335 631.09926442692938 618.47500000000002 -0.22252093395631442 6.7407712000000011 18.579800000000002 1317.5944467224513 2148.1052368499923 1860.6573161070698 1627.7543623828017 0.5979498199937715 206.9757618120652 -0.70710678118654735 4.5945386500000014 1194.9540858527089 36343.611666666671 1091.0918064102925 126.08279085872134
decision_type=2 2 2 2 2 2 2 2 2 2 2 2 2 2 2 2 2 2 2 2 2 2 2 2 2 2 2 2 2 2 2 2 2 2 2
left_child=6 8 28 4 -4 -6 21 -8 13 10 11 -10 -12 17 16 -16 -15 19 -19 -2 -11 24 25 27 30 26 -23 -24 29 34 32 -32 -1 -31 -3
right_child=1 2 3 -5 5 -7 7 -9 9 20 12 -13 -14 14 15 -17 -18 18 -20 -21 -22 22 23 -25 -26 -27 -28 -29 -30 33 31 -33 -34 -35 -36
leaf_value=3.3564023551013733 -0.030183684261315194 -2.8441811687067937 14.796504765172159 17.815556042534965 -4.8383697051627967 7.0878797043772312 -0.36395746469497681 -15.97778160818692 -3.0229520810974968 -17.057619486684384 15.160049115056578 16.963882220453687 0.74440708600109196 1.0382613024740208 -5.0095612802675795 -20.737866391362374 -3.7335090230478096 19.390062488555909 -4.0792487008231033 2.254345305739756 -5.3680723071098333 -0.74726682220482177 -1.201913931256249 -20.173622876947576 9.8921304157802048 5.5599999639723041 -8.5312283431540958 -8.8603670722671932 -5.2606600988478895 1.5259037571041674 0.29182778019685207 -5.1931785350892605 -0.033476104943648631 -1.8032330065965654 -0.13253465414047241
leaf_weight=53 25420 37 30 27 50 67 31 28 44 22 22 71 1173 791 111 36 470 24 20 663 27 611 83 21 20 35 48 27 20 134 163 40 114 23 29
leaf_count=53 25420 37 30 27 50 67 31 28 44 22 22 71 1173 791 111 36 470 24 20 663 27 611 83 21 20 35 48 27 20 134 163 40 114 23 29
internal_value=0.00128844 0.0601258 2.71038 6.81569 4.68859 1.99338 -1.35137 -7.91671 0.0217848 1.29805 1.76047 9.35661 1.02225 -0.0412507 -1.6072 -8.97549 -0.741822 0.0431978 8.86861 0.0279706 -10.8526 -1.02631 -1.77732 -6.0066 0.562839 -0.971507 -1.3263 -3.1446 -0.24512 0.226181 0.0332491 -0.80912 1.05593 1.02987 -1.67246
internal_weight=30585 29311 417 174 147 117 1274 59 28894 1359 1310 115 1195 27535 1408 147 1261 26127 44 26083 49 1215 825 131 390 694 659 110 243 223 370 203 167 157 66
internal_count=30585 29311 417 174 147 117 1274 59 28894 1359 1310 115 1195 27535 1408 147 1261 26127 44 26083 49 1215 825 131 390 694 659 110 243 223 370 203 167 157 66
is_linear=0
shrinkage=0.1


end of trees

feature_importances:
price_ptf_rolling_std_24h=391
price_ptf_lag_168h=282
thermal_gap=270
renewable_saturation=260
hour_cos=258
price_ptf_rolling_mean_24h=254
price_ptf_lag_24h=178
price_volatility_lag24h=176
USD_TRY=151
hour_sin=146
temp_national=134
realtime_premium_lag24h=94
consumption_forecast=93
system_short_signal=89
reserve_margin_ratio=88
spark_spread_proxy=88
dow_cos_x=76
consumption_lag_24h=65
load_factor=41
dow_sin_x=36
month_sin=33
day_of_week=31
month_cos=30
HDD=24
is_holiday_day=21
is_weekend_x=3

parameters:
[boosting: gbdt]
[objective: regression]
[metric: l1]
[tree_learner: serial]
[device_type: cpu]
[data_sample_strategy: bagging]
[data: ]
[valid: ]
[num_iterations: 500]
[learning_rate: 0.1]
[num_leaves: 63]
[num_threads: 11]
[seed: 42]
[deterministic: 0]
[force_col_wise: 0]
[force_row_wise: 1]
[histogram_pool_size: -1]
[max_depth: 6]
[min_data_in_leaf: 20]
[min_sum_hessian_in_leaf: 0.001]
[bagging_fraction: 0.9]
[pos_bagging_fraction: 1]
[neg_bagging_fraction: 1]
[bagging_freq: 0]
[bagging_seed: 400]
[bagging_by_query: 0]
[feature_fraction: 0.9]
[feature_fraction_bynode: 1]
[feature_fraction_seed: 30056]
[extra_trees: 0]
[extra_seed: 12879]
[early_stopping_round: 0]
[early_stopping_min_delta: 0]
[first_metric_only: 0]
[max_delta_step: 0]
[lambda_l1: 0]
[lambda_l2: 1]
[linear_lambda: 0]
[min_gain_to_split: 0]
[drop_rate: 0.1]
[max_drop: 50]
[skip_drop: 0.5]
[xgboost_dart_mode: 0]
[uniform_drop: 0]
[drop_seed: 17869]
[top_rate: 0.2]
[other_rate: 0.1]
[min_data_per_group: 100]
[max_cat_threshold: 32]
[cat_l2: 10]
[cat_smooth: 10]
[max_cat_to_onehot: 4]
[top_k: 20]
[monotone_constraints: ]
[monotone_constraints_method: basic]
[monotone_penalty: 0]
[feature_contri: ]
[forcedsplits_filename: ]
[refit_decay_rate: 0.9]
[cegb_tradeoff: 1]
[cegb_penalty_split: 0]
[cegb_penalty_feature_lazy: ]
[cegb_penalty_feature_coupled: ]
[path_smooth: 0]
[interaction_constraints: ]
[verbosity: -1]
[saved_feature_importance_type: 0]
[use_quantized_grad: 0]
[num_grad_quant_bins: 4]
[quant_train_renew_leaf: 0]
[stochastic_rounding: 1]
[linear_tree: 0]
[max_bin: 255]
[max_bin_by_feature: ]
[min_data_in_bin: 3]
[bin_construct_sample_cnt: 200000]
[data_random_seed: 175]
[is_enable_sparse: 1]
[enable_bundle: 1]
[use_missing: 1]
[zero_as_missing: 0]
[feature_pre_filter: 1]
[pre_partition: 0]
[two_round: 0]
[header: 0]
[label_column: ]
[weight_column: ]
[group_column: ]
[ignore_column: ]
[categorical_feature: ]
[forcedbins_filename: ]
[precise_float_parser: 0]
[parser_config_file: ]
[objective_seed: 16083]
[num_class: 1]
[is_unbalance: 0]
[scale_pos_weight: 1]
[sigmoid: 1]
[boost_from_average: 1]
[reg_sqrt: 0]
[alpha: 0.9]
[fair_c: 1]
[poisson_max_delta_step: 0.7]
[tweedie_variance_power: 1.5]
[lambdarank_truncation_level: 30]
[lambdarank_norm: 1]
[label_gain: ]
[lambdarank_position_bias_regularization: 0]
[eval_at: ]
[multi_error_top_k: 1]
[auc_mu_weights: ]
[num_machines: 1]
[local_listen_port: 12400]
[time_out: 120]
[machine_list_filename: ]
[machines: ]
[gpu_platform_id: -1]
[gpu_device_id: -1]
[gpu_use_dp: 0]
[num_gpu: 1]

end of parameters

pandas_categorical:[]
