tree
version=v4
num_class=1
num_tree_per_iteration=1
label_index=0
max_feature_idx=14
objective=regression
feature_names=reserve_margin_ratio renewable_saturation spark_spread_proxy system_short_signal price_ptf_lag_24h price_ptf_lag_168h hour_sin hour_cos dow_sin_x dow_cos_x is_weekend_x is_holiday_day temp_national HDD CDD
feature_infos=[0.10296164692965946:0.70241138145944593] [0.0021784835942654911:0.31010744646373994] [0:2.6401914138775062] [-4150:4300.0100000000002] [0:3444.3599598399201] [0:3444.3599598399201] [-1:1] [-1:1] [-0.97492791218182362:0.97492791218182362] [-0.90096886790241903:1] [0:1] [0:1] [-2.2555740000000002:18.692222999999998] [0:20.255572999999998] none
tree_sizes=4944 4918 5177 5348 5051 4983 5357 5085 5428 5302 5151 5352 5072 5329 5174 4835 5098 5121 5606 5464 5039 5507 5000 5281 5175 5266 4895 4831 5553 5102 5395 4758 4850 4672 4914 5258 5563 4399 5109 4464 4461 5078 5504 4983 5188 4782 5063 4793 4950 5177 4591 4773 4770 5106 4919 5204 3558 4992 5166 4914 4383 5238 4915 4917 4382 5496 4505 4492 4110 4735 4514 4627 4154 4177 4213 4825 3850 3472

Tree=0
num_leaves=56
num_cat=0
split_feature=4 5 5 4 5 4 5 4 5 1 4 4 1 11 5 4 5 1 2 3 1 1 4 4 5 1 4 1 4 4 5 6 1 5 5 0 1 1 1 0 0 4 5 5 4 0 3 4 12 5 0 3 4 0 10
split_gain=1.06826e+10 1.76501e+09 1.21611e+09 4.06691e+08 2.13164e+08 2.02483e+08 7.83808e+07 7.60914e+07 6.06572e+07 5.63874e+07 5.1877e+07 4.9973e+07 4.40044e+07 4.33618e+07 4.07694e+07 3.6891e+07 2.64694e+07 2.47279e+07 2.3276e+07 2.06763e+07 1.92624e+07 1.92204e+07 1.72813e+07 1.69864e+07 1.51633e+07 1.41444e+07 1.38787e+07 1.38321e+07 1.34592e+07 1.20824e+07 1.12461e+07 1.08145e+07 1.03657e+07 9.04025e+06 7.74133e+06 7.48686e+06 7.33654e+06 6.64632e+06 5.66361e+06 5.57401e+06 5.00723e+06 4.58533e+06 4.33335e+06 3.52716e+06 3.34222e+06 3.0216e+06 2.82775e+06 2.4846e+06 2.06431e+06 1.47702e+06 990783 921523 862302 274100 218796
threshold=1268.0931206398557 2131.9594740145162 598.93948057395687 1743.9111632769943 1133.1627061669908 2626.1050338120644 2019.4196213484609 520.53403998596036 1506.3969027476808 0.18311622431001986 902.63914523924097 2536.291659429196 0.20179298745144222 1.0000000180025095e-35 2507.049509271968 313.36243140441212 2803.4179486041867 0.18058820999331973 2.5750175502600348 -0.20500000000001248 0.20179298745144222 0.1496473349357926 2084.4454757204603 1426.8210489660182 1329.1249317153095 0.17248759455961213 918.90674303651838 0.13921441832033407 718.13339971377411 2231.5016179326008 441.5020125364685 -0.70710678118654735 0.10592229655737891 1821.205440764641 910.35760903550988 0.41172316266435438 0.11109711784659849 0.17016939900540015 0.14551972909613339 0.48949660057057454 0.53476337928950091 1121.1268698485089 408.33640951823747 910.35760903550988 737.99007240261528 0.43091317154648795 50.295000000000023 468.64610753569633 5.9596188000000003 411.72910758392931 0.47810391946109437 -49.999999999999972 67.216143581896048 0.41172316266435438 1.0000000180025095e-35
decision_type=2 2 2 2 2 2 2 2 2 2 2 2 2 2 2 2 2 2 2 2 2 2 2 2 2 2 2 2 2 2 2 2 2 2 2 2 2 2 2 2 2 2 2 2 2 2 2 2 2 2 2 2 2 2 2
left_child=2 3 7 8 10 12 13 15 23 11 28 22 14 17 29 42 27 -6 20 -15 36 33 -5 37 -11 -25 44 -8 34 -3 50 -14 -16 -10 -4 -13 -7 -2 41 -26 -23 -12 52 -30 54 -40 48 -32 -28 -48 -17 -46 -1 -44 -9
right_child=1 5 4 9 6 18 16 26 21 24 38 35 31 19 32 30 -18 -19 -20 -21 -22 40 -24 25 39 -27 46 -29 43 -31 47 -33 -34 -35 -36 -37 -38 -39 45 -41 -42 -43 53 -45 51 -47 49 -49 -50 -51 -52 -53 -54 -55 -56
leaf_value=974.43283554736422 1030.820720183551 1069.4378476798342 999.91922110948019 1058.7488961613315 1029.5354967208748 1106.9349257723475 1063.8416344506752 997.29011857698072 1046.2376668115667 1008.6864564975182 1016.3018498536883 1095.3033093426175 1064.3591909006389 983.74035230150514 1096.4795115461748 988.01562190634672 1094.7502747469382 1011.2109015385215 1118.942863465209 1018.6015440304519 1050.0204154092901 1035.6609525999686 1068.8718612725622 1040.2720404042982 1047.7912451210323 1023.4745319816983 1018.5954439331612 1033.1702652599217 1007.4088455844778 1083.0183323681192 989.27814136094037 1021.076117177227 1081.0498808758271 1057.0385325047732 1009.8146910865827 1075.597719296301 1092.6458309103468 1017.2916171378261 1015.2371844418866 1021.8626007925975 1010.0820739286881 1023.094763713457 989.32963489073995 1013.3814469524068 995.9645932169409 1003.8655104254998 1022.5649428643346 991.31982539030662 1000.3201630957523 1011.0376378150683 985.76616910913663 1003.1655778826155 979.90102065609403 983.78626999507173 994.76894998274508
leaf_weight=222 1611 491 1077 1460 1582 735 73 722 635 40 1003 123 22 84 504 1588 39 207 412 84 20 201 668 956 115 146 21 78 1678 332 3707 37 221 314 248 162 206 96 119 26 20 328 135 295 62 115 64 3714 55 46 1934 351 801 263 337
leaf_count=222 1611 491 1077 1460 1582 735 73 722 635 40 1003 123 22 84 504 1588 39 207 412 84 20 201 668 956 115 146 21 78 1678 332 3707 37 221 314 248 162 206 96 119 26 20 328 135 295 62 115 64 3714 55 46 1934 351 801 263 337
internal_value=1017.92 1061.76 998.003 1047.27 1015.01 1093.67 1028.12 989.503 1037.21 1062.67 1009.22 1064.7 1081.44 1025.13 1083.06 988.152 1058.62 1027.41 1107.87 1000.97 1102.92 1046.78 1061.97 1033.21 1035.5 1038.06 999.601 1048.4 1005.66 1075.06 989.151 1038.21 1091.96 1049.89 1001.76 1084.58 1103.97 1030.06 1016.72 1043.13 1033.3 1017.98 980.511 1008.3 997.976 1009.58 1012.54 990.293 1005.26 1017.71 986.763 1001.98 978.632 985.514 996.446
internal_weight=30585 9553 21032 6573 7010 2980 2147 14022 3979 2594 4863 2413 1607 1957 1548 12364 190 1789 1373 168 961 1170 2128 2809 181 1102 1658 151 3298 823 10943 59 725 949 1325 285 941 1707 1565 141 221 1331 1421 1973 1472 234 186 7421 76 110 3522 413 1023 398 1059
internal_count=30585 9553 21032 6573 7010 2980 2147 14022 3979 2594 4863 2413 1607 1957 1548 12364 190 1789 1373 168 961 1170 2128 2809 181 1102 1658 151 3298 823 10943 59 725 949 1325 285 941 1707 1565 141 221 1331 1421 1973 1472 234 186 7421 76 110 3522 413 1023 398 1059
is_linear=0
shrinkage=1


Tree=1
num_leaves=55
num_cat=0
split_feature=4 5 5 4 5 4 4 5 4 4 4 5 5 5 4 4 4 5 4 5 0 5 0 5 9 0 4 4 4 0 0 8 8 4 4 5 4 0 8 5 8 12 12 0 2 12 0 0 8 3 5 12 0 8
split_gain=9.64807e+09 1.49599e+09 1.24271e+09 2.43545e+08 2.24523e+08 1.58084e+08 1.26538e+08 8.68504e+07 7.26426e+07 4.70805e+07 3.5344e+07 3.34352e+07 3.12684e+07 3.091e+07 2.66022e+07 2.24527e+07 2.07162e+07 1.75264e+07 1.58003e+07 1.23377e+07 1.12754e+07 1.10027e+07 1.05899e+07 9.87781e+06 9.83072e+06 9.47938e+06 8.41579e+06 7.38364e+06 6.5969e+06 6.33502e+06 5.76213e+06 5.69315e+06 5.01231e+06 4.72505e+06 4.30498e+06 4.08296e+06 3.99476e+06 3.86071e+06 3.8343e+06 3.7389e+06 3.72886e+06 2.7851e+06 2.73736e+06 2.37912e+06 2.04049e+06 1.67902e+06 1.62241e+06 1.31365e+06 1.21918e+06 1.08249e+06 923086 839418 721450 516136
threshold=1386.0171818619581 691.30499012125676 2148.5964702371089 1743.9111632769943 1222.0183875528421 2626.1050338120644 553.2163897711697 2803.4179486041867 942.61101605018291 2084.4454757204603 313.36243140441212 2019.4196213484609 1603.25204566808 2863.635411009132 753.39488002536666 918.90674303651838 2970.0870861186709 1627.7543623828017 2536.291659429196 446.1872835029489 0.40675408621581371 1720.0260074008504 0.51143061044271121 910.35760903550988 1.0000000180025095e-35 0.46462162509319233 737.99007240261528 1234.7430767968854 2199.3054585573159 0.43091317154648795 0.41577432758218852 -0.60785761079279388 -1.0000000180025095e-35 1468.1825736499293 737.99007240261528 345.30973808767914 490.78966262072498 0.50247997818105761 -0.8783796973249266 1845.9241844862479 1.0000000180025095e-35 5.9596188000000003 4.4264661500000004 0.36166588655092174 1.1631911838847659 8.4929780000000026 0.42638154842451809 0.47698731950693635 -1.0000000180025095e-35 -37.999999999999979 655.93094272100859 6.2677238000000006 0.41172316266435438 -0.60785761079279388
decision_type=2 2 2 2 2 2 2 2 2 2 2 2 2 2 2 2 2 2 2 2 2 2 2 2 2 2 2 2 2 2 2 2 2 2 2 2 2 2 2 2 2 2 2 2 2 2 2 2 2 2 2 2 2 2
left_child=1 6 3 12 8 13 10 11 23 21 35 14 31 22 -6 34 29 24 -19 47 -13 40 28 26 -11 -18 -3 43 -4 -7 -15 38 -25 -33 51 53 -21 -23 -2 45 -5 50 -24 -10 -29 -14 -43 -12 -41 -36 -17 -8 -37 -1
right_child=2 4 5 9 7 16 15 -9 27 17 19 20 39 30 -16 41 25 18 -20 36 -22 37 42 32 -26 -27 -28 44 -30 -31 -32 33 -34 -35 49 52 -38 -39 -40 48 -42 46 -44 -45 -46 -47 -48 -49 -50 -51 -52 -53 -54 -55
leaf_value=-40.629378355967845 17.919932775198479 -15.737161206913118 54.528561508977226 28.988558733565952 -2.8549010419104737 81.367226976124272 -13.475446227561861 76.204030427752798 5.6178667554626331 50.655270943338905 -28.195495357533176 46.542572220102947 23.455482356095118 82.767587638589291 12.009992167130951 6.0394703584773977 93.375903927337291 50.071688183462122 66.699591272946066 -26.49691355467132 21.536427239571047 42.559293528131633 48.493045406341551 -10.195543940463399 30.90461257963824 50.626768705948543 -9.291228364148548 9.2796020162827801 64.013444110229344 65.193769378803395 61.639651162021131 17.036853479452894 -2.2951796974285879 23.227546188190583 -18.629012068217659 -27.443839594201194 -23.468668931958632 31.723784532620925 9.8354091577348868 29.257307216088602 37.222137221106401 -0.15663181304931639 29.782818427707838 -0.34203195456177959 2.1746237044511019 30.475275252304868 -8.9185551059246073 -30.421636303019973 37.629945036955554 -12.752911810339025 -4.587425186722367 -19.537929400067863 -33.233024667622139 -36.113284669685036
leaf_weight=314 317 765 502 416 352 520 82 51 201 124 1930 73 240 199 2047 86 686 566 230 5769 132 792 82 314 161 21 1544 439 544 133 81 676 555 638 104 156 1569 127 291 125 280 80 44 955 133 215 154 2118 196 563 25 898 403 567
leaf_count=314 317 765 502 416 352 520 82 51 201 124 1930 73 240 199 2047 86 686 566 230 5769 132 792 82 314 161 21 1544 439 544 133 81 676 555 638 104 156 1569 127 291 125 280 80 44 955 133 215 154 2118 196 563 25 898 403 567
internal_value=0.00218275 -17.0032 46.3713 32.3025 1.09445 73.3161 -26.2366 12.8014 -5.24366 42.9331 -28.0584 11.5021 21.6558 61.6434 9.82834 -14.4898 85.6695 51.0942 55.0314 -27.1119 30.8047 37.4139 57.817 -9.72794 39.791 92.2525 -11.4386 3.00519 59.5742 78.2822 77.1361 18.199 -5.16672 20.0734 -16.917 -35.4944 -25.856 41.134 14.0955 30.1488 32.3981 -2.87185 42.5268 0.702157 7.64091 26.8914 -5.94976 -29.3747 34.5709 -13.7221 3.60715 -19.0591 -31.721 -37.8113
internal_weight=30585 22379 8206 5394 7561 2812 14818 2655 4906 2696 12826 2604 2698 1452 2399 1992 1360 1081 796 11386 205 1615 1172 3178 285 707 2309 1728 1046 653 280 1922 869 1314 1647 1440 7338 919 608 776 696 345 126 1156 572 455 234 4048 321 667 111 980 559 881
internal_count=30585 22379 8206 5394 7561 2812 14818 2655 4906 2696 12826 2604 2698 1452 2399 1992 1360 1081 796 11386 205 1615 1172 3178 285 707 2309 1728 1046 653 280 1922 869 1314 1647 1440 7338 919 608 776 696 345 126 1156 572 455 234 4048 321 667 111 980 559 881
is_linear=0
shrinkage=0.05


Tree=2
num_leaves=58
num_cat=0
split_feature=4 5 5 4 5 4 5 4 1 5 4 4 1 11 4 5 5 5 0 2 3 1 1 4 4 5 1 1 4 4 5 5 1 5 1 6 5 1 1 4 1 0 4 5 1 0 0 4 1 4 13 4 0 1 0 8 0
split_gain=8.71342e+09 1.43972e+09 9.91641e+08 3.30798e+08 1.73211e+08 1.64559e+08 6.39629e+07 6.1624e+07 5.02811e+07 5.00122e+07 4.22824e+07 4.16736e+07 3.93876e+07 3.84062e+07 3.01512e+07 2.62179e+07 2.32246e+07 2.18334e+07 2.12211e+07 1.96565e+07 1.84265e+07 1.72259e+07 1.71153e+07 1.51608e+07 1.40528e+07 1.32764e+07 1.25952e+07 1.22871e+07 1.1107e+07 1.10639e+07 9.99992e+06 9.23298e+06 8.57386e+06 7.46205e+06 7.14598e+06 6.58551e+06 6.00284e+06 5.94076e+06 5.23098e+06 5.19328e+06 5.15544e+06 4.50694e+06 3.8409e+06 3.64385e+06 3.36405e+06 2.6861e+06 2.66801e+06 2.62098e+06 2.61851e+06 2.28257e+06 2.04629e+06 1.13275e+06 855355 814093 686147 542738 39358.3
threshold=1268.0931206398557 2131.9594740145162 598.93948057395687 1743.9111632769943 1133.1627061669908 2626.1050338120644 2019.4196213484609 520.53403998596036 0.18311622431001986 1506.3969027476808 902.63914523924097 2536.291659429196 0.11658082995994952 1.0000000180025095e-35 313.36243140441212 2507.049509271968 1468.1825736499293 2803.4179486041867 0.48535005821532279 2.5750175502600348 -0.20500000000001248 0.1496473349357926 0.20179298745144222 1928.6294953818244 1426.8210489660182 1329.1249317153095 0.17248759455961213 0.13921441832033407 918.90674303651838 718.13339971377411 2863.635411009132 437.42523903987859 0.15926292198568234 1821.205440764641 0.11109711784659849 0.12940952255126043 910.35760903550988 0.17016939900540015 0.21364731160036707 2231.5016179326008 0.14551972909613339 0.53476337928950091 1121.1268698485089 439.60165944303247 0.093726962052257792 0.48853673383090573 0.39913243129646908 737.99007240261528 0.15926292198568234 465.26652363718102 10.991426250000002 28.63519445162547 0.2772008567085999 0.15364126980085169 0.48277647219501835 -1.0000000180025095e-35 0.41395719680044479
decision_type=2 2 2 2 2 2 2 2 2 2 2 2 2 2 2 2 2 2 2 2 2 2 2 2 2 2 2 2 2 2 2 2 2 2 2 2 2 2 2 2 2 2 2 2 2 2 2 2 2 2 2 2 2 2 2 2 2
left_child=2 3 7 9 10 12 13 14 11 24 29 23 15 16 43 39 -6 27 30 22 -15 33 34 -5 37 -10 -26 -8 47 36 -14 54 -20 -11 -7 -13 -4 -2 -27 -3 42 -23 -12 51 -31 -42 -17 55 50 -33 -30 -1 -49 -21 -16 -9 -45
right_child=1 5 4 8 6 19 17 28 25 21 40 35 18 20 31 46 -18 -19 32 53 -22 41 -24 -25 26 38 -28 -29 48 44 -32 49 -34 -35 -36 -37 -38 -39 -40 -41 45 -43 -44 56 -46 -47 -48 52 -50 -51 -52 -53 -54 -55 -56 -57 -58
leaf_value=-40.281263983083328 11.663200754333412 49.725291935474203 -16.21418150995552 34.550186263573728 5.5519939307378934 80.503988150269237 42.006945302581791 -20.823073184646002 -10.255722053803149 25.753513367426827 -1.4054216272648778 68.833901970626513 44.485331284494968 -32.508148569644888 -27.138585568979842 75.973341509454912 19.178035341430594 69.553573020376817 34.686025058605054 93.480485569136874 0.40734940706297407 15.632831462709774 27.317568012584339 43.466737957836052 20.306709758008452 27.904052832705304 4.4701271845863477 13.161724684476855 -7.6408831229362084 -6.9241907076858098 67.955918042659761 -26.008964398966516 -4.2115709587835495 35.567108764286282 66.925623220297012 50.70331272581646 -7.4944627823758125 -1.1174922186014604 6.2216984299251017 60.909925964920618 -4.4650723684322067 -8.5651790064031434 4.8116769367853811 -25.383823639400422 -11.155448191664101 -16.384053156553811 64.919371741683406 -8.7394706543879721 -20.814457960543425 -24.094138571070147 3.4492165154774983 -34.2380415182894 -15.480075519037246 73.399229983923576 -29.142650825890314 -18.003959992487371 -30.125359490645561
leaf_weight=170 1611 344 1077 877 1386 735 73 503 40 635 1003 147 338 84 1531 273 403 39 25 361 84 201 20 1251 956 101 146 78 92 1165 62 3507 29 314 206 138 248 96 40 268 169 20 328 124 808 65 268 65 21 4126 73 939 348 51 1779 556 188
leaf_count=170 1611 344 1077 877 1386 735 73 503 40 635 1003 147 338 84 1531 273 403 39 25 361 84 201 20 1251 956 101 146 78 92 1165 62 3507 29 314 206 138 248 96 40 268 169 20 328 124 808 65 268 65 21 4126 73 939 348 51 1779 556 188
internal_value=0.00525847 39.5991 -17.9808 26.5157 -2.62454 68.4199 9.19859 -25.6564 40.4056 17.4448 -7.84605 42.3139 57.397 6.48934 -26.8722 62.3996 8.63946 36.7457 44.474 81.2193 -16.2392 26.1342 76.6905 39.8279 13.8095 14.7797 18.2205 27.4736 -16.5685 -11.0561 48.4433 -25.9692 14.3921 29.0686 77.6797 60.4694 -14.5959 10.944 21.9261 54.8056 -1.07585 13.3858 0.131583 -33.7797 -8.66656 -7.88671 70.7567 -18.0227 -4.99087 -24.9805 -2.75178 -35.2353 -14.4664 91.3613 -28.2326 -19.3797 -28.4146
internal_weight=30585 9553 21032 6573 7010 2980 2147 14022 2594 3979 4863 2413 1607 1957 12364 1153 1789 190 454 1373 168 1170 961 2128 2809 181 1102 151 1658 3298 400 10943 54 949 941 285 1325 1707 141 612 1565 221 1331 1421 1973 234 541 1472 186 7633 165 1109 413 412 3310 1059 312
internal_count=30585 9553 21032 6573 7010 2980 2147 14022 2594 3979 4863 2413 1607 1957 12364 1153 1789 190 454 1373 168 1170 961 2128 2809 181 1102 151 1658 3298 400 10943 54 949 941 285 1325 1707 141 612 1565 221 1331 1421 1973 234 541 1472 186 7633 165 1109 413 412 3310 1059 312
is_linear=0
shrinkage=0.05


Tree=3
num_leaves=60
num_cat=0
split_feature=2 2 2 2 2 2 3 0 0 1 1 2 1 2 0 1 13 0 9 12 12 9 7 12 9 1 2 3 3 1 9 2 8 9 7 9 8 0 12 0 3 1 7 7 0 2 9 12 3 0 8 3 1 1 7 7 1 9 0
split_gain=7.74987e+09 1.12618e+09 8.89401e+08 2.0388e+08 1.67039e+08 9.01747e+07 7.0371e+07 4.87485e+07 4.27984e+07 4.04343e+07 3.39904e+07 2.92626e+07 2.8549e+07 2.45429e+07 2.38273e+07 2.36382e+07 2.3558e+07 2.2507e+07 2.21118e+07 2.13176e+07 1.83345e+07 1.80249e+07 1.99883e+07 1.73925e+07 1.2488e+07 1.12589e+07 1.10712e+07 1.10142e+07 1.06728e+07 9.50672e+06 9.4979e+06 9.16394e+06 7.81539e+06 7.47824e+06 1.34619e+07 7.47577e+06 6.91019e+06 6.48219e+06 6.40659e+06 5.85489e+06 5.735e+06 5.37226e+06 4.38043e+06 4.18557e+06 3.79412e+06 3.63276e+06 3.55338e+06 3.49896e+06 3.36092e+06 3.0901e+06 2.69599e+06 2.45404e+06 2.3076e+06 2.29311e+06 2.08475e+06 1.73396e+06 1.38091e+06 1.29076e+06 813346
threshold=1.0660977007725549 1.7263873213943486 0.58230566924780902 1.342247683271232 2.1661870192782646 0.79789742520144624 248.99999999999997 0.46462162509319233 0.38968291149929729 0.21364731160036707 0.14028351398216801 0.47505429154153517 0.16234408796964592 2.3427335009017347 0.47698731950693635 0.1969881678844059 6.927061000000001 0.47810391946109437 0.81174490092936691 7.5886932500000013 6.3173413000000007 0.81174490092936691 -0.37940952255126009 5.6262386500000003 0.81174490092936691 0.11902083097981232 0.3046457821390553 220.00500000000002 417.00500000000005 0.22920403930075578 0.81174490092936691 1.5073565678197205 1.0000000180025095e-35 0.81174490092936691 1.0000000180025095e-35 0.81174490092936691 -1.0000000180025095e-35 0.42217679634909683 10.065666500000001 0.46247628993629081 87.590000000000046 0.1233863036674669 -0.9829629131445341 -0.5 0.41577432758218852 0.71883602119634704 0.81174490092936691 4.9654785000000006 -162.54999999999995 0.45257025101786091 0.6078576107927941 -298.96999999999997 0.12907691640303154 0.10311319627070797 -0.60355339059327384 0.1294095225512602 0.085342893742613321 1.0000000180025095e-35 0.54046830107583299
decision_type=2 2 2 2 2 2 2 2 2 2 2 2 2 2 2 2 2 2 2 2 2 2 2 2 2 2 2 2 2 2 2 2 2 2 2 2 2 2 2 2 2 2 2 2 2 2 2 2 2 2 2 2 2 2 2 2 2 2 2
left_child=2 3 6 15 9 20 11 13 18 19 54 14 27 44 24 16 30 36 31 25 37 23 47 51 -1 -3 -16 -10 -18 -14 -2 -5 -25 45 -35 40 -8 46 -38 43 -13 -15 -21 -17 -6 -22 -4 -23 -37 -24 56 -7 -39 -20 -9 -11 -19 -41 -52
right_child=1 4 5 8 7 21 17 10 12 55 -12 35 29 41 26 39 28 50 53 42 33 22 49 32 -26 -27 -28 -29 -30 -31 -32 -33 -34 34 -36 48 38 52 -40 57 -42 -43 -44 -45 -46 -47 -48 -49 -50 -51 58 -53 -54 -55 -56 -57 -58 -59 -60
leaf_value=-24.179188130687738 25.546757795879952 48.991840542627976 1.0895068382927515 33.423588566284678 70.232538469719174 2.2904105513572692 -5.7540148030794578 34.530924460093182 29.180371994487906 -8.4141400085796008 -10.905699806213379 -20.750501062121227 17.013178071594236 84.416127839281387 -32.052161963497163 -7.4916572450336663 14.976562300834708 -9.2829739390886754 63.681029982910154 33.589996485028955 -11.82102042094877 20.917393640942045 11.263248260834638 -3.854999864599149 -18.634014502244217 33.659971180300737 -26.270449531207522 39.272758577795869 26.329790162400247 -12.156218436848034 47.275103507995603 43.415693278805549 3.7849591418425064 9.9569819293362762 -11.124193475614895 0.49106465982354203 25.591554897639487 -2.2974896306372314 0.10884955909517079 -3.6932358181476594 -8.4179861162259026 70.087352581616514 59.295242957018672 12.950037067667646 56.746019615646482 -7.6482038425342118 11.828337609843205 37.786791631673516 -14.219760236147767 0.46926406252491581 5.2934947065873583 9.2253799867808635 -8.8781297217063546 45.29179970219451 58.171268166859946 11.033408734003702 -20.418502958842687 -17.450163677497343 -8.1713137925189478
leaf_weight=6266 239 748 410 460 493 148 37 22 985 20 22 2386 198 690 1248 36 2430 50 123 26 1141 70 168 671 1260 167 2914 410 229 31 68 593 664 138 163 44 88 383 34 30 102 159 670 73 127 996 93 74 320 109 20 999 204 51 118 22 82 42 21
leaf_count=6266 239 748 410 460 493 148 37 22 985 20 22 2386 198 690 1248 36 2430 50 123 26 1141 70 168 671 1260 167 2914 410 229 31 68 593 664 138 163 44 88 383 34 30 102 159 670 73 127 996 93 74 320 109 20 999 204 51 118 22 82 42 21
internal_value=0.00759418 38.1324 -16.6059 25.2316 61.6652 -1.06909 -23.3234 73.0759 34.9168 50.3317 46.0217 -23.843 29.5098 75.9928 -24.9565 16.4407 17.5105 -0.558683 42.0135 51.5929 -6.43816 5.45585 14.9993 3.8263 -23.256 46.2731 -28.0187 32.1986 15.9734 12.9934 30.6344 39.1223 -0.0550689 -8.84666 -1.45713 -19.2655 12.9363 -1.04474 18.6062 -1.08976 -20.2521 81.9037 58.434 6.18527 67.6613 -9.88515 3.11401 29.9853 -12.4485 7.04963 -12.9678 8.33609 -4.60685 58.867 54.9951 1.81104 -16.402 -11.9729 -1.66229
internal_weight=30585 9282 21303 5998 3284 6431 14872 1631 2851 1653 162 14540 1624 1469 11688 3147 2966 332 1227 1611 3528 2903 421 2482 7526 915 4162 1395 2659 229 307 1053 1335 2438 301 2852 159 1090 122 181 2488 849 696 109 620 2137 503 144 364 277 173 1147 587 174 140 42 132 72 41
internal_count=30585 9282 21303 5998 3284 6431 14872 1631 2851 1653 162 14540 1624 1469 11688 3147 2966 332 1227 1611 3528 2903 421 2482 7526 915 4162 1395 2659 229 307 1053 1335 2438 301 2852 159 1090 122 181 2488 849 696 109 620 2137 503 144 364 277 173 1147 587 174 140 42 132 72 41
is_linear=0
shrinkage=0.05


Tree=4
num_leaves=57
num_cat=0
split_feature=4 5 5 5 4 4 4 5 4 1 11 5 5 4 1 4 5 1 4 3 1 0 4 5 1 0 5 1 4 5 6 1 0 4 4 4 0 12 0 5 4 4 5 0 9 12 7 0 1 3 1 0 12 1 5 5
split_gain=7.12135e+09 1.22814e+09 8.31864e+08 1.92832e+08 1.42258e+08 1.13277e+08 9.49356e+07 7.07335e+07 5.65768e+07 4.01132e+07 3.95977e+07 4.26321e+07 3.31009e+07 2.72572e+07 2.66975e+07 2.51138e+07 2.44937e+07 1.97129e+07 1.77308e+07 1.6875e+07 1.66461e+07 1.68213e+07 1.3321e+07 9.53368e+06 9.4118e+06 8.88291e+06 8.54357e+06 8.49301e+06 8.33656e+06 7.58695e+06 7.44929e+06 6.92883e+06 6.20643e+06 5.7986e+06 5.06753e+06 4.76748e+06 4.64997e+06 4.42905e+06 3.99755e+06 3.85201e+06 3.7843e+06 3.23412e+06 3.22499e+06 3.00957e+06 2.73562e+06 2.60176e+06 2.56977e+06 2.37328e+06 2.04028e+06 1.99965e+06 1.05746e+06 728420 709089 598485 133425 36126.5
threshold=1420.263053060253 691.30499012125676 2148.5964702371089 1222.0183875528421 1873.4163097475914 2626.1050338120644 553.2163897711697 2803.4179486041867 942.61101605018291 0.18946953262365177 1.0000000180025095e-35 1720.0260074008504 1743.9111632769943 313.36243140441212 0.20179298745144222 2536.291659429196 2626.1050338120644 0.17475777883368729 981.74367409555771 -0.20500000000001248 0.11658082995994952 0.43968005264420923 3005.0980100075335 446.1872835029489 0.09181202052367933 0.50597469630126457 910.35760903550988 0.083507438368042142 1543.9451096952896 1720.0260074008504 -0.70710678118654735 0.14161696835341123 0.41172316266435438 2199.3054585573159 1194.9540858527089 737.99007240261528 0.34910156541691056 3.5113512000000004 0.4711049549032259 1658.6664974867074 737.99007240261528 490.78966262072498 303.37034084237683 0.46891134624608977 0.81174490092936691 9.3995012500000019 1.0000000180025095e-35 0.42638154842451809 0.1371351476273476 618.47500000000002 0.1199493963633096 0.42217679634909683 6.2677238000000006 0.058371238028711414 2863.635411009132 3050.8705243132035
decision_type=2 2 2 2 2 2 2 2 2 2 2 2 2 2 2 2 2 2 2 2 2 2 2 2 2 2 2 2 2 2 2 2 2 2 2 2 2 2 2 2 2 2 2 2 2 2 2 2 2 2 2 2 2 2 2 2
left_child=1 6 4 8 12 14 13 10 24 15 11 -5 17 42 16 29 33 28 40 -12 22 54 43 50 26 39 -3 34 -2 -6 -16 44 -17 -4 -10 -26 -19 -29 -18 -11 52 -25 53 -7 -14 -33 47 -20 -48 -42 -15 -44 -8 -1 -22 -9
right_child=2 3 5 7 9 20 18 55 27 25 19 -13 31 23 30 32 38 36 46 -21 21 -23 -24 41 35 -27 -28 37 -30 -31 -32 45 -34 -35 -36 -37 -38 -39 -40 -41 49 -43 51 -45 -46 -47 48 -49 -50 -51 -52 -53 -54 -55 -56 -57
leaf_value=-30.482957015692019 16.869332322595955 -8.1364668054924891 44.941057879881015 9.5213006054244484 33.662472269301787 72.409938624293204 -11.271475275584631 53.651636226259427 2.6740476468134244 3.4461887875918684 -27.528774840322775 26.93736898641032 31.280581450164323 -24.793433467913452 38.088547941843672 63.879855407248925 66.788490775192841 16.151788677573204 2.7918505953636137 2.7194404122264118 57.624490544369351 24.645396767818568 83.955171810738889 -22.75709042140463 -15.513824102567643 -11.674730255126953 -0.56981263362756174 5.0581379240832929 23.702984337628017 41.319745148701401 0.6697579777240753 13.54935305448679 46.966172306169781 54.069548162204114 9.8681091078815104 -9.2404115290029374 0.28413340602602277 -3.2373340275692195 50.059647373297274 27.25299263623296 -11.957209109784467 -20.047000858903615 -24.323504231246474 53.829668459211078 41.976091249906098 26.585194516376575 8.4553774888972022 -9.64795783163399 -8.5514416985078299 3.0910547502835595 -27.331467031115825 -29.205804825407085 -16.747727335861658 -35.053103402273997 69.840036079736407 79.184434972692429
leaf_weight=304 920 1321 461 2397 601 551 82 27 563 27 87 411 574 3304 22 129 393 62 64 95 93 31 471 5769 483 33 520 217 932 982 30 76 173 467 434 854 166 605 76 47 735 1569 192 54 89 96 92 91 20 22 744 526 898 418 160 25
leaf_count=304 920 1321 461 2397 601 551 82 27 563 27 87 411 574 3304 22 129 393 62 64 95 93 31 471 5769 483 33 520 217 932 982 30 76 173 467 434 854 166 605 76 47 735 1569 192 54 89 96 92 91 20 22 744 526 898 418 160 25
internal_value=0.00984744 -14.0047 41.5395 1.73291 29.0985 63.2365 -22.5347 11.6539 -4.30886 39.4038 10.6218 12.0878 22.034 -24.1168 53.3343 41.094 54.6479 18.6232 -12.395 -11.8819 73.6929 61.5445 76.7792 -23.286 -8.33208 9.41945 -6.00217 2.72159 20.3302 38.4587 17.3252 30.4655 54.5636 49.6412 5.81916 -11.5265 4.70197 -1.04044 64.3017 18.8861 -14.2369 -22.1832 -30.6446 70.9344 32.8383 21.0471 -0.395239 -4.54136 5.32166 -11.5129 -25.2732 -27.9714 -16.3134 -33.2184 65.8369 68.4052
internal_weight=30585 22869 7716 8039 4907 2809 14830 3042 4997 1992 2990 2808 2915 12826 1449 1885 1397 2080 2004 182 1360 284 1076 11386 3178 107 1841 1819 1852 1583 52 835 302 928 997 1337 228 822 469 74 1737 7338 1440 605 663 172 267 155 112 757 4048 718 980 722 253 52
internal_count=30585 22869 7716 8039 4907 2809 14830 3042 4997 1992 2990 2808 2915 12826 1449 1885 1397 2080 2004 182 1360 284 1076 11386 3178 107 1841 1819 1852 1583 52 835 302 928 997 1337 228 822 469 74 1737 7338 1440 605 663 172 267 155 112 757 4048 718 980 722 253 52
is_linear=0
shrinkage=0.05


Tree=5
num_leaves=56
num_cat=0
split_feature=2 5 5 5 5 5 2 2 5 2 1 11 5 2 1 5 1 1 1 1 2 3 5 5 5 2 12 5 1 2 12 2 5 2 11 2 12 2 2 5 5 12 12 12 1 6 3 2 3 1 7 11 5 1 8
split_gain=6.3207e+09 1.0613e+09 8.27458e+08 1.98281e+08 1.25805e+08 1.1491e+08 5.73114e+07 5.45414e+07 4.58598e+07 3.99434e+07 3.70442e+07 3.38253e+07 3.05788e+07 2.78443e+07 2.68238e+07 2.66418e+07 2.41708e+07 1.75166e+07 1.68525e+07 1.63846e+07 1.44584e+07 1.37446e+07 1.24319e+07 1.18758e+07 1.17507e+07 1.16789e+07 1.11569e+07 8.53549e+06 8.27564e+06 7.88068e+06 7.18513e+06 6.77124e+06 6.76021e+06 6.54486e+06 5.81904e+06 5.4321e+06 5.32162e+06 4.42594e+06 4.06025e+06 3.5388e+06 3.51681e+06 3.14951e+06 2.7256e+06 2.63361e+06 2.57898e+06 2.55706e+06 1.39193e+06 1.22117e+06 1.17817e+06 1.07381e+06 1.22238e+06 1.02607e+06 923925 808404 646085
threshold=1.0660977007725549 2131.9594740145162 691.30499012125676 1627.7543623828017 1222.0183875528421 2803.4179486041867 0.59032134265119751 1.440297830598712 2803.4179486041867 2.0624210383304367 0.11658082995994952 1.0000000180025095e-35 1468.1825736499293 0.36404528670822217 0.18311622431001986 910.35760903550988 0.1522633365147972 0.20179298745144222 0.20768790288737579 0.17475777883368729 2.1005746971663721 -0.20500000000001248 3005.0980100075335 506.68302738297217 1426.8210489660182 1.615922704426386 9.4532530000000019 331.65594811364673 0.079306453220254175 2.0624210383304367 2.8293236000000004 1.8911211417601259 2507.049509271968 0.77141620039634817 1.0000000180025095e-35 0.53666001426961973 7.9153435000000014 0.48274325702377002 0.83838769366094412 437.42523903987859 1133.1627061669908 3.5113512000000004 7.8633765000000002 6.5085208500000009 0.13309314721995116 0.12940952255126043 548.995 0.060841725232787365 -223.97999999999999 0.15364126980085169 -0.37940952255126009 1.0000000180025095e-35 540.38965734328144 0.15094606262164065 -0.60785761079279388
decision_type=2 2 2 2 2 2 2 2 2 2 2 2 2 2 2 2 2 2 2 2 2 2 2 2 2 2 2 2 2 2 2 2 2 2 2 2 2 2 2 2 2 2 2 2 2 2 2 2 2 2 2 2 2 2 2
left_child=2 3 6 7 15 10 13 19 11 16 20 12 -6 27 31 33 25 29 22 24 32 -13 34 39 -2 -5 -18 47 42 -12 -21 -9 -3 37 -7 -30 -19 -4 44 -15 -16 -35 -17 -22 46 -11 -8 -1 -46 50 -40 -29 -25 -24 -47
right_child=1 5 4 9 8 18 38 14 -10 45 17 21 -14 23 40 28 26 36 -20 30 43 -23 53 52 -26 -27 -28 51 35 -31 -32 -33 -34 41 -36 -37 -38 -39 49 -41 -42 -43 -44 -45 48 54 -48 -49 -50 -51 -52 -53 -54 -55 -56
leaf_value=-34.960281415192973 11.190351684553796 46.76812324694918 -14.956598275883991 30.443168467752628 6.6043317080423378 66.328841564596715 -11.286516334327526 26.860153026375826 62.425868493056889 58.561671353833425 36.603911859667427 -27.295477428938973 20.612846194114006 -23.648360448075174 -15.211738994757335 5.406005033211887 8.9175302956539149 -1.5241115657261441 24.577225917379064 14.865984444618228 56.7314083345006 2.1826554570259988 78.383013582675886 -18.576469441434764 18.521870046189054 38.624055323089806 27.518569784774339 -24.3124421452167 -15.010092246607734 52.325244814166062 -4.3589148740721226 38.901311683480337 58.67286370765229 7.1145955188238803 35.282119244384766 -2.361994419524224 29.332430566151938 -8.3629526537913801 -6.7918573273931235 -21.248395446076895 6.5327690537121832 -4.5021789999785637 0.018511674054593686 67.113380164052941 -30.358697731711647 35.279441498051526 -0.60057346175698667 -29.289017505231584 -16.02880821197591 -14.024407939081607 1.5888481186281194 -29.740256463489391 -15.634314535366968 64.360040668487542 50.371887306680492
leaf_weight=182 1860 539 298 1245 1291 527 752 597 39 143 287 81 558 2274 28 521 157 33 22 62 272 75 575 546 785 752 170 2038 93 137 200 162 215 65 23 811 22 1865 82 6745 47 458 426 253 20 44 32 873 92 21 89 135 841 78 47
leaf_count=182 1860 539 298 1245 1291 527 752 597 39 143 287 81 558 2274 28 521 157 33 22 62 272 75 575 546 785 752 170 2038 93 137 200 162 215 65 23 811 22 1865 82 6745 47 458 426 253 20 44 32 873 92 21 89 135 841 78 47
internal_value=0.012166 34.4427 -14.9915 22.7957 -0.252366 59.005 -21.5792 15.4467 10.0414 33.523 50.6786 8.96121 10.8496 -22.461 26.7139 -4.89225 31.4859 38.4665 70.8522 12.198 55.1849 -13.275 71.6563 -21.1901 13.3786 33.5594 18.6963 -26.5425 -0.275764 41.9055 0.268626 29.5257 50.309 -8.07103 65.1631 -3.69345 11.4146 -9.28435 -10.5079 -21.8586 -1.76937 -3.0368 2.98764 61.9703 -11.921 53.3158 -10.853 -30.3317 -19.0755 -3.85821 -2.462 -24.6767 -16.8176 76.9096 43.9901
internal_weight=30585 9282 21303 6299 6581 2983 14722 3741 2044 2558 1758 2005 1849 13634 834 4537 2324 479 1225 2907 1279 156 1203 10406 2645 1997 327 3228 1851 424 262 759 754 2686 550 904 55 2163 1088 9019 75 523 947 525 896 234 784 1055 112 192 171 2173 1387 653 91
internal_count=30585 9282 21303 6299 6581 2983 14722 3741 2044 2558 1758 2005 1849 13634 834 4537 2324 479 1225 2907 1279 156 1203 10406 2645 1997 327 3228 1851 424 262 759 754 2686 550 904 55 2163 1088 9019 75 523 947 525 896 234 784 1055 112 192 171 2173 1387 653 91
is_linear=0
shrinkage=0.05


Tree=6
num_leaves=60
num_cat=0
split_feature=4 5 5 4 4 5 5 4 5 1 4 5 11 1 4 1 4 0 0 1 1 4 1 5 0 1 5 5 4 1 4 5 11 11 5 4 4 10 1 11 5 1 0 1 1 9 1 1 0 4 4 0 5 4 0 7 1 1 0
split_gain=5.82381e+09 1.01336e+09 6.23713e+08 2.23966e+08 1.19322e+08 1.11583e+08 5.08986e+07 3.99904e+07 3.51523e+07 3.47291e+07 2.91324e+07 2.90108e+07 2.51e+07 2.14148e+07 2.11781e+07 1.99102e+07 1.95085e+07 1.79478e+07 1.56343e+07 1.43092e+07 1.16474e+07 1.14513e+07 1.11697e+07 1.00282e+07 9.49756e+06 9.42978e+06 9.38476e+06 9.26328e+06 9.24527e+06 8.88052e+06 8.03165e+06 7.67957e+06 7.07816e+06 6.79445e+06 6.4575e+06 6.25497e+06 6.24804e+06 5.8639e+06 4.58553e+06 4.32595e+06 4.84852e+06 4.05599e+06 3.79471e+06 2.96867e+06 2.96502e+06 2.67527e+06 2.39645e+06 2.34104e+06 2.07374e+06 2.0438e+06 1.89437e+06 1.6175e+06 1.44073e+06 1.3272e+06 1.12305e+06 849144 846885 736816 131648
threshold=1249.0823035081685 2111.7118711774119 598.93948057395687 1743.9111632769943 2626.1050338120644 1049.3359823433866 2019.4196213484609 520.53403998596036 1433.9411256865305 0.18311622431001986 2111.7118711774119 2626.1050338120644 1.0000000180025095e-35 0.17248759455961213 313.36243140441212 0.1969881678844059 815.98044770064791 0.46462162509319233 0.46354000387391053 0.1496473349357926 0.16623843604882318 2970.0870861186709 0.11343215125001936 2626.1050338120644 0.51143061044271121 0.087347966513776756 1329.1249317153095 862.78481538327071 661.82619661890294 0.096473026670176765 1444.143480146038 1821.205440764641 1.0000000180025095e-35 1.0000000180025095e-35 434.93715802315427 942.61101605018291 918.90674303651838 1.0000000180025095e-35 0.10592229655737891 1.0000000180025095e-35 897.8655247089365 0.11109711784659849 0.48949660057057454 0.11658082995994952 0.092407992926232821 0.81174490092936691 0.14551972909613339 0.15926292198568234 0.46247628993629081 158.91771680779286 461.99326373074319 0.28385721731658087 460.78847043214512 482.27197982789386 0.52187683351191683 1.0000000180025095e-35 0.17754724334573557 0.1199493963633096 0.24740662916795511
decision_type=2 2 2 2 2 2 2 2 2 2 2 2 2 2 2 2 2 2 2 2 2 2 2 2 2 2 2 2 2 2 2 2 2 2 2 2 2 2 2 2 2 2 2 2 2 2 2 2 2 2 2 2 2 2 2 2 2 2 2
left_child=2 3 7 8 11 16 12 14 22 10 33 15 13 -7 45 25 39 23 21 31 -19 41 30 -8 38 -3 55 -12 -14 -20 -2 -10 -21 -5 57 46 51 -24 -13 40 -4 -6 -28 -23 -37 49 -18 52 -17 -1 -36 58 -38 -41 -47 -11 -53 -16 -9
right_child=1 4 5 9 18 6 17 36 19 26 27 24 28 -15 34 48 35 20 29 32 -22 43 37 -25 -26 -27 42 -29 -30 -31 -32 -33 -34 -35 50 44 47 -39 -40 53 -42 -43 -44 -45 -46 54 -48 -49 -50 -51 -52 56 -54 -55 -56 -57 -58 -59 -60
leaf_value=-32.998529043931228 10.425487389274426 47.608080105517054 -11.235815371615548 30.715158277832245 64.781971493675599 7.8053845586654624 30.647492113234126 -6.1918354606628414 19.754614233637003 -16.506818533810701 23.889646078034453 62.224087605276509 -24.891616593298025 -7.184982840705004 -22.656180934736035 18.120676836084439 -5.4032833466620893 30.14824660407173 52.666224427094328 12.652056955304639 -10.213152379989623 75.407985548462818 8.0425135032386859 62.495548463301226 22.670417889404298 37.858717839209305 21.309062909410713 43.522622029840406 -2.474940433924397 13.436685205372896 18.486040950138168 29.101753893419609 -12.165567860603332 12.794992040532534 -21.387185909952017 1.5741479716579123 2.1362678546149558 -1.5200134788289361 49.15877724374176 -26.028953208923344 -4.0311570821325979 51.724597931755909 0.13058166231427876 63.117347059187551 -4.3082087988550493 -20.946854338394971 -11.748398982180646 -20.022164245952261 -2.8713013267517091 -27.432653115984568 -19.669410490702461 -14.976885563255777 -7.3118418642282483 -15.347291497444923 -27.571563774679795 -2.0371526466716419 -25.432623112996421 -25.068277761855569 -10.311827877680461
leaf_weight=310 1463 656 1531 1426 460 1716 77 50 977 20 74 332 89 275 2579 25 1386 34 72 317 34 540 466 42 23 509 112 765 94 20 397 300 30 59 3248 523 80 243 155 46 279 133 26 151 360 226 167 20 20 740 4497 1342 78 127 145 20 22 619 58
leaf_count=310 1463 656 1531 1426 460 1716 77 50 977 20 74 332 89 275 2579 25 1386 34 72 317 34 540 466 42 23 509 112 765 94 20 397 300 30 59 3248 523 80 243 155 46 279 133 26 151 360 226 167 20 20 740 4497 1342 78 127 145 20 22 619 58
internal_value=0.0139083 31.8063 -14.9574 20.8571 55.4547 -2.50657 6.26546 -20.9799 13.7821 32.6933 34.3247 46.5538 4.09773 5.72976 -21.9573 42.1601 -7.19404 31.1567 66.4972 19.5419 10.2523 67.9939 10.1287 42.7352 56.7725 43.4207 11.2495 41.8519 -13.5283 44.6055 12.1639 21.9926 10.449 30.0213 -21.2009 -4.1913 -13.6382 4.77003 58.2838 -10.8748 -10.1309 62.0371 17.3778 72.9121 -0.828406 -27.7438 -6.09983 -4.72367 9.06563 -29.1355 -20.3951 -14.7083 -2.56105 -18.4525 -23.67 -9.71363 -15.1825 -23.1384 -8.55173
internal_weight=30585 9791 20794 6695 3096 6780 2361 14014 4193 2502 2324 1720 2174 1991 12364 1210 4419 187 1376 1624 68 1284 2569 119 510 1165 178 839 183 92 1860 1277 347 1485 10943 2436 1650 709 487 1983 1810 593 138 691 883 1421 1553 178 45 1050 7745 1472 158 173 371 40 1364 3198 108
internal_count=30585 9791 20794 6695 3096 6780 2361 14014 4193 2502 2324 1720 2174 1991 12364 1210 4419 187 1376 1624 68 1284 2569 119 510 1165 178 839 183 92 1860 1277 347 1485 10943 2436 1650 709 487 1983 1810 593 138 691 883 1421 1553 178 45 1050 7745 1472 158 173 371 40 1364 3198 108
is_linear=0
shrinkage=0.05


Tree=7
num_leaves=57
num_cat=0
split_feature=4 5 5 4 4 5 5 5 4 1 4 1 4 5 4 4 5 1 0 8 4 1 1 1 1 4 9 1 5 5 4 1 4 1 1 5 5 12 0 0 1 1 0 0 1 1 0 0 7 5 4 0 1 1 0 0
split_gain=5.25874e+09 9.32219e+08 5.45243e+08 1.74169e+08 1.52559e+08 9.89527e+07 4.69113e+07 3.95935e+07 3.57975e+07 3.27883e+07 2.53148e+07 2.17373e+07 2.01952e+07 1.93902e+07 1.92407e+07 1.87932e+07 1.84878e+07 1.66516e+07 1.51145e+07 1.22744e+07 1.0597e+07 8.99428e+06 8.848e+06 8.13035e+06 8.00254e+06 7.96335e+06 9.21274e+06 7.24969e+06 6.13543e+06 5.70432e+06 5.41249e+06 5.33634e+06 5.08223e+06 4.89484e+06 4.8849e+06 4.49844e+06 4.36123e+06 4.02072e+06 3.85058e+06 3.77229e+06 3.69158e+06 3.37387e+06 2.64757e+06 2.56126e+06 2.55588e+06 2.09995e+06 2.08287e+06 1.45353e+06 1.42186e+06 1.39235e+06 1.14473e+06 946850 870586 783993 611747 119080
threshold=1234.7430767968854 1950.5840221573269 598.93948057395687 2626.1050338120644 1658.6664974867074 1222.0183875528421 2507.049509271968 2803.4179486041867 520.53403998596036 0.18311622431001986 918.90674303651838 0.13921441832033407 2084.4454757204603 1699.6209308463654 342.05290360586548 2131.9594740145162 1426.8210489660182 0.20768790288737579 0.46354000387391053 -0.60785761079279388 2970.0870861186709 0.1371351476273476 0.096473026670176765 0.18311622431001986 0.10819214303813932 634.69102500918314 0.81174490092936691 0.10592229655737891 1329.1249317153095 862.78481538327071 918.90674303651838 0.064680212236375725 1426.8210489660182 0.16623843604882318 0.1199493963633096 447.46087021963478 303.37034084237683 9.3995012500000019 0.5482539684466281 0.46354000387391053 0.067477736225598883 0.17016939900540015 0.50597469630126457 0.52523448816046336 0.12518859740352525 0.15926292198568234 0.48853673383090573 0.28385721731658087 -0.12940952255126034 460.78847043214512 478.45318210849354 0.5506732950278419 0.055233735923400369 0.17754724334573557 0.47698731950693635 0.24740662916795511
decision_type=2 2 2 2 2 2 2 2 2 2 2 2 2 2 2 2 2 2 2 2 2 2 2 2 2 2 2 2 2 2 2 2 2 2 2 2 2 2 2 2 2 2 2 2 2 2 2 2 2 2 2 2 2 2 2 2
left_child=2 4 8 6 16 10 15 11 14 12 25 13 31 -7 36 21 22 27 20 -13 40 -3 32 37 -20 26 -4 -8 48 -14 47 -6 -2 43 -27 54 52 -18 -17 -25 -5 -24 -30 -12 -22 49 -35 55 -11 -32 -37 -38 -1 -49 -16 -10
right_child=1 3 5 18 9 7 17 -9 30 28 33 19 29 -15 35 38 23 -19 24 -21 44 -23 41 39 -26 34 -28 -29 42 -31 45 -33 -34 46 -36 50 51 -39 -40 -41 -42 -43 -44 -45 -46 -47 -48 53 -50 -51 -52 -53 -54 -55 -56 -57
leaf_value=-25.694309418596539 9.8614543013784726 34.236691059979464 -15.578706975638026 64.085057239532475 30.202947134640603 7.885585935186886 56.344796862093361 57.430520771026615 -5.8941511102823112 -17.681375335346569 1.5357964695369668 -14.91545353844762 22.726597472492017 25.526852327170172 -20.602173560139974 44.361047485097025 16.221123624159937 10.246981540256076 49.42227305545083 2.9940306395795542 71.347558807693176 22.140343138424402 6.728613653766164 9.8419057849402094 12.468078044111078 -5.5605635188050417 -5.0939568264046811 44.07584904503404 15.921690823590314 38.586250729910198 2.0320596810666527 23.670361613163806 16.761787879892516 -5.3299660028325455 -10.541801959062234 -19.723258650080822 -22.480633854319457 23.68378806132004 20.691143063354492 -8.7220533284162851 54.0057498595529 -0.89455146018664056 -2.5589823387145998 -3.8870647605947961 59.67698230448223 -19.11206599669023 -18.913707475429629 -14.229155619971102 -0.38004224709102091 -7.3166806896680443 -18.201006335203427 -26.883515274612989 -30.01002166016897 -24.266961205800374 -22.230821250474161 -9.8134228351910906
leaf_weight=348 1190 843 644 302 567 866 504 38 50 20 1074 126 74 189 1873 545 938 25 77 377 570 207 774 91 20 1966 314 226 106 602 80 874 351 99 661 4153 1010 239 23 37 332 178 23 271 145 20 39 1342 26 76 2475 214 478 22 1813 58
leaf_count=348 1190 843 644 302 567 866 504 38 50 20 1074 126 74 189 1873 545 938 25 77 377 570 207 774 91 20 1966 314 226 106 602 80 874 351 99 661 4153 1010 239 23 37 332 178 23 271 145 20 39 1342 26 76 2475 214 478 22 1813 58
internal_value=0.0147966 29.9598 -14.3379 49.3217 17.8058 -2.56305 40.9164 8.2873 -19.9367 27.9904 -5.98193 7.01659 29.7093 11.0883 -20.861 36.0124 11.6481 51.3031 63.0399 -1.53354 64.4731 31.8986 9.11108 16.4734 42.2087 -8.25368 -12.1599 52.6773 7.0956 36.9223 -12.9856 26.2791 11.4529 -0.486495 -6.821 -19.9701 -25.3192 17.7741 43.4786 4.42409 58.9934 5.30438 12.6379 0.439008 69.1539 -4.63223 -9.38424 -13.9767 -8.32576 -2.55739 -19.1605 -23.293 -28.2582 -14.4264 -21.4149 -8.13915
internal_weight=30585 9909 20676 3819 6090 6664 2373 1596 14012 2292 5068 1558 2117 1055 12364 1618 3798 755 1446 503 1349 1050 2493 1305 97 3585 958 730 175 676 1648 1441 1541 1483 2627 10314 2050 1177 568 128 634 952 129 1345 715 176 138 1472 46 156 6628 1224 826 1364 3686 108
internal_count=30585 9909 20676 3819 6090 6664 2373 1596 14012 2292 5068 1558 2117 1055 12364 1618 3798 755 1446 503 1349 1050 2493 1305 97 3585 958 730 175 676 1648 1441 1541 1483 2627 10314 2050 1177 568 128 634 952 129 1345 715 176 138 1472 46 156 6628 1224 826 1364 3686 108
is_linear=0
shrinkage=0.05


Tree=8
num_leaves=61
num_cat=0
split_feature=4 5 5 4 5 4 4 5 4 11 5 4 0 4 5 5 5 3 5 0 4 0 7 4 0 5 0 8 11 5 3 3 8 11 0 7 0 7 4 5 4 5 0 7 0 4 4 3 0 4 8 8 8 2 8 0 5 8 7 0
split_gain=4.75153e+09 7.37274e+08 6.23218e+08 1.20459e+08 1.15937e+08 7.73283e+07 6.08728e+07 4.8755e+07 3.4432e+07 2.58491e+07 2.44143e+07 2.02196e+07 1.98754e+07 1.87e+07 1.86809e+07 1.44145e+07 1.23729e+07 1.21163e+07 1.1139e+07 1.01719e+07 9.87791e+06 9.08321e+06 8.89953e+06 8.60652e+06 7.39828e+06 6.48713e+06 5.69008e+06 5.44522e+06 5.33754e+06 6.68458e+06 5.23432e+06 4.9857e+06 4.70166e+06 4.92431e+06 4.1803e+06 3.83142e+06 3.79704e+06 3.63176e+06 3.54479e+06 3.2846e+06 3.0127e+06 2.67039e+06 2.61994e+06 2.5244e+06 2.53086e+06 2.02911e+06 1.96467e+06 1.89073e+06 1.58266e+06 1.57302e+06 1.4187e+06 1.28496e+06 1.12984e+06 1.00822e+06 978983 958056 693575 440048 286847 59677.7
threshold=1386.0171818619581 691.30499012125676 2148.5964702371089 1786.1298771869133 1222.0183875528421 2863.635411009132 553.2163897711697 2019.4196213484609 942.61101605018291 1.0000000180025095e-35 2626.1050338120644 2536.291659429196 0.45257025101786091 394.15101217318721 1603.25204566808 1720.0260074008504 1720.0260074008504 -0.20500000000001248 2626.1050338120644 0.41489674452495579 925.80624981146082 0.41489674452495579 -0.60355339059327384 2199.3054585573159 0.47344484209981913 331.65594811364673 0.50247997818105761 -0.60785761079279388 1.0000000180025095e-35 910.35760903550988 70.000000000000028 -883.02499999999998 -0.60785761079279388 1.0000000180025095e-35 0.45257025101786091 -0.37940952255126009 0.36166588655092174 -0.70710678118654757 483.95868478282063 3005.0980100075335 701.08182440814699 1821.205440764641 0.50703107733017883 1.0000000180025095e-35 0.44180263208968468 737.99007240261528 1194.9540858527089 146.99499999999992 0.40095569295277217 3050.8705243132035 -0.60785761079279388 -1.0000000180025095e-35 -1.0000000180025095e-35 0.060841725232787365 -0.60785761079279388 0.5506732950278419 527.72862677927287 -1.0000000180025095e-35 -0.9159756150367534 0.39143489115804614
decision_type=2 2 2 2 2 2 2 2 2 2 2 2 2 2 2 2 2 2 2 2 2 2 2 2 2 2 2 2 2 2 2 2 2 2 2 2 2 2 2 2 2 2 2 2 2 2 2 2 2 2 2 2 2 2 2 2 2 2 2 2
left_child=1 6 3 14 8 10 13 9 28 15 23 16 18 25 32 -6 27 -11 -9 58 45 39 -21 42 37 53 -18 -5 29 -3 -14 -23 35 -34 -25 -2 51 59 48 -12 -30 50 -4 44 -22 57 -38 -45 -15 -39 -16 -10 -43 -1 -47 -27 -40 -8 -13 -7
right_child=2 4 5 11 7 24 20 12 36 17 21 19 30 38 41 -17 26 -19 -20 22 43 31 -24 34 -26 55 -28 -29 40 -31 -32 -33 33 -35 -36 -37 46 49 56 -41 -42 52 -44 47 -46 54 -48 -49 -50 -51 -52 -53 -54 -55 -56 -57 -58 -59 -60 -61
leaf_value=-30.303483964671258 4.3616681824095798 -7.7741116579001499 36.654900152057621 18.895684486154973 7.138061512905657 57.080562947718946 -14.532132031822606 30.334543738794327 2.3775245695735547 -25.552725704836561 53.07361080134681 41.782038300343054 1.3799770049695619 -18.183354923332882 13.944520784570972 21.394281590075067 33.261207365695547 1.2759119120959579 60.001783882834687 14.814988514089585 -0.28920009449594897 18.240726185674252 40.706590323343761 47.927843574994881 33.561549095153815 -20.822726371487924 22.251999009251595 27.323485228966877 -20.832660522460941 -2.4507530336623846 23.562816727724947 46.152937975916373 15.042221462265893 -4.5570080759244815 37.548225749111175 12.397634625021041 -0.91991832264031936 60.8831078482417 -17.154221502898388 65.056356944141768 -7.9849960717002109 20.791323436179205 24.337777968696926 -1.8411644753076697 -11.868946879059077 -11.844611823226131 3.3185746083784817 9.8038266181094311 -19.814978815883435 69.125269290391586 20.573600329457918 7.7088602426708155 27.149283147413566 -25.272249303198429 -7.8916572424699369 -24.681613880780588 -14.120377557434063 -12.100137608234698 56.80138734741211 39.580174467667291
leaf_weight=182 246 2176 421 336 2040 197 475 98 186 81 325 37 52 3104 129 193 1149 85 53 48 93 21 135 403 28 1897 150 539 101 812 53 230 1328 32 198 384 844 319 2125 147 89 165 67 91 94 299 402 54 4063 435 371 296 247 925 381 249 281 505 98 21
leaf_count=182 246 2176 421 336 2040 197 475 98 186 81 325 37 52 3104 129 193 1149 85 53 48 93 21 135 403 28 1897 150 539 101 812 53 230 1328 32 198 384 844 319 2125 147 89 165 67 91 94 299 402 54 4063 435 371 296 247 925 381 249 281 505 98 21
internal_value=0.0156203 -11.9183 32.5562 22.5933 0.786635 51.6374 -18.4003 9.19909 -3.76786 6.97124 45.3585 30.6584 29.8606 -19.664 15.6513 8.38828 28.8762 -11.9635 41.3958 42.585 -10.2525 52.6559 34.149 40.426 62.9017 -22.9618 32.0261 24.1377 -6.85514 -6.33008 12.8082 43.9803 12.9108 14.575 44.6442 9.28352 1.91137 63.6762 -18.5387 57.0643 -14.9604 21.5897 35.0701 -2.36261 -6.17406 -11.8257 0.45068 2.56994 -19.1136 65.8085 18.9257 5.66988 24.7158 -26.1526 -9.65944 -21.293 -16.8119 -13.3061 53.3551 55.7699
internal_weight=30585 22379 8206 5394 7561 2812 14818 2655 4906 2399 1812 2492 256 12826 2902 2233 2174 166 151 318 1992 723 183 1089 1000 3253 1299 875 3178 2988 105 251 1990 1360 601 630 1728 972 9573 472 190 912 488 332 187 1660 1246 145 7167 754 500 482 412 1107 680 2146 2406 980 135 218
internal_count=30585 22379 8206 5394 7561 2812 14818 2655 4906 2399 1812 2492 256 12826 2902 2233 2174 166 151 318 1992 723 183 1089 1000 3253 1299 875 3178 2988 105 251 1990 1360 601 630 1728 972 9573 472 190 912 488 332 187 1660 1246 145 7167 754 500 482 412 1107 680 2146 2406 980 135 218
is_linear=0
shrinkage=0.05


Tree=9
num_leaves=60
num_cat=0
split_feature=5 5 5 5 5 5 11 3 0 5 11 5 0 3 12 0 13 0 3 5 5 12 3 3 5 0 0 12 3 5 5 0 12 3 12 13 5 8 0 5 12 0 3 0 0 3 6 7 0 7 0 3 12 7 12 6 12 11 0
split_gain=4.20566e+09 7.13836e+08 4.68239e+08 1.21104e+08 9.43215e+07 5.87357e+07 4.7254e+07 3.38005e+07 2.38064e+07 1.82494e+07 1.72664e+07 1.94929e+07 1.69964e+07 1.54014e+07 1.35833e+07 1.12341e+07 1.03631e+07 9.51926e+06 8.35922e+06 8.1241e+06 7.7083e+06 6.73998e+06 6.10194e+06 5.82094e+06 5.78102e+06 5.24389e+06 4.65348e+06 4.60253e+06 4.44688e+06 3.85004e+06 3.59079e+06 3.54362e+06 1.00585e+07 4.65164e+06 4.13422e+06 3.43186e+06 3.39717e+06 3.38429e+06 2.9689e+06 2.89894e+06 2.80521e+06 2.38596e+06 2.27914e+06 2.24591e+06 2.15291e+06 3.44749e+06 1.90836e+06 1.84323e+06 1.76531e+06 1.66805e+06 948516 915738 915243 908952 895985 736954 681848 642702 266995
threshold=1274.0841273047001 2131.9594740145162 598.93948057395687 1720.0260074008504 2803.4179486041867 910.35760903550988 1.0000000180025095e-35 195.01000000000013 0.47225895453051486 485.82235160073066 1.0000000180025095e-35 1468.1825736499293 0.43851238162301731 -1.0000000180025095e-35 7.3371658000000011 0.55822821171919923 7.2370515000000006 0.49779230629752375 -0.20500000000001248 3005.0980100075335 2507.049509271968 3.6602760000000005 170.01000000000013 -1227.9999999999998 28.63519445162547 0.49895931004234334 0.5482539684466281 1.6046511000000001 -377.50000000000006 527.72862677927287 303.37034084237683 0.47344484209981913 6.6955535500000005 311.07500000000005 4.9261810000000006 17.059300000000004 1928.6294953818244 1.0000000180025095e-35 0.52523448816046336 667.49923971526641 2.3701611000000002 0.42532920336836244 769.50000000000011 0.49895931004234334 0.32282731069456455 80.00500000000001 0.91597561503675362 1.0000000180025095e-35 0.49423599251258937 -0.78656609248549325 0.25880779614075572 -101.935 4.0661285000000005 -0.37940952255126009 9.4532530000000019 -1.0000000180025095e-35 8.8613665000000008 1.0000000180025095e-35 0.49293740851946261
decision_type=2 2 2 2 2 2 2 2 2 2 2 2 2 2 2 2 2 2 2 2 2 2 2 2 2 2 2 2 2 2 2 2 2 2 2 2 2 2 2 2 2 2 2 2 2 2 2 2 2 2 2 2 2 2 2 2 2 2 2
left_child=2 3 7 10 8 14 16 9 20 17 11 28 19 58 22 21 36 24 53 49 27 48 40 -10 -1 -13 -25 -3 -2 50 -19 33 34 54 -33 -18 -5 -20 -23 -24 -4 -15 -35 55 56 -46 -34 -17 -7 -6 -11 -22 -49 -12 -9 -14 -16 -31 -8
right_child=1 4 5 6 12 15 13 31 23 29 18 25 43 41 44 47 35 30 37 -21 51 38 39 26 -26 -27 -28 -29 -30 57 -32 32 46 42 -36 -37 -38 -39 -40 -41 -42 -43 -44 -45 45 -47 -48 52 -50 -51 -52 -53 -54 -55 -56 -57 -58 -59 -60
leaf_value=-1.9915598597769013 3.4130462136370312 24.53421112208531 2.9077217265743536 30.336836900323249 47.614494585805126 7.2609761231453094 -17.258637524414063 -10.758914040821354 6.8296486527125042 -5.8997092825571702 -26.059286033085414 18.98319309484361 36.001030271333811 19.077457209500402 -1.0230623900095623 -19.942006657699061 26.63084719923939 -24.000527343485672 11.235127485411509 64.623488597648404 40.112006046169405 3.3519050343090786 15.169297925686017 33.249462179873497 -18.047253840724697 11.029273676487117 16.963986645062768 40.999993625277526 11.116063960678453 -11.260875863420015 -20.071331865760314 -3.7841834277732702 -19.70021362637932 16.151708252759221 17.335537822191107 15.138586896896363 37.454513646881018 -7.0424314986467351 -2.2849511885463065 2.423863577103615 -4.5940610705018807 3.0414430318238601 -2.8916500850699167 26.987432141023529 -10.680233384933372 -4.8401245663716246 -2.3347313053770504 3.1598246860504151 14.880562576363596 57.435961266734125 -15.730051508721756 49.666792073562164 -7.5205638623671822 -11.418633840594973 1.9765593667463823 49.387907379813811 -6.6294411782786939 -18.267312791824342 -29.237702847290041
leaf_weight=57 209 56 147 539 152 651 23 39 28 28 26 1314 49 42 58 27 1242 918 68 617 89 2002 56 341 7834 258 58 832 2013 849 2102 49 86 63 41 78 344 38 263 198 775 51 20 32 1084 336 20 22 87 324 2089 456 149 26 20 90 1059 38 23
leaf_count=57 209 56 147 539 152 651 23 39 28 28 26 1314 49 42 58 27 1242 918 68 617 89 2002 56 341 7834 258 58 832 2013 849 2102 49 86 63 41 78 344 38 263 198 775 51 20 32 1084 336 20 22 87 324 2089 456 149 26 20 90 1059 38 23
internal_value=0.0175426 27.8101 -12.3499 18.1025 47.3442 -1.67181 27.1116 -17.5288 40.0869 -17.9082 12.7526 13.4269 57.9432 -1.14751 -5.9493 3.29048 28.894 -18.8625 -3.40391 60.3276 43.2157 4.05241 -1.50401 29.4343 -17.9318 17.6935 30.9786 40.0191 10.3952 -14.4319 -21.2808 -1.89394 -6.22502 4.08756 6.00467 25.9757 33.1881 4.67367 2.69594 5.33046 -3.3943 10.5327 11.6028 42.1811 -8.00706 -9.3071 -16.5277 -8.19044 8.19702 54.5121 -15.6057 48.2588 -6.12581 -19.4331 -6.51846 45.2464 -6.34068 -11.6015 -24.2169
internal_weight=30585 9418 21167 6294 3124 6914 2342 14253 1860 13915 3952 3794 1264 139 3713 3201 2203 10911 158 1093 1433 3003 1176 427 7891 1572 399 888 2222 3004 3020 338 196 142 90 1320 883 106 2265 254 922 93 83 171 2537 1420 106 198 738 476 2117 545 171 52 59 139 1117 887 46
internal_count=30585 9418 21167 6294 3124 6914 2342 14253 1860 13915 3952 3794 1264 139 3713 3201 2203 10911 158 1093 1433 3003 1176 427 7891 1572 399 888 2222 3004 3020 338 196 142 90 1320 883 106 2265 254 922 93 83 171 2537 1420 106 198 738 476 2117 545 171 52 59 139 1117 887 46
is_linear=0
shrinkage=0.05


Tree=10
num_leaves=58
num_cat=0
split_feature=4 5 5 5 4 4 4 5 4 1 1 1 5 4 5 4 5 1 4 1 0 6 1 3 1 1 6 5 3 1 0 4 5 8 0 4 12 0 0 8 4 7 7 12 0 1 12 7 4 3 5 5 5 4 8 0 6
split_gain=3.91235e+09 6.55571e+08 4.48901e+08 1.0376e+08 9.47933e+07 5.44068e+07 5.22664e+07 4.05652e+07 3.13565e+07 2.81916e+07 2.6533e+07 1.98749e+07 1.90778e+07 1.79968e+07 1.78552e+07 1.64488e+07 1.25502e+07 1.2204e+07 9.88743e+06 9.21379e+06 9.83567e+06 7.5099e+06 7.42201e+06 7.1496e+06 6.31707e+06 5.65998e+06 5.6141e+06 5.55521e+06 5.51392e+06 5.24448e+06 5.06452e+06 4.78525e+06 4.75573e+06 4.60428e+06 3.70643e+06 3.44914e+06 3.4129e+06 3.20623e+06 3.1191e+06 2.53745e+06 2.28018e+06 2.16651e+06 2.10686e+06 1.99624e+06 1.82629e+06 1.73022e+06 1.7219e+06 1.64264e+06 1.54194e+06 1.49159e+06 1.43543e+06 1.25756e+06 855540 829026 670038 263530 200623
threshold=1420.263053060253 691.30499012125676 2231.5016179326008 1222.0183875528421 1873.4163097475914 2762.2196417614418 553.2163897711697 2803.4179486041867 942.61101605018291 0.1969881678844059 0.22920403930075578 0.1969881678844059 2019.4196213484609 2536.291659429196 1743.9111632769943 313.36243140441212 2700.8174739057463 0.17475777883368729 981.74367409555771 0.11573843638251087 0.43091317154648795 -0.70710678118654735 0.09181202052367933 178.04999999999998 0.083507438368042142 0.084721040309403542 -0.25881904510252113 455.58330455196477 170.01000000000013 0.14161696835341123 0.508465142281599 3005.0980100075335 910.35760903550988 -0.60785761079279388 0.34910156541691056 737.99007240261528 3.5113512000000004 0.36369985488925355 0.41489674452495579 -0.60785761079279388 786.15894839621672 0.1294095225512602 1.0000000180025095e-35 15.288784250000001 0.41395719680044479 0.15364126980085169 9.3995012500000019 -0.70710678118654757 495.56363518784519 199.00000000000009 446.1872835029489 360.18953770431773 3050.8705243132035 158.91771680779286 -1.0000000180025095e-35 0.41577432758218852 -0.78656609248549292
decision_type=2 2 2 2 2 2 2 2 2 2 2 2 2 2 2 2 2 2 2 2 2 2 2 2 2 2 2 2 2 2 2 2 2 2 2 2 2 2 2 2 2 2 2 2 2 2 2 2 2 2 2 2 2 2 2 2 2
left_child=1 6 4 8 14 11 15 10 22 13 12 16 -5 33 17 39 25 23 40 31 47 -13 32 -2 37 -4 -15 51 -12 43 41 55 -3 -6 -19 -24 -26 -10 -18 53 54 -11 44 -16 -20 -42 -31 -21 -29 -44 -41 -17 -9 -1 -8 -7 -33
right_child=2 3 5 7 9 19 18 52 24 30 28 21 -14 26 29 27 38 34 42 20 -22 -23 35 -25 36 -27 -28 48 -30 46 -32 56 -34 -35 -36 -37 -38 -39 -40 50 45 -43 49 -45 -46 -47 -48 -49 -50 -51 -52 -53 -54 -55 -56 -57 -58
leaf_value=-30.532651238874951 13.395955111062925 -5.8240484983931688 42.037605791642463 7.3466232712360613 25.05925424222141 55.571163349543156 -13.098816152053619 38.581382521925306 9.370567052830225 -1.4811702945709229 -31.223972545464836 30.673703104654948 23.798649076217064 49.980774636893443 23.709061400376253 -19.672751738473053 52.344883511087488 13.113565294742585 4.1116888853549955 37.31177072953205 15.463176445279803 -2.6660436635547216 -12.521078679785285 20.757659109887115 4.0420757040095658 33.000875112573766 35.779737284978232 -16.520931213483575 -5.0095831298828131 8.549874441653122 -14.856776270707449 66.491792590380669 -0.17968678555440631 31.00284563435833 -1.0389690061126438 -7.192769505259033 -3.2406259855505271 2.9081942423831775 41.95032168199787 -22.526653000489816 -7.1401006477782802 18.043897617393068 0.42444580669134435 40.718569197221242 -7.4669991713160773 -18.323267703809236 18.79111916353207 52.800393092977174 -14.419317726309709 12.138250226338705 -17.647636620921471 -17.796908814155387 61.322125311957478 -24.279544184366863 -10.49052128042694 46.572108003190422 58.025650484277577
leaf_weight=130 1409 1321 535 2721 547 339 552 27 259 23 46 31 187 143 689 1570 338 62 48 47 26 34 483 443 217 342 214 5082 36 79 28 249 520 1170 166 854 605 738 175 796 556 34 69 20 107 36 99 157 1228 43 246 3506 25 268 593 101 216
leaf_count=130 1409 1321 535 2721 547 339 552 27 259 23 46 31 187 143 689 1570 338 62 48 47 26 34 483 443 217 342 214 5082 36 79 28 249 520 1170 166 854 605 738 175 796 556 34 69 20 107 36 99 157 1228 43 246 3506 25 268 593 101 216
internal_value=0.0181799 -10.3694 30.8002 1.12864 22.213 47.7652 -16.6016 8.40613 -3.30322 30.1876 7.62489 41.2253 8.42021 31.3432 16.3937 -17.7755 42.4921 13.8346 -9.07828 56.0618 45.9333 13.6754 -6.29835 15.1774 1.93078 38.5967 41.7149 -17.1308 -20.1086 22.3501 1.91768 58.5289 -4.2317 29.1407 2.89007 -9.13349 -1.31291 4.60239 48.9757 -22.8424 -10.4538 10.3821 -0.11876 24.3021 -3.87461 -7.87957 14.3914 49.6289 -16.1166 5.05581 -21.4108 -18.3846 51.3808 -26.4645 -11.7686 53.7256 62.8245
internal_weight=30585 22869 7716 8039 5126 2590 14830 3042 4997 2159 2990 1455 2908 2074 2967 12826 1390 2080 2004 1135 230 65 3178 1852 1819 877 357 11386 82 887 85 905 1841 1717 228 1337 822 997 513 1440 1737 57 267 709 155 592 178 204 6310 112 1042 5076 52 398 1145 440 465
internal_count=30585 22869 7716 8039 5126 2590 14830 3042 4997 2159 2990 1455 2908 2074 2967 12826 1390 2080 2004 1135 230 65 3178 1852 1819 877 357 11386 82 887 85 905 1841 1717 228 1337 822 997 513 1440 1737 57 267 709 155 592 178 204 6310 112 1042 5076 52 398 1145 440 465
is_linear=0
shrinkage=0.05


Tree=11
num_leaves=60
num_cat=0
split_feature=4 5 5 4 4 5 5 5 1 4 11 1 4 4 4 1 0 4 5 0 1 1 1 1 1 4 4 9 1 4 4 4 5 4 11 12 9 4 11 5 1 10 0 1 1 7 12 9 1 1 7 4 4 4 5 1 4 7 5
split_gain=3.5361e+09 6.1746e+08 3.54453e+08 1.19851e+08 1.05977e+08 6.31743e+07 3.13847e+07 3.12734e+07 2.45971e+07 2.41152e+07 1.86646e+07 1.81748e+07 1.48488e+07 1.40398e+07 1.3242e+07 1.31963e+07 1.29989e+07 1.2708e+07 1.2555e+07 1.05976e+07 1.38886e+07 9.15362e+06 8.09904e+06 7.73347e+06 7.6502e+06 7.64732e+06 6.79764e+06 6.72413e+06 6.64847e+06 5.77799e+06 4.88361e+06 4.83628e+06 4.4078e+06 4.37456e+06 4.30789e+06 4.198e+06 4.15669e+06 4.38392e+06 4.12106e+06 4.06516e+06 3.90471e+06 3.80167e+06 3.11537e+06 2.97402e+06 2.77304e+06 2.4203e+06 2.26771e+06 2.23404e+06 2.1376e+06 1.93037e+06 1.59776e+06 1.34081e+06 1.28837e+06 1.09588e+06 944392 618712 530517 688854 296826
threshold=1234.7430767968854 1950.5840221573269 598.93948057395687 2626.1050338120644 1679.8958772287044 1049.3359823433866 2019.4196213484609 2507.049509271968 0.18311622431001986 503.47563956699781 1.0000000180025095e-35 0.17248759455961213 2111.7118711774119 2131.9594740145162 304.3907199453833 0.20768790288737579 0.46462162509319233 737.99007240261528 1426.8210489660182 0.43968005264420923 0.13921441832033407 0.16623843604882318 0.11031881853119817 0.08601658294058849 0.18311622431001986 661.82619661890294 2970.0870861186709 0.81174490092936691 0.10592229655737891 2396.8939039273037 1543.9451096952896 786.15894839621672 842.7091398844309 918.90674303651838 1.0000000180025095e-35 10.065666500000001 0.81174490092936691 547.93299399663113 1.0000000180025095e-35 411.72910758392931 0.22920403930075578 1.0000000180025095e-35 0.5482539684466281 0.067477736225598883 0.09836575911155164 1.0000000180025095e-35 6.3173413000000007 0.81174490092936691 0.12164037820727351 0.15926292198568234 -0.70710678118654757 158.91771680779286 454.72274095215397 28.63519445162547 483.81450197878814 0.057872501007512171 634.69102500918314 1.0000000180025095e-35 245.39854935753308
decision_type=2 2 2 2 2 2 2 2 2 2 2 2 2 2 2 2 2 2 2 2 2 2 2 2 2 2 2 2 2 2 2 2 2 2 2 2 2 2 2 2 2 2 2 2 2 2 2 2 2 2 2 2 2 2 2 2 2 2 2
left_child=2 4 9 7 18 17 10 13 12 14 11 -7 38 23 47 28 27 36 22 26 -21 -18 30 -3 35 -12 43 -8 -9 40 -2 56 -14 48 -26 -20 37 -4 -6 55 -10 -24 -15 -5 -35 -38 54 51 -19 -48 -28 -1 -41 -49 -33 -16 58 -58 -11
right_child=1 3 5 19 8 6 16 15 29 31 25 -13 32 42 39 -17 21 33 24 20 -22 -23 41 -25 34 -27 50 -29 -30 -31 -32 46 -34 44 -36 -37 45 -39 -40 52 -42 -43 -44 -45 -46 -47 49 53 -50 -51 -52 -53 -54 -55 -56 -57 57 -59 -60
leaf_value=-26.319486153186894 8.6013559890384297 30.226878893252316 -16.342683122113485 53.379847473896739 22.479271587187277 6.1913817228658825 8.671229611206055 46.477647056801054 12.184267754948831 -6.452332032521567 -22.77654807369133 -7.793343736131253 18.847566171264649 36.578197164195551 -17.330390071664436 5.632141742706299 24.265766610281812 -4.4644101581030995 13.406391951337341 44.865987410319633 4.5473784142511873 -11.702400661044651 5.8224963023589886 21.371011115772802 6.1413216843039304 -2.332549325240286 49.278294418794133 39.611521953174048 35.1073734252913 -18.032221265435219 17.682109943757577 5.9270467599048171 32.841381166174379 0.53759328455411215 -17.524376563196597 21.225782084552922 -2.5778321418914096 -9.1351458771873979 7.0448326484524477 -16.880753185196522 -9.3279937421358543 -1.5776099276858748 15.779181567955016 44.261055027517948 -4.7907509670514141 -11.948284083115428 -7.5635710171532509 -23.515071117958328 -8.3908072202501032 -23.015064938285136 59.164283001060852 -21.724286928979041 -15.44445836676055 -16.3852594966182 -4.7496140632331381 -19.146482890193958 -12.949312378032642 -8.1871314428817676 -13.243090861534339
leaf_weight=310 1580 521 319 282 1359 1635 23 504 119 22 89 269 73 545 1304 25 33 1556 1014 167 25 34 508 529 116 93 133 96 226 22 164 41 566 679 21 215 257 659 47 2820 24 262 23 301 379 93 382 87 450 20 538 640 5033 268 38 1380 174 166 1327
leaf_count=310 1580 521 319 282 1359 1635 23 504 119 22 89 269 73 545 1304 25 33 1556 1014 167 25 34 508 529 116 93 133 96 226 22 164 41 566 679 21 215 257 659 47 2820 24 262 23 301 379 93 382 87 450 20 538 640 5033 268 38 1380 174 166 1327
internal_value=0.019527 24.5748 -11.7499 40.3327 14.6832 -2.25603 4.51001 33.3616 23.4204 -16.2641 2.74378 4.20949 24.9179 29.3577 -17.1538 41.8418 24.0784 -5.75659 9.69708 51.7109 39.7172 6.20305 7.58965 25.8143 13.5589 -12.4688 53.4811 33.8737 43.0631 4.78434 9.47456 -11.3975 31.3065 -3.98153 2.31374 14.8066 -9.83992 -11.5146 21.9741 -16.557 8.49492 3.30697 35.7943 48.8393 -1.37658 -5.12145 -6.92727 -21.94 -5.35269 -8.44244 57.357 -23.2759 -15.9644 -18.2545 0.800907 -18.2777 -12.6608 -10.6857 -13.1421
internal_weight=30585 9909 20676 3819 6090 6664 2272 2373 2210 14012 2086 1904 2045 1618 11842 755 186 4392 3880 1446 192 67 2514 1050 1366 182 1254 119 730 165 1744 2170 639 3064 137 1229 1328 978 1406 10537 143 770 568 583 1058 350 481 1305 2006 402 671 950 7853 355 79 2684 1689 340 1349
internal_count=30585 9909 20676 3819 6090 6664 2272 2373 2210 14012 2086 1904 2045 1618 11842 755 186 4392 3880 1446 192 67 2514 1050 1366 182 1254 119 730 165 1744 2170 639 3064 137 1229 1328 978 1406 10537 143 770 568 583 1058 350 481 1305 2006 402 671 950 7853 355 79 2684 1689 340 1349
is_linear=0
shrinkage=0.05


Tree=12
num_leaves=57
num_cat=0
split_feature=4 5 5 4 5 4 4 5 1 4 11 1 4 1 4 1 4 0 1 0 4 1 5 0 1 2 1 0 1 11 8 5 4 4 12 2 11 5 12 2 1 8 4 0 5 12 1 1 5 5 2 12 4 8 1 6
split_gain=3.19309e+09 4.83188e+08 4.11439e+08 9.5073e+07 7.61424e+07 4.42896e+07 4.10038e+07 3.41719e+07 2.47486e+07 2.33201e+07 2.27068e+07 2.46475e+07 1.95663e+07 1.66598e+07 1.29322e+07 1.221e+07 1.37181e+07 9.73656e+06 8.15054e+06 8.12518e+06 7.97106e+06 7.68736e+06 7.63604e+06 7.02792e+06 6.3691e+06 5.74427e+06 5.37594e+06 5.26045e+06 4.93008e+06 4.75858e+06 4.34991e+06 4.13463e+06 4.08613e+06 4.06804e+06 3.81179e+06 3.5787e+06 3.53172e+06 3.12723e+06 2.94677e+06 2.87725e+06 2.37477e+06 2.24499e+06 2.00468e+06 1.95575e+06 1.52078e+06 1.51201e+06 1.28762e+06 961905 902548 891693 889970 791463 784685 444104 354160 246579
threshold=1386.0171818619581 691.30499012125676 2231.5016179326008 1786.1298771869133 1222.0183875528421 2762.2196417614418 520.53403998596036 2803.4179486041867 0.1969881678844059 942.61101605018291 1.0000000180025095e-35 0.22920403930075578 2148.5964702371089 0.19305214367951343 313.36243140441212 0.14429117344799927 1543.9451096952896 0.4711049549032259 0.11573843638251087 0.43091317154648795 918.90674303651838 0.061552621303690887 3005.0980100075335 0.45707478635649396 0.080540969049177027 0.62611208124974138 0.10819214303813932 0.50597469630126457 0.14297706999227716 1.0000000180025095e-35 -0.60785761079279388 897.8655247089365 446.1872835029489 3005.0980100075335 2.5061687000000004 0.44502981235751443 1.0000000180025095e-35 1821.205440764641 3.6152036000000005 1.0660977007725549 0.18946953262365177 -0.60785761079279388 718.13339971377411 0.43207679195481974 1543.9451096952896 6.5619832500000008 0.080540969049177027 0.11573843638251087 466.01567936709688 3050.8705243132035 0.60005309991678535 4.9261810000000006 2148.5964702371089 -1.0000000180025095e-35 0.050905046000759353 -0.78656609248549292
decision_type=2 2 2 2 2 2 2 2 2 2 2 2 2 2 2 2 2 2 2 2 2 2 2 2 2 2 2 2 2 2 2 2 2 2 2 2 2 2 2 2 2 2 2 2 2 2 2 2 2 2 2 2 2 2 2 2
left_child=1 6 3 15 9 13 14 10 12 24 11 -6 29 17 41 16 44 22 33 -20 42 -14 -4 52 31 -12 -19 43 38 -5 34 -3 47 54 -17 -26 -32 -18 -11 -30 45 51 53 -10 -2 -22 -43 -16 -34 -9 -44 -1 -15 -8 -7 -35
right_child=2 4 5 8 7 18 20 49 27 28 25 -13 21 23 32 30 37 26 19 -21 40 -23 -24 -25 35 -27 -28 -29 39 -31 36 -33 48 55 -36 -37 -38 -39 -40 -41 -42 46 50 -45 -46 -47 -48 -49 -50 -51 -52 -53 -54 -55 -56 -57
leaf_value=-18.994809749369718 10.102465031974877 -5.1259938727319243 39.229015730782052 24.103202223238942 8.7344843870145841 51.761823366911521 -12.399559367320578 35.093733393570481 20.05605041667819 6.8177474577071067 -19.78964345544577 -18.85724344503312 39.010706744054609 16.374389674949647 -16.43089438946491 11.946578436437642 16.802863979791233 33.699518681319255 44.566409820815892 13.571254970175879 3.2265738153808261 29.041602132349233 53.500415612182614 -4.3187545514106755 -15.55240270181441 -1.8286707331544609 16.475324363559487 -12.147788684179908 -2.112794845230725 9.3392813608723309 11.053204035184743 0.45109930220397826 -15.50116024998399 60.267594479260701 -3.5616346166088322 -7.1803120863574144 -6.5422990059852602 23.063864336382114 1.4591213711823814 -15.201435283025106 -17.798304008137094 -17.435497401120852 2.2421877999739213 4.0716995080911884 14.802054453497584 -3.657942726801251 -21.336083335720762 -18.53695287074498 -14.280952457647643 56.878632014347957 -8.2586291959623388 -25.491315505128156 31.779423920949302 -10.339355970323032 44.666471063065757 52.486851915831963
leaf_weight=96 1083 1102 929 1588 2345 228 608 27 30 333 86 82 340 23 2883 51 776 263 204 26 134 577 123 30 140 91 62 36 243 60 319 475 3384 249 155 1461 30 299 1103 49 20 554 20 51 218 191 488 873 3895 24 690 302 28 680 212 216
leaf_count=96 1083 1102 929 1588 2345 228 608 27 30 333 86 82 340 23 2883 51 776 263 204 26 134 577 123 30 140 91 62 36 243 60 319 475 3384 249 155 1461 30 299 1103 49 20 554 20 51 218 191 488 873 3895 24 690 302 28 680 212 216
internal_value=0.0195854 -9.76342 26.6952 19.0741 0.521886 43.1649 -15.0109 7.33942 25.8777 -3.16907 6.52504 7.78749 26.903 37.2734 -16.1515 12.8351 14.3955 38.5747 50.6542 41.2098 -8.92945 32.8147 40.996 14.7535 -5.7098 -10.6791 30.5346 3.32754 1.50483 23.5777 6.12695 -3.4477 -15.5625 52.9583 0.355707 -7.93091 9.51202 18.5839 2.70951 -4.39766 -1.89836 -20.6378 -10.1404 10.3325 10.9115 -0.817015 -19.2996 -16.93 -14.8523 47.1051 -7.95736 -24.0271 25.7122 -11.3296 48.5607 56.8936
internal_weight=30585 22379 8206 5613 7561 2593 14818 2655 2682 4906 2604 2427 2565 1458 12475 2931 2376 1377 1135 230 2343 917 1052 81 3178 177 325 117 1728 1648 555 1577 11035 905 206 1601 349 1075 1436 292 345 1440 1998 81 1301 325 1042 3756 7279 51 710 398 51 1288 440 465
internal_count=30585 22379 8206 5613 7561 2593 14818 2655 2682 4906 2604 2427 2565 1458 12475 2931 2376 1377 1135 230 2343 917 1052 81 3178 177 325 117 1728 1648 555 1577 11035 905 206 1601 349 1075 1436 292 345 1440 1998 81 1301 325 1042 3756 7279 51 710 398 51 1288 440 465
is_linear=0
shrinkage=0.05


Tree=13
num_leaves=60
num_cat=0
split_feature=4 5 5 4 4 5 5 5 4 1 1 4 1 0 1 5 1 0 12 9 4 5 2 1 1 0 1 5 0 7 1 3 12 7 7 4 4 6 0 4 0 4 7 1 0 0 5 1 1 1 12 4 1 9 10 0 7 9 3
split_gain=2.88526e+09 5.08709e+08 2.88701e+08 1.13889e+08 6.78769e+07 5.2564e+07 3.06106e+07 2.18445e+07 1.9602e+07 1.80146e+07 1.68897e+07 1.61867e+07 1.35165e+07 1.13792e+07 1.2213e+07 1.12546e+07 1.11666e+07 1.23795e+07 1.08505e+07 1.07691e+07 1.02975e+07 9.18632e+06 8.43534e+06 6.36224e+06 6.33437e+06 6.17071e+06 6.09871e+06 5.76442e+06 5.49697e+06 5.46709e+06 4.92532e+06 4.57205e+06 4.23684e+06 4.19285e+06 4.14254e+06 4.10866e+06 3.89654e+06 3.88844e+06 3.52446e+06 3.49581e+06 3.46262e+06 3.369e+06 3.28375e+06 2.61927e+06 2.4944e+06 2.43638e+06 2.32294e+06 2.09636e+06 2.07706e+06 1.94782e+06 2.37893e+06 1.55142e+06 1.39877e+06 918919 716878 618537 507301 2.09215e+06 978115
threshold=1234.7430767968854 1873.4163097475914 598.93948057395687 2626.1050338120644 1679.8958772287044 1294.7473185523124 2507.049509271968 2803.4179486041867 503.47563956699781 0.15094606262164065 0.13921441832033407 918.90674303651838 0.15926292198568234 0.41693426933808292 0.13522422607677229 303.37034084237683 0.12428960263369709 0.49194309828246147 9.6949885000000027 0.81174490092936691 2148.5964702371089 1360.133149531792 1.9467176928395675 0.083507438368042142 0.092407992926232821 0.47922952996817814 0.18311622431001986 910.35760903550988 0.50597469630126457 -0.70710678118654757 0.16623843604882318 298.97000000000008 10.065666500000001 1.0000000180025095e-35 0.1294095225512602 431.32321617327807 786.15894839621672 1.0000000180025095e-35 0.30083340108675849 2231.5016179326008 0.46354000387391053 737.99007240261528 -0.5 0.17016939900540015 0.44690705193421881 0.48853673383090573 3005.0980100075335 0.08601658294058849 0.11194166193044565 0.16234408796964592 7.0086555000000006 281.04718562976774 0.053624484105295342 0.81174490092936691 1.0000000180025095e-35 0.37421539709467644 1.0000000180025095e-35 0.81174490092936691 200.79999999999998
decision_type=2 2 2 2 2 2 2 2 2 2 2 2 2 2 2 2 2 2 2 2 2 2 2 2 2 2 2 2 2 2 2 2 2 2 2 2 2 2 2 2 2 2 2 2 2 2 2 2 2 2 2 2 2 2 2 2 2 2 2
left_child=2 4 8 6 21 11 12 10 15 22 19 24 20 29 42 51 46 -18 -12 -7 -3 23 33 31 27 38 32 -4 -14 48 44 -2 -23 -6 -16 52 56 -24 -11 -27 -28 -26 -15 -25 -13 -32 -8 -31 -5 50 -38 53 -17 -1 -53 -37 57 -10 -58
right_child=1 3 5 13 9 7 16 -9 36 25 18 30 28 14 34 35 17 -19 -20 -21 -22 26 37 43 41 39 40 -29 -30 47 45 -33 -34 -35 -36 55 49 -39 -40 -41 -42 -43 -44 -45 -46 -47 -48 -49 -50 -51 -52 54 -54 -55 -56 -57 58 -59 -60
leaf_value=-23.439331218456402 7.78466579864289 24.827601924557023 -5.6740504102125691 45.3965159813959 17.58984149175711 6.0994800306497359 39.593606244890857 43.648196590423588 -12.743435767317841 30.320052178246637 -5.756738977617232 2.4139099836123443 17.514454043155247 20.314280101458234 -2.1652195620536805 -15.027002914120454 31.302899039692349 -9.3554783179543222 14.87930465135819 18.530517574869457 33.374072602085526 10.968274833984925 39.596971265936411 4.2864854179703915 -11.22397144960382 3.5501250092642644 6.1804798624554174 0.47898073666961394 -5.6331953873634344 54.500970391017738 -4.4610330144076027 19.302991541922097 18.380669878955491 23.445564535563754 26.64537546021598 -13.638166938523453 0.99965228986740129 25.522585895946193 10.937158672073124 -18.928866457731825 -10.463214506777851 -6.4361148455458768 43.283932270533604 -3.0684687837627198 -1.6048294840805355 -18.077379164188468 50.334921460495785 46.934110112253833 33.278190946207417 -19.162779185431344 -7.4749424242905027 -16.661092915126257 -17.369007962616898 -17.014612829034981 -20.174625900148406 -14.689480193186007 -10.671880238404007 0.25401252213646386 0.48370202324607159
leaf_weight=404 965 1196 1687 279 624 504 462 38 885 26 346 897 223 22 22 1186 178 20 76 267 540 1461 91 772 652 68 106 491 28 479 116 94 227 699 26 2902 108 157 189 21 42 870 282 142 675 45 95 298 75 26 347 418 1937 97 379 4519 752 32 20
leaf_count=404 965 1196 1687 279 624 504 462 38 885 26 346 897 223 22 22 1186 178 20 76 267 540 1461 91 772 652 68 106 491 28 479 116 94 227 699 26 2902 108 157 189 21 42 870 282 142 675 45 95 298 75 26 347 418 1937 97 379 4519 752 32 20
internal_value=0.0201559 22.2009 -10.6111 35.3383 12.4267 -2.04295 29.259 7.27837 -14.6852 20.2122 6.04878 -4.15686 25.9447 46.5241 38.063 -15.4873 37.8899 27.1435 -1.98763 10.4412 27.5214 8.58557 22.3695 6.20595 -6.0238 8.99055 11.1332 -4.28777 14.9081 49.0857 -0.168535 8.84153 11.9857 20.7144 13.882 -14.939 -10.2975 30.9625 13.539 -2.0533 1.3807 -8.4992 41.7653 3.1396 0.688456 -8.44199 41.5992 51.7268 43.0305 -6.28437 -5.46781 -19.9116 -16.4898 -22.268 -18.3782 -14.2821 -11.4315 -12.2903 -10.3824
internal_weight=30585 9909 20676 4225 5684 6664 2742 1231 14012 1875 1193 5433 1987 1483 352 11842 755 198 422 771 1736 3809 1571 1973 3700 304 1836 2178 251 1131 1733 1059 1688 1323 48 10544 2170 248 215 89 148 1522 304 914 1572 161 557 777 354 481 455 1298 3123 501 797 7421 1689 917 772
internal_count=30585 9909 20676 4225 5684 6664 2742 1231 14012 1875 1193 5433 1987 1483 352 11842 755 198 422 771 1736 3809 1571 1973 3700 304 1836 2178 251 1131 1733 1059 1688 1323 48 10544 2170 248 215 89 148 1522 304 914 1572 161 557 777 354 481 455 1298 3123 501 797 7421 1689 917 772
is_linear=0
shrinkage=0.05


Tree=14
num_leaves=58
num_cat=0
split_feature=4 5 5 4 4 5 4 4 11 0 9 0 4 4 5 5 4 3 9 5 0 7 0 8 8 11 7 0 13 3 5 13 5 0 13 4 7 5 7 4 13 7 0 8 0 3 13 11 3 0 4 4 3 0 0 0 9
split_gain=2.60827e+09 4.43003e+08 2.9074e+08 8.67672e+07 6.10162e+07 4.13778e+07 3.66947e+07 2.80055e+07 1.65745e+07 1.48839e+07 1.29672e+07 1.2894e+07 1.17771e+07 1.13003e+07 1.09634e+07 1.07919e+07 1.01129e+07 7.93499e+06 7.73897e+06 7.59573e+06 7.55638e+06 8.5848e+06 6.89082e+06 5.18864e+06 4.83908e+06 6.0353e+06 5.364e+06 4.82149e+06 4.66697e+06 4.3356e+06 4.21583e+06 3.99677e+06 3.96294e+06 3.88812e+06 3.91178e+06 3.84395e+06 3.62878e+06 3.58652e+06 2.83652e+06 2.77176e+06 2.52945e+06 2.51169e+06 3.74146e+06 2.40805e+06 2.35792e+06 2.33624e+06 1.88279e+06 1.85031e+06 1.83116e+06 1.65639e+06 1.49959e+06 1.43937e+06 1.1808e+06 1.16769e+06 901152 891709 243148
threshold=1426.8210489660182 846.87044976825905 2231.5016179326008 553.2163897711697 1873.4163097475914 2019.4196213484609 2863.635411009132 968.67081498696814 1.0000000180025095e-35 0.43851238162301731 0.81174490092936691 0.45257025101786091 372.36679130205425 2536.291659429196 1402.6237858425727 1743.9111632769943 942.61101605018291 -0.20500000000001248 -0.22252093395631442 3005.0980100075335 0.42961545902127568 -0.37940952255126009 0.51558491325377398 -0.60785761079279388 -0.60785761079279388 1.0000000180025095e-35 -0.12940952255126034 0.47344484209981913 12.585383500000001 70.000000000000028 1658.6664974867074 14.340171500000002 2443.5219297118733 0.53849663213565524 15.300339000000001 799.63361735704586 -0.9829629131445341 331.65594811364673 -0.78656609248549325 481.48857254716626 2.7356209500000004 -0.12940952255126034 0.45050396741358989 -1.0000000180025095e-35 0.52187683351191683 249.98999999999992 12.236510000000001 1.0000000180025095e-35 -524.62999999999977 0.29175735856306567 3302.9503335992745 2803.4179486041867 -480.05500000000001 0.43626166544856587 0.57197458205021123 0.59908397277706593 -0.56174490092936669
decision_type=2 2 2 2 2 2 2 2 2 2 2 2 2 2 2 2 2 2 2 2 2 2 2 2 2 2 2 2 2 2 2 2 2 2 2 2 2 2 2 2 2 2 2 2 2 2 2 2 2 2 2 2 2 2 2 2 2
left_child=1 3 4 12 15 7 9 8 10 19 -3 18 37 22 31 24 35 -10 -7 36 51 -22 23 -6 26 -26 -2 38 -24 44 -16 -9 -20 48 -35 46 -4 55 -8 53 -17 42 -18 -31 -13 -43 -5 -42 -11 -41 -40 -15 -37 -14 -39 -1 -21
right_child=2 5 6 16 13 11 27 14 17 33 -12 29 39 20 30 40 41 -19 32 56 21 -23 28 -25 25 -27 -28 -29 -30 43 -32 -33 -34 34 -36 52 -38 54 50 49 47 45 -44 -45 -46 -47 -48 -49 -50 -51 -52 -53 -54 -55 -56 -57 -58
leaf_value=-18.834667252704048 3.0247933077540385 -3.2676144743892017 18.341097075745864 -9.1021267138032247 19.691480926642427 5.3619802152193516 39.193901813393396 2.3295706167819463 -25.004884778976443 19.255013290835969 6.0925681103638052 7.1026170075280319 -13.549276101029546 32.768578017214516 8.0852488096832857 35.32437077066173 0.6390643622091523 -3.6285550940195721 26.34761909311468 39.590617741526302 8.9862378581364961 32.835982681932272 1.5411326923370363 26.18233188995443 13.740755496615641 -6.9722733915174331 12.229056253146839 23.180681449627055 18.549784254794833 8.4030588841438298 16.375441886250567 6.4621130950134775 45.716515239827778 -3.5768897628784182 23.684309170511039 -16.239351050853728 36.443590319951376 -15.519153630309175 47.385720903505749 -6.901684963425545 18.15765505181804 1.0609467061998421 -10.806467919661621 29.80198101538199 -13.79018391349099 12.409137605258397 -3.8958760375738146 6.1371923627351457 29.963188406732105 -12.561402514299525 57.182351521407021 44.147909170242777 -4.9574772374469918 -14.911501552821608 -20.243925874179467 -23.283661378120463 51.646774909496315
leaf_weight=879 305 1375 35 1709 485 24 149 1901 108 60 504 33 4011 92 656 21 214 73 64 51 61 106 53 1078 1300 35 331 27 172 30 203 846 66 20 34 22 862 1723 708 144 823 241 105 25 20 54 198 36 434 2771 99 112 1448 3227 131 181 110
leaf_count=879 305 1375 35 1709 485 24 149 1901 108 60 504 33 4011 92 656 21 214 73 64 51 61 106 53 1078 1300 35 331 27 172 30 203 846 66 20 34 22 862 1723 708 144 823 241 105 25 20 54 198 36 434 2771 99 112 1448 3227 131 181 110
internal_value=0.0207242 -8.37481 25.4117 -12.4664 18.3687 3.39909 39.0159 2.49661 -2.15293 34.254 -0.753142 22.7495 -14.4372 24.7129 5.15247 13.5503 -6.00965 -16.5174 31.9685 37.7817 32.7763 24.3339 23.0051 24.196 11.4716 13.1881 7.83839 46.7105 14.5922 9.26149 10.0779 3.60606 36.7248 27.3304 13.8203 -7.08228 35.7796 -17.2556 47.3252 -13.6251 18.1698 -0.106359 -3.17212 18.8343 -0.996135 3.20783 -8.56622 17.6693 28.7455 -12.2867 48.7259 39.384 -5.14816 -14.1606 -15.8745 -19.6368 48.3604
internal_weight=30585 22986 7599 17058 5010 5928 2589 5666 2060 1606 1879 262 13067 2159 3606 2851 3991 181 154 1058 371 167 1788 1563 1971 1335 636 983 225 108 859 2747 130 548 54 3377 897 2914 956 10153 880 614 319 55 53 295 1907 859 494 2915 807 204 1470 7238 1854 1060 161
internal_count=30585 22986 7599 17058 5010 5928 2589 5666 2060 1606 1879 262 13067 2159 3606 2851 3991 181 154 1058 371 167 1788 1563 1971 1335 636 983 225 108 859 2747 130 548 54 3377 897 2914 956 10153 880 614 319 55 53 295 1907 859 494 2915 807 204 1470 7238 1854 1060 161
is_linear=0
shrinkage=0.05


Tree=15
num_leaves=54
num_cat=0
split_feature=5 2 5 2 2 1 5 5 1 1 12 2 1 2 5 1 2 0 5 1 1 1 5 3 7 9 2 2 12 0 0 12 0 13 1 3 0 7 8 2 5 1 3 7 1 1 7 0 3 0 2 0 1
split_gain=2.30668e+09 4.24001e+08 2.65417e+08 6.65088e+07 6.01088e+07 4.30565e+07 3.70616e+07 2.8364e+07 2.46645e+07 2.18867e+07 1.87184e+07 1.74642e+07 1.55736e+07 1.55451e+07 1.51772e+07 1.39384e+07 1.34893e+07 1.27585e+07 9.65877e+06 8.96685e+06 6.32712e+06 6.3153e+06 6.11372e+06 5.9416e+06 5.02252e+06 4.61795e+06 4.84028e+06 4.40142e+06 4.18118e+06 4.15554e+06 3.99488e+06 3.99111e+06 3.37972e+06 3.35702e+06 3.33296e+06 3.21082e+06 3.09126e+06 2.46647e+06 2.15137e+06 2.11197e+06 1.99199e+06 1.77373e+06 1.53881e+06 1.48141e+06 1.4663e+06 1.25054e+06 1.16175e+06 1.11137e+06 943057 757177 723893 698527 680632
threshold=1426.8210489660182 0.61353214931582178 2273.1114059773076 0.97863307222192453 1.4976901357683527 0.22031234280403358 3005.0980100075335 540.38965734328144 0.22920403930075578 0.10734758632215723 9.6949885000000027 1.4297969607747862 0.21364731160036707 1.9467176928395675 937.00950936752349 0.17754724334573557 0.52878306520184959 0.48170589843767903 416.42871920763656 0.16823590160644428 0.062711983669396343 0.1199493963633096 2536.291659429196 220.00500000000002 -0.37940952255126009 0.81174490092936691 0.44649104099756409 0.28318002586939028 7.9717285500000008 0.47698731950693635 0.508465142281599 5.6262386500000003 0.38783451371388872 10.612726500000003 0.15497246883075538 -287.98999999999995 0.47698731950693635 1.0000000180025095e-35 1.0000000180025095e-35 1.1778079728152844 846.87044976825905 0.089368543747394266 100.00000000000013 -0.12940952255126034 0.080540969049177027 0.17248759455961213 0.25881904510252057 0.58570885546523554 -116.63 0.53149732641519176 0.36404528670822217 0.28385721731658087 0.15094606262164065
decision_type=2 2 2 2 2 2 2 2 2 2 2 2 2 2 2 2 2 2 2 2 2 2 2 2 2 2 2 2 2 2 2 2 2 2 2 2 2 2 2 2 2 2 2 2 2 2 2 2 2 2 2 2 2
left_child=1 7 4 14 8 6 9 18 10 22 16 19 13 23 33 24 -2 -11 27 35 -12 32 -4 -6 -13 26 43 47 -7 -21 -15 -28 -16 34 -3 -5 52 40 39 -10 -27 -35 -14 -9 51 -23 -17 -1 -29 -39 -46 -20 -8
right_child=2 3 5 11 12 28 36 25 38 17 20 15 42 30 21 46 -18 -19 44 29 -22 45 -24 -25 -26 37 31 48 -30 -31 -32 -33 -34 41 -36 -37 -38 49 -40 -41 -42 -43 -44 -45 50 -47 -48 -49 -50 -51 -52 -53 -54
leaf_value=-18.095541783613111 -4.1487086804305449 -5.3354209531155377 32.895126460433332 1.0858231715387163 19.611303804825095 -22.280706192542766 49.407964584982466 -16.887960575727316 -29.378170367825419 28.159349409921106 25.657371683845039 10.874097368950132 -14.348147009611129 33.994015629845116 6.4085849793608816 -15.155134687134714 11.225687859004958 4.7598651933670046 -7.895041277061388 -0.23380295027984432 16.161502537724381 -1.8994252217828411 40.277307377999684 26.452175936074369 21.866320458277297 -4.5925520970079639 -1.7351952128308228 -18.645738953058444 6.5233655191504445 -15.383745177889629 18.217735342892734 -8.8358583887858391 0.96099506229832432 0.33800218791581388 -15.423819658867149 6.5405119209473312 24.309391130967573 -6.9340680116121893 -2.9183273765019013 -8.6061923951369064 2.4783202453432138 -4.2310237662957517 3.5079755943298347 -9.7583572423458111 -15.567934327864055 -7.5683427968332131 0.1059465200250799 -23.147418874925183 -14.76338528301773 -15.819880043954562 -13.345238613889206 -12.397929391949488 40.449922154986339
leaf_weight=539 156 2037 556 305 1129 27 567 206 29 496 235 172 22 405 497 31 1560 67 101 161 799 363 815 479 291 223 249 197 21 61 53 984 665 411 84 2395 20 120 26 24 177 437 23 130 521 132 20 184 2928 31 2862 5472 90
leaf_count=539 156 2037 556 305 1129 27 567 206 29 496 235 172 22 405 497 31 1560 67 101 161 799 363 815 479 291 223 249 197 21 61 53 984 665 411 84 2395 20 120 26 24 177 437 23 130 521 132 20 184 2928 31 2862 5472 90
internal_value=0.0216769 -7.87358 23.8996 1.3657 17.0323 36.6355 37.4984 -12.8642 12.2533 33.8914 13.0469 6.63316 23.4192 24.0529 -2.54792 15.1185 9.82481 25.4014 -13.7517 5.13121 18.365 1.28476 37.3358 21.6794 17.8472 -7.49587 -8.87874 -15.8603 -9.92196 -4.49683 32.2555 -7.40704 3.298 -4.68637 -5.74912 5.9256 47.6721 -3.54018 -15.0149 -20.6271 -1.46692 -2.02096 -5.46066 -14.2036 -12.8424 -3.43552 -9.39214 -19.4415 -15.0199 -8.94129 -13.6965 -12.3192 48.3073
internal_weight=30585 22986 7599 8062 4940 2659 2611 14924 2829 1934 2750 3436 2111 2066 4626 514 1716 563 12804 2922 1034 1657 1371 1608 463 2120 1569 3848 48 222 458 1233 1162 2969 2121 2700 677 551 79 53 400 848 45 336 8956 495 51 723 3125 151 3383 5573 657
internal_count=30585 22986 7599 8062 4940 2659 2611 14924 2829 1934 2750 3436 2111 2066 4626 514 1716 563 12804 2922 1034 1657 1371 1608 463 2120 1569 3848 48 222 458 1233 1162 2969 2121 2700 677 551 79 53 400 848 45 336 8956 495 51 723 3125 151 3383 5573 657
is_linear=0
shrinkage=0.05


Tree=16
num_leaves=57
num_cat=0
split_feature=4 5 5 4 5 4 4 5 1 11 1 1 4 4 5 5 4 1 1 1 1 5 12 4 4 5 10 4 12 1 12 1 4 5 6 5 6 11 1 9 1 4 10 1 4 7 11 7 6 5 4 5 2 5 1 5
split_gain=2.13223e+09 3.22863e+08 2.64068e+08 7.68371e+07 4.11826e+07 3.80861e+07 2.54953e+07 2.39828e+07 1.85272e+07 1.64504e+07 1.76438e+07 1.60201e+07 1.24306e+07 1.23517e+07 1.17191e+07 9.82964e+06 9.10683e+06 8.31634e+06 6.91051e+06 5.78974e+06 5.21166e+06 5.20805e+06 4.95225e+06 4.83289e+06 4.41715e+06 4.40608e+06 4.38616e+06 3.47776e+06 3.47693e+06 3.62922e+06 3.30529e+06 3.56409e+06 3.18464e+06 3.06448e+06 3.02151e+06 2.91479e+06 2.88109e+06 2.80099e+06 2.7907e+06 2.29912e+06 2.16199e+06 2.02008e+06 1.83141e+06 1.56765e+06 1.86477e+06 1.38359e+06 1.28717e+06 1.2778e+06 1.45653e+06 1.15541e+06 1.02579e+06 977560 840944 820262 773095 679702
threshold=1294.7473185523124 2148.5964702371089 691.30499012125676 1786.1298771869133 1232.8205745571709 2863.635411009132 520.53403998596036 2803.4179486041867 0.18311622431001986 1.0000000180025095e-35 0.22920403930075578 0.18946953262365177 2536.291659429196 942.61101605018291 1699.6209308463654 2626.1050338120644 304.3907199453833 0.079893348837140762 0.058371238028711414 0.11658082995994952 0.080540969049177027 1329.1249317153095 10.065666500000001 1543.9451096952896 981.74367409555771 2863.635411009132 1.0000000180025095e-35 2273.1114059773076 3.5113512000000004 0.16623843604882318 9.3995012500000019 0.12697770325017094 1845.9241844862479 431.30090789025417 -0.70710678118654735 897.8655247089365 -0.70710678118654735 1.0000000180025095e-35 0.095081008302552575 0.81174490092936691 0.19305214367951343 3151.2881327577629 1.0000000180025095e-35 0.19305214367951343 718.13339971377411 1.0000000180025095e-35 1.0000000180025095e-35 -0.37940952255126009 0.60355339059327384 2921.6531414937131 468.64610753569633 460.78847043214512 0.8062073678119196 2475.030458788719 0.1199493963633096 3050.8705243132035
decision_type=2 2 2 2 2 2 2 2 2 2 2 2 2 2 2 2 2 2 2 2 2 2 2 2 2 2 2 2 2 2 2 2 2 2 2 2 2 2 2 2 2 2 2 2 2 2 2 2 2 2 2 2 2 2 2 2
left_child=2 3 6 14 13 11 16 9 12 10 -6 15 18 20 17 27 42 23 -5 41 35 -10 -11 -2 43 32 -19 -3 52 -30 31 -16 -13 54 -14 -4 -23 -22 -17 -32 49 53 46 44 -8 -44 -1 48 -26 -21 -35 -49 -15 -7 -18 -9
right_child=1 5 4 8 7 19 24 55 21 22 -12 25 34 28 30 38 33 26 -20 40 37 36 -24 -25 47 -27 -28 -29 29 -31 39 -33 -34 50 -36 -37 -38 -39 -40 -41 -42 -43 45 -45 -46 -47 -48 51 -50 -51 -52 -53 -54 -55 -56 -57
leaf_value=-15.243629328467435 8.9709087241110463 24.820775073848608 -4.0351910240570943 24.47986037746891 7.1782538468258572 34.319426099686403 -9.1942069803661113 29.476420440673834 -10.928976043939592 -15.268037307415009 -16.717519284707532 -8.2388688800885124 41.789292271277489 1.4842224309430458 14.454604653183697 38.414920106286985 -13.604470881259576 7.1517424585753027 18.243074626496664 28.930479268783177 -6.0563769987476883 21.151859395198336 6.7105198562506478 15.618259171438087 -1.4699898322329803 31.672502445448998 1.2489915022777633 31.096389695060761 0.30634886625661495 -9.3598157267258557 16.74628500752176 3.3842821201411164 12.192625313059491 -12.735399844319325 28.343834473711379 0.61945965011341064 4.9963738138930314 -14.016339028728897 30.410580174808111 28.809551950968228 16.52254475434621 49.248623636419126 -22.864348830714626 -21.658468338359487 -6.0598076257124829 -15.753245495831525 -22.135154585727427 10.376809576865165 -15.075545190664437 40.04316678760329 -11.536738149951663 0.094011101187557317 6.4778848595059291 43.134307027443171 -15.754061873099829 48.659545783996585
leaf_weight=881 1134 522 1102 726 1729 82 1285 26 38 123 79 24 66 126 307 471 2555 1006 1291 76 1489 37 31 367 83 21 459 516 1049 105 295 97 73 4145 233 483 101 119 216 50 22 240 225 20 783 133 84 29 24 97 3827 91 262 483 625 22
leaf_count=881 1134 522 1102 726 1729 82 1285 26 38 123 79 24 66 126 307 471 2555 1006 1291 76 1489 37 31 367 83 21 459 516 1049 105 295 97 73 4145 233 483 101 119 216 50 22 240 225 20 783 133 84 29 24 97 3827 91 262 483 625 22
internal_value=0.02091 20.3831 -8.53731 13.984 -0.338264 34.3343 -12.276 5.65485 20.7757 4.7782 6.11681 29.9959 21.9638 -2.88365 9.41946 31.2182 -13.1709 7.99826 20.51 42.254 -4.65742 5.06961 -10.8144 10.6148 -7.44621 11.9059 5.30658 27.9943 0.790557 -0.587822 15.011 11.8264 7.07304 -12.6997 31.5697 -2.61777 9.56824 -6.66214 35.9939 18.6506 33.5909 44.2641 -17.1175 -8.16574 -8.01444 -20.3247 -15.8881 -0.814341 -4.74237 35.5477 -12.163 2.70844 4.87217 41.9806 -14.0366 39.8635
internal_weight=30585 9050 21535 6207 6745 2843 14790 2010 2492 1962 1808 1843 2316 4735 3715 1725 12475 2966 2017 1000 3193 176 154 1501 2315 118 1465 1038 1542 1154 749 404 97 11152 299 1585 138 1608 687 345 195 805 1323 2088 2068 358 965 227 107 173 7972 120 388 565 3180 48
internal_count=30585 9050 21535 6207 6745 2843 14790 2010 2492 1962 1808 1843 2316 4735 3715 1725 12475 2966 2017 1000 3193 176 154 1501 2315 118 1465 1038 1542 1154 749 404 97 11152 299 1585 138 1608 687 345 195 805 1323 2088 2068 358 965 227 107 173 7972 120 388 565 3180 48
is_linear=0
shrinkage=0.05


Tree=17
num_leaves=57
num_cat=0
split_feature=4 4 4 4 4 4 3 8 4 3 3 8 6 8 8 8 11 3 3 8 3 3 6 6 7 9 7 11 9 8 12 8 9 8 9 2 3 8 8 7 13 3 7 12 3 7 3 12 4 4 4 4 3 4 2 8
split_gain=1.92723e+09 3.15981e+08 2.12513e+08 4.86065e+07 3.66673e+07 2.66797e+07 1.66135e+07 1.09461e+07 8.96173e+06 8.88089e+06 8.23829e+06 7.40348e+06 6.64189e+06 8.65538e+06 7.74653e+06 6.09673e+06 5.99903e+06 5.89394e+06 5.25124e+06 5.16371e+06 5.99117e+06 4.86336e+06 4.76203e+06 4.64368e+06 4.46226e+06 4.29145e+06 4.15093e+06 4.07007e+06 4.0265e+06 3.97825e+06 3.53633e+06 3.41189e+06 3.33191e+06 3.23774e+06 3.04622e+06 3.04072e+06 2.92642e+06 2.82739e+06 2.60192e+06 5.54202e+06 2.55966e+06 2.42439e+06 2.12523e+06 2.10686e+06 2.1043e+06 2.02185e+06 1.93064e+06 1.67011e+06 1.65705e+06 1.644e+06 1.62073e+06 1.36718e+06 1.20426e+06 1.09006e+06 807289 570330
threshold=1420.263053060253 634.69102500918314 2273.1114059773076 968.67081498696814 1743.9111632769943 2863.635411009132 485.01000000000005 -1.0000000180025095e-35 481.48857254716626 199.99000000000015 434.00500000000005 -1.0000000180025095e-35 -0.70710678118654735 -0.60785761079279388 -0.8783796973249266 -0.60785761079279388 1.0000000180025095e-35 -1227.9999999999998 961.81500000000017 -0.60785761079279388 -799.99999999999977 397.00500000000017 -0.25881904510252113 -0.37940952255126059 -0.12940952255126034 1.0000000180025095e-35 -0.12940952255126034 1.0000000180025095e-35 0.81174490092936691 -1.0000000180025095e-35 7.9717285500000008 -1.0000000180025095e-35 0.81174490092936691 -0.60785761079279388 1.0000000180025095e-35 0.027067348678601878 1250.0050000000003 -1.0000000180025095e-35 -0.60785761079279388 -0.37940952255126009 11.600006500000001 298.97000000000008 0.25881904510252057 7.7021935000000008 149.00000000000014 -0.37940952255126009 599.97500000000002 9.9015710000000023 1603.25204566808 2970.0870861186709 535.37981905800996 852.51399127078719 708.02499999999998 535.37981905800996 2.2416948270893884 -0.60785761079279388
decision_type=2 2 2 2 2 2 2 2 2 2 2 2 2 2 2 2 2 2 2 2 2 2 2 2 2 2 2 2 2 2 2 2 2 2 2 2 2 2 2 2 2 2 2 2 2 2 2 2 2 2 2 2 2 2 2 2
left_child=1 6 4 11 10 23 8 17 27 16 19 26 49 14 -14 53 33 -5 41 20 -2 40 -18 38 -19 43 34 28 -1 45 -21 -27 55 -6 -3 -29 46 52 39 -4 -13 -9 -31 -25 -40 -11 -17 -23 -39 -7 -34 -28 -12 -8 -15 -10
right_child=2 3 5 7 9 12 15 18 32 29 37 21 13 54 -16 36 22 24 -20 30 -22 47 -24 25 -26 31 51 35 -30 42 -32 -33 50 -35 -36 -37 -38 48 44 -41 -42 -43 -44 -45 -46 -47 -48 -49 -50 -51 -52 -53 -54 -55 -56 -57
leaf_value=-12.948356848937664 -16.163246357687587 -5.9982187550926307 12.797076153278351 -19.659363068089341 14.079322949957103 36.587394432741057 -20.60526296035103 5.5142872475541251 -11.481276666876651 15.375411360044737 8.1070343248283177 -3.4163694305110344 34.004915236606394 31.164253979231184 11.762585412756604 16.10161816053402 16.899075829407263 -1.0695824801198022 25.72283679199219 9.9053272364629326 7.1740998024356601 8.1116743963883255 -10.333986004723442 25.336724188169953 3.9807035503477231 13.900359107426235 -4.8903674113706241 -25.825629592718084 -10.250563889746033 29.540356545052692 15.224121455519629 25.063671220736804 -8.2355211948430309 19.292280117897985 -12.33491287094432 -15.24396891761123 20.580059783756735 17.818587383996874 31.206203957309228 31.922437978281692 0.37719987929054777 10.214500753520248 22.325896041727901 32.460814689448249 39.832963946082373 22.52916638996577 0.64148460627638604 -0.53053291386571422 29.133102743864061 44.87404719224196 -2.2342451479847738 -0.99061744416047215 20.193553585024443 -5.8794044363839291 40.157362794789144 -9.9673292312500283
leaf_weight=8109 27 516 58 31 438 151 21 2061 1030 183 66 1484 91 74 73 23 27 805 33 1030 586 160 34 285 954 117 672 84 1728 295 466 205 293 1191 306 480 30 82 301 134 634 319 226 258 152 296 106 85 78 433 185 339 32 33 327 2348
leaf_count=8109 27 516 58 31 438 151 21 2061 1030 183 66 1484 91 74 73 23 27 805 33 1030 586 160 34 285 954 117 672 84 1728 295 466 205 293 1191 306 480 30 82 301 134 634 319 226 258 152 296 106 85 78 433 185 339 32 33 327 2348
internal_value=0.0213681 -7.26925 21.6259 0.445152 15.5985 33.0687 -11.7465 4.24465 -11.9535 19.5953 11.0435 -3.3609 38.8732 34.6119 24.3654 2.0962 17.3337 1.27993 6.44105 9.99376 6.09696 -1.50904 1.87373 28.6064 1.67087 26.0136 -5.74395 -12.72 -12.4766 23.3752 11.5802 21.1183 -9.88056 17.9096 -8.38135 -16.9057 7.02107 19.4819 31.9923 26.3365 -2.28152 6.15232 26.5082 28.8284 34.2632 19.8714 3.60172 5.13332 23.626 42.8636 -5.93185 -3.58728 12.3786 -12.1376 38.6607 -10.4355
internal_weight=30585 22869 7716 8399 5057 2659 14470 4203 14257 2690 2367 4196 1149 565 164 213 1690 1790 2413 2109 613 2363 61 1510 1759 865 1833 10401 9837 1000 1496 322 3856 1629 822 564 159 258 645 192 2118 2380 521 543 453 479 129 245 160 584 478 1011 98 54 401 3378
internal_count=30585 22869 7716 8399 5057 2659 14470 4203 14257 2690 2367 4196 1149 565 164 213 1690 1790 2413 2109 613 2363 61 1510 1759 865 1833 10401 9837 1000 1496 322 3856 1629 822 564 159 258 645 192 2118 2380 521 543 453 479 129 245 160 584 478 1011 98 54 401 3378
is_linear=0
shrinkage=0.05


Tree=18
num_leaves=63
num_cat=0
split_feature=2 2 2 2 0 1 2 2 0 3 1 7 1 0 9 0 8 9 3 7 2 1 3 0 3 9 7 0 2 3 2 12 12 0 12 3 1 12 1 1 8 7 7 8 7 0 0 1 1 7 0 9 12 12 12 12 1 11 0 3 9 7
split_gain=1.69212e+09 2.54906e+08 1.96113e+08 4.27952e+07 4.13366e+07 3.14846e+07 2.35981e+07 1.94133e+07 1.88939e+07 1.7888e+07 1.239e+07 1.21224e+07 1.0987e+07 1.0346e+07 1.03438e+07 1.02736e+07 8.76861e+06 8.02318e+06 1.08822e+07 6.85066e+06 6.7969e+06 6.32537e+06 6.30138e+06 6.17434e+06 5.95637e+06 5.94877e+06 9.33581e+06 5.69876e+06 5.02813e+06 4.22859e+06 4.13379e+06 4.04057e+06 3.60682e+06 3.48561e+06 3.41662e+06 3.37899e+06 3.34608e+06 3.34456e+06 3.30104e+06 3.28726e+06 3.24642e+06 7.4333e+06 3.14061e+06 3.08717e+06 3.03525e+06 2.38741e+06 2.31966e+06 2.17545e+06 2.15557e+06 2.13911e+06 2.12989e+06 2.12251e+06 3.02579e+06 2.05178e+06 1.99899e+06 1.83723e+06 1.79916e+06 1.2323e+06 1.11819e+06 1.02657e+06 1.00198e+06 637607
threshold=1.0660977007725549 1.7263873213943486 0.58230566924780902 1.3366940629555748 0.44072558017973784 0.14844847440593664 2.2824269971427964 0.8062073678119196 0.38684865437318672 299.99999999999972 0.11269189017778734 -0.60355339059327384 0.1969881678844059 0.44384610444737699 0.81174490092936691 0.49533641361319886 -1.0000000180025095e-35 0.81174490092936691 -243.50499999999994 -0.60355339059327384 1.9467176928395675 0.15364126980085169 253.01000000000002 0.49895931004234334 220.00500000000002 0.81174490092936691 1.0000000180025095e-35 0.51868615759919612 0.26079311168918645 209.49499999999992 0.36801680736231357 6.1802585000000008 13.638033500000002 0.45707478635649396 12.029007500000001 -243.50499999999994 0.067477736225598883 5.7639892500000007 0.085342893742613321 0.061552621303690887 1.0000000180025095e-35 -0.37940952255126009 -0.5 0.6078576107927941 0.1294095225512602 0.42001444417778327 0.56432041997074134 0.15617597433275157 0.089368543747394266 -0.37940952255126009 0.32845036644716924 0.81174490092936691 10.065666500000001 5.3212885000000005 5.3212885000000005 3.4572059000000004 0.18311622431001986 1.0000000180025095e-35 0.52982324998091113 195.01000000000013 1.0000000180025095e-35 -0.78656609248549325
decision_type=2 2 2 2 2 2 2 2 2 2 2 2 2 2 2 2 2 2 2 2 2 2 2 2 2 2 2 2 2 2 2 2 2 2 2 2 2 2 2 2 2 2 2 2 2 2 2 2 2 2 2 2 2 2 2 2 2 2 2 2 2 2
left_child=2 3 9 12 6 11 20 25 14 15 24 39 22 51 34 17 21 30 -19 -12 29 37 46 54 -10 31 50 -13 57 -3 -1 48 -24 42 -5 -23 -22 -9 61 -6 41 -18 -14 56 -16 -40 -2 -33 -4 -30 -27 -11 -53 -25 -7 -42 -15 -17 -45 -28 -35 -8
right_child=1 4 7 8 5 23 38 16 10 13 19 27 33 43 44 28 40 18 -20 -21 36 35 32 53 -26 26 59 -29 49 -31 -32 47 -34 60 -36 -37 -38 -39 45 -41 55 -43 -44 58 -46 -47 -48 -49 -50 -51 -52 52 -54 -55 -56 -57 -58 -59 -60 -61 -62 -63
leaf_value=-13.755696255399741 7.3224022851925969 20.751293368895205 1.9972623942373322 15.744539592429229 13.485192307905718 17.745833510485564 35.757230893025358 3.6876724653174797 13.204825283985139 2.9450503074832084 -8.3995607123167613 28.34364072033361 -10.107719359146921 -7.0708451334046121 36.722239147415003 -16.18831317938988 18.406910587704701 11.47028511581421 -8.0493104454748217 8.4765355828821409 35.136174363312897 -25.022162668781895 12.000066374207007 -6.871680454214415 21.053459103694962 4.9230374643695889 -5.5436407358677631 18.436702856755037 -15.519340879426537 30.670079053098505 -10.549916915865559 -4.3879824500581632 29.13064469505759 -5.206046988543342 21.750006267121208 -6.2444838448702278 28.243384090872077 -2.0062903930633578 35.742272186473755 -6.029509611129761 7.299331085798217 4.0156916016170285 7.7076643785288645 12.318123444515466 21.001275857624258 17.372766927701456 -4.7817778315776733 -10.649977078247071 -2.919015945205115 -11.978038525453012 14.461626846746967 23.717567747320452 2.2909960442322954 -29.306817432750353 0.083326822343419815 2.7080969459158486 -22.147412243652344 -21.860137911382711 -3.0959877333433736 2.2287120876672133 -17.184470532666083 43.263228381959024
leaf_weight=1176 2264 367 382 504 53 20 111 506 873 39 67 580 36 116 121 419 136 73 1614 484 403 29 513 22 347 132 227 216 552 174 8131 2071 32 32 518 116 469 522 280 34 285 261 69 23 55 25 39 148 530 2450 108 54 24 20 59 927 23 157 21 51 44 451
leaf_count=1176 2264 367 382 504 53 20 111 506 873 39 67 580 36 116 121 419 136 73 1614 484 403 29 513 22 347 132 227 216 552 174 8131 2071 32 32 518 116 469 522 280 34 285 261 69 23 55 25 39 148 530 2450 108 54 24 20 59 927 23 157 21 51 44 451
internal_value=0.022104 17.8367 -7.7409 11.6992 29.0325 20.5026 32.7674 -0.445224 15.9652 -10.8952 12.6576 23.7738 7.50994 1.18277 20.8256 -11.144 2.6999 -10.3814 -7.19207 6.40149 28.6841 -0.587659 8.26912 -3.36727 15.468 -2.84324 2.11365 25.7083 -13.4801 24.0427 -10.9579 -3.66414 13.1087 -4.39533 18.8249 -10.2894 31.502 0.798094 39.3409 5.89459 5.09437 9.01325 1.52473 -6.22327 32.1006 34.3596 7.11345 -4.81485 -0.859915 -12.6391 9.29947 12.6765 17.3469 -18.4017 4.88267 3.79797 -9.84433 -17.8046 5.14653 -4.11202 -12.4038 41.9128
internal_weight=30585 9282 21303 5998 3284 1004 2280 6431 2969 14872 1771 883 3029 300 1198 14572 2782 10994 1687 551 1413 1173 2848 121 1220 3649 518 796 3578 541 9307 3131 545 181 1022 145 872 1028 867 87 1609 397 105 183 176 305 2303 2219 912 3002 240 117 78 42 79 1212 139 576 44 278 76 562
internal_count=30585 9282 21303 5998 3284 1004 2280 6431 2969 14872 1771 883 3029 300 1198 14572 2782 10994 1687 551 1413 1173 2848 121 1220 3649 518 796 3578 541 9307 3131 545 181 1022 145 872 1028 867 87 1609 397 105 183 176 305 2303 2219 912 3002 240 117 78 42 79 1212 139 576 44 278 76 562
is_linear=0
shrinkage=0.05


Tree=19
num_leaves=62
num_cat=0
split_feature=4 5 5 4 5 5 4 4 1 1 0 9 4 4 1 4 1 1 5 0 1 1 5 0 1 1 4 5 0 5 4 4 5 0 8 4 9 6 2 8 4 1 5 4 5 12 12 5 0 1 1 4 6 1 9 1 5 8 1 1 1
split_gain=1.57704e+09 2.50432e+08 1.91874e+08 5.26841e+07 3.76272e+07 3.36889e+07 1.85601e+07 1.66026e+07 1.58355e+07 1.50744e+07 1.36782e+07 1.40915e+07 1.07172e+07 1.00559e+07 9.18909e+06 1.00948e+07 9.0853e+06 9.05784e+06 8.82355e+06 7.83812e+06 9.33125e+06 7.72622e+06 7.55766e+06 6.47087e+06 6.18911e+06 5.66407e+06 4.56076e+06 4.4659e+06 4.42752e+06 4.42719e+06 4.281e+06 3.82459e+06 3.70851e+06 3.67979e+06 3.63401e+06 3.57393e+06 3.39083e+06 3.22773e+06 2.90609e+06 2.85012e+06 2.75654e+06 2.43019e+06 2.40206e+06 2.31458e+06 2.13017e+06 2.02947e+06 1.94338e+06 1.68558e+06 1.48918e+06 1.21457e+06 1.18551e+06 1.17205e+06 1.09788e+06 1.01153e+06 951512 701988 671120 624434 567600 411311 384465
threshold=1287.4162629641171 2111.7118711774119 691.30499012125676 1769.3285804849877 1658.6664974867074 2803.4179486041867 505.66185130334253 968.67081498696814 0.08601658294058849 0.18311622431001986 0.45150566764261718 0.81174490092936691 2536.291659429196 825.69143666385446 0.14429117344799927 1543.9451096952896 0.17016939900540015 0.07815191598035949 1420.263053060253 0.41577432758218852 0.1199493963633096 0.20179298745144222 303.37034084237683 0.54046830107583299 0.058955156445926644 0.17754724334573557 2131.9594740145162 1769.3285804849877 0.53476337928950091 2443.5219297118733 737.99007240261528 2231.5016179326008 1151.974653264883 0.46662214522514028 -0.60785761079279388 799.63361735704586 0.81174490092936691 -0.37940952255126059 1.3470436256828324 0.6078576107927941 435.10818819300431 0.19305214367951343 1374.6770639519916 2626.1050338120644 3005.0980100075335 6.3173413000000007 5.2732260000000011 2970.0870861186709 0.48535005821532279 0.062711983669396343 0.053624484105295342 2863.635411009132 0.78656609248549325 0.1969881678844059 0.81174490092936691 0.18635890477550934 245.39854935753308 -0.60785761079279388 0.063649560407954234 0.15364126980085169 0.11269189017778734
decision_type=2 2 2 2 2 2 2 2 2 2 2 2 2 2 2 2 2 2 2 2 2 2 2 2 2 2 2 2 2 2 2 2 2 2 2 2 2 2 2 2 2 2 2 2 2 2 2 2 2 2 2 2 2 2 2 2 2 2 2 2 2
left_child=2 3 6 14 7 8 22 17 23 12 11 39 24 36 15 42 -15 18 -4 44 51 26 49 43 -5 32 -10 31 34 -13 -19 -11 -9 -23 -16 55 -12 -14 -17 -6 50 45 -2 -3 60 -37 -27 -22 -29 57 -24 -21 -25 -30 -51 56 -8 -1 -42 -46 -7
right_child=1 5 4 9 10 19 35 25 21 27 13 29 37 16 28 38 -18 30 -20 20 47 33 40 52 -26 46 -28 48 53 -31 -32 -33 -34 -35 -36 41 -38 -39 -40 -41 58 -43 -44 -45 59 -47 -48 -49 -50 54 -52 -53 -54 -55 -56 -57 -58 -59 -60 -61 -62
leaf_value=-15.287820592734505 5.2144533222825693 27.869680044477448 -1.4232947474611475 20.772195318301073 -2.2450197893886243 35.65578190038817 -1.1046530606196476 0.40352279293962029 15.910824230708181 1.2417221035559973 -0.44437921971082689 22.699647875827296 35.343276714986686 22.706657988942904 -1.7000966334675631 16.162243565533842 -4.0662237035526942 -8.7121836690819308 19.099854400776053 27.523102865609964 -2.257408795166016 11.881857216217938 -10.943480129735487 4.975788628896078 14.815959293418457 -1.2230312081308743 24.051620025275504 14.812420774146695 -4.1843036340784145 40.782031138791879 -3.9511778128700841 -22.227884703926421 4.5899863016657614 -13.391621556091309 6.3438035212048129 1.9294976405275834 -19.13153346824646 23.163917269252593 10.49416202369564 16.153780936237535 -9.9888234417608146 -19.201251923370364 8.636864145705502 33.818917609159939 41.116571867963103 -4.6643255553247664 -12.372432498648054 15.560859804789226 -0.66960123972459273 -17.395887266604408 -12.997402373895969 37.335376753646337 18.433321192814756 -18.710324196448692 -10.29947520505465 -17.139193665764548 -7.966519809545666 -11.897383721128422 -10.925699834987626 33.019201470947273 29.030723370775885
leaf_weight=299 1029 671 1738 710 57 321 37 987 318 70 62 113 96 85 213 446 49 740 52 120 23 32 1254 28 1239 74 436 65 25 57 1318 21 1139 23 406 146 38 187 501 31 3863 23 1051 311 468 561 82 28 20 564 2010 87 37 24 63 20 1971 374 3603 73 96
leaf_count=299 1029 671 1738 710 57 321 37 987 318 70 62 113 96 85 213 446 49 740 52 120 23 32 1254 28 1239 74 436 65 25 57 1318 21 1139 23 406 146 38 187 501 31 3863 23 1051 311 468 561 82 28 20 564 2010 87 37 24 63 20 1971 374 3603 73 96
internal_value=0.0221652 17.3637 -7.41026 11.4967 -0.336579 29.0043 -10.5773 -1.40592 24.7067 17.2506 12.9385 20.8355 18.3608 4.12875 7.73959 8.91053 13.0007 -3.40913 -0.806437 35.5124 27.2733 19.353 -11.4262 28.7987 17.0048 1.97199 20.6694 3.1228 2.42282 29.1663 -5.6699 -4.53583 2.64862 1.21382 3.5793 -6.86905 -7.78144 27.5145 13.192 4.45126 -10.9849 -3.85312 6.9504 29.8187 37.6699 -3.30105 -7.16607 7.74312 11.2379 -15.0465 -12.2155 31.9649 12.9579 -11.7539 -16.7179 -7.9498 -7.84131 -13.4445 -10.4438 40.1496 34.2765
internal_weight=30585 9175 21410 6103 6622 3072 14788 6130 1856 2408 492 258 2232 234 3695 3027 134 3848 1790 1216 258 809 12030 1047 1949 2282 754 176 668 170 2058 91 2126 55 619 2758 100 283 947 88 10730 730 2080 982 958 707 156 51 85 1300 3264 207 65 49 627 2028 2008 673 7466 541 417
internal_count=30585 9175 21410 6103 6622 3072 14788 6130 1856 2408 492 258 2232 234 3695 3027 134 3848 1790 1216 258 809 12030 1047 1949 2282 754 176 668 170 2058 91 2126 55 619 2758 100 283 947 88 10730 730 2080 982 958 707 156 51 85 1300 3264 207 65 49 627 2028 2008 673 7466 541 417
is_linear=0
shrinkage=0.05


Tree=20
num_leaves=57
num_cat=0
split_feature=4 5 5 4 4 5 5 1 1 1 1 4 1 5 13 5 5 1 3 4 4 4 1 13 1 1 8 6 5 3 4 5 13 5 1 4 4 5 1 2 4 3 1 1 13 13 1 1 4 7 6 3 4 1 8 1
split_gain=1.42438e+09 2.45592e+08 1.62631e+08 4.64239e+07 3.42464e+07 2.98538e+07 2.1246e+07 1.79432e+07 1.68696e+07 1.46061e+07 1.28878e+07 9.78256e+06 9.06554e+06 8.77172e+06 7.72808e+06 7.6475e+06 7.5402e+06 7.32314e+06 7.07288e+06 6.45401e+06 5.20593e+06 5.19453e+06 4.89744e+06 4.84715e+06 4.70945e+06 4.42551e+06 4.38659e+06 4.22991e+06 3.76359e+06 3.45483e+06 2.99564e+06 2.90393e+06 2.76918e+06 2.76431e+06 2.50534e+06 2.48261e+06 2.3296e+06 2.18623e+06 2.18008e+06 2.07836e+06 2.04924e+06 2.03749e+06 1.67195e+06 1.50484e+06 1.47708e+06 1.29669e+06 1.26643e+06 980710 929302 800228 765637 688131 661393 643619 579247 406021
threshold=1426.8210489660182 846.87044976825905 2231.5016179326008 553.2163897711697 1873.4163097475914 1658.6664974867074 2970.0870861186709 0.18946953262365177 0.079306453220254175 0.21364731160036707 0.13921441832033407 765.41741919235653 0.14429117344799927 2084.4454757204603 8.3599170000000012 345.30973808767914 1118.0986428112681 0.08601658294058849 178.04999999999998 2536.291659429196 822.73278426324293 413.40555236579354 0.17754724334573557 11.491747500000001 0.24704976018373964 0.24704976018373964 -0.60785761079279388 0.25881904510252091 408.33640951823747 -1.0000000180025095e-35 1950.5840221573269 1433.9411256865305 12.040444000000003 1118.0986428112681 0.15364126980085169 456.6266919160783 1223.5762089648749 1743.9111632769943 0.066298056667291869 2.0229317428466573 292.28312417948536 -638.51999999999987 0.10969380598633353 0.14297706999227716 10.560016500000001 10.560016500000001 0.19305214367951343 0.06415770680355494 3302.9503335992745 0.1294095225512602 -0.78656609248549292 800.00000000000023 497.56705224025785 0.054139681986966538 -0.60785761079279388 0.19305214367951343
decision_type=2 2 2 2 2 2 2 2 2 2 2 2 2 2 2 2 2 2 2 2 2 2 2 2 2 2 2 2 2 2 2 2 2 2 2 2 2 2 2 2 2 2 2 2 2 2 2 2 2 2 2 2 2 2 2 2
left_child=1 3 4 15 12 8 7 17 16 19 13 26 18 21 55 40 36 23 37 28 45 -7 -13 -4 -16 33 -10 -21 -6 -9 -19 -18 34 -14 -22 47 -3 -2 -20 -31 53 44 -15 -34 -8 51 48 -17 -43 -11 -47 -5 -37 -1 -42 -12
right_child=2 5 6 20 9 10 41 29 11 49 14 22 25 42 24 35 31 30 38 27 32 -23 -24 -25 -26 -27 -28 -29 -30 39 -32 -33 43 -35 -36 52 -38 -39 -40 -41 54 46 -44 -45 -46 50 -48 -49 -50 -51 -52 -53 -54 -55 -56 -57
leaf_value=-13.517983926364352 8.288139658986367 0.14351162870866016 32.67556227221565 -6.9525949433295384 3.1372183499437702 -2.3919534947077437 34.302383283268327 -12.577646269364791 -16.77605961207686 -15.704152670669556 14.864994031216236 0.78801117807874321 -3.8640439575012415 34.405665425789067 2.339718383833163 -10.178835196285073 5.8514259031709308 15.013898708155899 18.59850269081409 29.804983453727903 -3.0402419591547858 16.603751561289858 -5.9389490042228239 25.57340289983593 -20.113715599907771 -17.570084412314674 -5.2460407686313264 18.354929991394659 17.942031384512006 4.155823162480405 24.335328230336458 13.160884452730224 2.670323939726309 6.5622103783652896 -11.864688756798591 -9.7513129871118007 5.6762451404583558 12.735367406250766 12.858664301523277 21.521649855392482 -13.570102094821516 36.385549789786936 19.777346437772117 -4.5778155178609099 17.5717174803905 -12.11365657099971 22.07908767260038 -11.711520666783251 45.531903125538548 -2.3729527759552003 -3.3878722610714593 1.0238200539556044 -8.4336664265731169 -17.209712734174847 -11.375740277475591 25.375926055908206
leaf_weight=250 1134 949 628 1651 45 43 31 20 114 23 45 1954 71 80 171 2090 1284 120 323 208 1324 205 312 486 25 20 297 156 1705 55 493 152 322 523 84 4976 236 379 401 24 644 605 40 90 37 25 24 2538 66 22 468 27 1338 399 832 21
leaf_count=250 1134 949 628 1651 45 43 31 20 114 23 45 1954 71 80 171 2090 1284 120 323 208 1324 205 312 486 25 20 297 156 1705 55 493 152 322 523 84 4976 236 379 401 24 644 605 40 90 37 25 24 2538 66 22 468 27 1338 399 832 21
internal_value=0.0222831 -6.1819 18.7858 -9.22836 13.5185 2.58454 28.9604 25.9644 1.35869 18.2712 12.8564 -1.43265 9.90908 18.8683 4.33336 -10.67 4.2086 27.1504 11.3864 18.8722 -4.50539 13.3173 -0.142626 29.6285 -0.698455 4.50736 -8.50991 25.0249 17.5654 5.14591 22.5653 6.64236 -2.52893 5.30718 -3.58279 -10.132 1.2531 9.4175 15.4636 9.83271 -13.428 36.0439 29.9338 1.07251 25.9612 -6.15845 36.953 -11.0241 37.4178 -9.5651 -3.87752 -6.82318 -9.47485 -15.8335 -12.3502 18.8574
internal_weight=30585 22986 7599 17058 5010 5928 2589 1826 5298 2159 630 2677 2851 368 262 13067 2621 1727 2237 2114 3991 248 2266 1114 196 614 411 364 1750 99 613 1436 1820 594 1408 10942 1185 1513 724 79 2125 763 120 412 68 2171 695 4628 671 45 493 1678 6314 649 1476 66
internal_count=30585 22986 7599 17058 5010 5928 2589 1826 5298 2159 630 2677 2851 368 262 13067 2621 1727 2237 2114 3991 248 2266 1114 196 614 411 364 1750 99 613 1436 1820 594 1408 10942 1185 1513 724 79 2125 763 120 412 68 2171 695 4628 671 45 493 1678 6314 649 1476 66
is_linear=0
shrinkage=0.05


Tree=21
num_leaves=62
num_cat=0
split_feature=2 2 2 2 0 3 2 3 7 0 0 0 7 8 7 9 9 3 0 12 8 12 0 12 9 7 2 2 8 7 12 2 12 0 3 8 0 8 0 2 3 12 7 9 8 3 3 0 2 3 3 9 6 12 0 3 3 3 3 11 0
split_gain=1.24437e+09 1.88926e+08 1.44767e+08 4.7818e+07 2.45276e+07 1.55828e+07 1.43498e+07 1.38025e+07 1.0666e+07 9.62972e+06 8.51152e+06 8.29756e+06 8.16941e+06 7.44464e+06 7.41404e+06 6.83746e+06 6.72691e+06 8.72421e+06 6.42026e+06 5.71183e+06 5.67664e+06 5.01832e+06 4.91671e+06 4.83775e+06 4.75102e+06 7.57731e+06 4.46516e+06 4.22506e+06 4.00051e+06 3.41912e+06 3.40566e+06 3.2035e+06 3.16116e+06 2.99458e+06 2.98871e+06 2.7675e+06 2.60278e+06 3.25501e+06 2.47467e+06 2.30618e+06 2.14459e+06 2.13782e+06 2.03701e+06 1.90131e+06 1.89824e+06 1.84426e+06 1.80973e+06 1.67357e+06 1.37612e+06 1.32147e+06 1.23325e+06 1.22809e+06 1.18667e+06 1.39471e+06 1.07374e+06 1.00355e+06 870292 865548 860746 612881 420201
threshold=1.0660977007725549 1.9467176928395675 0.58230566924780902 1.3366940629555748 0.42961545902127568 220.00500000000002 0.8062073678119196 299.99999999999972 -0.60355339059327384 0.50247997818105761 0.42638154842451809 0.49533641361319886 -0.37940952255126009 -1.0000000180025095e-35 -0.9159756150367534 0.81174490092936691 0.81174490092936691 -243.50499999999994 0.52982324998091113 5.7639892500000007 -1.0000000180025095e-35 11.005596000000002 0.50488326144062734 5.7639892500000007 0.81174490092936691 1.0000000180025095e-35 2.2824269971427964 0.027067348678601878 -1.0000000180025095e-35 -0.37940952255126009 2.9925111000000002 0.36404528670822217 3.6602760000000005 0.55822821171919923 87.590000000000046 -1.0000000180025095e-35 0.53476337928950091 1.0000000180025095e-35 0.52982324998091113 2.4674322294762998 -269.97499999999997 3.4572059000000004 -0.37940952255126009 1.0000000180025095e-35 1.0000000180025095e-35 1250.0050000000003 -44.134999999999984 0.3023167089696065 1.0836100005624145 99.990000000000137 115.01000000000012 0.81174490092936691 0.25881904510252091 6.1361385000000004 0.40193690434244789 -1227.9999999999998 151.00500000000014 195.01000000000013 19.944999999999997 1.0000000180025095e-35 0.36679550891448365
decision_type=2 2 2 2 2 2 2 2 2 2 2 2 2 2 2 2 2 2 2 2 2 2 2 2 2 2 2 2 2 2 2 2 2 2 2 2 2 2 2 2 2 2 2 2 2 2 2 2 2 2 2 2 2 2 2 2 2 2 2 2 2
left_child=2 3 7 21 14 9 24 11 19 15 45 16 -11 23 52 -5 31 -18 39 -6 29 32 -22 46 30 47 50 59 43 -7 56 -1 48 -34 35 -23 37 -15 -30 -10 -25 -20 -29 -12 -32 54 -8 -26 -2 -21 -16 -36 53 -3 -9 -28 -4 -27 -38 -13 -54
right_child=1 4 6 5 8 20 13 10 18 12 28 27 -14 36 26 -17 17 -19 41 49 22 34 -24 40 25 57 55 42 38 -31 44 -33 33 -35 51 -37 58 -39 -40 -41 -42 -43 -44 -45 -46 -47 -48 -49 -50 -51 -52 -53 60 -55 -56 -57 -58 -59 -60 -61 -62
leaf_value=-11.942413741676454 16.976424774690109 27.352882495456271 0.13637487873778364 12.749190753116004 17.80354193575242 10.890023576144266 -4.1994091189717073 13.258975403121873 22.195455875065267 -20.546424322539366 -3.5751242861876622 -15.949134657237842 7.1179035010406935 9.4792319256857418 27.377812891166361 21.739393263912987 10.744363586680095 -6.7282664345861365 15.819992714352077 -18.014406959360297 24.167721055839024 -2.1394000960232922 12.102249640182215 -10.802180469638699 2.5936468172073361 -4.9230882151991011 23.330367971692766 -13.692550609009897 7.9356266770967796 18.527989249020241 -4.9487094409037002 -9.0578172614855106 4.850238061448465 -8.1049902001735958 14.205258275381528 12.05905845374204 -5.6213299888906194 3.8976314304899731 -5.987976800437834 32.001127702152033 -2.4803842802892411 -0.27212778317928316 -10.593940015745872 -19.017281763696673 -2.3503711117350017 25.875267542203268 3.9033815816259487 11.45627879869938 7.7244511651383689 -1.2585357723917281 33.660924731145933 25.666947350935505 28.077573972115154 13.148544297580479 0.039620358546574912 35.514141610266392 5.9938655479219225 2.2097070108269747 1.4896851492335657 -22.871758742513538 17.395531120300294
leaf_weight=1116 42 25 215 1956 32 245 79 49 457 27 35 113 343 345 505 241 73 1614 43 20 588 55 106 89 82 227 33 700 65 414 1468 8191 1791 44 159 87 65 1084 59 83 535 38 2688 48 1360 22 470 158 820 26 156 31 76 77 22 736 88 51 115 77 26
leaf_count=1116 42 25 215 1956 32 245 79 49 457 27 35 113 343 345 505 241 73 1614 43 20 588 55 106 89 82 227 33 700 65 414 1468 8191 1791 44 159 87 65 1084 59 83 535 38 2688 48 1360 22 470 158 820 26 156 31 76 77 22 736 88 51 115 77 26
internal_value=0.0221821 15.2991 -6.63496 11.1602 27.6068 14.8059 -0.366717 -9.34509 19.6613 12.4972 1.26305 -9.56363 4.99953 2.33731 30.9776 13.7542 -8.87863 -5.96036 21.844 2.17193 19.1612 6.43533 22.3649 -0.691682 -2.42842 2.00116 32.28 -11.6623 -4.38626 15.7299 -3.16207 -9.4062 5.71327 4.53111 12.2317 6.60629 4.54363 5.25655 1.32076 23.8152 -3.69803 8.4459 -11.2419 -12.7429 -3.7017 13.665 2.72639 8.47469 8.2135 -8.99085 28.9577 16.3232 21.6233 17.0891 9.27621 35.0532 1.86573 -3.6081 -1.11171 -18.9637 25.7416
internal_weight=30585 9282 21303 6949 2333 3920 6431 14872 699 2567 300 14572 370 2782 1634 2197 10994 1687 621 78 1353 3029 694 1173 3649 518 1430 3578 207 659 3131 9307 2697 1835 332 142 1609 1429 124 540 624 81 3388 83 2828 93 549 240 862 46 661 190 204 102 71 769 303 278 180 190 102
internal_count=30585 9282 21303 6949 2333 3920 6431 14872 699 2567 300 14572 370 2782 1634 2197 10994 1687 621 78 1353 3029 694 1173 3649 518 1430 3578 207 659 3131 9307 2697 1835 332 142 1609 1429 124 540 624 81 3388 83 2828 93 549 240 862 46 661 190 204 102 71 769 303 278 180 190 102
is_linear=0
shrinkage=0.05


Tree=22
num_leaves=56
num_cat=0
split_feature=5 4 5 4 4 11 1 1 5 9 5 4 1 1 4 1 4 1 12 7 1 12 7 8 12 11 5 1 12 1 12 1 8 7 4 1 7 4 6 1 5 4 7 7 5 1 9 4 1 7 8 7 1 6 9
split_gain=1.17197e+09 2.10138e+08 1.35316e+08 4.83427e+07 3.23861e+07 2.56067e+07 2.25104e+07 2.17078e+07 1.89326e+07 1.31861e+07 1.11973e+07 9.83528e+06 8.8797e+06 8.61852e+06 1.04625e+07 7.92843e+06 6.34939e+06 6.11608e+06 5.85435e+06 6.33149e+06 5.71813e+06 6.56606e+06 4.82309e+06 3.3589e+06 3.57857e+06 3.26147e+06 3.71428e+06 2.74744e+06 2.55515e+06 2.55015e+06 2.46778e+06 2.40671e+06 2.38619e+06 2.15785e+06 1.97199e+06 1.9334e+06 1.87585e+06 1.72318e+06 1.60613e+06 1.49704e+06 1.48871e+06 1.28687e+06 1.26158e+06 1.1574e+06 929033 861219 835373 714982 712439 662944 655377 572191 537521 367263 190899
threshold=1426.8210489660182 799.63361735704586 2507.049509271968 1860.6573161070698 1234.7430767968854 1.0000000180025095e-35 0.22031234280403358 0.22920403930075578 540.38965734328144 0.81174490092936691 3005.0980100075335 2199.3054585573159 0.1969881678844059 0.11824496080429213 1543.9451096952896 0.10969380598633353 342.05290360586548 0.057872501007512171 10.065666500000001 -0.12940952255126034 0.15497246883075538 7.804930950000001 -0.37940952255126009 -0.60785761079279388 10.229593500000002 1.0000000180025095e-35 897.8655247089365 0.17016939900540015 5.2732260000000011 0.16073202496419656 7.7021935000000008 0.16073202496419656 1.0000000180025095e-35 0.1294095225512602 2895.5032941072968 0.089368543747394266 -0.37940952255126009 461.99326373074319 -0.70710678118654735 0.074347724142009977 1049.3359823433866 455.62353809136573 1.0000000180025095e-35 -0.37940952255126009 331.65594811364673 0.087347966513776756 0.81174490092936691 3302.9503335992745 0.20179298745144222 -0.37940952255126009 -0.60785761079279388 -0.12940952255126034 0.11573843638251087 0.12940952255126043 -0.22252093395631442
decision_type=2 2 2 2 2 2 2 2 2 2 2 2 2 2 2 2 2 2 2 2 2 2 2 2 2 2 2 2 2 2 2 2 2 2 2 2 2 2 2 2 2 2 2 2 2 2 2 2 2 2 2 2 2 2 2
left_child=1 8 3 5 20 7 10 9 16 -2 15 29 17 14 36 34 39 -13 33 -20 21 35 -16 27 -25 26 45 -15 53 42 -17 -28 -9 -7 -4 -3 -6 52 -31 50 -23 54 -5 -30 -41 -10 47 -12 -39 -43 -1 -48 -18 -22 -27
right_child=2 4 6 11 13 18 -8 32 25 -11 46 12 -14 23 22 30 37 -19 19 -21 28 40 -24 24 -26 41 31 -29 43 38 -32 -33 -34 -35 -36 -37 -38 48 -40 44 -42 49 -44 -45 -46 -47 51 -49 -50 -51 -52 -53 -54 -55 -56
leaf_value=-13.020243569712537 9.2933762294802218 2.7295508197002691 26.949220531367956 14.082048318221334 2.7798343386711459 -22.961982449804037 -10.848888761159536 -19.046800254234903 -4.6507546173295706 18.565663883486952 32.14609931298267 27.128249129940038 -5.3191789187154468 0.61911307381360969 7.1745345444047564 13.651016338998957 -9.5736158115843235 19.31657831189429 -9.5213953462399932 22.901207498836516 0.85215772844472171 -3.3392798292735026 16.661528912680946 1.9879319862806673 15.492701908805154 -13.035901470947266 0.52248795220987831 -8.9133587980078115 -14.365123606409348 15.278684968225887 22.791502718715709 -9.0892230782226502 -1.475064411799113 -9.1300803594028253 32.949504910111429 -0.65377910111902759 6.2332255335783842 -8.5358331029410319 5.0003614811704615 -15.451811286756726 0.52384001166033911 -12.167886916737499 17.583491821110037 -7.2314547045417132 -12.151742875047162 -6.7662988696886206 44.099017400872221 41.09058569335938 -17.710317343006963 -5.6833351538038777 -10.022184314213121 31.102081904743997 -10.917111782784591 -3.8114543380722021 -22.660947907765706
leaf_weight=284 2376 1086 636 519 639 54 35 63 1146 459 512 433 29 193 232 127 4053 689 36 23 57 1687 332 463 53 23 454 122 96 64 231 74 28 66 254 689 1043 5736 97 448 292 79 703 158 548 868 71 53 21 90 767 41 1077 154 22
leaf_count=284 2376 1086 636 519 639 54 35 63 1146 459 512 433 29 193 232 127 4053 689 36 23 57 1687 332 463 53 23 454 122 96 64 231 74 28 66 254 689 1043 5736 97 448 292 79 703 158 548 868 71 53 21 90 767 41 1077 154 22
internal_value=0.0223036 -5.60538 17.0423 13.1006 1.40507 8.90895 28.358 10.0328 -8.86507 10.8066 29.0814 18.2256 21.6684 5.30411 6.91255 26.1601 -9.66714 22.3742 -9.37019 3.4543 -1.43975 -0.790213 12.7982 0.950735 3.42952 -5.09664 -4.59052 -3.10576 -6.65766 15.3333 19.6428 -0.853814 -13.7882 -15.6289 28.7317 1.41699 4.92613 -9.18234 9.22352 -12.2341 -2.76932 -11.0104 16.1218 -10.0188 -13.6641 -5.56833 34.3737 33.1271 -8.57544 -8.82147 -10.8555 39.9704 -9.85982 -2.55542 -18.5056
internal_weight=30585 22986 7599 5639 7296 3105 1960 2926 15690 2835 1925 2534 1151 3077 2246 1248 12934 1122 179 59 4219 3754 564 831 516 2756 2542 315 465 1383 358 528 91 120 890 1775 1682 10887 161 2047 1979 214 1222 254 996 2014 677 565 5757 169 1051 112 5130 211 45
internal_count=30585 22986 7599 5639 7296 3105 1960 2926 15690 2835 1925 2534 1151 3077 2246 1248 12934 1122 179 59 4219 3754 564 831 516 2756 2542 315 465 1383 358 528 91 120 890 1775 1682 10887 161 2047 1979 214 1222 254 996 2014 677 565 5757 169 1051 112 5130 211 45
is_linear=0
shrinkage=0.05


Tree=23
num_leaves=59
num_cat=0
split_feature=2 2 2 2 12 0 1 1 1 2 9 0 9 8 2 0 1 1 12 1 0 7 11 0 0 2 9 7 7 1 7 2 1 0 2 2 12 9 0 2 9 7 11 1 2 0 1 12 6 7 1 8 2 8 6 0 2 7
split_gain=1.01389e+09 1.56468e+08 1.18459e+08 3.63495e+07 1.86414e+07 1.56247e+07 1.48954e+07 1.4696e+07 1.29418e+07 1.2156e+07 7.9649e+06 7.76188e+06 9.82326e+06 6.49043e+06 6.36376e+06 5.79959e+06 5.63654e+06 5.53139e+06 5.38181e+06 4.97527e+06 4.87306e+06 4.6126e+06 7.4077e+06 4.0815e+06 4.06094e+06 4.04892e+06 3.93576e+06 7.11985e+06 3.91927e+06 3.90411e+06 3.89692e+06 3.75174e+06 3.53637e+06 3.0293e+06 2.7953e+06 2.70607e+06 2.39566e+06 2.26759e+06 2.40609e+06 1.86202e+06 1.75369e+06 1.72739e+06 1.68724e+06 1.59244e+06 1.57784e+06 1.39142e+06 1.30037e+06 1.28226e+06 1.17693e+06 1.07856e+06 1.07083e+06 1.0198e+06 939198 903401 856790 647910 643887 336211
threshold=1.0660977007725549 1.6073739134340836 0.5764194410878104 2.0624210383304367 10.855871500000001 0.41693426933808292 0.13522422607677229 0.14429117344799927 0.21364731160036707 0.8062073678119196 0.81174490092936691 0.47922952996817814 0.81174490092936691 -1.0000000180025095e-35 1.342247683271232 0.46462162509319233 0.24704976018373964 0.18635890477550934 2.8840660000000002 0.19305214367951343 0.51278855121779865 -0.12940952255126034 1.0000000180025095e-35 0.42111683830595142 0.54046830107583299 1.3470436256828324 0.81174490092936691 -0.12940952255126034 -0.9159756150367534 0.11658082995994952 1.0000000180025095e-35 0.26079311168918645 0.060107392327039592 0.57197458205021123 2.5791342372321999 1.0836100005624145 6.1802585000000008 1.0000000180025095e-35 0.55492632155945476 0.36404528670822217 1.0000000180025095e-35 -0.37940952255126009 1.0000000180025095e-35 0.15364126980085169 0.48274325702377002 0.3023167089696065 0.089368543747394266 11.307688000000001 1.0000000180025095e-35 -0.5 0.10819214303813932 -0.60785761079279388 1.2194699340046802 -1.0000000180025095e-35 -1.0000000180025095e-35 0.508465142281599 0.53949363362467617 0.25881904510252057
decision_type=2 2 2 2 2 2 2 2 2 2 2 2 2 2 2 2 2 2 2 2 2 2 2 2 2 2 2 2 2 2 2 2 2 2 2 2 2 2 2 2 2 2 2 2 2 2 2 2 2 2 2 2 2 2 2 2 2 2
left_child=2 4 11 8 7 28 24 14 20 26 21 12 39 19 35 -8 18 30 -9 33 32 22 -6 52 -7 -16 36 45 50 -22 -14 42 -3 -11 -30 -2 46 55 -39 49 -21 53 51 -38 -43 -28 -4 -44 -10 -1 -5 -13 -12 -33 -29 -15 -41 -23
right_child=1 3 9 5 10 6 15 16 48 13 23 31 17 37 25 -17 -18 -19 -20 40 29 57 -24 -25 -26 -27 27 54 34 -31 -32 41 -34 -35 -36 -37 43 38 -40 56 -42 44 47 -45 -46 -47 -48 -49 -50 -51 -52 -53 -54 -55 -56 -57 -58 -59
leaf_value=-13.011662855419074 12.541254955501092 21.122863261124188 1.3539630856760378 22.904469618094986 10.059773466979507 23.135786265241084 10.997164369062943 7.9631586815386415 1.3193831220166437 0.58851608145092404 16.197866858120623 -15.77280874364906 -2.928442223779006 2.8784178567343912 21.610431700750841 -15.864541380099348 -21.218974123636883 17.154979755719506 -1.7595510695058534 -7.6138846363023269 13.445156611184281 13.085943987699657 -16.398020601102285 7.5088226571208558 2.6632998609542851 10.129467217391387 2.8047966464757916 -0.24447135761602601 28.487066105284345 -2.6481625561092215 -8.2844136891325881 -12.964948867918663 16.363851295615721 -12.94613842287729 34.946434561951136 5.8308050892375265 -3.3912290427092402 6.6466766374485395 -3.962298314448061 -8.2924186893701908 -25.472824885326883 -9.4792580318962703 -20.291133523471117 -8.3593701873042381 -5.9760621887224694 11.092441684518542 -2.3747846264373176 -8.6740946245193467 -12.574249794588368 -9.1748427129757157 10.845804060935976 -10.489494589618715 28.874425153615046 -8.6344500358704011 -5.5903966845863176 -0.84723975383824313 -6.7757760126188238 16.962610360068062
leaf_weight=315 162 665 405 127 563 514 42 194 27 1070 27 142 1136 614 84 35 28 28 518 41 238 128 26 36 26 921 78 132 941 44 485 519 1128 41 269 2078 2108 796 56 6742 21 2933 136 174 376 152 548 34 32 529 28 345 120 181 172 143 851 281
leaf_count=315 162 665 405 127 563 514 42 194 27 1070 27 142 1136 614 84 35 28 28 518 41 238 128 26 36 26 921 78 132 941 44 485 519 1128 41 269 2078 2108 796 56 6742 21 2933 136 174 376 152 548 34 32 529 28 345 120 181 172 143 851 281
internal_value=0.0217163 13.8114 -5.98738 21.0829 8.01201 25.9694 19.24 6.37123 16.5243 -0.392076 13.5283 -8.47173 -7.68763 2.11401 7.8204 -1.30516 0.0124438 -4.15047 0.904492 -0.714104 17.1811 11.7262 8.84031 23.123 22.1635 11.1301 -2.24203 1.72971 28.9787 10.9332 -4.53918 -10.1626 18.1505 0.0666669 29.9784 6.32687 -2.89831 4.17411 5.94172 -8.37781 -14.27 -9.57752 -13.6929 -3.77703 -9.08504 8.33028 -0.790642 -18.0956 -6.38127 -10.6342 20.8921 -12.0882 26.7948 -11.873 -3.28593 2.17424 -8.12427 15.819
internal_weight=30585 9282 21303 4116 5166 1982 617 3985 2134 6551 1181 14752 10086 2782 3245 77 740 1649 712 1173 2075 998 589 183 540 1005 3769 534 1365 282 1621 4666 1793 1111 1210 2240 3235 1609 852 8437 62 4009 657 2282 3309 230 953 170 59 844 155 487 147 700 304 757 7593 409
internal_count=30585 9282 21303 4116 5166 1982 617 3985 2134 6551 1181 14752 10086 2782 3245 77 740 1649 712 1173 2075 998 589 183 540 1005 3769 534 1365 282 1621 4666 1793 1111 1210 2240 3235 1609 852 8437 62 4009 657 2282 3309 230 953 170 59 844 155 487 147 700 304 757 7593 409
is_linear=0
shrinkage=0.05


Tree=24
num_leaves=58
num_cat=0
split_feature=5 5 2 5 5 11 1 1 2 5 1 1 2 2 2 12 2 7 13 11 11 2 1 12 1 6 12 1 8 7 1 1 7 12 9 5 2 12 1 2 5 2 5 8 7 5 7 5 1 1 1 1 1 11 8 12 1
split_gain=9.67443e+08 1.63747e+08 1.02706e+08 3.11386e+07 2.59878e+07 1.98487e+07 1.64203e+07 1.63933e+07 1.3794e+07 1.2555e+07 9.24302e+06 8.66554e+06 8.44098e+06 7.89599e+06 7.66198e+06 5.8726e+06 5.85482e+06 5.82029e+06 5.70114e+06 5.00416e+06 4.98547e+06 4.91331e+06 4.62233e+06 4.09873e+06 3.90788e+06 3.62792e+06 3.14437e+06 3.22962e+06 3.08274e+06 3.05006e+06 3.00477e+06 2.949e+06 2.69399e+06 2.46337e+06 2.59656e+06 2.40155e+06 2.33896e+06 1.96475e+06 1.95709e+06 1.91903e+06 1.6891e+06 1.65316e+06 1.57029e+06 1.45196e+06 1.40475e+06 1.28578e+06 1.16829e+06 1.16449e+06 908817 730155 725957 639964 633402 508530 457286 385838 357243
threshold=1274.0841273047001 2111.7118711774119 0.61353214931582178 1720.0260074008504 2803.4179486041867 1.0000000180025095e-35 0.08601658294058849 0.17754724334573557 0.90598827827926787 540.38965734328144 0.17248759455961213 0.20179298745144222 1.9467176928395675 1.6999550330318913 1.5400139436404057 7.9153435000000014 0.66585374107932283 -0.37940952255126009 6.5157562000000011 1.0000000180025095e-35 1.0000000180025095e-35 0.3046457821390553 0.13608701970604178 2.9925111000000002 0.20768790288737579 -0.70710678118654735 3.3987086500000006 0.14429117344799927 -0.60785761079279388 -0.12940952255126034 0.11902083097981232 0.24704976018373964 -0.37940952255126009 7.5426510000000011 0.81174490092936691 3005.0980100075335 1.2636990303730811 7.6432585000000008 0.17754724334573557 0.41445400754259193 1118.0986428112681 0.26079311168918645 456.58362865070427 -0.60785761079279388 0.25881904510252057 303.37034084237683 1.0000000180025095e-35 910.35760903550988 0.21364731160036707 0.08601658294058849 0.12428960263369709 0.062711983669396343 0.074941269561409882 1.0000000180025095e-35 -0.60785761079279388 0.65915849500000012 0.058371238028711414
decision_type=2 2 2 2 2 2 2 2 2 2 2 2 2 2 2 2 2 2 2 2 2 2 2 2 2 2 2 2 2 2 2 2 2 2 2 2 2 2 2 2 2 2 2 2 2 2 2 2 2 2 2 2 2 2 2 2 2
left_child=2 3 9 7 6 12 23 13 26 21 14 25 18 20 29 -13 43 -7 -5 24 -2 45 -19 56 35 -8 49 37 40 -10 -15 -18 -16 41 39 -6 -25 -28 -14 -35 -12 -11 50 -9 -36 51 -29 -43 -30 54 -23 -1 -44 -47 -4 -51 -3
right_child=1 4 8 5 19 17 11 16 10 33 28 15 38 30 32 -17 31 22 -20 -21 -22 42 -24 36 -26 -27 27 46 48 -31 -32 -33 -34 34 44 -37 -38 -39 -40 -41 -42 47 52 -45 -46 53 -48 -49 -50 55 -52 -53 -54 -55 -56 -57 -58
leaf_value=-11.113353847361692 6.6805653706283694 17.644138810341818 -1.2165270586552159 17.457143148348145 26.19603657917385 -19.772580469343399 19.907544911294369 -27.376108265188005 0.11862906108121968 -12.869652343392373 -18.13904301395155 -11.644538879747744 24.700078920200468 17.322096492380933 4.6330774443679381 15.132207749684651 0.062580510663529168 12.915706191646809 11.407430459132728 7.6383790195349492 -3.3413539962218359 -8.7711067078189213 -8.5953708727219524 36.354514827728273 9.590558123434743 12.835983920499155 -0.35934401783430686 -10.003287180406261 2.9210469611485799 3.9438104426439184 1.6958719647558114 -17.163765296936035 14.921598501007939 -12.651632709867172 -0.83846677513620738 31.262286182634764 23.875177277090224 -3.1969704966220012 7.780470877937649 -6.1249999148748033 -4.0517651104225836 -2.5199169953992708 -7.383487853047507 -10.091221128586801 -8.5471671352121561 -9.6753259225126342 -4.5723961353355946 2.6563856186185566 -6.4935758061798259 -5.3530685939788825 -10.502649106405457 -14.48137655363033 -8.4569309511967443 -13.900524724394414 5.615896717888722 0.83873611552813943 11.247398651079699
leaf_weight=307 3168 169 29 582 546 43 294 25 1003 30 71 52 222 230 106 31 311 47 1259 31 128 4253 49 46 29 535 854 189 52 1083 36 25 167 129 333 658 810 2138 21 932 32 416 3584 29 70 892 219 145 47 28 779 380 2520 89 136 154 42
leaf_count=307 3168 169 29 582 546 43 294 25 1003 30 71 52 222 230 106 31 311 47 1259 31 128 4253 49 46 29 535 854 189 52 1083 36 25 167 129 333 658 810 2138 21 932 32 416 3584 29 70 892 219 145 47 28 779 380 2520 89 136 154 42
internal_value=0.0209492 13.3508 -5.9107 8.56834 22.4462 13.3017 18.8288 5.90045 -0.564928 -8.17973 2.2622 13.847 14.5213 6.96582 3.1429 -1.52279 -3.81587 -4.93093 13.3368 28.071 6.28957 -8.76229 1.9847 23.053 28.5715 15.3858 -2.49739 -2.9601 -7.95276 2.10645 15.2357 -1.3131 10.9896 -4.54501 -5.64421 29.0121 24.629 -2.38782 23.3134 -6.94085 -13.923 -1.81225 -8.37935 -18.7855 -2.21306 -11.3058 -7.12471 -1.17732 -1.58855 2.0273 -9.04323 -13.0129 -7.82928 -10.0862 4.41483 -0.161653 16.4884
internal_weight=30585 9418 21167 6175 3243 2223 1979 3952 6308 14859 2561 912 2084 3562 2359 83 390 139 1841 1264 3296 12804 96 1067 1233 829 3747 3400 202 2086 266 336 273 2055 1464 1204 856 2992 243 1061 103 591 11136 54 403 1668 408 561 99 347 5032 687 6104 981 165 182 211
internal_count=30585 9418 21167 6175 3243 2223 1979 3952 6308 14859 2561 912 2084 3562 2359 83 390 139 1841 1264 3296 12804 96 1067 1233 829 3747 3400 202 2086 266 336 273 2055 1464 1204 856 2992 243 1061 103 591 11136 54 403 1668 408 561 99 347 5032 687 6104 981 165 182 211
is_linear=0
shrinkage=0.05


Tree=25
num_leaves=59
num_cat=0
split_feature=4 4 4 4 0 4 3 4 8 3 11 0 11 9 3 3 3 8 3 0 0 8 3 4 0 6 3 8 0 4 9 0 11 9 3 12 3 4 2 3 3 12 4 0 12 8 3 8 3 6 12 8 4 4 0 4 8 9
split_gain=8.64958e+08 1.43169e+08 9.30108e+07 2.22043e+07 1.8902e+07 1.57554e+07 8.76068e+06 8.01093e+06 6.97262e+06 6.4547e+06 5.84115e+06 5.54806e+06 5.29056e+06 4.80304e+06 6.09333e+06 4.73462e+06 4.7201e+06 4.43669e+06 4.3403e+06 4.28322e+06 3.95684e+06 3.72095e+06 4.88746e+06 3.37921e+06 3.05633e+06 3.0036e+06 2.97002e+06 2.81892e+06 2.82261e+06 2.77773e+06 2.58635e+06 2.55808e+06 2.35994e+06 2.33749e+06 2.64698e+06 2.15197e+06 1.96404e+06 1.9272e+06 1.74937e+06 1.65047e+06 1.64464e+06 1.62428e+06 1.88819e+06 1.83577e+06 1.52798e+06 1.49871e+06 1.46659e+06 1.4464e+06 1.25236e+06 1.19919e+06 1.4426e+06 1.2279e+06 1.07232e+06 1.03948e+06 1.01121e+06 796611 770788 390167
threshold=1426.8210489660182 634.69102500918314 2273.1114059773076 942.61101605018291 0.44690705193421881 1743.9111632769943 485.01000000000005 2970.0870861186709 -1.0000000180025095e-35 276.16000000000014 1.0000000180025095e-35 0.47810391946109437 1.0000000180025095e-35 0.81174490092936691 -243.50499999999994 449.00500000000017 -1227.9999999999998 -1.0000000180025095e-35 961.81500000000017 0.48384259119072681 0.51868615759919612 -0.60785761079279388 -799.99999999999977 297.43633755801244 0.55822821171919923 -0.25881904510252113 397.00500000000017 -0.60785761079279388 0.50488326144062734 1317.5944467224513 1.0000000180025095e-35 0.38251672736131298 1.0000000180025095e-35 1.0000000180025095e-35 500.00000000000017 6.7830116500000015 178.04999999999998 446.1872835029489 0.49976053564537809 -0.20500000000001248 150.00500000000002 5.4148311500000004 2475.030458788719 0.56835695140508702 6.4001635000000006 0.6078576107927941 249.98999999999992 -1.0000000180025095e-35 1099.9950000000001 -0.70710678118654735 9.636448500000002 -0.60785761079279388 1603.25204566808 466.97449261193668 0.50597469630126457 158.91771680779286 -0.8783796973249266 1.0000000180025095e-35
decision_type=2 2 2 2 2 2 2 2 2 2 2 2 2 2 2 2 2 2 2 2 2 2 2 2 2 2 2 2 2 2 2 2 2 2 2 2 2 2 2 2 2 2 2 2 2 2 2 2 2 2 2 2 2 2 2 2 2 2
left_child=1 6 5 17 7 15 11 10 16 12 36 13 31 37 -15 21 -5 30 24 38 33 22 -2 39 -10 -14 44 56 -29 -18 40 -7 -23 35 -35 -6 -4 -1 55 -13 -3 43 -43 -22 -19 57 -32 54 -28 50 -9 -51 -49 -25 -17 -8 -11 -21
right_child=2 3 4 8 20 9 19 49 18 27 -12 23 25 14 -16 47 29 26 -20 45 41 32 -24 53 -26 -27 48 28 -30 -31 46 -33 -34 34 -36 -37 -38 -39 -40 -41 -42 42 -44 -45 -46 -47 -48 52 -50 51 -52 -53 -54 -55 -56 -57 -58 -59
leaf_value=-9.2717268753496267 -16.741747473683851 -3.7952885094905349 21.105250468418312 -18.312357492735892 14.805671063959601 14.554863582409855 3.5647865304998732 27.970853457524228 4.4602433472135061 15.51913522801658 -2.6072318389892581 -14.062775945557664 9.5609968148960771 10.786571895802608 -5.3647311091634169 5.1726601254762112 -0.39410338395763772 0.61704371990085882 21.660512884987725 -2.7333223918768077 14.876070210484492 8.3668343407202972 4.3262901934143487 -9.3080351523557532 -5.2577159441085088 -10.332215054534203 3.1526973165915564 20.587335836798474 8.8043937879800804 3.9035831383427295 -5.6877475105125601 10.613581247801497 -4.9223410094124933 14.5998091703088 -3.2938816197713217 24.33637330019063 25.755780370521549 -7.3853155001436939 -2.2180681801693782 -9.5778958343138481 1.1280800048194146 -11.508285241560502 7.6451689104783913 -2.1333643965287643 -2.4296401615399135 5.5363147669572106 -11.922682587923099 12.413813550900192 15.290695492227872 18.574892033128179 35.364582241636334 27.724166539731232 21.651271667734786 -7.3997749131430979 16.550166934967041 15.1841450280593 9.7189930221827154 -10.623890743281757
leaf_weight=1768 27 918 870 31 126 684 21 258 2500 127 23 522 32 59 1466 65 1399 577 34 24 67 1388 560 2565 82 41 206 454 62 512 482 1154 33 226 22 143 398 6431 26 377 207 20 29 20 1427 24 119 76 22 66 163 228 73 1069 28 63 136 55
leaf_count=1768 27 918 870 31 126 684 21 258 2500 127 23 522 32 59 1466 65 1399 577 34 24 67 1388 560 2565 82 41 206 454 62 512 482 1154 33 226 22 143 398 6431 26 377 207 20 29 20 1427 24 119 76 22 66 163 228 73 1069 28 63 136 55
internal_value=0.0201245 -4.81458 14.6419 0.329219 22.1816 10.5763 -7.84147 24.5957 2.70782 13.1609 22.1507 -7.99186 11.5707 -7.31422 -4.72655 7.47722 0.437235 -2.40994 4.39177 2.20542 14.7129 6.6684 3.30367 -9.44164 4.14778 -1.58942 -0.936408 17.0224 19.211 0.760218 -4.31216 12.0945 8.05173 16.7122 12.9988 20.0144 22.6032 -7.79426 8.98976 -12.2075 -2.88899 6.98064 -0.317197 11.0057 -1.55268 -5.07318 -6.95774 14.0787 4.44671 28.9362 30.9872 25.8096 17.1664 -8.75107 8.87451 12.4298 12.6158 -8.3535
internal_weight=30585 22986 7599 8516 2659 4940 14470 2006 4558 2690 1291 14257 1911 9724 1525 2250 1942 3958 2616 213 653 2008 587 4533 2582 73 2232 779 516 1911 1726 1838 1421 517 248 269 1268 8199 110 899 1125 136 49 87 2004 103 601 242 228 715 421 294 149 3634 93 84 263 79
internal_count=30585 22986 7599 8516 2659 4940 14470 2006 4558 2690 1291 14257 1911 9724 1525 2250 1942 3958 2616 213 653 2008 587 4533 2582 73 2232 779 516 1911 1726 1838 1421 517 248 269 1268 8199 110 899 1125 136 49 87 2004 103 601 242 228 715 421 294 149 3634 93 84 263 79
is_linear=0
shrinkage=0.05


Tree=26
num_leaves=55
num_cat=0
split_feature=5 4 5 4 4 1 1 5 9 2 0 5 1 0 1 4 4 1 0 1 12 4 1 0 4 0 9 0 1 5 1 3 0 0 3 3 0 0 0 1 9 1 12 1 9 3 5 1 0 12 6 4 0 1
split_gain=7.97115e+08 1.37812e+08 9.41904e+07 3.06707e+07 1.98686e+07 1.69583e+07 1.53776e+07 1.51402e+07 9.58121e+06 9.40398e+06 8.7835e+06 7.82818e+06 7.74515e+06 6.94447e+06 6.83645e+06 7.38193e+06 6.44092e+06 6.20408e+06 5.47999e+06 4.49416e+06 4.476e+06 4.21573e+06 2.97722e+06 2.79368e+06 2.72972e+06 2.71389e+06 3.50694e+06 2.45852e+06 2.40627e+06 4.40782e+06 2.16934e+06 2.1557e+06 2.04427e+06 2.01167e+06 2.00613e+06 1.97175e+06 1.91232e+06 1.84543e+06 1.32755e+06 1.49383e+06 1.15832e+06 1.11021e+06 1.07112e+06 1.04186e+06 1.02197e+06 975717 943904 926340 918574 765966 739457 643705 531933 188594
threshold=1426.8210489660182 822.73278426324293 2507.049509271968 1860.6573161070698 1234.7430767968854 0.22031234280403358 0.22920403930075578 504.48104068892997 0.81174490092936691 0.52878306520184959 0.44180263208968468 3005.0980100075335 0.08224046762484212 0.49194309828246147 0.11824496080429213 1543.9451096952896 2199.3054585573159 0.10969380598633353 0.48170589843767903 0.16623843604882318 7.804930950000001 342.05290360586548 0.21364731160036707 0.5482539684466281 2312.5587359574915 0.45590199492226907 1.0000000180025095e-35 0.42638154842451809 0.079306453220254175 897.8655247089365 0.10443405087852671 170.01000000000013 0.38148194285319742 0.47698731950693635 365.16000000000003 299.99999999999972 0.4874192119834645 0.52523448816046336 0.59908397277706593 0.070827248909627563 1.0000000180025095e-35 0.074347724142009977 7.5886932500000013 0.12164037820727351 0.81174490092936691 708.02499999999998 1049.3359823433866 0.14429117344799927 0.46247628993629081 6.1802585000000008 0.37940952255126054 461.99326373074319 0.47810391946109437 0.038369234764303935
decision_type=2 2 2 2 2 2 2 2 2 2 2 2 2 2 2 2 2 2 2 2 2 2 2 2 2 2 2 2 2 2 2 2 2 2 2 2 2 2 2 2 2 2 2 2 2 2 2 2 2 2 2 2 2 2
left_child=1 7 3 6 19 11 8 21 9 -2 -10 17 16 22 15 41 34 32 -19 20 27 38 -14 -18 -17 35 -27 -3 29 45 -15 40 -4 44 -5 -16 49 42 39 -1 -8 -6 -30 51 -13 -9 -22 -39 -31 -21 -38 -23 -45 -40
right_child=2 4 5 12 14 -7 31 28 10 -11 -12 33 13 30 25 24 23 18 -20 36 46 43 -24 -25 -26 26 -28 -29 37 48 -32 -33 -34 -35 -36 -37 50 47 53 -41 -42 -43 -44 52 -46 -47 -48 -49 -50 -51 -52 -53 -54 -55
leaf_value=-8.0962627965044955 -8.3552517729094546 3.2189103154166796 27.054059489716686 13.014424788749793 4.928219369860833 -10.489645610500027 -8.1612621315665859 -4.3615921879254147 18.478208441007833 7.3970607936719039 3.4690450143292004 27.798723214377453 13.488837722984139 9.9680072872575973 1.300200631043025 8.8708252946778678 21.716595721740557 17.839904328740477 -3.9234885958469281 -2.1680810702207105 -2.8425862950428464 -7.8658898108244459 -3.7153782922250258 5.8818476335930105 17.786076920531013 3.5779208681258292 -9.1864666952065068 -0.55234552678690163 -3.2260462083294992 4.6727157179377548 -4.5121802124859371 -2.6641528701782229 21.681059682564509 11.356045077930798 21.458912444890935 12.07497465548308 -21.215104356848677 -8.0413069122833232 -11.474446312448254 -11.042651180922674 -24.007211680541172 2.1881888956651094 -6.0357189813440781 -8.1917230704661161 34.5232966331887 5.6605089157104498 0.24895925976336006 -15.751578792572023 -0.8243729902190321 -8.2680712398334784 -9.943854884492124 -6.97875188473179 -10.395337995007434 -15.479661751272173
leaf_weight=855 97 806 367 641 1124 35 21 1707 359 2423 135 546 1009 36 563 456 629 327 31 147 1529 4169 25 31 108 86 138 928 510 172 79 35 523 20 84 44 21 180 90 953 35 558 1064 977 111 23 294 53 134 79 66 4583 444 125
leaf_count=855 97 806 367 641 1124 35 21 1707 359 2423 135 546 1009 36 563 456 629 327 31 147 1529 4169 25 31 108 86 138 928 510 172 79 35 523 20 84 44 21 180 90 953 35 558 1064 977 111 23 294 53 134 79 66 4583 444 125
internal_value=0.0200946 -4.62113 14.0567 10.7682 1.26129 23.4974 7.42904 -7.16883 8.04264 6.78457 14.4071 24.1256 14.8506 11.7725 4.25875 5.69123 17.3836 21.6843 15.944 -1.12294 -0.615652 -8.03148 13.0665 20.9929 10.6348 0.382736 -4.29754 1.2023 -4.4284 -3.24411 0.113613 -12.6297 23.9524 28.5489 14.0492 2.11834 -6.84731 -5.7577 -10.1263 -9.6598 -18.5514 4.0229 -5.13059 -7.613 29.0362 -4.22196 -2.34428 -9.9143 2.27576 -4.35422 -13.0802 -7.40304 -8.8939 -13.9243
internal_weight=30585 22986 7599 5639 6947 1960 3105 16039 3014 2520 494 1925 2534 1149 3077 2246 1385 1248 358 3870 3557 12196 1034 660 564 831 224 1734 3843 2036 115 91 890 677 725 607 313 1807 2023 1808 56 1682 1574 10173 657 1730 1823 233 306 226 87 8752 1421 215
internal_count=30585 22986 7599 5639 6947 1960 3105 16039 3014 2520 494 1925 2534 1149 3077 2246 1385 1248 358 3870 3557 12196 1034 660 564 831 224 1734 3843 2036 115 91 890 677 725 607 313 1807 2023 1808 56 1682 1574 10173 657 1730 1823 233 306 226 87 8752 1421 215
is_linear=0
shrinkage=0.05


Tree=27
num_leaves=54
num_cat=0
split_feature=5 4 5 4 4 1 1 4 1 1 8 5 1 4 1 1 5 0 4 6 1 12 5 7 8 13 0 0 0 7 5 1 3 0 0 0 1 5 7 4 7 0 3 8 3 5 2 12 5 12 8 1 0
split_gain=7.19636e+08 1.2454e+08 8.50813e+07 2.77815e+07 2.08712e+07 1.53385e+07 1.37996e+07 1.03654e+07 8.72892e+06 7.77712e+06 7.24582e+06 7.07808e+06 6.17129e+06 6.67131e+06 5.66102e+06 5.60335e+06 5.3772e+06 5.32937e+06 5.17179e+06 4.47559e+06 4.39199e+06 4.63067e+06 4.30633e+06 4.22071e+06 2.64566e+06 3.05277e+06 2.47229e+06 2.37907e+06 2.32477e+06 2.68742e+06 2.22816e+06 3.71038e+06 1.958e+06 1.86665e+06 1.80301e+06 1.62729e+06 1.61699e+06 1.91983e+06 1.55532e+06 1.29518e+06 1.20854e+06 1.20619e+06 1.18616e+06 955043 1.99491e+06 1.52472e+06 955010 921459 921163 864130 786584 666118 437595
threshold=1426.8210489660182 786.15894839621672 2507.049509271968 1845.9241844862479 1234.7430767968854 0.22031234280403358 0.22920403930075578 503.47563956699781 0.10512061028448023 0.057352983316166985 -0.60785761079279388 3005.0980100075335 0.11824496080429213 1543.9451096952896 0.21364731160036707 0.10734758632215723 1873.4163097475914 0.48170589843767903 2443.5219297118733 -0.70710678118654735 0.15497246883075538 7.804930950000001 303.37034084237683 -0.37940952255126009 -0.60785761079279388 8.0376140000000014 0.45590199492226907 0.44285898428748433 0.4874192119834645 -0.37940952255126009 910.35760903550988 0.11343215125001936 170.01000000000013 0.38148194285319742 0.47698731950693635 0.5506732950278419 0.079306453220254175 842.7091398844309 -0.37940952255126009 313.36243140441212 -0.37940952255126009 0.39143489115804614 -1.0000000180025095e-35 -1.0000000180025095e-35 -584.00499999999988 401.54165833633618 1.6299845065500593 6.4526388000000017 1049.3359823433866 6.1802585000000008 -1.0000000180025095e-35 0.09836575911155164 0.59908397277706593
decision_type=2 2 2 2 2 2 2 2 2 2 2 2 2 2 2 2 2 2 2 2 2 2 2 2 2 2 2 2 2 2 2 2 2 2 2 2 2 2 2 2 2 2 2 2 2 2 2 2 2 2 2 2 2
left_child=1 7 3 6 20 11 8 22 16 18 -10 15 13 38 19 33 -2 -17 35 -11 21 27 42 -15 26 -26 -14 -3 49 -30 43 41 47 -4 46 -5 37 -24 -6 -38 -20 -32 51 44 -9 -45 -13 -8 -23 -22 -33 -1 -44
right_child=2 4 5 9 12 -7 32 30 10 14 -12 34 24 23 -16 17 -18 -19 40 -21 28 48 36 -25 25 -27 -28 -29 29 -31 31 50 -34 -35 -36 -37 39 -39 -40 -41 -42 -43 52 45 -46 -47 -48 -49 -50 -51 -52 -53 -54
leaf_value=-10.611671802618565 8.2978328901800236 2.822604002986385 25.798111089205282 15.971715129532861 1.871355711095015 -9.9935135382574956 -9.6472968891688762 -18.97288534624823 -2.046480422049576 16.036005842987468 6.61598056190428 34.999728622436528 0.34865665166180371 4.873355596676852 -6.6340246402926555 17.107420708985455 14.944963020566599 -4.0151079520057236 19.285636614091473 10.437881509772115 -1.6854375785372473 -2.7548995017369236 -6.8878151218455264 13.714495859597614 12.358392263771833 1.0557618235299433 -8.6707819247624247 -0.77712706622908057 -26.067287339430592 -7.7258597268178626 8.4078238677460213 -12.247547250475202 -2.5381457694801126 20.632189854867185 10.839861103404651 7.0716211991839941 -10.852651023775415 0.3789525819712497 5.011488404115422 -7.7666264647280379 26.993302557457184 0.60643458037403053 -8.3091153400946691 9.0614126430858271 -5.6147988438862955 -4.2510007355866648 26.721305295846935 -23.602175316810609 0.25356191006021872 -6.6479967949254402 -4.030044164104738 -14.31619940366064 -12.216041271008946
leaf_weight=388 1230 950 361 616 639 35 26 27 320 555 971 61 191 232 39 337 410 32 130 1072 218 1834 6364 332 67 449 124 885 24 101 67 54 35 518 20 61 385 92 1043 4090 144 177 595 20 1249 1565 596 30 295 147 67 222 93
leaf_count=388 1230 950 361 616 639 35 26 27 320 555 971 61 191 232 39 337 410 32 130 1072 218 1834 6364 332 67 449 124 885 24 101 67 54 35 518 20 61 385 92 1043 4090 144 177 595 20 1249 1565 596 30 295 147 67 222 93
internal_value=0.0193576 -4.39054 13.3564 10.2309 0.881649 22.329 6.95745 -6.95939 7.55494 14.0027 4.46897 22.9264 4.04717 5.40817 11.9127 20.6051 9.9758 15.2639 17.6315 12.3649 -1.30605 -0.752616 -7.62486 10.1078 0.364532 2.56541 -3.23414 1.08754 -5.76194 -11.6025 -4.43356 -0.74997 -12.0356 22.8076 27.1323 15.193 -7.29838 -6.78418 3.82218 -8.03686 23.5026 2.79958 -10.3588 -4.90265 -5.92671 -4.07181 27.5938 -17.6793 -2.33819 -3.70941 -7.83692 -12.0023 -8.87112
internal_weight=30585 22986 7599 5639 7531 1960 3022 15455 2931 2617 1291 1925 3077 2246 1666 1248 1640 369 951 1627 4454 3964 12229 564 831 516 315 1835 490 125 3226 365 91 879 677 677 10931 6456 1682 4475 274 244 1298 2861 1276 1585 657 56 2129 365 121 610 688
internal_count=30585 22986 7599 5639 7531 1960 3022 15455 2931 2617 1291 1925 3077 2246 1666 1248 1640 369 951 1627 4454 3964 12229 564 831 516 315 1835 490 125 3226 365 91 879 677 677 10931 6456 1682 4475 274 244 1298 2861 1276 1585 657 56 2129 365 121 610 688
is_linear=0
shrinkage=0.05


Tree=28
num_leaves=63
num_cat=0
split_feature=5 5 4 4 1 0 4 11 1 5 1 1 12 1 3 5 5 4 4 12 12 3 3 7 1 1 4 0 12 6 2 4 2 2 1 8 2 1 12 3 12 5 0 11 5 3 0 0 0 5 6 1 3 1 4 1 12 0 3 0 3 2
split_gain=6.50844e+08 1.11211e+08 7.30134e+07 2.90273e+07 1.80139e+07 1.48175e+07 1.37915e+07 1.32192e+07 1.06859e+07 1.04566e+07 8.50037e+06 8.34922e+06 7.29477e+06 6.96356e+06 5.37497e+06 5.16884e+06 5.11467e+06 4.08644e+06 3.88926e+06 3.87172e+06 3.74635e+06 3.74007e+06 3.72582e+06 4.15413e+06 3.45433e+06 3.3924e+06 3.19759e+06 2.95784e+06 2.74783e+06 2.651e+06 2.59007e+06 2.58217e+06 2.5741e+06 2.48116e+06 2.42246e+06 2.66208e+06 2.395e+06 2.36874e+06 2.31586e+06 2.29362e+06 2.26775e+06 1.94202e+06 1.73397e+06 1.63545e+06 1.48745e+06 1.42857e+06 1.35462e+06 1.3379e+06 1.25675e+06 1.20028e+06 1.03965e+06 770416 753502 640087 639952 626502 524931 521127 492597 473995 363748 221850
threshold=1274.0841273047001 2111.7118711774119 634.69102500918314 1603.25204566808 0.11658082995994952 0.46247628993629081 1234.7430767968854 1.0000000180025095e-35 0.22920403930075578 2536.291659429196 0.060671807164413907 0.17475777883368729 13.170073500000003 0.091187769873347993 -0.20500000000001248 2863.635411009132 446.1872835029489 2199.3054585573159 2626.1050338120644 6.8450907500000007 6.0916937000000013 200.79999999999998 199.00000000000009 -0.37940952255126009 0.12907691640303154 0.16234408796964592 2895.5032941072968 0.51143061044271121 9.6949885000000027 0.25881904510252091 1.6073739134340836 297.43633755801244 2.1005746971663721 1.3470436256828324 0.17248759455961213 -0.60785761079279388 1.6501113830752732 0.053624484105295342 5.3212885000000005 170.01000000000013 7.9153435000000014 540.38965734328144 0.46354000387391053 1.0000000180025095e-35 811.56075938547838 -699.9849999999999 0.41577432758218852 0.41489674452495579 0.48535005821532279 897.8655247089365 0.91597561503675362 0.054139681986966538 -302.10999999999973 0.1199493963633096 3302.9503335992745 0.078759181043658949 9.3313510000000015 0.28385721731658087 -0.20500000000001248 0.57197458205021123 -4.9950000000000037 0.50536918580638324
decision_type=2 2 2 2 2 2 2 2 2 2 2 2 2 2 2 2 2 2 2 2 2 2 2 2 2 2 2 2 2 2 2 2 2 2 2 2 2 2 2 2 2 2 2 2 2 2 2 2 2 2 2 2 2 2 2 2 2 2 2 2 2 2
left_child=2 3 16 7 9 15 19 8 12 27 17 20 -2 22 52 32 31 33 21 24 -7 -12 30 -24 42 44 36 37 -16 -20 -8 51 -6 -5 45 -36 -11 -3 -10 -13 -17 55 -4 49 -21 -15 -19 -27 -26 -43 -29 59 -9 60 -28 57 -45 -18 -53 -1 -33 -55
right_child=1 4 6 10 5 11 13 14 38 26 18 39 -14 34 28 40 41 46 29 25 -22 -23 23 -25 48 47 54 50 -30 -31 -32 53 -34 -35 35 -37 -38 -39 -40 -41 -42 43 -44 56 -46 -47 -48 -49 -50 -51 -52 58 -54 61 -56 -57 -58 -59 -60 -61 -62 -63
leaf_value=-6.9521689447420378 4.8387387372005612 20.981287632201045 2.847741179292159 24.72482775601474 9.8007485090306687 -0.73514825314891585 3.2467805489015911 -24.861444178263348 -2.947189692948994 26.34938689676757 6.3876278008512184 -20.029346977074944 20.246736479726021 -9.386249396800995 -6.651744552635285 13.496723652136954 -2.3319416223815148 26.264122604713886 23.607105572191006 -3.7957911855620994 19.535797217108989 11.421284929744925 4.1037653531537996 17.796247975451887 -1.9380499743116415 -4.7540784687466084 25.41152478788112 4.9554427562580559 9.1743346719044023 8.3521418566173988 12.914465873520099 -8.0649056395362404 18.367789092361928 12.154369142513314 -11.932127390711807 1.1695939646164577 19.482501761998019 15.405316981593769 -19.840225290668258 -2.2397005504369738 24.717962831194527 -4.6085897150724042 -0.72699226380321513 -15.404598859801437 -1.6184966482869372 1.456034129379262 17.083773891867661 -14.75672285928959 -7.1758430991370892 -0.52804185885013244 14.226677998364984 -12.89966969150967 -13.60254765411903 -8.7576228881558205 31.800734669404875 -7.0828804427401355 -7.7290810521732682 -6.201047479673738 -9.7249711450441634 -10.898557911481177 -6.9214434776977747 -14.535258983265269
leaf_weight=217 3115 357 717 42 335 47 728 28 36 192 1060 46 77 30 81 74 92 84 71 1524 42 576 105 119 372 61 525 69 39 52 75 1171 124 690 84 70 589 508 47 30 165 1103 641 31 1625 604 121 80 165 216 57 358 56 774 83 2974 108 4411 252 138 2302 20
leaf_count=217 3115 357 717 42 335 47 728 28 36 192 1060 46 77 30 81 74 92 84 71 1524 42 576 105 119 372 61 525 69 39 52 75 1171 124 690 84 70 589 508 47 30 165 1103 641 31 1625 604 121 80 165 216 57 358 56 774 83 2974 108 4411 252 138 2302 20
internal_value=0.0186958 10.952 -4.84651 7.01072 18.4476 12.2096 -0.668567 3.98935 4.75974 20.6974 10.9037 -1.25468 5.22287 3.08039 -8.30458 15.3869 -6.91047 14.7591 8.83561 -1.98157 9.04998 8.17165 5.78914 11.471 -0.180881 -3.018 23.5233 16.6971 -1.44215 17.3947 4.17959 -8.15537 12.1848 12.941 -0.455634 -6.03812 21.2336 17.7497 -12.7549 -13.2447 21.3845 -6.17984 1.16181 -4.49738 -2.67397 0.915081 21.0629 -10.5564 -3.56809 -3.94217 9.30637 -10.5092 -17.8465 -7.61838 26.3851 -6.50663 -9.63515 -6.12307 -11.6242 -8.53873 -7.31141 -8.93932
internal_weight=30585 9418 21167 6175 3243 863 7000 3479 3275 2380 2696 165 3192 1815 204 698 14167 937 1759 5185 89 1636 1027 224 1895 3290 1389 991 120 123 803 5232 459 732 788 154 781 865 83 76 239 8935 1358 1458 3149 634 205 141 537 1319 126 965 84 4267 608 7477 139 4503 610 355 3473 794
internal_count=30585 9418 21167 6175 3243 863 7000 3479 3275 2380 2696 165 3192 1815 204 698 14167 937 1759 5185 89 1636 1027 224 1895 3290 1389 991 120 123 803 5232 459 732 788 154 781 865 83 76 239 8935 1358 1458 3149 634 205 141 537 1319 126 965 84 4267 608 7477 139 4503 610 355 3473 794
is_linear=0
shrinkage=0.05


Tree=29
num_leaves=57
num_cat=0
split_feature=5 2 5 11 5 1 2 1 5 11 5 7 1 7 12 1 2 1 1 5 12 3 1 5 7 3 12 2 10 5 11 5 12 1 1 1 12 3 10 12 9 3 7 1 7 7 5 12 3 9 7 12 5 5 2 5
split_gain=5.88135e+08 9.17735e+07 7.10882e+07 1.89867e+07 1.72891e+07 1.48913e+07 1.4088e+07 1.24159e+07 1.09662e+07 8.97819e+06 8.27892e+06 7.68365e+06 7.10839e+06 7.06294e+06 7.13958e+06 6.57062e+06 6.3302e+06 5.23776e+06 4.30099e+06 4.04977e+06 3.72612e+06 3.66365e+06 3.62033e+06 3.32798e+06 3.30162e+06 3.14185e+06 2.86872e+06 2.69087e+06 2.41453e+06 2.59863e+06 2.09568e+06 2.17424e+06 1.96214e+06 1.86772e+06 1.64525e+06 1.54047e+06 1.45522e+06 1.39177e+06 1.38514e+06 1.88712e+06 1.24775e+06 1.97376e+06 1.10573e+06 1.10206e+06 1.073e+06 1.03968e+06 956136 954734 868311 850230 763239 564133 499337 478568 371953 323377
threshold=1420.263053060253 0.61353214931582178 2273.1114059773076 1.0000000180025095e-35 1769.3285804849877 0.22031234280403358 0.97863307222192453 0.21364731160036707 3005.0980100075335 1.0000000180025095e-35 540.38965734328144 -0.12940952255126034 0.16823590160644428 -0.12940952255126034 10.065666500000001 0.10734758632215723 1.6801335669556734 0.06415770680355494 0.10443405087852671 964.05262549549161 8.0902885000000015 -94.179999999999993 0.079306453220254175 360.18953770431773 -0.37940952255126009 -1.0000000180025095e-35 7.9717285500000008 1.9467176928395675 1.0000000180025095e-35 1118.0986428112681 1.0000000180025095e-35 846.87044976825905 7.7021935000000008 0.053624484105295342 0.15497246883075538 0.10592229655737891 7.3876658500000003 -1.0000000180025095e-35 1.0000000180025095e-35 10.119520000000001 0.81174490092936691 -638.51999999999987 -0.12940952255126034 0.069740605743434811 -0.12940952255126034 -0.37940952255126009 875.66521923972277 7.3371658000000011 -337.56999999999988 0.81174490092936691 -0.9829629131445341 8.3778580000000016 439.60165944303247 1.0000000180025095e-35 1.4830555386580693 467.83829691191676
decision_type=2 2 2 2 2 2 2 2 2 2 2 2 2 2 2 2 2 2 2 2 2 2 2 2 2 2 2 2 2 2 2 2 2 2 2 2 2 2 2 2 2 2 2 2 2 2 2 2 2 2 2 2 2 2 2 2
left_child=1 10 3 4 7 8 19 18 9 15 23 -11 16 38 21 -4 24 27 -2 34 -19 -15 50 37 -8 -9 -7 -6 32 -30 31 47 -14 -18 36 -33 -3 49 39 -5 41 -10 46 55 -42 -36 -32 -12 -24 -1 -21 -44 -45 -39 -16 -25
right_child=2 6 5 13 17 26 12 25 40 11 30 -13 28 14 54 -17 33 20 -20 22 -22 -23 48 43 -26 -27 -28 -29 29 -31 42 35 -34 -35 45 -37 -38 53 -40 -41 44 -43 51 52 -46 -47 -48 -49 -50 -51 -52 -53 -54 -55 -56 -57
leaf_value=-10.502936500407849 8.6594649740304828 -0.3109559028153574 19.558575409012594 -16.344504350702813 13.87000511800446 -18.950666793297078 0.74493588830095814 -20.813017921924594 10.607684738159179 -23.179770525418796 -1.5452898502905932 15.678456890869141 -2.8717783087854798 -21.610791196469908 20.415760454842541 12.939814731252454 20.013998477011924 7.0807989630730805 4.1263901193950803 12.294630400823509 12.213261847658375 0.1107862466825566 -5.8456324749791397 -6.2836941078089232 4.2349729027543059 -3.7021712253285552 4.9348571744172478 21.276226172950697 -16.199809984606755 -2.5373331264654797 -8.1150218956503615 2.1896812477176386 12.583637127685547 8.9269050475277698 -11.949508672878146 -3.7903556124511222 -2.8360715785860275 -13.192982300206234 -23.079962774549212 0.22531150419136578 34.397380885294041 24.152309013966764 -9.4557781780849801 -8.0253954198547675 21.545109129118369 -4.418682316293868 -18.331707840223569 -4.5722997787417334 -0.97958079665511111 -6.5515021270613438 2.98157426781794 0.48957679203578403 -6.6960299729442951 -7.2523580269951085 10.000643718553626 -5.4891185122244783
leaf_weight=871 1411 785 1341 45 705 27 1122 38 33 24 341 23 113 25 31 546 50 563 841 21 1004 69 104 2978 1713 85 21 159 69 70 79 298 23 174 62 166 2092 36 33 27 71 532 20 953 41 179 35 1140 689 177 680 40 3753 1428 21 2608
leaf_count=871 1411 785 1341 45 705 27 1122 38 33 24 341 23 113 25 31 546 50 563 841 21 1004 69 104 2978 1713 85 21 159 69 70 79 298 23 174 62 166 2092 36 33 27 71 532 20 953 41 179 35 1140 689 177 680 40 3753 1428 21 2608
internal_value=0.0183583 -4.00914 11.9532 8.46752 9.16775 18.571 0.331564 6.12527 19.079 17.1216 -6.32016 -4.30016 2.80684 -4.90647 2.21699 17.6592 3.49956 12.1327 6.97177 -1.45824 10.3806 -5.99605 0.681603 -6.79946 2.85523 -9.23692 -8.72125 15.279 -4.86839 -9.45305 -3.42034 -2.94375 -0.113468 11.5569 -2.48334 0.0431752 -2.14778 -8.43835 -14.6678 -10.2926 24.6039 23.4014 -8.65375 -6.39789 30.1531 -6.4385 -11.5137 -3.87836 -1.63086 -9.84932 3.29476 -3.02355 -6.96853 -7.41624 16.7359 -5.91482
internal_weight=30585 22869 7716 5057 4806 2659 7946 2375 2611 1934 14923 47 3334 251 146 1887 3059 2431 2252 4612 1567 94 1494 12804 2835 123 48 864 275 139 2119 1945 136 224 3118 464 2877 2512 105 72 677 565 174 10292 112 241 114 1481 793 1048 701 60 4706 1464 52 5586
internal_count=30585 22869 7716 5057 4806 2659 7946 2375 2611 1934 14923 47 3334 251 146 1887 3059 2431 2252 4612 1567 94 1494 12804 2835 123 48 864 275 139 2119 1945 136 224 3118 464 2877 2512 105 72 677 565 174 10292 112 241 114 1481 793 1048 701 60 4706 1464 52 5586
is_linear=0
shrinkage=0.05


Tree=30
num_leaves=61
num_cat=0
split_feature=5 5 2 5 1 0 1 5 5 1 12 1 1 2 0 7 2 0 5 7 0 12 1 2 12 5 7 7 0 0 1 5 12 2 3 12 3 3 2 2 12 9 2 2 2 2 3 7 0 6 1 9 5 5 0 8 3 0 0 12
split_gain=5.31695e+08 9.05667e+07 5.35674e+07 1.85094e+07 1.49972e+07 1.28757e+07 1.12008e+07 8.86955e+06 7.22322e+06 7.21709e+06 7.01298e+06 6.61583e+06 6.19951e+06 7.28968e+06 5.77618e+06 6.17893e+06 4.82539e+06 4.55951e+06 4.28521e+06 4.12731e+06 4.07904e+06 3.40003e+06 3.2599e+06 3.18332e+06 3.02219e+06 2.9486e+06 2.90061e+06 2.81619e+06 2.89093e+06 2.69579e+06 2.58469e+06 2.4304e+06 2.41766e+06 2.30711e+06 2.0963e+06 2.07743e+06 1.98128e+06 1.93087e+06 1.81485e+06 1.78431e+06 1.67391e+06 1.83043e+06 1.63695e+06 1.58312e+06 1.52662e+06 1.43288e+06 1.33986e+06 1.32197e+06 1.15828e+06 1.03915e+06 995595 917647 857055 682455 623110 606998 604496 561145 493070 43837.8
threshold=1274.0841273047001 2111.7118711774119 0.61353214931582178 1720.0260074008504 0.11658082995994952 0.46247628993629081 0.17754724334573557 2626.1050338120644 522.31235817040965 0.17475777883368729 3.5113512000000004 0.07815191598035949 0.14429117344799927 1.2194699340046802 0.50367037814016602 1.0000000180025095e-35 2.2416948270893884 0.40291773423639782 2863.635411009132 -0.37940952255126009 0.48949660057057454 6.0916937000000013 0.061103692654164939 0.65866315717439072 7.3371658000000011 345.30973808767914 -0.37940952255126009 -0.78656609248549325 0.39622551442720416 0.508465142281599 0.084721040309403542 1049.3359823433866 10.855871500000001 2.1005746971663721 299.99999999999972 7.9153435000000014 170.01000000000013 399.00000000000017 1.3304648649751376 1.1778079728152844 7.5426510000000011 0.81174490092936691 1.9359241252115558 0.3872490521371495 1.8784379444730932 0.26079311168918645 -1.0000000180025095e-35 0.25881904510252057 0.38587442491302326 0.91597561503675362 0.069740605743434811 0.81174490092936691 910.35760903550988 708.38713674120231 0.28385721731658087 1.0000000180025095e-35 -377.50000000000006 0.44577690945020026 0.49293740851946261 2.6354837500000006
decision_type=2 2 2 2 2 2 2 2 2 2 2 2 2 2 2 2 2 2 2 2 2 2 2 2 2 2 2 2 2 2 2 2 2 2 2 2 2 2 2 2 2 2 2 2 2 2 2 2 2 2 2 2 2 2 2 2 2 2 2 2
left_child=2 3 8 6 7 18 16 29 25 21 30 24 13 31 32 -16 22 39 33 -15 34 -7 -2 -19 42 46 -22 48 -29 37 38 -12 -13 -6 -14 -20 -11 -3 55 -8 45 43 -5 -42 -26 -10 51 -43 -9 -31 54 -1 -47 -32 -27 -4 -55 -52 -48 -40
right_child=1 4 10 11 5 9 17 27 40 36 12 14 20 19 15 -17 -18 23 35 -21 26 -23 -24 -25 44 50 -28 28 -30 49 53 -33 -34 -35 -36 -37 -38 -39 59 -41 41 47 -44 -45 -46 52 58 -49 -50 -51 57 -53 -54 56 -56 -57 -58 -59 -60 -61
leaf_value=-10.377654851870574 6.9381134665176951 15.420639693759057 3.3224229378768784 8.1202185530607522 8.7693961301118772 -1.286035985752028 -2.357207513248667 18.020792053492208 -11.266867745139383 -19.02522595961889 -1.8790924803814253 6.6282219225095789 -4.3316387899212963 0.19436415318151318 -23.991042385864258 2.9123873238163451 24.848213304088961 -20.744833017393603 11.906334322667437 8.6876860424987861 -22.211421027183533 18.003080180449921 3.7994367155161997 -5.4671535545322634 14.395304610935439 -1.3374994583129884 -8.0717248876496814 25.696800434314468 19.833221294067602 4.6302404655419389 -5.74900300555759 1.1768136813367969 11.345991425715111 16.864405608423173 5.0240836864880158 22.570513318227437 -2.4598819358646873 21.741041950729656 18.219714866051305 7.7808171121573739 -11.895602429991678 -0.12975108043439842 15.819868865269488 -4.7270326812472616 22.122233353880951 -1.6761371041816986 -5.7398314432724051 -7.1359395081163886 7.20843906248317 13.36065399394316 -6.2472556404342434 -6.0456526409839286 2.7483049643364081 -4.9820239255007586 -5.7392691400630893 7.2349912080917775 1.9794647662176879 -7.406784393447964 -7.8723393491230524 11.239617344249378
leaf_weight=757 1338 864 225 323 335 47 92 222 31 46 3314 574 422 268 23 144 29 41 74 305 46 42 2195 178 446 83 170 514 450 75 34 808 538 124 68 165 30 157 24 79 82 357 91 1107 84 427 470 81 32 66 3076 158 145 32 5581 185 387 1733 771 20
leaf_count=757 1338 864 225 323 335 47 92 222 31 46 3314 574 422 268 23 144 29 41 74 305 46 42 2195 178 446 83 170 514 450 75 34 808 538 124 68 165 30 157 24 79 82 357 91 1107 84 427 470 81 32 66 3076 158 145 32 5581 185 387 1733 771 20
internal_value=0.0175084 9.89947 -4.37987 6.34278 16.6637 10.9729 4.28611 18.7162 -6.01855 -1.57373 -0.519155 9.99194 -1.2026 -0.544654 7.62695 -1.03291 5.16687 -3.7435 13.9348 4.72974 -5.56415 8.01225 4.99135 -8.48923 13.1733 -6.48202 -11.2591 21.7262 23.0064 15.5294 3.54432 -1.27979 8.92702 11.02 -3.01814 19.3949 -12.7171 16.4331 6.20205 2.36222 -3.39035 -4.22369 9.88059 -5.24057 15.6985 -1.13532 -8.17353 -1.45197 16.7256 8.84656 -6.1323 -9.64444 -0.54888 0.865162 -5.67526 5.11441 1.42665 -6.66802 -7.07524 15.6737
internal_weight=30585 9418 21167 6175 3243 863 3952 2380 14859 165 6308 2223 5401 4695 1279 167 3562 390 698 573 706 89 3533 219 944 12629 216 1218 964 1162 907 4122 1112 459 490 239 76 1021 454 171 2230 1627 414 1189 530 603 2156 438 254 141 10473 915 572 453 5664 410 419 4809 1241 44
internal_count=30585 9418 21167 6175 3243 863 3952 2380 14859 165 6308 2223 5401 4695 1279 167 3562 390 698 573 706 89 3533 219 944 12629 216 1218 964 1162 907 4122 1112 459 490 239 76 1021 454 171 2230 1627 414 1189 530 603 2156 438 254 141 10473 915 572 453 5664 410 419 4809 1241 44
is_linear=0
shrinkage=0.05


Tree=31
num_leaves=53
num_cat=0
split_feature=5 2 5 11 5 5 1 1 7 12 1 12 1 11 2 1 1 1 2 13 0 0 7 7 12 1 1 3 5 5 13 5 1 7 0 3 1 11 8 5 2 1 5 3 12 12 0 12 3 0 0 5
split_gain=4.80676e+08 7.70482e+07 5.71081e+07 1.98616e+07 1.73813e+07 1.22901e+07 1.07213e+07 1.06766e+07 8.59306e+06 8.24945e+06 7.61261e+06 6.1286e+06 6.04723e+06 5.54589e+06 5.3606e+06 5.22086e+06 5.12854e+06 5.05155e+06 4.89891e+06 4.30706e+06 4.16899e+06 4.00268e+06 3.53933e+06 3.5328e+06 3.51438e+06 3.35338e+06 3.13324e+06 2.83362e+06 2.79189e+06 2.54336e+06 2.34127e+06 2.00501e+06 1.6567e+06 1.64382e+06 1.63595e+06 1.52288e+06 1.37374e+06 1.34168e+06 1.18959e+06 1.57033e+06 1.36707e+06 1.13999e+06 1.13962e+06 1.02953e+06 950199 903957 814290 804728 791030 666817 666024 534558
threshold=1426.8210489660182 0.70584350105878813 2507.049509271968 1.0000000180025095e-35 1769.3285804849877 540.38965734328144 0.22031234280403358 0.21364731160036707 -0.37940952255126009 5.6664435000000006 0.082850065348742216 10.065666500000001 0.11421608886533151 1.0000000180025095e-35 1.440297830598712 0.067477736225598883 0.16823590160644428 0.24704976018373964 1.173226835651205 7.9789386000000002 0.43968005264420923 0.41293757179002327 -0.37940952255126009 -0.9159756150367534 12.161276250000002 0.10443405087852671 0.15926292198568234 -1.0000000180025095e-35 303.37034084237683 846.87044976825905 10.560016500000001 1049.3359823433866 0.086679291276755735 1.0000000180025095e-35 0.3434388480179375 299.89500000000015 0.093726962052257792 1.0000000180025095e-35 -0.60785761079279388 71.155737247132606 0.4876541357785617 0.08601658294058849 840.082233126701 248.99999999999997 5.1791031500000004 1.7066236000000001 0.46127674795765178 3.6602760000000005 -298.96999999999997 0.44690705193421881 0.49895931004234334 481.44663607983904
decision_type=2 2 2 2 2 2 2 2 2 2 2 2 2 2 2 2 2 2 2 2 2 2 2 2 2 2 2 2 2 2 2 2 2 2 2 2 2 2 2 2 2 2 2 2 2 2 2 2 2 2 2 2
left_child=1 5 3 4 7 28 13 25 21 12 24 15 14 20 35 -10 18 -12 31 33 23 -5 -20 -4 -6 -2 -22 -9 38 -21 36 -11 46 -18 47 -3 42 -34 39 -1 -40 51 -7 -13 -16 -36 -32 -14 -38 -43 -23 -30
right_child=2 9 6 8 10 30 -8 27 11 16 17 43 34 -15 44 -17 19 -19 22 29 26 50 -24 -25 -26 -27 -28 -29 41 -31 32 -33 37 -35 45 -37 48 -39 40 -41 -42 49 -44 -45 -46 -47 -48 -49 -50 -51 -52 -53
leaf_value=-13.833194049804931 8.0102264577741096 3.3612556096603918 13.195307605168399 -3.8280166103965358 12.739643235796116 -3.5371636118252221 -8.7399590755153351 -19.551000698089599 15.092436397386633 -1.8108882619463214 9.3164277829949267 8.3221785505427857 4.7381433787770666 -0.13683965492248537 11.268794464237436 -12.050237505888639 -2.7163136082887651 -14.437205684496007 -0.37789430787451272 -23.363380709171299 15.643535551671105 -17.39721383158366 6.0568558036079132 21.191940493564299 18.932163460431276 3.907245288522875 -0.47165642656598772 -3.3092697443085153 -5.772966093568769 -8.5270324537446438 2.854679791810149 1.1522943891237956 -2.2317582569586123 12.411798233795167 1.855396981623213 8.6743394276519759 -10.894658800343999 -14.558833839375039 -7.3122933147235134 -8.1905880417667536 5.2384395483265758 -6.0558389665710557 -0.043160664279546054 22.130515407323838 21.555105218598339 -3.0807461183173519 -0.97763650592388085 -0.47793905763729266 -4.8859529465246894 -7.411301690915252 -31.180984777635146 -4.7730062837872955
leaf_weight=187 1350 1545 168 36 1229 982 35 38 21 2201 1568 41 172 38 119 77 62 21 381 38 335 28 484 1351 295 799 33 85 5715 122 293 769 611 23 116 147 59 21 740 410 21 2460 306 22 31 439 260 128 739 1557 29 1848
leaf_count=187 1350 1545 168 36 1229 982 35 38 21 2201 1568 41 172 38 119 77 62 21 381 38 335 28 484 1351 295 799 33 85 5715 122 293 769 611 23 116 147 59 21 740 410 21 2460 306 22 31 439 260 128 739 1557 29 1848
internal_value=0.0172163 -3.5869 10.9173 8.35664 9.00124 -5.45851 18.2683 5.66824 -5.27284 0.889853 11.4286 1.74324 3.03439 18.7679 4.64599 -6.04838 -0.528543 8.98475 -0.0787241 -7.51191 19.1484 -17.2 3.22825 20.326 13.9616 6.48979 14.2037 -8.55961 -6.15085 -12.2956 -2.71796 -1.04339 -0.940974 1.56834 -0.440329 3.83255 -3.72555 -2.686 -8.30459 -9.99833 -6.95312 -5.89689 -2.70842 13.6768 13.6503 -2.04608 1.05583 2.52417 -5.35634 -6.58465 -25.2294 -5.52996
internal_weight=30585 22986 7599 5639 5385 16209 1960 2272 254 6777 3113 161 2697 1925 1842 98 4080 1589 3835 245 1887 93 865 1519 1524 2149 368 123 12938 160 3271 2970 1185 85 855 1692 2086 632 1358 597 761 11580 1288 63 150 555 553 300 798 4017 57 7563
internal_count=30585 22986 7599 5639 5385 16209 1960 2272 254 6777 3113 161 2697 1925 1842 98 4080 1589 3835 245 1887 93 865 1519 1524 2149 368 123 12938 160 3271 2970 1185 85 855 1692 2086 632 1358 597 761 11580 1288 63 150 555 553 300 798 4017 57 7563
is_linear=0
shrinkage=0.05


Tree=32
num_leaves=55
num_cat=0
split_feature=5 4 4 11 5 1 4 9 4 1 0 3 4 3 11 7 7 0 7 1 1 5 1 0 1 5 8 5 1 9 4 1 7 0 5 5 1 5 8 1 6 0 3 0 5 1 8 0 1 6 3 3 6 0
split_gain=4.3425e+08 6.55108e+07 5.83743e+07 1.61053e+07 1.67453e+07 1.21615e+07 1.13248e+07 1.06673e+07 1.06055e+07 7.6239e+06 7.61096e+06 6.38275e+06 5.03134e+06 5.02052e+06 4.12246e+06 7.72192e+06 3.80929e+06 5.85243e+06 3.79375e+06 3.72363e+06 3.4847e+06 3.18297e+06 2.9367e+06 3.48955e+06 2.46314e+06 2.45749e+06 2.40072e+06 2.33737e+06 2.19323e+06 1.97999e+06 1.87602e+06 1.6109e+06 1.53792e+06 1.49099e+06 1.3445e+06 1.29423e+06 1.46347e+06 1.15417e+06 1.12489e+06 1.00005e+06 997640 977492 881412 877031 838908 832829 974638 824091 726713 529094 480160 445119 394721 331748
threshold=1329.1249317153095 2055.8953207150594 737.99007240261528 1.0000000180025095e-35 1769.3285804849877 0.21364731160036707 2895.5032941072968 0.81174490092936691 1234.7430767968854 0.22031234280403358 0.45257025101786091 -0.20500000000001248 483.19834420122999 100.02499999999999 1.0000000180025095e-35 -0.37940952255126009 -0.37940952255126009 0.44577690945020026 1.0000000180025095e-35 0.11499628604412611 0.18311622431001986 2700.8174739057463 0.16234408796964592 0.38473690394637633 0.16412451633533634 303.37034084237683 1.0000000180025095e-35 964.05262549549161 0.085342893742613321 0.81174490092936691 2475.030458788719 0.10443405087852671 -0.70710678118654757 0.4874192119834645 1603.25204566808 614.41997219800032 0.11343215125001936 862.78481538327071 -0.60785761079279388 0.06415770680355494 -0.60355339059327362 0.55492632155945476 749.93500000000017 0.57197458205021123 846.87044976825905 0.1341894096921071 -0.60785761079279388 0.52523448816046336 0.18946953262365177 -0.5 -302.10999999999973 -4.5900000000000025 0.78656609248549325 0.28385721731658087
decision_type=2 2 2 2 2 2 2 2 2 2 2 2 2 2 2 2 2 2 2 2 2 2 2 2 2 2 2 2 2 2 2 2 2 2 2 2 2 2 2 2 2 2 2 2 2 2 2 2 2 2 2 2 2 2
left_child=2 3 12 4 9 6 14 20 24 19 -9 40 25 22 21 -16 17 -15 31 -2 -6 -3 30 -24 27 45 -11 42 38 -18 -10 -13 -30 51 -20 48 37 -37 -8 44 -5 -41 -4 -29 -27 46 -1 -38 53 -47 -42 -26 -35 -14
right_child=1 5 8 11 7 -7 28 10 13 26 -12 18 35 16 15 -17 29 -19 34 -21 -22 -23 23 -25 33 39 -28 43 32 -31 -32 -33 -34 52 -36 36 47 -39 -40 41 50 -43 -44 -45 -46 49 -48 -49 -50 -51 -52 -53 -54 -55
leaf_value=-9.2575201092098585 6.0010271025219986 12.57376611484934 -1.8630606058893495 -5.6613420057296757 9.0114988429818546 -12.574786680221557 17.782145158261368 19.807204915266627 1.9349634027941722 -13.253554220078868 3.6451280734359579 2.321889050347465 -1.4651804594993594 7.06308509558247 -22.771196959122367 14.12176201072899 12.20376985846184 -10.91329096324742 -2.0724960058385675 2.1563405096766837 1.4632239965255234 17.065105853051055 4.1184816412793266 -10.047819357449946 -6.0995629646396265 -5.3427989188354257 5.6846525027535186 1.0857409352365712 8.8528615924625687 1.8748693028951096 13.490363488462236 -12.498560330292275 17.929657073615878 -13.783961470031739 10.291392826295235 -2.6875999462645703 -4.0931174256404246 1.4153420856546184 22.988525631982576 -6.1516125456520347 -24.166274802525837 -9.4928823417024457 3.9441425468672566 -7.0618833940169381 0.95179836439273591 -5.4764663200378418 -6.1583232172684639 -10.180741814136505 -13.556977343351944 -12.471140731741315 -14.204274130249026 -1.8814672173622407 -6.844193571472168 -4.6197770964766711
leaf_weight=486 2031 1640 2962 22 1440 38 192 385 1575 77 91 26 88 153 21 35 268 62 31 917 172 550 70 109 94 4466 20 1182 64 57 34 56 268 48 69 577 307 242 475 4502 28 236 65 32 53 38 581 68 21 161 48 188 48 3116
leaf_count=486 2031 1640 2962 22 1440 38 192 385 1575 77 91 26 88 153 21 35 268 62 31 917 172 550 70 109 94 4466 20 1182 64 57 34 56 268 48 69 577 307 242 475 4502 28 236 65 32 53 38 581 68 21 161 48 188 48 3116
internal_value=0.0163087 9.46736 -3.7389 6.08397 6.72121 15.0388 15.3697 10.1692 0.047976 4.35176 16.7456 -5.56273 -5.49931 2.79841 13.374 -0.021161 7.0147 1.82637 0.0129778 4.80738 8.20891 13.7163 1.51861 -4.5236 -1.33887 -6.09457 -9.31276 -0.992797 19.8208 10.4148 2.19559 -7.85594 16.2434 -5.19595 6.49305 -4.0797 -2.66573 -1.47475 21.5475 -5.80899 -15.7108 -6.32198 -1.73584 0.859711 -5.26858 -8.17022 -7.58464 -5.24517 -4.60122 -11.2033 -18.4001 -3.32057 -10.5246 -4.5341
internal_weight=30585 8696 21889 5413 5133 3283 3245 2088 6947 3045 476 280 14942 2328 2246 56 540 215 182 2948 1612 2190 1788 179 4619 10523 97 4241 999 325 1609 82 332 378 100 4419 1194 819 667 9257 98 4738 3027 1214 4519 1266 1067 375 3225 199 76 282 96 3204
internal_count=30585 8696 21889 5413 5133 3283 3245 2088 6947 3045 476 280 14942 2328 2246 56 540 215 182 2948 1612 2190 1788 179 4619 10523 97 4241 999 325 1609 82 332 378 100 4419 1194 819 667 9257 98 4738 3027 1214 4519 1266 1067 375 3225 199 76 282 96 3204
is_linear=0
shrinkage=0.05


Tree=33
num_leaves=52
num_cat=0
split_feature=5 2 5 11 1 5 5 1 7 12 1 12 1 2 11 1 2 1 13 5 10 1 7 2 5 3 13 5 3 10 12 7 9 2 1 9 7 12 9 11 2 3 9 3 5 1 5 9 12 3 3
split_gain=3.92317e+08 6.26066e+07 4.71156e+07 1.63446e+07 1.43618e+07 1.23587e+07 1.00904e+07 9.01346e+06 7.34957e+06 7.05534e+06 5.76087e+06 5.5566e+06 5.23445e+06 4.78588e+06 4.62222e+06 4.31373e+06 3.94785e+06 3.81191e+06 3.79733e+06 3.63583e+06 3.23212e+06 2.87148e+06 2.67564e+06 2.43082e+06 2.25327e+06 2.04734e+06 2.03684e+06 1.92639e+06 1.60545e+06 1.48548e+06 1.52852e+06 1.47304e+06 1.45335e+06 1.6539e+06 1.41715e+06 1.31025e+06 1.2431e+06 1.2374e+06 1.21431e+06 1.20919e+06 1.02816e+06 940813 905836 839275 722044 676658 661437 529814 505192 488315 315617
threshold=1426.8210489660182 0.70584350105878813 2507.049509271968 1.0000000180025095e-35 0.22920403930075578 1743.9111632769943 540.38965734328144 0.22031234280403358 -0.12940952255126034 5.6664435000000006 0.07815191598035949 10.065666500000001 0.11421608886533151 1.5400139436404057 1.0000000180025095e-35 0.16823590160644428 1.2524231056641475 0.067477736225598883 7.9789386000000002 3005.0980100075335 1.0000000180025095e-35 0.10734758632215723 -0.37940952255126009 0.3046457821390553 846.87044976825905 749.93500000000017 10.560016500000001 1049.3359823433866 170.01000000000013 1.0000000180025095e-35 10.119520000000001 1.0000000180025095e-35 0.81174490092936691 0.41445400754259193 0.086679291276755735 1.0000000180025095e-35 0.25881904510252057 3.4572059000000004 0.81174490092936691 1.0000000180025095e-35 0.027067348678601878 -139.25499999999997 0.81174490092936691 -1.0000000180025095e-35 481.44663607983904 0.12805178196825531 964.05262549549161 0.81174490092936691 -0.81803642999999993 248.99999999999997 11.08500000000001
decision_type=2 2 2 2 2 2 2 2 2 2 2 2 2 2 2 2 2 2 2 2 2 2 2 2 2 2 2 2 2 2 2 2 2 2 2 2 2 2 2 2 2 2 2 2 2 2 2 2 2 2 2
left_child=1 6 3 4 5 20 23 14 29 12 -7 17 13 25 19 16 27 -10 31 21 -2 -4 -18 40 -20 -3 32 -11 35 30 -5 -17 33 -8 46 -6 -34 48 -21 -36 50 47 -42 -15 -43 -39 -28 -25 -14 -13 -1
right_child=2 9 7 8 28 10 26 -9 11 15 -12 49 37 43 -16 18 22 -19 24 38 -22 -23 -24 41 -26 -27 34 -29 -30 -31 -32 -33 36 -35 39 -37 -38 45 -40 -41 42 44 -44 -45 -46 -47 -48 -49 -50 -51 -52
leaf_value=-11.330398283818411 6.6086942355245952 3.3219822590860484 17.238008223480588 -15.490045964876812 -5.0498449707031252 12.765186734454742 -9.4362487785551306 -8.2164448537053296 13.41811434659091 -1.6140714296287102 8.4665647582008621 10.123040160315377 -5.6428745011143064 3.8836387079412291 -0.25419306564331057 -2.4572315666079523 -0.31458068995976574 -10.384869903179066 -21.82641704487801 19.23668033376363 2.0116848267044314 11.738580495670313 6.0142087817524059 -8.5008543784299473 -7.8703729599329737 15.087328523585672 -0.12616278451633955 1.1477101108817576 -1.6584083352437835 -22.421027155399326 -0.56862322235107421 11.864867994117738 0.228438027654566 -3.6270206458971836 -1.9707203637250683 -19.714165049682968 -5.9302011058573587 0.84452808394798873 25.62484122092264 -13.670504476505776 -7.5579398888253309 -5.4320019538947841 -4.5823713596412112 15.535899160430546 -4.4550767452034554 -3.4268578567866124 3.5713029710245268 -1.4383656924962998 2.0032081331422456 21.038035522129224 -4.1526940397782761
leaf_weight=187 1592 1683 861 43 26 1467 133 35 20 2282 1713 33 21 20 38 62 289 71 38 557 506 357 393 312 122 36 377 871 39 38 28 23 400 1452 611 42 101 128 112 21 1113 8393 348 103 2535 328 176 30 378 21 20
leaf_count=187 1592 1683 861 43 26 1467 133 35 20 2282 1713 33 21 20 38 62 289 71 38 557 506 357 393 312 122 36 377 871 39 38 28 23 400 1452 611 42 101 128 112 21 1113 8393 348 103 2535 328 176 30 378 21 20
internal_value=0.0153727 -3.24068 9.86276 7.53695 8.1217 8.49023 -4.92779 16.5397 -4.82683 0.794776 10.4564 2.55299 2.77804 4.27743 16.9979 -0.51694 -0.104382 -4.97733 -6.92158 17.3452 5.50295 15.648 3.33928 -5.55512 -11.4135 3.58563 -2.4446 -0.850898 -9.87912 -14.5132 -9.78241 1.60177 -3.38437 -4.12576 -0.787365 -14.4118 -1.03176 -0.454652 20.3793 -2.40139 -7.34356 -5.28917 -6.85642 13.7337 -5.20624 -2.22941 1.05923 -7.89332 1.57463 14.9676 -10.6833
internal_weight=30585 22986 7599 5639 5385 5278 16209 1960 254 6777 3180 145 2697 1842 1925 4080 3835 91 245 1887 2098 1218 682 12938 160 1719 3271 3153 107 109 71 85 2086 1585 1185 68 501 855 669 632 1668 11270 1461 123 10928 456 553 342 399 54 207
internal_count=30585 22986 7599 5639 5385 5278 16209 1960 254 6777 3180 145 2697 1842 1925 4080 3835 91 245 1887 2098 1218 682 12938 160 1719 3271 3153 107 109 71 85 2086 1585 1185 68 501 855 669 632 1668 11270 1461 123 10928 456 553 342 399 54 207
is_linear=0
shrinkage=0.05


Tree=34
num_leaves=55
num_cat=0
split_feature=5 4 4 5 1 4 11 9 4 1 0 7 1 1 4 13 3 11 3 4 4 1 13 0 1 0 7 3 8 1 13 0 13 13 7 0 1 7 13 9 4 3 5 9 7 5 4 5 3 3 0 7 8 1
split_gain=3.54406e+08 6.29045e+07 3.96583e+07 1.47886e+07 1.03825e+07 9.90878e+06 9.16949e+06 9.40408e+06 7.98045e+06 7.07643e+06 6.68862e+06 4.99112e+06 4.78809e+06 4.56979e+06 3.85114e+06 3.60108e+06 3.52078e+06 4.38635e+06 3.45514e+06 3.36498e+06 3.18833e+06 2.87778e+06 2.45646e+06 2.44634e+06 2.33673e+06 2.87734e+06 2.03985e+06 2.02761e+06 2.18012e+06 1.82156e+06 1.74343e+06 1.74042e+06 1.6811e+06 1.65158e+06 1.33796e+06 1.29475e+06 1.23784e+06 1.23461e+06 1.10276e+06 1.50639e+06 1.10195e+06 1.04762e+06 984640 980861 1.87343e+06 817596 659448 637667 525411 524439 522591 355166 335625 310946
threshold=1274.0841273047001 2055.8953207150594 634.69102500918314 1769.3285804849877 0.21364731160036707 2895.5032941072968 1.0000000180025095e-35 0.81174490092936691 1053.7360194662817 0.22920403930075578 0.46127674795765178 -0.12940952255126034 0.087347966513776756 0.11499628604412611 1468.1825736499293 8.3036965000000027 199.00000000000009 1.0000000180025095e-35 -94.179999999999993 446.1872835029489 1562.9693154448792 0.18311622431001986 12.373853500000001 0.40981496607995499 0.12697770325017094 0.49194309828246147 -0.37940952255126009 150.00500000000002 -0.60785761079279388 0.061103692654164939 8.0930985000000017 0.57606108203715645 10.612726500000003 11.155399000000001 -0.70710678118654757 0.44912654535751489 0.084721040309403542 -0.37940952255126009 12.623879500000003 1.0000000180025095e-35 503.47563956699781 -287.98999999999995 708.38713674120231 0.81174490092936691 1.0000000180025095e-35 491.72661050772984 313.36243140441212 846.87044976825905 1.0049999999999957 749.93500000000017 0.45485476587817736 -0.5 -0.60785761079279388 0.038369234764303935
decision_type=2 2 2 2 2 2 2 2 2 2 2 2 2 2 2 2 2 2 2 2 2 2 2 2 2 2 2 2 2 2 2 2 2 2 2 2 2 2 2 2 2 2 2 2 2 2 2 2 2 2 2 2 2 2
left_child=2 3 19 9 5 16 7 21 24 13 -9 50 14 20 33 -15 17 -3 -13 31 -2 -5 -16 -18 32 41 -27 28 -14 37 -29 36 45 -10 -31 -34 42 -7 39 -11 47 -26 -1 49 -45 -4 -38 52 53 -42 -8 -50 -21 -33
right_child=1 4 8 6 -6 29 11 10 12 38 -12 18 27 15 22 -17 23 -19 -20 40 -22 -23 -24 -25 25 26 -28 30 -30 34 -32 48 35 -35 -36 -37 46 -39 -40 -41 43 -43 -44 44 -46 -47 -48 -49 51 -51 -52 -53 -54 -55
leaf_value=-5.2471000234047436 3.6798291176399531 11.049592112134572 -5.5348232408311988 8.0215828729845615 -11.877314260482789 17.394833083672957 -11.223727728525798 18.036905389490165 -0.55631586258193 -6.0372016557057702 2.4327998119869898 -14.642249901511452 -4.9741506923252921 5.8509568625467807 4.8504880291777175 -0.44669930887420145 17.258356788547484 -6.7972617340087886 8.1718725501789766 -5.3867397398975898 7.7327564596308953 1.1643761290626964 13.225880045441613 11.345401071141879 -8.762345140623669 -19.523556177092761 -6.7358265325505489 9.8668558872767864 0.059134259991901118 10.680907150900792 0.7681569662138269 -7.7377667719548144 2.4903284326290116 3.5171777542403024 17.252450440782621 -1.0341500709148375 -8.2677961210596411 23.237969538265247 -3.4967497355362469 -24.39710719920971 -4.0414385135970488 -1.9839544626448369 0.99808959700844513 2.8483679499596728 -5.2283126736426544 -1.7264990921063195 -6.1772968963036439 1.6721517130321801 -9.7559799454762395 1.7495569811107186 -23.736769672740593 -4.4839392892065497 -4.5970196331165898 -11.206590026516386
leaf_weight=2738 1903 1465 149 1440 38 218 25 392 391 22 84 20 341 295 251 962 453 34 66 2012 654 172 136 317 61 39 150 68 577 110 214 125 440 680 437 633 541 239 27 25 1643 631 64 160 127 2239 1489 37 50 39 20 103 4816 223
leaf_count=2738 1903 1465 149 1440 38 218 25 392 391 22 84 20 341 295 251 962 453 34 66 2012 654 172 136 317 61 39 150 68 577 110 214 125 440 680 437 633 541 239 27 25 1643 631 64 160 127 2239 1489 37 50 39 20 103 4816 223
internal_value=0.0146127 8.08256 -3.57554 5.07099 13.6309 13.9341 8.32679 9.13182 -0.496409 3.20947 15.305 -4.44885 1.66058 3.50888 3.58386 1.03821 12.0814 10.6363 2.65401 -5.09668 4.72168 7.29227 7.84666 14.8598 -1.81699 -4.11347 -9.55139 -0.678268 -1.81727 18.0888 3.01622 -6.09059 -1.23038 2.03176 15.9747 0.413056 -5.79457 20.5386 -11.9083 -16.4004 -4.49542 -2.60501 -5.10384 -3.44467 -0.737065 -1.96856 -6.74201 -4.79571 -8.91117 -3.90524 -17.5586 -6.31051 -4.83124 -10.012
internal_weight=30585 9418 21167 6107 3311 3273 2219 2088 7000 3888 476 131 2658 3814 1458 1257 2269 1499 86 14167 2557 1612 387 770 4342 881 189 1200 918 1004 282 5333 3461 1071 547 1073 4832 457 74 47 8834 692 2802 1969 287 2388 2030 6865 501 1682 45 153 6828 348
internal_count=30585 9418 21167 6107 3311 3273 2219 2088 7000 3888 476 131 2658 3814 1458 1257 2269 1499 86 14167 2557 1612 387 770 4342 881 189 1200 918 1004 282 5333 3461 1071 547 1073 4832 457 74 47 8834 692 2802 1969 287 2388 2030 6865 501 1682 45 153 6828 348
is_linear=0
shrinkage=0.05


Tree=35
num_leaves=60
num_cat=0
split_feature=5 4 5 11 4 4 7 0 4 9 7 2 12 3 7 0 3 7 0 13 2 4 0 5 3 12 0 4 7 5 0 3 10 7 3 0 5 0 10 5 3 3 9 0 0 4 11 3 9 3 0 0 0 0 3 12 3 0 12
split_gain=3.19983e+08 5.74957e+07 3.83037e+07 1.40247e+07 1.1872e+07 9.15483e+06 6.48929e+06 6.26346e+06 6.03682e+06 5.80708e+06 6.33884e+06 5.31304e+06 4.93307e+06 4.39628e+06 3.99357e+06 5.78565e+06 3.59367e+06 3.54953e+06 3.39542e+06 3.15837e+06 2.8359e+06 2.51888e+06 2.4982e+06 2.22427e+06 2.14601e+06 2.1274e+06 2.00093e+06 1.87298e+06 1.85456e+06 1.71287e+06 1.53985e+06 1.51591e+06 1.50661e+06 2.1692e+06 1.17308e+06 1.52274e+06 1.15603e+06 1.15313e+06 1.05574e+06 987195 920066 857433 1.14827e+06 847920 846128 797943 1.02865e+06 774512 870036 748492 747381 712834 627953 538503 532266 529472 513998 321908 153066
threshold=1433.9411256865305 822.73278426324293 2507.049509271968 1.0000000180025095e-35 2084.4454757204603 1287.4162629641171 -0.37940952255126009 0.43851238162301731 503.47563956699781 0.81174490092936691 1.0000000180025095e-35 0.52878306520184959 10.065666500000001 104.41499999999998 -0.37940952255126009 0.44577690945020026 -499.99999999999983 -0.9159756150367534 0.41293757179002327 12.091904000000001 1.3195313531332287 2700.8174739057463 0.40772911159131897 303.37034084237683 -1227.9999999999998 3.8441363500000008 0.500125866907425 1090.1199783712404 -0.37940952255126009 3199.5985812441477 0.56432041997074134 299.99999999999972 1.0000000180025095e-35 -0.37940952255126009 300.00000000000017 0.49533641361319886 910.35760903550988 0.5807555267335488 1.0000000180025095e-35 2895.5032941072968 -40.254999999999988 708.02499999999998 1.0000000180025095e-35 0.52833776859824166 0.28385721731658087 447.46087021963478 1.0000000180025095e-35 -1.0000000180025095e-35 0.81174490092936691 248.99999999999997 0.42532920336836244 0.36166588655092174 0.52356860114157244 0.53294555193325255 299.99999999999972 9.5720795000000027 151.00500000000014 0.59908397277706593 7.6432585000000008
decision_type=2 2 2 2 2 2 2 2 2 2 2 2 2 2 2 2 2 2 2 2 2 2 2 2 2 2 2 2 2 2 2 2 2 2 2 2 2 2 2 2 2 2 2 2 2 2 2 2 2 2 2 2 2 2 2 2 2 2 2
left_child=1 8 3 4 9 19 18 17 23 11 -11 -2 20 24 15 -15 26 31 -5 32 -8 28 -23 47 -7 -16 58 -19 -6 -29 -26 55 37 -34 35 -18 41 -3 43 -36 53 44 -43 -38 -10 46 -25 48 -1 -14 -42 -33 -20 -21 -40 -4 -47 -49 -9
right_child=2 5 7 6 21 13 12 16 36 10 -12 -13 49 14 25 -17 34 27 52 40 -22 22 -24 45 30 -27 -28 29 -30 -31 -32 51 33 -35 39 -37 38 -39 54 -41 50 42 -44 -45 -46 56 -48 57 -50 -51 -52 -53 -54 -55 -56 -57 -58 -59 -60
leaf_value=-9.1457767206680209 -8.6640639503105827 -0.58372661758772215 2.7522938795695229 -2.6859056283298295 7.2158630840709295 -11.129829197565714 -11.550757317398535 7.5980049662156546 -0.64991725671346789 15.268092274576146 4.6425202794332447 5.3891350160936096 7.6135449469366741 7.0112093265287347 4.4132875795184443 -10.862260633632541 11.736124169684874 31.17357798399749 -16.763253295605001 -0.54615139717125294 5.9671979203323522 18.040394200460081 9.4848523605346688 -5.1968293089489279 2.5048892094119997 13.080921027451016 -13.920864938389171 16.225438294458037 11.538879641675406 21.569198591327666 -10.817543254982342 20.693202647103206 -6.3975373895227392 -1.1545960217104285 19.461534340994703 2.9298500354048134 2.3732009521377955 -7.9328310857252635 -6.5259001870859752 7.3942560958862309 2.6312780376140288 9.5700992936472726 -3.5872690497504345 -3.4312498182561022 -3.4970003145810105 -4.5366476207941524 -8.5691675707259964 -5.4030717475462708 -3.6303338589427181 19.458709877034028 0.34874795675469361 7.9102912703804353 -30.189013234918772 -7.4399907333620128 0.30144483876499262 9.5845783487955725 1.8171417146379298 -8.6677186104623907 1.3825040219046854
leaf_weight=523 67 1834 61 36 408 28 64 20 287 317 255 3142 41 153 104 62 200 25 37 334 34 231 148 4113 1928 240 20 1144 699 198 20 34 341 467 68 67 259 53 86 27 851 29 34 81 2993 6544 243 595 87 22 620 21 20 29 42 55 31 93 20
leaf_count=523 67 1834 61 36 408 28 64 20 287 317 255 3142 41 153 104 62 200 25 37 334 34 231 148 4113 1928 240 20 1144 699 198 20 34 341 467 68 67 259 53 86 27 851 29 34 81 2993 6544 243 595 87 22 620 21 20 29 42 55 31 93 20
internal_value=0.0138158 -2.89641 9 6.86394 7.41748 0.861993 -4.58254 15.0038 -4.55151 5.92368 10.5639 5.09051 1.51451 3.26665 7.1746 1.80437 9.53049 16.4912 -14.9474 -0.484804 -5.47526 11.2053 14.7668 -5.09321 2.15498 10.5011 -1.75287 17.3483 9.96146 17.0448 2.35715 9.51805 -1.57356 -3.37761 11.4 9.56454 -2.81149 -0.798323 -0.4817 16.2551 1.11506 -3.13716 2.57733 0.978382 -3.24843 -4.85881 -5.3888 -7.0567 -8.37359 12.2215 1.67102 16.2614 -22.3378 -1.13466 -4.31547 6.09933 -4.50615 -5.86822 4.7042
internal_weight=30585 23104 7481 5521 5267 7064 254 1960 16040 3781 572 3209 161 2535 559 215 422 1538 93 4529 98 1486 379 12229 1976 344 60 1367 1107 1342 1948 171 2695 808 362 267 3811 1887 468 95 1834 3343 63 340 3280 10931 4356 1298 610 63 1471 55 57 363 128 116 6575 688 40
internal_count=30585 23104 7481 5521 5267 7064 254 1960 16040 3781 572 3209 161 2535 559 215 422 1538 93 4529 98 1486 379 12229 1976 344 60 1367 1107 1342 1948 171 2695 808 362 267 3811 1887 468 95 1834 3343 63 340 3280 10931 4356 1298 610 63 1471 55 57 363 128 116 6575 688 40
is_linear=0
shrinkage=0.05


Tree=36
num_leaves=63
num_cat=0
split_feature=5 4 4 5 4 11 9 4 0 7 11 0 7 3 3 12 3 4 12 3 8 7 0 4 0 3 7 12 7 0 7 7 0 8 2 7 8 7 0 3 3 5 3 4 0 0 3 0 9 3 7 9 7 6 3 12 3 0 0 2 7 12
split_gain=2.89225e+08 5.14926e+07 3.22784e+07 1.24654e+07 7.89913e+06 7.69259e+06 7.74118e+06 6.50919e+06 5.74781e+06 4.28094e+06 3.82278e+06 3.7532e+06 4.60349e+06 3.48119e+06 3.01105e+06 3.00971e+06 2.85747e+06 2.77165e+06 2.74062e+06 2.72563e+06 2.70988e+06 2.55908e+06 5.91332e+06 2.78341e+06 2.55877e+06 2.52262e+06 2.3427e+06 2.1861e+06 2.86811e+06 2.10144e+06 2.06309e+06 1.88706e+06 1.85679e+06 1.84522e+06 1.78104e+06 1.69795e+06 1.62784e+06 2.67916e+06 3.06406e+06 1.54616e+06 1.39456e+06 1.35386e+06 1.23859e+06 1.1948e+06 1.17747e+06 1.0997e+06 980040 949586 710598 1.08935e+06 998354 683245 1.73166e+06 674188 624229 602005 499377 426097 409298 195765 113588 32537.6
threshold=1274.0841273047001 2055.8953207150594 634.69102500918314 1769.3285804849877 2626.1050338120644 1.0000000180025095e-35 0.81174490092936691 1053.7360194662817 0.46127674795765178 -0.12940952255126034 1.0000000180025095e-35 0.40675408621581371 -0.60355339059327384 100.00000000000013 -94.179999999999993 9.6949885000000027 249.98999999999992 372.36679130205425 3.6602760000000005 200.00000000000014 -0.60785761079279388 -0.37940952255126009 0.44912654535751489 1523.002253024885 0.52833776859824166 -67.574999999999974 -0.78656609248549325 9.6949885000000027 -0.12940952255126034 0.48384259119072681 -0.9159756150367534 0.98296291314453432 0.500125866907425 -1.0000000180025095e-35 2.1005746971663721 -0.37940952255126009 -1.0000000180025095e-35 -0.12940952255126034 0.46354000387391053 -480.05500000000001 64.395000000000024 1444.143480146038 749.93500000000017 492.24263212484863 0.42961545902127568 0.59908397277706593 188.04500000000016 0.57197458205021123 0.81174490092936691 -0.20500000000001248 1.0000000180025095e-35 0.81174490092936691 -0.12940952255126034 0.25881904510252091 249.98999999999992 9.5720795000000027 749.93500000000017 0.45485476587817736 0.38251672736131298 0.28691679947453713 -0.37940952255126009 8.2585035000000016
decision_type=2 2 2 2 2 2 2 2 2 2 2 2 2 2 2 2 2 2 2 2 2 2 2 2 2 2 2 2 2 2 2 2 2 2 2 2 2 2 2 2 2 2 2 2 2 2 2 2 2 2 2 2 2 2 2 2 2 2 2 2 2 2
left_child=2 3 17 10 16 6 19 36 -8 57 15 30 44 18 -11 25 26 45 32 -5 35 22 -15 -23 -20 -2 34 41 -29 -28 53 -14 -9 -17 -3 -18 37 38 -4 -32 47 -12 -22 46 -13 48 58 -38 49 -1 -50 56 -53 -6 -39 -42 -45 -7 -19 -47 -61 -48
right_child=1 4 7 5 11 9 8 13 -10 14 27 12 31 21 -16 33 20 43 24 -21 42 23 -24 -25 -26 -27 29 28 -30 -31 39 -33 -34 -35 -36 -37 40 54 -40 -41 55 -43 -44 51 -46 59 61 -49 50 -51 -52 52 -54 -55 -56 -57 -58 -59 -60 60 -62 -63
leaf_value=-7.4256919710837499 -0.91594784985624766 1.4296421170132501 -3.2384677584547967 4.7852916449255467 4.7593318176269532 -10.496226917196203 16.436785070238077 2.295747468512634 1.9794319596886636 -13.701765143654564 -3.1601518032948182 5.2884630834645243 11.494192178840349 4.7212360798451387 7.5953283679134707 3.0035543676771859 2.4321362878853763 -4.1001518607768119 -0.16874886927798666 8.9462658936586106 14.369622523218608 3.7296286830989427 -10.066912195918325 11.752271834555128 -7.1154849737564732 3.1340254626857078 10.865037080374771 -6.8410675201696511 14.795137664931161 5.0735586477329093 9.67391128096782 21.02805528376653 12.252385894747881 8.5209410018666443 11.387171378604702 11.976748436783872 -1.3370808377605083 -1.4563052227788784 -10.520913840689502 17.913485784392119 2.2860035334822775 -14.726362152649807 23.433482979260958 -3.7271310090115457 -8.6416692769527437 -10.241933734529161 4.3738802766799934 -9.7842216928566206 -3.0898009293497535 -5.0772529015351484 -7.2160831111241768 2.4347139514480118 -4.4994327546771951 12.941420391798022 2.2552332120902778 -0.93759630541735839 1.5897465330362321 -21.889557696255771 -4.8367520004318072 -9.5769385171929979 -4.763580174262219 1.4471480481823287
leaf_weight=926 449 173 718 899 44 25 392 491 84 20 52 27 381 261 66 256 77 3099 1141 713 276 312 89 166 148 2642 775 32 26 203 69 63 50 381 59 121 1699 938 180 893 432 50 50 2278 30 168 20 32 514 1118 207 167 191 70 127 216 44 20 5346 22 45 22
leaf_count=926 449 173 718 899 44 25 392 491 84 20 52 27 381 261 66 256 77 3099 1141 713 276 312 89 166 148 2642 775 32 26 203 69 63 50 381 59 121 1699 938 180 893 432 50 50 2278 30 168 20 32 514 1118 207 167 191 70 127 216 44 20 5346 22 45 22
internal_value=0.0134703 7.30183 -3.22978 4.5771 12.3217 7.5662 8.30357 -0.451873 13.9045 -4.13481 2.86811 14.893 11.2245 1.49617 2.44362 3.19349 9.96868 -4.6021 0.277686 6.63453 13.0772 4.18203 0.924975 6.5531 -0.976148 2.54551 8.60316 -4.65899 3.02771 9.67573 16.5771 12.9352 3.2577 6.31994 4.03765 8.32642 -1.64453 -2.70967 -4.71834 17.3438 -0.764096 -9.00408 15.8942 -4.23782 -2.08751 -5.95435 -4.52946 -1.50435 -5.66682 -6.1474 -4.29115 -3.31158 -1.26922 9.91997 -1.01031 1.21188 -3.6251 -16.276 -4.56748 -9.26107 -6.57594 2.97641
internal_weight=30585 9418 21167 6107 3311 2219 2088 7000 476 131 3888 1577 501 2658 86 3728 1734 14167 1830 1612 524 828 350 478 1289 3091 1210 160 58 978 1076 444 541 637 232 198 4342 1963 898 962 2379 102 326 11167 57 3000 8487 1731 2765 2044 721 2680 358 114 1065 648 2322 45 8445 235 67 42
internal_count=30585 9418 21167 6107 3311 2219 2088 7000 476 131 3888 1577 501 2658 86 3728 1734 14167 1830 1612 524 828 350 478 1289 3091 1210 160 58 978 1076 444 541 637 232 198 4342 1963 898 962 2379 102 326 11167 57 3000 8487 1731 2765 2044 721 2680 358 114 1065 648 2322 45 8445 235 67 42
is_linear=0
shrinkage=0.05


Tree=37
num_leaves=49
num_cat=0
split_feature=5 4 5 1 4 1 11 1 4 5 12 1 3 11 3 9 1 4 13 1 7 3 1 5 5 7 7 4 4 9 12 11 1 12 1 4 1 3 3 7 10 1 11 12 3 10 12 12
split_gain=2.61597e+08 5.13517e+07 2.82008e+07 1.14324e+07 8.7298e+06 7.72165e+06 7.9556e+06 7.05685e+06 5.17576e+06 5.04126e+06 4.59276e+06 3.84169e+06 3.88807e+06 3.78292e+06 3.55515e+06 3.39065e+06 3.04935e+06 3.04358e+06 3.03355e+06 3.21215e+06 2.9907e+06 2.48252e+06 2.29394e+06 4.24007e+06 2.40203e+06 2.11463e+06 1.92754e+06 1.86043e+06 1.80323e+06 1.72807e+06 1.62758e+06 1.45802e+06 1.31837e+06 1.25438e+06 1.25369e+06 1.21643e+06 1.05333e+06 974763 909621 860082 761705 604661 582131 547838 431566 414770 160804 135160
threshold=1482.3342046304681 822.73278426324293 2507.049509271968 0.07815191598035949 1287.4162629641171 0.24704976018373964 1.0000000180025095e-35 0.22031234280403358 2199.3054585573159 489.32129855617853 10.065666500000001 0.061552621303690887 178.04999999999998 1.0000000180025095e-35 -1227.9999999999998 0.81174490092936691 0.11269189017778734 2970.0870861186709 12.091904000000001 0.15364126980085169 1.0000000180025095e-35 290.00500000000017 0.20179298745144222 1420.263053060253 1308.4361375932579 -0.37940952255126009 -0.12940952255126034 2055.8953207150594 292.28312417948536 1.0000000180025095e-35 6.4001635000000006 1.0000000180025095e-35 0.10819214303813932 10.065666500000001 0.019577092244466774 1543.9451096952896 0.059528773834004955 -139.25499999999997 400.00000000000017 -0.37940952255126009 1.0000000180025095e-35 0.059528773834004955 1.0000000180025095e-35 3.4572059000000004 0.010000000000005118 1.0000000180025095e-35 9.8008785000000014 6.7830116500000015
decision_type=2 2 2 2 2 2 2 2 2 2 2 2 2 2 2 2 2 2 2 2 2 2 2 2 2 2 2 2 2 2 2 2 2 2 2 2 2 2 2 2 2 2 2 2 2 2 2 2
left_child=1 9 3 8 18 6 17 13 15 28 -8 12 27 16 -13 21 30 -5 19 36 -18 -2 23 31 47 -16 -17 -6 42 34 -4 -11 38 -21 -10 -14 -3 40 -20 -31 -30 -39 45 -34 -7 -1 -44 -24
right_child=2 4 7 5 11 44 10 -9 29 22 -12 14 35 -15 25 26 20 -19 32 33 -22 -23 24 -25 -26 -27 -28 -29 37 39 -32 -33 43 -35 -36 -37 -38 41 -40 -41 -42 -43 46 -45 -46 -47 -48 -49
leaf_value=-5.6411953527852177 5.639351331655682 0.19461805646471197 13.110847453949285 5.1844869506901716 3.3862203613424535 -21.318989767594772 -11.653031189697131 -8.28219495000066 23.410646481805923 -2.5211760781661532 4.0685162872970109 -13.906038585503897 6.0064915896441846 -1.5503126411437991 -0.25347225753590469 17.438136270743151 14.167869592291968 16.530910375782703 1.7496507907973191 -8.8040762409936519 6.1309968412839453 10.765437768524944 -3.1284742407004043 13.8032451628416 -24.936668923419457 3.2957618304045866 7.8972420137235435 13.751864285469054 -5.2821881045336934 6.4955248183962597 16.845091226299495 -5.9478689906881819 1.1232722043536851 0.14345124786975338 14.142557578147857 14.327596719506857 -1.8832169002554136 -3.997742102962579 7.5210921163591626 12.537756466335722 -10.413661590178808 -4.7902807413878579 -11.306522682796826 -1.7649610239246163 -9.9992154552318429 -8.2968702633757356 -5.4141831385005617 -8.4944998256726709
leaf_weight=650 1091 1085 512 2530 825 20 110 35 47 4484 78 34 71 38 670 128 278 59 1119 192 206 305 34 37 21 1120 99 44 207 114 891 333 267 49 296 136 1390 4872 71 142 118 4999 86 420 25 207 20 20
leaf_count=650 1091 1085 512 2530 825 20 110 35 47 4484 78 34 71 38 670 128 278 59 1119 192 206 305 34 37 21 1120 99 44 207 114 891 333 267 49 296 136 1390 4872 71 142 118 4999 86 420 25 207 20 20
internal_value=0.0131004 -2.50713 8.49647 6.51423 0.911644 4.3969 4.73402 13.5859 9.19691 -4.09934 -5.15607 3.05843 5.4255 13.9916 1.65766 7.71286 14.3059 5.45562 -0.444571 -1.51235 10.7865 6.77311 -2.76562 -2.62854 -11.3384 1.96847 13.3825 3.94144 -4.68784 13.1789 15.503 -2.76044 1.10045 -6.99864 15.5409 11.5583 -0.972904 -4.49057 2.10604 9.91831 -7.19762 -4.4 -6.76291 -0.64245 -15.7234 -6.30048 -10.3157 -5.34838
internal_weight=30585 23581 7004 5044 7493 2822 2777 1960 2222 16088 188 2900 1076 1925 1824 1623 1887 2589 4593 2716 484 1396 4929 4854 75 1790 227 869 11159 599 1403 4817 1877 241 343 207 2475 10196 1190 256 325 9871 963 687 45 857 106 54
internal_count=30585 23581 7004 5044 7493 2822 2777 1960 2222 16088 188 2900 1076 1925 1824 1623 1887 2589 4593 2716 484 1396 4929 4854 75 1790 227 869 11159 599 1403 4817 1877 241 343 207 2475 10196 1190 256 325 9871 963 687 45 857 106 54
is_linear=0
shrinkage=0.05


Tree=38
num_leaves=58
num_cat=0
split_feature=5 4 4 1 5 4 1 4 8 7 1 1 3 3 5 6 4 3 1 8 1 12 12 4 9 1 1 7 3 4 7 8 7 3 12 1 1 4 9 3 3 9 5 1 8 5 1 12 4 8 7 4 5 5 9 8 3
split_gain=2.3649e+08 4.23975e+07 2.63286e+07 9.55418e+06 1.24285e+07 8.63576e+06 6.90988e+06 5.23939e+06 5.20488e+06 6.6029e+06 4.37162e+06 4.05981e+06 4.0155e+06 3.98254e+06 3.41348e+06 3.12649e+06 2.76832e+06 2.50617e+06 2.50298e+06 2.48942e+06 3.00695e+06 2.47208e+06 2.36188e+06 2.3448e+06 2.02764e+06 1.94635e+06 1.78512e+06 1.7746e+06 1.71463e+06 1.66954e+06 1.66209e+06 1.587e+06 1.4113e+06 1.34606e+06 1.32492e+06 1.32337e+06 1.0884e+06 1.01737e+06 1.02334e+06 927149 926962 849626 823053 887901 769828 622304 613461 551927 529928 506663 499523 395298 381211 345019 329277 280875 239557
threshold=1274.0841273047001 1950.5840221573269 634.69102500918314 0.10512061028448023 2111.7118711774119 2626.1050338120644 0.24704976018373964 1053.7360194662817 -0.60785761079279388 -0.12940952255126034 0.20179298745144222 0.083507438368042142 290.00500000000017 249.98999999999992 2863.635411009132 -0.78656609248549292 1468.1825736499293 -1885.3549999999998 0.051415282729210261 -0.60785761079279388 0.07815191598035949 10.065666500000001 5.6262386500000003 446.1872835029489 0.81174490092936691 0.12697770325017094 0.17248759455961213 -0.5 -499.99999999999983 1482.3342046304681 -0.70710678118654757 -0.60785761079279388 -0.12940952255126034 150.00500000000002 7.8633765000000002 0.11109711784659849 0.05466276440019726 304.3907199453833 0.81174490092936691 434.00500000000005 299.99999999999972 0.81174490092936691 862.78481538327071 0.048388004834240571 -0.8783796973249266 708.38713674120231 0.03544809761222794 6.4001635000000006 503.47563956699781 -0.60785761079279388 -0.37940952255126009 509.19627915082299 162.58200991215867 964.05262549549161 0.81174490092936691 -0.60785761079279388 146.99499999999992
decision_type=2 2 2 2 2 2 2 2 2 2 2 2 2 2 2 2 2 2 2 2 2 2 2 2 2 2 2 2 2 2 2 2 2 2 2 2 2 2 2 2 2 2 2 2 2 2 2 2 2 2 2 2 2 2 2 2 2
left_child=2 3 23 4 12 13 8 25 9 -5 15 16 21 17 -10 35 32 -3 -17 27 -21 -2 -18 36 29 34 33 -15 47 -6 -19 -28 -9 -13 39 -7 45 38 -38 -4 -26 56 48 46 -30 52 -44 -27 55 -36 -14 -45 -1 -39 -50 -25 -8
right_child=1 5 7 6 24 10 41 11 14 -11 -12 26 50 19 -16 18 22 30 -20 20 -22 -23 -24 42 40 28 31 -29 44 -31 -32 -33 -34 -35 49 -37 37 53 -40 -41 -42 -43 43 51 -46 -47 -48 -49 54 -51 -52 -53 -54 -55 -56 -57 -58
leaf_value=-6.1719730448696817 2.903729797510644 -7.9669472630818676 -0.032192594708805831 -9.8629831681400546 22.665675810354728 18.112350020431176 -13.54530974706014 -0.14249609133348209 2.8551955716247495 1.5268860923739338 -5.1218483781814577 -0.8830387382279179 6.4250625233709817 2.3491754673928327 17.476409304316451 15.320485871170389 12.426131053477761 4.3422610516890803 9.938892185498414 19.327188170465401 10.59855512588285 7.2559892679195928 3.9631479863156152 -4.4370850296787614 15.463077269563309 -5.6038229854583745 -9.0439160761102908 11.121113171514713 0.36054140870491946 8.9262269085955772 8.3692262569050069 -0.48021753425951363 3.5435162440808954 3.353083060105158 -2.8375824830671861 12.135733773064027 -7.9764239862164148 -5.06704501781046 -3.9944197941256001 4.8269584087972284 24.734541895164636 -23.079398290460759 -0.20972186927795411 2.5408064952763647 -3.689551453009162 2.9996122935510456 11.199467508792878 -16.494087634086608 -3.2202841952703984 -1.1800894030516667 9.8064215718209766 -3.7255264549212415 -3.9728971603612551 1.2640794928177543 -1.1974326720732753 -3.718648488399003 -5.3495770960268771
leaf_weight=227 1994 25 1078 190 25 454 22 481 1663 376 30 787 198 95 39 364 125 332 589 173 254 390 244 2012 102 23 109 150 141 171 1240 106 562 244 644 140 681 2253 220 106 51 20 23 31 687 29 22 30 1586 1633 310 109 1902 21 234 4817 21
leaf_count=227 1994 25 1078 190 25 454 22 481 1663 376 30 787 198 95 39 364 125 332 589 173 254 390 244 2012 102 23 109 150 141 171 1240 106 562 244 644 140 681 2253 220 106 51 20 23 31 687 29 22 30 1586 1633 310 109 1902 21 234 4817 21
internal_value=0.0126418 6.60314 -2.92007 3.81381 5.56896 10.6402 1.37078 -0.411207 1.82992 -2.31783 13.4894 1.33653 4.48681 8.64975 3.21035 13.8565 3.17028 7.27316 12.0222 11.8899 14.2086 3.62121 6.88156 -4.15947 14.4596 -1.48123 -0.743271 7.76633 -3.57696 10.89 7.52535 -4.86518 1.84661 0.124042 -0.945997 16.7492 -4.98905 -5.5813 -7.01513 0.410235 18.8329 -14.7059 -3.65765 -0.353677 -3.00065 -4.11333 5.60722 -12.1438 -3.72823 -1.65096 8.51886 -2.3217 -4.21294 -5.00752 -2.96181 -3.93156 -9.9585
internal_weight=30585 9418 21167 5572 3241 3846 2331 7000 2268 566 1577 2658 2892 2269 1702 1547 1412 1597 953 672 427 2384 369 14167 349 4342 1246 245 881 196 1572 215 1043 1031 3461 594 5333 3175 901 1184 153 63 8834 185 828 2158 45 53 8649 2277 508 140 2129 2274 1820 6829 43
internal_count=30585 9418 21167 5572 3241 3846 2331 7000 2268 566 1577 2658 2892 2269 1702 1547 1412 1597 953 672 427 2384 369 14167 349 4342 1246 245 881 196 1572 215 1043 1031 3461 594 5333 3175 901 1184 153 63 8834 185 828 2158 45 53 8649 2277 508 140 2129 2274 1820 6829 43
is_linear=0
shrinkage=0.05


Tree=39
num_leaves=50
num_cat=0
split_feature=5 4 5 11 1 4 1 1 5 4 11 12 5 12 1 1 0 9 4 1 0 1 5 9 12 5 0 5 0 0 5 1 1 1 2 0 12 11 0 1 5 4 0 5 1 0 0 9 1
split_gain=2.13977e+08 4.1875e+07 2.32581e+07 1.02624e+07 8.23399e+06 7.33357e+06 6.58511e+06 5.95e+06 4.10747e+06 4.04051e+06 3.35392e+06 3.23788e+06 3.21101e+06 3.17739e+06 2.73938e+06 2.47646e+06 3.04487e+06 2.26935e+06 3.06471e+06 2.42359e+06 2.34194e+06 2.24389e+06 3.79508e+06 2.23121e+06 1.83672e+06 1.75303e+06 1.72384e+06 1.70131e+06 1.65392e+06 1.63896e+06 1.59864e+06 1.58998e+06 1.54216e+06 1.49657e+06 1.44173e+06 1.26456e+06 1.23236e+06 1.10944e+06 1.04898e+06 813052 1.31773e+06 812124 611745 571889 499184 472669 417572 397880 208105
threshold=1482.3342046304681 822.73278426324293 2507.049509271968 1.0000000180025095e-35 0.24704976018373964 1374.6770639519916 0.060671807164413907 0.22031234280403358 504.48104068892997 2475.030458788719 1.0000000180025095e-35 3.6152036000000005 1769.3285804849877 10.065666500000001 0.090513131075907902 0.11269189017778734 0.490736232426986 1.0000000180025095e-35 2055.8953207150594 0.17248759455961213 0.45924321943375285 0.079306453220254175 1420.263053060253 0.81174490092936691 11.978066000000002 1374.6770639519916 0.40002079734857904 1950.5840221573269 0.41489674452495579 0.51698655354599754 887.63544884768805 0.18946953262365177 0.11421608886533151 0.22920403930075578 1.0660977007725549 0.37735491119627057 7.3371658000000011 1.0000000180025095e-35 0.52523448816046336 0.12428960263369709 5.4797389898598938 28.63519445162547 0.51698655354599754 71.155737247132606 0.17248759455961213 0.50703107733017883 0.39823680116665666 1.0000000180025095e-35 0.039197644926929169
decision_type=2 2 2 2 2 2 2 2 2 2 2 2 2 2 2 2 2 2 2 2 2 2 2 2 2 2 2 2 2 2 2 2 2 2 2 2 2 2 2 2 2 2 2 2 2 2 2 2 2
left_child=1 8 3 4 6 11 9 10 29 -2 15 34 -8 23 36 26 -17 18 37 35 -21 22 30 27 47 38 -4 -5 -26 39 -10 -27 -20 -16 44 -19 -13 -7 -23 40 -1 48 -36 -43 -3 -6 -41 -15 -31
right_child=2 5 7 13 45 17 12 -9 21 -11 -12 14 -14 24 33 16 -18 19 32 20 -22 25 -24 -25 28 31 -28 -29 -30 41 -32 -33 -34 -35 42 -37 -38 -39 -40 46 -42 43 -44 -45 -46 -47 -48 -49 -50
leaf_value=7.3729463164894673 8.102559754105366 2.0547419804902343 15.534524202210017 -9.9794276621201465 -7.5819586632468488 4.102265322728976 3.0865671152157601 -7.767509571797139 -2.0068663142841086 15.056527987400372 -1.9327993087768556 1.6897129626147753 6.4444485770672006 4.8760134290612269 -2.078555728777872 10.749119864238345 -6.4456490974766867 5.7656989873701079 16.368463286619924 0.98538534562979185 -13.147988878016202 -2.8193597713223846 17.13260172503335 -22.57759349822998 4.5079733605095837 -4.1984434007008877 11.805582591408976 1.8862888484199845 -12.390393048799956 -5.0999192565196267 1.8494046772806247 -22.119879457155864 1.9286866972181536 -10.954466438682712 4.8171204943223431 1.1774547585934103 -0.61631578624492633 -6.6018037231445321 -6.4449076107621712 -3.8084500132815942 -3.7361291331407021 -7.6293178377061528 13.726234313880695 -4.8331664666309742 -1.6903924675421285 -19.01111087516502 -5.6533526355434249 15.00848292986552 -10.00362969316104
leaf_weight=25 1378 918 839 83 20 1151 1111 35 1715 249 38 932 2012 21 1700 458 26 199 76 65 51 1555 26 22 31 28 564 46 24 35 317 22 25 47 53 600 1524 23 229 495 8613 210 32 1793 97 25 908 22 117
leaf_count=25 1378 918 839 83 20 1151 1111 35 1715 249 38 932 2012 21 1700 458 26 199 76 65 51 1555 26 22 31 28 564 46 24 35 317 22 25 47 53 600 1524 23 229 495 8613 210 32 1793 97 25 908 22 117
internal_value=0.0124319 -2.26689 7.6849 5.88476 6.39881 0.820344 6.60253 12.3068 -3.7047 9.18399 12.6794 -0.185132 5.25263 -3.98644 -0.817308 12.9754 9.8027 3.25301 4.61526 1.34887 -5.34591 -2.28851 -1.15345 -8.49393 2.9897 -3.55957 14.0544 -5.784 -3.04179 -4.15618 -1.40404 -12.6315 12.9012 -2.3296 2.22745 2.33176 0.259434 3.88169 -3.29145 -3.88579 -3.70228 -5.41126 8.40964 -5.13364 1.69421 -14.4704 -5.00879 10.4968 -8.95542
internal_weight=30585 23581 7004 5044 4795 7493 4750 1960 16088 1627 1925 5303 3123 249 4203 1887 484 2190 1275 915 116 3892 2058 151 98 1834 1403 129 55 12196 2032 50 101 1747 1100 799 2456 1174 1784 10041 8638 2155 85 2003 1015 45 1403 43 152
internal_count=30585 23581 7004 5044 4795 7493 4750 1960 16088 1627 1925 5303 3123 249 4203 1887 484 2190 1275 915 116 3892 2058 151 98 1834 1403 129 55 12196 2032 50 101 1747 1100 799 2456 1174 1784 10041 8638 2155 85 2003 1015 45 1403 43 152
is_linear=0
shrinkage=0.05


Tree=40
num_leaves=50
num_cat=0
split_feature=5 5 5 11 1 1 1 5 7 1 13 5 11 13 2 2 13 1 0 5 7 8 2 1 1 2 0 5 0 7 2 0 2 13 2 8 0 7 0 2 2 13 7 0 0 0 8 2 6
split_gain=1.93125e+08 3.50589e+07 2.09998e+07 9.27606e+06 7.47393e+06 6.1986e+06 5.94663e+06 5.72367e+06 5.57651e+06 5.38257e+06 3.3597e+06 3.05923e+06 3.56338e+06 2.9837e+06 2.9391e+06 2.88908e+06 2.85268e+06 2.56182e+06 2.54753e+06 2.51992e+06 2.1296e+06 3.55151e+06 3.46872e+06 2.08355e+06 2.06909e+06 2.46217e+06 1.7929e+06 3.90475e+06 2.80171e+06 2.53536e+06 2.18838e+06 1.67469e+06 1.55268e+06 1.39518e+06 1.37307e+06 1.25056e+06 1.24766e+06 4.04041e+06 1.13816e+06 1.247e+06 810304 698129 673625 666706 651446 429176 423246 386542 304626
threshold=1482.3342046304681 862.78481538327071 2507.049509271968 1.0000000180025095e-35 0.24704976018373964 0.079306453220254175 0.060671807164413907 540.38965734328144 -0.12940952255126034 0.22031234280403358 7.927927050000001 3005.0980100075335 1.0000000180025095e-35 10.356741500000002 0.96812737432763707 1.751675890789637 5.872769850000001 0.067477736225598883 0.41293757179002327 1444.143480146038 -0.37940952255126009 -0.60785761079279388 1.3635344290268736 0.066927053480448362 0.067477736225598883 1.2524231056641475 0.48170589843767903 133.87200642658311 0.43419703994855335 -0.37940952255126009 0.4876541357785617 0.37735491119627057 0.55346355976783668 14.385251500000001 1.0660977007725549 -1.0000000180025095e-35 0.48170589843767903 -0.37940952255126009 0.47698731950693635 1.6299845065500593 1.3056252850352557 11.998209000000001 -0.60355339059327384 0.49653321398558403 0.5807555267335488 0.50703107733017883 -0.60785761079279388 1.6299845065500593 -0.25881904510252113
decision_type=2 2 2 2 2 2 2 2 2 2 2 2 2 2 2 2 2 2 2 2 2 2 2 2 2 2 2 2 2 2 2 2 2 2 2 2 2 2 2 2 2 2 2 2 2 2 2 2 2
left_child=1 7 3 4 6 15 16 26 18 11 43 12 23 -8 19 31 -2 -12 48 35 21 -16 -22 -4 25 44 27 28 -1 30 -28 40 -31 -33 -29 -7 41 -38 39 -13 -3 -26 -20 -10 -9 -6 -17 -27 -5
right_child=2 5 9 8 45 14 13 24 10 -11 17 38 -14 -15 20 46 -18 -19 42 -21 22 -23 -24 -25 36 47 29 34 -30 32 -32 33 -34 -35 -36 -37 37 -39 -40 -41 -42 -43 -44 -45 -46 -47 -48 -49 -50
leaf_value=13.780070938723426 13.998217618166075 3.5812874320622146 13.102566356227626 -6.4694151366840718 -7.2373239829323515 -3.7259734008583525 6.3895786145384958 -0.58909880931469316 6.8056735102335608 -7.4001272232468054 11.655557091452858 22.263754928225566 -6.1514944171905519 3.274866973363519 -7.0605073243578547 9.2137345937780424 7.8701293740668481 -7.937784545694079 -22.160852851000701 -14.871304791726565 0.93765314741417094 1.2256057747016822 8.3586097828835406 8.8782140772051807 -2.4904441311457806 5.8155507385932799 -5.9058768678621663 -3.5635317526932813 -1.7196916548667418 -4.2145732122760204 -12.765607741397361 0.78092607803117775 0.9324478796297504 4.2566083642349142 3.4915790966749194 -0.61295142719813434 -15.787005787287676 -2.868880018921748 2.7292032358863141 14.343919114097705 9.162294529948916 0.13629481417117734 -10.217849154472351 18.53950546913147 -6.3846803382873532 -18.130966734709563 18.952919064331052 14.100122719244522 1.816438690268475
leaf_weight=54 223 1158 595 20 20 522 1717 1639 31 35 20 61 30 1406 189 35 1404 68 42 36 859 399 191 623 1576 57 826 8981 60 3141 136 1403 153 362 68 842 71 363 20 596 68 301 24 23 48 25 23 20 21
leaf_count=54 223 1158 595 20 20 522 1717 1639 31 35 20 61 30 1406 189 35 1404 68 42 36 859 399 191 623 1576 57 826 8981 60 3141 136 1403 153 362 68 842 71 363 20 596 68 301 24 23 48 25 23 20 21
internal_value=0.0117282 -2.15369 7.30079 5.59027 6.079 1.1144 6.27309 -3.29082 -3.79456 11.6926 2.7004 12.047 10.5394 4.99031 -0.484016 2.70633 8.72622 -3.32464 -12.3055 -2.16467 0.953321 -1.45268 2.30089 10.9599 -1.64848 -0.358222 -3.78924 -3.39353 5.73326 -4.63917 -6.90013 2.48656 -3.97508 1.4978 -3.50975 -1.80801 -2.63218 -5.04495 14.7869 15.1446 3.90526 -2.06951 -18.2463 12.2871 -0.761368 -13.8035 13.5789 8.26994 -2.33823
internal_weight=30585 23581 7004 5044 4795 6087 4750 17494 249 1960 142 1925 1248 3123 3038 3049 1627 88 107 1400 1638 588 1050 1218 4075 1764 13419 9163 114 4256 962 2991 3294 1765 9049 1364 2311 434 677 657 1226 1877 66 54 1687 45 58 77 41
internal_count=30585 23581 7004 5044 4795 6087 4750 17494 249 1960 142 1925 1248 3123 3038 3049 1627 88 107 1400 1638 588 1050 1218 4075 1764 13419 9163 114 4256 962 2991 3294 1765 9049 1364 2311 434 677 657 1226 1877 66 54 1687 45 58 77 41
is_linear=0
shrinkage=0.05


Tree=41
num_leaves=58
num_cat=0
split_feature=5 5 5 11 5 7 2 2 3 0 13 0 7 3 7 0 7 0 0 7 0 9 3 2 0 2 10 12 5 0 13 2 3 2 12 7 0 3 5 3 5 2 0 9 12 0 9 5 12 2 2 3 0 5 7 9 5
split_gain=1.74858e+08 3.8718e+07 1.45265e+07 5.99669e+06 5.16498e+06 4.88027e+06 4.60706e+06 4.3781e+06 4.28483e+06 3.82562e+06 3.79339e+06 3.36404e+06 2.90178e+06 2.69806e+06 2.51227e+06 2.38786e+06 2.37346e+06 2.36355e+06 2.29223e+06 2.1869e+06 2.10167e+06 1.94206e+06 1.69867e+06 2.20415e+06 2.56322e+06 1.69824e+06 1.64515e+06 1.93865e+06 1.59136e+06 1.45442e+06 1.38246e+06 1.28841e+06 1.25976e+06 2.07454e+06 2.12845e+06 1.72583e+06 1.24343e+06 1.20809e+06 1.49448e+06 1.11058e+06 1.10685e+06 920204 778110 755619 887323 754510 707260 645376 640323 569119 563031 492278 432872 428529 351058 232605 174762
threshold=1627.7543623828017 862.78481538327071 2626.1050338120644 1.0000000180025095e-35 540.38965734328144 -0.37940952255126009 2.1005746971663721 1.4976901357683527 -205.095 0.37329506931008494 6.5157562000000011 0.46354000387391053 -0.60355339059327384 399.99999999999994 -0.37940952255126009 0.46247628993629081 -0.9159756150367534 0.3445602043382458 0.56432041997074134 -0.12940952255126034 0.42111683830595142 0.81174490092936691 1.0000000180025095e-35 0.71086292103294768 0.44577690945020026 0.81983794604122406 1.0000000180025095e-35 8.4929780000000026 3199.5985812441477 0.51698655354599754 3.7399563500000004 2.4674322294762998 159.82500000000007 1.1778079728152844 3.8959487000000004 -0.37940952255126009 0.5807555267335488 104.41499999999998 1412.3653628747913 19.944999999999997 2019.4196213484609 1.1795887242912435 0.36045719316488051 1.0000000180025095e-35 7.8633765000000002 0.36369985488925355 -0.22252093395631442 28.63519445162547 9.0393680000000014 0.027067348678601878 0.5764194410878104 199.00000000000009 0.37421539709467644 1.0000000180025095e-35 0.96592582628906831 1.0000000180025095e-35 2895.5032941072968
decision_type=2 2 2 2 2 2 2 2 2 2 2 2 2 2 2 2 2 2 2 2 2 2 2 2 2 2 2 2 2 2 2 2 2 2 2 2 2 2 2 2 2 2 2 2 2 2 2 2 2 2 2 2 2 2 2 2 2
left_child=1 4 3 6 22 20 10 9 -7 30 21 16 15 -12 26 -11 39 51 -14 -13 -5 -2 29 53 -25 -18 52 -28 -27 47 55 -19 36 35 -35 -34 42 46 -39 45 -10 -32 -6 54 -45 -4 -16 -1 -38 -31 -22 -8 -9 -24 -21 -3 -41
right_child=2 7 11 5 32 8 17 14 40 12 13 19 18 -15 37 -17 25 31 -20 43 50 -23 23 24 -26 28 27 -29 -30 49 41 -33 33 34 -36 -37 48 38 -40 56 -42 -43 -44 44 -46 -47 -48 -49 -50 -51 -52 -53 -54 -55 -56 -57 -58
leaf_value=1.4651858296636808 7.4884655243013292 6.2380470932006844 4.7902748243897042 -0.25207345672275711 -0.98187456095668402 -16.514024772644046 14.384249855010744 7.7893996492203543 3.9246868060841971 -1.9597682101046443 3.9439502773681547 -5.3428999254180169 0.88528370954216895 8.0935980428849756 8.8747895337319846 -11.104743414690468 25.737872393471857 7.4937236808871361 -4.6453601321525877 8.1708573317934174 -12.174943531799316 13.988446493389853 -8.8507386612892152 8.2465641564130774 -2.3320563910509411 11.972064525629651 1.9940335412392252 -11.923733143573855 16.890031591021398 -8.6890243759836476 1.7990478832812351 13.796177036149164 -4.70884702288462 -6.8174137167497122 10.91161423110962 1.9284876491877601 -13.180951320330303 17.018008531822879 6.0748416498935587 13.531272353004008 15.109583399295808 4.4062238470537514 -2.4739360228239216 -1.9070667468800266 10.30284754594167 -6.210114328211005 3.2757623802658418 -3.8388154407554773 -3.3452162145243758 -5.2521385422970059 -25.498850329855216 24.032946028275923 0.82635575188530819 -3.1686036356745397 16.520466695198646 14.168949520404523 7.0080396132633611
leaf_weight=57 902 23 52 21 1678 21 122 66 79 615 2035 39 2964 487 100 79 26 442 198 42 23 134 32 90 150 1082 63 39 211 138 2168 103 165 20 78 235 34 66 64 32 30 401 1831 32 25 20 135 5442 34 1236 21 20 34 6274 24 24 27
leaf_count=57 902 23 52 21 1678 21 122 66 79 615 2035 39 2964 487 100 79 26 442 198 42 23 134 32 90 150 1082 63 39 211 138 2168 103 165 20 78 235 34 66 64 32 30 401 1831 32 25 20 135 5442 34 1236 21 20 34 6274 24 24 27
internal_value=0.0113319 -1.86651 7.62164 6.14065 -3.12638 -2.4115 6.53445 1.26465 3.19382 0.894657 5.80439 11.6881 -0.106788 4.75103 5.46988 -3.02969 12.4527 10.2877 0.536244 4.77639 -13.3829 8.35453 -3.59985 -3.02121 1.67027 13.0931 0.981236 -3.45438 12.7995 -4.14992 2.36975 8.73093 -1.56625 0.78723 7.22941 -0.819206 -1.89417 7.93511 11.8043 5.90492 7.21992 2.20912 -1.7614 8.01913 3.61579 1.64929 5.71313 -3.78332 -8.49924 -5.60946 -19.3664 16.0582 5.48464 -3.20024 11.6037 10.701 10.8738
internal_weight=30585 24533 6052 4440 17494 195 4245 7039 130 6472 3558 1612 3856 2522 567 694 1450 687 3162 162 65 1036 13419 6546 240 1319 202 102 1293 6873 2616 545 4075 498 98 400 3577 365 130 131 109 2569 3509 123 57 72 235 5499 68 1374 44 142 100 6306 66 47 59
internal_count=30585 24533 6052 4440 17494 195 4245 7039 130 6472 3558 1612 3856 2522 567 694 1450 687 3162 162 65 1036 13419 6546 240 1319 202 102 1293 6873 2616 545 4075 498 98 400 3577 365 130 131 109 2569 3509 123 57 72 235 5499 68 1374 44 142 100 6306 66 47 59
is_linear=0
shrinkage=0.05


Tree=42
num_leaves=63
num_cat=0
split_feature=5 5 4 1 0 1 4 3 4 12 0 7 13 11 3 7 0 3 12 5 3 4 7 5 1 0 7 12 7 4 4 12 4 10 9 12 11 0 0 4 3 7 1 1 10 0 9 3 3 0 10 5 4 0 0 5 10 12 0 1 7 1
split_gain=1.58065e+08 2.67571e+07 1.99362e+07 1.10085e+07 9.02678e+06 5.4216e+06 4.74195e+06 4.44436e+06 3.86661e+06 3.71733e+06 3.60538e+06 3.73737e+06 3.21666e+06 3.3288e+06 2.92574e+06 2.68551e+06 5.85243e+06 3.24938e+06 2.70618e+06 2.49216e+06 2.27595e+06 2.56301e+06 2.2297e+06 2.19276e+06 2.10416e+06 2.60166e+06 2.20747e+06 2.13536e+06 1.97976e+06 1.92474e+06 1.88592e+06 1.81736e+06 1.81466e+06 1.68543e+06 1.57716e+06 1.48243e+06 1.41884e+06 1.32881e+06 1.26487e+06 1.14232e+06 987771 959463 949764 922342 905455 898984 851500 850923 850198 745022 674573 747805 564608 552401 550762 869581 520742 507931 444870 383411 299421 274141
threshold=1308.4361375932579 1873.4163097475914 634.69102500918314 0.08601658294058849 0.50247997818105761 0.1969881678844059 1234.7430767968854 -0.99500000000000444 1786.1298771869133 6.4001635000000006 0.46127674795765178 -0.5 8.145146500000001 1.0000000180025095e-35 399.99999999999994 -0.37940952255126009 0.44577690945020026 199.00000000000009 4.464591050000001 2863.635411009132 500.00000000000017 2567.8214038401825 -0.37940952255126009 1133.1627061669908 0.12164037820727351 0.49293740851946261 -0.37940952255126009 7.1080962000000012 1.0000000180025095e-35 2148.5964702371089 3151.2881327577629 8.0380085000000019 372.36679130205425 1.0000000180025095e-35 0.81174490092936691 5.4911990500000014 1.0000000180025095e-35 0.44912654535751489 0.56432041997074134 1523.002253024885 708.02499999999998 -0.5 0.040413271621128545 0.053624484105295342 1.0000000180025095e-35 0.39416412884346325 1.0000000180025095e-35 178.04999999999998 -287.98999999999995 0.28385721731658087 1.0000000180025095e-35 480.64481426246169 28.63519445162547 0.490736232426986 0.52833776859824166 504.48104068892997 1.0000000180025095e-35 14.516903500000002 0.52523448816046336 0.088007345739668272 -0.12940952255126034 0.07321173789992147
decision_type=2 2 2 2 2 2 2 2 2 2 2 2 2 2 2 2 2 2 2 2 2 2 2 2 2 2 2 2 2 2 2 2 2 2 2 2 2 2 2 2 2 2 2 2 2 2 2 2 2 2 2 2 2 2 2 2 2 2 2 2 2 2
left_child=2 5 32 9 7 8 24 36 12 20 11 44 41 -14 28 16 29 38 -19 -9 21 -3 33 -18 27 48 -27 37 -6 -8 34 -13 43 -10 -11 58 -5 -4 -17 -16 -24 -2 -22 54 -7 -29 -37 49 -26 57 52 -52 -45 59 55 -1 -51 -34 -12 -49 -32 -55
right_child=1 3 6 4 14 10 15 19 22 30 35 31 13 -15 39 17 23 18 -20 -21 42 -23 40 -25 25 26 -28 45 -30 -31 60 -33 47 -35 -36 46 -38 -39 -40 -41 -42 -43 -44 50 -46 -47 -48 53 -50 56 51 -53 -54 61 -56 -57 -58 -59 -60 -61 -62 -63
leaf_value=-2.7829365347393638 3.4417237488783865 5.7108068961673446 2.7774213830013124 2.2503594437963477 -22.495432098326475 -2.9672286664522614 0.92091052210785718 6.6167531669643926 5.5142215553919485 10.632914498987279 2.5397745617953218 1.3368904886245729 2.0246717786139232 -7.2388381560405 11.124861560944588 2.3213588989482039 -12.359893365723392 1.1941783463954927 12.64062212154672 11.493887601162511 7.3397100047504198 11.337721252304938 7.3190756166536675 3.6672142230139841 -5.9334134831849266 -16.67469206466675 -4.9441987598209645 -0.53261548079706278 -6.1028186589587818 14.283416704450335 13.411403818645994 14.921060481927334 -1.942325952242608 -1.0318059386527165 15.694635049436512 -6.7501905678058494 -10.881347054568204 -0.31757546515231477 -8.6557013836613415 -3.7048472848145866 17.507930307021507 7.8602675667324595 18.311909404177417 -7.6815478234705727 -16.739212972200832 -2.4063070159191908 -18.481207696503287 1.3102947013161401 -1.1076119432717497 -2.9973701501733863 -6.1998830118302166 -13.686908383620413 -4.2605850787367521 2.3538952892303473 -4.7180692981627947 7.1320232689898946 -3.7640437844040116 2.5797281252273492 -7.4672500680840548 9.2265322184562688 18.761623867444758 -3.8484157880636363
leaf_weight=668 219 669 647 320 21 24 732 1145 256 1062 20 68 2475 99 29 1031 118 80 146 346 32 295 612 25 100 48 221 1580 108 26 72 37 237 158 192 27 20 744 25 21 24 294 74 136 24 1076 49 53 886 7471 442 36 1244 23 454 21 3218 82 21 20 119 63
leaf_count=668 219 669 647 320 21 24 732 1145 256 1062 20 68 2475 99 29 1031 118 80 146 346 32 295 612 25 100 48 221 1580 108 26 72 37 237 158 192 27 20 744 25 21 24 294 74 136 24 1076 49 53 886 7471 442 36 1244 23 454 21 3218 82 21 20 119 63
internal_value=0.0112947 5.60709 -2.29731 8.30722 5.5395 2.83214 -0.209873 6.5873 3.28049 10.513 -4.01117 1.05246 2.38629 1.66304 -5.13288 1.75044 -0.341388 3.21885 8.63482 7.76242 8.24676 7.45265 5.89991 -9.54598 -1.01735 -2.80435 -7.145 -0.462081 -9.07412 1.41564 12.1775 6.31317 -3.39992 3.02302 11.4317 -10.5393 1.41878 1.12393 2.04561 4.99335 7.75725 5.99469 15.1969 -4.49337 -10.2474 -1.29293 -14.5936 -3.10532 -1.60807 -3.15777 -5.18366 -6.81845 -4.60836 0.520219 -3.36417 -2.46096 -3.22884 -0.771071 -2.69457 3.6674 16.9047 -2.1738
internal_weight=30585 8932 21653 4525 2010 4407 7485 1831 4137 2515 270 153 3087 2574 179 2183 901 1282 226 1491 1070 964 1050 143 5302 1255 269 4047 129 758 1445 105 14168 414 1254 117 340 1391 1056 50 636 513 106 3001 48 2656 76 11167 986 11008 1858 478 1380 159 1143 689 10689 319 41 73 191 86
internal_count=30585 8932 21653 4525 2010 4407 7485 1831 4137 2515 270 153 3087 2574 179 2183 901 1282 226 1491 1070 964 1050 143 5302 1255 269 4047 129 758 1445 105 14168 414 1254 117 340 1391 1056 50 636 513 106 3001 48 2656 76 11167 986 11008 1858 478 1380 159 1143 689 10689 319 41 73 191 86
is_linear=0
shrinkage=0.05


Tree=43
num_leaves=57
num_cat=0
split_feature=4 5 4 5 3 4 0 7 0 0 7 12 9 10 7 0 7 12 7 7 4 13 5 4 12 12 3 6 5 10 3 0 5 0 5 12 3 7 12 5 4 2 5 12 10 7 4 5 0 4 7 2 0 5 6 5
split_gain=1.42712e+08 2.80292e+07 1.46588e+07 6.19406e+06 6.1261e+06 4.99053e+06 4.20391e+06 5.15226e+06 4.05792e+06 4.0508e+06 3.55852e+06 3.37063e+06 4.11722e+06 3.15685e+06 2.95336e+06 4.30658e+06 2.70381e+06 2.52367e+06 2.37985e+06 2.35926e+06 2.26811e+06 1.95611e+06 1.95016e+06 1.96705e+06 2.15365e+06 1.94335e+06 1.5248e+06 1.41974e+06 1.37036e+06 1.32449e+06 1.30733e+06 1.36053e+06 1.25138e+06 2.93773e+06 1.24907e+06 1.22833e+06 1.1703e+06 1.12866e+06 1.0159e+06 882693 786796 751937 748853 613729 588140 761022 576937 564934 504389 774385 477340 455441 431873 420735 392650 291763
threshold=1482.3342046304681 910.35760903550988 2475.030458788719 2273.1114059773076 200.79999999999998 520.53403998596036 0.41489674452495579 -0.60355339059327384 0.50247997818105761 0.55822821171919923 -0.37940952255126009 13.170073500000003 1.0000000180025095e-35 1.0000000180025095e-35 -0.60355339059327384 0.38783451371388872 -0.9159756150367534 5.4911990500000014 0.96592582628906831 0.37940952255126043 1911.1456186422686 6.1883898000000004 431.30090789025417 1891.7903955454069 14.735917000000002 10.332337000000001 -638.51999999999987 0.25881904510252091 303.37034084237683 1.0000000180025095e-35 -105.01000000000009 0.52018132422221652 245.39854935753308 0.45924321943375285 1891.7903955454069 7.1080962000000012 -438.74499999999995 -0.78656609248549325 2.8840660000000002 1497.2305521121959 3151.2881327577629 2.1005746971663721 3005.0980100075335 8.1984135000000027 1.0000000180025095e-35 -0.12940952255126034 452.85513037151549 28.63519445162547 0.49533641361319886 1106.1013734149151 -0.12940952255126034 2.2357967022157044 0.57197458205021123 845.50573020791228 0.60355339059327384 2895.5032941072968
decision_type=2 2 2 2 2 2 2 2 2 2 2 2 2 2 2 2 2 2 2 2 2 2 2 2 2 2 2 2 2 2 2 2 2 2 2 2 2 2 2 2 2 2 2 2 2 2 2 2 2 2 2 2 2 2 2 2
left_child=1 5 4 9 8 28 16 17 14 11 -10 13 -13 -3 15 -2 27 -8 21 26 -16 -9 37 24 -24 -12 -5 41 44 -25 31 43 33 -32 -19 -20 51 -6 -34 50 -38 -4 -28 -7 47 -46 52 -1 49 -21 -11 -18 -30 -48 -33 -29
right_child=2 3 6 19 22 30 7 18 10 39 25 12 -14 -15 20 -17 36 34 35 48 -22 -23 23 29 -26 -27 42 55 46 -31 32 54 38 -35 -36 -37 40 -39 -40 -41 -42 -43 -44 -45 45 -47 53 -49 -50 -51 -52 -53 -54 -55 -56 -57
leaf_value=-0.17468402742000108 3.9726660368398385 1.5608764998523861 -5.4313420543526156 1.9803141389369967 -9.8362679660797117 -0.57570056648739498 7.0291591451962789 -5.9821420898437507 -16.989050022363664 -10.726921897508481 -0.89774345703022451 -0.56658162977659343 16.62850421943163 -1.3225175702494463 3.6419833399627017 -3.8926101627477934 11.386008381002091 -4.8490138887104237 7.6003651604829008 11.718085825226524 7.0898494529025733 7.3086790247740954 5.3425754256524902 10.940574775528097 18.264007622213924 9.8927351786988851 13.481313481618125 11.211801841446331 -3.50149832510757 6.5564769744705744 13.955272531933256 -14.369480848948161 2.5916540447303227 -2.4091182867574021 -20.360586143406955 17.83778872063581 11.900846982332176 3.7848374408330678 -1.4629180293358341 -14.080355954851422 15.299794985601146 4.3331726370052417 24.654093121337894 -3.7562971506179168 -7.3777160984270083 -3.3628315073218427 -2.9135995034280029 -4.4649241371213853 -3.9213405279318496 -1.5740032328730045 -3.4746938100423708 3.955854603946209 -5.6653469721284742 3.5097887028180637 -6.4881628765106205 4.0774190394083663
leaf_weight=87 619 4138 31 23 23 229 28 28 30 25 370 64 74 1230 1002 240 32 36 52 20 924 458 826 497 32 45 81 68 4584 283 43 28 159 69 20 83 853 37 3949 26 256 47 23 452 388 177 6515 659 22 21 176 62 247 24 48 22
leaf_count=87 619 4138 31 23 23 229 28 28 30 25 370 64 74 1230 1002 240 32 36 52 20 924 458 826 497 32 45 81 68 4584 283 43 28 159 69 20 83 853 37 3949 26 256 47 23 452 388 177 6515 659 22 21 176 62 247 24 48 22
internal_value=0.0108833 -1.85057 6.27675 1.12556 4.78872 -2.84887 9.80102 6.63061 3.50684 0.82941 -0.923158 1.10005 8.75976 0.899941 4.21484 1.77121 11.4193 -4.89908 8.20091 9.95988 5.30174 6.52156 7.22017 7.54426 5.86585 0.314132 13.8358 5.38694 -3.37549 9.37078 -1.50626 -3.41746 -1.16196 4.0082 -10.9 14.063 12.2514 -1.58537 -1.3048 -5.68726 12.7116 0.413577 16.3708 -2.69158 -4.90947 -6.13626 -3.19779 -3.9664 1.96113 5.15327 -4.47353 6.66983 -3.61443 -2.88896 -9.68587 9.59445
internal_weight=30585 23581 7004 5923 4928 17658 2076 705 3230 5733 445 5506 138 5368 2785 859 1371 84 621 190 1926 486 1698 1638 858 415 127 168 12681 780 4977 757 4220 112 56 135 1203 60 4108 227 1109 78 104 681 1311 565 11370 746 63 41 201 94 4831 6539 76 90
internal_count=30585 23581 7004 5923 4928 17658 2076 705 3230 5733 445 5506 138 5368 2785 859 1371 84 621 190 1926 486 1698 1638 858 415 127 168 12681 780 4977 757 4220 112 56 135 1203 60 4108 227 1109 78 104 681 1311 565 11370 746 63 41 201 94 4831 6539 76 90
is_linear=0
shrinkage=0.05


Tree=44
num_leaves=59
num_cat=0
split_feature=3 0 0 7 7 1 3 3 3 1 3 1 12 9 7 11 3 3 1 0 6 3 6 12 1 3 12 8 12 3 12 1 12 11 0 0 12 9 1 0 0 7 0 9 0 12 12 1 8 1 3 0 13 1 0 9 12 3
split_gain=4.30831e+07 1.45308e+07 8.60239e+06 1.40249e+07 8.11764e+06 6.2382e+06 5.91995e+06 1.36902e+07 6.507e+06 7.28148e+06 4.19608e+06 4.17755e+06 4.74753e+06 3.23323e+06 3.14863e+06 3.60473e+06 2.53761e+06 2.65314e+06 2.44315e+06 2.33989e+06 3.57816e+06 2.28434e+06 2.13582e+06 2.10791e+06 2.08977e+06 1.96481e+06 1.88078e+06 1.75037e+06 1.67494e+06 2.71832e+06 1.51936e+06 1.40687e+06 1.34246e+06 1.33555e+06 1.33346e+06 1.26384e+06 1.16076e+06 971708 859381 851200 843245 835438 791436 700312 689552 661053 527122 525710 523449 511968 502767 475243 415858 358721 352123 113541 65978.3 65638
threshold=178.04999999999998 0.44072558017973784 0.44912654535751489 -0.5 -0.60355339059327384 0.19305214367951343 0.13999999999992954 -0.99500000000000444 -287.98999999999995 0.13006485369619034 80.00500000000001 0.15364126980085169 9.0393680000000014 0.81174490092936691 0.1294095225512602 1.0000000180025095e-35 -0.20500000000001248 -377.50000000000006 0.15094606262164065 0.53476337928950091 -1.0000000180025095e-35 -699.9849999999999 -0.70710678118654735 6.5619832500000008 0.07141723274075211 1.0049999999999957 6.9484064500000011 0.6078576107927941 7.9717285500000008 800.00000000000023 4.7982913500000004 0.11902083097981232 11.625353250000002 1.0000000180025095e-35 0.32135350337976648 0.55259521540536871 7.7504735000000009 1.0000000180025095e-35 0.063165930752840813 0.32282731069456455 0.35852127283081475 -0.70710678118654757 0.3039381004304969 0.81174490092936691 0.56098742105783928 8.4368815000000019 8.3778580000000016 0.054139681986966538 -1.0000000180025095e-35 0.09309560922158179 45.005000000000003 0.508465142281599 7.4513578500000008 0.083507438368042142 0.28385721731658087 1.0000000180025095e-35 13.170073500000003 290.00500000000017
decision_type=2 2 2 2 2 2 2 2 2 2 2 2 2 2 2 2 2 2 2 2 2 2 2 2 2 2 2 2 2 2 2 2 2 2 2 2 2 2 2 2 2 2 2 2 2 2 2 2 2 2 2 2 2 2 2 2 2 2
left_child=1 6 13 26 18 19 7 8 9 -1 42 16 21 14 15 24 17 -6 35 20 -5 -13 34 -24 -2 -18 47 36 29 -16 31 57 37 -21 -9 38 -7 -28 -3 -30 45 49 50 -10 -14 -32 55 -4 -37 -12 -8 -48 -42 -44 -43 -20 -34 -15
right_child=2 4 3 5 11 27 10 22 43 -11 41 12 44 30 28 -17 25 -19 46 33 -22 -23 23 -25 -26 -27 32 -29 39 -31 40 -33 56 -35 -36 48 -38 -39 -40 -41 52 54 53 -45 -46 -47 51 -49 -50 -51 -52 -53 -54 -55 -56 -57 -58 -59
leaf_value=4.5507973920776896 6.7873163801045173 -3.0290289900167529 -8.2080441700328475 0.22770696850923394 0.80361652946423912 -12.745556385271252 -1.1654184146325715 1.996230807888334 -2.6731109702995659 -4.2724660185535388 1.1501742238475112 -15.052264181818282 3.8429954549326348 5.1192291903495795 4.6487935710205415 -10.934037013304861 0.4783871679363042 -3.2356747581521095 -6.7241854291643408 0.90034590937577041 7.2518036632902501 -5.5427241138941739 3.0145233641888463 0.56774748504415795 3.0327491963644682 -1.5390585317636265 -4.6468669018538105 3.2242220115661624 2.1906291757424676 22.888796343369918 7.1197956105947497 -6.8343610121987091 -6.1717067337036138 8.8534145378662359 4.5070373438084417 -10.04996348886263 -1.1317797681689263 -16.97657271821544 -6.0980230349847027 11.444045885057591 6.1320945395552924 -2.0458088077725591 -1.7102133264678934 -0.86233606997888479 -5.6519971466064458 17.496436600634929 -22.226056561279297 1.4015744702408954 -4.6274318595613755 -2.6512612043145825 1.8278506350617569 -9.9748674488067621 11.496205225062015 -2.7022686367789377 3.014749011562591 -11.46944638985854 -1.9157102197950537 9.6108076233334003
leaf_weight=820 665 522 20 232 492 78 429 822 2709 325 252 68 154 22 329 36 2170 2319 33 508 830 751 1605 1949 848 2715 21 34 28 20 23 20 20 57 1507 166 30 104 415 333 61 35 2366 668 20 93 23 39 68 134 206 20 132 1503 632 50 20 34
leaf_count=820 665 522 20 232 492 78 429 822 2709 325 252 68 154 22 329 36 2170 2319 33 508 830 751 1605 1949 848 2715 21 34 28 20 23 20 20 57 1507 166 30 104 415 333 61 35 2366 668 20 93 23 39 68 134 206 20 132 1503 632 50 20 34
internal_value=0.0106696 -0.782717 4.44877 1.96545 -2.27844 3.46049 0.153191 0.856839 -1.21152 2.04329 -1.16416 -1.72682 -4.77605 6.31775 5.58659 4.31301 -1.33224 -2.52862 -5.96558 4.33906 5.72067 -6.36703 2.44657 1.6738 4.68976 -0.643045 -9.76746 -6.52632 8.34522 5.81854 10.5568 4.08326 -12.481 1.7311 3.62335 -5.2365 -9.59879 -15.011 -4.39839 10.7424 12.1125 1.67509 -1.82841 -2.31565 2.69976 15.5946 -12.5537 -2.01815 -8.52678 -0.176346 -0.191676 -17.2245 9.88112 -2.0968 2.74387 -9.78544 -4.23639 8.08372
internal_weight=30585 25948 4637 1993 9986 1769 15962 10405 4522 1145 5557 8689 993 2644 2259 1549 7696 2811 1297 1627 1062 819 5883 3554 1513 4885 224 142 710 349 385 76 165 565 2329 1171 108 125 937 361 309 1053 4504 3377 174 116 126 59 234 386 635 43 193 3869 667 83 40 56
internal_count=30585 25948 4637 1993 9986 1769 15962 10405 4522 1145 5557 8689 993 2644 2259 1549 7696 2811 1297 1627 1062 819 5883 3554 1513 4885 224 142 710 349 385 76 165 565 2329 1171 108 125 937 361 309 1053 4504 3377 174 116 126 59 234 386 635 43 193 3869 667 83 40 56
is_linear=0
shrinkage=0.05


Tree=45
num_leaves=54
num_cat=0
split_feature=5 4 1 0 5 5 8 3 4 3 1 4 12 1 9 0 4 5 1 1 4 1 1 3 9 2 12 3 5 12 12 12 4 4 4 2 4 8 3 8 8 5 0 12 12 3 12 1 1 2 6 3 1
split_gain=1.23558e+08 2.92136e+07 1.16686e+07 1.04167e+07 6.4787e+06 4.57727e+06 4.40863e+06 3.9296e+06 3.63644e+06 3.50253e+06 3.17594e+06 3.08628e+06 4.8124e+06 2.84356e+06 2.71474e+06 3.31717e+06 3.03772e+06 2.54114e+06 2.25402e+06 1.9923e+06 3.28425e+06 1.87626e+06 1.84261e+06 1.73311e+06 1.59808e+06 1.54554e+06 1.43957e+06 1.43238e+06 1.39811e+06 1.32665e+06 1.50605e+06 1.24216e+06 1.1662e+06 1.1557e+06 1.10251e+06 1.00608e+06 1.15192e+06 1.00281e+06 971109 1.09343e+06 969647 1.54276e+06 920156 909837 895929 889958 859268 671417 566538 556746 541748 232032 157336
threshold=1627.7543623828017 942.61101605018291 0.10592229655737891 0.49895931004234334 2507.049509271968 540.38965734328144 -1.0000000180025095e-35 -1227.9999999999998 1433.9411256865305 1.0000000180025095e-35 0.093726962052257792 1799.3481316101695 9.4532530000000019 0.21364731160036707 0.81174490092936691 0.43091317154648795 2148.5964702371089 1412.3653628747913 0.05466276440019726 0.17475777883368729 1497.2305521121959 0.087347966513776756 0.18058820999331973 253.01000000000002 0.81174490092936691 1.8911211417601259 10.176399500000002 -480.05500000000001 2863.635411009132 8.7945025000000019 4.513898750000001 7.4403535000000014 1211.0870042155298 3302.9503335992745 28.63519445162547 1.6501113830752732 2895.5032941072968 0.6078576107927941 -139.25499999999997 -1.0000000180025095e-35 -1.0000000180025095e-35 1192.5265522846357 0.42420831803485737 8.7237712500000022 6.1802585000000008 80.00500000000001 13.170073500000003 0.14028351398216801 0.025987397454663354 0.12764285698349428 0.60355339059327384 11.08500000000001 0.040413271621128545
decision_type=2 2 2 2 2 2 2 2 2 2 2 2 2 2 2 2 2 2 2 2 2 2 2 2 2 2 2 2 2 2 2 2 2 2 2 2 2 2 2 2 2 2 2 2 2 2 2 2 2 2 2 2 2
left_child=1 5 4 6 14 34 11 42 21 29 17 12 -4 -13 16 46 23 45 -18 25 -21 37 32 -2 -19 -10 -23 31 -29 30 -5 -8 -11 35 51 48 -37 -9 39 -36 41 -12 -3 -44 -17 -7 -16 -40 -6 -42 -24 52 -1
right_child=2 7 3 9 33 10 27 8 19 22 40 13 -14 -15 15 44 18 24 -20 20 -22 26 50 -25 -26 -27 -28 28 -30 -31 -32 -33 -34 -35 38 36 -38 -39 47 -41 49 -43 43 -45 -46 -47 -48 -49 -50 -51 -52 -53 -54
leaf_value=-3.9202600848047364 3.4399060584163039 0.031636507727883081 -8.8870420173212157 -2.454341802597046 5.4134801787397144 -0.97449190703344579 -3.4693387212591662 0.93578889144684885 3.2923962765584798 11.748218406908441 -3.3464171514780676 5.0576455892081817 5.2229862207061837 -10.180573140707883 12.382566806148839 7.490385409593582 11.167685822057662 1.457432222868267 5.7425453033984883 5.8716812588470155 -5.9942431783676158 -0.93217827402360154 -0.14733260414817118 7.4048854204988617 16.445078736411201 8.5406179460302578 4.5233916515203623 6.6096645359545754 11.84464885861059 -3.6235198327971667 -18.237012197176618 5.4984537669488818 -0.09777442825251613 16.747506976360228 -7.7143944850050179 8.2204544379980469 11.549976778160527 3.2520879714752358 -2.829373357534926 -2.9458763384177136 -8.1203793503897526 -9.9559742353458223 -16.337380186427723 -3.3062760444309407 -1.23413066377055 1.115794845913604 20.695618538130887 -4.2019065592614142 14.826653484126979 -1.6984519974595829 -10.160769892334939 -1.5259952760759095 -7.9583505720751635
leaf_weight=36 1059 20 139 20 21 2313 57 1706 1710 31 752 450 104 31 183 66 376 36 406 97 140 1733 20 375 34 152 128 787 156 39 70 111 56 80 230 600 511 643 11449 258 33 99 42 21 51 651 44 975 169 1102 40 21 152
leaf_count=36 1059 20 139 20 21 2313 57 1706 1710 31 752 450 104 31 183 66 376 36 406 97 140 1733 20 375 34 152 128 787 156 39 70 111 56 80 230 600 511 643 11449 258 33 99 42 21 51 651 44 975 169 1102 40 21 152
internal_value=0.0100142 -1.56851 6.40728 3.40282 8.01408 -2.59261 4.76526 1.33788 1.48132 -5.62453 -1.30784 1.72267 -2.85482 4.03746 6.5154 10.6552 5.86372 -0.289827 8.37289 3.18037 -1.12921 0.633106 -0.322002 4.48565 8.99181 3.72953 -0.552487 6.74135 7.49893 -11.5697 -14.8594 2.45076 4.29231 10.7788 -3.08388 10.3866 9.76986 1.57207 -3.02463 -5.21566 -2.8612 -4.13688 -9.34345 -12.2291 3.73052 -0.514946 14.1606 -2.93775 13.8535 -1.89913 -6.93546 -6.68087 -7.23453
internal_weight=30585 24533 6052 2111 3941 18141 1835 6392 6309 276 5020 724 243 481 2560 344 2216 3034 782 2099 237 4210 147 1434 70 1862 1861 1111 943 129 90 168 87 1381 13121 1301 1111 2349 12912 488 1986 851 83 63 117 2964 227 12424 190 1135 60 209 188
internal_count=30585 24533 6052 2111 3941 18141 1835 6392 6309 276 5020 724 243 481 2560 344 2216 3034 782 2099 237 4210 147 1434 70 1862 1861 1111 943 129 90 168 87 1381 13121 1301 1111 2349 12912 488 1986 851 83 63 117 2964 227 12424 190 1135 60 209 188
is_linear=0
shrinkage=0.05


Tree=46
num_leaves=58
num_cat=0
split_feature=5 4 1 0 1 4 5 5 3 4 11 8 0 9 1 5 12 12 6 1 0 5 1 3 1 0 6 12 4 11 12 4 12 12 1 5 3 9 0 0 5 5 0 12 4 3 0 0 5 4 0 8 12 3 6 12 12
split_gain=1.1157e+08 2.63681e+07 1.0635e+07 7.80484e+06 5.22253e+06 4.18088e+06 3.99774e+06 3.96985e+06 3.56261e+06 3.2829e+06 2.43433e+06 2.69898e+06 2.16336e+06 1.95554e+06 1.93464e+06 2.36536e+06 1.88757e+06 2.23499e+06 1.88056e+06 1.84185e+06 2.1886e+06 1.81552e+06 1.6933e+06 1.68254e+06 1.56787e+06 1.54906e+06 1.90671e+06 1.65064e+06 1.54848e+06 1.4946e+06 1.30098e+06 1.18913e+06 1.16357e+06 1.16295e+06 1.15611e+06 977453 934904 929692 917030 877914 866054 861037 834780 823987 779365 797226 830213 678730 670204 662756 552010 540524 599521 497893 474773 319742 3769.23
threshold=1627.7543623828017 942.61101605018291 0.07815191598035949 0.4711049549032259 0.17475777883368729 520.53403998596036 2626.1050338120644 2863.635411009132 -1227.9999999999998 1433.9411256865305 1.0000000180025095e-35 -0.60785761079279388 0.37139645012019734 0.81174490092936691 0.058371238028711414 862.78481538327071 4.9654785000000006 9.6949885000000027 0.91597561503675362 0.12164037820727351 0.49293740851946261 964.05262549549161 0.087347966513776756 961.81500000000017 0.11031881853119817 0.39242999490479041 0.60355339059327384 13.444966000000003 2536.291659429196 1.0000000180025095e-35 10.176399500000002 1257.8883593046228 7.4899308000000007 13.010118500000003 0.15364126980085169 1972.6662909140466 450.00000000000011 0.81174490092936691 0.36369985488925355 0.5268386004854837 1420.263053060253 1420.263053060253 0.42420831803485737 8.7237712500000022 3005.0980100075335 508.73500000000007 0.30811893661925732 0.52833776859824166 326.54347479004156 281.04718562976774 0.30943850211679297 -0.8783796973249266 8.5484480000000023 -243.50499999999994 -0.78656609248549292 7.4403535000000014 5.8630007000000015
decision_type=2 2 2 2 2 2 2 2 2 2 2 2 2 2 2 2 2 2 2 2 2 2 2 2 2 2 2 2 2 2 2 2 2 2 2 2 2 2 2 2 2 2 2 2 2 2 2 2 2 2 2 2 2 2 2 2 2
left_child=1 5 6 7 18 34 12 10 42 22 13 -12 33 -4 28 -16 47 -18 24 21 36 50 38 29 -5 27 -27 -9 -11 -14 -24 -20 -22 37 39 -35 -21 -2 -10 41 -23 -1 -3 56 45 46 -8 -6 55 -41 -7 54 -53 -50 -46 -36 -44
right_child=2 8 3 4 16 19 44 25 9 14 11 -13 23 -15 15 -17 17 -19 31 20 32 40 30 -25 -26 26 -28 -29 -30 -31 -32 -33 -34 35 48 -37 -38 -39 -40 49 -42 -43 43 -45 51 -47 -48 -49 53 -51 -52 52 -54 -55 -56 -57 -58
leaf_value=-2.6875136994796605 6.729553575906845 0.030198496905240148 4.1450135405340705 3.6568104953115639 3.2969463004135506 -0.18055502038100857 15.57787979419415 12.521332245961283 2.8370188701799424 4.7133453367414022 -18.003434931039809 1.4629620667185104 6.0477358721413914 8.8537209281278777 -3.22673758047427 2.7681850584654075 -14.9758968060287 0.99216652536392214 14.527851758844713 -2.2379314835161823 -4.9814303007703842 1.3073649788480444 -0.88562308641396459 19.799657939564099 -3.6253963480109257 1.569095302787396 14.176658755711145 -0.36440668829556172 16.806947456768579 -3.0085771296421688 4.3007015435145446 4.0256342217711367 -12.816217590502331 8.5205004412869378 -9.0726255951897592 16.276414569249521 6.4771046257019043 12.925438142657283 0.76636530922106549 -5.614010721096566 8.3603820268313083 4.3446322467110381 -11.812260433832805 -3.1553373593869423 12.541967648592863 16.335726763666894 8.6630571374411538 -7.2925644803047183 -11.596630556732416 -3.3137098227695994 -1.5674554248112738 11.568716851274175 17.03255975060544 -3.8236186283778766 1.8250103792936905 -2.1315525125420609 -18.228953392722389
leaf_weight=10419 315 20 1701 130 39 993 50 295 823 647 22 68 1356 254 188 1238 95 28 32 873 163 483 1733 20 166 107 40 27 26 46 128 145 68 81 116 102 30 78 1526 420 46 42 22 21 20 47 493 22 20 1302 2589 136 116 556 21 21 20
leaf_count=10419 315 20 1701 130 39 993 50 295 823 647 22 68 1356 254 188 1238 95 28 32 873 163 483 1733 20 166 107 40 27 26 46 128 145 68 81 116 102 30 78 1526 420 46 42 22 21 20 47 493 22 20 1302 2589 136 116 556 21 21 20
internal_value=0.00976284 -1.49023 6.08877 4.08673 -0.763856 -2.46318 8.28798 5.35396 1.27098 1.40756 4.39465 -3.58337 7.03564 4.76521 3.02191 1.97441 -7.86419 -11.3831 2.01969 -1.27226 -3.05458 -0.779371 0.601635 5.97191 -0.424036 9.50048 5.144 11.4453 5.22898 5.74673 -0.52467 6.06548 -7.37801 9.63195 -2.94727 12.9727 -1.93472 8.0185 1.49364 -2.83181 1.94986 -2.65845 -8.89935 -11.6479 11.0994 9.96406 9.35462 -0.632409 -4.90674 -3.88062 -1.1833 13.3025 14.1981 -4.13272 7.39311 -8.05468 -15.5576
internal_weight=30585 24533 6052 3171 657 18141 2881 2514 6392 6309 2045 90 1998 1955 2099 1426 184 123 473 5245 1134 4111 4210 1422 296 469 147 322 673 1402 1861 177 231 576 12896 183 903 393 2349 12183 529 10461 83 63 883 590 543 61 713 1722 3582 293 252 576 41 137 42
internal_count=30585 24533 6052 3171 657 18141 2881 2514 6392 6309 2045 90 1998 1955 2099 1426 184 123 473 5245 1134 4111 4210 1422 296 469 147 322 673 1402 1861 177 231 576 12896 183 903 393 2349 12183 529 10461 83 63 883 590 543 61 713 1722 3582 293 252 576 41 137 42
is_linear=0
shrinkage=0.05


Tree=47
num_leaves=54
num_cat=0
split_feature=4 4 4 1 1 1 0 6 1 4 7 8 7 0 7 4 12 8 1 1 9 9 7 8 0 0 9 2 7 12 4 2 0 1 12 0 7 12 12 7 0 12 1 4 4 1 8 7 0 12 4 1 6
split_gain=1.0057e+08 1.73362e+07 1.11874e+07 4.93274e+06 4.73023e+06 3.47643e+06 3.34936e+06 3.28717e+06 3.53623e+06 3.31157e+06 2.86692e+06 2.76357e+06 3.54361e+06 4.79367e+06 2.63194e+06 2.10188e+06 2.0364e+06 2.01465e+06 1.91953e+06 1.7437e+06 1.69756e+06 1.3428e+06 2.86659e+06 1.31255e+06 1.28837e+06 1.21964e+06 1.25606e+06 1.65204e+06 1.14862e+06 1.1275e+06 1.1185e+06 1.77714e+06 1.08419e+06 1.06125e+06 3.16704e+06 974464 1.04349e+06 973917 972749 955078 921049 857500 772931 745257 637984 539438 517762 373832 354038 352840 306301 291374 133073
threshold=1482.3342046304681 822.73278426324293 2475.030458788719 0.062711983669396343 0.21364731160036707 0.050905046000759353 0.40675408621581371 -0.5 0.1969881678844059 1821.205440764641 -0.9159756150367534 -1.0000000180025095e-35 -0.12940952255126034 0.45366336749553832 -0.70710678118654757 493.6444277757858 12.161276250000002 0.6078576107927941 0.11109711784659849 0.19305214367951343 0.81174490092936691 0.81174490092936691 1.0000000180025095e-35 -0.60785761079279388 0.55822821171919923 0.5268386004854837 0.81174490092936691 0.27591556290078206 -0.12940952255126034 4.9654785000000006 968.67081498696814 1.1402962398991192 0.45924321943375285 0.1522633365147972 8.8613665000000008 0.52982324998091113 1.0000000180025095e-35 5.8123637500000003 7.6432585000000008 1.0000000180025095e-35 0.40574566311753929 4.6844635000000006 0.1522633365147972 281.04718562976774 1317.5944467224513 0.16623843604882318 1.0000000180025095e-35 -0.60355339059327384 0.43419703994855335 6.5619832500000008 701.08182440814699 0.026450208064807433 0.37940952255126054
decision_type=2 2 2 2 2 2 2 2 2 2 2 2 2 2 2 2 2 2 2 2 2 2 2 2 2 2 2 2 2 2 2 2 2 2 2 2 2 2 2 2 2 2 2 2 2 2 2 2 2 2 2 2 2
left_child=1 15 3 16 5 28 10 9 23 20 -7 12 13 38 -8 25 35 -10 -15 21 -5 39 -23 -9 30 26 42 -28 48 -30 46 -32 -11 44 -35 36 -2 -37 -3 -17 51 -21 -1 49 -14 52 -13 -45 -4 -27 -43 -18 -26
right_child=2 11 4 7 -6 6 14 8 17 32 -12 24 33 18 -16 19 40 -19 -20 41 -22 22 -24 -25 45 43 27 -29 29 -31 31 -33 -34 34 -36 37 -38 -39 -40 -41 -42 50 -44 47 -46 -47 -48 -49 -50 -51 -52 -53 -54
leaf_value=-2.7103808509151839 4.3393048226762181 0.32664595185251843 10.26095534325993 -0.2433754047346704 -13.404543721008302 0.82501932058137728 -8.3527241066025528 0.070933609028507039 -8.0778308459093981 6.5113152070954659 10.068568209682836 2.2455517327487469 0.79315575353442147 -4.9667519427944171 4.8904016340328909 -2.5223036521366939 15.717170429683868 5.1438621680800978 -13.477116966854442 0.44719166823795869 9.412020520804063 3.7869519270462626 -2.7859871725914203 3.0313422587042935 0.85025136525290357 -7.2121617366516437 2.0188688079550201 -2.0703113161053337 8.3309575687428019 15.698933166403855 2.8375915216246224 -0.045726115741384257 16.553347137714255 -3.9226734121525588 12.597169338428614 3.3981605056000479 7.0866279594289514 -6.7027186472926834 -2.6462783354001216 -0.92774057654537057 2.2137045020040347 -12.712878130276998 -4.7833415810469537 -5.4419718183254462 3.1673245997217543 -9.5880462925774719 -0.2628178230077633 -3.0446310617055552 5.8479352073669437 -4.3768691646632032 -6.34011518271073 10.306847344354399 -2.866880383956723
leaf_weight=7902 668 611 352 322 23 95 39 527 135 688 740 258 1025 177 464 1915 40 35 108 26 51 351 311 1292 33 217 302 1321 78 222 2007 728 27 240 31 163 751 26 498 1848 32 46 479 192 390 26 984 1178 63 253 44 171 80
leaf_count=7902 668 611 352 322 23 95 39 527 135 688 740 258 1025 177 464 1915 40 35 108 26 51 351 311 1292 33 217 302 1321 78 222 2007 728 27 240 31 163 751 26 498 1848 32 46 479 192 390 26 984 1178 63 253 44 171 80
internal_value=0.00970367 -1.55293 5.2697 3.96991 8.34832 8.60483 7.08013 2.74004 1.52875 4.94756 9.0214 0.492691 -0.639796 -2.50318 3.83458 -2.45128 6.00922 -5.32753 -8.26319 -1.53558 1.11994 -1.37493 0.699962 2.17468 1.34003 -2.80204 -2.58334 -1.30787 11.4303 13.8511 1.50592 2.07064 6.93565 0.902006 -1.95449 5.35192 5.80125 1.95296 -1.01071 -1.74013 10.2795 -7.5368 -2.82997 -3.98696 1.45107 -3.36022 0.261013 -3.38806 9.6223 -5.71095 -9.80292 11.4705 -1.78539
internal_weight=30585 23581 7004 4928 2076 2053 1338 3077 1989 1088 835 7196 3080 1394 503 16385 1851 170 285 4541 373 4425 662 1819 4116 11844 10004 1623 715 300 3977 2735 715 1686 271 1608 1419 189 1109 3763 243 116 8381 1840 1415 139 1242 1370 415 470 90 211 113
internal_count=30585 23581 7004 4928 2076 2053 1338 3077 1989 1088 835 7196 3080 1394 503 16385 1851 170 285 4541 373 4425 662 1819 4116 11844 10004 1623 715 300 3977 2735 715 1686 271 1608 1419 189 1109 3763 243 116 8381 1840 1415 139 1242 1370 415 470 90 211 113
is_linear=0
shrinkage=0.05


Tree=48
num_leaves=56
num_cat=0
split_feature=5 4 1 13 3 5 7 5 3 5 4 1 5 7 3 2 9 4 7 8 8 1 7 4 13 3 4 1 2 7 11 13 13 13 7 13 3 13 7 8 4 5 8 7 3 1 3 4 4 2 8 1 8 5 5
split_gain=9.19037e+07 2.13348e+07 8.90402e+06 6.08976e+06 5.1968e+06 4.89694e+06 3.66353e+06 3.41388e+06 3.17426e+06 2.96859e+06 2.75433e+06 2.70741e+06 3.20859e+06 2.32737e+06 2.90747e+06 2.49363e+06 2.32487e+06 2.50963e+06 2.23147e+06 2.44106e+06 2.20449e+06 2.18976e+06 2.04641e+06 2.00415e+06 1.8664e+06 1.56492e+06 1.55635e+06 1.48917e+06 1.48824e+06 1.35238e+06 1.25665e+06 1.27853e+06 1.19955e+06 1.13348e+06 1.04819e+06 1.37434e+06 1.11523e+06 1.02386e+06 1.00085e+06 973152 950593 870431 861874 677543 672321 654277 537542 477351 476348 435263 432802 381552 357634 207644 182659
threshold=1627.7543623828017 942.61101605018291 0.10592229655737891 10.084657000000002 -10.834999999999992 2507.049509271968 0.1294095225512602 540.38965734328144 -1227.9999999999998 2970.0870861186709 1433.9411256865305 0.07815191598035949 1433.9411256865305 -0.70710678118654757 200.00000000000014 1.6073739134340836 0.81174490092936691 2148.5964702371089 -0.37940952255126009 -0.60785761079279388 -0.60785761079279388 0.20179298745144222 -0.37940952255126009 1769.3285804849877 4.8660612000000008 253.01000000000002 2803.4179486041867 0.087347966513776756 0.61353214931582178 -0.37940952255126009 1.0000000180025095e-35 9.4515520000000013 10.195069500000001 7.8743138500000009 -0.78656609248549325 11.600006500000001 243.00500000000014 14.876751500000003 -0.12940952255126034 -1.0000000180025095e-35 435.10818819300431 910.35760903550988 0.6078576107927941 0.60355339059327384 485.01000000000005 0.049891925532944394 -139.25499999999997 28.63519445162547 1444.143480146038 0.50536918580638324 0.87837969732492682 0.15364126980085169 -0.60785761079279388 71.155737247132606 2032.726412708347
decision_type=2 2 2 2 2 2 2 2 2 2 2 2 2 2 2 2 2 2 2 2 2 2 2 2 2 2 2 2 2 2 2 2 2 2 2 2 2 2 2 2 2 2 2 2 2 2 2 2 2 2 2 2 2 2 2
left_child=1 7 5 9 20 16 39 40 29 13 27 12 41 14 -4 -15 17 25 19 -12 48 -8 -19 -20 54 -2 -11 42 -22 -3 37 -32 -31 -29 44 43 -37 -13 -26 -6 45 -9 -10 -36 50 53 49 -47 -5 -42 -7 -28 -48 -1 -18
right_child=2 8 3 4 6 34 21 11 10 26 18 30 -14 15 -16 -17 24 22 23 -21 28 -23 -24 -25 38 -27 51 33 -30 32 31 -33 -34 -35 35 36 -38 -39 -40 -41 46 -43 -44 -45 -46 47 52 -49 -50 -51 -52 -53 -54 -55 -56
leaf_value=-4.4735182779978127 2.7813406121664097 -16.411480516953901 -4.0802026754249763 -9.1248628928444599 1.6160087105861078 4.7607003146760603 0.30354871843842901 -0.68514403038346017 0.76925539679402188 21.00962520794991 -2.5583541673150134 -2.2235914407155293 14.467440211647435 3.4642795862292655 6.3423709080512065 8.902313254702408 13.676157515599179 4.4678191355520118 2.5276810201973698 3.0088140831266843 -16.287786844426936 -9.2766128909282184 9.6437554124526894 6.6241842165993434 11.584097145937257 6.5452746008008491 12.205034086227418 3.8798341153815943 -2.061436697074345 5.6137997262374215 -3.5184808613194356 -12.524228649394853 -9.3129587959520741 -0.87755628979602318 12.543942392836618 6.515553381483663 13.411471708980768 1.9886424264520888 5.5512615560908474 7.6357507586683715 -3.1016333225551 1.550096137965296 2.9163547227244049 8.7637104309226075 14.591261112976074 -6.5258725794849788 -2.7670888871710333 -3.5793671488565084 -20.60403962790966 -7.6147705476695577 9.9451035287245269 4.7383001548593695 -2.0681919225365024 -2.2947167886912263 23.48219793146307
leaf_weight=119 1059 31 160 20 102 219 253 1899 1706 37 338 2173 36 570 112 337 24 356 825 466 20 76 426 470 116 375 33 133 117 21 142 54 31 1728 476 350 72 153 184 202 162 563 643 190 23 147 2695 2521 30 82 51 42 5908 1487 20
leaf_count=119 1059 31 160 20 102 219 253 1899 1706 37 338 2173 36 570 112 337 24 356 825 466 20 76 426 470 116 375 33 133 117 21 142 54 31 1728 476 350 72 153 184 202 162 563 643 190 23 147 2695 2521 30 82 51 42 5908 1487 20
internal_value=0.00934697 -1.35204 5.52664 2.90223 -0.467319 6.93022 1.70015 -2.22722 1.13169 5.03987 1.26063 -1.11768 0.0492433 4.28577 0.226396 5.49995 5.62735 5.02506 2.73931 0.667841 -7.74462 -1.95216 7.30486 4.02237 9.45567 3.77338 12.7636 0.522447 -4.34279 -8.46811 -2.27262 -6.10113 -3.3001 -0.533757 9.33375 10.0592 7.74983 -1.94505 7.94524 5.63975 -2.65148 -0.173153 1.35897 11.495 6.58982 -3.26502 -2.35441 -3.74648 -16.54 -4.66794 5.80592 8.25541 -2.28772 -2.46153 18.9607
internal_weight=30585 24533 6052 2111 820 3941 633 18141 6392 1291 6309 5020 2498 1179 272 907 2560 2216 2099 804 187 329 782 1295 344 1434 112 4210 137 83 2522 196 52 1861 1381 1088 422 2326 300 304 13121 2462 2349 666 293 4274 8847 2668 50 244 270 75 8603 1606 44
internal_count=30585 24533 6052 2111 820 3941 633 18141 6392 1291 6309 5020 2498 1179 272 907 2560 2216 2099 804 187 329 782 1295 344 1434 112 4210 137 83 2522 196 52 1861 1381 1088 422 2326 300 304 13121 2462 2349 666 293 4274 8847 2668 50 244 270 75 8603 1606 44
is_linear=0
shrinkage=0.05


Tree=49
num_leaves=59
num_cat=0
split_feature=5 4 1 0 5 8 9 4 0 7 1 4 7 1 7 0 9 0 4 13 7 4 8 5 12 7 0 7 4 4 5 0 4 13 4 4 4 0 1 5 4 5 1 8 0 5 5 7 0 7 12 4 5 1 5 7 12 9
split_gain=8.30112e+07 1.92561e+07 8.2514e+06 6.39309e+06 3.52825e+06 3.16029e+06 4.04888e+06 3.14177e+06 2.99459e+06 5.05878e+06 2.79235e+06 2.94028e+06 2.59688e+06 2.44623e+06 2.24245e+06 3.97925e+06 1.94434e+06 1.88062e+06 1.76358e+06 1.71162e+06 1.64905e+06 1.62045e+06 1.56989e+06 1.51685e+06 1.5078e+06 1.49046e+06 1.86771e+06 1.48126e+06 2.00515e+06 1.44601e+06 1.33635e+06 1.29364e+06 1.2601e+06 1.78826e+06 1.24826e+06 1.11818e+06 1.08663e+06 1.03687e+06 1.02695e+06 1.40065e+06 1.13448e+06 957861 931352 781675 726222 714689 643083 633304 611762 513534 511448 485737 349744 309180 360265 301885 250978 105583
threshold=1627.7543623828017 942.61101605018291 0.07815191598035949 0.50247997818105761 3199.5985812441477 -1.0000000180025095e-35 1.0000000180025095e-35 520.53403998596036 0.40574566311753929 -0.60355339059327384 0.1969881678844059 1468.1825736499293 -0.9829629131445341 0.15364126980085169 -0.37940952255126009 0.44577690945020026 0.81174490092936691 0.37735491119627057 2567.8214038401825 5.4023543000000016 -0.5 1211.0870042155298 -1.0000000180025095e-35 1420.263053060253 3.7522112000000001 -0.12940952255126034 0.48277647219501835 1.0000000180025095e-35 1523.002253024885 1769.3285804849877 371.81215315978346 0.56432041997074134 2475.030458788719 6.3549370000000005 1444.143480146038 1121.1268698485089 815.98044770064791 0.490736232426986 0.059528773834004955 1169.3710645709209 313.36243140441212 1402.6237858425727 0.062158159500752833 -0.60785761079279388 0.51278855121779865 2231.5016179326008 1133.1627061669908 -0.12940952255126034 0.43530259575842151 1.0000000180025095e-35 7.2245507500000006 2803.4179486041867 162.58200991215867 0.04124901574957867 1873.4163097475914 -0.12940952255126034 8.4929780000000026 1.0000000180025095e-35
decision_type=2 2 2 2 2 2 2 2 2 2 2 2 2 2 2 2 2 2 2 2 2 2 2 2 2 2 2 2 2 2 2 2 2 2 2 2 2 2 2 2 2 2 2 2 2 2 2 2 2 2 2 2 2 2 2 2 2 2
left_child=1 7 8 4 5 6 -4 38 16 42 11 24 -7 27 15 -13 18 34 19 -2 56 36 25 30 44 26 -9 -5 -29 -16 -24 -26 35 -34 50 -11 -15 -22 39 52 43 -42 48 -40 -3 -23 -27 -20 -10 -25 -12 -6 -1 55 -55 -18 -19 -53
right_child=2 10 3 13 51 12 -8 22 9 32 17 14 -14 21 29 -17 53 20 47 -21 37 45 23 49 31 46 -28 28 -30 -31 -32 -33 33 -35 -36 -37 -38 -39 40 -41 41 -43 -44 -45 -46 -47 -48 -49 -50 -51 -52 57 -54 54 -56 -57 -58 -59
leaf_value=-3.8417259528379981 10.868128085680803 1.6846073958150243 3.4807965995023715 -10.12361191859612 19.329818045517495 -5.1021632100768004 -3.8524891556202165 -2.4742127995351861 2.5180386115658671 15.062339018424352 3.3811222313068536 2.5358967192013351 5.6203655109306325 -8.2072774142310738 2.8851852913819207 -7.7888970613053878 11.824746575291954 -8.6302865672111508 8.6893314409935396 4.7693339314872283 -0.63502277201460322 -8.4653745000502649 11.790520031397993 12.412994385423332 0.21524908440760596 -0.55382939670556475 -8.0246158320662158 10.605104360227232 -1.1766665362878281 6.6723529583242218 -0.58000923543055372 -5.1692787852883342 -1.6096037096590612 10.193438469008472 -4.514683476130168 5.1309272489997824 3.061593336571347 -7.8588952338332083 -7.1101173492917766 7.6521222068168022 -2.6527471402422211 -12.490295616912842 -10.784764047438099 -3.7337330523230143 6.0824429506297202 -19.11963878236968 -4.8390106416501499 12.455800166796614 -4.3787624571928339 2.7539594410311796 14.205351643995805 8.2286407670107753 -2.03183801873028 7.8259538316726678 15.306429670803688 5.3045849057286985 -17.557417741922233 13.231687114911422
leaf_weight=281 148 1246 791 24 27 57 245 861 60 28 25 558 1634 40 586 110 73 22 384 531 127 49 20 27 2904 1129 183 52 108 448 2903 114 35 327 28 827 42 80 229 35 5885 23 29 721 100 27 93 184 65 29 20 42 5722 26 134 30 24 33
leaf_count=281 148 1246 791 24 27 57 245 861 60 28 25 558 1634 40 586 110 73 22 384 531 127 49 20 27 2904 1129 183 52 108 448 2903 114 35 327 28 827 42 80 229 35 5885 23 29 721 100 27 93 184 65 29 20 42 5722 26 134 30 24 33
internal_value=0.00925848 -1.28459 5.25283 3.48949 4.26999 3.9218 1.74249 -2.11604 7.1899 5.48282 1.07505 1.31765 5.25333 -2.95401 3.07911 0.817523 8.73054 -3.41954 7.88082 6.12669 -5.45091 -7.47628 -1.08368 -0.328806 0.629565 -2.07491 -3.46062 0.967841 2.73603 4.53577 -0.487361 0.00856705 6.56235 9.04967 3.57823 5.49056 -2.49989 -3.47537 -2.53568 -2.05866 -2.95494 -2.69526 -3.02299 -4.56085 2.01988 -12.6437 -0.88733 9.94889 -1.08074 7.67853 8.59177 13.3245 -2.11781 12.6695 14.2025 10.0629 -13.8255 10.7165
internal_weight=30585 24533 6052 3171 2829 2727 1036 18141 2881 1371 6392 6066 1691 342 1702 668 1510 326 1247 679 253 158 5245 2979 4364 2266 1044 184 160 1034 2923 3018 1217 362 73 855 82 207 12896 6038 6858 5908 154 950 1346 76 1222 568 125 56 45 102 6003 263 160 103 46 75
internal_count=30585 24533 6052 3171 2829 2727 1036 18141 2881 1371 6392 6066 1691 342 1702 668 1510 326 1247 679 253 158 5245 2979 4364 2266 1044 184 160 1034 2923 3018 1217 362 73 855 82 207 12896 6038 6858 5908 154 950 1346 76 1222 568 125 56 45 102 6003 263 160 103 46 75
is_linear=0
shrinkage=0.05


Tree=50
num_leaves=52
num_cat=0
split_feature=5 4 11 7 5 4 4 7 8 12 5 8 13 12 2 6 4 7 5 9 5 5 8 7 5 7 12 7 4 4 12 8 4 5 7 4 7 7 4 5 2 4 8 8 5 2 12 9 9 7 11
split_gain=7.49637e+07 1.91702e+07 6.77552e+06 6.62462e+06 5.18813e+06 3.81344e+06 2.5294e+06 2.34303e+06 3.26793e+06 2.50174e+06 2.33382e+06 2.26613e+06 2.26337e+06 1.99957e+06 1.78244e+06 1.71891e+06 1.70796e+06 1.85062e+06 1.65841e+06 1.6197e+06 3.33714e+06 2.43599e+06 1.45685e+06 2.50649e+06 1.50504e+06 1.44786e+06 1.38768e+06 1.36505e+06 1.26228e+06 1.29579e+06 1.23944e+06 1.20554e+06 1.18409e+06 872970 849467 835939 823697 792776 711688 707178 628733 770608 593946 359998 629296 596062 261268 230644 174980 77149.4 37438
threshold=1720.0260074008504 822.73278426324293 1.0000000180025095e-35 -0.12940952255126034 2626.1050338120644 1433.9411256865305 2199.3054585573159 -0.37940952255126009 -0.60785761079279388 6.9484064500000011 2019.4196213484609 1.0000000180025095e-35 3.9644193500000005 3.6152036000000005 0.87297218027408441 -0.70710678118654735 1769.3285804849877 0.98296291314453432 481.44663607983904 0.81174490092936691 1444.143480146038 1341.4782212663174 -1.0000000180025095e-35 -0.12940952255126034 1308.4361375932579 1.0000000180025095e-35 8.3778580000000016 -0.12940952255126034 3302.9503335992745 1090.1199783712404 5.134751350000001 -0.60785761079279388 1121.1268698485089 1972.6662909140466 -0.9159756150367534 28.63519445162547 -0.12940952255126034 -0.9829629131445341 2032.726412708347 1468.1825736499293 0.60005309991678535 634.69102500918314 1.0000000180025095e-35 0.6078576107927941 1444.143480146038 0.86105079219562353 7.3876658500000003 1.0000000180025095e-35 -0.56174490092936669 0.1294095225512602 1.0000000180025095e-35
decision_type=2 2 2 2 2 2 2 2 2 2 2 2 2 2 2 2 2 2 2 2 2 2 2 2 2 2 2 2 2 2 2 2 2 2 2 2 2 2 2 2 2 2 2 2 2 2 2 2 2 2 2
left_child=1 18 4 31 6 13 12 8 9 -7 11 32 33 43 -14 30 26 -18 35 21 27 36 23 -15 -24 -22 -9 -21 29 -6 -8 -4 -5 -2 -31 48 -20 -17 -10 -23 41 -37 -33 44 -3 -45 -42 -12 -1 -30 -50
right_child=2 5 3 10 28 7 15 16 38 -11 47 -13 14 22 -16 37 17 -19 19 20 25 39 24 -25 -26 -27 -28 -29 49 34 -32 42 -34 -35 -36 40 -38 -39 -40 -41 46 -43 -44 45 -46 -47 -48 -49 50 -51 -52
leaf_value=-2.4040515446662907 6.0090345209788509 0.91101598812363438 -22.477413002752488 -16.115203234354656 16.189615843454998 1.8389123246054742 4.6787666678017583 1.1953967284240166 2.074516585868948 -6.2844149048941764 7.3977221746030075 9.285045776208241 7.9591087731071148 -3.1818786463692801 2.8116197942506083 -2.7915769700465667 4.827884434541339 15.891162902727359 -2.4567668490277863 0.92821523536927997 15.782689445982587 -13.674879692395528 -0.35149165904072621 0.25629771828943476 2.299918513175514 -0.25424379522150214 5.7529005062081104 -2.630406448237764 10.101509032249451 3.3673097495651243 10.976952099699371 -3.3385332715069809 -0.6605189006669181 13.005175878695955 7.7899784339512053 -2.4771648825956416 -1.1235669119774367 5.4633078177153038 7.1415545916630894 -5.6328876030139439 -1.6727782420678574 6.3397281578063973 -14.125233514149983 0.42128370025913631 5.9587786952609365 4.5614297183555896 -8.4306773375613346 15.781617366649485 -5.6408570543630461 15.270379613240562 -7.8056940576008387
leaf_weight=36 121 985 29 22 43 155 114 756 508 239 21 28 182 1025 2066 29 581 39 2134 670 45 46 2084 1095 718 20 213 448 30 123 282 25 26 76 1319 9915 2546 816 79 76 20 23 28 138 64 235 61 25 111 61 54
leaf_count=36 121 985 29 22 43 155 114 756 508 239 21 28 182 1025 2066 29 581 39 2134 670 45 46 2084 1095 718 20 213 448 30 123 282 25 26 76 1319 9915 2546 816 79 76 20 23 28 138 64 235 61 25 111 61 54
internal_value=0.00903251 -1.14577 5.31442 -3.59786 5.66117 0.716515 4.6299 2.34053 0.417741 -3.09553 3.78664 -1.62446 3.69123 0.0580846 3.23507 6.47035 3.52558 5.57267 -2.17014 -1.50827 0.148747 -1.91638 -0.41915 -1.40746 0.329074 10.9879 2.20699 -0.499926 8.0642 7.69335 9.19647 -14.4132 -8.10529 8.81166 7.41792 -2.55737 -1.73227 5.17408 2.77839 -8.83681 -2.49232 -2.45549 -9.34368 1.70822 1.22974 3.04012 -6.84264 12.422 -5.74335 13.8203 -6.43438
internal_weight=30585 25119 5466 204 5262 8914 3686 2570 981 394 122 76 2445 6344 2248 1241 1589 620 16205 5985 1183 4802 4922 2120 2802 65 969 1118 1576 1485 396 82 48 197 1442 10220 4680 845 587 122 10019 9938 53 1422 1049 373 81 46 201 91 165
internal_count=30585 25119 5466 204 5262 8914 3686 2570 981 394 122 76 2445 6344 2248 1241 1589 620 16205 5985 1183 4802 4922 2120 2802 65 969 1118 1576 1485 396 82 48 197 1442 10220 4680 845 587 122 10019 9938 53 1422 1049 373 81 46 201 91 165
is_linear=0
shrinkage=0.05


Tree=51
num_leaves=54
num_cat=0
split_feature=5 4 1 0 1 4 7 13 7 0 5 13 13 7 11 3 4 3 0 3 3 4 1 3 3 1 1 11 4 6 4 1 0 3 5 5 3 5 11 5 4 8 7 5 13 9 1 13 5 13 0 6 7
split_gain=6.76845e+07 1.73097e+07 6.39458e+06 5.08558e+06 3.60522e+06 3.92568e+06 2.97946e+06 2.82278e+06 3.38134e+06 5.2653e+06 2.65471e+06 2.38916e+06 2.37094e+06 2.32492e+06 2.20427e+06 2.15656e+06 2.76507e+06 2.06143e+06 1.81882e+06 1.71096e+06 1.55201e+06 1.53858e+06 2.28978e+06 1.70684e+06 1.53803e+06 1.5042e+06 1.48917e+06 1.27487e+06 1.3102e+06 1.59447e+06 1.26863e+06 1.26212e+06 1.13883e+06 1.03443e+06 995619 991338 978147 1.57564e+06 915372 1.49261e+06 914767 852045 768824 762869 739410 734607 708709 633090 585130 518743 514488 447817 289436
threshold=1720.0260074008504 822.73278426324293 0.07815191598035949 0.50367037814016602 0.060107392327039592 1543.9451096952896 -0.9159756150367534 12.040444000000003 -0.37940952255126009 0.44912654535751489 3151.2881327577629 10.612726500000003 8.6676545000000029 1.0000000180025095e-35 1.0000000180025095e-35 769.50000000000011 2567.8214038401825 146.99499999999992 0.40772911159131897 -1100.9999999999998 434.00500000000005 480.67657431654487 0.20179298745144222 850.00500000000011 178.04999999999998 0.11421608886533151 0.15926292198568234 1.0000000180025095e-35 1386.0171818619581 0.25881904510252091 3151.2881327577629 0.13309314721995116 0.42638154842451809 399.99999999999994 1308.4361375932579 2231.5016179326008 -0.20500000000001248 1433.9411256865305 1.0000000180025095e-35 862.78481538327071 2626.1050338120644 -1.0000000180025095e-35 -0.37940952255126009 1799.3481316101695 7.1344417500000015 -0.22252093395631442 0.050378237746993564 10.560016500000001 345.30973808767914 12.776583500000003 0.500125866907425 -0.25881904510252113 -0.60355339059327384
decision_type=2 2 2 2 2 2 2 2 2 2 2 2 2 2 2 2 2 2 2 2 2 2 2 2 2 2 2 2 2 2 2 2 2 2 2 2 2 2 2 2 2 2 2 2 2 2 2 2 2 2 2 2 2
left_child=1 21 11 6 5 20 17 8 9 -6 14 27 -10 -5 -8 16 33 18 -4 49 32 36 23 41 45 -21 31 28 29 -2 -30 -15 -3 -13 47 -28 38 52 48 -40 -12 -23 -26 -19 -25 -7 -17 -24 -1 -9 -18 -22 -38
right_child=2 4 3 13 7 24 10 19 12 -11 40 15 -14 26 -16 46 50 43 -20 25 51 22 34 44 42 -27 35 -29 30 -31 -32 -33 -34 -35 -36 -37 37 -39 39 -41 -42 -43 -44 -45 -46 -47 -48 -49 -50 -51 -52 -53 -54
leaf_value=-4.0601238521256757 7.169011921176204 1.6819783537887067 -2.2943592054528348 -14.897583198982316 -1.7805463001962378 5.9470400519729267 4.5137229637290996 -2.2050515381314537 2.0010430893516218 -10.968353537887824 18.12044000714166 2.5241869502464933 -1.7876094725208693 -0.31603210569542145 -3.2611645819743473 7.03334207713604 9.0724987779617319 -4.4225082146037717 -17.292603918711347 2.349718919875456 1.9195928225309953 -2.1070282806509941 -11.653150090729749 12.717439423490454 5.4195981983794379 0.009903986220906066 -2.1855642383329332 -2.1297988739013674 7.5663461098646607 26.03508749485016 12.371742067802245 11.983086113562951 -0.55606059331732183 7.6635990184231817 -17.69890376311082 -12.966171009961295 -2.6296196070839652 7.7299454926281443 -4.1735919695199746 -14.069674877913101 8.6267930491649327 -0.87455867779424068 11.614763932557612 5.9707212179412643 2.4264512089382522 1.7173244677673687 19.536024635539334 -1.5943781589880226 -2.4997253038592824 -13.18082562666673 1.9640333427921419 8.0902352588465725 -1.8909243820119486
leaf_weight=773 25 1540 134 35 1063 196 2064 20 923 181 33 733 744 105 94 22 323 20 22 1422 44 2433 25 25 95 1327 60 28 1124 22 162 24 899 112 24 32 1918 39 245 44 135 3319 121 96 53 218 32 39 2807 24 29 97 4461
leaf_count=773 25 1540 134 35 1063 196 2064 20 923 181 33 733 744 105 94 22 323 20 22 1422 44 2433 25 25 95 1327 60 28 1124 22 162 24 899 112 24 32 1918 39 245 44 135 3319 121 96 53 218 32 39 2807 24 29 97 4461
internal_value=0.00887108 -1.08844 5.0501 3.41012 0.681175 2.02102 4.07275 -0.0732804 -1.16241 -3.13282 4.65136 6.83803 0.310008 -3.29392 4.17235 5.24455 4.78598 -0.873083 -4.60165 1.06188 1.15486 -2.06182 -1.41865 -1.29599 5.55326 1.22107 -1.33908 8.29288 8.51468 16.7023 8.18997 2.12015 0.85727 3.22188 -9.3354 -6.13149 -2.43149 -2.05158 -3.0603 -5.76662 10.6829 -1.39642 8.96478 4.13416 5.96038 3.73877 14.8755 -5.75772 -2.83873 -8.50473 8.50128 6.21846 -2.11379
internal_weight=30585 25119 5466 2854 8914 3210 2598 5704 2911 1244 2326 2612 1667 256 2158 1251 1197 272 156 2793 2580 16205 5918 5830 630 2749 221 1361 1333 47 1286 129 2439 845 88 92 10287 6418 3869 289 168 5752 216 116 78 414 54 64 3580 44 352 141 6379
internal_count=30585 25119 5466 2854 8914 3210 2598 5704 2911 1244 2326 2612 1667 256 2158 1251 1197 272 156 2793 2580 16205 5918 5830 630 2749 221 1361 1333 47 1286 129 2439 845 88 92 10287 6418 3869 289 168 5752 216 116 78 414 54 64 3580 44 352 141 6379
is_linear=0
shrinkage=0.05


Tree=52
num_leaves=54
num_cat=0
split_feature=4 4 1 0 7 1 4 1 7 4 12 2 0 12 1 0 12 2 8 7 2 8 4 1 4 7 8 1 12 1 12 8 11 2 4 7 9 1 7 12 6 9 1 1 8 8 2 7 6 12 1 6 4
split_gain=6.05818e+07 1.25138e+07 6.96328e+06 5.65023e+06 5.0757e+06 3.51321e+06 2.88962e+06 2.7861e+06 2.77354e+06 2.68857e+06 2.6294e+06 2.27449e+06 2.20786e+06 2.14001e+06 2.94617e+06 1.94062e+06 1.81117e+06 1.33437e+06 1.20775e+06 1.44099e+06 1.1149e+06 1.10899e+06 1.0834e+06 1.10417e+06 1.07571e+06 1.07367e+06 1.38381e+06 1.40617e+06 1.07268e+06 1.03615e+06 1.02925e+06 955310 882461 916727 676484 651859 2.84271e+06 644423 1.07284e+06 843904 574604 545880 481086 464726 611204 564640 464522 446033 267487 234627 349534 203765 141342
threshold=1603.25204566808 634.69102500918314 0.07815191598035949 0.50247997818105761 -0.70710678118654757 0.24704976018373964 2536.291659429196 0.20179298745144222 -0.37940952255126009 1911.1456186422686 3.7522112000000001 1.3470436256828324 0.56432041997074134 7.5886932500000013 0.13205908846726491 0.3039381004304969 11.464798000000002 1.3470436256828324 -0.60785761079279388 -0.12940952255126034 1.342247683271232 -1.0000000180025095e-35 334.92912522689159 0.18311622431001986 3005.0980100075335 -0.12940952255126034 -0.60785761079279388 0.061552621303690887 5.2243210000000007 0.026910358561047291 10.903688500000003 -1.0000000180025095e-35 1.0000000180025095e-35 0.060841725232787365 1786.1298771869133 -0.37940952255126009 0.81174490092936691 0.061103692654164939 0.60355339059327384 4.1129010000000008 0.25881904510252091 0.81174490092936691 0.062158159500752833 0.18635890477550934 -0.60785761079279388 -0.60785761079279388 2.3427335009017347 -0.37940952255126009 0.25881904510252091 6.7830116500000015 0.12076151691036274 -0.78656609248549292 596.74588443185201
decision_type=2 2 2 2 2 2 2 2 2 2 2 2 2 2 2 2 2 2 2 2 2 2 2 2 2 2 2 2 2 2 2 2 2 2 2 2 2 2 2 2 2 2 2 2 2 2 2 2 2 2 2 2 2
left_child=1 18 6 4 7 10 16 15 -5 21 43 12 -12 14 -10 -4 17 20 19 22 -2 -6 30 -24 -11 26 27 -8 -7 40 -1 -15 35 48 -19 36 -20 39 -39 -27 -18 -31 -37 44 -3 -45 -28 -35 -34 50 -21 -13 -51
right_child=2 5 3 8 9 28 25 -9 13 24 11 51 -14 31 -16 -17 29 34 32 49 -22 -23 23 -25 -26 37 46 -29 -30 41 -32 -33 33 47 -36 42 -38 38 -40 -41 -42 -43 -44 45 -46 -47 -48 -49 -50 52 -52 -53 -54
leaf_value=-7.8812460108644835 4.311119450655851 0.67556492334164109 4.4932234073689115 -19.525370251464846 -0.20571027941261699 -2.8816858886182311 5.0743067687799126 -17.09225572625796 -0.27078841333587966 5.239834794656705 0.18637209273761124 -3.7013139502589518 -4.164136348627018 9.8599240827560433 -12.178179738812332 -1.5431567979454994 8.92076634812355 1.6952133338850108 -1.9586643114721576 -1.9872895526112515 16.049864993428073 3.8813063109491397 -3.0488172306772738 -12.614652577369444 8.8417037910956608 5.6234047240397285 6.3245507443904883 -6.5917834959608133 -15.266800542460835 5.7465377120557548 -0.84790767844163772 -1.2338674709531996 -4.7450737657547002 -4.6624854101575739 4.3891805765326604 -1.4970368071123445 1.1917325095944185 10.516262715400105 0.68253588517506925 12.393545626477993 19.266115222141661 10.511352274388443 -2.3850809542822247 3.3913642356080831 2.5596204644780669 -2.9525108383080134 9.7950488237659314 -1.5962477430638293 -11.586691018481588 -1.4785716264833426 -4.3082073967271119 -7.9570164509253063 1.3129143311580025
leaf_weight=253 42 604 188 23 300 30 119 22 142 1166 7165 50 302 42 80 443 38 291 2690 942 41 369 1559 29 258 61 198 31 44 306 66 34 28 207 1243 2917 974 69 46 280 27 79 3235 51 1512 102 231 282 41 1004 197 86 46
leaf_count=253 42 604 188 23 300 30 119 22 142 1166 7165 50 302 42 80 443 38 291 2690 942 41 369 1559 29 258 61 198 31 44 306 66 34 28 207 1243 2917 974 69 46 280 27 79 3235 51 1512 102 231 282 41 1004 197 86 46
internal_value=0.00862461 -1.10999 4.43487 2.74267 3.47657 0.255326 6.10513 -0.371308 -3.51805 4.67628 0.337703 -0.1082 0.00934882 -2.16064 -4.63218 0.263827 5.01595 4.22549 -2.04835 -2.77585 10.351 2.05341 -3.78085 -3.23916 5.90391 8.26646 6.78765 2.60827 -10.4538 7.82504 -6.44044 4.99247 -1.76064 -3.69355 3.88101 -1.65003 -1.121 10.1063 6.66172 11.2223 13.665 6.77354 -1.96463 1.83062 2.02298 -0.82138 8.23007 -2.90794 -9.02232 -1.89766 -2.39556 -6.46877 -1.35401
internal_weight=30585 24416 6169 3067 2746 9946 3102 653 321 2093 9872 7603 7467 298 222 631 2067 1617 14470 4096 83 669 1907 1588 1424 1035 579 150 74 450 319 76 10374 558 1534 9816 3664 456 115 341 65 385 6152 2269 2116 153 429 489 69 2189 1139 136 1050
internal_count=30585 24416 6169 3067 2746 9946 3102 653 321 2093 9872 7603 7467 298 222 631 2067 1617 14470 4096 83 669 1907 1588 1424 1035 579 150 74 450 319 76 10374 558 1534 9816 3664 456 115 341 65 385 6152 2269 2116 153 429 489 69 2189 1139 136 1050
is_linear=0
shrinkage=0.05


Tree=53
num_leaves=59
num_cat=0
split_feature=5 5 5 1 3 1 1 3 0 7 0 7 2 2 2 0 2 0 5 0 12 2 1 12 12 3 12 1 0 1 5 9 7 6 3 0 5 2 9 2 0 7 1 12 1 10 3 7 12 3 2 2 2 10 0 6 0 1
split_gain=5.6295e+07 1.0371e+07 6.22053e+06 5.25593e+06 4.31634e+06 3.4888e+06 2.81655e+06 2.40098e+06 2.37227e+06 2.876e+06 2.17027e+06 3.7526e+06 2.15823e+06 1.97533e+06 1.94867e+06 1.88186e+06 1.86341e+06 1.83695e+06 1.65599e+06 1.47169e+06 1.80737e+06 2.80525e+06 1.41891e+06 1.35874e+06 1.30768e+06 1.19413e+06 1.17304e+06 1.02365e+06 990478 920883 910376 859550 846986 813487 772870 768429 2.14002e+06 1.18568e+06 752770 681343 1.84002e+06 2.00685e+06 596861 766325 571747 527254 496138 690439 478863 447813 381728 379588 370919 354046 310968 288250 277763 235448
threshold=1308.4361375932579 1873.4163097475914 598.93948057395687 0.08601658294058849 -0.99500000000000444 0.080540969049177027 0.1969881678844059 961.81500000000017 0.46127674795765178 -0.5 0.41693426933808292 -0.5 1.2636990303730811 1.6801335669556734 2.3427335009017347 0.49895931004234334 2.2357967022157044 0.38148194285319742 2863.635411009132 0.52523448816046336 6.2200513500000012 1.5400139436404057 0.061103692654164939 8.0380085000000019 7.3876658500000003 1.0000000180025095e-35 5.4911990500000014 0.04124901574957867 0.3023167089696065 0.026450208064807433 2111.7118711774119 1.0000000180025095e-35 -0.37940952255126009 -0.70710678118654735 300.00000000000017 0.4756535482130797 71.155737247132606 1.3195313531332287 1.0000000180025095e-35 1.0025735820681754 0.44577690945020026 -0.12940952255126034 0.050378237746993564 5.7182960000000014 0.14551972909613339 1.0000000180025095e-35 749.93500000000017 -0.70710678118654757 7.3876658500000003 -124.03499999999998 0.90598827827926787 2.4128089683941547 1.2883701351349146 1.0000000180025095e-35 0.52523448816046336 0.37940952255126054 0.27483314841009571 0.20179298745144222
decision_type=2 2 2 2 2 2 2 2 2 2 2 2 2 2 2 2 2 2 2 2 2 2 2 2 2 2 2 2 2 2 2 2 2 2 2 2 2 2 2 2 2 2 2 2 2 2 2 2 2 2 2 2 2 2 2 2 2 2
left_child=2 6 25 12 15 13 7 16 9 45 18 -12 27 24 17 33 22 -14 -6 20 21 -7 -2 -11 34 35 54 48 -22 -26 -16 -9 55 -5 -4 36 -1 49 -28 46 52 -42 -15 -44 -34 -8 53 -48 -3 -37 -29 -18 -41 -27 -10 -21 -38 -17
right_child=1 3 5 4 10 19 8 31 26 23 11 -13 14 42 30 57 51 -19 -20 32 28 -23 -24 -25 29 39 38 50 -30 -31 -32 -33 44 -35 -36 37 56 -39 -40 40 41 -43 43 -45 -46 -47 47 -49 -50 -51 -52 -53 -54 -55 -56 -57 -58 -59
leaf_value=10.477511817427242 2.9764603527187665 0.8561486182610194 1.3554389856999984 3.5641262266936806 4.3584300070268567 0.031274718563444492 -3.431705545278696 6.3806108843047049 2.6678683332963429 1.1120136376108443 -13.959090577761334 2.755331668200947 7.4729592341908573 13.717587829197155 17.813499161962952 -6.7307972552325275 15.773722737385677 4.1591299870480434 8.8240684295284169 -5.2037079236584329 0.064729411775756515 12.589369913184125 1.0075157987057028 12.856122736319518 2.4168311994079734 -1.3855352510809642 -4.9926712141365845 21.078155813217165 -2.6604789319067259 -0.57570295019627105 8.2637526872306513 20.435923598896373 -1.8397471495308229 -1.7581381489883494 4.7363253369058178 -4.7700599435422646 0.43635712011655176 -13.180822284303861 -15.833478767170627 3.8999544610121313 -8.8718243447144829 3.9697549603831384 11.341234253593113 -1.1110525580814907 -5.8640120259514008 -14.094174836965706 -2.6520873772014273 9.976008403084494 11.055476006317139 -2.7450609343218413 12.645508518051685 6.1682847938170804 11.362095069090525 -2.1774237627065189 -5.6754577432508064 -12.664906161337187 -2.1821702298002368 -14.138111505093782
leaf_weight=32 1401 22 1450 101 798 1337 24 27 20 68 34 502 669 32 26 35 24 1146 284 29 447 44 2641 37 299 4680 27 30 1309 1760 544 20 300 235 190 312 103 27 49 37 58 60 21 26 125 24 20 20 23 2375 55 24 34 2036 21 31 4459 21
leaf_count=32 1401 22 1450 101 798 1337 24 27 20 68 34 502 669 32 26 35 24 1146 284 29 447 44 2641 37 299 4680 27 30 1309 1760 544 20 300 235 190 312 103 27 49 37 58 60 21 26 125 24 20 20 23 2375 55 24 34 2036 21 31 4459 21
internal_value=0.00821549 3.34769 -1.36952 5.02869 3.11769 -0.19329 1.62018 1.94346 -3.31098 0.797109 4.25716 1.64713 6.55228 0.869496 6.20018 -1.58324 1.81069 5.38747 5.54468 -1.30172 -0.904053 0.449019 1.69111 5.41341 0.699961 -1.9801 -8.60624 12.82 -1.96747 -0.139213 8.76013 12.9517 -3.85956 -0.146653 1.75242 -2.42649 -2.03059 -3.09465 -12.209 -1.5098 1.43955 -2.38483 8.59428 4.68845 -3.04529 -9.11356 -1.59271 3.83622 6.31786 -2.98357 16.0379 11.4099 7.68683 -1.62618 -1.67064 -9.34293 -2.12288 -9.90036
internal_weight=30585 8932 21653 4525 2010 7400 4407 4137 270 153 1618 536 2515 3778 2385 392 4090 1815 1082 3622 3137 1381 4042 105 3699 14253 117 130 1756 2059 570 47 485 336 1640 7308 4594 2714 76 6945 189 118 79 47 425 48 6756 40 45 2687 85 48 71 6716 41 60 4562 56
internal_count=30585 8932 21653 4525 2010 7400 4407 4137 270 153 1618 536 2515 3778 2385 392 4090 1815 1082 3622 3137 1381 4042 105 3699 14253 117 130 1756 2059 570 47 485 336 1640 7308 4594 2714 76 6945 189 118 79 47 425 48 6756 40 45 2687 85 48 71 6716 41 60 4562 56
is_linear=0
shrinkage=0.05


Tree=54
num_leaves=56
num_cat=0
split_feature=5 5 5 11 7 1 1 1 1 3 3 13 0 7 5 8 11 3 3 13 13 1 0 7 3 13 1 3 0 1 9 5 0 5 7 7 9 13 3 5 8 9 1 9 8 3 0 7 1 1 0 0 13 0 1
split_gain=5.08276e+07 9.36495e+06 5.61539e+06 4.81718e+06 5.65198e+06 3.98427e+06 3.15253e+06 3.05698e+06 2.55351e+06 2.3804e+06 2.18911e+06 2.167e+06 2.14947e+06 2.61372e+06 1.77226e+06 2.83453e+06 1.49882e+06 1.95607e+06 1.44159e+06 1.42916e+06 1.23318e+06 1.18832e+06 1.10633e+06 1.62852e+06 1.07861e+06 1.06279e+06 1.05901e+06 937451 1.15449e+06 915700 784201 746523 703098 1.66926e+06 962001 702959 680997 614029 590720 523338 967111 516825 508709 498395 479706 388085 1.86105e+06 2.9744e+06 1.28149e+06 349829 294522 283262 263992 234179 201609
threshold=1308.4361375932579 1873.4163097475914 598.93948057395687 1.0000000180025095e-35 -0.37940952255126009 0.24704976018373964 0.080540969049177027 0.07815191598035949 0.1969881678844059 -638.51999999999987 961.81500000000017 11.491747500000001 0.46127674795765178 -0.5 2019.4196213484609 1.0000000180025095e-35 1.0000000180025095e-35 -205.095 -5.0049999999999946 10.612726500000003 10.028271750000002 0.11421608886533151 0.28385721731658087 -0.37940952255126009 1.0000000180025095e-35 12.548386000000002 0.13815152223009083 298.97000000000008 0.59176895578896205 0.026450208064807433 1.0000000180025095e-35 964.05262549549161 0.45485476587817736 28.63519445162547 -0.60355339059327384 0.78656609248549303 1.0000000180025095e-35 6.8773113000000006 120.40000000000002 875.66521923972277 -1.0000000180025095e-35 1.0000000180025095e-35 0.12076151691036274 0.81174490092936691 -0.60785761079279388 178.04999999999998 0.4805678920291892 -0.37940952255126009 0.11343215125001936 0.080540969049177027 0.29175735856306567 0.52523448816046336 9.2054975000000017 0.27483314841009571 0.16073202496419656
decision_type=2 2 2 2 2 2 2 2 2 2 2 2 2 2 2 2 2 2 2 2 2 2 2 2 2 2 2 2 2 2 2 2 2 2 2 2 2 2 2 2 2 2 2 2 2 2 2 2 2 2 2 2 2 2 2
left_child=2 8 24 5 26 7 19 11 10 -9 16 -3 13 44 15 -6 21 -18 39 29 -15 -2 38 -24 32 36 -5 28 -21 31 -12 -4 33 -1 37 -29 -14 -34 -20 52 -41 -16 -36 -31 -10 49 48 -48 -47 50 -26 -27 -8 -35 -51
right_child=1 3 6 4 14 -7 18 9 12 -11 30 -13 25 20 41 -17 17 -19 22 27 -22 -23 23 -25 45 51 -28 35 -30 43 -32 -33 34 53 42 -37 -38 -39 -40 40 -42 -43 -44 -45 -46 46 47 -49 -50 54 -52 -53 -54 -55 -56
leaf_value=11.589857545935715 2.4860175465126071 7.9346597128905714 1.057774100397022 -22.04133666229248 -10.828925173922283 -12.5288471628353 -2.7496296078719378 -0.97448862830797833 -13.443674466059759 4.4446034303108002 6.0835824479727911 4.7501359595157338 -4.7602537802992195 12.246281223297119 3.5064733123779299 11.448455999981274 -12.836985630612626 -0.035284871125052165 1.1932688276943366 1.6220432711749329 1.0580014171940941 0.5739433473597616 -3.0776569338825146 -0.21447705213403992 1.0735312455612467 2.5466016908125448 -6.684248105829413 2.7118717855339249 -9.2225118930816645 -0.82751699443508631 19.507018207203259 6.8118136926452326 -1.6717717672127579 0.41495483714625953 -2.1176475199176377 8.5449753953729353 -15.072850834061118 -5.7205161992888307 8.1970926987763608 -7.3924540186839511 -2.3887313591155057 13.548531634423041 -3.7759159555385766 1.5609691913852506 -3.2733191974346454 0.86948636981786476 -10.410760833834425 1.9431874331759245 10.336263046834086 -1.8636275002293681 -1.322222706802932 -5.4163606423917026 -0.28722672513940117 -1.9935233120930587 -3.5138977482683451
leaf_weight=21 2762 1228 231 33 39 30 291 226 24 1906 27 969 27 37 25 20 36 139 359 1450 68 1153 710 1643 131 20 20 142 23 1524 20 73 124 103 2222 82 49 409 31 155 259 29 589 253 24 100 79 121 54 2155 4101 21 174 3840 204
leaf_count=21 2762 1228 231 33 39 30 291 226 24 1906 27 969 27 37 25 20 36 139 359 1450 68 1153 710 1643 131 20 20 142 23 1524 20 73 124 103 2222 82 49 409 31 155 259 29 589 253 24 100 79 121 54 2155 4101 21 174 3840 204
internal_value=0.00816476 3.18133 -1.30096 4.77872 -3.54724 5.09727 -0.183404 5.22515 1.53975 3.86978 1.84756 6.53571 -3.1555 0.754956 2.80491 -3.14942 1.72079 -2.7841 -1.23706 0.826865 5.1558 1.92348 -0.67134 -1.0803 -1.88108 -8.19596 -16.7001 1.90285 1.44043 -0.0515513 12.3588 2.47501 -2.30533 -1.85299 -2.84011 4.90395 -11.6252 -4.78837 1.78898 -2.99692 -4.28865 9.19079 -2.46755 -0.486081 -8.69294 -1.43411 0.177707 -2.99136 4.279 -1.52071 -1.24759 -1.59409 -1.8334 -1.93043 -2.0092
internal_weight=30585 8932 21653 4525 166 4359 7400 4329 4407 2132 4137 2197 270 153 113 59 4090 175 3622 3778 105 3915 2743 2353 14253 117 53 1697 1473 2081 47 304 7308 3964 3344 224 76 533 390 879 414 54 2811 1777 48 6945 354 200 154 6591 4232 41 465 3943 2359
internal_count=30585 8932 21653 4525 166 4359 7400 4329 4407 2132 4137 2197 270 153 113 59 4090 175 3622 3778 105 3915 2743 2353 14253 117 53 1697 1473 2081 47 304 7308 3964 3344 224 76 533 390 879 414 54 2811 1777 48 6945 354 200 154 6591 4232 41 465 3943 2359
is_linear=0
shrinkage=0.05


Tree=55
num_leaves=60
num_cat=0
split_feature=5 4 8 3 3 5 0 3 3 4 4 11 0 0 4 4 4 12 12 9 12 12 4 3 8 12 12 12 11 9 8 3 5 6 12 2 5 0 2 2 3 0 12 8 3 6 3 5 5 3 3 12 12 8 3 2 11 12 5
split_gain=4.59382e+07 1.21253e+07 3.52274e+06 4.19973e+06 3.24428e+06 2.99967e+06 2.821e+06 2.70696e+06 2.41479e+06 2.34537e+06 2.09276e+06 1.85225e+06 1.62864e+06 1.46134e+06 1.34414e+06 1.2772e+06 1.25213e+06 1.24025e+06 1.24951e+06 1.21889e+06 1.18021e+06 2.17047e+06 2.29268e+06 1.1599e+06 1.13799e+06 1.12153e+06 1.11185e+06 1.63732e+06 1.09573e+06 1.08864e+06 1.76361e+06 1.46391e+06 943442 826421 976997 630884 629378 628463 651891 616934 677568 562476 498878 468884 431296 835888 480153 423081 398566 355359 305467 294608 255922 233645 194020 160261 143884 139426 125076
threshold=1049.3359823433866 1950.5840221573269 -1.0000000180025095e-35 399.99999999999994 -52.864999999999988 2803.4179486041867 0.4711049549032259 109.37999999999995 698.00500000000022 825.69143666385446 2970.0870861186709 1.0000000180025095e-35 0.57606108203715645 0.46354000387391053 485.96560829532001 2231.5016179326008 1121.1268698485089 14.08067825 10.903688500000003 1.0000000180025095e-35 5.8123637500000003 5.0056112500000003 992.63087228520772 -1227.9999999999998 -0.8783796973249266 14.735917000000002 6.3173413000000007 5.3765740000000006 1.0000000180025095e-35 1.0000000180025095e-35 -1.0000000180025095e-35 749.93500000000017 2231.5016179326008 -0.70710678118654735 6.0474732500000004 1.8073428942465137 667.49923971526641 0.3023167089696065 1.6801335669556734 0.87297218027408441 708.02499999999998 0.4805678920291892 7.4899308000000007 1.0000000180025095e-35 299.89500000000015 -0.37940952255126059 249.98999999999992 3050.8705243132035 360.18953770431773 44.70000000000001 1.0049999999999957 8.9233255000000025 8.4929780000000026 -0.60785761079279388 -18.109999999999982 0.62611208124974138 1.0000000180025095e-35 7.5426510000000011 162.58200991215867
decision_type=2 2 2 2 2 2 2 2 2 2 2 2 2 2 2 2 2 2 2 2 2 2 2 2 2 2 2 2 2 2 2 2 2 2 2 2 2 2 2 2 2 2 2 2 2 2 2 2 2 2 2 2 2 2 2 2 2 2 2
left_child=7 2 4 5 23 11 8 12 10 24 28 -4 14 16 48 -10 39 18 -5 26 21 43 -23 57 -6 -11 27 -8 -3 31 -31 -22 -12 -21 -35 -28 50 49 -39 40 -9 -25 -38 -15 46 -46 -18 -7 51 -16 56 -1 -17 -41 -50 -44 -14 -2 -52
right_child=1 6 3 17 9 47 19 13 15 25 32 -13 36 20 37 52 44 -19 -20 33 29 22 -24 41 -26 -27 35 -29 -30 30 -32 -33 -34 34 -36 -37 42 38 -40 53 -42 -43 55 -45 45 -47 -48 -49 54 -51 58 -53 -54 -55 -56 -57 -58 -59 -60
leaf_value=-2.9588265208174973 -13.434492234876078 4.6079641882226055 1.604251396845324 6.4748073356888671 0.33069922395374463 8.3943895165691007 3.4969396819008725 0.71042387553706732 22.84722529206957 0.85221835483218344 12.916473299916587 -4.1222644713135805 -3.456002330529063 -2.1068214855443541 -0.26355481354019311 11.629074038337258 4.6123252758714886 17.477425440549851 0.23721637158664233 7.5284601249694818 -1.2749886947264646 1.0169050091505052 18.0457583562306 -4.2642212345456718 -9.7110332506742232 7.8997208471133789 11.847455152089779 -9.0521423161414365 -3.0770396137237555 -7.3226191754891339 0.33686406536448388 11.387464890388342 6.8697348108505309 1.6525233713890377 -4.0481804951405369 4.5271110694631931 -14.066694208908082 -1.2915074720296331 3.7487499804863562 -7.0412742789586389 5.7460198980415029 0.14760628237582671 -2.5520140631993615 2.8933475835596933 12.278081115283529 3.5272562006418258 -3.5992379713058478 17.251013259237464 -2.1455977828059596 2.5949193228812013 -3.3634863887849402 -1.5870315101029902 3.9222759645635437 -1.3459777678251268 -1.6062067701237213 -7.6159848621564024 -5.496879310381674 -7.0411411054317767 -0.50957144709648916
leaf_weight=1391 29 2388 3658 522 44 63 160 511 26 2176 73 145 302 202 1070 32 70 21 95 28 185 46 33 264 76 56 50 29 46 193 122 24 680 150 147 78 23 5733 63 25 75 99 31 59 47 67 22 20 2414 119 59 556 20 58 5608 37 135 24 106
leaf_count=1391 29 2388 3658 522 44 63 160 511 26 2176 73 145 302 202 1070 32 70 21 95 28 185 46 33 264 76 56 50 29 46 193 122 24 680 150 147 78 23 5733 63 25 75 99 31 59 47 67 22 20 2414 119 59 556 20 58 5608 37 135 24 106
internal_value=0.00769639 2.55695 1.35203 2.21135 -0.0530114 1.59227 4.80395 -1.46508 5.39965 0.66783 5.18007 1.38386 -1.65054 0.416641 -1.55305 14.0176 1.85489 5.96531 5.51828 1.76707 -1.04083 1.24889 8.40022 -4.11225 -6.08396 1.03595 3.96279 1.49677 4.46032 -2.52563 -4.37266 0.273205 7.48861 -0.385723 -1.17723 7.52494 -4.02423 -1.02071 -1.23545 0.798827 1.37227 -3.06677 -7.88083 -0.963089 5.24383 7.28458 2.61384 10.8843 -1.92577 0.0264059 -3.41708 -2.56912 8.92007 -3.1868 -1.76902 -5.44636 -4.10866 -10.9008 -1.55815
internal_weight=30585 11199 7292 4524 2768 3886 3907 19386 3265 2352 3187 3803 17647 1739 16954 78 875 638 617 642 864 340 79 416 120 2232 317 189 2434 524 315 209 753 325 297 128 693 6985 5796 669 586 363 91 261 206 114 92 83 9969 1189 602 1947 52 83 8022 68 437 53 165
internal_count=30585 11199 7292 4524 2768 3886 3907 19386 3265 2352 3187 3803 17647 1739 16954 78 875 638 617 642 864 340 79 416 120 2232 317 189 2434 524 315 209 753 325 297 128 693 6985 5796 669 586 363 91 261 206 114 92 83 9969 1189 602 1947 52 83 8022 68 437 53 165
is_linear=0
shrinkage=0.05


Tree=56
num_leaves=40
num_cat=0
split_feature=5 4 11 7 1 5 3 3 1 2 1 4 4 5 5 1 4 3 3 6 7 8 5 4 9 3 3 1 5 8 7 4 8 7 1 3 9 5 1
split_gain=4.16266e+07 1.09653e+07 4.53336e+06 5.30127e+06 3.95716e+06 3.26158e+06 2.66458e+06 2.33999e+06 2.04746e+06 2.00799e+06 1.99969e+06 2.15026e+06 1.82412e+06 2.16121e+06 1.82521e+06 1.38955e+06 1.32903e+06 1.27469e+06 1.25592e+06 1.2284e+06 1.2117e+06 1.10012e+06 1.09892e+06 1.05303e+06 979154 944450 827491 749791 1.65956e+06 746403 709898 634313 571588 514716 484428 425775 303238 219476 154849
threshold=1720.0260074008504 992.63087228520772 1.0000000180025095e-35 -0.12940952255126034 0.24704976018373964 2626.1050338120644 -1227.9999999999998 -153.40499999999994 0.053624484105295342 0.87297218027408441 0.060107392327039592 1543.9451096952896 481.48857254716626 1468.1825736499293 1444.143480146038 0.24704976018373964 2273.1114059773076 178.04999999999998 -1227.9999999999998 -0.70710678118654735 -0.37940952255126009 -0.60785761079279388 2019.4196213484609 1106.1013734149151 0.81174490092936691 749.93500000000017 434.00500000000005 0.059528773834004955 1169.3710645709209 1.0000000180025095e-35 0.37940952255126043 158.91771680779286 1.0000000180025095e-35 -0.78656609248549325 0.11902083097981232 -124.03499999999998 0.81174490092936691 71.155737247132606 0.070827248909627563
decision_type=2 2 2 2 2 2 2 2 2 2 2 2 2 2 2 2 2 2 2 2 2 2 2 2 2 2 2 2 2 2 2 2 2 2 2 2 2 2 2
left_child=1 12 4 21 5 8 19 -5 16 -10 11 26 27 14 25 20 -2 -13 24 -3 -12 -4 29 -20 -7 -14 -8 28 37 -9 33 36 -23 -15 -21 -33 -29 -1 -24
right_child=2 6 3 7 -6 18 10 22 9 -11 15 17 13 30 -16 -17 -18 -19 23 34 -22 32 38 -25 -26 -27 -28 31 -30 -31 -32 35 -34 -35 -36 -37 -38 -39 -40
leaf_value=-3.3006203614818981 4.0033608394566613 3.2447888859458596 -20.670790454495339 -11.216919514199962 -11.257877568966006 -3.291377081394196 1.0238182812173864 -3.0500957235608785 8.1216106582414831 2.3941017709478412 -0.66180929434015079 3.0543783768677133 -1.0368701002945633 3.1656591542561854 -13.522792838503575 -8.7810835726668195 7.6319179189498803 7.8191886933489689 14.258191659609478 -5.5619514506902448 1.1360107658868763 -2.4047442973101583 7.7512222948941316 6.3633041757287332 8.032615049225944 2.540814161243893 5.9039707745676457 -5.2427435366969846 9.5673435188742246 8.0337965477837443 0.40605202429222342 -3.8217042067539064 -12.878812765916189 13.014272357661548 -13.963730261267685 -2.0299266517115244 -2.231107631025723 -1.4580157768339044 15.363609043884276
leaf_weight=167 696 21 29 21 39 58 1600 33 162 2394 1486 408 7940 22 27 39 404 216 43 37 2531 25 20 1440 26 187 90 258 32 25 31 357 28 39 39 4888 130 4574 23
leaf_count=167 696 21 29 21 39 58 1600 33 162 2394 1486 408 7940 22 27 39 404 216 43 37 2531 25 20 1440 26 187 90 258 32 25 31 357 28 39 39 4888 130 4574 23
internal_value=0.00762239 -0.852913 3.96108 -3.32672 4.24478 4.3648 0.921027 3.28054 3.54323 2.76318 1.04723 2.21944 -1.46801 -0.912196 -0.998868 0.3777 5.34747 4.72346 6.27466 -7.22019 0.470948 -13.0012 6.45419 6.61112 0.318902 -0.953943 1.29038 -1.90818 -1.44595 1.8359 6.62735 -2.2992 -8.20541 9.67565 -10.1209 -2.15329 -4.25032 -1.52429 12.3249
internal_weight=30585 25119 5466 204 5262 5223 6467 122 3656 2556 6370 2314 18652 8246 8154 4056 1100 624 1567 97 4017 82 101 1483 84 8127 1690 10406 4773 58 92 5633 53 61 76 5245 388 4741 43
internal_count=30585 25119 5466 204 5262 5223 6467 122 3656 2556 6370 2314 18652 8246 8154 4056 1100 624 1567 97 4017 82 101 1483 84 8127 1690 10406 4773 58 92 5633 53 61 76 5245 388 4741 43
is_linear=0
shrinkage=0.05


Tree=57
num_leaves=57
num_cat=0
split_feature=2 2 0 1 7 0 3 1 3 12 1 3 3 8 2 0 7 7 1 12 12 3 12 7 1 0 1 12 8 3 9 1 2 0 11 3 12 9 3 1 12 3 9 0 12 3 0 3 1 3 3 6 0 0 1 12
split_gain=3.2281e+07 9.78576e+06 4.13916e+06 5.12659e+06 2.99803e+06 3.42362e+06 2.99149e+06 2.54758e+06 2.46409e+06 2.28317e+06 2.10315e+06 1.98452e+06 1.95836e+06 2.10581e+06 1.95137e+06 1.89069e+06 1.81044e+06 1.66242e+06 1.64015e+06 1.62307e+06 2.63363e+06 1.54648e+06 1.47357e+06 1.44501e+06 1.27315e+06 1.19339e+06 1.18325e+06 1.17801e+06 1.07039e+06 1.25899e+06 1.18057e+06 1.0522e+06 1.23417e+06 1.01577e+06 1.07728e+06 965087 963570 893684 1.34576e+06 857439 853584 823159 823079 768002 899936 736836 718898 660374 504514 497294 475102 461250 324459 222343 128042 111213
threshold=1.4976901357683527 0.71883602119634704 0.50247997818105761 0.10592229655737891 -0.70710678118654757 0.40981496607995499 749.93500000000017 0.091187769873347993 434.00500000000005 6.9484064500000011 0.074941269561409882 87.590000000000046 -50.005000000000017 -1.0000000180025095e-35 2.4674322294762998 0.3039381004304969 -0.12940952255126034 -0.37940952255126009 0.24704976018373964 4.0661285000000005 7.804930950000001 234.81500000000008 14.286336500000003 -0.5 0.16073202496419656 0.39823680116665666 0.055233735923400369 4.5945386500000014 -1.0000000180025095e-35 1099.9950000000001 1.0000000180025095e-35 0.062158159500752833 0.060841725232787365 0.55822821171919923 1.0000000180025095e-35 290.00500000000017 10.487256750000002 0.81174490092936691 -377.50000000000006 0.13608701970604178 4.7267515500000004 449.00500000000017 0.81174490092936691 0.52982324998091113 5.6664435000000006 199.99000000000015 0.52018132422221652 151.00500000000014 0.16234408796964592 961.81500000000017 -302.10999999999973 0.12940952255126043 0.58570885546523554 0.53849663213565524 0.050905046000759353 5.9596188000000003
decision_type=2 2 2 2 2 2 2 2 2 2 2 2 2 2 2 2 2 2 2 2 2 2 2 2 2 2 2 2 2 2 2 2 2 2 2 2 2 2 2 2 2 2 2 2 2 2 2 2 2 2 2 2 2 2 2 2
left_child=1 11 4 17 5 10 14 8 33 41 21 25 13 16 24 -12 -9 40 27 39 47 -2 23 -10 -6 37 -11 -14 30 51 48 52 -33 42 -35 -32 -16 50 -39 -5 -4 -7 -3 45 -45 -19 -15 -21 -13 -8 -1 -30 -27 -41 -31 -20
right_child=2 7 3 19 6 9 49 12 22 26 15 28 18 46 36 -17 -18 43 55 20 -22 -23 -24 -25 -26 31 -28 -29 29 54 35 32 -34 34 -36 -37 -38 38 -40 53 -42 -43 -44 44 -46 -47 -48 -49 -50 -51 -52 -53 -54 -55 -56 -57
leaf_value=-7.2231345014011161 3.8043148652484513 0.96751939999082703 0.64553168028593066 4.2268525459026476 4.6974946981268166 -1.1261939711020543 11.327504812761356 -9.861714758111372 0.80936363047326521 -2.1282188380408935 5.4247858440739662 1.4187602993372663 1.7496736013793794 0.28887376383413754 6.4320507796194084 -1.3406961321001347 -2.1112945319392198 2.9045662254205453 -5.9149260442907163 -22.449868735778029 2.3457114445079461 10.097695913086921 16.919159951019289 6.9382418500238003 1.1380562239241516 -1.2614334308407029 -13.836781646529836 -0.309492675300098 -0.15410112595943751 12.213868428143588 -1.0376884252112983 -6.1048166660612289 -2.2628668855585263 -1.0119651966071443 -12.054258083196785 -7.21541572666594 11.601357313316377 9.566974006343532 -0.11459442666667413 -2.9130065250396733 -13.416417060520338 10.079282349673186 3.0969128812347044 2.5125127282958282 -7.9682976233440899 9.1778728172995834 -5.6102878864740919 -9.6389024185050616 -4.0827264531453453 22.0876701171875 -1.284077507867317 2.3732739745021378 -3.0507639610759463 -10.325314617986265 6.3338437721671328 -12.328421831997957
leaf_weight=32 364 3809 20 27 2217 63 36 142 169 35 151 316 1051 413 417 316 161 106 20 37 20 134 23 223 285 4185 58 2039 369 20 147 218 4542 150 24 110 120 35 1199 22 21 20 514 188 21 86 57 20 46 23 5069 351 269 21 34 20
leaf_count=32 364 3809 20 27 2217 63 36 142 169 35 151 316 1051 413 417 316 161 106 20 37 20 134 23 223 285 4185 58 2039 369 20 147 218 4542 150 24 110 120 35 1199 22 21 20 514 188 21 86 57 20 46 23 5069 351 269 21 34 20
internal_value=0.00726236 -0.696085 3.7583 -0.168746 4.30378 2.10753 5.11078 0.654927 1.41239 -4.27199 3.27748 -1.39902 -0.298589 -2.54885 4.8868 0.860652 -5.78437 2.52496 0.258417 -8.19339 -13.1139 5.53134 5.08992 4.31348 4.29328 -1.56098 -9.56796 0.391568 0.408434 1.64603 -1.13938 -1.92425 -2.44131 1.0709 -2.65474 -3.71717 7.62597 -1.03216 0.175037 -2.56688 -6.84583 1.74749 1.22202 3.5123 1.39385 5.78016 -0.447287 -18.434 0.701071 16.1089 -1.32415 1.08115 -1.37082 -6.8311 8.87015 -9.55616
internal_weight=30585 25757 4828 589 4239 1141 3098 8815 4912 176 965 16942 3903 773 3039 467 303 442 3130 147 77 498 415 392 2502 15549 93 3090 1393 774 619 9214 4760 4497 174 257 537 6335 1234 70 41 83 4323 401 209 192 470 57 362 59 5101 720 4454 43 54 40
internal_count=30585 25757 4828 589 4239 1141 3098 8815 4912 176 965 16942 3903 773 3039 467 303 442 3130 147 77 498 415 392 2502 15549 93 3090 1393 774 619 9214 4760 4497 174 257 537 6335 1234 70 41 83 4323 401 209 192 470 57 362 59 5101 720 4454 43 54 40
is_linear=0
shrinkage=0.05


Tree=58
num_leaves=60
num_cat=0
split_feature=5 5 4 1 0 3 1 0 7 1 4 3 13 3 3 13 4 4 13 13 0 0 4 7 4 3 3 1 13 5 13 7 0 13 0 0 3 7 1 4 9 9 5 10 13 3 1 0 1 0 13 3 13 3 0 0 3 1 1
split_gain=3.45636e+07 6.43326e+06 3.99835e+06 3.66198e+06 3.24465e+06 2.07006e+06 1.94866e+06 1.9322e+06 2.19267e+06 1.8934e+06 2.54326e+06 1.88049e+06 1.67731e+06 1.6367e+06 1.63209e+06 1.42443e+06 1.38383e+06 1.25294e+06 2.21593e+06 1.734e+06 1.19665e+06 1.17139e+06 1.15983e+06 1.15552e+06 1.15333e+06 1.10474e+06 1.09127e+06 1.07863e+06 1.07292e+06 1.06786e+06 1.05142e+06 819279 969588 902150 814147 784125 759319 753570 688871 783207 653416 648386 600908 545034 755206 547720 510892 429048 647896 422108 490362 419072 411752 341943 288371 210388 188919 187561 154555
threshold=1308.4361375932579 1873.4163097475914 634.69102500918314 0.08601658294058849 0.50247997818105761 -0.99500000000000444 0.1969881678844059 0.48949660057057454 -0.60355339059327384 0.16412451633533634 1433.9411256865305 961.81500000000017 11.491747500000001 399.99999999999994 450.00000000000011 15.059942000000001 1273.3079118111889 2199.3054585573159 8.7919440000000026 8.145146500000001 0.35207060973637705 0.53849663213565524 1444.143480146038 0.96592582628906831 2863.635411009132 -699.9849999999999 749.93500000000017 0.05307417067330545 9.741496500000002 3199.5985812441477 12.623879500000003 -0.60355339059327384 0.44690705193421881 8.9606320000000022 0.5482539684466281 0.45366336749553832 115.01000000000012 -0.9159756150367534 0.06415770680355494 313.36243140441212 1.0000000180025095e-35 1.0000000180025095e-35 897.8655247089365 1.0000000180025095e-35 7.399533850000001 -188.14999999999998 0.055680606748290042 0.50247997818105761 0.051968590424222284 0.28385721731658087 5.0205455000000008 850.00500000000011 9.3346800000000023 0.13999999999992954 0.60973264683422246 0.30083340108675849 -377.50000000000006 0.17754724334573557 0.10443405087852671
decision_type=2 2 2 2 2 2 2 2 2 2 2 2 2 2 2 2 2 2 2 2 2 2 2 2 2 2 2 2 2 2 2 2 2 2 2 2 2 2 2 2 2 2 2 2 2 2 2 2 2 2 2 2 2 2 2 2 2 2 2
left_child=2 6 38 12 5 37 11 8 52 10 15 17 22 16 24 35 -6 19 -19 -2 53 -17 46 25 -14 -12 -15 -24 -10 -7 40 32 -22 -33 -16 -4 -25 -5 42 43 -9 -13 49 45 -45 -40 -3 48 -44 50 -1 56 -8 57 -51 -55 -41 -11 -53
right_child=1 3 9 4 13 29 7 30 28 20 23 41 14 26 34 21 -18 18 -20 -21 31 -23 27 36 -26 -27 -28 -29 -30 -31 -32 33 -34 -35 -36 -37 -38 -39 39 51 -42 -43 47 44 -46 -47 -48 -49 -50 54 -52 58 -54 55 -56 -57 -58 -59 -60
leaf_value=5.3388415395296533 3.0404751353938568 7.3055047221978517 -0.12002858710311659 -6.0796880248876723 -0.42864119493044339 3.4762550077109071 -12.515015593497985 -5.7109075229818176 9.2011595515815578 1.7777713153839114 -5.9662262149860981 5.5634364496428397 2.0562684917007323 9.5569406177151581 10.711132088747894 1.3575439560978118 -11.02487309296926 0.36334720411816163 9.2556334549939194 0.56591235712834032 -3.775647588558495 11.601833460906455 7.30699419210623 4.4840128483695372 6.1900119695663456 2.8238933367687604 -4.8807268233921226 4.4519111235331232 0.023634588795323527 9.7509908791383122 -1.9773761781964987 2.5985759601172282 -14.102219644847668 -3.6814609672776863 0.15963925202687584 -1.4362550523064148 17.25074859944257 0.4543757034327886 4.8737447761495911 0.94866914118253287 -18.05340415596962 17.774277122237464 8.3056257008446579 2.0501866474151611 -6.6170321605966977 -2.8596612228019631 18.606101741790773 -3.2514248119701046 -2.0098485835393269 -1.2628467001121175 -1.1261615734503552 0.0013201765580610797 -2.9349208450317388 2.9728781526565555 -3.2849904605549769 -3.1108509813655512 -1.7785553902162183 8.1764753367350647 6.0115916218964962
leaf_weight=50 938 22 3681 50 50 1421 29 20 47 23 36 27 742 29 108 779 79 146 133 2873 62 27 775 29 218 643 21 602 91 70 33 66 36 373 22 1632 20 290 22 63 30 20 43 28 189 627 26 20 22 6656 66 20 20 23 180 31 6161 24 21
leaf_count=50 938 22 3681 50 50 1421 29 20 47 23 36 27 742 29 108 779 79 146 133 2873 62 27 775 29 218 643 21 602 91 70 33 66 36 373 22 1632 20 290 22 63 30 20 43 28 189 627 26 20 22 6656 66 20 20 23 180 31 6161 24 21
internal_value=0.00690917 2.6236 -1.07264 3.94755 2.35289 2.98163 1.26303 -2.8384 0.00273065 -0.137793 0.105272 1.53195 5.21913 -4.04033 3.73053 -0.227447 -6.98709 1.41455 4.63805 1.17625 -2.73855 1.72859 6.35095 2.89482 3.0059 2.34169 3.53853 6.06707 3.23614 3.78351 -9.08902 -3.67602 -7.77531 -2.7298 8.95501 -0.524725 10.1672 -0.536436 -1.56643 -1.91299 -13.526 11.273 -1.21479 -3.3227 -5.49015 -2.58334 13.9262 2.91926 4.85838 -1.26616 1.70369 -1.71713 -8.87331 2.2204 -1.31704 -0.505913 -1.75065 5.24567 3.21629
internal_weight=30585 8932 21653 4525 2010 1831 4407 270 187 7485 6847 4137 2515 179 1090 6119 129 4090 279 3811 638 806 1425 728 960 679 50 1377 138 1491 83 537 98 439 130 5313 49 340 14168 7131 50 47 7037 866 217 649 48 85 65 6952 116 6265 49 101 6836 54 6224 47 41
internal_count=30585 8932 21653 4525 2010 1831 4407 270 187 7485 6847 4137 2515 179 1090 6119 129 4090 279 3811 638 806 1425 728 960 679 50 1377 138 1491 83 537 98 439 130 5313 49 340 14168 7131 50 47 7037 866 217 649 48 85 65 6952 116 6265 49 101 6836 54 6224 47 41
is_linear=0
shrinkage=0.05


Tree=59
num_leaves=57
num_cat=0
split_feature=5 4 13 5 7 0 0 3 0 9 3 7 0 3 3 3 13 6 2 0 0 12 5 3 7 5 5 0 7 12 2 7 9 9 10 5 2 5 2 5 9 0 3 5 12 7 0 3 5 9 0 3 3 2 12 0
split_gain=3.12971e+07 8.26261e+06 3.24531e+06 2.96049e+06 2.24144e+06 4.32107e+06 2.50718e+06 1.95125e+06 1.93329e+06 2.80006e+06 2.3222e+06 1.86037e+06 4.33224e+06 1.79174e+06 1.60468e+06 1.57096e+06 1.56654e+06 1.51076e+06 1.38933e+06 1.32451e+06 1.27154e+06 1.24826e+06 1.72395e+06 1.21089e+06 1.17142e+06 1.16413e+06 1.11113e+06 966150 949842 1.07783e+06 1.44059e+06 880537 1.41233e+06 804600 787451 752691 725767 700552 696179 595221 592437 473966 612645 487500 441824 388538 333122 286908 271965 253806 253568 182766 156029 136316 97129 78738.5
threshold=1049.3359823433866 2055.8953207150594 2.7356209500000004 2475.030458788719 -0.70710678118654757 0.40981496607995499 0.4711049549032259 109.37999999999995 0.48170589843767903 -0.56174490092936669 150.00500000000002 -0.37940952255126009 0.44912654535751489 249.98999999999992 298.97000000000008 485.01000000000005 6.4616890000000007 -0.60355339059327362 1.8073428942465137 0.37735491119627057 0.57606108203715645 9.3313510000000015 1860.6573161070698 708.02499999999998 -0.9829629131445341 3199.5985812441477 221.66253622007531 0.34910156541691056 0.96592582628906831 5.0056112500000003 0.81112218353311982 -0.5 0.81174490092936691 1.0000000180025095e-35 1.0000000180025095e-35 910.35760903550988 1.6299845065500593 2131.9594740145162 1.7263873213943486 667.49923971526641 -0.22252093395631442 0.46354000387391053 234.81500000000008 680.58438609036352 7.4899308000000007 -0.60355339059327384 0.43091317154648795 1.0049999999999957 527.72862677927287 0.81174490092936691 0.51698655354599754 -116.63 15.000000000000016 0.62611208124974138 3.7999710000000007 0.35528021096887835
decision_type=2 2 2 2 2 2 2 2 2 2 2 2 2 2 2 2 2 2 2 2 2 2 2 2 2 2 2 2 2 2 2 2 2 2 2 2 2 2 2 2 2 2 2 2 2 2 2 2 2 2 2 2 2 2 2 2
left_child=7 2 34 14 5 15 23 20 9 -5 -10 12 26 50 19 24 -15 -16 38 -4 27 22 -7 25 -3 -6 33 35 41 54 -31 32 -29 -9 52 48 -33 -20 -8 45 -28 42 -13 -43 -41 51 -23 -47 -1 -37 -14 -22 -2 -46 -30 -17
right_child=1 4 3 8 6 21 18 11 10 -11 -12 28 13 16 17 55 -18 -19 37 -21 39 46 -24 -25 -26 -27 40 31 29 30 -32 36 -34 -35 -36 49 -38 -39 -40 44 -42 43 -44 -45 53 47 -48 -49 -50 -51 -52 -53 -54 -55 -56 -57
leaf_value=-1.1213590368690844 10.386842966568777 -4.1038032639026643 1.3723758010029599 -5.3794325679057353 5.131251534047216 9.2162351833690295 2.1908056399628926 14.221936142261212 -11.129354396146887 9.5465453084843244 8.5321789430688924 0.92629827539372889 1.4186022458177934 -0.35613759882309859 -0.3990190293820699 13.368778200149535 -12.797767150460221 3.2684733766898391 3.1220436046620801 -0.13424124572804791 -9.5247212982177736 -8.3182669728377761 -7.7649708678367295 14.535619281377548 3.2908773815339689 9.2335398597741616 -1.5711910634756088 -2.6137029032861432 3.7717198538780217 3.4663847802480063 20.467713233629865 -1.2964835762383309 0.88349417875670344 1.7486895107400828 4.22977534251969 1.3669937639184049 4.8096319825308669 -1.0139731986522675 11.616077638318142 -13.018026085662843 1.9490806076853884 2.2348294438797387 5.6619797690446712 -0.68387623235375772 -2.2651083372217236 -2.9217405839193438 -17.824408022009809 -0.12986729709676995 -0.29175163027421314 5.7116360044479366 -4.0077130721807483 -4.2993828503920781 17.308225195958066 -6.9241917859590973 -0.38781977165171078 8.1212403213977815
leaf_weight=2460 37 57 2604 35 1781 20 35 24 32 231 25 159 45 32 373 29 121 1129 167 3313 20 27 45 37 610 194 223 2718 22 28 22 9534 322 27 39 180 47 258 46 23 253 236 119 357 31 334 21 127 1653 40 38 121 24 37 33 30
leaf_count=2460 37 57 2604 35 1781 20 35 24 32 231 25 159 45 32 373 29 121 1129 167 3313 20 27 45 37 610 194 223 2718 22 28 22 9534 322 27 39 180 47 258 46 23 253 236 119 357 31 334 21 127 1653 40 38 121 24 37 33 30
internal_value=0.0068528 2.11101 1.22185 1.10481 4.18611 1.94151 4.93188 -1.20878 5.77622 7.55709 -2.50889 0.388801 -1.45867 -7.05829 0.899934 3.36018 -10.2338 2.35838 1.77683 0.529041 -1.36623 -7.07298 -2.42077 5.72279 2.64856 5.54315 1.06613 -1.28011 1.83312 6.28196 11.4466 -1.50128 -2.24294 7.93372 10.0836 -0.635513 -1.26553 0.618237 7.69442 -3.46345 0.300194 1.28364 2.97942 0.481299 -7.20702 -2.87556 -13.0239 -2.15651 -0.788248 2.20129 -1.10152 -5.16345 13.5731 -4.92567 1.34987 11.0544
internal_weight=30585 11199 7842 7742 3357 839 2518 19386 323 266 57 1739 763 236 7419 726 153 1502 506 5917 17647 113 65 2012 667 1975 527 16954 976 105 50 12621 3040 51 100 4333 9581 425 81 693 476 871 278 593 91 602 48 461 4113 220 83 141 61 68 55 59
internal_count=30585 11199 7842 7742 3357 839 2518 19386 323 266 57 1739 763 236 7419 726 153 1502 506 5917 17647 113 65 2012 667 1975 527 16954 976 105 50 12621 3040 51 100 4333 9581 425 81 693 476 871 278 593 91 602 48 461 4113 220 83 141 61 68 55 59
is_linear=0
shrinkage=0.05


Tree=60
num_leaves=50
num_cat=0
split_feature=4 4 1 6 3 8 7 8 1 2 4 13 1 2 4 0 3 2 4 9 0 7 3 13 7 13 8 3 7 13 1 11 3 2 2 2 13 13 4 0 7 1 3 8 3 4 3 6 0
split_gain=2.78453e+07 5.61215e+06 4.41466e+06 3.235e+06 3.16881e+06 3.31231e+06 4.3397e+06 2.67922e+06 2.33431e+06 2.05926e+06 2.0365e+06 1.97897e+06 1.70418e+06 1.62466e+06 1.59114e+06 1.46786e+06 1.45418e+06 1.32878e+06 1.73606e+06 1.32215e+06 1.28934e+06 1.1426e+06 990232 846159 1.25169e+06 843560 787759 1.36432e+06 1.13451e+06 898132 1.02768e+06 825306 1.10889e+06 760771 608113 592879 582159 551454 517305 508806 427065 357490 346846 323930 313664 342779 204308 169592 70562.4
threshold=1603.25204566808 634.69102500918314 0.055680606748290042 -0.70710678118654735 199.00000000000009 -0.60785761079279388 1.0000000180025095e-35 0.6078576107927941 0.24704976018373964 1.3470436256828324 1821.205440764641 11.998209000000001 0.1969881678844059 1.3470436256828324 3105.7539177504273 0.45924321943375285 400.00000000000017 1.3470436256828324 2475.030458788719 0.81174490092936691 0.41083225113847138 0.98296291314453432 397.00500000000017 5.872769850000001 -0.37940952255126009 12.623879500000003 -0.60785761079279388 269.00500000000005 -0.12940952255126034 7.1829342000000009 0.15926292198568234 1.0000000180025095e-35 -337.56999999999988 0.060841725232787365 0.52437865525873428 2.1325599351779121 5.4023543000000016 14.340171500000002 281.04718562976774 0.40574566311753929 1.0000000180025095e-35 0.15766350866793591 188.04500000000016 1.0000000180025095e-35 -139.25499999999997 488.25712301878809 300.02500000000038 -0.78656609248549292 0.5142259953461642
decision_type=2 2 2 2 2 2 2 2 2 2 2 2 2 2 2 2 2 2 2 2 2 2 2 2 2 2 2 2 2 2 2 2 2 2 2 2 2 2 2 2 2 2 2 2 2 2 2 2 2
left_child=1 26 17 10 5 6 -5 12 9 11 13 19 -6 -4 -7 20 -13 40 23 -3 -12 35 -9 39 -25 48 28 31 29 41 -31 32 -28 -33 38 -20 -15 47 -29 -19 42 -1 -2 -39 45 -30 -46 -11 -10
right_child=2 8 3 4 7 14 -8 22 25 37 15 16 -14 36 -16 -17 -18 18 21 -21 -22 -23 -24 24 -26 -27 27 34 44 30 -32 33 -34 -35 -36 -37 -38 43 -40 -41 -42 -43 -44 -45 46 -47 -48 -49 -50
leaf_value=-1.5696498914602564 19.726390531713314 -0.57817558036164163 8.6877978677749628 -8.4087524520912957 2.4849439038512346 0.6999254075251824 1.1777498886887163 4.793659883703504 -9.0468636434728449 -3.9273030641216504 5.3260042581325138 0.88661838484774358 -6.4434013402873065 3.8539558048546319 8.7893299014493831 14.445879453756872 4.3759611045725562 7.8243580973068347 9.6000204160078528 1.7694596173860082 0.89350808480717969 15.993979574634182 11.189364477848187 0.43095347501359127 4.0892816619231773 -2.2343179406839258 5.1528165302276614 0.74567857755741618 -6.3968583498293894 -3.2254048417571712 -8.6367643360793593 -8.0039755112103048 -1.1661189707089352 -2.3928137537962253 -3.5519780395876981 5.473096817778818 -4.7471232828573013 -3.3495149816513066 6.3865850773896327 0.22615495818001885 5.9300443568053076 4.9259236582842743 9.0066717840277626 3.6303033245086676 -1.0053631488675399 0.33564651595056061 -5.0402097154781229 -7.8589867237712561 -15.668899175326031
leaf_weight=638 20 4818 33 243 692 1224 227 138 20 50 893 3841 56 22 62 37 322 147 104 683 202 29 114 343 736 32 68 69 55 1155 94 68 9567 474 29 658 117 48 99 26 25 20 21 23 2076 28 30 87 22
leaf_count=638 20 4818 33 243 692 1224 227 138 20 50 893 3841 56 22 62 37 322 147 104 683 202 29 114 343 736 32 68 69 55 1155 94 68 9567 474 29 658 117 48 99 26 25 20 21 23 2076 28 30 87 22
internal_value=0.00678101 -0.751597 3.0076 2.04191 1.06966 -0.210352 -3.79329 3.31329 0.162736 0.229893 4.09197 0.336268 1.80111 -0.967413 1.10297 4.86107 1.15849 4.86295 4.62808 -0.286157 4.51144 6.46364 7.7523 3.45992 2.9293 -8.5666 -1.38 -1.14777 -1.96733 -2.85863 -3.64583 -1.22774 -1.12046 -3.12364 2.95416 6.06001 -3.35041 -4.66854 4.10584 6.6981 11.7832 -1.35788 14.9102 -1.05087 -1.18895 -4.17114 -1.06757 -6.50126 -13.0702
internal_weight=30585 24416 6169 4060 2756 1756 470 1000 9946 9872 1304 9664 748 172 1286 1132 4163 2109 2043 5501 1095 791 252 1252 1079 74 14470 10374 4096 1907 1249 10177 9635 542 197 762 139 208 168 173 66 658 41 71 2189 83 2106 137 42
internal_count=30585 24416 6169 4060 2756 1756 470 1000 9946 9872 1304 9664 748 172 1286 1132 4163 2109 2043 5501 1095 791 252 1252 1079 74 14470 10374 4096 1907 1249 10177 9635 542 197 762 139 208 168 173 66 658 41 71 2189 83 2106 137 42
is_linear=0
shrinkage=0.05


Tree=61
num_leaves=60
num_cat=0
split_feature=5 1 12 5 12 0 4 7 0 5 3 6 2 4 2 8 3 7 0 7 0 3 12 2 5 8 0 2 4 0 12 0 12 8 0 7 1 0 1 3 12 1 5 2 1 1 2 1 1 0 5 8 3 1 12 2 1 7 12
split_gain=2.59148e+07 4.99627e+06 5.07793e+06 3.74399e+06 3.35984e+06 3.7362e+06 2.99615e+06 2.82308e+06 4.31492e+06 2.80046e+06 1.96249e+06 1.86374e+06 1.68055e+06 1.62896e+06 1.61878e+06 1.5712e+06 1.55163e+06 1.45413e+06 1.90198e+06 1.44329e+06 3.42831e+06 1.53346e+06 2.52391e+06 1.50133e+06 1.43458e+06 1.42779e+06 1.34065e+06 1.30727e+06 1.1904e+06 1.16302e+06 1.09827e+06 1.05942e+06 972226 953116 1.4398e+06 911148 874021 802335 791715 762902 1.07751e+06 773180 744891 721565 625975 481750 414464 429234 470175 358676 370261 343648 297918 272714 229390 221361 217826 213281 95729.3
threshold=1308.4361375932579 0.11421608886533151 9.3995012500000019 2273.1114059773076 4.2910710000000005 0.48949660057057454 1053.7360194662817 -0.37940952255126009 0.3952491753362673 2626.1050338120644 269.00500000000005 0.25881904510252091 2.2824269971427964 1456.0179500695344 2.2416948270893884 1.0000000180025095e-35 -377.50000000000006 -0.37940952255126009 0.41083225113847138 -0.37940952255126009 0.44912654535751489 276.16000000000014 4.6401486000000007 1.8073428942465137 1133.1627061669908 0.6078576107927941 0.53476337928950091 1.2524231056641475 466.16131816231001 0.47225895453051486 8.7945025000000019 0.34000396262040961 10.804491000000001 -0.8783796973249266 0.53476337928950091 -0.9829629131445341 0.17248759455961213 0.31487883898823416 0.076502042035304821 749.93500000000017 13.961301000000002 0.067477736225598883 910.35760903550988 1.8073428942465137 0.12518859740352525 0.13921441832033407 0.97863307222192453 0.11733491081238621 0.099688937576168118 0.51698655354599754 5.4797389898598938 -1.0000000180025095e-35 -0.20500000000001248 0.03544809761222794 6.7407712000000011 0.48274325702377002 0.12076151691036274 -0.60355339059327384 10.537016500000002
decision_type=2 2 2 2 2 2 2 2 2 2 2 2 2 2 2 2 2 2 2 2 2 2 2 2 2 2 2 2 2 2 2 2 2 2 2 2 2 2 2 2 2 2 2 2 2 2 2 2 2 2 2 2 2 2 2 2 2 2 2
left_child=6 3 4 10 33 9 28 8 11 -6 14 -4 13 -9 26 -10 46 18 -12 20 23 36 -23 -18 -22 -7 -2 30 49 35 38 -19 -16 45 -35 -29 -21 42 -5 41 -41 -39 55 -31 -44 -3 56 48 -48 50 -1 -49 54 -52 -51 -30 -8 -54 -14
right_child=1 2 7 27 5 25 16 12 15 -11 17 -13 58 -15 32 -17 19 31 -20 21 24 22 -24 -25 -26 -27 -28 29 37 43 -32 -33 -34 34 -36 -37 -38 39 -40 40 -42 -43 44 -45 -46 -47 47 51 -50 52 53 -53 57 -55 -56 -57 -58 -59 -60
leaf_value=4.3045673036575316 1.7170099371232326 1.0118931415806647 0.3279053036889365 8.1031508375469006 -2.8887463749678153 -10.449282424305823 3.6270780764204087 10.577035320138421 -13.370012609890532 3.589045485019684 3.7805805423685488 9.4516559490404628 9.9730350958782683 3.4105120494334593 11.704435033490581 1.7986351974805197 0.40664618505213845 15.208666252136229 -4.925269861515658 1.5711052918483857 -8.6476238522804412 -0.86228606415729903 9.2354449375519856 13.61994430021806 3.8118958914279939 -0.015284995124453591 -2.8882335610803729 -3.7949168178952974 0.80353255895831222 5.6188234610371772 2.0192331443627678 5.4053903779955208 -0.68075259333071503 1.7422607123761467 -9.3490255431206002 5.2505393070908974 -2.83368166445424 -0.62447387276759381 19.559232973210953 0.74909676325939056 12.553764595551925 -1.5754845260553183 5.5240323389718933 -0.10080742201026605 -2.6321687904480968 10.226153376153176 -3.7212377088743711 -11.217650261561076 2.6565243584400902 -3.7560742883310159 -0.86692347801450631 -3.8966511340574783 -3.0911935263741945 -1.6550542725371209 -2.0664068865603338 -0.49000093340621736 -2.2671556638081873 -1.2742685025670348 17.253033245849608
leaf_weight=26 3014 21 213 36 690 180 31 91 68 218 278 74 21 573 60 22 951 28 79 1242 152 100 159 20 26 40 165 27 446 75 28 498 21 526 29 1563 122 4400 32 162 20 4162 103 194 29 45 136 28 35 428 1440 42 204 4719 397 1262 28 783 23
leaf_count=26 3014 21 213 36 690 180 31 91 68 218 278 74 21 573 60 22 951 28 79 1242 152 100 159 20 26 40 165 27 446 75 28 498 21 526 29 1563 122 4400 32 162 20 4162 103 194 29 45 136 28 35 428 1440 42 204 4719 397 1262 28 783 23
internal_value=0.0066565 2.27243 0.537269 3.0784 -1.12954 -2.75384 -0.928114 3.22128 -0.274124 -1.32903 2.22552 2.72952 5.07807 4.42149 1.65732 -9.70357 0.518105 4.31477 1.83736 0.888323 -0.467258 1.8474 5.35996 0.706246 -6.80553 -8.56944 1.47632 4.88168 -1.16725 4.57814 10.5461 5.98288 8.55437 1.82023 1.13122 5.09236 1.17355 -0.819116 13.8991 -1.01878 2.16869 -1.08702 0.129773 1.52357 3.71956 7.41041 -2.88592 -3.79929 -2.4002 -1.62768 -1.44546 -7.05538 -2.24736 -1.47113 -2.94996 -0.15168 0.847113 -1.6553 14.3633
internal_weight=30585 8932 2834 6098 1749 1128 21653 1085 377 908 4143 287 708 664 3260 90 3072 883 357 2772 1149 1623 259 971 178 220 3179 1955 18581 1859 96 526 81 621 555 1590 1364 10584 68 8744 182 8562 1840 269 132 66 300 241 171 7997 6185 70 1812 6159 825 1708 59 987 44
internal_count=30585 8932 2834 6098 1749 1128 21653 1085 377 908 4143 287 708 664 3260 90 3072 883 357 2772 1149 1623 259 971 178 220 3179 1955 18581 1859 96 526 81 621 555 1590 1364 10584 68 8744 182 8562 1840 269 132 66 300 241 171 7997 6185 70 1812 6159 825 1708 59 987 44
is_linear=0
shrinkage=0.05


Tree=62
num_leaves=57
num_cat=0
split_feature=4 1 4 3 4 0 3 1 1 1 12 0 12 4 10 3 3 12 12 3 12 12 12 3 2 4 12 2 10 3 3 11 3 2 1 1 3 0 3 3 1 2 4 3 13 3 3 1 11 12 3 4 3 12 1 0
split_gain=2.29646e+07 4.10838e+06 3.85947e+06 2.46158e+06 2.22027e+06 2.74816e+06 2.22815e+06 1.99975e+06 1.77804e+06 1.65661e+06 1.66306e+06 1.56139e+06 1.49868e+06 1.49398e+06 1.19716e+06 2.25246e+06 1.77008e+06 1.16683e+06 1.13527e+06 1.1509e+06 1.07271e+06 935624 1.34829e+06 798712 778775 955861 761904 694140 693675 1.17406e+06 975854 725447 983480 659558 621355 617733 686178 600976 1.34001e+06 559277 601298 553787 588568 511848 467859 459300 391638 375557 366705 363263 335070 334079 318560 246393 183508 14051
threshold=1482.3342046304681 0.060107392327039592 634.69102500918314 -438.74499999999995 1950.5840221573269 0.4711049549032259 698.00500000000022 0.14844847440593664 0.24704976018373964 0.12613978437322179 9.0393680000000014 0.5807555267335488 15.288784250000001 2475.030458788719 1.0000000180025095e-35 -699.9849999999999 900.00500000000011 2.5061687000000004 12.161276250000002 961.81500000000017 5.4516483000000013 7.2765186000000002 8.8613665000000008 -1504.4999999999998 2.1661870192782646 2895.5032941072968 5.0936638000000007 1.3470436256828324 1.0000000180025095e-35 269.00500000000005 -139.25499999999997 1.0000000180025095e-35 -337.56999999999988 0.060841725232787365 0.10592229655737891 0.12518859740352525 -337.56999999999988 0.3253871199329888 248.99999999999997 78.950000000000031 0.11902083097981232 0.50536918580638324 281.04718562976774 298.97000000000008 7.927927050000001 350.00000000000017 -1227.9999999999998 0.02234664207335978 1.0000000180025095e-35 13.093436500000001 -298.96999999999997 158.91771680779286 99.990000000000137 8.7945025000000019 0.085342893742613321 0.5142259953461642
decision_type=2 2 2 2 2 2 2 2 2 2 2 2 2 2 2 2 2 2 2 2 2 2 2 2 2 2 2 2 2 2 2 2 2 2 2 2 2 2 2 2 2 2 2 2 2 2 2 2 2 2 2 2 2 2 2 2
left_child=2 13 28 9 12 6 -6 -7 11 21 17 14 20 18 16 -16 -4 -11 19 27 -5 46 -23 -12 49 53 -10 -2 29 31 35 32 -1 -33 -14 36 -30 38 -20 48 -41 42 -31 51 -45 -27 -3 -39 -13 52 -37 -32 -15 -26 -43 -28
right_child=1 3 8 4 5 7 -8 -9 26 10 23 39 34 24 15 -17 -18 -19 37 -21 -22 22 -24 -25 25 45 55 -29 30 41 43 33 -34 -35 -36 50 -38 47 -40 40 -42 54 -44 44 -46 -47 -48 -49 -50 -51 -52 -53 -54 -55 -56 -57
leaf_value=4.9043472039018354 4.8586162803854265 -5.6846087277189215 0.48123776860024448 2.1873610276622046 3.4600147587080929 0.9091673989089808 12.640502061982088 -8.4354518037299595 -0.59868231259859517 0.46943905035654709 -7.9521246850932075 -4.580744453814992 14.617119161653518 7.2724659983317057 -8.297889931354117 -0.40762286891674027 7.1868581463217742 -12.473655600842136 3.7537870608205384 13.208155305385588 -0.50710951495925627 10.975386189764196 0.052684755325317391 2.0784506069183353 3.8293937864881573 6.8509363567926158 -8.4607164044813672 2.0634606464678833 4.1837913705207983 0.75165401102791385 -4.0423152778332048 -7.4250415627190041 -1.0462881902845469 -2.2009396989205308 3.686240366137389 -13.143658752441405 -4.8574874258863519 10.538637530586936 16.62474589574337 0.57646218198140464 -8.1428387613649722 1.0774724720001221 6.9917512718509229 0.25086875355761989 -8.7023822506945177 -0.11142626585783783 -0.22736340607915606 3.284408226172129 -11.570905740188829 3.5053158483011972 -5.3258327435084754 -1.4561646629353888 12.916950397945588 0.6585562065804359 -5.0958187508583075 -13.435833792319665
leaf_weight=68 271 45 6264 549 1786 264 67 71 24 22 25 55 23 61 92 2405 98 79 44 24 1119 42 79 73 163 428 20 1240 24 69 128 68 9567 474 31 29 114 20 38 73 25 23 83 21 45 25 110 118 31 27 33 3702 61 99 22 24
leaf_count=68 271 45 6264 549 1786 264 67 71 24 22 25 55 23 61 92 2405 98 79 44 24 1119 42 79 73 163 428 20 1240 24 69 128 68 9567 474 31 29 114 20 38 73 25 23 83 21 45 25 110 118 31 27 33 3702 61 99 22 24
internal_value=0.00667239 2.52018 -0.740038 1.58314 1.99607 3.0524 3.80523 -1.10963 0.0660973 -1.81001 -5.26327 0.127517 0.651882 4.08668 0.222657 -0.704744 0.586758 -9.69995 3.24206 2.75383 0.381294 0.699778 3.96089 -0.588186 5.79084 5.07847 -7.87205 2.57054 -1.24756 -1.02966 -1.79867 -1.10384 -1.00328 -2.88126 8.69784 -5.19085 -3.24775 6.59305 9.97225 -4.40629 -1.76617 2.77542 4.20566 -1.62196 -5.92996 6.46789 -1.86399 4.47131 -7.30622 9.09667 -9.2791 -1.54466 10.2576 2.64534 -2.02889 -11.6407
internal_weight=30585 7004 23581 4385 3910 2188 1853 335 9111 475 199 9043 1722 2619 8859 2497 6362 101 1755 1535 1668 276 121 98 864 715 68 1511 14470 10374 4096 10177 9635 542 54 200 138 220 82 184 98 197 152 3896 66 453 155 138 86 149 62 3830 122 262 45 44
internal_count=30585 7004 23581 4385 3910 2188 1853 335 9111 475 199 9043 1722 2619 8859 2497 6362 101 1755 1535 1668 276 121 98 864 715 68 1511 14470 10374 4096 10177 9635 542 54 200 138 220 82 184 98 197 152 3896 66 453 155 138 86 149 62 3830 122 262 45 44
is_linear=0
shrinkage=0.05


Tree=63
num_leaves=56
num_cat=0
split_feature=5 5 11 7 1 9 7 3 1 13 7 12 8 3 3 5 8 7 8 13 3 3 3 1 1 3 8 5 12 3 8 12 9 1 3 3 1 5 5 1 5 1 3 12 9 8 3 3 12 5 7 3 5 11 8
split_gain=2.15435e+07 5.6891e+06 3.05952e+06 4.40128e+06 2.48569e+06 2.41345e+06 3.47356e+06 2.45451e+06 2.02543e+06 2.39837e+06 3.64748e+06 2.92216e+06 2.51976e+06 1.94882e+06 1.45718e+06 1.31838e+06 2.27188e+06 1.26576e+06 1.91536e+06 1.85706e+06 2.02547e+06 1.5101e+06 976492 931642 861079 1.25868e+06 1.72109e+06 817464 873563 810114 1.50158e+06 1.25075e+06 801160 1.00623e+06 662933 643550 637485 552483 527077 533878 707601 482544 1.18396e+06 649516 469778 392743 347361 428880 339463 282187 215332 199846 180955 135796 91508.6
threshold=1049.3359823433866 1873.4163097475914 1.0000000180025095e-35 -0.37940952255126009 0.24704976018373964 0.81174490092936691 -0.12940952255126034 -638.51999999999987 0.10512061028448023 8.5443190000000016 -0.5 4.6844635000000006 -0.60785761079279388 290.00500000000017 64.395000000000024 2019.4196213484609 1.0000000180025095e-35 1.0000000180025095e-35 -0.60785761079279388 6.927061000000001 618.47500000000002 249.98999999999992 -5.0049999999999946 0.13815152223009083 0.13608701970604178 -377.50000000000006 -1.0000000180025095e-35 331.65594811364673 7.9717285500000008 195.01000000000013 -1.0000000180025095e-35 4.7267515500000004 1.0000000180025095e-35 0.026450208064807433 249.98999999999992 200.79999999999998 0.09309560922158179 71.155737247132606 481.44663607983904 0.060107392327039592 910.35760903550988 0.060671807164413907 60.005000000000003 13.170073500000003 1.0000000180025095e-35 -0.60785761079279388 -377.50000000000006 -139.25499999999997 3.3427336500000004 760.68530835330012 -0.78656609248549325 -699.9849999999999 797.26146197971877 1.0000000180025095e-35 1.0000000180025095e-35
decision_type=2 2 2 2 2 2 2 2 2 2 2 2 2 2 2 2 2 2 2 2 2 2 2 2 2 2 2 2 2 2 2 2 2 2 2 2 2 2 2 2 2 2 2 2 2 2 2 2 2 2 2 2 2 2 2
left_child=14 8 4 23 5 7 -7 -3 32 10 12 22 -10 -13 24 16 -5 18 19 20 -16 -21 -11 -4 38 26 51 28 -27 53 31 -31 33 35 -12 -2 -32 -20 46 40 -40 42 -34 -43 -17 -35 -1 -48 -41 -29 -39 -26 -28 54 -19
right_child=1 2 3 15 -6 6 -8 -9 9 11 34 13 -14 -15 17 44 -18 29 37 21 -22 -23 -24 -25 25 27 52 49 -30 30 36 -33 41 45 -36 -37 -38 50 39 48 -42 43 -44 -45 -46 -47 47 -49 -50 -51 -52 -53 -54 -55 -56
leaf_value=3.9075241973996167 2.4182282455859148 -1.3069749489611058 -20.111961808451586 -9.8973378279150985 -10.536622813940049 9.6905836801624847 2.2750545608997346 3.3687171614312357 -9.0047458329531249 -3.2171048809510689 3.0909816650066539 -2.260075817894692 1.3716818000248501 -8.6192572566039036 -0.87415709779048589 2.302701848347982 10.050959651090881 -0.14729296463024752 7.7140886955994832 -2.1315717724912751 14.733121427694957 -8.106411774036836 1.3831941943813422 -5.7918995692513207 -17.500949993133545 -6.0409410246622937 2.110397947145545 -1.842504971291189 1.6959263542683229 0.62963738379024337 2.1517462091562676 8.2650311404808328 1.7866882662523009 1.8546473181602818 6.8682710330897478 8.1273082370985126 -2.4731807394559717 -0.43670025761619863 -0.47868470177628608 0.28539550191809276 1.9799141261413737 1.1265916270253109 5.6471976898720797 7.3144404940075347 11.744145673936414 0.18871702704877016 -3.2969246362970122 -1.2574539816638151 -1.3115755864790228 -0.32466160896019297 1.1143885629791597 -9.2084942229588815 -3.5339082421754542 -2.8363180375099186 1.0744727839376682
leaf_weight=30 244 305 33 39 30 346 292 3386 99 133 325 756 138 142 154 25 20 443 24 234 22 194 793 20 26 192 21 1185 44 82 192 155 558 447 185 61 119 458 2525 375 329 770 309 43 29 1671 265 8236 2908 414 434 22 36 35 232
leaf_count=30 244 305 33 39 30 346 292 3386 99 133 325 756 138 142 154 25 20 443 24 234 22 194 793 20 26 192 21 1185 44 82 192 155 558 447 185 61 119 458 2525 375 329 770 309 43 29 1671 265 8236 2908 414 434 22 36 35 232
internal_value=0.00641292 1.75217 3.12044 -3.5105 3.37445 3.47568 6.31437 2.98185 0.823816 -0.276448 2.10638 -1.25355 -3.00184 -3.28257 -1.00216 2.10067 -3.02729 0.057731 -0.912696 -3.09354 1.22034 -4.86491 0.716945 -15.1154 -1.17943 -2.16933 -7.44659 -1.85958 -4.59632 1.22986 2.67034 5.65065 1.51306 0.930054 4.48266 3.60557 0.377568 0.52893 -1.04823 -0.694473 -0.194076 2.35179 3.17242 1.47102 7.61154 0.541729 -1.30249 -1.32179 -1.1291 -1.45042 0.318777 -14.2207 -1.45329 0.113662 0.274559
internal_weight=30585 11199 4525 166 4359 4329 638 3691 6674 2571 747 1824 237 898 19386 113 59 2778 1520 604 176 428 926 53 16608 1940 105 1835 236 1258 548 237 4103 2423 510 305 311 916 14668 6137 2854 1680 867 813 54 2118 8531 8501 3283 1599 892 48 57 710 675
internal_count=30585 11199 4525 166 4359 4329 638 3691 6674 2571 747 1824 237 898 19386 113 59 2778 1520 604 176 428 926 53 16608 1940 105 1835 236 1258 548 237 4103 2423 510 305 311 916 14668 6137 2854 1680 867 813 54 2118 8531 8501 3283 1599 892 48 57 710 675
is_linear=0
shrinkage=0.05


Tree=64
num_leaves=50
num_cat=0
split_feature=5 4 1 12 1 5 12 12 7 12 7 0 0 1 3 3 3 7 0 3 7 3 5 0 4 8 3 0 1 2 2 2 7 0 5 5 2 0 8 1 3 7 8 1 12 12 3 1 8
split_gain=1.94455e+07 5.25402e+06 2.79038e+06 2.59449e+06 2.33246e+06 2.84078e+06 2.78425e+06 2.89662e+06 2.72358e+06 1.75153e+06 1.69489e+06 2.33372e+06 1.64619e+06 1.94757e+06 1.31708e+06 1.29578e+06 1.2512e+06 1.14205e+06 2.39729e+06 1.43723e+06 1.50708e+06 1.08556e+06 1.05556e+06 1.02044e+06 889475 885699 2.08951e+06 827067 810987 1.10012e+06 795755 754491 854430 730194 705815 691307 578360 570818 569418 715179 385196 319680 253931 244401 236338 166352 149689 122466 115939
threshold=1049.3359823433866 2055.8953207150594 0.21364731160036707 15.288784250000001 0.11194166193044565 2273.1114059773076 9.3313510000000015 4.2910710000000005 -0.12940952255126034 9.8008785000000014 -0.70710678118654757 0.40981496607995499 0.4711049549032259 0.15497246883075538 64.395000000000024 485.01000000000005 470.01500000000004 1.0000000180025095e-35 0.44912654535751489 249.98999999999992 -0.60355339059327384 99.000000000000028 221.66253622007531 0.5807555267335488 955.20857122062841 -1.0000000180025095e-35 250.00000000000014 0.41577432758218852 0.086679291276755735 1.5896301807878987 0.50536918580638324 1.0090803937399995 -0.5 0.53669090660468688 627.19341434453338 1799.3481316101695 0.97863307222192453 0.30943850211679297 -0.60785761079279388 0.10592229655737891 200.00000000000014 -0.60355339059327384 -1.0000000180025095e-35 0.22920403930075578 7.0086555000000006 7.9153435000000014 900.00500000000011 0.088007345739668272 -0.8783796973249266
decision_type=2 2 2 2 2 2 2 2 2 2 2 2 2 2 2 2 2 2 2 2 2 2 2 2 2 2 2 2 2 2 2 2 2 2 2 2 2 2 2 2 2 2 2 2 2 2 2 2 2
left_child=14 3 10 4 5 16 7 -6 -8 -7 11 15 21 -14 23 -3 -2 18 22 40 -21 -12 27 28 46 26 -26 -16 29 34 41 36 -33 -27 -1 -13 -30 -24 -5 -40 -20 45 47 -4 -43 -25 48 -32 -19
right_child=1 2 43 38 6 9 8 -9 -10 -11 12 35 13 -15 17 -17 -18 24 19 20 -22 -23 37 30 25 33 -28 -29 31 -31 42 32 -34 -35 -36 -37 -38 -39 39 -41 -42 44 -44 -45 -46 -47 -48 -49 -50
leaf_value=-1.0057290991600079 0.95041993004718095 1.8628267717619829 -13.29782620863481 3.9332929237484935 0.84215536903314647 9.0411549046850705 -1.2494333374052378 -3.0208362183904285 4.5763122961914373 0.82222862954139719 3.9895342646734693 -0.062692214770194807 2.3354263723298749 -10.614220830548193 14.720533913699064 9.4899212171992318 3.8598076190212631 1.6737873167934751 -1.9310212215282481 -10.619742921030422 -2.3327154140339958 6.5437419619277435 2.5076151940825597 -0.61362643532131023 0.35502403410113592 3.103699856762026 10.794819499813022 2.2576351773111445 -1.4433045436771228 7.611450425661527 -13.215685451825459 -8.5704789423942564 -2.1405732340768258 -3.2478077404366594 0.070444212301018924 -8.6041446078184887 3.5393374882714221 -0.49409001721258844 15.841728751717543 3.8229902503707196 3.994476048446471 -2.9297902290592539 -4.380903869428133 -4.8568914898959079 -0.41994185639004561 -5.585485171976778 3.7048716382057436 -6.5123685360496699 -0.058961572446910582
leaf_weight=8140 4264 667 20 38 864 192 344 1103 477 98 1393 37 463 29 20 59 403 109 243 115 106 605 197 21 96 120 94 36 5696 37 22 76 159 70 1874 64 57 774 39 20 29 191 36 20 184 95 29 20 740
leaf_count=8140 4264 667 20 38 864 192 344 1103 477 98 1393 37 463 29 20 59 403 109 243 115 106 605 197 21 96 120 94 36 5696 37 22 76 159 70 1874 64 57 774 39 20 29 191 36 20 184 95 29 20 740
internal_value=0.00607178 1.66465 3.31937 0.955626 0.852584 1.50311 -0.304288 -1.32489 2.13821 6.2884 3.47972 1.51362 4.13097 1.53224 -0.952135 2.50703 1.2032 0.0555162 -0.866272 -3.72469 -6.70156 4.76873 0.510446 -1.12067 1.16889 3.18301 5.57865 7.06288 -1.04656 -0.771873 -3.19863 -1.50722 -4.27483 0.754189 -0.804362 -5.53712 -1.39272 0.118804 8.99958 12.0266 -1.2747 -2.43302 -7.83666 -9.50973 -1.70707 -4.71111 0.291923 -10.4649 0.166905
internal_weight=30585 11199 3357 7842 7745 4957 2788 1967 821 290 3317 827 2490 492 19386 726 4667 2778 1520 493 221 1998 1027 16608 1258 380 190 56 16039 10051 569 5988 235 190 10014 101 5753 971 97 59 272 491 78 40 375 116 878 42 849
internal_count=30585 11199 3357 7842 7745 4957 2788 1967 821 290 3317 827 2490 492 19386 726 4667 2778 1520 493 221 1998 1027 16608 1258 380 190 56 16039 10051 569 5988 235 190 10014 101 5753 971 97 59 272 491 78 40 375 116 878 42 849
is_linear=0
shrinkage=0.05


Tree=65
num_leaves=63
num_cat=0
split_feature=5 1 12 0 4 9 7 0 4 8 8 1 3 4 12 4 3 4 12 12 7 3 1 12 7 3 5 6 3 1 8 5 1 6 9 12 12 1 4 0 4 5 0 12 6 1 0 3 3 3 8 4 7 3 0 0 5 1 4 7 12 0
split_gain=1.75594e+07 3.64929e+06 3.86309e+06 2.67929e+06 2.62688e+06 2.63535e+06 2.24308e+06 3.70657e+06 2.15239e+06 2.04491e+06 4.10206e+06 1.90125e+06 1.78167e+06 2.24871e+06 1.73367e+06 1.52134e+06 1.52074e+06 1.50749e+06 1.47129e+06 1.43544e+06 1.41735e+06 1.2251e+06 1.54222e+06 2.01541e+06 1.45322e+06 1.1865e+06 1.10223e+06 1.06923e+06 1.03947e+06 912652 2.32764e+06 1.99683e+06 843222 807191 1.44164e+06 1.63864e+06 1.29074e+06 1.13214e+06 740534 1.11031e+06 735103 905523 1.68954e+06 898273 695692 895147 690254 1.00965e+06 670701 595191 785762 551343 488631 460085 387673 291316 279563 276021 204014 169577 93867.5 57336.9
threshold=1308.4361375932579 0.11421608886533151 9.3995012500000019 0.47004137430485365 2273.1114059773076 0.81174490092936691 -0.37940952255126009 0.36369985488925355 1257.8883593046228 1.0000000180025095e-35 -0.8783796973249266 0.16073202496419656 290.00500000000017 563.67788362784108 13.170073500000003 2970.0870861186709 800.00000000000023 1456.0179500695344 6.4001635000000006 6.2677238000000006 -0.37940952255126009 178.04999999999998 0.061552621303690887 3.7522112000000001 -0.37940952255126009 99.990000000000137 1420.263053060253 -0.37940952255126059 -0.99500000000000444 0.16234408796964592 -0.60785761079279388 1133.1627061669908 0.15364126980085169 -0.60355339059327362 1.0000000180025095e-35 10.438466500000002 4.9654785000000006 0.020524237335773198 1911.1456186422686 0.50131040274577188 535.37981905800996 245.39854935753308 0.47344484209981913 3.4572059000000004 -1.0000000180025095e-35 0.038830720078948326 0.5268386004854837 -438.74499999999995 -287.98999999999995 -287.98999999999995 -1.0000000180025095e-35 1426.8210489660182 -0.37940952255126009 -638.51999999999987 0.3445602043382458 0.43207679195481974 312.51673688218676 0.057872501007512171 5.4797389898598938 -0.60355339059327384 10.537016500000002 0.5482539684466281
decision_type=2 2 2 2 2 2 2 2 2 2 2 2 2 2 2 2 2 2 2 2 2 2 2 2 2 2 2 2 2 2 2 2 2 2 2 2 2 2 2 2 2 2 2 2 2 2 2 2 2 2 2 2 2 2 2 2 2 2 2 2 2 2
left_child=8 4 3 16 5 12 7 11 28 10 -5 -4 13 -2 26 17 18 -8 -3 -11 -14 29 44 -24 -25 -9 -7 -18 32 38 31 -31 46 36 37 -36 57 -35 48 -40 58 42 -42 -43 55 -46 47 -1 -10 50 -34 -16 -38 -48 -32 -23 -51 -6 61 -60 -17 -30
right_child=1 2 6 9 33 14 15 25 21 19 -12 -13 20 -15 51 60 27 -19 -20 -21 -22 22 23 24 -26 -27 -28 -29 40 30 54 -33 49 34 35 -37 52 -39 39 -41 41 43 -44 -45 45 -47 53 -49 -50 56 -52 -53 -54 -55 -56 -57 -58 -59 59 -61 -62 -63
leaf_value=2.5704348732450959 -10.684544387418171 1.3060943718361926 0.35959602932353602 2.2860278142293295 2.8054624659774685 0.03202962024089618 9.6783661126577751 -10.862730791712384 -3.1770935437862691 -2.3811964847183229 -10.492741339903013 9.9303605676677122 0.76763029436937114 0.84335752100165251 18.496256136686906 9.0694551185939627 1.127877070236206 2.7913477184637738 -2.1492994411940614 8.6064310781772324 5.2566467639257057 5.4752830027245194 -10.193519898123212 -1.8897714140017829 6.5447295915646997 -0.7451391693379017 4.8842791521060667 16.320384995937346 -1.419056104513315 -15.651863233947754 5.3246574029922487 0.95993370914459231 -10.657353921923145 9.9861749344780346 3.3701952357216136 -3.0989215447844529 4.1266475532046307 3.7716889712389783 6.9954876953916454 -2.7939690844217941 13.988307700157165 1.717674485377424 -0.81228817071914683 -0.50508116800890679 4.7764349181219092 14.526792680876596 -6.1771113686502721 -1.1850639314226521 0.60739867079010035 -5.0814780693416353 -2.6556522118541559 8.4825064378035702 7.1299966674932449 -2.197857382920501 -0.90554079122710651 -1.4965111079582802 -1.7420666579929347 -1.3206045691236374 -1.2820932593385352 -0.78484471021328128 15.963140316772462 -4.555705130004883
leaf_weight=184 41 692 180 88 117 154 91 81 128 123 212 71 296 2633 21 21 23 573 552 37 434 35 34 94 108 45 486 22 24 48 43 28 56 82 241 162 206 644 95 40 30 505 48 4393 51 47 79 4843 1176 77 69 55 466 789 55 24 327 60 2462 5713 23 48
leaf_count=184 41 692 180 88 117 154 91 81 128 123 212 71 296 2633 21 21 23 573 552 37 434 35 34 94 108 45 486 22 24 48 43 28 56 82 241 162 206 644 95 40 30 505 48 4393 51 47 79 4843 1176 77 69 55 466 789 55 24 327 60 2462 5713 23 48
internal_value=0.00581736 1.8709 0.388029 -1.06572 2.5597 1.83914 2.72911 -0.385911 -0.763644 -4.33268 -6.75397 3.12398 1.25762 0.658747 4.59256 4.38423 0.105042 3.76144 -0.228152 0.234545 3.44352 0.795858 3.29158 0.720695 2.63969 -7.31745 3.72045 8.93385 -0.922937 0.18446 -3.21475 -9.66398 -1.4447 4.0572 3.17072 0.767233 5.2258 4.49911 0.599378 4.09643 -0.669272 -0.189223 5.08758 -0.275299 7.0984 9.64969 -1.27224 -1.04664 0.231614 -3.35456 -6.35183 11.6528 6.22431 -2.5734 1.87989 2.68313 -2.40045 1.40764 -0.958802 -0.934875 13.2105 -3.57683
internal_weight=30585 8932 2834 1749 6098 4120 1085 377 21653 460 300 251 3404 2674 716 708 1289 664 1244 160 730 2006 393 236 202 126 640 45 19647 1613 174 76 6424 1978 1129 403 849 726 1439 135 13223 4976 78 4898 157 98 5895 5027 1304 529 125 76 672 868 98 59 404 177 8247 8175 44 72
internal_count=30585 8932 2834 1749 6098 4120 1085 377 21653 460 300 251 3404 2674 716 708 1289 664 1244 160 730 2006 393 236 202 126 640 45 19647 1613 174 76 6424 1978 1129 403 849 726 1439 135 13223 4976 78 4898 157 98 5895 5027 1304 529 125 76 672 868 98 59 404 177 8247 8175 44 72
is_linear=0
shrinkage=0.05


Tree=66
num_leaves=52
num_cat=0
split_feature=5 4 13 5 9 1 3 1 3 4 9 1 0 3 7 0 7 3 13 8 13 0 0 7 9 4 1 8 4 1 4 0 4 6 3 6 6 5 1 4 4 5 1 0 8 13 9 0 4 13 13
split_gain=1.5902e+07 4.34165e+06 2.55721e+06 2.35361e+06 2.0307e+06 2.00111e+06 2.25986e+06 1.79826e+06 1.82109e+06 1.7474e+06 1.71887e+06 1.40675e+06 1.16556e+06 1.1016e+06 1.28188e+06 1.30444e+06 2.88888e+06 1.55168e+06 1.08302e+06 1.0357e+06 904183 1.12592e+06 883070 939566 1.17265e+06 1.33953e+06 1.06847e+06 812400 807311 806279 783483 738356 717686 694904 603118 584048 581931 574373 539816 771073 516882 508095 716951 477086 446566 405300 398201 225142 234741 192919 88974
threshold=1049.3359823433866 1845.9241844862479 4.7857915000000011 2536.291659429196 0.81174490092936691 0.21364731160036707 769.50000000000011 0.078759181043658949 -4.5900000000000025 3005.0980100075335 1.0000000180025095e-35 0.068650442830567884 0.48170589843767903 109.37999999999995 0.96592582628906831 0.46354000387391053 -0.37940952255126009 249.98999999999992 12.679253500000002 -0.8783796973249266 12.994508500000002 0.52356860114157244 0.36045719316488051 -0.60355339059327384 0.81174490092936691 503.47563956699781 0.14429117344799927 -0.60785761079279388 1426.8210489660182 0.11733491081238621 1194.9540858527089 0.46567397786348458 1090.1199783712404 -0.5 141.00500000000002 -0.25881904510252113 -0.78656609248549292 221.66253622007531 0.08224046762484212 1317.5944467224513 1642.3785908357577 910.35760903550988 0.08224046762484212 0.53476337928950091 0.6078576107927941 7.9789386000000002 -0.22252093395631442 0.28385721731658087 846.02616720165054 3.6460223500000004 14.200336000000002
decision_type=2 2 2 2 2 2 2 2 2 2 2 2 2 2 2 2 2 2 2 2 2 2 2 2 2 2 2 2 2 2 2 2 2 2 2 2 2 2 2 2 2 2 2 2 2 2 2 2 2 2 2
left_child=13 2 4 7 34 6 9 10 -9 11 -4 -3 32 22 15 30 17 -17 -8 -11 21 -16 41 24 26 -26 -24 33 -6 -18 37 -20 -5 -7 36 -30 -2 -15 39 -25 -36 47 45 -40 -44 -43 -32 49 -49 -1 -22
right_child=1 5 3 12 28 27 18 8 -10 19 -12 -13 -14 14 20 16 29 -19 31 -21 50 -23 23 38 25 -27 -28 -29 35 -31 46 -33 -34 -35 40 -37 -38 -39 43 -41 -42 42 44 -45 -46 -47 -48 48 -50 -51 -52
leaf_value=1.0014501391664832 5.5382313367605214 3.2761584663920282 0.25155441821397873 13.649519662221273 16.466822405728429 -3.0540517859025442 16.677406831369165 -2.595723722864923 0.18021813775175261 0.48712096406779165 2.7692251960169822 1.3241517764982913 -1.8606151135762534 7.0261734505855671 16.189928600043057 -0.71681247255868397 1.2410302329885852 -10.010198669931082 10.081574156564825 5.8616097907176057 -0.52625561679261068 0.96476251948963521 -2.0571143019835461 -0.78518609046405108 0.015822967709327233 12.900082558718594 -5.5868855918269933 1.1547622016624168 12.005444805255303 -3.211280018902742 1.7707332186001103 -1.7010592137212339 5.6508235684685086 -16.313134685212916 8.8372798160976824 1.2945626695666994 -3.5462839524149894 0.26244144063046887 -1.2374840495937973 2.7876855728395524 1.2757221211219321 -1.8520696296691896 0.25127978432178499 -2.9097962746352568 -7.6390735557556155 4.5992866072380867 6.6789236020512055 -0.81146136096941379 0.72814444780685861 -0.44916283193368306 3.4481010882059735
leaf_weight=390 23 1727 1678 43 42 20 39 758 2653 107 1136 1990 34 31 30 70 465 125 32 563 33 20 2021 5977 243 20 239 25 24 128 80 21 90 20 43 26 58 647 3380 153 47 28 63 488 23 146 88 3662 264 550 22
leaf_count=390 23 1727 1678 43 42 20 39 758 2653 107 1136 1990 34 31 30 70 465 125 32 563 33 20 2021 5977 243 20 239 25 24 128 80 21 90 20 43 26 58 647 3380 153 47 28 63 488 23 146 88 3662 264 550 22
internal_value=0.00583379 1.5057 0.691854 0.492157 5.50497 2.6968 2.82404 0.333985 -0.437816 2.65826 1.26917 2.23237 6.31433 -0.86068 0.339652 -0.00752112 -1.46939 -6.71528 10.5045 5.00731 5.64152 10.3713 -0.978991 -1.20529 -2.06744 1.0856 -2.43501 -5.89402 11.4143 0.27242 1.35437 5.5208 8.40081 -10.1448 2.23047 6.69989 -0.895377 0.591461 -0.987351 -0.695129 5.0021 -0.425972 1.7194 -1.44986 -1.98453 3.55186 4.39005 -0.541264 -0.707613 0.15353 1.1286
internal_weight=30585 11199 6655 6392 263 4544 4479 6225 3411 4387 2814 3717 167 19386 1739 1634 788 195 92 670 105 50 17647 12521 2523 263 2260 65 92 593 846 53 133 40 171 50 81 678 9998 6130 90 5126 260 3868 86 174 168 4866 3926 940 55
internal_count=30585 11199 6655 6392 263 4544 4479 6225 3411 4387 2814 3717 167 19386 1739 1634 788 195 92 670 105 50 17647 12521 2523 263 2260 65 92 593 846 53 133 40 171 50 81 678 9998 6130 90 5126 260 3868 86 174 168 4866 3926 940 55
is_linear=0
shrinkage=0.05


Tree=67
num_leaves=52
num_cat=0
split_feature=4 4 1 1 3 3 7 1 8 7 7 2 4 12 7 9 12 7 12 8 13 8 4 3 3 4 12 11 3 12 1 1 8 3 1 4 9 7 3 1 4 2 12 2 12 1 1 12 4 7 3
split_gain=1.41177e+07 3.29787e+06 2.0442e+06 1.66757e+06 1.52052e+06 1.51075e+06 1.44666e+06 1.46252e+06 1.18107e+06 5.06394e+06 1.32694e+06 1.13742e+06 1.35857e+06 1.04862e+06 1.41815e+06 991346 1.08128e+06 990007 1.43957e+06 939928 1.12573e+06 968701 875473 873682 848550 835733 972394 822884 1.19913e+06 902586 817065 801852 771196 1.54258e+06 1.35192e+06 767339 632350 787842 631219 534766 502335 540262 619260 487139 335075 485298 290924 269036 249422 141767 60580.4
threshold=1786.1298771869133 822.73278426324293 0.057872501007512171 0.22920403930075578 -223.97999999999999 434.00500000000005 -0.9159756150367534 0.17475777883368729 -0.60785761079279388 -0.12940952255126034 1.0000000180025095e-35 1.3470436256828324 1426.8210489660182 14.286336500000003 -0.5 1.0000000180025095e-35 6.4526388000000017 -0.37940952255126009 4.1129010000000008 -0.60785761079279388 2.7356209500000004 -0.8783796973249266 1658.6664974867074 961.81500000000017 300.02500000000038 2273.1114059773076 6.1802585000000008 1.0000000180025095e-35 -243.50499999999994 9.5720795000000027 0.068650442830567884 0.068051304740325322 -1.0000000180025095e-35 -337.56999999999988 0.18946953262365177 2148.5964702371089 0.81174490092936691 -0.12940952255126034 64.395000000000024 0.12518859740352525 326.79452915339544 0.49976053564537809 7.3876658500000003 0.12764285698349428 1.6046511000000001 0.039993468407515442 0.24704976018373964 2.2976386000000004 3005.0980100075335 0.60355339059327384 1.0049999999999957
decision_type=2 2 2 2 2 2 2 2 2 2 2 2 2 2 2 2 2 2 2 2 2 2 2 2 2 2 2 2 2 2 2 2 2 2 2 2 2 2 2 2 2 2 2 2 2 2 2 2 2 2 2
left_child=1 23 17 5 30 11 7 31 9 -8 -10 12 -3 14 -7 50 46 19 44 21 -21 48 -13 27 -22 26 -20 32 29 -29 49 -6 34 -34 -1 -23 37 -32 -27 -38 -25 -42 -43 -30 45 -19 -17 -46 -2 -4 -5
right_child=2 3 4 15 6 13 8 -9 10 -11 -12 22 -14 -15 -16 16 -18 18 25 20 24 35 -24 40 -26 38 -28 28 43 -31 36 -33 33 -35 -36 -37 39 -39 -40 -41 41 42 -44 -45 47 -47 -48 -49 -50 -51 -52
leaf_value=-1.1751644973245499 3.6291465708732602 0.047157129453542453 7.8933386532465626 -1.0864453512827557 6.177696625663013 -0.79258726760915676 -4.0635117988706773 -12.478077014552222 4.5630074765765816 4.2141870241025234 1.8181839323163738 -3.4729273506510729 1.7911143271423133 11.556557136043425 3.8462199593177049 -0.65141051271269401 -16.255361293792724 3.3403706673058604 9.7678156253983914 13.207303167070661 2.0825681742592757 -9.6649510463915362 -0.13710450873549065 -2.0518212029513196 7.8670065856624296 6.0170572747151985 2.8665728245640345 -11.632062847496108 -4.6564638673372505 -2.0838105398543338 -5.7999966825917362 -1.4822316787504568 5.0623670595835062 -0.62217858220016953 -7.2826739570174528 -0.67190038970022492 7.7443011027369 -0.75743723574876798 10.382847229537965 -2.3081636144995694 9.5133636813163758 7.4449655448473422 -2.9637347450852398 -1.1905412633522565 5.3387024895474315 -6.8801775291442882 -7.9848431667914754 1.6297958479848291 -2.2057233445540718 1.9339029147408227 2.371215959895741
leaf_weight=6381 98 6061 22 28 39 260 315 25 842 441 930 352 1367 29 445 29 28 20 60 26 466 36 443 32 72 300 310 56 119 45 126 203 119 8808 90 64 27 198 123 23 38 24 30 643 62 23 24 222 21 20 20
leaf_count=6381 98 6061 22 28 39 260 315 25 842 441 930 352 1367 29 445 29 28 20 60 26 466 36 443 32 72 300 310 56 119 45 126 203 119 8808 90 64 27 198 123 23 38 24 30 643 62 23 24 222 21 20 20
internal_value=0.00586844 -0.475519 2.40274 0.288455 1.63149 0.370284 2.05113 -1.44045 2.42074 0.763518 3.12612 0.17599 0.3685 2.54056 2.13804 -5.31219 -8.62013 3.70101 4.6553 2.32761 3.40391 -0.449935 -1.61911 -0.899151 2.88297 5.80503 4.03221 -0.931186 -2.43231 -7.50101 -1.18425 -0.207242 -0.846749 -0.545284 -1.26233 -4.03548 -1.93354 -2.742 7.32944 3.20915 3.24998 5.09855 1.76294 -1.74259 1.84875 -2.18914 -4.1419 2.47118 2.57998 5.27252 0.391368
internal_weight=30585 25471 5114 9086 3211 8957 2795 267 2528 756 1772 8223 7428 734 705 129 81 1903 1120 783 564 219 795 16385 538 793 370 16261 863 101 416 242 15398 8927 6471 100 374 324 423 50 124 92 54 762 327 43 53 284 119 42 48
internal_count=30585 25471 5114 9086 3211 8957 2795 267 2528 756 1772 8223 7428 734 705 129 81 1903 1120 783 564 219 795 16385 538 793 370 16261 863 101 416 242 15398 8927 6471 100 374 324 423 50 124 92 54 762 327 43 53 284 119 42 48
is_linear=0
shrinkage=0.05


Tree=68
num_leaves=47
num_cat=0
split_feature=5 4 5 13 1 1 3 7 3 7 12 7 5 12 1 7 3 1 3 12 7 8 12 3 3 3 7 8 1 2 8 2 5 5 3 4 5 4 2 6 5 2 1 2 12 1
split_gain=1.3169e+07 3.55877e+06 2.19111e+06 1.93521e+06 1.93458e+06 1.67231e+06 1.59599e+06 1.45335e+06 1.39072e+06 1.34565e+06 1.11012e+06 1.1314e+06 1.06349e+06 1.0042e+06 2.04555e+06 1.74839e+06 993643 940601 685513 821732 668693 1.36697e+06 1.1954e+06 1.80911e+06 1.44075e+06 969858 897844 674680 632795 880592 1.29654e+06 859423 564960 536726 450303 434219 419347 405594 464674 398803 379470 330898 228637 222943 145220 120621
threshold=1049.3359823433866 2199.3054585573159 2536.291659429196 2.7356209500000004 0.21364731160036707 0.060671807164413907 1099.9950000000001 -0.9159756150367534 -0.99500000000000444 0.78656609248549303 5.8630007000000015 -0.9829629131445341 2700.8174739057463 7.7021935000000008 0.11902083097981232 -0.37940952255126009 46.885000000000026 0.088712721830419325 -1227.9999999999998 13.533726000000001 -0.37940952255126009 -0.60785761079279388 11.054572500000001 618.47500000000002 249.98999999999992 195.01000000000013 0.98296291314453432 -1.0000000180025095e-35 0.15926292198568234 1.0090803937399995 -0.60785761079279388 1.5896301807878987 811.56075938547838 326.54347479004156 -699.9849999999999 1090.1199783712404 1581.5484171780806 449.65950529091253 1.1631911838847659 -0.5 2131.9594740145162 0.81983794604122406 0.038369234764303935 1.4620229464802563 10.119520000000001 0.20768790288737579
decision_type=2 2 2 2 2 2 2 2 2 2 2 2 2 2 2 2 2 2 2 2 2 2 2 2 2 2 2 2 2 2 2 2 2 2 2 2 2 2 2 2 2 2 2 2 2 2
left_child=16 2 3 17 7 6 -5 10 -7 18 40 -12 -11 14 -9 -15 28 -2 -4 -20 21 22 24 -24 -18 43 27 -27 31 33 -31 37 -33 39 -35 41 -19 42 -39 -30 -3 -23 -1 45 -37 -22
right_child=1 4 9 5 -6 8 -8 13 -10 12 11 -13 -14 15 -16 -17 20 36 19 -21 25 35 23 -25 -26 26 -28 -29 29 30 -32 32 -34 34 -36 44 -38 38 -40 -41 -42 -43 -44 -45 -46 -47
leaf_value=-0.75304203317146923 13.667282894819209 10.422538144687811 -2.0907854192733768 1.4976667473685719 -8.4636529154390896 -1.4965817064959372 13.300298586220578 3.1906227635307118 0.5000968171148843 3.2493850790487757 -9.7427394822927624 -0.35848486217936959 -10.123790539550782 2.0121150392784797 -2.9954202867165591 5.7135931128393347 -1.8326592854605881 9.0446093982198956 8.0361570450782782 0.9655442025526515 -0.052780755552218152 0.27917634354953308 -1.1327592167531308 14.076132233630526 -7.810375348458809 3.4117703067855758 11.004134164739538 0.20819187192033595 0.52119866781234736 -15.104468367099763 -0.9196593862261091 0.87271519351005544 10.383543359615185 -7.7254739507345054 -0.99308149692919168 1.7432599833110971 0.61315986611626361 -0.68418626998815602 -2.9883592314805303 -6.9275220144024265 2.3786152984879236 -2.8801515336399492 -1.5296712488684796 -4.8796345794677736 5.8524244122505182 -3.0217957784788951
leaf_weight=1346 37 22 23 2603 35 1097 27 944 4222 35 37 183 23 508 154 870 261 21 223 51 1518 834 174 20 164 303 25 357 23 30 33 38 25 24 592 52 42 9831 222 76 42 90 3254 23 38 33
leaf_count=1346 37 22 23 2603 35 1097 27 944 4222 35 37 183 23 508 154 870 261 21 223 51 1518 834 174 20 164 303 25 357 23 30 33 38 25 24 592 52 42 9831 222 76 42 90 3254 23 38 33
internal_value=0.00567883 1.37058 0.856177 0.685983 2.91556 0.598013 1.62885 3.06589 0.0878896 4.68956 -0.319866 -2.01032 -2.21438 3.45419 2.31913 4.35394 -0.782863 7.52979 6.04361 6.73665 -0.0685888 -0.838867 -2.68632 0.562777 -4.16514 0.488482 2.05597 1.6848 -0.962253 -2.35079 -7.93132 -0.888534 4.8503 -1.83832 -1.27954 0.291984 3.61554 -0.913867 -0.735654 -5.22091 5.37583 -0.034101 -1.30285 -0.195425 3.5678 -0.119765
internal_weight=30585 11199 8404 8049 2795 7949 2630 2760 5319 355 284 220 58 2476 1098 1378 19386 100 297 274 3892 1633 619 194 425 2259 685 660 15494 778 63 14716 63 715 616 1014 63 14653 10053 99 64 924 4600 1574 90 1551
internal_count=30585 11199 8404 8049 2795 7949 2630 2760 5319 355 284 220 58 2476 1098 1378 19386 100 297 274 3892 1633 619 194 425 2259 685 660 15494 778 63 14716 63 715 616 1014 63 14653 10053 99 64 924 4600 1574 90 1551
is_linear=0
shrinkage=0.05


Tree=69
num_leaves=55
num_cat=0
split_feature=4 4 1 0 9 2 11 12 3 0 12 1 1 4 12 0 12 3 0 3 0 4 3 3 1 12 0 13 8 8 8 3 3 11 3 2 2 1 1 3 0 2 3 13 1 1 1 3 4 1 9 0 1 0
split_gain=1.16235e+07 2.34814e+06 2.28546e+06 1.9918e+06 2.19436e+06 1.79663e+06 1.76064e+06 1.73559e+06 1.41627e+06 1.34427e+06 1.28888e+06 1.39202e+06 1.01888e+06 1.71904e+06 1.12062e+06 1.01347e+06 995852 985679 778567 641019 935496 921813 655606 633524 796502 584951 633777 560932 523558 507375 491240 757766 737223 513501 734347 494197 483392 518036 477291 610034 461858 548673 452623 444364 435709 410501 593680 257919 251827 250311 225359 153731 144508 111594
threshold=1642.3785908357577 634.69102500918314 0.055680606748290042 0.47810391946109437 0.81174490092936691 1.3470436256828324 1.0000000180025095e-35 9.7433180000000004 698.00500000000022 0.5807555267335488 6.0030610500000003 0.034968591246364797 0.14844847440593664 2273.1114059773076 10.537016500000002 0.55259521540536871 11.054572500000001 400.00000000000017 0.54421649444330977 178.04999999999998 0.3253871199329888 2895.5032941072968 150.00500000000002 349.99999999999994 0.037990048285282664 3.6602760000000005 0.45924321943375285 4.0810313000000011 0.6078576107927941 1.0000000180025095e-35 -0.60785761079279388 269.00500000000005 -139.25499999999997 1.0000000180025095e-35 -337.56999999999988 0.060841725232787365 0.50536918580638324 0.13815152223009083 0.12518859740352525 -337.56999999999988 0.44803637224076576 1.3963020263175536 298.97000000000008 7.927927050000001 0.03389426863518679 0.027810516500381331 0.1341894096921071 -298.96999999999997 158.91771680779286 0.049436555290774065 1.0000000180025095e-35 0.48853673383090573 0.085342893742613321 0.47004137430485365
decision_type=2 2 2 2 2 2 2 2 2 2 2 2 2 2 2 2 2 2 2 2 2 2 2 2 2 2 2 2 2 2 2 2 2 2 2 2 2 2 2 2 2 2 2 2 2 2 2 2 2 2 2 2 2 2
left_child=1 30 15 4 6 9 8 -8 -4 10 17 -12 16 14 -14 19 18 -3 -5 21 28 22 -2 24 -17 29 44 -22 -21 50 32 33 38 34 -32 -35 37 -33 39 -1 41 -6 48 -44 -27 -11 -47 -40 -34 -23 -7 -28 -38 -31
right_child=2 5 3 12 40 25 7 -9 -10 45 11 -13 13 -15 -16 23 -18 -19 -20 20 27 49 -24 -25 -26 26 51 -29 -30 53 31 36 42 35 -36 -37 52 -39 47 -41 -42 -43 43 -45 -46 46 -48 -49 -50 -51 -52 -53 -54 -55
leaf_value=4.397496922474641 2.4113202278489156 0.76129869705972175 1.3851623705866958 -0.26293273968821806 12.092009043571277 -0.75363154074724981 1.9798051552772524 -12.441939283370971 7.4780436070699885 -10.265318784299104 1.6548579267422749 -0.52956998474225225 -4.0619334614833944 -14.597223111320943 7.907809596061707 1.0519247249194554 -8.0117242431640623 3.6676352409094202 5.5092249206709329 14.953918584448951 -0.90853481891203902 5.7193381337166223 -5.9755021222432454 4.1538675792128954 -10.926207020200533 1.8013703261195007 -12.189970571077787 4.7902313969699657 5.2072451256116237 5.5432657759530208 4.4300949763144768 1.9669201234059455 -3.2866309978503447 -6.1839602786472865 -0.71106440858884701 -1.6660332117176482 0.65440723876953122 8.6899766083252725 -11.26201503261443 -4.112879792739605 -0.14828692159345075 5.5065016864538201 0.73904476870661195 -7.9436060962778461 -4.3902166782996872 -1.3103920915722849 -8.2661122501187219 -4.4387130126271925 -1.0432310944257834 1.8429738606147048 -6.0880469580257639 -6.5378689586101686 -4.8418666311105092 0.5874736621163108
leaf_weight=24 1005 3836 2711 455 37 49 38 43 97 21 864 4619 105 32 22 26 35 314 65 33 47 305 22 25 27 35 24 459 28 26 68 115 128 68 9567 474 23 37 29 114 29 238 21 45 130 126 39 33 3702 51 32 45 22 20
leaf_count=24 1005 3836 2711 455 37 49 38 43 97 21 864 4619 105 32 22 26 35 314 65 33 47 305 22 25 27 35 24 459 28 26 68 115 128 68 9567 474 23 37 29 114 29 238 21 45 130 126 39 33 3702 51 32 45 22 20
internal_value=0.00548786 -0.472826 1.99157 1.28358 1.81726 0.108983 1.38969 -5.79145 1.60081 0.236641 0.318299 -0.184873 -1.10143 -4.60339 -1.89794 3.35293 -0.0852352 0.982862 0.476921 3.57669 4.99717 2.98795 2.22039 -2.19052 -5.22547 -3.34539 -4.81814 4.2594 10.7875 -0.599131 -0.882102 -0.698803 -1.34578 -0.758423 -0.673868 -2.25352 2.35778 3.69509 -4.29328 -2.5911 5.84494 6.47348 -1.19234 -5.24039 -3.07098 -3.95081 -3.03381 -7.88254 -1.11988 5.17743 -2.95703 -8.79189 -2.12425 3.50293
internal_weight=30585 24650 5935 3907 3193 10180 2889 81 2808 9819 9633 5483 714 159 127 2028 555 4150 520 1950 567 1383 1027 78 53 361 234 506 61 127 14470 10374 4096 10177 9635 542 197 152 200 138 304 275 3896 66 165 186 165 62 3830 356 81 69 45 46
internal_count=30585 24650 5935 3907 3193 10180 2889 81 2808 9819 9633 5483 714 159 127 2028 555 4150 520 1950 567 1383 1027 78 53 361 234 506 61 127 14470 10374 4096 10177 9635 542 197 152 200 138 304 275 3896 66 165 186 165 62 3830 356 81 69 45 46
is_linear=0
shrinkage=0.05


Tree=70
num_leaves=52
num_cat=0
split_feature=5 11 7 1 5 12 4 12 4 1 1 4 1 5 3 8 4 7 5 3 3 1 8 1 6 12 12 8 7 6 4 4 4 5 4 3 8 8 1 1 3 5 1 5 12 12 4 4 4 5 7
split_gain=1.0976e+07 3.14604e+06 4.334e+06 2.5815e+06 2.18292e+06 2.06841e+06 1.75702e+06 1.66951e+06 1.4583e+06 1.33153e+06 1.31167e+06 1.44669e+06 1.22829e+06 1.22383e+06 1.18622e+06 1.06026e+06 1.04046e+06 1.00672e+06 1.21074e+06 798606 700451 619703 612683 1.18807e+06 601169 543621 1.33272e+06 1.54014e+06 1.5214e+06 586868 1.43863e+06 697373 518370 882707 850598 512596 575988 425118 415197 361145 357204 542367 342152 638424 335479 244419 222137 202874 201263 190433 156729
threshold=1308.4361375932579 1.0000000180025095e-35 -0.12940952255126034 0.24704976018373964 1873.4163097475914 7.6432585000000008 1090.1199783712404 7.9153435000000014 1287.4162629641171 0.08601658294058849 0.061552621303690887 2536.291659429196 0.099688937576168118 1699.6209308463654 1099.9950000000001 -0.60785761079279388 67.216143581896048 -0.37940952255126009 549.22861035819983 -6.9950000000000037 249.98999999999992 0.15364126980085169 0.6078576107927941 0.15094606262164065 -0.37940952255126059 6.2677238000000006 10.804491000000001 -0.60785761079279388 -0.60355339059327384 0.37940952255126054 1720.0260074008504 2345.2743751583434 469.58325007926953 245.39854935753308 1106.1013734149151 -269.97499999999997 -1.0000000180025095e-35 0.6078576107927941 0.24704976018373964 0.11109711784659849 199.99000000000015 1699.6209308463654 0.033462168160161676 691.30499012125676 10.065666500000001 9.507200000000001 1257.8883593046228 955.20857122062841 5.4797389898598938 476.53258150050937 -0.60355339059327384
decision_type=2 2 2 2 2 2 2 2 2 2 2 2 2 2 2 2 2 2 2 2 2 2 2 2 2 2 2 2 2 2 2 2 2 2 2 2 2 2 2 2 2 2 2 2 2 2 2 2 2 2 2
left_child=8 3 15 4 14 9 12 -8 19 13 11 17 -6 -4 16 39 -2 18 -10 21 -19 42 23 -17 -11 29 28 -28 -27 30 -12 -31 48 34 -34 36 -23 44 -35 -3 41 -5 43 -1 -7 -37 -44 -24 49 -21 -50
right_child=1 2 5 40 6 37 7 -9 10 24 25 -13 -14 -15 -16 22 -18 20 -20 32 -22 35 47 -25 -26 26 27 -29 -30 31 -32 -33 33 38 -36 45 -38 -39 -40 -41 -42 -43 46 -45 -46 -47 -48 -49 50 -51 -52
leaf_value=-0.68047519813426938 9.8457116818428041 -9.0835288304867952 -4.7558407294231912 -4.0840788292884831 13.894731118954144 3.9973595302755189 1.2623689924204875 3.273300827451624 -9.9652533258240794 -1.9185626917174372 0.59741575502504518 14.737138311862944 4.6651501413186391 11.150686528866109 10.682687252413842 1.7732242978396624 0.79225545253113083 2.9031836469810792 0.96389290545710282 -3.6223358092687827 9.2372808606807997 -9.2360830229419779 -6.5965531277656559 -11.195983742681044 -11.566205680900151 -8.127140216741477 -1.5040972838344346 9.9215437913977595 -0.62744539512829356 -0.15245865138939449 9.3990743606968916 -8.8719858978271482 1.9495116133987904 -0.30252161642088282 12.932602181001142 -2.5504239456482716 -2.6088899165907025 2.1286592062588396 -5.6843422298961217 -19.451927475248066 -2.8505888818105065 -15.363516341018675 -1.2657915068708752 3.1402107027948389 12.428640159425282 0.58583233160525561 3.5707905454436943 -14.514608251322869 -1.2708403124340562 1.4494230745149697 -0.67061782537932091
leaf_weight=983 30 21 21 22 50 20 1955 2194 27 31 252 22 130 24 29 44 4113 301 199 111 50 57 22 27 34 109 81 44 174 278 55 23 94 8313 20 291 79 27 34 26 28 23 4442 121 40 78 22 21 1521 21 3851
leaf_count=983 30 21 21 22 50 20 1955 2194 27 31 252 22 130 24 29 44 4113 301 199 111 50 57 22 27 34 109 81 44 174 278 55 23 94 8313 20 291 79 27 34 26 28 23 4442 121 40 78 22 21 1521 21 3851
internal_value=0.00509487 1.47967 -3.10094 1.67161 1.75272 1.87193 2.53913 2.32682 -0.603256 -2.67114 0.841345 2.69294 7.35347 3.84103 0.935881 -9.1341 0.862533 2.18438 -0.417741 -0.719759 3.85271 -1.19838 -6.33856 -3.33028 -7.15972 -0.253432 -1.66097 2.6106 -3.5528 0.693439 2.22491 -0.872914 -0.511477 -0.265677 4.06617 -2.8731 -5.4801 7.54703 -0.325801 -15.3792 -7.56845 -10.2577 -1.04551 -0.256797 9.8379 -1.88788 -1.24037 -10.9369 -0.889098 -2.80584 -0.840972
internal_weight=30585 8932 358 8574 8501 197 4329 4149 21653 110 1615 599 180 45 4172 161 4143 577 226 20038 351 6073 114 71 65 1016 408 125 283 608 307 301 13965 8461 114 505 136 87 8347 47 73 45 5568 1104 60 369 4464 43 5504 132 5372
internal_count=30585 8932 358 8574 8501 197 4329 4149 21653 110 1615 599 180 45 4172 161 4143 577 226 20038 351 6073 114 71 65 1016 408 125 283 608 307 301 13965 8461 114 505 136 87 8347 47 73 45 5568 1104 60 369 4464 43 5504 132 5372
is_linear=0
shrinkage=0.05


Tree=71
num_leaves=53
num_cat=0
split_feature=5 11 7 1 13 13 0 9 4 4 7 13 4 9 6 4 1 5 13 0 4 13 1 0 9 7 7 5 4 3 0 7 9 5 0 3 0 4 13 5 3 1 1 3 4 3 5 5 13 1 1 13
split_gain=9.91659e+06 3.30682e+06 3.63348e+06 2.13734e+06 2.55388e+06 2.4215e+06 2.62082e+06 1.92597e+06 1.82649e+06 1.65114e+06 1.63054e+06 1.61807e+06 1.60543e+06 1.40734e+06 1.53384e+06 1.42802e+06 1.38062e+06 1.34383e+06 1.27985e+06 1.19371e+06 1.18026e+06 1.14316e+06 1.12223e+06 1.06705e+06 1.03252e+06 968449 951032 897976 867507 859318 789867 857412 1.7136e+06 1.68147e+06 1.4501e+06 1.2552e+06 831842 704345 593427 586897 551798 522912 519586 377800 483581 304358 354896 285101 239463 153837 137909 116032
threshold=1360.133149531792 1.0000000180025095e-35 -0.12940952255126034 0.11421608886533151 9.0766745000000011 13.796011500000001 0.47004137430485365 0.81174490092936691 2273.1114059773076 1420.263053060253 1.0000000180025095e-35 10.356741500000002 547.93299399663113 1.0000000180025095e-35 1.0000000180025095e-35 2345.2743751583434 0.08601658294058849 369.61850532909733 5.4023543000000016 0.54612995041162227 563.67788362784108 11.953011000000002 0.060671807164413907 0.43626166544856587 -0.22252093395631442 0.96592582628906831 -0.9829629131445341 1845.9241844862479 2507.049509271968 559.99500000000012 0.31359881212852242 -0.60355339059327384 0.81174490092936691 133.87200642658311 0.42638154842451809 298.97000000000008 0.45366336749553832 2131.9594740145162 5.4023543000000016 2055.8953207150594 -1227.9999999999998 0.15094606262164065 0.096473026670176765 45.005000000000003 786.15894839621672 299.89500000000015 1972.6662909140466 1169.3710645709209 3.5225491500000001 0.15617597433275157 0.024229651632757341 13.978489000000001
decision_type=2 2 2 2 2 2 2 2 2 2 2 2 2 2 2 2 2 2 2 2 2 2 2 2 2 2 2 2 2 2 2 2 2 2 2 2 2 2 2 2 2 2 2 2 2 2 2 2 2 2 2 2
left_child=9 3 19 7 12 6 -6 8 20 30 26 45 -5 28 15 38 27 21 -14 39 -2 -16 -19 -12 -18 -10 -9 -13 29 42 43 32 34 -34 -32 40 -37 -7 -15 41 -33 -3 -11 49 48 46 -4 -46 -45 50 -1 -51
right_child=1 2 11 4 5 37 -8 10 25 13 23 16 18 14 17 -17 24 22 -20 -21 -22 -23 -24 -25 -26 -27 -28 -29 -30 -31 31 35 33 -35 -36 36 -38 -39 -40 -41 -42 -43 -44 44 47 -47 -48 -49 -50 51 -52 -53
leaf_value=1.1382324461397513 -9.749556985664368 -2.539318014512105 0.75323685253367711 14.852940899658202 -0.82145143168128054 1.1944011073710816 -6.8247331175090764 -2.1681988163292409 2.7734655498675553 3.4486520667212788 4.3666615441093839 -3.7716420312361287 -0.30370659434347169 -4.2609624277917968 -14.873095927503375 13.675206752331167 -0.60500906648307007 3.8039652151953085 3.3577232457681321 -19.589346183141075 1.1635498843491374 -1.9553254636128745 -2.9583895639598077 -1.2895844082496106 -13.928688128888608 7.4250801979608783 6.9014982571922463 10.164051121520997 12.041820464501015 11.534381957054137 -1.0358781920492734 -7.3430857849121089 14.792710626856845 0.68260311401892126 -3.0388279531885285 4.5521007496049632 0.49070089425359448 8.3446640432203143 2.7378682646214569 -13.471756395430402 -0.66209363674676425 -10.323676277507435 0.17105875839540108 2.8845792151188507 5.3162110657523378 11.173930756678949 8.7567418563842772 0.955723090954125 -0.44312643211364744 0.54956245881669663 -0.30908232128668933 5.3063680267333986
leaf_weight=177 23 68 32 23 642 520 252 30 1658 312 178 20 377 36 34 25 27 86 647 22 3017 34 201 154 30 119 447 23 24 24 2643 29 20 532 1374 171 467 35 149 27 13027 31 197 67 97 24 23 62 248 32 2048 20
leaf_count=177 23 68 32 23 642 520 252 30 1658 312 178 20 377 36 34 25 27 86 647 22 3017 34 201 154 30 119 447 23 24 24 2643 29 20 532 1374 171 467 35 149 27 13027 31 197 67 97 24 23 62 248 32 2048 20
internal_value=0.00480335 1.46188 -3.45397 1.6606 0.4424 -0.91679 -2.52511 2.20072 1.82017 -0.551426 4.45648 1.34206 2.32162 1.31585 -0.442496 2.92798 -2.86415 -2.44155 2.01175 -9.19516 1.07463 -8.65469 -0.91972 1.75095 -7.852 3.09297 6.3244 3.80267 3.09466 2.64826 -0.651241 -0.770204 -1.36324 1.24541 -1.72215 -0.572167 1.59009 1.67367 1.3449 -7.10254 -0.678056 -5.13306 2.18576 0.1385 1.4196 6.60569 4.29006 3.64892 0.278389 -0.129195 -0.193027 2.50797
internal_weight=30585 8449 327 8122 2496 1449 894 5626 4817 22136 809 179 1047 1122 565 210 100 355 1024 148 3040 68 287 332 57 1777 477 43 557 533 21014 18263 4569 552 4017 13694 638 555 185 126 13056 99 509 2751 474 79 55 159 315 2277 2225 52
internal_count=30585 8449 327 8122 2496 1449 894 5626 4817 22136 809 179 1047 1122 565 210 100 355 1024 148 3040 68 287 332 57 1777 477 43 557 533 21014 18263 4569 552 4017 13694 638 555 185 126 13056 99 509 2751 474 79 55 159 315 2277 2225 52
is_linear=0
shrinkage=0.05


Tree=72
num_leaves=48
num_cat=0
split_feature=5 4 11 12 4 3 3 3 4 12 2 2 4 2 3 2 0 0 12 12 4 12 8 12 12 5 12 0 2 0 5 12 3 0 0 12 5 8 8 2 5 8 0 3 5 12 8
split_gain=9.01751e+06 2.54167e+06 2.0079e+06 1.97293e+06 2.12647e+06 1.95518e+06 1.74509e+06 1.39753e+06 1.17336e+06 1.23049e+06 1.17071e+06 1.14715e+06 1.1451e+06 1.12269e+06 1.09028e+06 1.03284e+06 1.55644e+06 996422 1.27835e+06 956973 884652 866460 844829 822953 796685 780086 729123 718433 712950 686922 1.89436e+06 636431 494774 470432 700233 429718 423497 379723 283394 274628 275686 477122 272020 258860 248012 220829 201103
threshold=1720.0260074008504 1287.4162629641171 1.0000000180025095e-35 7.3876658500000003 1412.3653628747913 470.01500000000004 -883.02499999999998 1.0000000180025095e-35 1891.7903955454069 15.288784250000001 1.0744194733865047 2.2357967022157044 1053.7360194662817 2.1325599351779121 220.00500000000002 0.88956653374640193 0.46247628993629081 0.43968005264420923 6.9484064500000011 5.4516483000000013 1135.0050216201496 12.858758750000002 0.6078576107927941 9.0393680000000014 12.496859000000002 1274.0841273047001 9.089140500000001 0.46247628993629081 1.6073739134340836 0.37523589363555793 1433.9411256865305 13.170073500000003 961.81500000000017 0.43747898452485617 0.52523448816046336 1.9015510500000001 2199.3054585573159 -0.8783796973249266 -0.60785761079279388 1.751675890789637 2019.4196213484609 1.0000000180025095e-35 0.38587442491302326 961.81500000000017 1444.143480146038 7.2245507500000006 1.0000000180025095e-35
decision_type=2 2 2 2 2 2 2 2 2 2 2 2 2 2 2 2 2 2 2 2 2 2 2 2 2 2 2 2 2 2 2 2 2 2 2 2 2 2 2 2 2 2 2 2 2 2 2
left_child=1 10 3 5 23 17 33 21 9 -6 12 13 29 14 -8 16 -14 18 -2 -19 -17 28 35 36 -10 -13 27 45 38 30 -1 -25 -31 42 44 -7 -5 -29 -4 40 41 -9 -3 -24 -35 -12 -28
right_child=2 6 7 4 8 22 11 39 24 -11 26 25 15 -15 -16 20 -18 19 -20 -21 -22 -23 43 31 -26 -27 46 37 -30 32 -32 -33 -34 34 -36 -37 -38 -39 -40 -41 -42 -43 -44 -45 -46 -47 -48
leaf_value=-0.33147921662848834 1.7718673466150485 -4.3719211338727906 -11.65550697185375 17.721394933064779 0.34461301624448781 -3.2981311586380011 0.50334247208800376 -3.4708132771934785 3.8113650464596107 9.5748381469124251 1.5745550169446032 1.5835869856803648 1.7828982927395192 -9.1518346827370785 2.6677478725170154 -1.9732468968883561 11.423472713110399 0.0080130877391526006 -4.1830614290574584 -3.9175306454632022 0.98577651593834159 -15.673895892013205 6.8693206223845484 3.0369422392964363 1.7933541034725664 12.948845814791595 -12.344409466552733 0.55638783174402573 1.1671899517162427 -0.91018143171631449 8.3149312961101529 11.174467604666045 2.5222173891652306 -6.5792677096662864 -0.53719508545739314 3.7767054153172412 8.8756059181279152 -5.3424592556371255 -4.2988820844377793 -2.9519822829246523 7.8170652268149645 6.1442864321668944 1.7678433660549278 13.651248106161754 -14.478555399703978 -2.3842782740105282 -5.1505833866963027
leaf_weight=6227 1014 37 25 22 729 23 3191 26 1368 36 96 29 296 26 710 368 47 552 97 214 794 20 62 98 770 31 23 32 35 12691 62 31 104 27 26 168 56 170 33 23 20 22 32 22 23 53 24
leaf_count=6227 1014 37 25 22 729 23 3191 26 1368 36 96 29 296 26 710 368 47 552 97 214 794 20 62 98 770 31 23 32 35 12691 62 31 104 27 26 168 56 170 33 23 20 22 32 22 23 53 24
internal_value=0.00470396 -0.395818 1.84478 2.03374 2.83881 0.868712 0.737434 -3.00169 2.48599 0.802817 -0.618987 0.934262 -0.566877 0.827274 0.898441 0.760209 3.16249 0.289698 1.24536 -1.09602 0.046883 -6.66786 4.7901 7.71562 3.08694 7.684 -3.29836 -2.48388 -4.44183 -0.671602 -0.243622 5.13326 -0.881892 -4.61369 -7.27967 2.89939 11.7513 -4.41167 -7.75274 1.59625 3.17508 1.0055 -1.55483 8.92176 -10.6301 0.153418 -9.03123
internal_weight=30585 25119 5466 5262 3110 2152 4132 204 2903 765 20987 3987 20589 3927 3901 1505 343 1877 1111 766 1162 113 275 207 2138 60 398 351 93 19084 6289 129 12795 145 76 191 78 202 58 91 68 48 69 84 50 149 47
internal_count=30585 25119 5466 5262 3110 2152 4132 204 2903 765 20987 3987 20589 3927 3901 1505 343 1877 1111 766 1162 113 275 207 2138 60 398 351 93 19084 6289 129 12795 145 76 191 78 202 58 91 68 48 69 84 50 149 47
is_linear=0
shrinkage=0.05


Tree=73
num_leaves=48
num_cat=0
split_feature=5 4 0 1 5 4 1 12 2 4 1 1 2 0 1 5 2 4 5 2 12 8 0 12 0 2 5 1 12 0 9 0 1 4 12 1 2 2 6 12 12 4 2 4 8 8 12
split_gain=8.14555e+06 2.29253e+06 1.77033e+06 1.46031e+06 1.68636e+06 1.13187e+06 1.37832e+06 1.0692e+06 1.06136e+06 1.03461e+06 1.02247e+06 936655 934604 1.41168e+06 863671 1.65498e+06 805662 798771 757715 750269 747938 1.68926e+06 2.29294e+06 1.3298e+06 781754 1.14597e+06 741402 701904 665330 648924 640321 778675 771945 767462 679673 571548 565126 466512 450612 445066 540961 466795 424691 368582 343289 183086 164087
threshold=1720.0260074008504 1287.4162629641171 0.53149732641519176 0.068650442830567884 3199.5985812441477 1426.8210489660182 0.13921441832033407 7.9153435000000014 1.0744194733865047 1053.7360194662817 0.060107392327039592 0.17754724334573557 0.88956653374640193 0.46247628993629081 0.15497246883075538 1420.263053060253 0.78155636014164276 1135.0050216201496 431.30090789025417 1.0660977007725549 6.4001635000000006 -0.60785761079279388 0.34237834223387709 6.7830116500000015 0.56835695140508702 1.780764062319619 1268.8517386490414 0.039993468407515442 9.089140500000001 0.46247628993629081 0.81174490092936691 0.44072558017973784 0.045913702563450197 2273.1114059773076 7.3876658500000003 0.050905046000759353 1.6801335669556734 1.751675890789637 -0.60355339059327362 1.0736411000000003 6.1802585000000008 1860.6573161070698 2.1325599351779121 1603.25204566808 -0.8783796973249266 1.0000000180025095e-35 8.6653200000000012
decision_type=2 2 2 2 2 2 2 2 2 2 2 2 2 2 2 2 2 2 2 2 2 2 2 2 2 2 2 2 2 2 2 2 2 2 2 2 2 2 2 2 2 2 2 2 2 2 2
left_child=1 8 3 30 5 6 -5 -7 9 14 18 39 13 -11 15 -1 -16 -14 27 -13 24 22 -22 -23 25 -12 37 -3 29 38 33 32 -32 34 -2 -35 -33 -20 -10 -4 41 -41 -6 -28 -31 -30 -44
right_child=2 10 11 4 42 7 -8 -9 28 12 20 19 17 -15 16 -17 -18 -19 26 -21 21 23 -24 -25 -26 -27 43 -29 45 44 31 36 -34 35 -36 -37 -38 -39 -40 40 -42 -43 46 -45 -46 -47 -48
leaf_value=-0.59473101044881271 -0.16480624290350676 -9.5629470763887667 -7.3739826925595615 6.4353862170358402 13.446856339194557 -0.70395295291808968 0.49937091704209646 1.4129313614407313 3.5684266707856773 1.6943516627894153 0.55293119085943132 -1.8822144473682751 -1.8751178422481627 10.875612315742337 -1.4922314696422969 4.2646827545947277 -5.9155072969250977 0.93661154318848938 3.1640992274157056 -15.479166147708893 -18.315161987940471 -6.3900680974077009 -2.395486438149498 1.3330498511035695 -7.9308836044549951 5.3827577857264766 0.46799735481894295 1.6331017632320011 -11.776566723632811 0.53020490954903987 3.7820676218195164 4.3335030710697175 9.52867687970957 4.1772081925945406 2.7824360470831255 1.5144821295034971 -5.393461884600776 9.0921971977079235 -2.0064427136233514 4.3899327582026286 -6.0258592524673 -1.0117761143337598 8.2322546152166414 2.5057174513349447 -5.0784423356555237 -4.9128641044176549 3.8202062029078387
leaf_weight=17596 365 26 22 197 20 946 193 1608 57 296 1369 20 368 47 1202 175 111 794 410 20 22 59 418 646 23 133 619 27 23 32 139 30 105 778 419 276 26 35 92 61 31 108 35 345 170 24 67
leaf_count=17596 365 26 22 197 20 946 193 1608 57 296 1369 20 368 47 1202 175 111 794 410 20 22 59 418 646 23 133 619 27 23 32 139 30 105 778 419 276 26 35 92 61 31 108 35 345 170 24 67
internal_value=0.0045707 -0.376095 1.75342 1.95548 1.25474 1.01341 3.51537 0.628899 -0.588043 -0.538427 0.700184 -2.24441 0.72301 3.00819 -0.637972 -0.546403 -1.8746 0.0444538 1.76212 -9.09418 0.117819 -0.847124 -3.27075 0.670463 0.842481 0.987198 1.98451 -4.00723 -3.13922 -2.36127 2.95826 5.10099 6.31238 2.60336 1.41338 3.48414 -0.212756 3.66896 0.145209 -0.940016 -0.166252 0.966464 6.96797 1.20095 -4.19343 -8.61538 5.46339
internal_weight=30585 25119 5466 5204 3066 2944 390 2554 20987 20589 4132 262 1505 343 19084 17771 1313 1162 1462 40 2670 1145 440 705 1525 1502 1409 53 398 351 2138 300 244 1838 784 1054 56 445 149 222 200 169 122 964 202 47 102
internal_count=30585 25119 5466 5204 3066 2944 390 2554 20987 20589 4132 262 1505 343 19084 17771 1313 1162 1462 40 2670 1145 440 705 1525 1502 1409 53 398 351 2138 300 244 1838 784 1054 56 445 149 222 200 169 122 964 202 47 102
is_linear=0
shrinkage=0.05


Tree=74
num_leaves=49
num_cat=0
split_feature=5 4 3 11 6 3 12 3 12 0 4 8 2 4 5 2 5 2 13 8 6 0 6 2 2 3 0 8 5 2 12 0 5 12 12 3 5 5 6 2 0 8 5 12 0 2 8 0
split_gain=7.36193e+06 2.06016e+06 1.60966e+06 1.54102e+06 2.08466e+06 1.81727e+06 1.55407e+06 2.22282e+06 1.51838e+06 1.55229e+06 1.21869e+06 1.24554e+06 966163 1.02528e+06 1.79859e+06 1.26773e+06 1.18885e+06 872789 834753 811576 784014 2.05979e+06 793398 775385 818191 654701 651246 944999 796848 768496 607249 586585 569344 539260 517153 433442 1.05408e+06 646808 407934 382875 337066 310352 273525 189193 179501 167663 166684 131901
threshold=1769.3285804849877 1287.4162629641171 -116.63 1.0000000180025095e-35 -0.70710678118654735 120.40000000000002 7.9153435000000014 470.01500000000004 9.089140500000001 0.33424065636252248 2970.0870861186709 -0.8783796973249266 1.0744194733865047 478.45318210849354 1468.1825736499293 1.0090803937399995 1444.143480146038 2.1005746971663721 2.4850292000000005 0.6078576107927941 0.12940952255126043 0.50247997818105761 -0.70710678118654735 2.2357967022157044 2.1325599351779121 220.00500000000002 0.43747898452485617 -0.60785761079279388 1506.3969027476808 1.7263873213943486 9.089140500000001 0.46247628993629081 1928.6294953818244 6.9484064500000011 5.4148311500000004 -124.03499999999998 1402.6237858425727 1420.263053060253 -0.60355339059327362 1.4830555386580693 0.38783451371388872 -0.8783796973249266 2055.8953207150594 11.054572500000001 0.41395719680044479 1.1203122761564617 1.0000000180025095e-35 0.42420831803485737
decision_type=2 2 2 2 2 2 2 2 2 2 2 2 2 2 2 2 2 2 2 2 2 2 2 2 2 2 2 2 2 2 2 2 2 2 2 2 2 2 2 2 2 2 2 2 2 2 2 2
left_child=1 12 26 6 42 32 7 20 9 -8 18 -12 13 35 16 -16 -15 -11 -10 34 22 -22 -2 24 25 -4 44 28 -28 -29 31 38 -6 -25 -9 36 -1 -37 -14 -7 -21 -33 -5 -34 45 -3 -32 -46
right_child=3 2 23 4 5 39 8 19 10 17 11 -13 30 14 15 -17 -18 -19 -20 40 21 -23 -24 33 -26 -27 27 29 -30 -31 46 41 43 -35 -36 37 -38 -39 -40 -41 -42 -43 -44 -45 47 -47 -48 -49
leaf_value=-1.6714022199103882 0.61163241061191664 1.1336414614253785 0.6306342229708447 1.4240614151373145 -3.7181883972167977 5.3260660825456903 -5.5304964318275456 1.4196798947234366 5.4837783461508991 8.5652647751598554 -1.2005984661395734 6.6098511095455201 3.3960535523952071 -0.2260985467813118 6.0346270110318958 -4.0647620733160723 -8.8627348809242257 3.63335709096412 1.4637696736435171 5.1669978444576259 3.2017766572659214 -1.8874315160120787 -2.0643797995058484 10.26927854688544 -7.7602001656426314 2.2507385746353079 -3.349495444191827 -3.185691988559233 -13.501318548102129 5.2851520312916156 -11.234844515609741 0.50525407426497515 -10.166250682060536 1.0420302079518637 6.8295079718063123 -0.83416960880324609 -10.69517884172712 3.6825922839492558 -1.9082550227768877 -3.3986207016654641 11.919921801430839 -4.8274728132957643 7.7539125150442123 -17.695668424523394 5.258546960664833 -1.6199697245357016 -4.6861164962328408 -0.088515915679931639
leaf_weight=452 639 77 2906 39 23 26 28 134 137 205 63 255 57 10421 180 36 38 167 1895 38 574 302 486 36 25 793 43 142 36 31 23 32 37 28 65 9372 33 78 92 21 47 170 30 21 21 184 24 23
leaf_count=452 639 77 2906 39 23 26 28 134 137 205 63 255 57 10421 180 36 38 167 1895 38 574 302 486 36 25 793 43 142 36 31 23 32 37 28 65 9372 33 78 92 21 47 170 30 21 21 184 24 23
internal_value=0.00432284 -0.348104 0.642756 1.71158 -2.60787 -6.3499 1.88155 0.916707 2.682 5.5252 2.19376 5.06465 -0.553081 -0.505791 -0.165524 4.32952 -0.259166 6.38249 1.73993 5.03995 0.327049 1.44697 -0.546012 1.01193 0.916183 0.978986 -1.8625 -3.73272 -8.19484 -1.62471 -2.98718 -2.24405 -10.8006 6.38634 3.23711 -0.871294 -2.3268 -0.796117 0.138981 1.44809 9.08921 -3.98599 4.31714 -13.3915 -0.30299 -0.80514 -8.21868 2.58106
internal_weight=30585 25353 4345 5232 197 128 5035 2285 2750 400 2350 318 21008 20610 10675 216 10459 372 2032 284 2001 876 1125 3788 3724 3699 557 252 79 173 398 351 81 64 199 9935 485 9450 149 47 85 202 69 58 305 261 47 44
internal_count=30585 25353 4345 5232 197 128 5035 2285 2750 400 2350 318 21008 20610 10675 216 10459 372 2032 284 2001 876 1125 3788 3724 3699 557 252 79 173 398 351 81 64 199 9935 485 9450 149 47 85 202 69 58 305 261 47 44
is_linear=0
shrinkage=0.05


Tree=75
num_leaves=56
num_cat=0
split_feature=5 1 3 1 11 6 3 2 5 0 7 0 7 8 7 3 0 13 0 7 2 5 3 2 0 8 7 2 3 1 2 3 13 1 13 3 1 13 8 5 2 13 7 8 0 13 13 13 13 3 13 13 1 8 1
split_gain=6.69574e+06 2.44775e+06 2.20519e+06 1.51328e+06 1.35491e+06 1.27235e+06 1.17219e+06 1.64258e+06 1.16757e+06 1.1158e+06 1.20446e+06 1.648e+06 921660 908941 1.6739e+06 1.21318e+06 878806 861875 805200 2.3038e+06 3.32109e+06 2.1562e+06 939063 795263 795054 1.17477e+06 736512 675382 664020 1.12885e+06 834994 630877 626341 934718 911095 595394 502491 617281 499741 516181 497948 489515 462344 800961 393450 377520 372141 362990 318635 288355 261008 206928 173593 146308 92417.2
threshold=1049.3359823433866 0.07815191598035949 -0.99500000000000444 0.21364731160036707 1.0000000180025095e-35 -0.70710678118654735 269.00500000000005 2.2824269971427964 3151.2881327577629 0.31751194927847143 -0.5 0.40477431254662516 1.0000000180025095e-35 -1.0000000180025095e-35 -0.12940952255126034 399.99999999999994 0.5807555267335488 12.623879500000003 0.45590199492226907 -0.37940952255126009 0.4876541357785617 133.87200642658311 141.00500000000002 0.85113922257099039 0.41395719680044479 -1.0000000180025095e-35 -0.78656609248549325 1.7085644401503672 195.01000000000013 0.11733491081238621 1.3304648649751376 1099.9950000000001 11.155399000000001 0.10819214303813932 6.7243786500000011 298.97000000000008 0.15094606262164065 9.2762287500000014 -1.0000000180025095e-35 28.63519445162547 1.1631911838847659 5.2602615000000013 -0.5 -0.8783796973249266 0.31103600456163433 11.600006500000001 7.4513578500000008 10.663266500000001 9.1386335000000027 -0.20500000000001248 11.259541500000003 6.6251917000000011 0.14429117344799927 -1.0000000180025095e-35 0.052591713138037864
decision_type=2 2 2 2 2 2 2 2 2 2 2 2 2 2 2 2 2 2 2 2 2 2 2 2 2 2 2 2 2 2 2 2 2 2 2 2 2 2 2 2 2 2 2 2 2 2 2 2 2 2 2 2 2 2 2
left_child=18 6 3 4 17 -6 7 16 13 41 11 -11 -5 14 -4 -15 23 -3 21 20 38 24 27 -2 -1 -26 44 40 49 30 -30 -12 34 -34 -22 -28 53 -38 46 -40 -23 54 43 -9 -24 -14 -20 -44 -31 50 -21 -43 -51 -10 -8
right_child=1 2 8 12 5 -7 9 42 36 10 31 -13 45 15 -16 -17 -18 -19 19 28 32 22 26 -25 25 -27 35 -29 29 48 -32 -33 33 -35 -36 -37 37 -39 39 -41 -42 51 47 -45 -46 -47 -48 -49 -50 52 -52 -53 -54 -55 -56
leaf_value=14.702713866410432 3.3336022820559963 0.45842705243363951 -1.9520417900603837 -15.300035868326823 4.4010106019540265 -9.2689504468581259 15.27753814870661 -5.1420334047079095 10.1052389521069 2.8049663940238951 3.6773590172834698 -4.1897272266365411 -7.5382651462554939 0.72933039153704704 1.0250652782928467 3.5595483679033837 -8.3314258182525638 -2.6396569318973535 -0.75522964996864661 -0.51657307321888224 -3.320697614716702 -0.44615318167171947 4.4115456219095934 0.84027231982673989 -1.1324666725716941 12.875611243974417 1.1526137676093784 8.0919308007281767 1.3941846072222734 1.9496425554026731 7.7238436655138365 11.305823531068604 -1.9686181212216614 -11.11589710135209 -10.804232120164237 5.2835574247762569 6.0593511683146168 -4.4761224121313834 6.150784680424259 -0.47960379120167085 -3.291533767687969 1.8964587262272836 7.0091960392013579 3.538122866342527 -1.0306870178900884 1.1092536913830302 -3.041231551283003 3.4535613144884176 -4.762434288838814 -0.27629416636373078 -1.6516175777645619 8.101322584505434 -1.3809250089784366 5.4884971663047528 8.5433392175038652
leaf_weight=25 352 652 801 28 20 83 20 30 34 248 598 125 28 2173 1144 457 23 340 294 900 59 10999 36 3350 39 22 195 21 368 21 59 27 110 36 148 158 28 24 30 353 154 30 154 159 262 21 456 147 85 2990 1164 25 402 56 22
leaf_count=25 352 652 801 28 20 83 20 30 34 248 598 125 28 2173 1144 457 23 340 294 900 59 10999 36 3350 39 22 195 21 368 21 59 27 110 36 148 158 28 24 30 353 154 30 154 159 262 21 456 147 85 2990 1164 25 402 56 22
internal_value=0.00405674 0.977308 0.275211 -1.66408 -1.17957 -6.58127 1.75556 1.37575 0.757554 3.21242 2.70344 0.451043 -8.34983 0.617734 -0.201726 1.22345 1.01648 -0.606586 -0.558218 -0.964929 -2.72579 -0.302858 -0.360828 1.07902 7.49496 4.16791 1.48235 -0.468459 -0.527256 1.15424 2.30072 4.04193 -6.94677 -4.34388 -8.72346 3.02096 5.19117 1.21104 -1.40077 0.068989 -0.486026 8.28872 4.09169 2.12088 -0.348192 -3.93392 -2.14952 5.307 -3.42116 -0.691886 -1.15767 4.90223 -0.407947 7.41442 12.2989
internal_weight=30585 11199 5889 1172 1095 103 5310 4215 4717 1095 998 373 77 4575 1945 2630 3725 992 19386 7475 1486 11911 11825 3702 86 61 651 11174 5989 533 427 625 353 146 207 353 142 52 1133 383 11153 97 490 189 298 49 750 301 106 5456 2064 55 3392 90 42
internal_count=30585 11199 5889 1172 1095 103 5310 4215 4717 1095 998 373 77 4575 1945 2630 3725 992 19386 7475 1486 11911 11825 3702 86 61 651 11174 5989 533 427 625 353 146 207 353 142 52 1133 383 11153 97 490 189 298 49 750 301 106 5456 2064 55 3392 90 42
is_linear=0
shrinkage=0.05


Tree=76
num_leaves=44
num_cat=0
split_feature=5 5 11 7 2 12 3 3 3 2 12 0 0 7 12 7 5 12 0 2 6 0 5 8 5 0 7 3 5 8 8 9 7 0 3 3 2 0 7 5 3 3 12
split_gain=6.10906e+06 1.62457e+06 1.34304e+06 3.1376e+06 1.3899e+06 1.42878e+06 1.56458e+06 1.29065e+06 1.17523e+06 1.04526e+06 3.38206e+06 3.70982e+06 1.03426e+06 1.97738e+06 963994 957692 1.28432e+06 1.01615e+06 943420 863860 711556 829787 733470 691838 649178 645710 623170 585419 560458 722959 544574 528466 511229 1.54609e+06 672160 371929 282090 272309 363821 202437 174670 119857 82302.8
threshold=1769.3285804849877 964.05262549549161 1.0000000180025095e-35 -0.12940952255126034 0.87297218027408441 7.9153435000000014 470.01500000000004 1099.9950000000001 -153.40499999999994 1.751675890789637 8.4929780000000026 0.50597469630126457 0.37329506931008494 1.0000000180025095e-35 11.730971500000001 -0.9829629131445341 2148.5964702371089 9.089140500000001 0.50247997818105761 0.060841725232787365 0.12940952255126043 0.52833776859824166 2396.8939039273037 -0.60785761079279388 1317.5944467224513 0.5807555267335488 0.1294095225512602 46.885000000000026 2019.4196213484609 1.0000000180025095e-35 1.0000000180025095e-35 1.0000000180025095e-35 -0.60355339059327384 0.48384259119072681 195.01000000000013 -747.82499999999993 0.81112218353311982 0.36045719316488051 -0.5 937.00950936752349 1.0049999999999957 9.8649999999999824 8.4929780000000026
decision_type=2 2 2 2 2 2 2 2 2 2 2 2 2 2 2 2 2 2 2 2 2 2 2 2 2 2 2 2 2 2 2 2 2 2 2 2 2 2 2 2 2 2 2
left_child=1 25 4 23 19 6 18 9 -5 12 11 -11 14 -14 -3 16 -7 -17 -6 -2 22 -22 -21 -4 -9 27 -8 37 29 -10 -25 -12 33 -29 -34 -27 40 39 -39 -1 -37 -38 -30
right_child=2 7 3 8 5 15 26 24 28 10 31 -13 13 -15 -16 17 -18 -19 -20 20 21 -23 -24 30 -26 35 -28 32 42 -31 -32 -33 34 -35 -36 36 41 38 -40 -41 -42 -43 -44
leaf_value=-0.32706693055031943 -4.014388202320446 0.63403421083681588 -16.169821458324311 -7.9637082498723819 0.58568009142522803 1.3848569535342132 7.1417465267543285 3.0558968839129887 -3.2876015559605194 11.267387394464535 0.24836400183764373 -1.5816058416664602 -1.9157190842581575 0.47343573415637413 4.1491960240557724 4.901476784950944 -11.968880827162002 2.0701114020129134 -2.4696738142871539 -0.098232116160854227 11.162323126082725 -0.04832349343733354 9.3701066207885741 -0.63249042474306538 13.844038451004028 -7.3002649627998473 1.932171231565937 0.022821934446117131 5.6499616328152751 7.7319070685826823 -11.133340883988602 -9.3717859909485792 0.052431708204697315 -4.9982488746262268 2.0978310944649663 -2.0816744358123898 -8.0605274946039369 -1.3342334956019481 -0.61556726243639226 4.3770426219442617 -0.3727040598983587 -3.1507788730802995 11.199612372207641
leaf_weight=4334 20 2331 29 20 1628 53 110 35 33 136 20 94 1341 2437 211 370 25 2209 297 60 92 20 29 24 23 30 122 1034 20 24 24 47 1612 178 533 402 20 2262 7973 21 239 40 23
leaf_count=4334 20 2331 29 20 1628 53 110 35 33 136 20 94 1341 2437 211 370 25 2209 297 60 92 20 29 24 23 30 122 1034 20 24 24 47 1612 178 533 402 20 2262 7973 21 239 40 23
internal_value=0.00405548 -0.316985 1.55927 -2.47301 1.71795 1.53843 0.58161 0.35246 2.58239 0.286176 3.17494 6.04767 0.14946 -0.375158 0.928847 2.31417 -3.08735 2.4798 0.112206 5.5796 6.5644 9.19465 3.12503 -10.2175 7.6529 -0.556238 4.44218 -0.496764 4.80645 1.45692 -6.11833 -6.57607 0.0985198 -0.721611 0.562166 -2.01107 -1.76458 -0.633727 -0.774627 -0.302384 -1.44763 -4.99467 8.98432
internal_weight=30585 25353 5232 197 5035 4814 2157 6675 120 6617 297 230 6320 3778 2542 2657 78 2579 1925 221 201 112 89 77 58 18678 232 17947 100 57 48 67 3357 1212 2145 731 701 14590 10235 4355 641 60 43
internal_count=30585 25353 5232 197 5035 4814 2157 6675 120 6617 297 230 6320 3778 2542 2657 78 2579 1925 221 201 112 89 77 58 18678 232 17947 100 57 48 67 3357 1212 2145 731 701 14590 10235 4355 641 60 43
is_linear=0
shrinkage=0.05


Tree=77
num_leaves=39
num_cat=0
split_feature=5 3 5 1 11 7 9 7 3 7 1 3 3 1 1 13 1 1 1 8 1 5 5 5 8 12 8 3 5 3 1 3 5 12 3 7 6 1
split_gain=5.51408e+06 1.49071e+06 1.38851e+06 1.31899e+06 1.25892e+06 2.85329e+06 1.31964e+06 2.52002e+06 1.26778e+06 1.1551e+06 1.08655e+06 1.0845e+06 1.07065e+06 993282 956734 1.00328e+06 877764 807977 653850 628036 601067 847237 591341 510042 495465 438650 435508 1.21763e+06 908770 367948 352480 318057 287254 391641 283093 503024 214149 124419
threshold=1769.3285804849877 -0.99500000000000444 964.05262549549161 0.24704976018373964 1.0000000180025095e-35 -0.12940952255126034 0.81174490092936691 -0.12940952255126034 -638.51999999999987 -0.9829629131445341 0.13921441832033407 1099.9950000000001 -153.40499999999994 0.12518859740352525 0.10659098059708945 3.6460223500000004 0.22031234280403358 0.18946953262365177 0.013995159570631138 -0.60785761079279388 0.081621406900387647 910.35760903550988 1317.5944467224513 2019.4196213484609 1.0000000180025095e-35 6.5619832500000008 -1.0000000180025095e-35 -298.96999999999997 28.63519445162547 -1376.3749999999998 0.16073202496419656 -499.99999999999983 331.65594811364673 7.4403535000000014 64.395000000000024 -0.37940952255126009 -0.78656609248549292 0.055233735923400369
decision_type=2 2 2 2 2 2 2 2 2 2 2 2 2 2 2 2 2 2 2 2 2 2 2 2 2 2 2 2 2 2 2 2 2 2 2 2 2 2
left_child=1 16 30 4 6 19 8 9 10 -8 -2 14 -7 -9 18 -16 20 -10 -4 -6 21 31 -13 -14 -21 -18 27 -22 -28 -23 34 -1 33 -32 37 -36 -34 -3
right_child=3 2 11 -5 5 12 7 13 17 -11 -12 22 23 -15 15 -17 25 -19 -20 24 26 29 -24 -25 -26 -27 28 -29 -30 -31 32 -33 36 -35 35 -37 -38 -39
leaf_value=-4.1581941925389554 0.13762595125991028 -0.20952052196711823 5.8854353960121379 -8.0631474069754283 -15.413491126644997 -7.6017215173894712 -3.7342962307400178 2.0936580146243795 1.7742489882881067 7.1351636532767788 -6.2354526092193936 2.91136123090177 1.3916064782870019 -4.0647843759981068 5.4180145655406848 -0.60062972404885118 -1.2150150701274043 -1.6777206788304146 0.93082860620581753 -0.60329861530890838 -4.9425418728108994 -4.8037521111965189 13.207212783145904 8.5725543520450582 -10.619494519600501 -10.43738396220737 8.0756607573372978 -1.2615795249132224 -0.99918756773860551 1.5234320807081909 -6.8575655143077556 -0.67605800418045925 -4.0924199981766716 0.90631038742065417 -0.61129114106738747 0.87366423604429855 -0.74788868344471648 -0.56939034520144804
leaf_weight=65 252 4419 66 34 29 20 25 254 3757 362 89 35 57 86 70 1810 21 176 3420 24 283 22 23 43 24 34 26 1073 1960 586 50 3305 52 23 1028 1276 437 5269
leaf_count=65 252 4419 66 34 29 20 25 254 3757 362 89 35 57 86 70 1810 21 176 3420 24 283 22 23 43 24 34 26 1073 1960 586 50 3305 52 23 1028 1276 437 5269
internal_value=0.00386726 -0.301139 -0.055546 1.48141 1.54691 -2.3567 1.70157 3.66892 1.36536 6.4174 -1.55237 0.612823 2.4642 0.521259 0.537866 -0.371009 -0.899642 1.619 1.02796 -9.74204 -0.851265 -0.435638 7.29843 4.58701 -5.83595 -7.08239 -1.34543 -2.03596 -0.872376 1.27948 -0.344369 -0.745649 -1.56605 -4.45241 -0.286863 0.211148 -1.11878 -0.40532
internal_weight=30585 25353 17978 5232 5198 197 5001 727 4274 387 341 5424 120 340 5366 1880 7375 3933 3486 77 7320 3978 58 100 48 55 3342 1356 1986 608 12554 3370 562 73 11992 2304 489 9688
internal_count=30585 25353 17978 5232 5198 197 5001 727 4274 387 341 5424 120 340 5366 1880 7375 3933 3486 77 7320 3978 58 100 48 55 3342 1356 1986 608 12554 3370 562 73 11992 2304 489 9688
is_linear=0
shrinkage=0.05


end of trees

feature_importances:
renewable_saturation=635
price_ptf_lag_168h=563
price_ptf_lag_24h=520
reserve_margin_ratio=504
system_short_signal=439
temp_national=340
hour_cos=317
spark_spread_proxy=257
dow_sin_x=209
dow_cos_x=155
HDD=114
is_holiday_day=107
hour_sin=84
is_weekend_x=28

parameters:
[boosting: gbdt]
[objective: regression]
[metric: l1]
[tree_learner: serial]
[device_type: cpu]
[data_sample_strategy: bagging]
[data: ]
[valid: ]
[num_iterations: 800]
[learning_rate: 0.05]
[num_leaves: 63]
[num_threads: 11]
[seed: 42]
[deterministic: 0]
[force_col_wise: 0]
[force_row_wise: 1]
[histogram_pool_size: -1]
[max_depth: 6]
[min_data_in_leaf: 20]
[min_sum_hessian_in_leaf: 0.001]
[bagging_fraction: 0.8]
[pos_bagging_fraction: 1]
[neg_bagging_fraction: 1]
[bagging_freq: 0]
[bagging_seed: 400]
[bagging_by_query: 0]
[feature_fraction: 0.8]
[feature_fraction_bynode: 1]
[feature_fraction_seed: 30056]
[extra_trees: 0]
[extra_seed: 12879]
[early_stopping_round: 0]
[early_stopping_min_delta: 0]
[first_metric_only: 0]
[max_delta_step: 0]
[lambda_l1: 0.1]
[lambda_l2: 2]
[linear_lambda: 0]
[min_gain_to_split: 0]
[drop_rate: 0.1]
[max_drop: 50]
[skip_drop: 0.5]
[xgboost_dart_mode: 0]
[uniform_drop: 0]
[drop_seed: 17869]
[top_rate: 0.2]
[other_rate: 0.1]
[min_data_per_group: 100]
[max_cat_threshold: 32]
[cat_l2: 10]
[cat_smooth: 10]
[max_cat_to_onehot: 4]
[top_k: 20]
[monotone_constraints: ]
[monotone_constraints_method: basic]
[monotone_penalty: 0]
[feature_contri: ]
[forcedsplits_filename: ]
[refit_decay_rate: 0.9]
[cegb_tradeoff: 1]
[cegb_penalty_split: 0]
[cegb_penalty_feature_lazy: ]
[cegb_penalty_feature_coupled: ]
[path_smooth: 0]
[interaction_constraints: ]
[verbosity: -1]
[saved_feature_importance_type: 0]
[use_quantized_grad: 0]
[num_grad_quant_bins: 4]
[quant_train_renew_leaf: 0]
[stochastic_rounding: 1]
[linear_tree: 0]
[max_bin: 255]
[max_bin_by_feature: ]
[min_data_in_bin: 3]
[bin_construct_sample_cnt: 200000]
[data_random_seed: 175]
[is_enable_sparse: 1]
[enable_bundle: 1]
[use_missing: 1]
[zero_as_missing: 0]
[feature_pre_filter: 1]
[pre_partition: 0]
[two_round: 0]
[header: 0]
[label_column: ]
[weight_column: ]
[group_column: ]
[ignore_column: ]
[categorical_feature: ]
[forcedbins_filename: ]
[precise_float_parser: 0]
[parser_config_file: ]
[objective_seed: 16083]
[num_class: 1]
[is_unbalance: 0]
[scale_pos_weight: 1]
[sigmoid: 1]
[boost_from_average: 1]
[reg_sqrt: 0]
[alpha: 0.9]
[fair_c: 1]
[poisson_max_delta_step: 0.7]
[tweedie_variance_power: 1.5]
[lambdarank_truncation_level: 30]
[lambdarank_norm: 1]
[label_gain: ]
[lambdarank_position_bias_regularization: 0]
[eval_at: ]
[multi_error_top_k: 1]
[auc_mu_weights: ]
[num_machines: 1]
[local_listen_port: 12400]
[time_out: 120]
[machine_list_filename: ]
[machines: ]
[gpu_platform_id: -1]
[gpu_device_id: -1]
[gpu_use_dp: 0]
[num_gpu: 1]

end of parameters

pandas_categorical:[]
