tree
version=v4
num_class=1
num_tree_per_iteration=1
label_index=0
max_feature_idx=14
objective=regression
feature_names=reserve_margin_ratio renewable_saturation spark_spread_proxy system_short_signal price_ptf_lag_24h price_ptf_lag_168h hour_sin hour_cos dow_sin_x dow_cos_x is_weekend_x is_holiday_day temp_national HDD CDD
feature_infos=[0.10296164692965946:0.70241138145944593] [0.0021784835942654911:0.31010744646373994] [0:2.6401914138775062] [-4150:4300.0100000000002] [0:3444.3599598399201] [0:3444.3599598399201] [-1:1] [-1:1] [-0.97492791218182362:0.97492791218182362] [-0.90096886790241903:1] [0:1] [0:1] [-2.2555740000000002:18.692222999999998] [0:20.255572999999998] none
tree_sizes=2838 2852 2871 2878 2871 2867 2863 2862 2880 2883 2873 2743 2868 2766 2781 2780 2612 2887 2871 2620 2690 2875 2856 2790 2881 2832 2848 2761 2888 2852 2795 2583 2756 2698 2777 2667 2756 2646 2731 2843 2834 2738 2677 2403 2826 2314 2817 2810 2645 2547 2677 2346 2164 2534 2784 2417 2278 2596 2462 2685 2610

Tree=0
num_leaves=31
num_cat=0
split_feature=4 5 5 4 5 4 5 4 5 1 4 4 5 11 1 4 5 2 1 1 4 5 4 4 5 0 1 5 4 1
split_gain=1.06836e+10 1.76688e+09 1.21627e+09 4.07297e+08 2.13232e+08 2.05041e+08 7.9026e+07 7.62571e+07 6.09354e+07 5.65858e+07 5.19074e+07 5.16579e+07 4.44342e+07 4.34926e+07 4.15173e+07 3.74278e+07 2.85979e+07 2.70226e+07 1.97665e+07 1.93911e+07 1.71142e+07 1.53299e+07 1.39152e+07 1.35406e+07 1.16087e+07 8.04036e+06 5.69099e+06 4.82018e+06 3.46944e+06 2.88573e+06
threshold=1268.0931206398557 2131.9594740145162 598.93948057395687 1743.9111632769943 1133.1627061669908 2626.1050338120644 2019.4196213484609 520.53403998596036 1506.3969027476808 0.18311622431001986 902.63914523924097 2536.291659429196 2863.635411009132 1.0000000180025095e-35 0.20179298745144222 313.36243140441212 2803.4179486041867 2.5750175502600348 0.20179298745144222 0.1496473349357926 1426.8210489660182 1329.1249317153095 918.90674303651838 718.13339971377411 441.5020125364685 0.41577432758218852 0.14551972909613339 345.30973808767914 737.99007240261528 0.15926292198568234
decision_type=2 2 2 2 2 2 2 2 2 2 2 2 2 2 2 2 2 2 2 2 2 2 2 2 2 2 2 2 2 2
left_child=2 3 7 8 10 12 13 15 20 11 23 -5 14 -6 -3 27 -8 18 -7 -10 -2 -11 28 -4 -17 -14 -12 -1 -9 -24
right_child=1 5 4 9 6 17 16 22 19 21 26 -13 25 -15 -16 24 -18 -19 -20 -21 -22 -23 29 -25 -26 -27 -28 -29 -30 -31
leaf_value=954.21441640804721 1037.356501270898 1116.0275015182192 992.03976159222373 1088.4365468533349 1033.1137314520197 1155.7503811585759 1067.0174711327529 983.52980453626299 1069.1208073459647 1002.7871786857899 1018.0189253572568 1124.9536699781236 1157.5229124503992 990.64701374034132 1041.8559151790178 968.0555280480396 1143.9228340838283 1179.9490701066891 1071.7276610137019 1042.6344756698159 1050.1754500389802 1058.5446481105025 1012.9287917187612 1002.51548511229 973.71116029940004 1123.8813784140214 1004.5151832997215 964.34811716655281 992.36185737982714 982.03248548111731
leaf_weight=881 1707 1264 1325 2128 1789 941 151 1059 949 40 1331 285 208 168 51 3522 39 412 20 221 1102 141 165 1973 7421 84 234 540 413 21
leaf_count=881 1707 1264 1325 2128 1789 941 151 1059 949 40 1331 285 208 168 51 3522 39 412 20 221 1102 141 165 1973 7421 84 234 540 413 21
internal_value=1017.92 1088.07 986.053 1064.89 1013.26 1139.16 1034.26 972.451 1048.8 1089.55 1003.99 1092.79 1119.62 1029.46 1113.17 970.289 1083.38 1161.94 1154.06 1064.14 1042.4 1046.21 988.593 998.3 971.887 1148.24 1015.99 958.025 985.989 1009.27
internal_weight=30585 9553 21032 6573 7010 2980 2147 14022 3979 2594 4863 2413 1607 1957 1315 12364 190 1373 961 1170 2809 181 1658 3298 10943 292 1565 1421 1472 186
internal_count=30585 9553 21032 6573 7010 2980 2147 14022 3979 2594 4863 2413 1607 1957 1315 12364 190 1373 961 1170 2809 181 1658 3298 10943 292 1565 1421 1472 186
is_linear=0
shrinkage=1


Tree=1
num_leaves=31
num_cat=0
split_feature=4 5 5 4 5 4 4 5 4 4 5 4 5 5 4 4 5 0 5 4 0 5 5 0 4 8 5 5 4 12
split_gain=9.05251e+09 1.40433e+09 1.16862e+09 2.29094e+08 2.10516e+08 1.49755e+08 1.18256e+08 8.35445e+07 6.84399e+07 4.1743e+07 3.71102e+07 3.35894e+07 3.1365e+07 3.09977e+07 2.27736e+07 2.1058e+07 1.82897e+07 1.32845e+07 1.19397e+07 1.12612e+07 1.0331e+07 1.03184e+07 9.44924e+06 8.30794e+06 6.93242e+06 6.16385e+06 5.32144e+06 4.33491e+06 4.08876e+06 2.93775e+06
threshold=1386.0171818619581 691.30499012125676 2148.5964702371089 1786.1298771869133 1222.0183875528421 2626.1050338120644 553.2163897711697 2803.4179486041867 942.61101605018291 2084.4454757204603 1603.25204566808 313.36243140441212 2019.4196213484609 2507.049509271968 2970.0870861186709 918.90674303651838 1627.7543623828017 0.43851238162301731 446.1872835029489 2231.5016179326008 0.46462162509319233 910.35760903550988 1720.0260074008504 0.43091317154648795 1194.9540858527089 -0.60785761079279388 1821.205440764641 439.60165944303247 737.99007240261528 5.9596188000000003
decision_type=2 2 2 2 2 2 2 2 2 2 2 2 2 2 2 2 2 2 2 2 2 2 2 2 2 2 2 2 2 2
left_child=1 6 3 10 8 13 11 12 21 22 25 27 -6 19 23 28 -11 -15 -13 -4 -16 -3 -5 -7 -10 -2 -12 -1 -8 -17
right_child=2 4 5 9 7 14 15 -9 24 16 26 18 -14 17 20 29 -18 -19 -20 -21 -22 -23 -24 -25 -26 -27 -28 -29 -30 -31
leaf_value=-57.527670371246344 21.991333835910126 -17.880432843953812 74.756673982018867 50.861686069336947 15.25081069870472 126.32180978352554 -29.592617462716216 120.2779317626953 0.45547810738950911 61.855945553919646 42.356890272484101 -45.542540237196874 47.804799790252758 115.460168942941 145.04287839913403 6.1530412233897618 86.070505986652833 90.827739951982352 -40.068847787977909 95.838311549517073 81.299392223011381 -7.6406527921928751 64.456998382106264 101.08679831826508 10.748659190210063 31.655768264888231 55.032434515328454 -46.554634099385822 -21.371532129287722 -9.5996490425231613
leaf_weight=1109 630 2309 424 603 2399 520 980 51 1017 285 500 4048 205 488 686 111 796 235 7338 305 21 869 808 133 711 1360 412 331 667 234
leaf_count=1109 630 2309 424 603 2399 520 980 51 1017 285 500 4048 205 488 686 111 796 235 7338 305 21 869 808 133 711 1360 412 331 667 234
internal_value=0.00221858 -26.3531 71.8716 50.0583 1.7019 113.681 -40.6675 19.8434 -8.11788 67.8521 34.7603 -43.4848 17.831 95.6597 132.838 -22.5155 79.7495 107.59 -42.0187 83.6961 143.267 -15.0837 58.6871 121.344 4.69447 28.6088 48.1371 -55.0395 -26.2782 -4.52823
internal_weight=30585 22379 8206 5394 7561 2812 14818 2655 4906 2492 2902 12826 2604 1452 1360 1992 1081 723 11386 729 707 3178 1411 653 1728 1990 912 1440 1647 345
internal_count=30585 22379 8206 5394 7561 2812 14818 2655 4906 2492 2902 12826 2604 1452 1360 1992 1081 723 11386 729 707 3178 1411 653 1728 1990 912 1440 1647 345
is_linear=0
shrinkage=0.08


Tree=2
num_leaves=31
num_cat=0
split_feature=4 5 5 4 4 5 5 4 1 4 5 1 11 5 4 4 1 0 0 0 1 4 1 5 4 4 5 5 1 1
split_gain=7.6755e+09 1.33734e+09 7.91754e+08 3.05739e+08 1.61495e+08 1.37253e+08 6.08494e+07 5.31317e+07 5.00793e+07 4.71569e+07 4.10259e+07 4.04639e+07 3.37135e+07 3.15639e+07 2.69538e+07 2.67713e+07 2.23115e+07 2.18776e+07 2.0517e+07 1.76464e+07 1.70003e+07 1.55932e+07 1.30475e+07 1.27339e+07 1.10903e+07 8.60216e+06 6.4976e+06 6.20285e+06 5.25025e+06 2.65819e+06
threshold=1234.7430767968854 2111.7118711774119 598.93948057395687 1699.6209308463654 2626.1050338120644 1049.3359823433866 2019.4196213484609 520.53403998596036 0.18311622431001986 2111.7118711774119 1426.8210489660182 0.11658082995994952 1.0000000180025095e-35 2507.049509271968 737.99007240261528 342.05290360586548 0.11109711784659849 0.46462162509319233 0.48535005821532279 0.43968005264420923 0.18311622431001986 3005.0980100075335 0.11343215125001936 1329.1249317153095 918.90674303651838 918.90674303651838 447.46087021963478 303.37034084237683 0.087347966513776756 0.15926292198568234
decision_type=2 2 2 2 2 2 2 2 2 2 2 2 2 2 2 2 2 2 2 2 2 2 2 2 2 2 2 2 2 2
left_child=2 3 7 10 11 14 12 15 9 -5 22 13 -7 -3 28 27 21 -8 -13 -18 -12 -6 -2 -10 -16 -9 -17 -1 -4 -27
right_child=1 4 5 8 16 6 17 25 23 -11 20 18 -14 -15 24 26 19 -19 -20 -21 -22 -23 -24 -25 -26 29 -28 -29 -30 -31
leaf_value=-54.205411439538146 21.677092333227002 81.182333979801768 -18.089252091485243 54.168461478085959 118.3936317015124 10.147500245210756 75.112278138732904 -27.011924296889919 -17.498014138926631 77.57079385947273 37.233308750265103 71.060855716132679 -25.805372424018838 107.48945628548373 -12.65703906798449 -41.39983578295044 109.54855529740929 17.716154449014102 18.776568977355957 50.762050808045927 9.343871992481743 139.46528488264414 8.9699738732428784 30.842244027793004 -2.5323039396257476 -4.6113947016236123 -37.135683109819198 -44.974150804318796 -28.247129974693451 -34.977939134870262
leaf_weight=826 1815 693 713 1662 598 1904 119 1472 45 839 1423 432 182 541 2006 3686 275 67 55 40 156 463 726 146 1058 156 6628 1224 615 20
leaf_count=826 1815 693 713 1662 598 1904 119 1472 45 839 1423 432 182 541 2006 3686 275 67 55 40 156 463 726 146 1058 156 6628 1224 615 20
internal_value=0.00510107 57.8922 -27.7388 38.0661 101.474 -5.0373 10.9225 -38.5344 59.031 62.047 24.3567 85.0294 6.99981 92.7934 -13.294 -40.3344 121.965 54.6427 65.2067 102.268 34.4856 127.712 18.0514 19.4213 -9.16293 -25.0134 -38.6635 -48.7183 -22.8111 -8.2403
internal_weight=30585 9909 20676 6812 3097 6664 2272 14012 2692 2501 4120 1721 2086 1234 4392 12364 1376 186 487 315 1579 1061 2541 191 3064 1648 10314 2050 1328 176
internal_count=30585 9909 20676 6812 3097 6664 2272 14012 2692 2501 4120 1721 2086 1234 4392 12364 1376 186 487 315 1579 1061 2541 191 3064 1648 10314 2050 1328 176
is_linear=0
shrinkage=0.08


Tree=3
num_leaves=31
num_cat=0
split_feature=2 2 2 2 2 2 3 0 0 1 1 0 1 1 2 13 9 0 12 9 9 7 12 12 2 9 8 0 0 8
split_gain=6.39447e+09 9.43352e+08 7.44083e+08 1.66306e+08 1.41494e+08 7.50656e+07 5.9544e+07 4.44015e+07 3.92115e+07 3.82961e+07 3.24238e+07 2.73973e+07 2.70734e+07 2.4363e+07 2.15988e+07 2.12344e+07 2.11065e+07 2.09876e+07 2.01272e+07 1.73652e+07 1.69075e+07 1.88548e+07 1.58309e+07 1.55323e+07 1.3003e+07 6.99845e+06 6.27811e+06 5.88172e+06 5.84518e+06 2.69643e+06
threshold=1.0660977007725549 1.7263873213943486 0.58230566924780902 1.342247683271232 2.1661870192782646 0.79789742520144624 248.99999999999997 0.46462162509319233 0.38968291149929729 0.21364731160036707 0.14028351398216801 0.49423599251258937 0.16234408796964592 0.1969881678844059 2.3427335009017347 6.927061000000001 0.81174490092936691 0.4805678920291892 7.5886932500000013 0.81174490092936691 0.81174490092936691 -0.37940952255126009 5.6262386500000003 6.3173413000000007 0.3046457821390553 0.81174490092936691 -1.0000000180025095e-35 0.42217679634909683 0.46247628993629081 0.6078576107927941
decision_type=2 2 2 2 2 2 2 2 2 2 2 2 2 2 2 2 2 2 2 2 2 2 2 2 2 2 2 2 2 2
left_child=2 3 6 13 9 23 11 14 16 18 -9 19 -10 15 -6 -2 -5 26 -3 -1 22 -22 -7 27 -13 -25 -8 -4 -15 -19
right_child=1 4 5 8 7 20 17 10 12 -11 -12 24 -14 28 -16 -17 -18 29 -20 -21 21 -23 -24 25 -26 -27 -28 -29 -30 -31
leaf_value=-34.08296143691144 45.510032316158338 67.246253954741633 5.0423445397180231 56.978465767623355 99.145283409573224 12.493524706386106 -8.211884695982322 80.290583837198028 46.50708223444822 -2.0733119350699494 -23.218092274541441 -48.1078399256495 16.732383936807384 7.0518248855590819 119.62883180496216 23.268250736622704 87.394392406529022 -25.6896122163039 85.678329892414368 -25.180194039545565 46.314023526106205 10.651909580340488 -0.31830028541573507 -14.39711225350211 -37.581339140333498 -1.363323827680373 28.736090355773928 -6.7353210109241166 -22.154692821659456 -2.1051112927028113
leaf_weight=9235 307 915 503 1053 620 1147 38 140 1395 42 22 1096 229 109 849 2659 174 129 696 1671 144 277 1335 2137 2538 301 124 587 72 41
leaf_count=9235 307 915 503 1053 620 1147 38 140 1395 42 22 1096 229 109 849 2659 174 129 696 1671 144 277 1335 2137 2538 301 124 587 72 41
internal_value=0.00649858 55.4193 -24.1391 36.5379 89.8834 -1.402 -33.9704 106.643 50.5335 73.2928 66.1776 -34.7352 42.3214 23.8466 111.057 25.585 61.3594 -0.469443 75.2577 -32.7213 8.12469 22.9307 5.60504 -9.24108 -40.7685 -12.7892 20.072 -1.30066 -4.62409 -20.0472
internal_weight=30585 9282 21303 5998 3284 6431 14872 1631 2851 1653 162 14540 1624 3147 1469 2966 1227 332 1611 10906 2903 421 2482 3528 3634 2438 162 1090 181 170
internal_count=30585 9282 21303 5998 3284 6431 14872 1631 2851 1653 162 14540 1624 3147 1469 2966 1227 332 1611 10906 2903 421 2482 3528 3634 2438 162 1090 181 170
is_linear=0
shrinkage=0.08


Tree=4
num_leaves=31
num_cat=0
split_feature=4 5 5 5 4 4 4 5 4 1 11 5 1 4 5 4 1 4 1 0 6 1 1 4 5 1 0 4 4 7
split_gain=5.5329e+09 9.75545e+08 6.3537e+08 1.56127e+08 1.20483e+08 7.66165e+07 7.37349e+07 6.27889e+07 4.32568e+07 3.67391e+07 3.43679e+07 2.81689e+07 2.65801e+07 2.57302e+07 2.15535e+07 2.14103e+07 1.84894e+07 1.74081e+07 1.51696e+07 1.13154e+07 9.88168e+06 9.53489e+06 8.35933e+06 7.67787e+06 7.51001e+06 7.43025e+06 7.07678e+06 3.93405e+06 3.92824e+06 2.43393e+06
threshold=1426.8210489660182 691.30499012125676 2231.5016179326008 1222.0183875528421 1873.4163097475914 520.53403998596036 2762.2196417614418 2803.4179486041867 942.61101605018291 0.1969881678844059 1.0000000180025095e-35 1743.9111632769943 0.1969881678844059 2536.291659429196 2700.8174739057463 394.15101217318721 0.17475777883368729 981.74367409555771 0.11573843638251087 0.43851238162301731 -0.70710678118654735 0.09181202052367933 0.083507438368042142 3005.0980100075335 331.65594811364673 0.14161696835341123 0.508465142281599 481.48857254716626 737.99007240261528 -0.12940952255126034
decision_type=2 2 2 2 2 2 2 2 2 2 2 2 2 2 2 2 2 2 2 2 2 2 2 2 2 2 2 2 2 2
left_child=1 5 4 8 11 15 12 10 21 13 -5 16 14 -6 -4 24 -2 28 23 -20 -14 -3 -10 -8 -1 -13 -11 -17 -7 -19
right_child=2 3 6 7 9 17 18 -9 22 26 -12 25 20 -15 -16 27 -18 29 19 -21 -22 -23 -24 -25 -26 -27 -28 -29 -30 -31
leaf_value=-45.287934272187712 29.128676628479848 -7.9251334205289874 73.774557095152488 17.470261770086257 54.774164158963217 -23.740299198700505 102.97775940052128 103.14958211416568 8.6206676706192393 21.263996506263471 -17.680937602053191 47.353395502244886 60.636065393447879 78.597379309030899 94.898369455656649 -33.280952691655983 4.5008721585165858 -6.3727754538758781 92.777570090777502 28.054600155784971 -1.2660847678048268 -16.808403091171932 -2.1827476483115995 119.46285670307471 -37.045346773159132 28.696078808559459 -27.151181975792191 -29.44015659610444 -16.462629152277845 8.4918712443367372
leaf_weight=1107 1751 1841 876 2869 1717 1331 440 52 1010 57 189 703 31 357 513 6819 220 166 210 20 34 1337 838 465 2146 177 28 2403 757 121
leaf_count=1107 1751 1841 876 2869 1717 1331 440 52 1010 57 189 703 31 357 513 6819 220 166 210 20 34 1337 838 465 2146 177 28 2403 757 121
internal_value=0.00751517 -19.5568 59.1817 2.70906 42.5382 -31.7551 91.3599 16.7943 -6.00827 56.799 15.2927 31.7226 79.2949 58.9108 81.6389 -34.263 26.3834 -18.5728 106.733 87.2953 28.7278 -11.6665 3.72318 111.571 -39.8634 43.6376 5.18511 -32.2834 -21.1109 -0.0980459
internal_weight=30585 22986 7599 8136 5010 14850 2589 3110 5026 2159 3058 2851 1454 2074 1389 12475 1971 2375 1135 230 65 3178 1848 905 3253 880 85 9222 2088 287
internal_count=30585 22986 7599 8136 5010 14850 2589 3110 5026 2159 3058 2851 1454 2074 1389 12475 1971 2375 1135 230 65 3178 1848 905 3253 880 85 9222 2088 287
is_linear=0
shrinkage=0.08


Tree=5
num_leaves=31
num_cat=0
split_feature=5 2 5 2 5 2 5 11 1 1 5 2 2 1 1 3 5 1 1 5 5 5 11 1 1 2 1 6 12 12
split_gain=4.6196e+09 8.51707e+08 5.38669e+08 1.26536e+08 9.8626e+07 9.3714e+07 6.24171e+07 5.4676e+07 5.1885e+07 3.6976e+07 3.42379e+07 3.27519e+07 2.66165e+07 2.35022e+07 2.09144e+07 1.91921e+07 1.83372e+07 1.81277e+07 1.50774e+07 1.4588e+07 1.03373e+07 1.02466e+07 1.0205e+07 8.55685e+06 8.14077e+06 8.05832e+06 7.03085e+06 5.00382e+06 4.44281e+06 3.23003e+06
threshold=1426.8210489660182 0.61353214931582178 2148.5964702371089 0.97863307222192453 2803.4179486041867 1.4620229464802563 540.38965734328144 1.0000000180025095e-35 0.11658082995994952 0.22920403930075578 910.35760903550988 1.440297830598712 2.0624210383304367 0.22920403930075578 0.17754724334573557 -1.0000000180025095e-35 416.42871920763656 0.21364731160036707 0.16823590160644428 3005.0980100075335 2507.049509271968 897.8655247089365 1.0000000180025095e-35 0.1199493963633096 0.10893823359002454 0.27591556290078206 0.15094606262164065 1.0000000180025095e-35 6.5085208500000009 5.0056112500000003
decision_type=2 2 2 2 2 2 2 2 2 2 2 2 2 2 2 2 2 2 2 2 2 2 2 2 2 2 2 2 2 2
left_child=1 6 5 10 8 7 16 9 20 -2 28 18 17 -10 -13 -9 25 -7 -5 24 -4 29 -23 -12 -6 -1 -21 -14 -3 -8
right_child=2 3 4 11 19 12 21 15 13 -11 23 14 27 -15 -16 -17 -18 -19 -20 26 -22 22 -24 -25 -26 -27 -28 -29 -30 -31
leaf_value=-44.131216970511112 31.592959357517863 -5.1968613281538021 70.704190232939652 13.224472924890653 93.278515834703356 47.342014848768123 -9.2120754406770935 -44.985913037335429 50.232462128214486 -25.9601879258027 6.0337952667632591 39.307008225938453 83.505238332316083 -25.715740233216966 -18.205532117038302 7.8220279138309436 -29.296328470986911 -5.1353741171576761 -7.9107642860899583 109.24891704636012 86.356073322799972 -1.1582130307914074 -42.712516566957746 -5.837754207495168 69.8435563325027 -34.245378724632722 83.614028765411362 59.884249332144236 -13.030798192305754 -20.456283066467819
leaf_weight=650 2318 595 766 2720 435 1712 186 80 475 73 1366 438 149 27 44 96 8956 43 234 586 476 381 41 542 144 3198 99 120 2123 1512
leaf_count=650 2318 595 766 2720 435 1712 186 80 475 73 1366 438 149 27 44 96 8956 43 234 586 476 381 41 542 144 3198 99 120 2123 1512
internal_value=0.00877116 -17.868 54.079 3.08382 80.3921 36.825 -29.1857 26.6581 67.9728 29.8257 -5.55359 14.7109 49.7001 46.1046 34.0301 -16.3001 -31.2915 46.054 11.5481 97.4603 76.7675 -16.4589 -5.28693 2.66018 87.5806 -35.9263 105.671 73.2288 -11.3184 -19.2307
internal_weight=30585 22986 7599 8062 3008 4591 14924 2567 1744 2391 4626 3436 2024 502 482 176 12804 1755 2954 1264 1242 2120 422 1908 579 3848 685 269 2718 1698
internal_count=30585 22986 7599 8062 3008 4591 14924 2567 1744 2391 4626 3436 2024 502 482 176 12804 1755 2954 1264 1242 2120 422 1908 579 3848 685 269 2718 1698
is_linear=0
shrinkage=0.08


Tree=6
num_leaves=31
num_cat=0
split_feature=4 5 5 5 4 4 4 5 4 1 1 5 5 1 4 4 1 4 1 0 0 0 1 12 5 1 4 4 4 5
split_gain=3.98932e+09 6.84481e+08 4.67329e+08 1.11029e+08 8.14052e+07 6.75972e+07 5.25556e+07 4.56402e+07 2.91573e+07 2.76884e+07 2.75824e+07 2.30119e+07 2.1712e+07 1.69781e+07 1.67249e+07 1.66555e+07 1.37266e+07 1.01593e+07 1.01385e+07 9.70114e+06 9.56538e+06 8.52882e+06 7.76441e+06 6.58068e+06 5.85316e+06 5.20554e+06 4.2334e+06 2.65211e+06 2.46571e+06 2.25732e+06
threshold=1420.263053060253 691.30499012125676 2148.5964702371089 1222.0183875528421 1873.4163097475914 2863.635411009132 520.53403998596036 2803.4179486041867 942.61101605018291 0.18311622431001986 0.17475777883368729 2626.1050338120644 1743.9111632769943 0.18946953262365177 2536.291659429196 431.32321617327807 0.17475777883368729 981.74367409555771 0.12244085274588928 0.41489674452495579 0.43091317154648795 0.50597469630126457 0.092407992926232821 3.5113512000000004 303.37034084237683 0.14161696835341123 3151.2881327577629 786.15894839621672 484.94625444775869 3050.8705243132035
decision_type=2 2 2 2 2 2 2 2 2 2 2 2 2 2 2 2 2 2 2 2 2 2 2 2 2 2 2 2 2 2
left_child=1 6 4 8 12 11 15 10 22 14 -5 13 16 -4 -6 24 -2 27 26 -13 -20 -11 -3 -10 -1 -14 -7 -8 -17 -9
right_child=2 3 5 7 9 18 17 29 23 21 -12 19 25 -15 -16 28 -18 -19 20 -21 -22 -23 -24 -25 -26 -27 -28 -29 -30 -31
leaf_value=-38.41113496467554 24.189410134930004 -6.5960596403368061 61.587966439199398 15.61447638157594 46.406852375318152 92.027455243951351 -19.670674060524668 66.610170449938096 11.298084555026204 23.615126867910227 -7.9218049009759239 84.627286146974171 40.454201688467741 20.485660089600255 67.264423392842616 -27.719610941548577 3.3713707427978519 -1.2913848234005827 80.78261200062822 64.239538112929139 20.914783424740744 -22.570710463169643 -14.626613427849973 0.053750450129446861 -31.400552141279245 24.55355350004869 106.58645258390467 -13.289958094540575 -24.385278563579174 107.0009253117488
leaf_weight=1044 1852 1859 1018 2628 1564 573 1496 27 438 95 362 471 663 70 299 6347 228 267 163 250 20 34 1319 1381 3147 172 244 592 1937 25
leaf_count=1044 1852 1859 1018 2628 1564 573 1496 27 438 95 362 471 663 70 299 6347 228 267 163 250 20 34 1319 1381 3147 172 244 592 1937 25
internal_value=0.00942633 -16.7733 49.7465 2.02491 34.8385 75.7672 -26.9628 14.0723 -5.31045 47.3071 12.7632 66.4535 26.3047 58.9648 49.7887 -29.0327 21.9102 -15.9907 92.5325 77.6568 74.389 11.3621 -9.93262 2.76602 -33.1557 37.2122 96.5005 -17.8688 -26.943 87.6814
internal_weight=30585 22869 7716 8039 4907 2809 14830 3042 4997 1992 2990 1809 2915 1088 1863 12475 2080 2355 1000 721 183 129 3178 1819 4191 835 817 2088 8284 52
internal_count=30585 22869 7716 8039 4907 2809 14830 3042 4997 1992 2990 1809 2915 1088 1863 12475 2080 2355 1000 721 183 129 3178 1819 4191 835 817 2088 8284 52
is_linear=0
shrinkage=0.08


Tree=7
num_leaves=31
num_cat=0
split_feature=4 5 5 4 4 5 5 5 4 1 1 4 5 0 1 0 1 4 8 4 4 1 4 1 7 4 0 0 9 1
split_gain=3.38196e+09 6.10572e+08 3.60815e+08 1.32024e+08 7.38388e+07 6.73826e+07 3.74314e+07 2.97283e+07 2.43667e+07 2.35508e+07 1.82705e+07 1.66095e+07 1.66025e+07 1.57574e+07 1.50603e+07 1.39285e+07 1.34524e+07 1.26687e+07 1.01093e+07 9.29217e+06 9.20568e+06 8.79038e+06 1.03961e+07 8.02982e+06 7.70646e+06 4.81936e+06 3.77354e+06 2.83876e+06 2.77195e+06 2.76647e+06
threshold=1249.0823035081685 1873.4163097475914 598.93948057395687 2626.1050338120644 1642.3785908357577 1232.8205745571709 2507.049509271968 2019.4196213484609 492.24263212484863 0.15094606262164065 0.11733491081238621 2148.5964702371089 910.35760903550988 0.41693426933808292 0.20768790288737579 0.45257025101786091 0.13522422607677229 304.3907199453833 0.6078576107927941 718.13339971377411 1997.8783519999365 0.20768790288737579 1433.9411256865305 0.080540969049177027 -0.70710678118654757 786.15894839621672 0.44690705193421881 0.46354000387391053 0.81174490092936691 0.16234408796964592
decision_type=2 2 2 2 2 2 2 2 2 2 2 2 2 2 2 2 2 2 2 2 2 2 2 2 2 2 2 2 2 2
left_child=2 4 8 6 21 12 11 10 17 20 -7 -3 19 24 -8 -9 -15 28 -11 -4 -6 22 -2 -14 -5 -10 -19 -23 -1 -27
right_child=1 3 5 13 9 7 14 15 25 18 -12 -13 23 16 -16 -17 -18 26 -20 -21 -22 27 -24 -25 -26 29 -28 -29 -30 -31
leaf_value=-36.993006216857459 11.785414278718648 40.644539884922423 -16.966296853375123 75.112174632628538 32.484853516793116 14.480646599397559 68.588906449764735 58.469309469985959 -20.430092775806273 7.0703457110390744 -4.1042868853422974 56.813788746624937 3.6882746167732354 71.897496918199892 5.2238743133544929 13.557002436045055 25.623954219273159 -24.855909709842635 42.076404424898556 -7.9629633826142339 44.663089223718437 1.7714147952809054 20.940362902774407 -7.069654608305413 90.357024778831899 -10.116525905344686 -28.049617809697338 -24.103492548751831 -28.441296665834574 -36.568350565592446
leaf_weight=950 2162 1398 1077 354 1013 868 729 114 2350 267 554 588 958 304 25 73 48 5518 65 2310 678 84 1260 826 777 457 4358 39 355 26
leaf_count=950 2162 1398 1077 354 1013 868 729 114 2350 267 554 588 958 304 25 73 48 5518 65 2310 678 84 1260 826 777 457 4358 39 355 26
internal_value=0.010644 38.7765 -18.2435 61.7135 21.3722 -3.09226 51.2699 11.2006 -25.573 33.5661 7.2423 45.458 -7.54092 80.9615 66.4977 41.1021 65.678 -27.2539 14.0297 -10.83 37.3912 14.4061 15.1615 -1.29386 85.656 -18.9315 -26.2679 -6.56098 -34.6902 -11.6131
internal_weight=30585 9791 20794 4223 5568 6780 2740 1609 14014 2023 1422 1986 5171 1483 754 187 352 11181 332 3387 1691 3545 3422 1784 1131 2833 9876 123 1305 483
internal_count=30585 9791 20794 4223 5568 6780 2740 1609 14014 2023 1422 1986 5171 1483 754 187 352 11181 332 3387 1691 3545 3422 1784 1131 2833 9876 123 1305 483
is_linear=0
shrinkage=0.08


Tree=8
num_leaves=31
num_cat=0
split_feature=4 5 5 4 4 5 4 4 11 5 0 4 0 4 5 3 11 0 11 4 3 8 4 5 8 11 4 8 7 7
split_gain=2.86401e+09 4.46562e+08 3.66789e+08 9.6613e+07 6.34357e+07 5.91786e+07 3.54801e+07 3.45636e+07 3.34043e+07 2.55697e+07 1.74168e+07 1.27682e+07 1.25847e+07 1.17419e+07 1.14329e+07 1.13899e+07 1.04123e+07 1.00969e+07 7.97331e+06 7.41772e+06 7.28198e+06 7.2463e+06 6.85979e+06 5.98123e+06 5.21787e+06 3.968e+06 3.84567e+06 2.83062e+06 2.73622e+06 1.93657e+06
threshold=1294.7473185523124 1950.5840221573269 691.30499012125676 2626.1050338120644 1658.6664974867074 1658.6664974867074 503.47563956699781 968.67081498696814 1.0000000180025095e-35 2507.049509271968 0.45257025101786091 2131.9594740145162 0.46354000387391053 313.36243140441212 1720.0260074008504 -1.0000000180025095e-35 1.0000000180025095e-35 0.50247997818105761 1.0000000180025095e-35 2970.0870861186709 178.04999999999998 -0.60785761079279388 799.63361735704586 1274.0841273047001 -1.0000000180025095e-35 1.0000000180025095e-35 453.64685489948243 -0.60785761079279388 -0.37940952255126009 -0.12940952255126034
decision_type=2 2 2 2 2 2 2 2 2 2 2 2 2 2 2 2 2 2 2 2 2 2 2 2 2 2 2 2 2 2
left_child=2 4 6 9 20 7 13 16 10 11 -7 -3 19 27 21 -10 -4 -11 -16 -5 23 -6 -8 -2 -9 -22 -15 -1 -24 -14
right_child=1 3 5 12 14 8 22 24 15 17 -12 -13 29 26 18 -17 -18 -19 -20 -21 25 -23 28 -25 -26 -27 -28 -29 -30 -31
leaf_value=-37.493418379934212 6.9796717042740832 37.530773233450454 -6.1310663711637732 70.280943947427104 19.992136879490268 50.130600846042718 -17.202491996892771 0.48823892637777278 -49.606390959983656 63.780540695627359 17.2612250223901 52.608692170919142 26.554328352791924 -25.648222690043248 40.464542669722107 11.58586503431532 -23.312582668672459 28.843294538779336 -0.12266832386363635 82.877755586997097 24.666029024645631 32.388905672780318 -13.325903355264259 15.662003736861067 8.0868687907296799 -7.0982795754891859 -22.524448012694055 -29.354731149090068 -3.5276529895346616 53.441919700085286
leaf_weight=398 732 1037 3608 634 495 226 2136 970 42 680 192 568 27 4592 962 35 240 60 32 715 533 803 349 1676 1432 26 5890 1042 383 70
leaf_count=398 732 1037 3608 634 495 226 2136 970 42 680 192 568 27 4592 962 35 240 60 32 715 533 803 349 1676 1432 26 5890 1042 383 70
internal_value=0.0109423 37.7719 -15.859 58.7004 22.6771 -0.398412 -22.9093 -2.50884 26.1998 48.6297 35.11 42.8962 74.9874 -24.8319 32.6734 -21.9997 -7.20846 60.9905 39.1591 77.014 14.9465 27.6804 -14.9113 13.0267 5.0198 23.1786 -23.8952 -31.6286 -8.21104 46.3052
internal_weight=30585 9050 21535 3791 5259 6745 14790 6250 495 2345 418 1605 1446 11922 2292 77 3848 740 994 1349 2967 1298 2868 2408 2402 559 10482 1440 732 97
internal_count=30585 9050 21535 3791 5259 6745 14790 6250 495 2345 418 1605 1446 11922 2292 77 3848 740 994 1349 2967 1298 2868 2408 2402 559 10482 1440 732 97
is_linear=0
shrinkage=0.08


Tree=9
num_leaves=31
num_cat=0
split_feature=5 5 5 5 5 11 5 0 3 11 3 0 5 5 3 0 13 5 12 0 5 12 3 3 7 0 0 5 7 7
split_gain=2.4126e+09 4.03781e+08 2.59111e+08 7.58954e+07 6.53037e+07 3.69982e+07 3.53451e+07 1.97757e+07 1.89259e+07 1.44591e+07 1.35438e+07 1.33142e+07 1.29007e+07 1.15933e+07 9.66868e+06 9.39896e+06 9.34267e+06 8.79499e+06 8.6981e+06 7.29852e+06 5.92946e+06 5.62924e+06 4.64372e+06 4.27715e+06 4.16307e+06 7.85694e+06 2.57329e+06 2.52223e+06 2.08107e+06 1.78397e+06
threshold=1274.0841273047001 2111.7118711774119 598.93948057395687 1720.0260074008504 2803.4179486041867 1.0000000180025095e-35 910.35760903550988 0.51143061044271121 195.01000000000013 1.0000000180025095e-35 -1.0000000180025095e-35 0.45257025101786091 481.44663607983904 1468.1825736499293 -0.20500000000001248 0.55822821171919923 7.2370515000000006 3005.0980100075335 7.3371658000000011 0.48170589843767903 2507.049509271968 3.6602760000000005 170.01000000000013 -524.62999999999977 -0.12940952255126034 0.46354000387391053 0.32282731069456455 527.72862677927287 0.1294095225512602 1.0000000180025095e-35
decision_type=2 2 2 2 2 2 2 2 2 2 2 2 2 2 2 2 2 2 2 2 2 2 2 2 2 2 2 2 2 2
left_child=2 3 8 9 7 16 18 20 12 13 -7 17 19 -2 -11 21 -5 -6 22 -1 -3 -8 -4 -9 25 -10 -20 -14 -13 -17
right_child=1 4 6 5 11 10 15 23 24 14 -12 28 27 -15 -16 29 -18 -19 26 -21 -22 -23 -24 -25 -26 -27 -28 -29 -30 -31
leaf_value=-21.417010274202198 12.283108683030134 46.40462219886038 -4.5266845996873704 42.759630675959706 65.08169671503704 -41.43967647860913 11.070380040766262 -7.0254135764793118 5.6687099392834828 -36.547547626711292 11.16922325491398 30.941800631205243 -18.675130938305891 21.273354472960627 5.260843514700916 -31.746386904699463 31.720024199112867 79.846455746306191 -7.3283700231081257 -25.865280671537271 56.2708071863009 3.0270405071756006 7.6702476795121743 27.604746241779555 10.210477948588984 -24.012638710407778 -12.474967149082159 -13.716232879883535 53.835244726742019 -9.8128007182243273
leaf_weight=6570 2222 1130 922 837 503 46 738 26 118 52 93 50 2709 1572 106 27 1247 644 1117 3749 656 2265 254 167 111 109 1420 887 67 171
leaf_count=6570 2222 1130 922 837 503 46 738 26 118 52 93 50 2709 1572 106 27 1247 644 1117 3749 656 2265 254 167 111 109 1420 887 67 171
internal_value=0.0111349 33.6934 -14.9763 21.6832 56.5482 33.5078 -2.26734 47.425 -21.1407 15.0251 -6.4125 70.7834 -21.595 16.0127 -8.64215 3.89243 36.1723 73.4339 -7.57735 -23.0355 50.0579 5.00676 -1.88803 22.9273 -2.42839 -8.62634 -10.2128 -17.4561 44.3969 -12.9483
internal_weight=30585 9418 21167 6175 3243 2223 6914 1979 14253 3952 139 1264 13915 3794 158 3201 2084 1147 3713 10319 1786 3003 1176 193 338 227 2537 3596 117 198
internal_count=30585 9418 21167 6175 3243 2223 6914 1979 14253 3952 139 1264 13915 3794 158 3201 2084 1147 3713 10319 1786 3003 1176 193 338 227 2537 3596 117 198
is_linear=0
shrinkage=0.08


Tree=10
num_leaves=31
num_cat=0
split_feature=4 5 5 4 4 5 1 0 0 5 1 3 1 4 5 1 1 0 4 8 5 6 4 4 4 5 4 1 4 0
split_gain=2.08551e+09 3.7408e+08 2.05923e+08 8.41198e+07 5.06683e+07 4.11229e+07 2.67899e+07 2.31426e+07 1.9011e+07 1.75563e+07 1.969e+07 1.68508e+07 1.66371e+07 1.60027e+07 1.48819e+07 1.29474e+07 1.0964e+07 9.93034e+06 9.59756e+06 8.39031e+06 6.81984e+06 6.68877e+06 6.67678e+06 6.67065e+06 6.56241e+06 6.40392e+06 5.57467e+06 4.65666e+06 2.04459e+06 1.72457e+06
threshold=1234.7430767968854 1873.4163097475914 598.93948057395687 2626.1050338120644 1743.9111632769943 1468.1825736499293 0.088007345739668272 0.50247997818105761 0.39913243129646908 910.35760903550988 0.17248759455961213 -1.0000000180025095e-35 0.18311622431001986 461.99326373074319 2507.049509271968 0.11658082995994952 0.11194166193044565 0.42961545902127568 1543.9451096952896 -0.60785761079279388 2199.3054585573159 -0.78656609248549292 799.63361735704586 2199.3054585573159 553.2163897711697 303.37034084237683 2231.5016179326008 0.19305214367951343 67.216143581896048 0.5506732950278419
decision_type=2 2 2 2 2 2 2 2 2 2 2 2 2 2 2 2 2 2 2 2 2 2 2 2 2 2 2 2 2 2
left_child=2 4 13 6 16 9 14 -8 20 22 -11 -10 23 25 -3 21 18 -17 -2 -18 -7 -5 -4 -6 -15 28 -14 -26 -1 -27
right_child=1 3 5 15 12 8 7 -9 11 10 -12 -13 26 24 -16 17 19 -19 -20 -21 -22 -23 -24 -25 27 29 -28 -29 -30 -31
leaf_value=-36.209880300641743 12.365373734745331 41.819697433888471 -12.625172840270345 75.338400517776066 27.67646494510754 27.333630242511727 34.341433519649165 -5.240444225664322 -14.009925273350307 2.1923928181221508 -21.28174826426751 18.174970980480968 9.3160833244701422 -18.396907433037935 59.418380398749235 54.973101686169969 -3.4914686834858237 15.711281942330155 23.951655127564521 10.276614636687468 61.010144782012368 62.321303987985942 -5.4793534680786209 39.772284608055564 -11.487692507070372 -21.133638793004589 -31.60665651928937 -47.887353032651156 -26.560268408646717 -26.437808177437642
leaf_weight=174 2148 1079 1557 460 1109 156 1117 103 160 2379 252 294 100 5467 443 264 413 50 583 898 52 709 1814 407 1314 5595 26 22 1000 440
leaf_count=174 2148 1079 1557 460 1109 156 1117 103 160 2379 252 294 100 5467 443 264 413 50 583 898 52 709 1814 407 1314 5595 26 22 1000 440
internal_value=0.010944 30.185 -14.4508 48.212 16.7792 -2.87329 39.8818 30.9981 16.0346 -4.96109 -0.0632141 6.8264 28.6278 -19.9564 46.9777 63.577 11.96 48.791 14.8466 5.93994 36.0044 67.5035 -8.78264 30.9479 -17.1667 -22.5862 0.689265 -12.1225 -28.0201 -21.5247
internal_weight=30585 9909 20676 4225 5684 6664 2742 1220 662 6002 2631 454 1642 14012 1522 1483 4042 314 2731 1311 208 1169 3371 1516 6803 7209 126 1336 1174 6035
internal_count=30585 9909 20676 4225 5684 6664 2742 1220 662 6002 2631 454 1642 14012 1522 1483 4042 314 2731 1311 208 1169 3371 1516 6803 7209 126 1336 1174 6035
is_linear=0
shrinkage=0.08


Tree=11
num_leaves=30
num_cat=0
split_feature=4 4 5 5 4 0 1 5 5 1 1 5 5 1 1 4 1 4 4 0 5 1 1 4 1 7 0 1 7
split_gain=1.76898e+09 2.95837e+08 2.04435e+08 5.99509e+07 4.65578e+07 2.98027e+07 2.61284e+07 2.50274e+07 2.40454e+07 1.92616e+07 1.82181e+07 1.78962e+07 1.33124e+07 1.31764e+07 1.25771e+07 1.18782e+07 1.17361e+07 9.94588e+06 7.60803e+06 6.85318e+06 6.52683e+06 6.35364e+06 5.77058e+06 4.93242e+06 4.76521e+06 4.24112e+06 3.99427e+06 2.27629e+06 1.10333e+06
threshold=1420.263053060253 634.69102500918314 2231.5016179326008 1151.974653264883 1873.4163097475914 0.43851238162301731 0.15364126980085169 2032.726412708347 1720.0260074008504 0.21364731160036707 0.13921441832033407 3005.0980100075335 431.30090789025417 0.14429117344799927 0.17754724334573557 942.61101605018291 0.08601658294058849 2536.291659429196 1543.9451096952896 0.49895931004234334 540.38965734328144 0.16623843604882318 0.24704976018373964 297.43633755801244 0.12164037820727351 -0.5 0.45050396741358989 0.15094606262164065 0.1294095225512602
decision_type=2 2 2 2 2 2 2 2 2 2 2 2 2 2 2 2 2 2 2 2 2 2 2 2 2 2 2 2 2
left_child=1 7 4 15 13 11 25 12 14 17 -10 16 23 18 -5 24 -4 -6 -2 -8 -14 -17 -15 -1 -3 -7 -9 -13 -11
right_child=2 3 5 8 9 6 19 26 10 28 -12 27 20 22 -16 21 -18 -19 -20 -21 -22 -23 -24 -25 -26 -27 -28 -29 -30
leaf_value=-27.337526342130261 14.128472056891543 -5.5062912259857129 57.267895180594707 8.4829943862657551 31.367111169368457 12.047241959635416 7.0451782679064516 51.275101882934578 41.164615161986937 -30.533575728416441 6.5076225041866307 70.29597927062153 -17.644273635007917 8.4796860977615864 -12.435328039988802 2.34596567984662 41.764979948499153 46.014748238059262 23.609514689908764 -46.322824526832221 -12.205040158193015 -13.713026772099322 -33.257280323375355 -20.638001362278473 -12.63429676417489 43.957159927878685 6.3314275047665562 53.89710770793134 -5.4291738784624179
leaf_weight=910 866 2717 824 2451 1750 29 57 35 250 23 159 510 8494 605 198 1680 531 364 1475 20 1706 173 21 3305 771 537 20 82 22
leaf_count=910 866 2717 824 2451 1750 29 57 35 250 23 159 510 8494 605 198 1680 531 364 1475 20 1706 173 21 3305 771 537 20 82 22
internal_value=0.0108379 -11.1648 33.1309 0.778206 23.8669 51.4496 36.4072 -18.0967 9.7088 32.8063 27.7404 56.3962 -18.303 17.3531 6.91534 -4.33588 51.2279 33.9098 20.1098 -7.2327 -16.7358 0.840072 7.02874 -22.0905 -7.08506 42.3463 35.337 68.1192 -18.6453
internal_weight=30585 22869 7716 8399 5126 2590 643 14470 3058 2159 409 1947 14415 2967 2649 5341 1355 2114 2341 77 10200 1853 626 4215 3488 566 55 592 45
internal_count=30585 22869 7716 8399 5126 2590 643 14470 3058 2159 409 1947 14415 2967 2649 5341 1355 2114 2341 77 10200 1853 626 4215 3488 566 55 592 45
is_linear=0
shrinkage=0.08


Tree=12
num_leaves=31
num_cat=0
split_feature=4 5 5 4 5 11 4 1 1 4 1 1 9 5 4 4 1 0 1 12 2 8 4 4 12 4 1 5 8 4
split_gain=1.49797e+09 2.73152e+08 1.48141e+08 7.26729e+07 3.04861e+07 2.9299e+07 2.72515e+07 2.18151e+07 1.83579e+07 1.76343e+07 1.49867e+07 1.46958e+07 1.44734e+07 1.32187e+07 1.19368e+07 9.30404e+06 9.00068e+06 8.83198e+06 7.63891e+06 7.63315e+06 7.16361e+06 6.95473e+06 6.16793e+06 5.16456e+06 4.85214e+06 4.01474e+06 4.04998e+06 2.32219e+06 1.6056e+06 688266
threshold=1234.7430767968854 1799.3481316101695 598.93948057395687 2273.1114059773076 1468.1825736499293 1.0000000180025095e-35 1743.9111632769943 0.21364731160036707 0.24704976018373964 2970.0870861186709 0.079306453220254175 0.11902083097981232 0.81174490092936691 1065.6107339580142 465.26652363718102 737.99007240261528 0.11031881853119817 0.44803637224076576 0.15926292198568234 10.065666500000001 2.0229317428466573 -0.60785761079279388 1497.2305521121959 158.91771680779286 6.9484064500000011 581.70190876608717 0.19305214367951343 360.18953770431773 -0.60785761079279388 497.56705224025785
decision_type=2 2 2 2 2 2 2 2 2 2 2 2 2 2 2 2 2 2 2 2 2 2 2 2 2 2 2 2 2 2
left_child=2 6 14 12 10 8 16 9 -6 -5 13 24 18 -4 23 -12 22 -14 -3 -7 -13 -18 -2 28 -8 29 -27 -25 -1 -16
right_child=1 3 4 7 5 19 11 -9 -10 -11 15 20 17 -15 25 -17 21 -19 -20 -21 -22 -23 -24 27 -26 26 -28 -29 -30 -31
leaf_value=-35.12864257714844 9.987321900365707 28.75972895683557 -3.1582110226300193 45.47495293318223 24.818441373249957 -35.609808438982284 35.259866437533283 -25.471283564453124 -39.653346980794275 60.502775694907989 -15.288630312565635 12.70987485300871 50.350626029885824 9.3853514863586209 -15.841910507218026 -5.4129686215249277 -4.2986623300784439 20.312732970364124 14.454932614032009 12.895568544932773 -27.481124955823343 8.2562487946908742 18.635391841609302 -20.965285429631145 23.516517327750798 -9.3292499791935857 -44.058077248313211 -17.640155048215373 -24.223767174985227 -13.695981611777224
leaf_weight=124 1878 1620 2275 1593 523 83 378 24 29 751 849 343 294 703 3843 2175 412 82 284 27 30 893 737 1851 590 1113 21 5340 356 1364
leaf_count=124 1878 1620 2275 1593 523 83 378 24 29 751 849 343 294 703 3843 2175 412 82 284 27 30 893 737 1851 590 1113 21 5340 356 1364
internal_value=0.0107251 25.5836 -12.2458 39.7133 -2.42605 13.8539 13.0952 49.535 21.3657 50.3135 -4.22368 22.9374 29.4952 -0.194962 -16.9154 -8.18974 9.72325 43.8711 26.6347 -23.695 9.4125 4.29229 12.4309 -19.041 28.1339 -14.3414 -10.0106 -18.4989 -27.1081 -15.2825
internal_weight=30585 9909 20676 4648 6664 662 5261 2368 552 2344 6002 1341 2280 2978 14012 3024 3920 376 1904 110 373 1305 2615 7671 968 6341 1134 7191 480 5207
internal_count=30585 9909 20676 4648 6664 662 5261 2368 552 2344 6002 1341 2280 2978 14012 3024 3920 376 1904 110 373 1305 2615 7671 968 6341 1134 7191 480 5207
is_linear=0
shrinkage=0.08


Tree=13
num_leaves=30
num_cat=0
split_feature=4 5 4 4 5 0 1 5 1 5 5 1 7 0 1 7 4 1 1 1 12 3 4 0 4 1 5 4 5
split_gain=1.26997e+09 2.1589e+08 1.49216e+08 4.12588e+07 3.00522e+07 2.94211e+07 3.04511e+07 2.59174e+07 1.98444e+07 2.08038e+07 1.24212e+07 1.131e+07 1.06382e+07 9.82589e+06 9.65999e+06 7.7311e+06 7.44206e+06 6.67707e+06 6.38735e+06 6.35895e+06 5.64668e+06 5.49985e+06 4.7051e+06 4.10248e+06 2.81105e+06 2.74454e+06 2.14491e+06 1.83277e+06 1.60351e+06
threshold=1420.263053060253 846.87044976825905 2273.1114059773076 553.2163897711697 1743.9111632769943 0.44690705193421881 0.14844847440593664 2803.4179486041867 0.17754724334573557 1420.263053060253 2536.291659429196 0.076502042035304821 -0.60355339059327384 0.45707478635649396 0.060107392327039592 -0.9159756150367534 372.36679130205425 0.16073202496419656 0.1969881678844059 0.10592229655737891 5.9596188000000003 178.04999999999998 2921.6531414937131 0.49895931004234334 808.5278678681035 0.074347724142009977 458.23278881501557 480.67657431654487 3050.8705243132035
decision_type=2 2 2 2 2 2 2 2 2 2 2 2 2 2 2 2 2 2 2 2 2 2 2 2 2 2 2 2 2
left_child=1 3 4 16 14 11 12 8 9 -3 17 22 -7 -10 21 -13 25 -6 -16 -12 26 -2 -4 -8 -22 -1 -5 -18 -9
right_child=2 7 5 20 10 6 23 28 13 -11 19 15 -14 -15 18 -17 27 -19 -20 -21 24 -23 -24 -25 -26 -27 -28 -29 -30
leaf_value=-17.289142314039331 16.902521669709628 2.3825780882010559 49.133500357154105 15.140226702019021 26.018418606143264 -0.52729832194401671 -7.6774064643166273 43.041291793823241 -1.1042061001044601 15.342989204854142 51.363094051954477 21.051738531807874 37.69551815447106 -23.294240505381989 12.219506105731023 44.292620781526423 -15.856835028993583 12.59954978110825 -3.6056459679212725 26.056119518025717 -10.38704468348412 31.035755204929568 60.386383324754505 -49.190397155761723 -5.6987244853380057 -22.252333869372865 -1.4890658391153908 -13.48568682655249 74.9655809326172
leaf_weight=1474 648 4299 619 53 1875 51 43 27 267 971 179 106 536 244 1549 832 7121 275 182 104 1772 245 449 23 1530 1440 614 3032 25
leaf_count=1474 648 4299 619 53 1875 51 43 27 267 971 179 106 536 244 1549 832 7121 275 182 104 1772 245 449 23 1530 1440 614 3032 25
internal_value=0.00996655 -9.45916 28.0726 -14.0072 19.9989 43.4141 28.5882 3.82409 3.31294 4.773 26.4048 48.2237 34.3794 -11.7247 14.0514 41.6915 -16.177 24.3087 10.5545 42.1875 -6.86126 20.8104 53.9164 -22.6624 -8.21707 -19.7486 -0.146999 -15.1501 59.5145
internal_weight=30585 22869 7716 17036 5057 2659 653 5833 5781 5270 2433 2006 587 511 2624 938 13067 2150 1731 283 3969 893 1068 66 3302 2914 667 10153 52
internal_count=30585 22869 7716 17036 5057 2659 653 5833 5781 5270 2433 2006 587 511 2624 938 13067 2150 1731 283 3969 893 1068 66 3302 2914 667 10153 52
is_linear=0
shrinkage=0.08


Tree=14
num_leaves=30
num_cat=0
split_feature=4 5 4 5 4 5 5 4 13 9 0 5 5 8 7 4 0 9 8 13 3 7 11 4 8 0 0 7 11
split_gain=1.07944e+09 1.96816e+08 1.06115e+08 3.98873e+07 3.14607e+07 2.7466e+07 1.67924e+07 1.58365e+07 1.00856e+07 9.05294e+06 8.57041e+06 8.54335e+06 6.65709e+06 6.27033e+06 1.38397e+07 6.83154e+06 6.25224e+06 6.09323e+06 5.80944e+06 5.61563e+06 5.43234e+06 5.03236e+06 4.60978e+06 4.44232e+06 3.91174e+06 3.34173e+06 2.96679e+06 2.82705e+06 2.32314e+06
threshold=1234.7430767968854 1950.5840221573269 634.69102500918314 2626.1050338120644 1679.8958772287044 1482.3342046304681 2032.726412708347 2148.5964702371089 12.091904000000001 0.81174490092936691 0.46354000387391053 456.58362865070427 3005.0980100075335 -0.60785761079279388 -0.37940952255126009 2055.8953207150594 0.47225895453051486 0.81174490092936691 -0.60785761079279388 3.9644193500000005 200.79999999999998 1.0000000180025095e-35 1.0000000180025095e-35 281.04718562976774 -0.60785761079279388 0.42532920336836244 0.45050396741358989 -0.12940952255126034 1.0000000180025095e-35
decision_type=2 2 2 2 2 2 2 2 2 2 2 2 2 2 2 2 2 2 2 2 2 2 2 2 2 2 2 2 2
left_child=2 4 6 7 20 8 11 19 18 28 12 23 -5 14 -6 -15 -9 -13 -4 -3 24 -11 -22 -1 -2 -10 -8 -12 -7
right_child=1 3 5 10 13 9 26 16 25 21 27 17 -14 15 -16 -17 -18 -19 -20 -21 22 -23 -24 -25 -26 -27 -28 -29 -30
leaf_value=-22.28036120260883 2.8571476749764741 43.332143469238282 -9.8602498406515249 42.585213858359204 3.5477664185882247 12.010456898678051 43.350333104451501 39.094823603326084 5.8001087204652366 40.477394074052334 7.788941438373767 -13.62392821121656 53.917793820905693 19.954366441611587 24.568463399064569 32.205432891935182 23.138266595704472 -7.9419010245389066 -3.2753556737263678 21.227524526404991 16.996255126478793 1.0621532649993894 -16.38436295754569 -15.717139840492782 8.9353351758499144 -1.1544556976285103 4.6643378172374916 33.549488166481254 -10.31763071935317
leaf_weight=754 958 79 1252 769 377 254 35 879 781 122 37 6498 639 985 428 420 198 1490 2722 1107 570 25 27 5673 2325 1017 20 111 33
leaf_count=754 958 79 1252 769 377 254 35 879 781 122 37 6498 639 985 428 420 198 1490 2722 1107 570 25 27 5673 2325 1017 20 111 33
internal_value=0.0101313 21.7185 -10.3942 35.9545 12.7868 -1.6425 -14.1473 29.1496 -3.10294 17.743 45.8263 -14.3163 47.763 20.4045 14.7406 23.6369 36.1855 -12.5652 -5.35187 22.7352 8.44362 33.8266 15.4617 -16.4905 7.16309 1.86795 29.6173 27.2049 9.41618
internal_weight=30585 9909 20676 3819 6090 6206 14470 2263 5772 434 1556 14415 1408 2210 805 1405 1077 7988 3974 1186 3880 147 597 6427 3283 1798 55 148 287
internal_count=30585 9909 20676 3819 6090 6206 14470 2263 5772 434 1556 14415 1408 2210 805 1405 1077 7988 3974 1186 3880 147 597 6427 3283 1798 55 148 287
is_linear=0
shrinkage=0.08


Tree=15
num_leaves=30
num_cat=0
split_feature=5 5 2 2 1 12 1 5 1 2 1 5 1 2 2 9 2 8 12 1 12 0 9 2 5 0 0 0 1
split_gain=9.16765e+08 1.5076e+08 1.01244e+08 4.31163e+07 2.96689e+07 2.19565e+07 2.09191e+07 1.99102e+07 1.66635e+07 1.44751e+07 1.28505e+07 1.08919e+07 1.07593e+07 9.29437e+06 6.40486e+06 5.92135e+06 4.51348e+06 4.28372e+06 4.14209e+06 3.81985e+06 4.5179e+06 4.10789e+06 3.61365e+06 4.44808e+06 3.33601e+06 3.00686e+06 2.4357e+06 1.8057e+06 413844
threshold=1274.0841273047001 2273.1114059773076 0.61353214931582178 1.4976901357683527 0.22031234280403358 9.6949885000000027 0.1233863036674669 3005.0980100075335 0.10734758632215723 0.90598827827926787 0.17248759455961213 489.32129855617853 0.20179298745144222 1.9467176928395675 1.4297969607747862 0.81174490092936691 0.027067348678601878 -0.60785761079279388 7.9717285500000008 0.12907691640303154 7.1626761500000002 0.49293740851946261 0.81174490092936691 0.38556042936076335 833.07698719773896 0.47698731950693635 0.47698731950693635 0.49895931004234334 0.075532809959731037
decision_type=2 2 2 2 2 2 2 2 2 2 2 2 2 2 2 2 2 2 2 2 2 2 2 2 2 2 2 2 2
left_child=2 3 11 5 7 6 -2 8 -3 19 14 16 13 -5 -11 -7 28 -12 -6 20 -4 -21 23 -13 -24 -18 -9 -14 -1
right_child=1 4 9 12 18 15 -8 26 -10 10 17 22 27 -15 -16 -17 25 -19 -20 21 -22 -23 24 -25 -26 -27 -28 -29 -30
leaf_value=-20.900765548342751 10.894077934262459 38.650856545313452 2.0247181055232577 21.753617048658679 -45.145333138602119 16.571051911542973 -2.7499270992461748 50.753660918408258 22.228531200398788 3.7818600670836635 -26.760738520205024 -24.546277432385615 1.8748964840082025 34.389520767972513 15.350864173067208 31.176090187839179 -12.884692489721868 -3.470874641819 1.773992137562145 -6.0975128102946483 -4.6964787699691808 -21.16297717214124 -7.7845390680429034 -9.709681310620951 3.4501429370438177 -15.680901382709269 20.950309093656994 -25.093413458782692 -29.050271352457809
leaf_weight=83 2313 1371 920 1633 27 991 1043 657 563 1998 103 135 51 488 361 218 7035 99 21 584 2099 144 542 2854 245 3843 20 22 122
leaf_count=83 2313 1371 920 1633 27 991 1043 657 563 1998 103 135 51 488 361 218 7035 99 21 584 2099 144 542 2854 245 3843 20 22 122
internal_value=0.0103162 20.7732 -9.22843 14.421 36.9085 9.98774 6.65414 38.0558 33.8842 -0.736532 3.89802 -12.8332 23.6366 24.6757 5.55803 19.2281 -14.0981 -15.4198 -25.0007 -3.90436 -2.64829 -9.10245 -9.11774 -10.3878 -4.28713 -13.8739 49.9054 -6.4817 -25.8682
internal_weight=30585 9418 21167 6759 2659 4565 3356 2611 1934 6308 2561 14859 2194 2121 2359 1209 11083 202 48 3747 3019 728 3776 2989 787 10878 677 73 205
internal_count=30585 9418 21167 6759 2659 4565 3356 2611 1934 6308 2561 14859 2194 2121 2359 1209 11083 202 48 3747 3019 728 3776 2989 787 10878 677 73 205
is_linear=0
shrinkage=0.08


Tree=16
num_leaves=28
num_cat=0
split_feature=4 4 4 5 1 4 5 5 13 1 1 1 5 1 5 1 11 5 1 4 1 1 7 11 4 2 7
split_gain=7.79861e+08 1.14324e+08 1.0516e+08 2.51856e+07 2.18915e+07 2.0771e+07 2.0672e+07 1.2685e+07 1.21263e+07 1.06262e+07 9.58538e+06 8.62543e+06 8.57534e+06 7.33824e+06 7.31358e+06 7.12759e+06 6.78229e+06 6.4597e+06 6.25864e+06 5.5623e+06 5.52749e+06 5.16905e+06 4.62159e+06 4.4359e+06 2.72914e+06 2.5319e+06 1.07377e+06
threshold=1329.1249317153095 2084.4454757204603 634.69102500918314 1468.1825736499293 0.21364731160036707 2863.635411009132 1743.9111632769943 2032.726412708347 12.091904000000001 0.10734758632215723 0.07815191598035949 0.15497246883075538 2475.030458788719 0.066298056667291869 1873.4163097475914 0.071994127250924231 1.0000000180025095e-35 431.30090789025417 0.22920403930075578 1543.9451096952896 0.22920403930075578 0.088007345739668272 -0.12940952255126034 1.0000000180025095e-35 297.43633755801244 0.24056784135936013 -0.12940952255126034
decision_type=2 2 2 2 2 2 2 2 2 2 2 2 2 2 2 2 2 2 2 2 2 2 2 2 2 2 2
left_child=2 6 7 8 5 15 13 17 11 14 12 -4 -8 19 -5 -3 -7 24 -12 -2 -11 -10 -15 -19 -1 -9 -6
right_child=1 4 3 9 26 16 10 25 21 20 18 -13 -14 22 -16 -17 -18 23 -20 -21 -22 -23 -24 -25 -26 -27 -28
leaf_value=-18.695064560976562 9.3467230399268519 32.812285717513909 -3.1787645069036059 16.828695175083205 -36.986863132642661 42.244562617443798 22.463802094053687 9.2460437683105479 6.3256074476006665 9.0069572241418321 15.520902652122425 -15.945623217331432 44.729425357746898 1.7327589917994908 44.016509391391985 23.57234915293634 -0.70848146484375008 -10.657179262600014 -25.894412709554036 19.564563052395272 -25.997314754486084 -0.88345783004642087 9.5034172415323166 -17.88850305916446 -13.718821616016154 43.700990459018286 -10.869439923967635
leaf_weight=910 815 1031 3902 173 22 1115 711 29 1260 297 1077 370 132 874 101 1147 24 9623 23 590 31 1285 1115 577 3305 26 20
leaf_count=910 815 1031 3902 173 22 1115 711 29 1260 297 1077 370 132 874 101 1147 24 9623 23 590 31 1285 1115 577 3305 26 20
internal_value=0.00954293 20.2756 -8.04224 -0.298118 31.8368 32.565 12.9946 -12.0125 -1.68408 15.3732 19.5748 -4.28798 25.9991 9.22285 26.9741 27.9593 41.3397 -12.1594 14.6322 13.6484 5.62964 2.68675 6.09145 -11.068 -14.7974 26.0235 -25.0922
internal_weight=30585 8696 21889 7419 3359 3317 5337 14470 6817 602 1943 4272 843 3394 274 2178 1139 14415 1100 1405 328 2545 1989 10200 4215 55 42
internal_count=30585 8696 21889 7419 3359 3317 5337 14470 6817 602 1943 4272 843 3394 274 2178 1139 14415 1100 1405 328 2545 1989 10200 4215 55 42
is_linear=0
shrinkage=0.08


Tree=17
num_leaves=31
num_cat=0
split_feature=4 4 4 3 4 8 4 3 4 8 11 6 8 8 8 3 2 3 9 8 8 12 7 11 3 2 4 3 3 11
split_gain=6.60894e+08 1.20069e+08 6.42197e+07 2.19209e+07 1.72764e+07 1.20083e+07 8.91976e+06 8.45975e+06 6.55587e+06 6.34086e+06 6.28096e+06 5.82166e+06 7.21377e+06 5.493e+06 7.09926e+06 5.06617e+06 4.77494e+06 4.4819e+06 4.47052e+06 4.2461e+06 4.08927e+06 4.3957e+06 4.04375e+06 3.24036e+06 3.24008e+06 3.21033e+06 2.15864e+06 1.61536e+06 1.59146e+06 1.42119e+06
threshold=1234.7430767968854 2084.4454757204603 634.69102500918314 200.79999999999998 2863.635411009132 -1.0000000180025095e-35 1786.1298771869133 485.01000000000005 955.20857122062841 -0.60785761079279388 1.0000000180025095e-35 -0.70710678118654735 -0.60785761079279388 -0.60785761079279388 -0.8783796973249266 -499.99999999999983 0.060841725232787365 199.00000000000009 0.81174490092936691 -0.60785761079279388 0.6078576107927941 11.848716500000002 -0.12940952255126034 1.0000000180025095e-35 397.00500000000017 0.88956653374640193 3199.5985812441477 649.99500000000012 1250.0050000000003 1.0000000180025095e-35
decision_type=2 2 2 2 2 2 2 2 2 2 2 2 2 2 2 2 2 2 2 2 2 2 2 2 2 2 2 2 2 2
left_child=2 3 7 6 13 15 9 10 24 -2 18 26 -13 14 -3 29 -12 -15 -1 -9 21 -5 -17 -8 -7 -10 -6 -22 -21 -4
right_child=1 4 5 20 11 8 23 19 25 -11 16 12 -14 17 -16 22 -18 -19 -20 28 27 -23 -24 -25 -26 -27 -28 -29 -30 -31
leaf_value=-11.532994737173135 1.0869226123747164 27.179108300272624 -15.965300417320753 13.672828923818052 39.665092755178236 -1.7902710140377458 15.157345208419811 -14.450398272288929 11.607465339216866 8.2902134131844036 -34.235715330879643 17.053726730994025 37.129574487771563 24.728784949127398 10.455900702438354 -8.1244217392083922 -15.80444967926311 34.050887089909324 -7.57842871139629 7.3484741547071017 24.055860508007235 25.149212081447345 -1.7042719382541691 -5.7662075490379339 8.0666186467218797 3.2011457537844406 51.222241471796863 40.980023595055876 27.646462531305129 -36.383212602286505
leaf_weight=11320 1095 329 106 876 423 2067 1103 54 475 2739 105 164 401 1060 324 1130 640 497 2192 129 361 285 1413 49 237 750 161 42 30 28
leaf_count=11320 1095 329 106 876 423 2067 1103 54 475 2739 105 164 401 1060 324 1130 640 497 2192 129 361 285 1413 49 237 750 161 42 30 28
internal_value=0.00922208 16.9953 -8.13183 10.6863 29.291 -1.32353 8.09141 -11.0515 1.7413 6.23376 -11.288 37.2661 31.3427 25.1298 18.9102 -5.36295 -18.4446 27.7244 -10.8921 4.755 18.9483 16.5093 -4.55919 14.2631 -0.773283 6.46755 42.9334 25.9168 11.3272 -20.4697
internal_weight=30585 9909 20676 6550 3359 6206 4986 14470 3529 3834 14257 1149 565 2210 653 2677 745 1557 13512 213 1564 1161 2543 1152 2304 1225 584 403 159 134
internal_count=30585 9909 20676 6550 3359 6206 4986 14470 3529 3834 14257 1149 565 2210 653 2677 745 1557 13512 213 1564 1161 2543 1152 2304 1225 584 403 159 134
is_linear=0
shrinkage=0.08


Tree=18
num_leaves=31
num_cat=0
split_feature=2 2 2 3 0 1 1 8 2 1 3 0 1 0 1 2 2 9 0 7 0 12 12 3 0 2 8 3 3 7
split_gain=5.36163e+08 8.83132e+07 6.48961e+07 2.13347e+07 1.77349e+07 1.98309e+07 1.37901e+07 9.67074e+06 9.6391e+06 9.52269e+06 8.00258e+06 7.32346e+06 6.45221e+06 6.35484e+06 5.90636e+06 5.89884e+06 5.6635e+06 4.98757e+06 4.87345e+06 4.66364e+06 4.52805e+06 4.0443e+06 3.99815e+06 3.88151e+06 3.64757e+06 3.63828e+06 3.20313e+06 2.59607e+06 2.34342e+06 1.90137e+06
threshold=1.0660977007725549 1.9467176928395675 0.61353214931582178 269.00500000000005 0.42961545902127568 0.13921441832033407 0.21364731160036707 -1.0000000180025095e-35 1.615922704426386 0.19305214367951343 299.99999999999972 0.44912654535751489 0.15364126980085169 0.508465142281599 0.070827248909627563 0.8062073678119196 1.5073565678197205 0.81174490092936691 0.52982324998091113 -0.9159756150367534 0.50597469630126457 9.7433180000000004 7.0086555000000006 -269.97499999999997 0.45924321943375285 0.027067348678601878 1.0000000180025095e-35 146.99499999999992 449.00500000000017 -0.37940952255126009
decision_type=2 2 2 2 2 2 2 2 2 2 2 2 2 2 2 2 2 2 2 2 2 2 2 2 2 2 2 2 2 2
left_child=2 3 10 6 14 18 8 12 -2 16 13 -12 22 17 29 27 -5 -1 -6 -16 -8 -11 -4 -14 -7 -15 -13 -9 -17 -3
right_child=1 4 7 9 5 24 20 15 -10 21 11 26 23 25 19 28 -18 -19 -20 -21 -22 -23 -24 -25 -26 -27 -28 -29 -30 -31
leaf_value=-9.9400856585498261 7.7849426608119812 35.186394012245898 1.7020760244773907 16.670241608685902 26.725096889825071 3.4502179886667355 -4.9390236360801838 -1.7033119138811947 16.172374356560653 -15.168556589905645 16.694150655788228 -13.955625645719255 -33.395349088356717 -24.493717328638333 12.058302753735614 5.444883555007606 26.233857699402567 -5.42504980774219 4.9960275926466107 31.351171140935037 -34.054000475116808 16.906550702608548 -5.0531115983616219 -10.11904000009055 -28.951406697047844 -12.719760061131655 8.0385989705382794 6.118768214551344 16.907317216796262 43.412807677789637
leaf_weight=10250 3905 445 993 964 532 37 105 1511 1132 70 136 139 54 180 92 1486 685 1853 76 728 50 38 1286 288 54 2614 60 330 123 369
leaf_count=10250 3905 445 993 964 532 37 105 1511 1132 70 136 139 54 180 92 1486 685 1853 76 728 50 38 1286 288 54 2614 60 330 123 369
internal_value=0.00920222 16.0548 -6.98251 11.5304 29.5203 18.8114 8.94877 0.0115791 9.67275 19.1499 -9.76996 2.45139 -3.65089 -10.0449 34.087 2.79425 20.6565 -9.24933 24.0216 29.2039 -14.4891 -3.83123 -2.1103 -13.8809 -15.8827 -13.4868 -7.31713 -0.298636 6.33109 38.9643
internal_weight=30585 9282 21303 6949 2333 699 5192 6071 5037 1757 15232 335 2621 14897 1634 3450 1649 12103 608 820 155 108 2279 342 91 2794 199 1841 1609 814
internal_count=30585 9282 21303 6949 2333 699 5192 6071 5037 1757 15232 335 2621 14897 1634 3450 1649 12103 608 820 155 108 2279 342 91 2794 199 1841 1609 814
is_linear=0
shrinkage=0.08


Tree=19
num_leaves=28
num_cat=0
split_feature=5 4 4 1 5 1 4 12 1 4 4 0 0 1 0 8 1 4 1 5 1 9 5 12 8 0 5
split_gain=4.94021e+08 8.43186e+07 5.37754e+07 2.43578e+07 2.32174e+07 1.41987e+07 1.33499e+07 1.26045e+07 9.5697e+06 9.08459e+06 8.15938e+06 6.07031e+06 4.54646e+06 4.38929e+06 4.10086e+06 3.89148e+06 3.51908e+06 3.7903e+06 3.32522e+06 3.25876e+06 3.02186e+06 2.50353e+06 1.93585e+06 1.85278e+06 1.59122e+06 1.55961e+06 1.29214e+06
threshold=1274.0841273047001 2055.8953207150594 815.98044770064791 0.22920403930075578 2536.291659429196 0.21364731160036707 2895.5032941072968 9.6949885000000027 0.16623843604882318 481.48857254716626 1121.1268698485089 0.51698655354599754 0.48170589843767903 0.083507438368042142 0.45924321943375285 1.0000000180025095e-35 0.073808701749192462 313.36243140441212 0.085342893742613321 862.78481538327071 0.11343215125001936 1.0000000180025095e-35 846.87044976825905 7.8633765000000002 -0.60785761079279388 0.28385721731658087 910.35760903550988
decision_type=2 2 2 2 2 2 2 2 2 2 2 2 2 2 2 2 2 2 2 2 2 2 2 2 2 2 2
left_child=2 3 9 4 7 6 11 -2 10 16 23 -3 -6 -12 24 21 22 -18 -8 25 -21 -5 -1 -4 -10 -11 -16
right_child=1 5 8 15 12 -7 18 -9 14 19 13 -13 -14 -15 26 -17 17 -19 -20 20 -22 -23 -24 -25 -26 -27 -28
leaf_value=-9.3300386176733419 7.0241759411830857 23.772568452435586 0.8544684910315572 -11.420938084193638 37.142343539960216 -22.635400692670775 37.119003681725374 15.500400200984387 -12.355812657373605 -1.4043337796122146 8.0329784667100039 7.0098737721252444 7.7759710849668924 0.63089774292200018 -28.38558442935696 -1.1383971108572823 -17.277792704927212 -11.12979698511376 27.123653876490845 3.711211783339075 -9.4250139920711522 -40.641370629882815 4.7107627551555638 -3.3463201223331551 0.021330615935240976 -7.4733493965494349 -14.253163881702424
leaf_weight=5550 4160 2120 1127 27 238 38 667 1539 109 288 1228 149 40 880 76 34 773 3894 337 353 163 69 63 1662 168 4734 99
leaf_count=5550 4160 2120 1127 27 238 38 667 1539 109 288 1228 149 40 880 76 34 773 3894 337 353 163 69 63 1662 168 4734 99
internal_value=0.00871706 15.2504 -6.77327 9.67412 10.4206 25.5295 26.0954 9.31548 0.160881 -9.11797 1.18972 22.6754 32.96 4.94469 -10.9637 -24.4622 -10.5255 -12.1516 33.7943 -6.50372 -0.448598 -32.6257 -9.17163 -1.64913 -4.87599 -7.12566 -20.5171
internal_weight=30585 9418 21167 6107 5977 3311 3273 5699 5349 15818 4897 2269 278 2108 452 130 10280 4667 1004 5538 516 96 5613 2789 277 5022 175
internal_count=30585 9418 21167 6107 5977 3311 3273 5699 5349 15818 4897 2269 278 2108 452 130 10280 4667 1004 5538 516 96 5613 2789 277 5022 175
is_linear=0
shrinkage=0.08


Tree=20
num_leaves=29
num_cat=0
split_feature=5 5 4 4 1 1 1 1 4 9 4 3 1 6 13 5 4 7 5 5 8 5 13 1 1 3 8 4
split_gain=4.18684e+08 6.6218e+07 5.39127e+07 2.722e+07 1.37197e+07 1.365e+07 1.05949e+07 8.74499e+06 8.85606e+06 8.67127e+06 8.02027e+06 7.57897e+06 7.24211e+06 6.0901e+06 4.91444e+06 4.89855e+06 4.09388e+06 4.0712e+06 3.84521e+06 3.08089e+06 2.72071e+06 3.02958e+06 2.64875e+06 2.53114e+06 2.33258e+06 2.3281e+06 1.53962e+06 481440
threshold=1317.5944467224513 2507.049509271968 822.73278426324293 1786.1298771869133 0.13921441832033407 0.22031234280403358 0.057352983316166985 0.16823590160644428 1433.9411256865305 0.81174490092936691 503.47563956699781 -10.834999999999992 0.11269189017778734 -0.70710678118654735 14.488881000000001 2863.635411009132 2443.5219297118733 -0.37940952255126009 303.37034084237683 3005.0980100075335 -1.0000000180025095e-35 910.35760903550988 14.713011000000002 0.080540969049177027 0.24704976018373964 -584.00499999999988 -0.60785761079279388 1468.1825736499293
decision_type=2 2 2 2 2 2 2 2 2 2 2 2 2 2 2 2 2 2 2 2 2 2 2 2 2 2 2 2
left_child=2 3 10 4 9 12 16 8 14 -2 18 -6 19 -8 -4 -14 -5 -10 26 -3 25 -22 24 -20 -9 -12 -1 -24
right_child=1 5 7 6 11 -7 13 22 17 -11 20 -13 15 -15 -16 -17 -18 -19 23 -21 21 -23 27 -25 -26 -27 -28 -29
leaf_value=-16.649305759756906 7.3809436407597788 28.592020520462185 -1.066384832231819 20.19804799091072 -13.504734762479389 -21.352316806369359 19.741512731110063 -11.262178678446105 2.2469578125050522 18.959307245631418 -24.40450616933785 2.5589472300959604 12.050372876505948 10.050195743443529 5.5182958877872581 27.903654129211013 31.625772408103252 14.181979086688441 -7.8532128420097926 36.50798774374308 -4.3797672504372125 4.6399857403984033 -1.5762350372934857 -10.346184713999103 -35.451613329206197 -7.0085028524000936 -11.038576286260502 11.836529571533204
leaf_weight=559 2404 900 3671 784 251 35 616 329 301 500 50 739 244 1284 903 260 276 467 6534 521 1837 273 92 4370 27 1599 739 20
leaf_count=559 2404 900 3671 784 251 35 616 329 301 500 50 739 244 1284 903 260 276 467 6534 521 1837 273 92 4370 27 1599 739 20
internal_value=0.00799408 14.7177 -5.94762 11.0067 6.60853 27.6824 16.7885 0.650719 1.57 9.38031 -8.34939 -1.52327 28.5845 13.201 0.234484 20.2677 23.2006 9.51334 -9.34492 31.518 -5.1162 -3.21111 -9.82344 -8.85318 -13.191 -7.55045 -13.4659 0.902383
internal_weight=30585 8814 21771 6854 3894 1960 2960 5810 5342 2904 15961 990 1925 1900 4574 504 1060 768 12202 1421 3759 2110 468 10904 356 1649 1298 112
internal_count=30585 8814 21771 6854 3894 1960 2960 5810 5342 2904 15961 990 1925 1900 4574 504 1060 768 12202 1421 3759 2110 468 10904 356 1649 1298 112
is_linear=0
shrinkage=0.08


Tree=21
num_leaves=31
num_cat=0
split_feature=2 2 2 3 0 0 7 7 8 2 2 0 3 0 2 8 3 12 7 9 7 13 12 3 3 3 2 11 0 11
split_gain=3.26088e+08 5.43105e+07 3.95424e+07 1.64824e+07 1.2793e+07 9.21256e+06 1.23937e+07 9.19232e+06 7.60187e+06 5.66408e+06 5.5771e+06 5.14974e+06 8.71552e+06 5.07416e+06 4.83852e+06 4.58454e+06 4.58282e+06 4.57579e+06 4.22678e+06 4.19483e+06 3.77099e+06 3.28419e+06 2.66045e+06 2.41339e+06 2.13285e+06 2.13231e+06 2.02812e+06 1.63891e+06 1.50078e+06 1.32861e+06
threshold=1.0660977007725549 1.9467176928395675 0.57151467818965018 200.79999999999998 0.41489674452495579 0.50247997818105761 -0.37940952255126009 -0.60355339059327384 -1.0000000180025095e-35 1.4976901357683527 1.4976901357683527 0.47922952996817814 299.99999999999972 0.53149732641519176 0.8062073678119196 -0.60785761079279388 -223.97999999999999 5.7639892500000007 -0.9159756150367534 0.81174490092936691 -0.37940952255126009 6.4048071000000002 2.0507736000000003 -0.20500000000001248 146.99499999999992 961.81500000000017 2.5924786695537843 1.0000000180025095e-35 0.39416412884346325 1.0000000180025095e-35
decision_type=2 2 2 2 2 2 2 2 2 2 2 2 2 2 2 2 2 2 2 2 2 2 2 2 2 2 2 2 2 2
left_child=2 3 11 5 18 9 -7 17 16 -2 21 12 19 -9 24 -12 27 -6 -3 -1 29 -5 -18 -22 -10 -16 -20 -4 -14 -13
right_child=1 4 8 10 7 6 -8 13 14 -11 15 20 28 -15 25 -17 22 -19 26 -21 23 -23 -24 -25 -26 -27 -28 -29 -30 -31
leaf_value=-7.7346468919284552 5.7381057148238659 16.578531466936823 -10.052757782231893 18.54268737347817 13.172487580108641 -41.249048898502281 0.6573538463495181 20.41318395533472 -1.5955169034598939 11.951950586801946 12.138068639713262 -12.788780110269247 24.20196654248705 -1.3478996540292518 4.9670247896394093 24.277931690478667 5.5137206843606101 -21.913348526017138 28.382213747809065 -3.1830911924620584 -11.322182107402963 8.9059077295114939 -3.134795613059723 -7.1175591133067009 4.9420631250880431 28.538932749633787 41.17944054773352 -27.217771682320574 6.7604584449680374 -19.994437851736478
leaf_weight=8300 2872 197 301 306 39 48 577 690 1805 1397 317 775 50 76 1585 551 252 58 1183 1538 1452 881 2277 2218 387 24 90 40 86 213
leaf_count=8300 2872 197 301 306 39 48 577 690 1805 1397 317 775 50 76 1585 551 252 58 1183 1538 1452 881 2277 2218 387 24 90 40 86 213
internal_value=0.00758502 12.521 -5.445 8.97297 23.0806 6.446 -2.6218 15.3191 -0.340341 7.77387 14.9849 -7.77213 -6.74502 18.2552 2.0061 19.8634 -3.44757 -7.81612 27.6237 -7.02349 -9.9695 11.4037 -2.27118 -8.78371 -0.439569 5.33614 29.3186 -12.14 13.3027 -14.3609
internal_weight=30585 9282 21303 6949 2333 4894 625 863 6671 4269 2055 14632 9974 766 3801 868 2870 97 1470 9838 4658 1187 2529 3670 2192 1609 1273 341 136 988
internal_count=30585 9282 21303 6949 2333 4894 625 863 6671 4269 2055 14632 9974 766 3801 868 2870 97 1470 9838 4658 1187 2529 3670 2192 1609 1273 341 136 988
is_linear=0
shrinkage=0.08


Tree=22
num_leaves=31
num_cat=0
split_feature=5 4 11 5 7 1 1 1 5 1 12 1 5 4 5 1 1 8 4 4 7 5 8 12 1 8 8 1 5 5
split_gain=3.06812e+08 5.76518e+07 3.61917e+07 3.28284e+07 1.67418e+07 1.47565e+07 1.22363e+07 1.07578e+07 1.00127e+07 8.164e+06 6.69247e+06 5.23613e+06 6.08928e+06 5.11002e+06 4.6301e+06 4.34228e+06 3.95143e+06 3.68278e+06 3.25085e+06 2.97144e+06 2.76808e+06 2.69592e+06 2.42705e+06 2.35782e+06 2.01032e+06 1.43078e+06 1.02375e+06 875960 789106 77544.7
threshold=1468.1825736499293 918.90674303651838 1.0000000180025095e-35 2626.1050338120644 -0.12940952255126034 0.24704976018373964 0.07815191598035949 0.22031234280403358 506.68302738297217 0.091187769873347993 7.7504735000000009 0.079306453220254175 910.35760903550988 1543.9451096952896 1444.143480146038 0.067477736225598883 0.19305214367951343 -0.60785761079279388 1090.1199783712404 435.10818819300431 -0.12940952255126034 1274.0841273047001 -0.60785761079279388 5.6262386500000003 0.05466276440019726 1.0000000180025095e-35 -0.60785761079279388 0.11194166193044565 2019.4196213484609 1743.9111632769943
decision_type=2 2 2 2 2 2 2 2 2 2 2 2 2 2 2 2 2 2 2 2 2 2 2 2 2 2 2 2 2 2
left_child=1 8 3 5 22 6 -2 18 19 13 15 12 -10 23 -13 -6 21 -18 -5 24 -15 -11 27 -3 -1 -24 -21 -4 -12 -7
right_child=2 9 4 7 10 29 -8 -9 11 16 28 14 -14 20 -16 -17 17 -19 -20 26 -22 -23 25 -25 -26 -27 -28 -29 -30 -31
leaf_value=-7.4934594975932081 17.274821815598269 6.1196764813636433 -34.920629048665369 50.852975562201607 20.072198896928267 -35.883982596261156 9.4909193615544449 -24.474592551902489 -3.130616259297657 -1.8003786974865392 14.59646014404297 -6.0862551299762622 6.5683075414044518 6.5845998904146681 -40.712988656311033 -20.978335330336844 -18.043939672728509 -0.81474108704415771 26.115664615990937 -8.3274727883826927 18.143097657590882 4.0443530782297721 -12.808700965208166 1.4054921897231114 -11.060869874638746 -34.690470233917239 -6.3993351685310271 -61.793190073649093 32.205080036031788 -25.346121841922884
leaf_weight=1700 2411 1374 20 35 21 20 2797 26 2327 1384 45 2463 503 268 24 66 154 163 1515 2608 265 794 33 1343 2536 51 5558 23 28 30
leaf_count=1700 2411 1374 20 35 21 20 2797 26 2327 1384 45 2463 503 268 24 66 154 163 1515 2608 265 794 33 1343 2536 51 5558 23 28 30
internal_value=0.00726133 -4.4069 14.5507 15.7197 -13.2443 12.6798 13.097 25.8473 -6.66479 2.55694 3.98405 -3.75931 -1.40503 5.19867 -6.43664 -10.954 -0.884896 -9.21521 26.7067 -7.91003 12.3545 0.33122 -34.8109 3.79086 -9.6313 -26.346 -7.01608 -50.3722 21.6945 -30.1824
internal_weight=30585 23464 7121 6834 287 5258 5208 1576 17719 5745 160 5317 2830 3250 2487 87 2495 317 1550 12402 533 2178 127 2717 4236 84 8166 43 73 50
internal_count=30585 23464 7121 6834 287 5258 5208 1576 17719 5745 160 5317 2830 3250 2487 87 2495 317 1550 12402 533 2178 127 2717 4236 84 8166 43 73 50
is_linear=0
shrinkage=0.08


Tree=23
num_leaves=30
num_cat=0
split_feature=2 2 2 1 0 1 0 13 1 0 9 7 0 11 9 12 0 9 7 7 7 1 7 1 1 12 2 7 1
split_gain=2.3335e+08 4.02865e+07 3.2542e+07 1.01545e+07 1.18012e+07 9.93479e+06 7.25533e+06 6.68418e+06 6.46169e+06 5.65213e+06 7.20663e+06 5.73587e+06 4.98571e+06 4.8599e+06 4.62952e+06 4.58652e+06 4.5858e+06 4.60957e+06 4.37776e+06 4.21597e+06 4.15454e+06 3.61813e+06 3.5749e+06 3.42768e+06 3.06158e+06 2.93242e+06 2.62225e+06 2.53063e+06 1.61676e+06
threshold=1.173226835651205 0.71883602119634704 1.9467176928395675 0.11733491081238621 0.45924321943375285 0.13205908846726491 0.500125866907425 6.5157562000000011 0.22920403930075578 0.47922952996817814 0.81174490092936691 -0.37940952255126009 0.40675408621581371 1.0000000180025095e-35 0.81174490092936691 8.7945025000000019 0.55822821171919923 0.81174490092936691 -0.9159756150367534 -0.37940952255126009 -0.37940952255126009 0.052591713138037864 -0.37940952255126009 0.12076151691036274 0.14844847440593664 5.3765740000000006 0.3046457821390553 -0.78656609248549325 0.063165930752840813
decision_type=2 2 2 2 2 2 2 2 2 2 2 2 2 2 2 2 2 2 2 2 2 2 2 2 2 2 2 2 2
left_child=1 9 5 12 18 7 13 14 16 10 26 -12 27 -7 -2 -8 17 -3 -5 28 -18 -14 -9 -21 -6 -10 -1 -4 -11
right_child=2 8 3 4 24 6 15 22 25 19 11 -13 21 -15 -16 -17 20 -19 -20 23 -22 -23 -24 -25 -26 -27 -28 -29 -30
leaf_value=-12.828141430361518 13.894134973656541 1.6153693140110972 20.115563592604225 -11.326742390606853 -0.17684603881835942 5.9797692206805015 -18.888888694685335 4.6265896107502558 -3.1584992918014532 -9.6003095643865013 3.2590678039668655 -5.6006798003980753 23.437832973825117 -20.052453671137492 29.764771995869239 9.4403924983277605 -41.002115393597144 8.817088966018817 17.686379276307424 -5.9456530538026175 -5.2856102192146812 12.541631382220029 10.33890147554594 -11.664337234516077 -31.295526384353639 -36.688600613403324 -5.751801634772348 28.682343033161793 -15.964757943703887
leaf_weight=347 846 4714 335 36 35 1065 146 1005 29 504 1067 831 364 47 137 48 22 646 359 3174 228 430 2338 852 47 39 9634 727 533
leaf_count=347 846 4714 335 36 35 1065 146 1005 29 504 1067 831 364 47 137 48 22 646 359 3174 228 430 2338 852 47 39 9634 727 533
internal_value=0.00631073 -4.14027 11.7813 19.7255 9.28751 8.48762 2.37018 10.3335 1.69138 -6.09469 -5.13989 -0.620892 22.4016 4.86245 16.134 -11.8671 1.99032 2.48482 15.0202 -8.33343 -8.57953 17.5601 8.62352 -7.15846 -18.1754 -22.6421 -5.99908 26.0015 -12.8838
internal_weight=30585 22620 7965 2333 477 5632 1306 4326 5678 16942 11879 1898 1856 1112 983 194 5610 5360 395 5063 250 794 3343 4026 82 68 9981 1062 1037
internal_count=30585 22620 7965 2333 477 5632 1306 4326 5678 16942 11879 1898 1856 1112 983 194 5610 5360 395 5063 250 794 3343 4026 82 68 9981 1062 1037
is_linear=0
shrinkage=0.08


Tree=24
num_leaves=31
num_cat=0
split_feature=5 5 1 5 12 1 1 12 5 5 9 2 8 2 11 2 7 1 2 2 12 2 9 2 5 1 5 2 12 5
split_gain=2.28351e+08 4.91331e+07 2.20292e+07 1.25003e+07 1.19018e+07 1.04539e+07 9.23663e+06 6.43444e+06 6.28485e+06 6.10473e+06 5.4121e+06 5.39182e+06 5.34293e+06 4.28233e+06 4.02371e+06 3.71822e+06 3.5165e+06 2.86652e+06 2.72744e+06 2.49905e+06 2.34751e+06 2.33584e+06 2.27152e+06 1.90992e+06 1.66383e+06 1.47754e+06 1.42917e+06 1.40537e+06 1.24876e+06 1.16037e+06
threshold=1627.7543623828017 862.78481538327071 0.10592229655737891 2507.049509271968 7.9153435000000014 0.079306453220254175 0.22920403930075578 3.4572059000000004 2970.0870861186709 540.38965734328144 0.81174490092936691 0.51907479576585824 -1.0000000180025095e-35 0.37097471344349403 1.0000000180025095e-35 1.7263873213943486 1.0000000180025095e-35 0.067477736225598883 1.2524231056641475 0.36801680736231357 5.4148311500000004 2.1325599351779121 0.81174490092936691 2.5791342372321999 3005.0980100075335 0.17248759455961213 964.05262549549161 0.027067348678601878 5.3212885000000005 1433.9411256865305
decision_type=2 2 2 2 2 2 2 2 2 2 2 2 2 2 2 2 2 2 2 2 2 2 2 2 2 2 2 2 2 2
left_child=1 9 3 10 6 15 12 29 14 19 13 -9 -4 -2 -6 26 -12 18 -11 27 -8 -10 23 -5 -24 -21 -3 -1 -19 -7
right_child=2 5 4 22 8 7 20 11 21 17 16 -13 -14 -15 -16 -17 -18 28 -20 25 -22 -23 24 -25 -26 -27 -28 -29 -30 -31
leaf_value=-14.819805816031419 -22.553768700339575 1.4581403196479799 -5.8457420410984451 20.66378973715678 11.670615416961825 3.0475108906950776 -11.913472200798266 -15.904578462075682 48.764903589248661 -1.2319716528321825 32.00833762239828 -1.8439967384378326 7.8838396351962627 13.02166959426529 -6.337747466863588 21.227607754748803 15.660202607608106 -0.52204144868016567 14.069496209707015 -5.7821362204825189 -42.01982228542019 22.522703982469515 25.550111536241115 29.400409206618125 40.929723896515675 -14.192793937234319 5.7024893976992841 -8.0004728910139278 -5.6398470619844172 9.2302191824530162
leaf_weight=207 21 624 303 972 1094 674 32 187 31 1687 163 2446 449 2195 85 91 181 362 77 9972 36 81 132 200 77 135 2744 3105 1949 273
leaf_count=207 21 624 303 972 1094 674 32 187 31 1687 163 2446 449 2195 85 91 181 362 77 9972 36 81 132 200 77 135 2744 3105 1949 273
internal_value=0.00568803 -3.42771 13.9219 17.4543 7.32214 2.21612 -0.215912 -0.814343 12.1065 -5.69859 14.1347 -2.84826 2.35141 12.6745 10.368 5.35192 23.4769 -2.98561 -0.556453 -6.52217 -28.2302 30.1535 23.5934 22.1785 31.3842 -5.89587 4.91679 -8.43103 -4.83876 4.83772
internal_weight=30585 24533 6052 3941 2111 7039 820 3580 1291 17494 2560 2633 752 2216 1179 3459 344 4075 1764 13419 68 112 1381 1172 209 10107 3368 3312 2311 947
internal_count=30585 24533 6052 3941 2111 7039 820 3580 1291 17494 2560 2633 752 2216 1179 3459 344 4075 1764 13419 68 112 1381 1172 209 10107 3368 3312 2311 947
is_linear=0
shrinkage=0.08


Tree=25
num_leaves=31
num_cat=0
split_feature=4 4 4 3 11 0 3 0 0 11 8 8 3 3 4 6 3 3 12 9 0 3 0 3 4 8 3 9 4 3
split_gain=1.85072e+08 3.4175e+07 1.96939e+07 9.19868e+06 6.75994e+06 6.05456e+06 4.99457e+06 4.95645e+06 4.69632e+06 4.52053e+06 4.48039e+06 4.17617e+06 5.24977e+06 4.45028e+06 4.01844e+06 3.72396e+06 3.47681e+06 3.02938e+06 2.81804e+06 2.56301e+06 2.55961e+06 2.33578e+06 1.88704e+06 1.82771e+06 1.66237e+06 1.05584e+06 926325 799754 499994 499370
threshold=1468.1825736499293 822.73278426324293 2475.030458788719 200.79999999999998 1.0000000180025095e-35 0.41489674452495579 961.81500000000017 0.50247997818105761 0.55822821171919923 1.0000000180025095e-35 0.6078576107927941 -1.0000000180025095e-35 -999.99999999999977 417.00500000000005 503.47563956699781 -0.25881904510252113 -243.50499999999994 49.999999999999993 12.099429000000002 0.81174490092936691 0.53476337928950091 708.02499999999998 0.49533641361319886 -438.74499999999995 3151.2881327577629 1.0000000180025095e-35 397.00500000000017 0.81174490092936691 1273.3079118111889 1.0049999999999957
decision_type=2 2 2 2 2 2 2 2 2 2 2 2 2 2 2 2 2 2 2 2 2 2 2 2 2 2 2 2 2 2
left_child=1 6 3 4 7 23 9 -2 11 14 19 12 -3 -13 -1 -6 -11 28 20 -5 -7 -12 27 25 -25 -4 -19 -8 -10 -20
right_child=2 8 5 10 15 18 22 -9 17 16 21 13 -14 -15 -16 -17 -18 26 29 -21 -22 -23 -24 24 -26 -27 -28 -29 -30 -31
leaf_value=-5.9583805277920519 7.9380464843071712 -25.359677004496259 22.207698377821181 9.2488898262920181 3.6905754323256645 14.107859053406685 8.3882614067077643 -1.4301480106032036 -15.509906126764088 -25.082927675359393 17.996163196643401 2.6005058031276 -0.18055626435854358 13.003847527107723 -2.9244397582410322 -29.422837100982669 -9.3124869411079949 -4.6560606721780431 -16.703124994451347 18.611122528125929 -10.320229805650383 35.459619996169522 -3.9950805995941163 20.28900843933296 27.595181991345076 5.4307927888569081 9.8847429707845045 24.209215656686339 -29.6596147097633 0.72787476457868305
leaf_weight=11726 2831 53 35 1044 37 636 39 414 107 101 382 3605 2850 283 3672 51 762 126 21 229 28 57 39 999 262 75 35 46 20 20
leaf_count=11726 2831 53 35 1044 37 636 39 414 107 101 382 3605 2850 283 3672 51 762 126 21 229 28 57 39 999 262 75 35 46 20 20
internal_value=0.00566775 -3.42266 11.3011 8.59932 6.14796 17.8594 -5.42937 6.74277 1.22216 -5.55155 13.3654 1.64698 -0.648828 3.3609 -5.23511 -15.615 -11.1851 -8.76609 11.8063 10.9464 13.0638 20.3391 10.5085 20.9612 21.8277 10.9209 -1.45346 17.1322 -17.9526 -8.38513
internal_weight=30585 23464 7121 5045 3333 2076 16385 3245 7079 16261 1712 6791 2903 3888 15398 88 863 288 705 1273 664 439 124 1371 1261 110 161 85 127 41
internal_count=30585 23464 7121 5045 3333 2076 16385 3245 7079 16261 1712 6791 2903 3888 15398 88 863 288 705 1273 664 439 124 1371 1261 110 161 85 127 41
is_linear=0
shrinkage=0.08


Tree=26
num_leaves=31
num_cat=0
split_feature=5 4 1 0 5 3 4 5 3 1 0 4 8 0 9 8 2 1 1 5 0 1 5 4 2 4 6 0 12 6
split_gain=1.67721e+08 3.72543e+07 1.7786e+07 1.38133e+07 6.84619e+06 6.5888e+06 6.48984e+06 6.30246e+06 5.77373e+06 5.37098e+06 4.63102e+06 4.198e+06 4.17818e+06 4.06957e+06 5.1551e+06 3.557e+06 3.38422e+06 3.21987e+06 3.06698e+06 3.6484e+06 3.23039e+06 2.79337e+06 4.72158e+06 2.49663e+06 1.59598e+06 1.66466e+06 1.45455e+06 1.30376e+06 950006 622521
threshold=1627.7543623828017 942.61101605018291 0.08601658294058849 0.49895931004234334 2863.635411009132 -1227.9999999999998 497.56705224025785 2567.8214038401825 -1.0000000180025095e-35 0.17754724334573557 0.38350168731872825 1468.1825736499293 -1.0000000180025095e-35 0.52982324998091113 0.81174490092936691 1.0000000180025095e-35 2.1005746971663721 0.17754724334573557 0.12164037820727351 910.35760903550988 0.49293740851946261 0.073808701749192462 1395.4842621329133 313.36243140441212 1.6501113830752732 2895.5032941072968 0.37940952255126054 0.42420831803485737 8.7237712500000022 0.60355339059327384
decision_type=2 2 2 2 2 2 2 2 2 2 2 2 2 2 2 2 2 2 2 2 2 2 2 2 2 2 2 2 2 2
left_child=1 6 7 4 12 27 21 13 15 11 -11 -7 -4 14 -2 -5 -6 -10 19 -8 -20 22 -1 -23 29 -26 -15 -3 -29 -9
right_child=2 5 3 8 16 9 18 24 17 10 -12 -13 -14 26 -16 -17 -18 -19 20 -21 -22 23 -24 -25 25 -27 -28 28 -30 -31
leaf_value=-4.9143821743457003 12.953341515796597 -2.0106770775204614 2.9839751865332671 -38.503272597510865 29.661308930158615 1.9554652069023433 -2.7432880546196889 25.59712219045695 4.9907190146706322 5.9203470277601671 -10.860250527335518 6.7590073849927421 10.344751955477022 -16.210293818791705 25.000668841065782 -6.2389223400018157 13.839860428752425 -14.176185745934879 -4.2261068930046681 3.1819878660240004 -14.526657229027139 -11.328614493327828 28.621038050898797 -6.5049876586552458 16.1001447691532 23.015795146194609 4.8735450534936158 -32.399021930073587 -10.908489164525813 39.201014435686389
leaf_weight=6583 1714 20 807 52 127 4219 4180 102 164 154 328 1608 1274 23 263 38 280 84 992 790 242 812 26 4516 432 494 164 42 21 34
leaf_count=6583 1714 20 807 52 127 4219 4180 102 164 154 328 1608 1274 23 263 38 280 84 992 790 242 812 26 4516 432 494 164 42 21 34
internal_value=0.00537359 -2.93712 11.9319 7.29422 9.35568 2.31449 -4.78756 15.991 -7.86285 2.61045 -5.49764 3.28197 7.49309 13.5013 14.5678 -25.0989 18.8374 -1.53213 -2.68803 -1.80099 -6.25628 -5.87843 -4.77814 -7.24211 21.0468 19.8103 2.20787 -19.9451 -25.518 29.2595
internal_weight=30585 24533 6052 2826 2488 6392 18141 3226 338 6309 482 5827 2081 2164 1977 90 407 248 6204 4970 1234 11937 6609 5328 1062 926 187 83 63 136
internal_count=30585 24533 6052 2826 2488 6392 18141 3226 338 6309 482 5827 2081 2164 1977 90 407 248 6204 4970 1234 11937 6609 5328 1062 926 187 83 63 136
is_linear=0
shrinkage=0.08


Tree=27
num_leaves=30
num_cat=0
split_feature=5 4 1 0 5 7 4 3 8 1 12 4 0 1 0 4 1 5 12 0 7 7 4 12 5 1 12 2 1
split_gain=1.41999e+08 3.15276e+07 1.5334e+07 1.30477e+07 7.90574e+06 6.58936e+06 5.65963e+06 5.60002e+06 5.24722e+06 4.55724e+06 4.3274e+06 3.79816e+06 3.78903e+06 3.42932e+06 3.99747e+06 3.39507e+06 2.64254e+06 2.65821e+06 2.57716e+06 2.50494e+06 2.47383e+06 2.19819e+06 2.12613e+06 2.18472e+06 2.07184e+06 1.89693e+06 1.55404e+06 915251 801928
threshold=1627.7543623828017 942.61101605018291 0.10592229655737891 0.49895931004234334 2507.049509271968 -0.37940952255126009 469.58325007926953 -1227.9999999999998 -1.0000000180025095e-35 0.19305214367951343 9.3313510000000015 1799.3481316101695 0.46019978635390335 0.060671807164413907 0.53149732641519176 1468.1825736499293 0.21364731160036707 1420.263053060253 15.849028500000001 0.57606108203715645 -0.37940952255126009 -0.9829629131445341 1642.3785908357577 6.4001635000000006 1308.4361375932579 0.099055556065486952 8.0380085000000019 0.28691679947453713 0.076502042035304821
decision_type=2 2 2 2 2 2 2 2 2 2 2 2 2 2 2 2 2 2 2 2 2 2 2 2 2 2 2 2 2
left_child=1 6 4 8 13 -5 19 20 11 15 -7 -4 -11 14 -2 -9 17 -8 -15 25 -3 -10 28 -24 -18 -1 -22 -21 -6
right_child=2 7 3 5 22 10 16 9 21 12 -12 -13 -14 18 -16 -17 24 -19 -20 27 26 -23 23 -25 -26 -27 -28 -29 -30
leaf_value=-4.6856439391348479 15.493340535950114 -35.924965778350831 -5.5289213388161595 -52.749684720126062 25.429201314786582 -12.078314110049835 -3.046887800427021 1.7360920007770484 -8.1808528781467018 -0.062320191088589758 14.371865563528877 6.722510395459615 -17.304070845691975 7.5698543329985357 1.2602162530522951 5.9975053665215192 -9.5842512272834774 12.38727240286933 32.619930551034429 -14.388113330283611 -18.177733686967329 12.007051400622062 13.687260534616462 20.54906385700086 -37.084253481657605 -7.3136301863432243 9.7372981567382819 -7.7478080742836006 45.986737453294836
leaf_weight=5408 1225 31 243 21 40 207 9407 4304 35 219 48 481 129 1168 141 1657 79 71 26 277 32 1076 473 846 22 2613 20 264 22
leaf_count=5408 1225 31 243 21 40 207 9407 4304 35 219 48 481 129 1168 141 1657 79 71 26 277 32 1076 473 846 22 2613 20 264 22
internal_value=0.00515155 -2.70233 10.9791 5.47334 13.9261 -10.7168 -4.40461 2.12881 7.913 2.40166 -7.06273 2.60853 -6.48495 11.2861 14.0262 2.92146 -3.06815 -2.92997 8.14218 -5.89928 -18.3926 11.3643 18.8083 18.1006 -15.8793 -5.54257 -7.45989 -11.168 33.3381
internal_weight=30585 24533 6052 2111 3941 276 18141 6392 1835 6309 255 724 348 2560 1366 5961 9579 9478 1194 8562 83 1111 1381 1319 101 8021 52 541 62
internal_count=30585 24533 6052 2111 3941 276 18141 6392 1835 6309 255 724 348 2560 1366 5961 9579 9478 1194 8562 83 1111 1381 1319 101 8021 52 541 62
is_linear=0
shrinkage=0.08


Tree=28
num_leaves=31
num_cat=0
split_feature=5 5 11 7 4 1 1 1 11 12 1 3 12 1 3 3 0 4 1 0 1 5 0 8 1 8 1 5 7 4
split_gain=1.20578e+08 2.22222e+07 1.53679e+07 1.27809e+07 1.20286e+07 8.48659e+06 7.17997e+06 6.34929e+06 5.46032e+06 5.1505e+06 4.90216e+06 4.67745e+06 4.52665e+06 3.98793e+06 3.81868e+06 3.37262e+06 4.15436e+06 2.83435e+06 2.70277e+06 2.53626e+06 2.16395e+06 2.14192e+06 1.9845e+06 1.88675e+06 1.38201e+06 1.29591e+06 1.26443e+06 1.19441e+06 1.03838e+06 968718
threshold=1274.0841273047001 1769.3285804849877 1.0000000180025095e-35 -0.37940952255126009 535.37981905800996 0.07815191598035949 0.21364731160036707 0.24704976018373964 1.0000000180025095e-35 6.2677238000000006 0.12907691640303154 -153.40499999999994 6.8975761500000008 0.16412451633533634 -0.20500000000001248 -0.20500000000001248 0.45707478635649396 1523.002253024885 0.11421608886533151 0.41693426933808292 0.055233735923400369 303.37034084237683 0.4874192119834645 -1.0000000180025095e-35 0.079306453220254175 -0.60785761079279388 0.1522633365147972 842.7091398844309 -0.12940952255126034 313.36243140441212
decision_type=2 2 2 2 2 2 2 2 2 2 2 2 2 2 2 2 2 2 2 2 2 2 2 2 2 2 2 2 2 2
left_child=4 6 5 19 21 12 8 -7 18 10 17 -5 -3 20 -10 -8 -17 -6 -2 -4 -11 25 -12 -15 27 28 -27 -23 -1 -26
right_child=1 2 3 11 9 7 15 -9 14 13 22 -13 -14 23 -16 16 -18 -19 -20 -21 -22 24 -24 -25 29 26 -28 -29 -30 -31
leaf_value=-13.118517795946659 5.8439839168041559 11.428036567688844 -18.304808425598143 -31.408311819893971 2.8089727372483675 9.1128738776372256 -34.118582146277802 -25.226227422223769 -27.438524112905775 0.24054836133326024 -1.0877601370848142 9.6856532885902809 18.345642996970064 -15.601240380844633 -1.6374594193211309 9.2714133708607065 -20.958144661411161 12.398034668516789 1.2584959465401744 -52.163421248273153 -3.1682338551645257 -3.9156378260410585 -10.215638512690862 -2.3676460986546108 -9.472925587567012 -4.5255962164549226 -14.85585896904524 4.9428409448488795 -5.6800715658343233 -5.2254945632380734
leaf_weight=389 2684 1112 24 20 1851 2539 38 34 55 1946 519 113 1350 206 107 54 61 220 1187 40 3074 6875 215 104 374 663 85 98 177 4371
leaf_count=389 2684 1112 24 20 1851 2539 38 34 55 1946 519 113 1350 206 107 54 61 220 1187 40 3074 6875 215 104 374 663 85 98 177 4371
internal_value=0.00471769 7.53467 11.0102 -10.8674 -3.34584 11.8682 3.18908 8.64948 3.83559 -0.931916 1.84247 3.31778 15.2271 -2.39205 -10.5117 -13.7669 -6.80577 3.8331 4.43858 -39.9435 -1.84704 -4.85251 -3.77173 -11.1835 -4.5083 -7.91627 -5.71777 -3.79045 -10.8065 -5.5622
internal_weight=30585 9418 5232 197 21167 5035 4186 2573 4033 8135 2805 133 2462 5330 162 153 115 2071 3871 64 5020 13032 734 310 11718 1314 748 6973 566 4745
internal_count=30585 9418 5232 197 21167 5035 4186 2573 4033 8135 2805 133 2462 5330 162 153 115 2071 3871 64 5020 13032 734 310 11718 1314 748 6973 566 4745
is_linear=0
shrinkage=0.08


Tree=29
num_leaves=31
num_cat=0
split_feature=5 11 5 5 7 1 1 1 12 1 3 2 5 2 3 10 3 2 2 1 3 2 10 3 2 2 3 12 3 1
split_gain=1.02345e+08 1.9716e+07 1.60129e+07 1.27578e+07 1.14454e+07 9.52246e+06 6.30847e+06 5.69112e+06 5.5563e+06 4.42544e+06 3.72735e+06 3.535e+06 2.89228e+06 2.79507e+06 2.49429e+06 2.20878e+06 2.04089e+06 1.84968e+06 1.64454e+06 1.51581e+06 3.09911e+06 1.49535e+06 1.43466e+06 1.32325e+06 1.3213e+06 1.19676e+06 997616 983549 922630 798770
threshold=1360.133149531792 1.0000000180025095e-35 2626.1050338120644 862.78481538327071 -0.12940952255126034 0.22920403930075578 0.060671807164413907 0.22031234280403358 10.065666500000001 0.080540969049177027 -4.5900000000000025 1.5609799769490296 481.44663607983904 0.90598827827926787 170.01000000000013 1.0000000180025095e-35 1.0000000180025095e-35 1.751675890789637 0.72609903656810226 0.067477736225598883 195.01000000000013 1.5400139436404057 1.0000000180025095e-35 249.98999999999992 0.027067348678601878 1.0090803937399995 -1.0000000180025095e-35 3.6152036000000005 78.950000000000031 0.11109711784659849
decision_type=2 2 2 2 2 2 2 2 2 2 2 2 2 2 2 2 2 2 2 2 2 2 2 2 2 2 2 2 2 2
left_child=3 2 5 12 15 6 -2 13 11 17 22 -6 16 -4 -7 26 24 27 -18 20 -14 -12 -11 -10 -1 -21 -3 -5 -19 -17
right_child=1 4 7 9 8 14 -8 -9 23 10 21 -13 19 -15 -16 29 18 28 -20 25 -22 -23 -24 -25 -26 -27 -28 -29 -30 -31
leaf_value=-12.481319202601256 10.328440837099278 -31.102449196624757 38.314538350423184 5.7099379849831911 -15.916349378439097 -25.204861284961439 5.0822373401542107 -21.035087761773003 11.971936638465293 -5.3814765419255606 -0.530466081295069 15.795495896402995 -1.9689011756201771 15.596580546126832 -0.89493006688898269 -28.478745250355114 -3.8336017544246825 30.975828199906783 3.4315637157146743 -3.3719771017169786 8.0974290284334778 9.8325005100331406 -15.545738079325359 36.809639613193013 -5.5330974053943001 -10.140331420421601 -14.399685819595579 1.9792555960994294 8.2640730014377173 -52.301718891002523
leaf_weight=181 2268 39 35 616 90 72 4163 26 38 351 1714 29 3088 1515 43 21 4966 21 207 3465 208 93 119 22 5204 175 62 1702 26 26
leaf_count=181 2268 39 35 616 90 72 4163 26 38 351 1714 29 3088 1515 43 21 4966 21 207 3465 208 93 119 22 5204 175 62 1702 26 26
internal_value=0.00377732 7.49387 8.26962 -2.85529 -11.7407 6.52487 6.93372 15.5078 1.8834 0.872937 -1.6441 -8.12096 -3.84457 16.1339 -16.2012 -28.1207 -4.67839 3.296 -3.54227 -2.57482 -1.33138 0.00801865 -7.98254 21.5334 -5.76892 -3.70008 -21.091 2.97271 18.846 -42.4726
internal_weight=30585 8449 8122 22136 327 6546 6431 1576 179 4642 2277 119 17494 1550 115 148 10558 2365 5173 6936 3296 1807 470 60 5385 3640 101 2318 47 47
internal_count=30585 8449 8122 22136 327 6546 6431 1576 179 4642 2277 119 17494 1550 115 148 10558 2365 5173 6936 3296 1807 470 60 5385 3640 101 2318 47 47
is_linear=0
shrinkage=0.08


Tree=30
num_leaves=30
num_cat=0
split_feature=5 5 0 7 9 1 1 12 3 2 7 8 0 3 7 0 0 2 1 12 7 1 2 0 1 7 0 3 7
split_gain=8.83608e+07 2.12604e+07 9.07767e+06 1.15708e+07 8.53504e+06 7.51527e+06 6.70259e+06 5.47872e+06 5.24313e+06 4.82106e+06 3.71605e+06 3.36405e+06 3.0891e+06 2.95335e+06 3.35914e+06 8.00437e+06 3.16462e+06 2.78562e+06 2.72691e+06 2.47586e+06 2.38565e+06 2.36943e+06 2.18524e+06 2.10476e+06 2.08654e+06 1.92031e+06 1.85786e+06 1.47202e+06 905932
threshold=1720.0260074008504 910.35760903550988 0.41904103665644998 -0.60355339059327384 0.81174490092936691 0.15926292198568234 0.07815191598035949 7.9153435000000014 -5.0049999999999946 1.5073565678197205 -0.70710678118654757 -0.60785761079279388 0.50488326144062734 90.015000000000001 -0.37940952255126009 0.44912654535751489 0.57606108203715645 1.1836065345044886 0.077061651740503209 4.513898750000001 -0.12940952255126034 0.069740605743434811 2.2416948270893884 0.37735491119627057 0.12518859740352525 -0.9829629131445341 0.3023167089696065 199.00000000000009 -0.60355339059327384
decision_type=2 2 2 2 2 2 2 2 2 2 2 2 2 2 2 2 2 2 2 2 2 2 2 2 2 2 2 2 2
left_child=1 13 4 12 9 17 22 -7 11 21 -11 -8 18 16 15 -15 26 -5 -4 -10 25 -2 23 -3 -22 -6 -1 -16 -18
right_child=2 6 3 5 20 7 8 -9 19 10 -12 -13 -14 14 27 -17 28 -19 -20 -21 24 -23 -24 -25 -26 -27 -28 -29 -30
leaf_value=-0.88184494516653222 12.399900744093227 6.4418708938744809 -1.8454785576509627 18.512797874129223 3.8792174371790002 -12.378967886877533 -15.300073226572239 9.1526837085061832 3.6130801075531678 7.1823884911923939 14.079285465504002 -3.3626370587524308 -43.807258331298826 2.1479906670451165 -0.16126383996369253 -16.171552114596267 -14.757689270095826 7.8904601813172581 -23.986400429280604 -1.1195836109135784 18.890109914908539 0.43094793566963485 29.352737892844459 2.4159380100558105 0.74642218927751502 26.642741730536468 -3.8372718151752494 6.5977972623118157 -7.6047948560308498
leaf_weight=1505 140 1395 88 177 26 201 205 120 1218 768 1452 570 20 435 397 234 149 1465 59 1685 147 425 21 2059 56 322 14326 428 492
leaf_count=1505 140 1395 88 177 26 201 205 120 1218 768 1452 570 20 435 397 234 149 1465 59 1685 147 425 21 2059 56 322 14326 428 492
internal_value=0.00335491 -2.00258 9.22029 5.13666 11.8253 6.85826 1.68581 -4.3263 -0.694526 10.0188 11.6976 -6.53594 -15.0202 -3.47109 -0.0652246 -4.2743 -3.77997 9.04607 -10.8341 0.866639 20.9215 3.41339 4.20468 4.04333 13.9132 24.958 -3.55638 3.34899 -9.28789
internal_weight=30585 25119 5466 2130 3336 1963 7153 321 3678 2785 2220 775 167 17966 1494 669 16472 1642 147 2903 551 565 3475 3454 203 348 15831 825 641
internal_count=30585 25119 5466 2130 3336 1963 7153 321 3678 2785 2220 775 167 17966 1494 669 16472 1642 147 2903 551 565 3475 3454 203 348 15831 825 641
is_linear=0
shrinkage=0.08


Tree=31
num_leaves=28
num_cat=0
split_feature=5 5 11 7 1 5 1 1 3 3 3 8 12 3 2 0 0 0 3 1 2 2 1 2 3 1 3
split_gain=7.48128e+07 1.59732e+07 1.07997e+07 9.08276e+06 8.7264e+06 7.37538e+06 4.99243e+06 4.58908e+06 4.48947e+06 4.29458e+06 2.74004e+06 2.5692e+06 2.43646e+06 2.39284e+06 2.33739e+06 1.85254e+06 1.75797e+06 1.66292e+06 1.61067e+06 1.52849e+06 2.18455e+06 1.96333e+06 1.41907e+06 1.0821e+06 892309 549549 503475
threshold=1627.7543623828017 862.78481538327071 1.0000000180025095e-35 -0.37940952255126009 0.24704976018373964 2626.1050338120644 0.079306453220254175 0.082850065348742216 -205.095 -298.96999999999997 -747.82499999999993 -1.0000000180025095e-35 3.4572059000000004 -0.20500000000001248 1.751675890789637 0.51698655354599754 0.41693426933808292 0.37735491119627057 199.99000000000015 0.16073202496419656 1.1901769177352677 0.71883602119634704 0.1522633365147972 1.0090803937399995 146.99499999999992 0.031646377898560521 -499.99999999999983
decision_type=2 2 2 2 2 2 2 2 2 2 2 2 2 2 2 2 2 2 2 2 2 2 2 2 2 2 2
left_child=1 13 4 16 5 7 14 -2 -5 11 -7 -8 -11 15 17 25 -4 -3 -6 21 -21 -15 -10 -18 -16 -1 -17
right_child=2 6 3 8 18 10 9 -9 22 12 -12 -13 -14 19 24 26 23 -19 -20 20 -22 -23 -24 -25 -26 -27 -28
leaf_value=-1.9801679309553455 9.8524266060878176 5.1893770195309434 -15.612997987689393 -30.977254494406957 -36.747378719987545 3.2331363540175779 -14.502307702082856 4.5624749392636419 13.439571671762774 3.850520795180373 14.696919264640272 -2.8796136969875641 -1.1370372424757957 -2.8121230475286456 23.626189420116187 -14.428625132705227 -27.833176513671873 1.5897793315565358 -7.6109734921662708 -5.3362547271036149 -24.662541121320029 0.31860832363455682 -4.6438180091857912 -54.373691678133873 6.5029239472525466 -4.2824498069237551 -7.1471135143460289
leaf_weight=796 2081 1412 32 21 28 148 207 2123 92 875 1419 295 2203 9613 48 65 26 1965 22 447 40 1479 39 21 34 4067 987
leaf_count=796 2081 1412 32 21 28 148 207 2123 92 875 1419 295 2203 9613 48 65 26 1965 22 447 40 1479 39 21 34 4067 987
internal_value=0.0031524 -1.96207 7.96857 -8.96699 8.64206 8.93188 1.2559 7.18275 2.50073 -0.838265 13.6169 -7.69156 0.281591 -3.25687 3.42295 -4.56607 -30.787 3.09595 -24.3281 -2.58774 -6.97093 -2.39468 8.06151 -40.5776 16.6903 -3.90609 -7.6103
internal_weight=30585 24533 6052 231 5821 5771 7039 4204 152 3580 1567 502 3078 17494 3459 5915 79 3377 50 11579 487 11092 131 47 82 4863 1052
internal_count=30585 24533 6052 231 5821 5771 7039 4204 152 3580 1567 502 3078 17494 3459 5915 79 3377 50 11579 487 11092 131 47 82 4863 1052
is_linear=0
shrinkage=0.08


Tree=32
num_leaves=30
num_cat=0
split_feature=5 4 11 7 0 9 1 4 7 0 3 4 4 3 4 7 5 5 5 8 1 9 8 3 9 5 0 7 8
split_gain=6.36383e+07 1.60419e+07 9.86729e+06 7.44532e+06 5.88617e+06 7.56351e+06 6.79941e+06 5.81826e+06 4.79735e+06 1.35657e+07 4.90006e+06 3.89465e+06 3.36635e+06 3.18681e+06 3.12816e+06 3.0622e+06 2.69601e+06 2.56122e+06 2.84038e+06 2.45011e+06 2.14881e+06 1.84593e+06 1.61593e+06 1.53538e+06 2.73806e+06 1.44872e+06 1.3612e+06 994278 751761
threshold=1720.0260074008504 992.63087228520772 1.0000000180025095e-35 -0.37940952255126009 0.4711049549032259 0.81174490092936691 0.17475777883368729 1860.6573161070698 -0.37940952255126009 0.44912654535751489 290.00500000000017 1273.3079118111889 466.16131816231001 -153.40499999999994 1769.3285804849877 -0.12940952255126034 2148.5964702371089 1468.1825736499293 1444.143480146038 -0.60785761079279388 0.11109711784659849 0.81174490092936691 -0.60785761079279388 -139.25499999999997 0.81174490092936691 1420.263053060253 0.39332024983561858 1.0000000180025095e-35 1.0000000180025095e-35
decision_type=2 2 2 2 2 2 2 2 2 2 2 2 2 2 2 2 2 2 2 2 2 2 2 2 2 2 2 2 2
left_child=1 12 4 22 5 7 11 -2 9 19 14 -6 23 -5 -10 -7 -8 18 -14 -3 -11 -12 -4 24 -1 -25 -19 -15 -24
right_child=2 8 3 13 6 15 16 -9 10 20 21 -13 17 27 -16 -17 -18 26 -20 -21 -22 -23 28 25 -26 -27 -28 -29 -30
leaf_value=-12.195130989197366 2.0246640399842035 -3.3701419925993448 -47.941873895009358 -26.482879529086027 22.531655095402197 22.529841755342868 -3.9416673137835967 10.010045377818139 1.3003863225196697 -12.657170257863999 12.049025487389631 3.9152958732530001 -1.9951230853236055 -7.8971155672073374 8.2520487478897291 11.204298624497609 -26.955469447219585 24.975572313862465 -27.512344372340607 2.7325880311208799 -27.762411573088571 -0.56884603532335976 -9.4812533513849448 -3.9783758843605019 6.1374327915736604 7.3541018367401536 4.3512902821737622 10.430781007500105 -30.665323115234372
leaf_weight=310 734 572 23 21 78 372 77 2867 2953 199 500 813 10412 23 481 265 56 30 27 1587 88 87 21 7677 62 72 62 92 24
leaf_count=310 734 572 23 21 78 372 77 2867 2953 199 500 813 10412 23 481 265 56 30 27 1587 88 87 21 7677 62 72 62 92 24
internal_value=0.00245513 -1.69988 7.82442 -9.40459 8.49403 9.80914 3.04696 8.38338 1.73335 -1.06009 3.43246 5.56845 -2.89028 1.44447 2.27623 17.8432 -13.7606 -1.94618 -2.06375 1.11493 -17.3691 10.1811 -30.8093 -4.11415 -9.13142 -3.87214 11.2729 6.72865 -21.2006
internal_weight=30585 25119 5466 204 5262 4238 1024 3601 6467 2446 4021 891 18652 136 3434 637 133 10531 10439 2159 287 587 68 8121 372 7749 92 115 45
internal_count=30585 25119 5466 204 5262 4238 1024 3601 6467 2446 4021 891 18652 136 3434 637 133 10531 10439 2159 287 587 68 8121 372 7749 92 115 45
is_linear=0
shrinkage=0.08


Tree=33
num_leaves=29
num_cat=0
split_feature=5 5 11 7 1 1 3 12 5 2 3 3 1 7 12 10 3 12 5 2 5 1 9 10 5 10 3 1
split_gain=5.38516e+07 1.32399e+07 8.39678e+06 6.38358e+06 5.70891e+06 5.56518e+06 4.91607e+06 3.7037e+06 3.67564e+06 3.6645e+06 3.62545e+06 3.12743e+06 2.80811e+06 2.58971e+06 3.66056e+06 2.71966e+06 2.38493e+06 2.24662e+06 1.60761e+06 1.55999e+06 1.49864e+06 1.47838e+06 1.37872e+06 1.30664e+06 1.21291e+06 1.13151e+06 798308 730733
threshold=1720.0260074008504 964.05262549549161 1.0000000180025095e-35 -0.12940952255126034 0.17754724334573557 0.07815191598035949 -524.62999999999977 7.3876658500000003 2970.0870861186709 2.2416948270893884 470.01500000000004 -153.40499999999994 0.060671807164413907 -0.60355339059327384 9.507200000000001 1.0000000180025095e-35 -0.20500000000001248 7.9153435000000014 345.30973808767914 1.0836100005624145 583.57754877602679 0.080540969049177027 0.81174490092936691 1.0000000180025095e-35 2019.4196213484609 1.0000000180025095e-35 -999.99999999999977 0.11343215125001936
decision_type=2 2 2 2 2 2 2 2 2 2 2 2 2 2 2 2 2 2 2 2 2 2 2 2 2 2 2 2
left_child=1 16 5 23 9 7 17 10 -8 12 -2 -5 -3 15 -15 -6 18 -7 22 -9 25 -22 -1 27 -13 -18 -20 -4
right_child=2 4 3 11 13 6 8 19 -10 -11 -12 24 -14 14 -16 -17 20 -19 26 -21 21 -23 -24 -25 -26 -27 -28 -29
leaf_value=-8.3728405719082364 5.7932777256380508 4.423281330218293 -27.889518116455079 -24.460550205577501 1.1404221785261823 -12.048740842426525 5.2844703128021697 27.690010195414231 14.712985577479449 27.746158749050565 19.991086706353713 1.1838982273683709 0.79418281492256659 -6.7680632542969423 12.113400810623169 -25.46598540382881 -1.9443758840655665 2.0287048686589948 -12.804352789125945 12.869550303821518 0.95961980270923397 -2.3556744767507802 -0.38256028842361722 -39.409441229248046 18.820316925742411 -3.8711799511563254 -3.2738626859053999 -8.7651132966915775
leaf_weight=781 1091 2169 24 21 36 135 2118 47 302 35 128 58 3678 368 79 76 6226 155 56 1286 1840 1616 168 29 43 2843 5148 29
leaf_count=781 1091 2169 24 21 36 135 2118 47 302 35 128 58 3678 368 79 76 6226 155 56 1286 1840 1616 168 29 43 2843 5148 29
internal_value=0.00201386 -1.56396 7.19744 -8.69595 1.56352 7.81514 5.28723 10.4964 6.46668 2.29801 7.29928 2.9253 2.14096 -6.15539 -3.41146 -16.9794 -2.64248 -4.54345 -3.93227 13.4125 -2.0086 -0.590818 -6.96023 -25.8131 8.80345 -2.54876 -3.37886 -17.7815
internal_weight=30585 25119 5466 204 6441 5262 2710 2552 2420 5882 1219 122 5847 559 447 112 18678 290 6153 1333 12525 3456 949 82 101 9069 5204 53
internal_count=30585 25119 5466 204 6441 5262 2710 2552 2420 5882 1219 122 5847 559 447 112 18678 290 6153 1333 12525 3456 949 82 101 9069 5204 53
is_linear=0
shrinkage=0.08


Tree=34
num_leaves=30
num_cat=0
split_feature=5 4 11 7 13 1 3 7 0 3 13 1 5 9 5 1 7 3 13 4 13 8 3 8 0 8 8 5 8
split_gain=4.558e+07 1.19277e+07 7.13759e+06 5.51306e+06 4.87807e+06 7.1125e+06 5.62007e+06 4.31962e+06 1.08122e+07 4.37756e+06 4.0937e+06 3.4138e+06 3.52404e+06 4.90545e+06 3.22152e+06 3.34988e+06 2.35234e+06 2.3331e+06 2.29329e+06 2.19342e+06 2.17986e+06 2.15144e+06 2.06458e+06 1.48401e+06 1.26583e+06 1.2058e+06 1.03931e+06 854696 581777
threshold=1720.0260074008504 1039.4924051361979 1.0000000180025095e-35 -0.37940952255126009 10.084657000000002 0.20179298745144222 470.01500000000004 -0.37940952255126009 0.46019978635390335 269.00500000000005 12.462888750000003 0.15497246883075538 540.38965734328144 0.81174490092936691 2803.4179486041867 0.049891925532944394 -0.78656609248549325 -153.40499999999994 11.102634500000002 1720.0260074008504 13.034996500000002 -0.60785761079279388 -287.98999999999995 -1.0000000180025095e-35 0.4805678920291892 -0.60785761079279388 -0.60785761079279388 2019.4196213484609 1.0000000180025095e-35
decision_type=2 2 2 2 2 2 2 2 2 2 2 2 2 2 2 2 2 2 2 2 2 2 2 2 2 2 2 2 2
left_child=1 11 4 25 14 6 -6 8 21 19 -7 12 26 -14 15 -2 -16 -5 -10 -9 -11 -3 23 -13 -24 -4 -1 -19 -27
right_child=2 7 3 17 5 10 -8 9 18 20 -12 22 13 -15 16 -17 -18 27 -20 -21 -22 -23 24 -25 -26 28 -28 -29 -30
leaf_value=-3.9725602929071062 13.377788554127132 -3.4697967117810333 -41.24493964640299 -22.592654330166901 4.0059279802748238 -31.356138209416319 16.161067458929775 1.2119966135127995 -25.152652332817638 13.702898542128546 -1.6067263446807862 -23.86616614356382 -1.5499624971044135 4.818490427389035 4.4875290871342619 6.0914609810879732 16.342919236301746 -0.35971963958740233 -8.7551150951151744 6.9178464030001834 3.8315273194641235 2.2593163861064354 -3.0275915847525932 -6.8616388928633469 -8.3523458693490955 -7.8792643821022725 -2.3836959896873249 13.442782734577472 -26.474302155761716
leaf_weight=3775 535 577 23 21 1971 51 277 2708 122 345 69 69 4199 948 133 1656 570 64 101 512 246 1529 673 64 498 21 8753 51 24
leaf_count=3775 535 577 23 21 1971 51 277 2708 122 345 69 69 4199 948 133 1656 570 64 101 512 246 1529 673 64 498 21 8753 51 24
internal_value=0.00179453 -1.4389 6.62158 -8.0317 7.19109 4.49534 5.51022 1.62582 -1.08824 3.2843 -14.4049 -2.43042 -2.13874 -0.37628 9.39454 7.87594 14.1096 1.30357 -17.7982 2.12113 9.60743 0.688753 -6.37937 -15.7959 -5.29729 -26.4507 -2.86274 5.82444 -18.1567
internal_weight=30585 25119 5466 204 5262 2368 2248 6140 2329 3811 120 18979 17675 5147 2894 2191 703 136 223 3220 591 2106 1304 133 1171 68 12528 115 45
internal_count=30585 25119 5466 204 5262 2368 2248 6140 2329 3811 120 18979 17675 5147 2894 2191 703 136 223 3220 591 2106 1304 133 1171 68 12528 115 45
is_linear=0
shrinkage=0.08


Tree=35
num_leaves=29
num_cat=0
split_feature=5 4 11 7 0 9 4 7 0 4 7 0 4 5 3 11 3 9 12 9 2 5 5 0 7 3 5 2
split_gain=3.87157e+07 1.03425e+07 5.64055e+06 5.11852e+06 4.13727e+06 6.0925e+06 4.49955e+06 3.91613e+06 1.16198e+07 4.01902e+06 2.79465e+06 2.53405e+06 2.3921e+06 2.47295e+06 2.38442e+06 2.32522e+06 2.16419e+06 1.94123e+06 1.44223e+06 1.35121e+06 1.67767e+06 1.12015e+06 1.09874e+06 983102 939589 905747 753025 124224
threshold=1769.3285804849877 992.63087228520772 1.0000000180025095e-35 -0.12940952255126034 0.4711049549032259 0.81174490092936691 2131.9594740145162 -0.37940952255126009 0.46019978635390335 1769.3285804849877 -0.12940952255126034 0.5807555267335488 520.53403998596036 1468.1825736499293 -153.40499999999994 1.0000000180025095e-35 290.00500000000017 0.81174490092936691 6.8975761500000008 1.0000000180025095e-35 0.87297218027408441 1133.1627061669908 2567.8214038401825 0.41693426933808292 -0.60355339059327384 -0.99500000000000444 2019.4196213484609 1.0090803937399995
decision_type=2 2 2 2 2 2 2 2 2 2 2 2 2 2 2 2 2 2 2 2 2 2 2 2 2 2 2 2
left_child=1 11 4 23 5 6 -2 8 15 16 -7 12 25 -14 -5 -3 -9 -11 -10 20 -6 24 -21 -4 -13 -1 -16 -25
right_child=2 7 3 14 19 10 -8 9 18 17 -12 21 13 -15 26 -17 -18 -19 -20 22 -22 -23 -24 27 -26 -27 -28 -29
leaf_value=-3.5963228001796455 2.9415625981551501 1.1072234021609304 -11.399539924621582 -21.206777294340586 22.225346588134766 19.70868079979865 8.8613450606788238 1.0123258550974144 -10.614312957088504 10.476312323889967 8.7547398714206022 -11.733448231427175 -0.92174455407677003 11.711675602865691 2.317873948064344 -16.006226249694823 6.8146538105550176 -0.64442431777085718 -23.023154776301698 0.68333400936347222 3.5641598442549558 -24.311226287178371 -9.5177542731534874 -22.944800263904391 -4.7236703843240111 -2.1726868265933881 16.29792933576757 -34.924986245614512
leaf_weight=4496 1339 2227 31 20 32 363 2132 2996 112 565 257 158 5462 100 57 51 476 122 136 345 484 22 83 20 546 7884 43 26
leaf_count=4496 1339 2227 31 20 32 363 2132 2996 112 565 257 158 5462 100 57 51 476 122 136 345 484 22 83 20 546 7884 43 26
internal_value=0.00135726 -1.2917 6.26624 -6.9869 6.78607 7.8875 6.57919 1.40829 -1.07599 2.91704 15.1895 -2.25859 -2.07083 -0.692541 3.35705 0.717228 1.80954 8.50337 -17.4843 2.00953 4.76221 -6.88946 -1.31247 -22.9438 -6.31131 -2.68995 8.43122 -30.3154
internal_weight=30585 25353 5232 197 5035 4091 3471 6685 2526 4159 620 18668 17942 5562 120 2278 3472 687 248 944 516 726 428 77 704 12380 100 46
internal_count=30585 25353 5232 197 5035 4091 3471 6685 2526 4159 620 18668 17942 5562 120 2278 3472 687 248 944 516 726 428 77 704 12380 100 46
is_linear=0
shrinkage=0.08


Tree=36
num_leaves=30
num_cat=0
split_feature=5 4 11 7 12 3 7 0 4 2 8 7 5 5 9 5 5 7 3 3 4 0 3 8 12 0 4 5 2
split_gain=3.27689e+07 8.75278e+06 4.79678e+06 4.35717e+06 3.89604e+06 5.19541e+06 3.318e+06 9.84705e+06 3.40276e+06 2.82354e+06 2.41777e+06 4.56889e+06 2.87505e+06 2.56812e+06 5.60693e+06 2.3148e+06 2.06298e+06 2.05665e+06 2.03235e+06 2.01069e+06 1.71617e+06 1.68575e+06 1.45694e+06 1.37379e+06 1.22195e+06 838893 837568 639984 104950
threshold=1769.3285804849877 992.63087228520772 1.0000000180025095e-35 -0.12940952255126034 7.9153435000000014 470.01500000000004 -0.37940952255126009 0.46019978635390335 1769.3285804849877 2.0229317428466573 -0.60785761079279388 -0.12940952255126034 1374.6770639519916 1420.263053060253 1.0000000180025095e-35 2803.4179486041867 162.58200991215867 -0.78656609248549325 -153.40499999999994 708.02499999999998 478.45318210849354 0.50989525761338406 195.01000000000013 -1.0000000180025095e-35 6.8975761500000008 0.41693426933808292 661.82619661890294 2019.4196213484609 1.0090803937399995
decision_type=2 2 2 2 2 2 2 2 2 2 2 2 2 2 2 2 2 2 2 2 2 2 2 2 2 2 2 2 2
left_child=1 10 4 25 5 9 7 16 19 -2 11 12 -1 20 -15 22 -3 -17 -5 -8 -12 -10 -6 -7 -9 -4 -13 -20 -27
right_child=2 6 3 18 15 23 8 24 21 -11 13 26 -14 14 -16 17 -18 -19 27 -21 -22 -23 -24 -25 -26 28 -28 -29 -30
leaf_value=-5.7364976578759768 -0.36618798630582239 18.667258835601807 -10.516075833201407 -19.591022769019716 5.0564020183683454 5.0172672592372427 1.40500809307634 -9.7726826263697806 10.422430110051081 5.6706720503315466 -2.5019192552307969 -2.0758353965174563 -32.010741821289059 -12.737875353574752 15.509417098082995 3.2486296328644251 0.3374580860955374 14.323781971191565 2.13564112551459 15.943653456657165 -0.66647895911385502 1.7782881420942451 9.3800890967799599 17.411652209768107 -21.194746497161201 -21.19662513878232 1.192460051857027 15.023727400346235 -32.234468831380212
leaf_weight=2459 1098 39 31 20 1173 81 3411 112 480 903 6962 2227 26 63 151 133 2239 570 57 61 6133 207 874 203 136 20 647 43 26
leaf_count=2459 1098 39 31 20 1173 81 3411 112 480 903 6962 2227 26 63 151 133 2239 570 57 61 6133 207 874 203 136 20 647 43 26
internal_value=0.00103608 -1.18857 5.76472 -6.45698 6.2441 3.8002 1.29526 -0.991448 2.68401 2.35956 -2.07805 -3.51275 -6.02417 -1.50014 7.17302 8.27263 0.659326 12.2361 3.08677 1.66496 -1.64241 7.82425 6.90615 13.9067 -16.0964 -21.1794 -1.33991 7.77148 -27.9887
internal_weight=30585 25353 5232 197 5035 2285 6685 2526 4159 2001 18668 5359 2485 13309 214 2750 2278 703 120 3472 13095 687 2047 284 248 77 2874 100 46
internal_count=30585 25353 5232 197 5035 2285 6685 2526 4159 2001 18668 5359 2485 13309 214 2750 2278 703 120 3472 13095 687 2047 284 248 77 2874 100 46
is_linear=0
shrinkage=0.08


Tree=37
num_leaves=29
num_cat=0
split_feature=5 4 5 1 11 1 3 11 1 4 9 7 5 4 1 2 7 3 10 1 5 9 12 3 4 9 5 2
split_gain=2.77841e+07 8.56419e+06 5.13885e+06 4.42236e+06 4.42188e+06 4.1622e+06 3.76843e+06 2.49048e+06 2.42849e+06 3.19096e+06 1.99948e+06 1.99825e+06 1.97579e+06 1.75833e+06 1.60381e+06 1.47716e+06 1.32152e+06 1.18645e+06 1.41236e+06 1.19045e+06 1.0313e+06 923214 783662 651886 636598 469941 376423 367976
threshold=1049.3359823433866 2199.3054585573159 3005.0980100075335 0.22920403930075578 1.0000000180025095e-35 0.11902083097981232 -377.50000000000006 1.0000000180025095e-35 0.060107392327039592 1317.5944467224513 0.81174490092936691 -0.60355339059327384 1658.6664974867074 446.1872835029489 0.1341894096921071 2.0229317428466573 -0.37940952255126009 -747.82499999999993 1.0000000180025095e-35 0.24704976018373964 540.38965734328144 0.81174490092936691 10.013506500000002 -139.25499999999997 158.91771680779286 0.81174490092936691 862.78481538327071 1.0744194733865047
decision_type=2 2 2 2 2 2 2 2 2 2 2 2 2 2 2 2 2 2 2 2 2 2 2 2 2 2 2 2
left_child=8 2 3 4 -2 7 14 11 9 20 -5 -3 -8 24 -7 16 -11 18 -15 -19 23 -4 -22 -1 25 -10 -26 -23
right_child=1 5 21 10 -6 6 12 -9 13 15 -12 -13 -14 17 -16 -17 -18 19 -20 -21 22 27 -24 -25 26 -27 -28 -29
leaf_value=-6.5713676423853089 2.3598367219972793 5.3700719570534625 10.070284335432381 -6.9350629512900017 -6.5568546084539507 2.8171819065638948 -15.881141334533691 -14.74072359913793 -9.6023308402227325 -1.5554005378800997 -29.333582757660839 10.578797740136126 4.6443007852045444 -2.489333124863474 -23.782270065606809 27.481824973366475 10.210029902527973 -1.8232156094641645 -22.082469938371236 -16.40832285647922 1.9892431215642175 36.540921015421553 -1.2125522292594546 -1.4747184765682055 -3.7797297476943634 -2.9933063071977979 -13.875996400197346 20.899542003086637
leaf_weight=164 7805 697 28 117 372 20 31 28 229 97 32 1479 490 56 50 21 163 7697 40 35 1044 23 919 6186 2612 100 23 27
leaf_count=164 7805 697 28 117 372 20 31 28 229 97 32 1479 490 56 50 21 163 7697 40 35 1044 23 919 6186 2612 100 23 27
internal_value=0.00087982 3.17312 1.89685 1.70395 1.95343 7.00854 1.04462 8.60655 -1.83174 -0.828218 -11.909 8.91361 3.39492 -2.63073 -16.2497 7.54119 5.83145 -2.00193 -10.7967 -1.89135 -1.112 22.2054 0.490429 -1.60736 -4.29017 -7.60869 -3.87309 28.6701
internal_weight=30585 11199 8404 8326 8177 2795 591 2204 19386 8594 149 2176 521 10792 70 281 260 7828 96 7732 8313 78 1963 6350 2964 329 2635 50
internal_count=30585 11199 8404 8326 8177 2795 591 2204 19386 8594 149 2176 521 10792 70 281 260 7828 96 7732 8313 78 1963 6350 2964 329 2635 50
is_linear=0
shrinkage=0.08


Tree=38
num_leaves=30
num_cat=0
split_feature=5 4 1 1 12 4 5 3 3 12 8 8 1 1 12 4 3 1 5 12 4 7 5 1 9 9 4 5 7
split_gain=2.39871e+07 6.17443e+06 4.28186e+06 3.94973e+06 3.67484e+06 4.30648e+06 3.61892e+06 3.38953e+06 3.17005e+06 3.29039e+06 2.44541e+06 2.27853e+06 2.22304e+06 2.22106e+06 2.17638e+06 2.06597e+06 1.94542e+06 1.55796e+06 1.56017e+06 1.71728e+06 1.32341e+06 915654 775728 765372 579778 567042 561933 425024 314446
threshold=1769.3285804849877 535.37981905800996 0.068650442830567884 0.11824496080429213 7.3371658000000011 1891.7903955454069 3199.5985812441477 -499.99999999999983 397.00500000000017 7.9153435000000014 -0.60785761079279388 0.6078576107927941 0.014784856090944204 0.24704976018373964 12.221719000000002 2567.8214038401825 749.93500000000017 0.059528773834004955 887.63544884768805 9.5720795000000027 158.91771680779286 -0.12940952255126034 1821.205440764641 0.15364126980085169 0.81174490092936691 0.81174490092936691 2803.4179486041867 71.155737247132606 -0.12940952255126034
decision_type=2 2 2 2 2 2 2 2 2 2 2 2 2 2 2 2 2 2 2 2 2 2 2 2 2 2 2 2 2
left_child=1 17 14 4 5 -3 8 10 9 -4 -5 -10 -6 -9 15 16 -2 18 27 -20 24 -17 -16 -22 -19 -24 -8 -1 -28
right_child=2 3 6 7 12 -7 26 13 11 -11 -12 -13 -14 -15 22 21 -18 20 19 -21 23 -23 25 -25 -26 -27 28 -29 -30
leaf_value=-5.3766433166728307 3.7537819457829467 2.1536098740368375 -2.531723565679397 -19.989561114017096 10.530019482102887 12.12649008780358 26.171869950358072 -0.95203576094029962 4.7215253319997776 3.606359092787887 -4.6493898777029363 16.06025255163458 -0.6863890575629944 -15.079738178018022 -1.6676134371550186 7.1833701452427485 18.097212518930434 -9.7432522752174968 17.549279252069336 -7.4357577643761275 -2.4716600492526362 13.578002897135418 12.346042744903045 -5.3027134916817342 -3.1997265821793919 21.076314040879069 3.9990094680786137 -1.3175917310562644 15.552287014523067
leaf_weight=169 1146 3970 958 106 115 297 29 2933 462 1339 178 150 4507 72 22 298 63 259 55 25 5973 284 330 681 132 58 20 5881 73
leaf_count=169 1146 3970 958 106 115 297 29 2933 462 1339 178 150 4507 72 22 298 63 259 55 25 5973 284 330 681 132 58 20 5881 73
internal_value=0.000683365 -1.01712 4.93195 0.281442 1.15781 2.85044 2.98014 -2.0867 2.41092 1.04638 -10.425 7.5223 -0.405094 -1.29544 7.61721 6.40703 4.51555 -2.21734 -1.2844 9.74595 -3.02881 10.3217 12.8752 -2.76216 -7.548 13.7019 16.4229 -1.43185 13.1368
internal_weight=30585 25353 5232 12178 8889 4267 3031 3289 2909 2297 284 612 4622 3005 2201 1791 1209 13175 6130 80 7045 582 410 6654 391 388 122 6050 93
internal_count=30585 25353 5232 12178 8889 4267 3031 3289 2909 2297 284 612 4622 3005 2201 1791 1209 13175 6130 80 7045 582 410 6654 391 388 122 6050 93
is_linear=0
shrinkage=0.08


Tree=39
num_leaves=31
num_cat=0
split_feature=5 4 0 9 0 1 1 1 5 4 1 5 9 5 4 2 8 12 12 0 0 12 12 5 1 1 2 8 2 9
split_gain=2.03196e+07 5.37045e+06 3.86042e+06 3.35435e+06 4.78524e+06 3.35506e+06 2.82284e+06 2.47344e+06 2.33724e+06 2.31692e+06 2.22423e+06 2.78845e+06 4.76421e+06 2.18336e+06 2.10773e+06 1.95239e+06 1.81746e+06 2.66706e+06 2.51057e+06 1.57206e+06 1.47687e+06 1.33651e+06 1.23526e+06 1.16635e+06 1.12511e+06 1.10736e+06 959575 885864 637220 562401
threshold=1769.3285804849877 1053.7360194662817 0.50247997818105761 0.81174490092936691 0.44384610444737699 0.053624484105295342 0.15364126980085169 0.060107392327039592 3199.5985812441477 1543.9451096952896 0.15497246883075538 1420.263053060253 0.81174490092936691 2084.4454757204603 2273.1114059773076 1.5073565678197205 -0.60785761079279388 6.3173413000000007 10.176399500000002 0.5807555267335488 0.31487883898823416 5.7639892500000007 2.8840660000000002 2312.5587359574915 0.084146378101564154 0.013995159570631138 0.98851369873256478 -0.60785761079279388 0.49324246559576473 1.0000000180025095e-35
decision_type=2 2 2 2 2 2 2 2 2 2 2 2 2 2 2 2 2 2 2 2 2 2 2 2 2 2 2 2 2 2
left_child=1 10 3 5 22 14 15 9 -7 26 11 20 -13 29 -2 23 17 -9 -18 27 -1 -6 -5 -4 -17 -11 -3 -12 -21 -8
right_child=2 7 6 4 21 8 13 16 -10 25 19 12 -14 -15 -16 24 18 -19 -20 28 -22 -23 -24 -25 -26 -27 -28 -29 -30 -31
leaf_value=0.44454149806334131 3.696185056120096 5.6983834078328597 4.7867787988164778 0.031585570508783509 7.1102099446942741 2.3265581753788274 3.0622443026492472 0.84190380300676193 13.482575428883591 24.40920197329314 -7.1681846308205106 -2.3986671155646997 23.775987087952469 -25.855070125657686 10.454653109320796 -0.16626474517558046 0.057576527246396066 -6.4313394498383705 6.8153302497679933 -9.3790791778564468 -1.7491588199774484 -13.284400064975985 14.112707232303306 22.174612790107727 -12.468209568532307 6.4910296337471873 0.56485432953668158 -2.7203047284379394 -28.829863355553666 -12.228497544508715
leaf_weight=2252 484 285 112 43 30 2636 37 691 125 22 435 107 75 48 763 230 2312 604 414 23 15344 61 548 31 59 664 1260 843 22 25
leaf_count=2252 484 285 112 43 30 2636 37 691 125 22 435 107 75 48 763 230 2312 604 414 23 15344 61 548 31 59 664 1260 843 22 25
internal_value=0.000911464 -0.935855 4.53957 5.2782 10.4627 4.39361 -1.84987 1.09918 2.83633 3.23476 -1.60197 -1.3663 8.45853 -13.2295 7.83655 1.07156 -0.0862263 -2.55274 1.08601 -4.76546 -1.46839 -6.55661 13.09 8.68404 -2.7121 7.10037 1.51489 -4.23868 -19.3085 -3.19949
internal_weight=30585 25353 5232 4690 682 4008 542 6252 2761 2231 19101 17778 182 110 1247 432 4021 1295 2726 1323 17596 91 591 143 289 686 1545 1278 45 62
internal_count=30585 25353 5232 4690 682 4008 542 6252 2761 2231 19101 17778 182 110 1247 432 4021 1295 2726 1323 17596 91 591 143 289 686 1545 1278 45 62
is_linear=0
shrinkage=0.08


Tree=40
num_leaves=31
num_cat=0
split_feature=5 1 13 7 8 13 0 5 2 2 7 0 2 0 1 5 13 0 5 7 5 13 0 1 7 8 2 13 2 1
split_gain=1.73497e+07 6.02522e+06 6.0189e+06 6.03858e+06 5.66144e+06 4.84465e+06 4.79886e+06 4.3604e+06 3.05427e+06 2.11115e+06 2.14506e+06 2.10187e+06 1.85569e+06 1.75577e+06 1.70837e+06 1.93861e+06 2.23216e+06 1.80555e+06 4.33794e+06 1.94046e+06 1.3844e+06 1.18726e+06 1.18095e+06 1.02131e+06 545946 625407 524457 488460 479722 4669.77
threshold=1065.6107339580142 0.11194166193044565 8.5443190000000016 -0.37940952255126009 -0.60785761079279388 13.709188500000002 0.47004137430485365 2231.5016179326008 2.2416948270893884 1.2524231056641475 -0.9829629131445341 0.57606108203715645 2.2824269971427964 0.52982324998091113 0.083507438368042142 540.38965734328144 10.612726500000003 0.4805678920291892 133.87200642658311 -0.37940952255126009 1658.6664974867074 9.2054975000000017 0.55822821171919923 0.14551972909613339 -0.37940952255126009 -1.0000000180025095e-35 1.5073565678197205 8.5443190000000016 0.49324246559576473 0.17475777883368729
decision_type=2 2 2 2 2 2 2 2 2 2 2 2 2 2 2 2 2 2 2 2 2 2 2 2 2 2 2 2 2 2
left_child=11 7 3 4 -3 6 -4 8 13 21 -11 14 -5 -2 15 26 -17 18 -16 -19 -10 -9 -7 24 25 -13 -1 -26 29 -25
right_child=1 2 5 12 -6 22 -8 9 20 10 -12 23 -14 -15 17 16 -18 19 -20 -21 -22 -23 -24 28 27 -27 -28 -29 -30 -31
leaf_value=-1.2621709018052256 2.8176258390048514 -16.058214290954176 -2.4363428497538711 7.724927578723479 3.200521687306856 2.5080041212820747 -12.544079251906986 3.9433952342845777 32.881742557220463 -13.814173193035703 6.791570202141143 -10.367611609383786 25.066642369588216 -2.5840491202505014 17.493840871509754 -0.42685651905625627 4.0632754099513475 -9.6393132291482306 -1.752631945255462 -3.0892938554160874 10.889236088938526 24.175955279142965 -15.85240821639351 -6.3247753702799479 1.6699386112136501 -1.3222698600124307 -10.56421830084385 -4.2646230600062882 -21.160817152622766 -9.292480207715716
leaf_weight=8015 4926 143 1060 738 303 909 419 26 24 32 1877 164 41 417 75 2223 1039 361 5446 1455 76 68 22 20 111 70 38 433 34 20
leaf_count=8015 4926 143 1060 738 303 909 419 26 24 32 1877 164 41 417 75 2223 1039 361 5446 1455 76 68 22 20 111 70 38 433 34 20
internal_value=0.000911009 2.52865 -0.141279 4.4226 -2.99646 -2.46197 -5.30641 3.8319 2.65666 7.02262 6.43911 -1.43525 8.66863 2.39564 -1.25758 -0.640959 1.00413 -2.2083 -1.48806 -4.39596 16.4408 18.6802 2.05759 -5.31884 -4.45232 -7.67892 -1.30737 -3.05285 -14.2481 -7.99928
internal_weight=30585 11081 3635 1225 446 2410 1479 7446 5443 2003 1909 19504 779 5343 18652 11315 3262 7337 5521 1816 100 94 931 852 778 234 8053 544 74 40
internal_count=30585 11081 3635 1225 446 2410 1479 7446 5443 2003 1909 19504 779 5343 18652 11315 3262 7337 5521 1816 100 94 931 852 778 234 8053 544 74 40
is_linear=0
shrinkage=0.08


Tree=41
num_leaves=30
num_cat=0
split_feature=5 3 7 0 0 11 7 7 9 3 5 10 3 2 0 2 11 9 2 3 2 9 3 12 2 10 5 5 12
split_gain=1.48521e+07 4.21526e+06 3.57774e+06 6.21296e+06 3.50205e+06 3.08802e+06 3.60035e+06 3.0281e+06 3.7425e+06 2.83417e+06 2.81401e+06 2.62831e+06 2.42753e+06 2.35894e+06 2.17893e+06 2.08882e+06 1.76239e+06 1.7582e+06 1.75125e+06 1.5855e+06 1.46087e+06 1.09693e+06 862708 830365 758449 653976 482627 474768 466067
threshold=1769.3285804849877 90.015000000000001 -0.37940952255126009 0.44912654535751489 0.37421539709467644 1.0000000180025095e-35 -0.12940952255126034 -0.60355339059327384 0.81174490092936691 -638.51999999999987 1374.6770639519916 1.0000000180025095e-35 1099.9950000000001 0.87297218027408441 0.40675408621581371 1.5400139436404057 1.0000000180025095e-35 0.81174490092936691 0.060841725232787365 -153.40499999999994 2.2357967022157044 0.81174490092936691 -1504.4999999999998 4.7267515500000004 1.4133617053066219 1.0000000180025095e-35 2019.4196213484609 2055.8953207150594 9.507200000000001
decision_type=2 2 2 2 2 2 2 2 2 2 2 2 2 2 2 2 2 2 2 2 2 2 2 2 2 2 2 2 2
left_child=1 4 3 16 10 9 25 8 -6 17 24 -5 15 18 -15 -4 -3 22 -11 -8 -9 -12 -2 -14 -1 28 -21 -19 -7
right_child=5 2 12 11 7 6 19 20 -10 13 21 -13 23 14 -16 -17 -18 27 -20 26 -22 -23 -24 -25 -26 -27 -28 -29 -30
leaf_value=-0.50362432839460713 -11.900907282189477 1.8420537079601755 2.3033323838929496 1.2606106002981015 -5.6386988479366851 -3.5283466689700176 -17.278002458844863 -1.4962250209862538 4.2610808954915136 -8.7329381394159231 3.1428791607832376 -14.758772374615527 8.005423934936525 5.9919345650041036 2.3728408115237221 10.374723303822696 -17.801335969034831 17.829650985717773 15.87243815375434 1.993048914416083 19.626407355898902 11.182528662450732 -2.3743685539132158 26.665548807917414 13.742932009379068 -28.764604406738282 13.188530263727362 4.4073879698476484 -19.614500165215851
leaf_weight=6903 78 1147 2152 87 2212 20 20 11027 274 20 801 263 28 2544 1834 226 29 20 179 57 20 125 268 36 23 29 43 92 28
leaf_count=6903 78 1147 2152 87 2212 20 20 11027 274 20 801 263 28 2544 1834 226 29 20 179 57 20 125 268 36 23 29 43 92 28
internal_value=0.000839237 -0.800041 1.59441 -1.44384 -1.24439 3.88112 -5.92327 -2.02415 -4.54629 4.26583 0.0996312 -10.7845 3.49281 4.86616 4.47674 3.07446 1.34293 -1.73107 13.3682 2.75251 -1.45621 4.23905 -4.5501 18.7506 -0.454336 -19.306 6.8901 6.94087 -13.1209
internal_weight=30585 25353 3968 1526 21385 5232 197 13533 2486 5035 7852 350 2442 4577 4378 2378 1176 458 199 120 11047 926 346 64 6926 77 100 112 48
internal_count=30585 25353 3968 1526 21385 5232 197 13533 2486 5035 7852 350 2442 4577 4378 2378 1176 458 199 120 11047 926 346 64 6926 77 100 112 48
is_linear=0
shrinkage=0.08


Tree=42
num_leaves=29
num_cat=0
split_feature=4 3 1 0 5 9 1 3 4 11 5 7 1 12 7 0 10 7 1 7 1 7 4 1 12 4 0 10
split_gain=1.29014e+07 4.02568e+06 3.53721e+06 3.09187e+06 3.20504e+06 3.89268e+06 2.90411e+06 2.66688e+06 3.3985e+06 2.28704e+06 2.27083e+06 2.05572e+06 1.88124e+06 3.49852e+06 1.7964e+06 1.78882e+06 1.78444e+06 2.54774e+06 1.75592e+06 1.75092e+06 1.7221e+06 1.49589e+06 1.41047e+06 1.12669e+06 875710 867305 685948 343783
threshold=1845.9241844862479 69.629999999999924 0.18946953262365177 0.40002079734857904 1433.9411256865305 0.81174490092936691 0.12907691640303154 199.00000000000009 2895.5032941072968 1.0000000180025095e-35 2345.2743751583434 -0.78656609248549325 0.16823590160644428 9.6949885000000027 1.0000000180025095e-35 0.49194309828246147 1.0000000180025095e-35 -0.37940952255126009 0.077061651740503209 0.1294095225512602 0.22920403930075578 -0.60355339059327384 1278.2321883546915 0.049436555290774065 8.0380085000000019 1642.3785908357577 0.28385721731658087 1.0000000180025095e-35
decision_type=2 2 2 2 2 2 2 2 2 2 2 2 2 2 2 2 2 2 2 2 2 2 2 2 2 2 2 2
left_child=1 3 7 4 26 -6 21 8 9 -2 12 -4 14 -14 -3 24 18 -18 -9 25 -8 -5 -21 -10 -13 -12 -1 -17
right_child=2 10 11 6 5 -7 20 16 23 -11 19 15 13 -15 -16 27 17 -19 -20 22 -22 -23 -24 -25 -26 -27 -28 -29
leaf_value=1.0927449828889308 1.8897921218467171 -0.045430233498176265 -23.437507120186943 -3.8590440900856322 1.150201905064089 12.94305789524317 -4.267517660919065 13.529867178113051 11.234921849482269 -12.697740187201701 25.22223219837862 -4.3363358392261322 -7.1081589164785441 11.953324348243507 3.1941853628780041 -9.6643439310008077 -2.8244196420050502 8.5080545777709649 6.2849044860168819 16.705363585838903 -14.841802697841938 -1.0432911804930083 -6.3505612002002954 5.1424615364521182 7.2174798031307397 8.3732988856724333 -0.90348459194824571 -23.845450342814125
leaf_weight=1293 2213 2252 34 1430 646 247 1965 381 308 70 50 83 369 73 2132 28 227 286 495 25 103 7742 48 533 83 34 7415 20
leaf_count=1293 2213 2252 34 1430 646 247 1965 381 308 70 50 83 369 73 2132 28 227 286 495 25 103 7742 48 533 83 34 7415 20
internal_value=0.000855038 -0.704674 3.82704 -1.19308 -0.138736 4.42289 -2.09359 4.33844 3.04004 1.43715 1.33787 -5.45917 1.02866 -3.9401 1.53041 -2.50703 7.25437 3.49774 9.44781 10.7758 -4.80111 -1.48267 1.66424 7.38441 1.44915 18.5813 -0.606984 -15.9394
internal_weight=30585 25824 4761 20841 9601 893 11240 4513 3124 2283 4983 248 4826 442 4384 214 1389 513 876 157 2068 9172 73 841 166 84 8708 48
internal_count=30585 25824 4761 20841 9601 893 11240 4513 3124 2283 4983 248 4826 442 4384 214 1389 513 876 157 2068 9172 73 841 166 84 8708 48
is_linear=0
shrinkage=0.08


Tree=43
num_leaves=26
num_cat=0
split_feature=4 3 0 7 0 3 12 0 10 7 3 12 5 12 0 3 7 4 7 5 6 12 3 5 0
split_gain=1.09171e+07 3.5759e+06 3.20996e+06 3.8333e+06 4.10539e+06 3.48527e+06 2.97403e+06 2.77019e+06 2.63809e+06 6.81408e+06 2.62116e+06 2.46557e+06 2.08327e+06 2.62142e+06 1.9573e+06 1.82932e+06 1.79829e+06 1.71143e+06 1.61074e+06 1.41302e+06 1.20496e+06 1.36314e+06 635677 769310 397701
threshold=1845.9241844862479 298.97000000000008 0.51698655354599754 -0.70710678118654757 0.41489674452495579 961.81500000000017 14.187929000000002 0.3647590357434442 1.0000000180025095e-35 1.0000000180025095e-35 220.00500000000002 6.9484064500000011 897.8655247089365 13.260953500000001 0.56432041997074134 1099.9950000000001 -0.37940952255126009 3005.0980100075335 -0.5 627.19341434453338 0.12940952255126043 5.7639892500000007 399.00000000000017 862.78481538327071 0.28385721731658087
decision_type=2 2 2 2 2 2 2 2 2 2 2 2 2 2 2 2 2 2 2 2 2 2 2 2 2
left_child=1 7 3 4 10 17 8 12 15 -10 -2 -6 24 -14 18 -3 -4 -5 -9 -16 -18 -22 -8 -24 -1
right_child=2 6 16 5 11 -7 22 14 9 -11 -12 -13 13 -15 19 -17 20 -19 -20 -21 21 -23 23 -25 -26
leaf_value=0.86495798960708303 -0.84795974802934926 2.8538962663460827 -20.317303541853622 4.433227970597815 -0.2414228143429055 32.695112158203123 5.6334800000000005 -2.8488287701164534 -11.912582088285465 5.9167939952180379 7.8699765125631931 -20.514516273625695 1.6219827767594217 13.646092688388512 -3.1292644522854971 13.721154396752331 14.82486660854633 9.3207489100154373 -0.846720260481995 -9.7796630992750178 -0.16348789968569416 -12.514136607259113 10.178302280002171 28.722075171393318 -0.9281589844168423
leaf_weight=971 662 1369 36 2653 67 29 24 3306 269 278 330 89 2389 121 813 106 25 555 11575 273 241 74 26 36 4268
leaf_count=971 662 1369 36 2653 67 29 24 3306 269 278 330 89 2389 121 813 106 25 555 11575 273 241 74 26 36 4268
internal_value=0.000836898 -0.64817 3.52049 4.12882 0.156673 5.53706 2.50867 -0.92886 1.88453 -2.85694 2.05716 -11.8645 0.312232 2.20684 -1.53116 3.64364 -3.56612 5.28144 -1.29168 -4.80852 -1.73806 -3.09536 16.9929 21.2308 -0.595718
internal_weight=30585 25824 4761 4385 1148 3237 2108 23716 2022 547 992 156 7749 2510 15967 1475 376 3208 14881 1086 340 315 86 62 5239
internal_count=30585 25824 4761 4385 1148 3237 2108 23716 2022 547 992 156 7749 2510 15967 1475 376 3208 14881 1086 340 315 86 62 5239
is_linear=0
shrinkage=0.08


Tree=44
num_leaves=31
num_cat=0
split_feature=3 11 1 8 1 0 7 12 8 7 12 6 3 9 7 12 7 12 8 6 1 0 7 1 0 7 1 0 6 9
split_gain=7.5982e+06 3.75769e+06 3.35936e+06 3.98818e+06 3.01254e+06 2.30127e+06 8.26574e+06 2.30039e+06 2.27217e+06 5.62198e+06 2.27076e+06 1.95798e+06 2.30791e+06 1.90284e+06 2.7436e+06 1.82443e+06 1.70519e+06 1.55849e+06 1.40762e+06 1.37146e+06 1.20568e+06 1.06252e+06 784102 736561 596029 574919 349759 276402 244530 231207
threshold=178.04999999999998 1.0000000180025095e-35 0.19305214367951343 0.6078576107927941 0.22031234280403358 0.47698731950693635 -0.37940952255126009 5.2243210000000007 -0.60785761079279388 -0.12940952255126034 9.6949885000000027 -0.70710678118654735 -298.96999999999997 0.81174490092936691 1.0000000180025095e-35 7.9717285500000008 -0.60355339059327384 6.7407712000000011 -0.60785761079279388 -1.0000000180025095e-35 0.1969881678844059 0.43968005264420923 1.0000000180025095e-35 0.12428960263369709 0.38783451371388872 -0.12940952255126034 0.14551972909613339 0.49293740851946261 0.60355339059327384 1.0000000180025095e-35
decision_type=2 2 2 2 2 2 2 2 2 2 2 2 2 2 2 2 2 2 2 2 2 2 2 2 2 2 2 2 2 2
left_child=1 4 5 10 8 13 18 28 9 -1 22 25 23 14 -2 27 -9 -14 -7 -8 -10 -15 -4 -13 -12 29 -27 -5 -6 -3
right_child=2 11 3 15 7 6 19 16 20 -11 24 12 17 21 -16 -17 -18 -19 -20 -21 -22 -23 -24 -25 -26 26 -28 -29 -30 -31
leaf_value=-4.0154003905609965 2.0526008263469184 -1.2021463887199522 -6.8616566233062741 7.855806444549561 8.44766724395752 -18.698879404279921 -4.6959554419329788 -33.261667679398144 0.16798564816583358 0.59879389631738666 11.723666999230018 -12.835558668656782 -12.01745623540606 11.77530129318294 7.5777636396511632 31.072691012427917 -10.990356735731428 -3.3825834228849416 -0.14457737870649859 4.0796102953472602 6.5420570764541628 0.79752961631443187 -19.176894020418153 -27.421747278574347 -3.9248831380208333 1.9555028014837528 11.706787001473563 -3.9772931303544481 -1.1149654482523601 -9.3586769902910518
leaf_weight=3075 1626 62 49 29 23 143 126 26 17568 3750 25 65 174 335 890 20 132 574 32 1123 191 68 112 36 38 152 27 21 59 34
leaf_count=3075 1626 62 49 29 23 143 126 26 17568 3750 25 65 174 335 890 20 132 574 32 1123 191 68 112 36 38 152 27 21 59 34
internal_value=0.000948503 -0.532118 2.98339 -5.28009 -0.327163 3.54388 0.906429 -9.22799 -0.239897 -1.48041 -10.4815 -5.05433 -6.95272 4.82977 4.00929 11.2775 -14.8414 -5.4046 -15.3262 3.19127 0.236904 9.92955 -15.4943 -18.2525 2.37089 0.810453 3.48328 2.90521 1.6366 -4.1577
internal_weight=30585 25948 4637 294 24824 4343 1424 240 24584 6825 224 1124 849 2919 2516 70 158 748 175 1249 17759 403 161 101 63 275 179 50 82 96
internal_count=30585 25948 4637 294 24824 4343 1424 240 24584 6825 224 1124 849 2919 2516 70 158 748 175 1249 17759 403 161 101 63 275 179 50 82 96
is_linear=0
shrinkage=0.08


Tree=45
num_leaves=25
num_cat=0
split_feature=4 1 5 3 1 12 0 3 1 12 0 9 8 5 9 1 6 8 12 1 5 0 0 6
split_gain=8.87152e+06 2.70045e+06 2.66697e+06 2.57474e+06 2.38341e+06 2.31439e+06 2.02884e+06 2.8098e+06 2.60453e+06 2.88175e+06 1.99238e+06 1.95287e+06 1.60661e+06 2.11517e+06 1.76559e+06 1.43741e+06 1.19128e+06 1.89749e+06 1.80097e+06 1.07466e+06 445740 351701 547278 335419
threshold=1845.9241844862479 0.18946953262365177 3005.0980100075335 50.295000000000023 0.22920403930075578 6.4001635000000006 0.47344484209981913 698.00500000000022 0.10592229655737891 7.3371658000000011 0.5268386004854837 1.0000000180025095e-35 -1.0000000180025095e-35 2312.5587359574915 1.0000000180025095e-35 0.050905046000759353 -0.70710678118654735 -1.0000000180025095e-35 9.9015710000000023 0.061552621303690887 1950.5840221573269 0.4331548461415981 0.3680810169657634 0.37940952255126054
decision_type=2 2 2 2 2 2 2 2 2 2 2 2 2 2 2 2 2 2 2 2 2 2 2 2
left_child=2 6 3 4 10 -6 7 15 11 -10 -1 -8 14 -14 -5 -2 21 18 -18 -9 -19 22 -3 -4
right_child=1 16 23 12 5 -7 8 19 9 -11 -12 -13 13 -15 -16 -17 17 20 -20 -21 -22 -23 -24 -25
leaf_value=-0.69893662156672021 6.3357936432928543 8.3475792342476218 11.267161067417689 0.95149733782909052 -2.8807631904662605 -26.768244305970935 6.9740666335596453 4.1124121051656788 -17.702324504871758 3.0204378315318721 -3.2459975537574199 -1.6401862505481668 1.6570676146277998 13.0937761184835 -3.4997467083689369 2.9250581344680637 -27.257998959911117 -6.951608233690262 -0.11646929550170898 22.718268775247548 3.7931102743709788 9.9437944193522139 -8.0568898478190096 26.583970952120694
leaf_weight=17713 1187 22 20 1562 62 44 312 28 97 76 2210 364 3189 106 897 2377 48 47 23 72 50 29 29 21
leaf_count=17713 1187 22 20 1562 62 44 312 28 97 76 2210 364 3189 106 897 2377 48 47 23 72 50 29 29 21
internal_value=0.000698013 3.17352 -0.584355 -0.617144 -1.04563 -12.9539 3.62038 4.43668 0.096415 -8.6336 -0.981624 2.34004 0.874284 2.02885 -0.672998 4.06247 -4.94002 -8.74955 -18.5895 17.601 -1.43082 3.06915 -0.955853 19.5587
internal_weight=30585 4761 25824 25783 20029 106 4513 3664 849 173 19923 676 5754 3295 2459 3564 248 168 71 100 97 80 51 41
internal_count=30585 4761 25824 25783 20029 106 4513 3664 849 173 19923 676 5754 3295 2459 3564 248 168 71 100 97 80 51 41
is_linear=0
shrinkage=0.08


Tree=46
num_leaves=31
num_cat=0
split_feature=5 1 3 3 4 11 1 5 0 6 1 1 4 0 5 8 4 3 8 4 5 3 12 4 1 6 3 3 0 9
split_gain=7.61057e+06 4.16642e+06 3.93554e+06 2.35522e+06 2.56008e+06 2.28942e+06 2.67206e+06 2.01393e+06 1.74994e+06 1.6151e+06 1.4592e+06 1.45109e+06 1.94109e+06 1.56423e+06 3.69962e+06 2.51438e+06 1.39903e+06 1.34378e+06 1.21432e+06 2.48858e+06 1.07371e+06 1.07033e+06 907947 730112 626236 582689 562524 528190 513209 394139
threshold=1049.3359823433866 0.07815191598035949 -4.5900000000000025 269.00500000000005 2626.1050338120644 1.0000000180025095e-35 0.21364731160036707 3151.2881327577629 0.31751194927847143 -0.70710678118654735 0.24704976018373964 0.060107392327039592 1456.0179500695344 0.47810391946109437 133.87200642658311 -1.0000000180025095e-35 1007.9559692994125 1250.0050000000003 -0.60785761079279388 1278.2321883546915 964.05262549549161 141.00500000000002 12.778893250000001 2803.4179486041867 0.14429117344799927 -0.78656609248549292 199.00000000000009 749.93500000000017 0.58570885546523554 0.81174490092936691
decision_type=2 2 2 2 2 2 2 2 2 2 2 2 2 2 2 2 2 2 2 2 2 2 2 2 2 2 2 2 2 2
left_child=11 3 5 4 16 6 -3 10 22 -7 -4 12 27 14 15 -13 -2 -10 19 -15 26 -16 -5 -9 -20 -6 -14 28 -1 -29
right_child=1 2 7 8 25 9 -8 23 17 -11 -12 13 20 18 21 -17 -18 -19 24 -21 -22 -23 -24 -25 -26 -27 -28 29 -30 -31
leaf_value=-0.2773006685329093 6.5825427230158935 -1.7541651928927813 1.0996657363704003 9.7625462748663754 9.3562654830392677 4.7430928708031068 -17.325831437512448 19.954013633532401 5.0331474574319826 -20.403636316811166 -10.973157781043419 6.4358980688279672 0.044649667504715593 -4.0352611559667757 -1.4083903496777697 36.291215715114888 0.99824730855620736 21.479514521165328 -1.0035470248008249 -17.733562041284678 21.133306492660985 2.4167332587094599 25.586787672530772 6.9839358774094356 -4.520456253433454 4.796315674705891 9.9778017316251191 15.29019653646151 -3.5009869529469033 0.26933509271795103
leaf_weight=8045 315 985 4522 55 305 20 75 38 966 81 64 61 72 1119 7165 25 3150 32 1411 91 32 500 42 104 420 445 73 23 328 21
leaf_count=8045 315 985 4522 55 305 20 75 38 966 81 64 61 72 1119 7165 25 3150 32 1411 91 32 500 42 104 420 445 73 23 328 21
internal_value=0.000702118 1.66096 0.195617 3.28575 2.42594 -3.97579 -2.87123 1.22057 6.59018 -15.4263 0.928826 -0.958442 -0.182786 -1.57604 -0.972539 15.4322 1.50767 5.58147 -3.11345 -5.07926 8.08445 -1.15859 16.8055 10.5701 -1.8123 6.6607 5.07962 -0.357578 -0.403988 8.28662
internal_weight=30585 11199 5889 5310 4215 1161 1060 4728 1095 101 4586 19386 8594 10792 7751 86 3465 998 3041 1210 177 7665 97 142 1831 750 145 8417 8373 44
internal_count=30585 11199 5889 5310 4215 1161 1060 4728 1095 101 4586 19386 8594 10792 7751 86 3465 998 3041 1210 177 7665 97 142 1831 750 145 8417 8373 44
is_linear=0
shrinkage=0.08


Tree=47
num_leaves=31
num_cat=0
split_feature=4 7 0 0 1 4 8 7 0 12 1 7 9 1 4 1 1 12 9 4 0 1 4 2 0 0 8 2 0 0
split_gain=6.581e+06 2.46376e+06 3.67451e+06 2.91455e+06 3.077e+06 2.2305e+06 2.47271e+06 5.15102e+06 3.93706e+06 1.94925e+06 1.75748e+06 1.4232e+06 1.40657e+06 2.2868e+06 1.377e+06 1.18185e+06 1.16042e+06 966383 918929 916561 896091 858352 1.19474e+06 1.55847e+06 681062 603422 439018 327735 1.79621e+06 277412
threshold=1928.6294953818244 -0.70710678118654757 0.40981496607995499 0.4711049549032259 0.14699110845276478 493.6444277757858 -1.0000000180025095e-35 -0.12940952255126034 0.47922952996817814 6.9484064500000011 0.074941269561409882 -0.9829629131445341 1.0000000180025095e-35 0.24704976018373964 2273.1114059773076 0.18635890477550934 0.061552621303690887 10.176399500000002 1.0000000180025095e-35 3302.9503335992745 0.46127674795765178 0.05466276440019726 158.91771680779286 0.14840016621649701 0.32282731069456455 0.38783451371388872 -0.8783796973249266 0.060841725232787365 0.50989525761338406 0.43091317154648795
decision_type=2 2 2 2 2 2 2 2 2 2 2 2 2 2 2 2 2 2 2 2 2 2 2 2 2 2 2 2 2 2
left_child=5 2 10 19 18 21 7 8 -7 29 24 -12 15 -14 -6 -8 -11 -9 -5 20 -3 27 25 -24 -2 -23 -21 28 -1 -4
right_child=1 3 9 4 14 6 12 17 -10 16 11 -13 13 -15 -16 -17 -18 -19 -20 26 -22 22 23 -25 -26 -27 -28 -29 -30 -31
leaf_value=16.35245789320204 9.9727879867553728 4.7050021636024644 -9.7248481256394168 4.5885564036986057 -5.9202303595176113 -2.2881197091198926 0.36144845307907192 0.34366063268499758 -10.72934830656043 -8.4133106301797405 -17.772100495156121 -0.70017730963444647 2.348688925189256 -17.907599689483643 -26.513205944485136 -6.3710153532411855 -27.498545986100741 3.5134290806130593 -1.4572573392675556 3.73096075100369 12.183176298600657 3.8787973612735147 17.24732651410784 -1.671095537013918 3.0664123730675219 -6.6955243138242739 15.969425645090739 -0.6012049664330118 -3.5492387025181844 1.1225832747000235
leaf_weight=44 131 2228 20 316 51 2432 4075 2617 413 36 33 388 4016 35 35 173 50 804 326 26 107 37 27 6248 302 418 74 4989 81 53
leaf_count=44 131 2228 20 316 51 2432 4075 2617 413 36 33 388 4016 35 35 173 50 804 326 26 107 37 27 6248 302 418 74 4989 81 53
internal_value=0.000973845 2.95164 -0.481675 4.05101 -0.389967 -0.465702 0.197294 -1.00222 -3.51685 -11.6083 1.60106 -2.07732 1.10298 2.1693 -14.5096 0.0858318 -19.698 1.08943 1.52106 5.37837 5.05276 -1.28096 -1.87458 -1.58696 5.17405 -5.829 12.8559 -0.499548 3.53028 -1.94046
internal_weight=30585 4176 1013 3163 728 26409 14565 6266 2845 159 854 421 8299 4051 86 4248 86 3421 642 2435 2335 11844 6730 6275 433 455 100 5114 125 73
internal_count=30585 4176 1013 3163 728 26409 14565 6266 2845 159 854 421 8299 4051 86 4248 86 3421 642 2435 2335 11844 6730 6275 433 455 100 5114 125 73
is_linear=0
shrinkage=0.08


Tree=48
num_leaves=29
num_cat=0
split_feature=4 7 1 5 3 3 11 5 1 13 9 2 3 3 13 2 5 8 8 1 13 1 1 7 1 1 13 13
split_gain=5.57075e+06 2.25497e+06 2.60314e+06 2.15352e+06 2.06465e+06 1.80322e+06 1.72514e+06 1.83644e+06 1.43033e+06 1.64534e+06 1.39279e+06 1.29745e+06 1.47824e+06 1.24267e+06 2.62291e+06 1.34549e+06 1.15218e+06 856718 1.34409e+06 747918 1.65593e+06 1.33951e+06 1.02707e+06 1.00181e+06 535796 528232 178153 27220.8
threshold=1845.9241844862479 -0.9159756150367534 0.17475777883368729 2536.291659429196 -0.99500000000000444 -438.74499999999995 1.0000000180025095e-35 875.66521923972277 0.12613978437322179 9.9619915000000017 0.81174490092936691 2.5750175502600348 199.00000000000009 417.00500000000005 3.6460223500000004 1.4133617053066219 2055.8953207150594 -0.8783796973249266 -1.0000000180025095e-35 0.11269189017778734 10.028271750000002 0.15497246883075538 0.16623843604882318 -0.78656609248549325 0.076502042035304821 0.035855526607563047 4.4038162500000011 9.1386335000000027
decision_type=2 2 2 2 2 2 2 2 2 2 2 2 2 2 2 2 2 2 2 2 2 2 2 2 2 2 2 2
left_child=3 2 17 4 6 8 10 -8 25 -10 -1 12 -7 15 -15 -6 -13 26 -19 23 21 -21 -22 27 -25 -3 -2 -5
right_child=1 5 -4 19 13 11 7 -9 9 -11 -12 16 -14 14 -16 -17 -18 18 -20 20 22 -23 -24 24 -26 -27 -28 -29
leaf_value=-1.8613930952256263 13.122148078759512 6.7903304293645572 -23.903420362528632 -0.057752127511160711 -0.11901559902051657 1.8334376848712421 -3.0448892957554921 -13.64779425409678 -1.6019077862001236 -22.206216083980738 0.9998655822615139 24.228229177621692 5.2621343924836879 19.994981654093817 1.6245610510442166 -4.4512744015192585 6.7691815971953968 -8.2378806837781688 1.1960301514753928 -1.8773115699404761 3.7813384660993301 26.343211904691611 -21.106729827880859 12.101262964714897 27.001793366608794 -0.92506274534203115 4.227748465933451 4.0629076799665187
leaf_weight=5685 23 72 33 20 16418 2099 359 147 61 41 1346 25 1306 51 1154 471 394 153 259 20 20 22 21 44 26 255 40 20
leaf_count=5685 23 72 33 20 16418 2099 359 147 61 41 1346 25 1306 51 1154 471 394 153 259 20 20 22 21 44 26 255 40 20
internal_value=0.000769233 2.51499 -2.51885 -0.46284 -0.526378 3.11671 -1.63878 -6.14604 -1.79793 -10.0193 -1.31357 3.6684 3.14969 -0.0629458 2.41801 -0.24009 7.86612 -0.986077 -2.31878 7.93429 2.16098 13.1735 -9.16505 12.2317 17.9382 0.789238 7.62933 2.05123
internal_weight=30585 4761 508 25824 25631 4253 7537 506 429 102 7031 3824 3405 18094 1205 16889 419 475 412 193 83 42 41 110 70 327 63 40
internal_count=30585 4761 508 25824 25631 4253 7537 506 429 102 7031 3824 3405 18094 1205 16889 419 475 412 193 83 42 41 110 70 327 63 40
is_linear=0
shrinkage=0.08


Tree=49
num_leaves=28
num_cat=0
split_feature=5 1 11 7 12 8 7 7 0 4 4 0 0 1 4 5 1 7 9 4 5 5 4 7 12 11 12
split_gain=5.06295e+06 3.73969e+06 2.18023e+06 4.63054e+06 5.95262e+06 2.16429e+06 3.95932e+06 2.01655e+06 1.88437e+06 1.31177e+06 1.26546e+06 1.10952e+06 881260 761349 856001 934855 708216 632404 854642 576686 906241 576155 466088 394465 386218 244603 200718
threshold=964.05262549549161 0.068650442830567884 1.0000000180025095e-35 -0.12940952255126034 7.6432585000000008 -1.0000000180025095e-35 -0.12940952255126034 1.0000000180025095e-35 0.54421649444330977 132.92591481378892 1603.25204566808 0.5807555267335488 0.500125866907425 0.060107392327039592 852.51399127078719 71.155737247132606 0.14551972909613339 -0.12940952255126034 0.81174490092936691 446.1872835029489 282.54927668671218 910.35760903550988 607.64212036506296 -0.60355339059327384 11.573353500000001 1.0000000180025095e-35 12.778893250000001
decision_type=2 2 2 2 2 2 2 2 2 2 2 2 2 2 2 2 2 2 2 2 2 2 2 2 2 2 2
left_child=11 8 5 12 -5 6 -3 -7 9 -2 -11 13 -4 14 21 -16 23 -10 -19 26 -21 -1 -18 25 -25 -13 -15
right_child=1 2 3 4 -6 7 -8 -9 17 10 -12 16 -14 19 15 -17 22 18 -20 20 -22 -23 -24 24 -26 -27 -28
leaf_value=-0.45851406159104791 19.75627801316784 -4.9785441632603442 -12.481499084347586 -11.478437208480834 16.267056040394063 3.3996682043324529 1.2674522410600693 -0.18960363606384054 -16.074791486816405 1.7949955037753749 4.4554704287291242 -4.5091183068466183 -26.471601063537598 -2.3261584028999143 -12.893595213012695 2.8268181017137146 -5.7706122984356352 0.11285054423169393 -12.340566765509712 4.3194050690951169 -0.94208370822504539 7.4141509174029023 -20.005578292281538 -2.5569190085788094 7.8394486630757649 -11.66112288831628 0.37935407428892831
leaf_weight=7093 30 1110 121 99 97 2010 1563 1996 24 2119 2492 99 39 2583 24 788 35 163 44 215 6997 59 26 503 23 45 188
leaf_count=7093 30 1110 121 99 97 2010 1563 1996 24 2119 2492 99 39 2583 24 788 35 163 44 215 6997 59 26 503 23 45 188
internal_value=0.000854986 1.28994 0.109995 -5.9812 2.26558 0.435512 -1.32717 1.6117 2.99336 3.34454 3.2335 -0.820944 -16.0349 -0.69638 -0.112972 2.34688 -3.87402 -4.04607 -2.58082 -1.16174 -0.784653 -0.39254 -12.0629 -3.11158 -2.0883 -6.80918 -2.14253
internal_weight=30585 11907 7035 356 196 6679 2673 4006 4872 4641 4611 18678 160 17947 7964 812 731 231 207 9983 7212 7152 61 670 526 144 2771
internal_count=30585 11907 7035 356 196 6679 2673 4006 4872 4641 4611 18678 160 17947 7964 812 731 231 207 9983 7212 7152 61 670 526 144 2771
is_linear=0
shrinkage=0.08


Tree=50
num_leaves=29
num_cat=0
split_feature=5 11 7 12 8 9 7 12 2 4 8 6 8 4 4 7 12 5 7 9 9 4 9 4 7 4 13 5
split_gain=4.28491e+06 2.53409e+06 5.05953e+06 4.01099e+06 1.92516e+06 3.89104e+06 4.14749e+06 2.13808e+06 2.10457e+06 1.9191e+06 1.88044e+06 1.29251e+06 1.04964e+06 712626 590870 1.21038e+06 885841 433903 407922 3.14908e+06 1.71459e+06 991914 906628 1.05962e+06 757210 291534 242231 196095
threshold=964.05262549549161 1.0000000180025095e-35 -0.12940952255126034 8.9836310000000008 -1.0000000180025095e-35 1.0000000180025095e-35 -0.12940952255126034 13.732985500000003 0.83838769366094412 1317.5944467224513 1.0000000180025095e-35 -0.37940952255126059 1.0000000180025095e-35 449.65950529091253 1444.143480146038 -0.70710678118654757 13.170073500000003 862.78481538327071 -0.37940952255126009 0.81174490092936691 1.0000000180025095e-35 481.48857254716626 0.81174490092936691 1053.7360194662817 1.0000000180025095e-35 28.63519445162547 7.8743138500000009 477.19648216481238
decision_type=2 2 2 2 2 2 2 2 2 2 2 2 2 2 2 2 2 2 2 2 2 2 2 2 2 2 2 2
left_child=13 4 14 11 5 9 -7 8 -6 -2 -5 -4 -9 17 16 -16 -3 25 19 20 -15 -21 23 -20 -24 27 -27 -1
right_child=1 2 3 10 7 6 -8 12 -10 -11 -12 -13 -14 18 15 -17 -18 -19 22 21 -22 -23 24 -25 -26 26 -28 -29
leaf_value=-5.1284530618117028 -1.6641949767470363 -13.504285455810114 2.4068333067109315 22.777887464495674 5.4229367153082233 -9.2788848770708441 -0.027195994327598467 15.425652809061033 1.3255523247565295 2.8010149599770995 -1.1753498345651934 -11.910106335283762 5.6635889816661882 -0.39951365574648479 -28.784863899821325 -8.3111930304633255 3.953428800499958 -10.146319862365722 -0.021992485956161972 -0.0064670668767423042 -3.5834213237874817 9.7042845519325951 2.5185386897029138 3.6762867734724707 -3.1484153879506174 -0.36020535745173216 -1.6310491153390174 3.0703665513992311
leaf_weight=193 831 107 78 68 936 497 822 92 5590 2374 30 82 302 3130 41 35 22 36 6325 97 1654 219 180 537 912 1252 4123 20
leaf_count=193 831 107 78 68 936 497 822 92 5590 2374 30 82 302 3130 41 35 22 36 6325 97 1654 219 180 537 912 1252 4123 20
internal_value=0.000589515 1.18649 -4.60963 2.84491 1.42138 0.138013 -3.51763 2.26024 1.91397 1.6431 15.5074 -4.95895 7.97636 -0.755433 -13.9598 -19.5867 -10.5194 -1.50821 -0.431028 -0.989441 -1.50082 6.73281 -0.0729003 0.267916 -2.21285 -1.45075 -1.33515 -4.34782
internal_weight=30585 11907 463 258 11444 4524 1319 6920 6526 3205 98 160 394 18678 205 76 129 5624 13054 5100 4784 316 7954 6862 1092 5588 5375 213
internal_count=30585 11907 463 258 11444 4524 1319 6920 6526 3205 98 160 394 18678 205 76 129 5624 13054 5100 4784 316 7954 6862 1092 5588 5375 213
is_linear=0
shrinkage=0.08


Tree=51
num_leaves=26
num_cat=0
split_feature=4 1 3 13 7 7 8 0 3 1 3 5 7 0 13 13 0 5 5 1 4 0 3 5 8
split_gain=3.83462e+06 1.96283e+06 1.98164e+06 2.88386e+06 2.62727e+06 1.88374e+06 3.66695e+06 2.30239e+06 2.10573e+06 2.0199e+06 1.82121e+06 1.80361e+06 1.68053e+06 1.54252e+06 1.36796e+06 1.36703e+06 1.69145e+06 1.49586e+06 1.27899e+06 962402 819056 663836 509282 502867 435445
threshold=1928.6294953818244 0.24704976018373964 417.00500000000005 3.7399563500000004 -0.5 -0.5 -0.60785761079279388 0.47344484209981913 708.02499999999998 0.14699110845276478 397.00500000000017 3005.0980100075335 -0.9829629131445341 0.3647590357434442 12.623879500000003 8.6676545000000029 0.40394941000572954 1928.6294953818244 1386.0171818619581 0.063649560407954234 2273.1114059773076 0.30811893661925732 146.99499999999992 1035.3494326724224 1.0000000180025095e-35
decision_type=2 2 2 2 2 2 2 2 2 2 2 2 2 2 2 2 2 2 2 2 2 2 2 2 2
left_child=1 2 11 23 -5 6 15 8 18 19 12 13 -8 -1 22 16 -2 -17 -7 -9 -11 -12 -3 -4 -16
right_child=5 14 3 4 -6 7 10 9 -10 20 21 -13 -14 -15 24 17 -18 -19 -20 -21 -22 -23 -24 -25 -26
leaf_value=0.41855495523110386 -4.5032053237203824 -25.79464122055516 11.953671937684753 -3.0970379259581029 4.5050771774801692 16.182001402164328 -11.460948489189148 3.9075679542702364 23.485958938899795 -6.0360797536032544 17.961276436824424 20.586690956702597 2.0014110034136614 -0.92825673987539947 -8.3401983578421852 6.6487309758692605 -18.92459909150287 -7.5980119957712899 4.1136058515988525 -2.4985634327352479 -23.072328408304848 6.6769317512512201 -10.637108287556966 26.500194717899443 7.4030412571119237
leaf_weight=8023 117 32 36 448 826 57 63 331 37 48 50 25 816 16917 21 80 94 112 1966 273 29 103 29 30 22
leaf_count=8023 117 32 36 448 826 57 63 331 37 48 50 25 816 16917 21 80 94 112 1966 273 29 103 29 30 22
internal_value=0.000489038 -0.355741 -0.312155 2.68376 1.83147 2.25283 -0.0955134 3.48186 4.81441 -0.550205 2.43184 -0.473063 1.0246 -0.494998 -11.272 -6.55755 -10.9869 -1.65814 4.46148 1.01272 -12.666 10.4574 -18.8765 18.8627 -0.300146
internal_weight=30585 26409 26305 1340 1274 4176 1435 2741 2060 681 1032 24965 879 24940 104 403 211 192 2023 604 77 153 61 66 43
internal_count=30585 26409 26305 1340 1274 4176 1435 2741 2060 681 1032 24965 879 24940 104 403 211 192 2023 604 77 153 61 66 43
is_linear=0
shrinkage=0.08


Tree=52
num_leaves=23
num_cat=0
split_feature=4 1 0 1 8 7 9 4 4 7 11 8 0 7 12 12 9 4 0 11 6 0
split_gain=3.29903e+06 2.07093e+06 2.04561e+06 1.71743e+06 1.51544e+06 4.39952e+06 2.4329e+06 1.69153e+06 1.41861e+06 1.41021e+06 1.34755e+06 1.34128e+06 1.32699e+06 1.18851e+06 1.25465e+06 991373 975612 871539 852271 685068 532493 98736.6
threshold=2199.3054585573159 0.11658082995994952 0.50247997818105761 0.24704976018373964 -1.0000000180025095e-35 -0.12940952255126034 1.0000000180025095e-35 520.53403998596036 1317.5944467224513 -0.70710678118654757 1.0000000180025095e-35 1.0000000180025095e-35 0.2772008567085999 -0.9159756150367534 5.8630007000000015 3.8441363500000008 1.0000000180025095e-35 2345.2743751583434 0.36166588655092174 1.0000000180025095e-35 0.78656609248549325 0.5506732950278419
decision_type=2 2 2 2 2 2 2 2 2 2 2 2 2 2 2 2 2 2 2 2 2 2
left_child=3 10 9 4 5 6 -1 19 -7 12 13 20 -3 14 -2 -15 -9 -4 -11 -6 -5 -22
right_child=1 2 17 11 7 8 -8 16 -10 18 -12 -13 -14 15 -16 -17 -18 -19 -20 -21 21 -23
leaf_value=-1.3947885767443322 8.7621360027125625 9.4360056434044477 -4.5713209894353701 -21.74967827279227 -0.4139951775187477 -0.15879469535738105 -5.0097949834416973 0.22168289197630597 2.6608613168467579 7.218123105312916 -13.429877578209185 5.0128458933149069 -10.571695996388668 0.44856649239768559 -4.4094285336732861 5.378998200330142 1.9588932828057792 -26.391499062674384 -0.26441892211044893 -4.0140763439258222 -4.2074615347726008 -12.387442488534111
leaf_weight=3528 60 25 21 41 7198 4943 1799 4226 1484 140 28 27 118 310 191 1657 4053 27 315 354 20 20
leaf_count=3528 60 25 21 41 7198 4943 1799 4226 1484 140 28 27 118 310 191 1657 4053 27 315 354 20 20
internal_value=0.000526974 2.57112 -1.41891 -0.268005 -0.228395 -0.916508 -2.61634 0.282532 0.492578 -0.131033 3.71887 -10.2902 -7.03255 3.94131 -1.23854 4.60259 1.07227 -17.1334 2.04866 -0.583259 -15.3902 -8.50002
internal_weight=30585 2892 646 27693 27585 11754 5327 15831 6427 598 2246 108 143 2218 251 1967 8279 48 455 7552 81 40
internal_count=30585 2892 646 27693 27585 11754 5327 15831 6427 598 2246 108 143 2218 251 1967 8279 48 455 7552 81 40
is_linear=0
shrinkage=0.08


Tree=53
num_leaves=28
num_cat=0
split_feature=3 2 1 12 11 5 12 6 7 0 3 9 0 0 1 1 12 7 3 2 5 12 9 3 12 7 10
split_gain=3.15156e+06 2.60359e+06 2.08092e+06 2.51726e+06 1.73903e+06 1.77178e+06 1.66264e+06 1.50936e+06 1.4068e+06 5.67458e+06 1.83896e+06 1.62873e+06 1.31976e+06 1.2663e+06 2.1017e+06 1.60818e+06 1.20986e+06 2.0873e+06 1.10137e+06 997356 986983 986635 912962 829582 671638 580634 186176
threshold=178.04999999999998 2.5750175502600348 0.19305214367951343 9.6949885000000027 1.0000000180025095e-35 1523.002253024885 10.281095000000002 -0.70710678118654735 -0.5 0.44803637224076576 961.81500000000017 0.81174490092936691 0.51698655354599754 0.37735491119627057 0.14161696835341123 0.1969881678844059 5.7182960000000014 -0.12940952255126034 249.98999999999992 1.6073739134340836 2055.8953207150594 9.8008785000000014 -0.56174490092936669 499.03500000000014 9.7433180000000004 -0.37940952255126009 1.0000000180025095e-35
decision_type=2 2 2 2 2 2 2 2 2 2 2 2 2 2 2 2 2 2 2 2 2 2 2 2 2 2 2
left_child=1 4 8 16 13 21 -5 -7 9 11 19 -2 -12 15 -15 -1 17 -4 -11 -10 -3 -6 -18 -8 26 -26 -22
right_child=2 20 3 6 5 7 23 -9 10 18 12 -13 -14 14 -16 -17 22 -19 -20 -21 24 -23 -24 -25 25 -27 -28
leaf_value=0.32457170801285684 1.2543076966457272 18.810885858872357 19.6125986004784 26.349642105622724 -4.9215498942516778 2.4905509638664052 7.4946620346872432 -15.726577677072573 1.9577724780799557 2.5204612548192342 16.399999472178585 9.4842185401485466 1.6517940211613975 -0.38539419701050165 -3.1319036169623686 11.933751268163903 -25.604744055853949 -8.322371170208017 -14.206194138084712 5.4878931358763978 3.3956916949314628 0.21034963846348581 -9.6233545335633419 -12.318419866652716 -2.1545685822860055 12.086373951968024 -2.0166297469236416
leaf_weight=9326 1183 33 20 21 457 38 37 120 1903 29 114 176 59 12910 2068 76 35 92 178 701 246 503 69 20 22 101 48
leaf_count=9326 1183 33 20 21 457 38 37 120 1903 29 114 176 59 12910 2068 76 35 92 178 701 246 503 69 20 22 101 48
internal_value=0.000307153 -0.343005 1.92109 -4.5821 -0.449562 -3.53336 7.66839 -11.3571 2.36228 0.444493 3.44321 2.32633 11.4087 -0.308008 -0.764787 0.419673 -9.02087 -3.2045 -11.862 2.90983 5.68236 -2.23522 -15.1944 0.45004 4.60088 9.54232 2.50818
internal_weight=30585 25948 4637 294 25498 1118 78 158 4343 1566 2777 1359 173 24380 14978 9402 216 112 207 2604 450 960 104 57 417 123 294
internal_count=30585 25948 4637 294 25498 1118 78 158 4343 1566 2777 1359 173 24380 14978 9402 216 112 207 2604 450 960 104 57 417 123 294
is_linear=0
shrinkage=0.08


Tree=54
num_leaves=31
num_cat=0
split_feature=3 8 1 3 0 3 3 5 9 7 3 6 0 5 7 7 1 0 9 0 1 3 13 5 1 5 5 3 3 5
split_gain=2.77718e+06 2.29756e+06 2.82632e+06 2.26864e+06 1.57443e+06 1.41307e+06 1.645e+06 1.35073e+06 2.56477e+06 4.07018e+06 2.46046e+06 1.3316e+06 1.41616e+06 1.13813e+06 1.27059e+06 1.10724e+06 999277 991772 938121 914915 705251 637895 520336 521526 463510 881774 593798 413056 335108 251647
threshold=69.629999999999924 0.6078576107927941 0.19305214367951343 417.00500000000005 0.53849663213565524 243.00500000000014 311.07500000000005 846.87044976825905 0.81174490092936691 -0.12940952255126034 -162.54999999999995 0.91597561503675362 0.52833776859824166 821.32248338728812 -0.12940952255126034 0.98296291314453432 0.058371238028711414 0.500125866907425 0.81174490092936691 0.28585233403468685 0.11269189017778734 234.81500000000008 3.9644193500000005 2273.1114059773076 0.1341894096921071 331.65594811364673 5.4797389898598938 290.00500000000017 -747.82499999999993 71.155737247132606
decision_type=2 2 2 2 2 2 2 2 2 2 2 2 2 2 2 2 2 2 2 2 2 2 2 2 2 2 2 2 2 2
left_child=4 2 15 22 7 17 -7 24 10 -10 -9 19 -13 28 20 16 -2 -4 -16 -5 -15 -17 27 -24 26 -26 -1 -3 -6 -30
right_child=1 3 5 11 13 6 -8 8 9 -11 -12 12 -14 14 18 21 -18 -19 -20 -21 -22 -23 23 -25 25 -27 -28 -29 29 -31
leaf_value=8.4563324516783354 2.301800365096637 3.17846258917309 5.7520357421015342 20.951299880981448 -9.8774579528808601 -23.261185681181132 -6.5109840732688342 -2.9143499609220278 8.5147300425611903 -1.0993733778943426 0.83406591372274153 28.186925399408107 2.1084538465227398 -8.6353324369233224 -2.1025159704944874 2.1300760599147068 -0.15490306024100639 -10.702627201407294 -12.84578209819491 5.9106058115065103 -23.089540298874311 11.5893845226566 1.168248784139043 5.7096231269937343 -6.8241176747331309 -1.2472388971861157 -0.55311013267275544 15.205586039374856 -4.2620740004399931 -0.91682965724816001
leaf_weight=46 1673 41 70 27 29 52 133 1429 618 517 5181 40 20 57 302 88 2887 34 62 383 36 95 1133 188 206 1477 12380 33 163 1185
leaf_count=46 1673 41 70 27 29 52 133 1429 618 517 5181 40 20 57 302 88 2887 34 62 383 36 95 1133 188 206 1477 12380 33 163 1185
internal_value=0.000395298 1.41305 0.523841 3.81067 -0.410955 -7.14317 -11.3189 -0.221957 0.626871 4.13832 0.0233854 8.61205 19.6713 -2.6617 -6.11688 0.992416 0.746732 0.321853 -3.96262 6.94968 -14.4167 7.07699 2.18798 1.8184 -0.687925 -1.9335 -0.519079 8.67324 -1.51138 -1.3242
internal_weight=30585 6897 5032 1865 23688 289 185 21854 7745 1135 6610 470 60 1834 457 4743 4560 104 364 410 93 183 1395 1321 14109 1683 12426 74 1377 1348
internal_count=30585 6897 5032 1865 23688 289 185 21854 7745 1135 6610 470 60 1834 457 4743 4560 104 364 410 93 183 1395 1321 14109 1683 12426 74 1377 1348
is_linear=0
shrinkage=0.08


Tree=55
num_leaves=27
num_cat=0
split_feature=4 5 3 8 6 3 9 0 8 0 5 6 2 9 0 5 0 2 2 3 6 12 3 0 12 2
split_gain=2.44004e+06 2.24415e+06 1.83135e+06 2.02509e+06 1.90434e+06 1.70521e+06 1.62176e+06 1.36649e+06 1.18379e+06 1.18237e+06 1.17702e+06 1.53774e+06 1.84163e+06 1.68665e+06 1.58062e+06 1.31015e+06 867936 1.20688e+06 1.01765e+06 775834 671154 742329 571076 352773 295839 261893
threshold=2475.030458788719 3005.0980100075335 299.89500000000015 0.6078576107927941 0.91597561503675362 -1504.4999999999998 0.81174490092936691 0.43626166544856587 -0.8783796973249266 0.55822821171919923 2131.9594740145162 -0.70710678118654735 2.2416948270893884 -0.22252093395631442 0.35100909072529124 1543.9451096952896 0.4711049549032259 2.2013852343508646 2.2182014127490191 -101.935 0.25881904510252091 4.7644335000000009 299.99999999999972 0.48170589843767903 12.555380750000001 1.6299845065500593
decision_type=2 2 2 2 2 2 2 2 2 2 2 2 2 2 2 2 2 2 2 2 2 2 2 2 2 2
left_child=1 2 5 8 -5 6 -1 22 -4 -7 11 12 24 15 -15 -13 17 19 -19 -12 23 -22 -3 -18 -2 -24
right_child=10 7 3 4 -6 9 -8 -9 -10 -11 16 13 -14 14 -16 -17 20 18 -20 -21 21 -23 25 -25 -26 -27
leaf_value=-16.416961890192333 13.306251817016602 22.786387342954935 4.4457631891174323 3.6568877475433297 15.42403446825813 -0.27881278522494646 4.5443454302619486 -6.0695663037109373 -0.53740001419253491 -2.7384614748387195 -1.9929478018242017 24.763934409877233 33.239851418631417 17.727126347175012 -3.5405505953270939 5.8604424423472086 -5.6333785879952574 -6.3689309799980549 1.8708330357038323 8.2875309982571324 3.0163746495740167 -12.27240488229671 13.843577770336253 7.1932165267944335 0.83391746337890627 2.5156548739346589
leaf_weight=79 24 37 374 652 101 24198 33 24 1636 1318 56 34 27 25 159 74 20 104 1112 280 28 70 36 39 24 21
leaf_count=79 24 37 374 652 101 24198 33 24 1636 1318 56 34 27 25 159 74 20 104 1112 280 28 70 36 39 24 21
internal_value=0.00038194 -0.192477 -0.23842 1.71803 5.25359 -0.449408 -10.2552 10.7707 0.391561 -0.405966 2.64766 6.75255 16.8978 4.09794 -0.570675 11.9842 1.76272 2.33657 1.16146 6.57326 -3.8888 -7.91776 15.089 2.82366 7.21454 9.7856
internal_weight=30585 28509 28391 2763 753 25628 112 118 2010 25516 2076 367 75 292 184 108 1709 1552 1216 336 157 98 94 59 48 57
internal_count=30585 28509 28391 2763 753 25628 112 118 2010 25516 2076 367 75 292 184 108 1709 1552 1216 336 157 98 94 59 48 57
is_linear=0
shrinkage=0.08


Tree=56
num_leaves=25
num_cat=0
split_feature=3 4 5 1 9 7 3 7 1 1 5 5 5 3 8 5 9 5 7 2 4 3 3 1
split_gain=2.17036e+06 2.06553e+06 1.71234e+06 1.56555e+06 1.44488e+06 4.00872e+06 3.00292e+06 1.62027e+06 1.59113e+06 1.42543e+06 2.09496e+06 1.8457e+06 1.40106e+06 1.19309e+06 1.79252e+06 1.30266e+06 790095 776133 515429 403183 318996 303360 231195 189517
threshold=-0.99500000000000444 2231.5016179326008 3005.0980100075335 0.22031234280403358 0.81174490092936691 -0.12940952255126034 -199.99999999999986 -0.12940952255126034 0.18058820999331973 0.050905046000759353 1257.8883593046228 862.78481538327071 1642.3785908357577 961.81500000000017 0.6078576107927941 2895.5032941072968 1.0000000180025095e-35 2762.2196417614418 -0.37940952255126009 1.6299845065500593 1039.4924051361979 508.73500000000007 299.99999999999972 0.086679291276755735
decision_type=2 2 2 2 2 2 2 2 2 2 2 2 2 2 2 2 2 2 2 2 2 2 2 2
left_child=3 2 13 4 7 6 -6 8 -1 10 -3 21 -13 15 -15 -2 -5 -9 -12 -7 -18 -11 -4 -24
right_child=1 9 22 16 5 19 -8 17 -10 11 18 12 -14 14 -16 -17 20 -19 -20 -21 -22 -23 23 -25
leaf_value=-2.6229136428270641 0.059224524420183819 29.120533325858737 20.004538597470237 -2.387369599260603 11.159506514720428 -3.757503908077453 1.2642589781223716 -0.28469846288598372 -13.271023395261457 -18.222420946525805 2.4414820050362862 11.175019150104928 1.0910253750188226 2.0128431474430726 18.324855721421674 -13.72134888458252 -25.739393478393556 -8.557937702900654 6.4880729527035985 3.8525645516713465 -12.08286821975708 -5.3699132806687135 3.2646655287969679 13.671702642168317
leaf_weight=2689 19560 22 20 34 311 657 530 3766 92 32 378 93 1431 201 54 43 21 73 435 47 29 20 20 27
leaf_count=2689 19560 22 20 34 311 657 530 3766 92 32 378 93 1431 201 54 43 21 73 435 47 29 20 20 27
internal_value=0.000684915 0.41023 0.142563 -1.10816 -0.995594 1.20671 4.93242 -1.50968 -2.97982 2.62131 5.29176 1.20398 1.71332 0.0991601 5.52527 0.0282975 -11.9097 -0.444207 4.61195 -3.24469 -18.211 -13.4739 12.8158 9.40362
internal_weight=30585 22336 19925 8249 8165 1545 841 6620 2781 2411 835 1576 1524 19858 255 19603 84 3839 813 704 50 52 67 47
internal_count=30585 22336 19925 8249 8165 1545 841 6620 2781 2411 835 1576 1524 19858 255 19603 84 3839 813 704 50 52 67 47
is_linear=0
shrinkage=0.08


Tree=57
num_leaves=29
num_cat=0
split_feature=1 3 3 6 8 12 2 0 3 0 7 1 9 7 2 3 7 0 2 2 12 7 12 0 12 0 1 12
split_gain=2.01573e+06 1.91874e+06 1.56939e+06 1.82401e+06 1.6417e+06 1.64675e+06 1.40574e+06 1.15628e+06 1.40136e+06 1.13283e+06 4.22896e+06 1.73024e+06 1.3741e+06 2.603e+06 1.26109e+06 957172 914631 589065 1.1982e+06 530935 480788 415545 460549 399187 395200 342167 170139 78720.4
threshold=0.060107392327039592 298.97000000000008 -1227.9999999999998 -0.78656609248549292 -0.60785761079279388 7.3371658000000011 2.2824269971427964 0.32282731069456455 1099.9950000000001 0.4088404931586393 -0.60355339059327384 0.21364731160036707 0.81174490092936691 -0.12940952255126034 2.1005746971663721 417.00500000000005 -0.5 0.58570885546523554 0.87297218027408441 0.060841725232787365 12.778893250000001 0.1294095225512602 4.0216586500000009 0.4331548461415981 8.1404215000000004 0.34237834223387709 0.17248759455961213 11.730971500000001
decision_type=2 2 2 2 2 2 2 2 2 2 2 2 2 2 2 2 2 2 2 2 2 2 2 2 2 2 2 2
left_child=1 6 3 24 26 -6 17 20 16 12 11 -11 14 -14 -4 -12 -9 19 -19 -1 27 25 -23 -10 -2 -8 -5 -3
right_child=2 7 9 4 5 -7 21 8 23 10 15 -13 13 -15 -16 -17 -18 18 -20 -21 -22 22 -24 -25 -26 -27 -28 -29
leaf_value=6.6869997018104366 0.094059550198641678 11.655966514950707 -0.52673825740830627 -27.732405085449219 -15.253522904396057 2.0382791865867906 12.806545318603517 -0.49751649102678386 9.6635002500093901 -4.8122250531430897 -0.6464459550678987 -21.945940908578727 5.4720953104384344 -1.7928767285455769 3.2931270404529576 2.5932379697623023 4.7234825426298928 -1.2650459546452779 -16.355195361488743 0.37567743788589808 22.052865620054046 -0.44966623423649715 11.7495629971281 25.294121044340585 15.442009967110373 2.5713731813411242 -16.889961775154902 4.2939511195591527
leaf_weight=85 21 20 7081 24 63 78 22 352 25 1247 6972 38 789 525 599 636 549 298 37 10646 28 25 93 20 21 243 28 20
leaf_count=85 21 20 7081 24 63 78 22 352 25 1247 6972 38 789 525 599 636 549 298 37 10646 28 25 93 20 21 243 28 20
internal_value=0.000677015 0.78379 -0.537904 -7.01915 -10.3007 -5.7408 0.488202 4.11747 3.38408 -0.452365 -1.09257 -5.33558 0.180702 2.57026 -0.228418 -0.375314 2.68546 0.323047 -2.97546 0.426288 14.1232 5.24672 9.18285 17.0095 7.94887 3.46607 -22.3232 8.16967
internal_weight=30585 12463 18122 235 193 141 11449 1014 946 17887 8893 1285 8994 1314 7680 7608 901 11066 335 10731 68 383 118 45 42 265 52 40
internal_count=30585 12463 18122 235 193 141 11449 1014 946 17887 8893 1285 8994 1314 7680 7608 901 11066 335 10731 68 383 118 45 42 265 52 40
is_linear=0
shrinkage=0.08


Tree=58
num_leaves=27
num_cat=0
split_feature=3 1 13 0 13 4 7 0 3 3 5 1 3 6 5 4 4 0 9 13 0 0 7 5 5 9
split_gain=1.79403e+06 1.28267e+06 1.84576e+06 1.31644e+06 1.83457e+06 1.26225e+06 1.23946e+06 2.38583e+06 2.65707e+06 1.34436e+06 1.33436e+06 1.1119e+06 1.29409e+06 1.70716e+06 1.06393e+06 1.6757e+06 1.06174e+06 1.05567e+06 1.03434e+06 1.54094e+06 918729 703440 671475 463951 277895 53673.1
threshold=69.629999999999924 0.19305214367951343 8.3036965000000027 0.46127674795765178 7.4513578500000008 3302.9503335992745 -0.5 0.44803637224076576 249.98999999999992 961.81500000000017 221.66253622007531 0.067477736225598883 -1227.9999999999998 -0.78656609248549292 887.63544884768805 891.17370951340274 2231.5016179326008 0.51698655354599754 -0.56174490092936669 12.776583500000003 0.28385721731658087 0.52523448816046336 -0.12940952255126034 71.155737247132606 3005.0980100075335 -0.22252093395631442
decision_type=2 2 2 2 2 2 2 2 2 2 2 2 2 2 2 2 2 2 2 2 2 2 2 2 2 2
left_child=5 6 3 4 -3 11 7 10 -9 16 -2 14 13 -13 23 -16 -8 -11 19 -4 -14 -20 -7 -1 -24 -26
right_child=1 2 18 -5 -6 22 9 8 -10 17 -12 12 20 -15 15 -17 -18 -19 21 -21 -22 -23 24 -25 25 -27
leaf_value=-4.4613273108191116 13.510768567067272 2.7341162726508248 -25.43973069880559 -9.1957439099121103 30.686307988042419 -3.5780218836466475 1.4045829017613674 1.1194657523819895 -12.970012308642852 13.581762376801864 0.64747218955602237 8.2144221141815184 1.474315388250103 -10.016606835017129 8.761489418045004 0.97905768861442188 5.178026629236582 0.41153156712849936 -1.2834071341514588 -0.28512269874855323 -0.99283108256133323 -11.503732710081954 18.172921527731006 -0.19954440304016657 5.0840323768028854 10.500012492879232
leaf_weight=166 52 44 38 24 22 23 3418 164 178 114 1978 39 1057 188 187 3055 554 59 169 26 11121 57 28 7770 25 29
leaf_count=166 52 44 38 24 22 23 3418 164 178 114 1978 39 1057 188 187 3055 554 59 169 26 11121 57 28 7770 25 29
internal_value=0.000708311 1.13611 -3.3762 6.58161 12.3706 -0.329908 1.39969 -0.0587771 -6.23007 2.23413 0.983469 -0.369044 -0.890456 -6.86208 0.20963 1.43052 1.93206 9.11841 -6.47858 -15.3824 -0.778589 -3.90046 8.38052 -0.289241 11.7375 8.13079
internal_weight=30585 6897 380 90 66 23688 6517 2372 342 4145 2030 23583 12405 227 11178 3242 3972 173 290 64 12178 226 105 7936 82 54
internal_count=30585 6897 380 90 66 23688 6517 2372 342 4145 2030 23583 12405 227 11178 3242 3972 173 290 64 12178 226 105 7936 82 54
is_linear=0
shrinkage=0.08


Tree=59
num_leaves=30
num_cat=0
split_feature=3 4 7 5 0 13 5 9 7 3 7 3 0 5 5 12 2 5 3 0 7 0 9 5 6 4 3 12 12
split_gain=1.56149e+06 1.42844e+06 1.41999e+06 1.35488e+06 1.3142e+06 2.89714e+06 1.19387e+06 1.00208e+06 3.3431e+06 2.42942e+06 1.56431e+06 1.72875e+06 996729 927436 1.09153e+06 766953 1.01167e+06 848240 748000 690534 699579 601791 512479 473888 333954 558214 454106 324802 662689
threshold=-0.99500000000000444 2475.030458788719 0.98296291314453432 2970.0870861186709 0.40291773423639782 6.3549370000000005 2111.7118711774119 0.81174490092936691 -0.12940952255126034 -199.99999999999986 -0.12940952255126034 -1376.3749999999998 0.26967614282667279 2895.5032941072968 2863.635411009132 6.5619832500000008 0.24056784135936013 1049.3359823433866 -130.00499999999997 0.43626166544856587 -0.78656609248549325 0.4756535482130797 1.0000000180025095e-35 297.43633755801244 0.37940952255126054 1743.9111632769943 -302.10999999999973 11.005596000000002 7.1080962000000012
decision_type=2 2 2 2 2 2 2 2 2 2 2 2 2 2 2 2 2 2 2 2 2 2 2 2 2 2 2 2 2
left_child=7 3 4 13 6 -6 -3 10 9 12 11 21 -9 14 -2 16 -12 -17 -13 20 -5 -1 -15 -11 25 -10 -26 28 -4
right_child=1 2 27 19 5 -7 -8 8 24 23 15 18 -14 22 -16 17 -18 -19 -20 -21 -22 -23 -24 -25 26 -27 -28 -29 -30
leaf_value=-8.7908396589491105 0.1197250852804925 11.243965995407105 5.7946505816915765 0.12338866996765135 -16.203862639726911 1.0306045223472438 2.7874970288436063 -1.5635229914022046 -2.7336097888278186 10.936815365495354 -8.7512444005012515 -4.1727756829976324 11.643092003576896 0.13986434737495754 18.368069052559989 -0.061166627759098792 -0.93706390892119562 4.0805293674838463 -1.4210752279432612 -3.0362583081054688 16.331095190799598 -22.722888419612758 -15.054834645080566 0.41843696812220982 -11.489135516732427 6.3550284870692666 -3.615843728304907 4.4718636736188619 24.288354288901051
leaf_weight=62 20317 119 22 23 69 576 990 42 370 28 111 1000 271 22 20 1354 2001 412 1721 24 65 30 39 503 58 48 238 20 30
leaf_count=62 20317 119 22 23 69 576 990 42 370 28 111 1000 271 22 20 1354 2001 412 1721 24 65 30 39 503 58 48 238 20 30
internal_value=0.000762976 0.348144 2.49164 0.157196 2.03537 -0.8353 3.70423 -0.939775 0.887058 4.2932 -1.36522 -2.8011 9.8716 0.108796 0.138574 -0.32322 -1.3517 0.906831 -2.43352 8.89298 12.1441 -13.5295 -9.66078 0.992609 -3.13962 -1.67724 -5.1921 13.4266 16.7212
internal_weight=30585 22336 1826 20510 1754 645 1109 8249 1558 844 6691 2813 313 20398 20337 3878 2112 1766 2721 112 88 92 61 531 714 418 296 72 52
internal_count=30585 22336 1826 20510 1754 645 1109 8249 1558 844 6691 2813 313 20398 20337 3878 2112 1766 2721 112 88 92 61 531 714 418 296 72 52
is_linear=0
shrinkage=0.08


Tree=60
num_leaves=29
num_cat=0
split_feature=1 4 2 2 0 7 4 13 9 7 1 7 1 3 1 13 2 13 7 0 3 4 2 1 3 6 8 3
split_gain=1.52885e+06 2.30676e+06 2.13091e+06 1.71892e+06 1.10184e+06 2.0246e+06 2.68507e+06 2.24881e+06 1.69182e+06 3.29956e+06 3.46081e+06 1.96291e+06 2.86149e+06 1.707e+06 1.43437e+06 1.49663e+06 1.02689e+06 773060 965288 674963 657935 620100 564073 562308 474072 325607 290131 125725
threshold=0.060107392327039592 1543.9451096952896 1.3470436256828324 1.3366940629555748 0.4711049549032259 -0.37940952255126009 701.08182440814699 9.622142000000002 0.81174490092936691 0.1294095225512602 0.18946953262365177 -0.5 0.1969881678844059 961.81500000000017 0.17475777883368729 7.1829342000000009 1.841147238817652 5.7452206500000012 -0.37940952255126009 0.42001444417778327 1099.9950000000001 2700.8174739057463 1.3470436256828324 0.026910358561047291 708.02499999999998 0.25881904510252091 0.6078576107927941 199.99000000000015
decision_type=2 2 2 2 2 2 2 2 2 2 2 2 2 2 2 2 2 2 2 2 2 2 2 2 2 2 2 2
left_child=1 20 3 23 8 6 24 -8 11 10 -10 12 -2 -13 16 -16 -7 19 -19 -4 22 -11 26 -3 -6 -5 -1 -24
right_child=4 2 17 25 5 14 7 -9 9 21 -12 13 -14 -15 15 -17 -18 18 -20 -21 -22 -23 27 -25 -26 -27 -28 -29
leaf_value=-0.11199268695989721 -1.4214177136984771 14.183717259942032 6.3624158574520564 29.763833657400948 -1.7746715457615168 0.14635059368414 -22.334925741746694 -6.0621192192997491 3.9174194360285943 -2.6150017561035845 24.352127541678296 0.31036486586047907 -14.427897620261254 17.313093521566767 16.453516541980559 -5.337824225950242 -5.9442757976348393 -0.87388004680492015 2.885144716866431 -6.5738096186774122 10.789880072671012 7.8962426512994259 -4.7311429941900851 2.9471629092816225 -13.265061208089193 15.49272117960453 0.87501839302007445 -13.206536467052644
leaf_weight=7336 4408 40 361 27 562 3368 89 140 1025 668 55 6855 110 37 20 539 186 683 1212 27 36 37 28 96 23 23 2574 20
leaf_count=7336 4408 40 361 27 562 3368 89 140 1025 668 55 6855 110 37 20 539 186 683 1212 27 36 37 28 96 23 23 2574 20
internal_value=0.000747938 0.682757 2.87195 11.0837 -0.4683 -1.48901 -5.13181 -12.4561 -0.0870818 2.20248 4.97965 -0.445426 -1.74121 0.404144 -0.766995 -4.53017 -0.173985 2.19837 1.53056 5.44761 0.141686 -2.05293 0.10211 6.3315 -2.24831 23.6318 0.144433 -8.46017
internal_weight=30585 12463 2469 186 18122 4927 814 229 13195 1785 1080 11410 4518 6892 4113 559 3554 2283 1895 388 9994 705 9958 136 585 50 9910 48
internal_count=30585 12463 2469 186 18122 4927 814 229 13195 1785 1080 11410 4518 6892 4113 559 3554 2283 1895 388 9994 705 9958 136 585 50 9910 48
is_linear=0
shrinkage=0.08


end of trees

feature_importances:
price_ptf_lag_168h=274
renewable_saturation=265
price_ptf_lag_24h=236
reserve_margin_ratio=186
system_short_signal=158
hour_cos=134
spark_spread_proxy=111
temp_national=99
dow_sin_x=85
dow_cos_x=74
is_holiday_day=50
HDD=35
hour_sin=27
is_weekend_x=12

parameters:
[boosting: gbdt]
[objective: regression]
[metric: l1]
[tree_learner: serial]
[device_type: cpu]
[data_sample_strategy: bagging]
[data: ]
[valid: ]
[num_iterations: 500]
[learning_rate: 0.08]
[num_leaves: 31]
[num_threads: 11]
[seed: 42]
[deterministic: 0]
[force_col_wise: 0]
[force_row_wise: 1]
[histogram_pool_size: -1]
[max_depth: 5]
[min_data_in_leaf: 20]
[min_sum_hessian_in_leaf: 0.001]
[bagging_fraction: 0.8]
[pos_bagging_fraction: 1]
[neg_bagging_fraction: 1]
[bagging_freq: 0]
[bagging_seed: 400]
[bagging_by_query: 0]
[feature_fraction: 0.8]
[feature_fraction_bynode: 1]
[feature_fraction_seed: 30056]
[extra_trees: 0]
[extra_seed: 12879]
[early_stopping_round: 0]
[early_stopping_min_delta: 0]
[first_metric_only: 0]
[max_delta_step: 0]
[lambda_l1: 0.1]
[lambda_l2: 1]
[linear_lambda: 0]
[min_gain_to_split: 0]
[drop_rate: 0.1]
[max_drop: 50]
[skip_drop: 0.5]
[xgboost_dart_mode: 0]
[uniform_drop: 0]
[drop_seed: 17869]
[top_rate: 0.2]
[other_rate: 0.1]
[min_data_per_group: 100]
[max_cat_threshold: 32]
[cat_l2: 10]
[cat_smooth: 10]
[max_cat_to_onehot: 4]
[top_k: 20]
[monotone_constraints: ]
[monotone_constraints_method: basic]
[monotone_penalty: 0]
[feature_contri: ]
[forcedsplits_filename: ]
[refit_decay_rate: 0.9]
[cegb_tradeoff: 1]
[cegb_penalty_split: 0]
[cegb_penalty_feature_lazy: ]
[cegb_penalty_feature_coupled: ]
[path_smooth: 0]
[interaction_constraints: ]
[verbosity: -1]
[saved_feature_importance_type: 0]
[use_quantized_grad: 0]
[num_grad_quant_bins: 4]
[quant_train_renew_leaf: 0]
[stochastic_rounding: 1]
[linear_tree: 0]
[max_bin: 255]
[max_bin_by_feature: ]
[min_data_in_bin: 3]
[bin_construct_sample_cnt: 200000]
[data_random_seed: 175]
[is_enable_sparse: 1]
[enable_bundle: 1]
[use_missing: 1]
[zero_as_missing: 0]
[feature_pre_filter: 1]
[pre_partition: 0]
[two_round: 0]
[header: 0]
[label_column: ]
[weight_column: ]
[group_column: ]
[ignore_column: ]
[categorical_feature: ]
[forcedbins_filename: ]
[precise_float_parser: 0]
[parser_config_file: ]
[objective_seed: 16083]
[num_class: 1]
[is_unbalance: 0]
[scale_pos_weight: 1]
[sigmoid: 1]
[boost_from_average: 1]
[reg_sqrt: 0]
[alpha: 0.9]
[fair_c: 1]
[poisson_max_delta_step: 0.7]
[tweedie_variance_power: 1.5]
[lambdarank_truncation_level: 30]
[lambdarank_norm: 1]
[label_gain: ]
[lambdarank_position_bias_regularization: 0]
[eval_at: ]
[multi_error_top_k: 1]
[auc_mu_weights: ]
[num_machines: 1]
[local_listen_port: 12400]
[time_out: 120]
[machine_list_filename: ]
[machines: ]
[gpu_platform_id: -1]
[gpu_device_id: -1]
[gpu_use_dp: 0]
[num_gpu: 1]

end of parameters

pandas_categorical:[]
