tree
version=v4
num_class=1
num_tree_per_iteration=1
label_index=0
max_feature_idx=26
objective=regression
feature_names=reserve_margin_ratio renewable_saturation load_factor spark_spread_proxy realtime_premium_lag24h system_short_signal thermal_gap price_volatility_lag24h price_ptf_lag_24h price_ptf_lag_168h price_ptf_rolling_mean_24h price_ptf_rolling_std_24h consumption_forecast consumption_lag_24h hour_sin hour_cos dow_sin_x dow_cos_x month_sin month_cos is_weekend_x is_holiday_day day_of_week temp_national HDD CDD USD_TRY
feature_infos=[0.10296164692965946:0.70241138145944593] [0.0021784835942654911:0.31010744646373994] [0.29758861854055407:0.89703835307034052] [0:2.6401914138775062] [0.10000000000000001:10] [-4150:4300.0100000000002] [15071.275:52990.050000000003] [0:1359.6180822608026] [0:3444.3599598399201] [0:3444.3599598399201] [36.979077484800428:3298.8255837588599] [0:1359.6180822608026] [17237:55243] [15333.299999999999:55575.019999999997] [-1:1] [-1:1] [-0.97492791218182362:0.97492791218182362] [-0.90096886790241903:1] [-1:1] [-1:1] [0:1] [0:1] [0:6] [-2.2555740000000002:18.692222999999998] [0:20.255572999999998] none [5.8529:26.031199999999998]
tree_sizes=1553 1552 1556 1563 1577 1584 1559 1557 1557 1566 1572 1559 1573 1560 1557 1562 1567 1568 1466 1567 1572 1566 1548 1553 1565 1547 1388 1567 1564 1565 1559 1374 1557 1556 1562 1382 1452 1546 1554 1574 1471 1572 1359 1550 1449 1543 1558 1540 1444 1553 1277 1559 1489 1554 1470 1446 1567 1291 1562 1532 1466 1531 1554 1376 1561 1545 1298 1367 1286 1549 1532 1277 1380 1505 1449 1330 1480 1553 1552 1431 1227 1515 1338 1442 1542 1162 1491 1501 1245 1314 1516 1270 1358 1322 1156 1529 1174 1162 1340 1379 1454 1429 1158 1253 1440 1160 1392 1286 1075 1171 915 1278 1410 1415 1250 1349 1239 1085 1408 1252 1550 1244 1180 1251 1499 1318 1246 1047 1448 1141 1500 1442 1237 1264 1141 1339 1493 1517 1388 1255 1392 1240 1304 1340 1571 1256 1423

Tree=0
num_leaves=16
num_cat=0
split_feature=10 10 9 10 8 9 8 6 8 10 8 10 9 6 8
split_gain=1.13146e+10 1.6387e+09 1.20874e+09 2.29096e+08 2.07246e+08 1.70241e+08 1.3482e+08 8.21727e+07 7.23584e+07 4.3166e+07 4.25417e+07 3.75642e+07 3.66835e+07 3.28249e+07 1.65648e+07
threshold=1381.6118996345785 764.00236317173085 2148.5964702371089 1962.7455307003709 2626.1050338120644 1133.1627061669908 520.53403998596036 27176.583333333336 1679.8958772287044 363.50138822157817 942.61101605018291 2471.3939942877191 2921.6531414937131 26644.033333333336 753.39488002536666
decision_type=2 2 2 2 2 2 2 2 2 2 2 2 2 2 2
left_child=1 6 3 8 7 10 9 -4 -2 -1 -3 -5 -7 -6 -8
right_child=2 5 4 11 13 12 14 -9 -10 -11 -12 -13 -14 -15 -16
leaf_value=957.99323152371232 1054.714948827567 1003.3077013569435 1062.1013776589793 1092.3910668906385 1061.0445104278504 1034.7289925264638 984.94201105795651 1125.693460911041 1077.6752988028429 972.32926474899784 1019.8967754857554 1119.3531831925909 1126.8047516480026 1164.3717714492291 997.60737015868449
leaf_weight=1541 2111 2365 145 1106 21 2868 1613 1446 1515 11179 1700 490 27 1326 1132
leaf_count=1541 2111 2365 145 1106 21 2868 1613 1446 1515 11179 1700 490 27 1326 1132
internal_value=1017.92 988.566 1098.58 1075.46 1139.62 1020.8 974.059 1119.93 1064.32 970.588 1010.24 1100.73 1035.63 1162.79 990.156
internal_weight=30585 22425 8160 5222 2938 6960 15465 1591 3626 12720 4065 1596 2895 1347 2745
internal_count=30585 22425 8160 5222 2938 6960 15465 1591 3626 12720 4065 1596 2895 1347 2745
is_linear=0
shrinkage=1


Tree=1
num_leaves=16
num_cat=0
split_feature=8 8 26 8 8 8 6 7 6 18 6 6 15 7 3
split_gain=9.08736e+09 1.43966e+09 9.97122e+08 2.60126e+08 1.96895e+08 1.33896e+08 9.32458e+07 1.23822e+08 8.67282e+07 5.67807e+07 5.46984e+07 3.64511e+07 2.74916e+07 2.6124e+07 1.62805e+07
threshold=1268.0931206398557 2084.4454757204603 8.8553500000000014 1603.25204566808 2700.8174739057463 520.53403998596036 24980.067500000005 509.56792670586901 25433.005000000005 -0.5 27945.633333333335 27538.727500000005 -0.37940952255126009 333.99930859017695 0.67328869604249275
decision_type=2 2 2 2 2 2 2 2 2 2 2 2 2 2 2
left_child=2 3 5 13 10 11 12 -8 -6 -5 -3 -1 -4 -2 -7
right_child=1 4 6 9 8 14 7 -9 -10 -11 -12 -13 -14 -15 -16
leaf_value=-50.848894585421917 23.82911614516658 54.140949766845708 -61.834258029460905 80.748646701885306 2.1656860351562499 -29.475701146653535 -1.0276016768079166 45.498445624872787 131.47662986338179 53.562233801499509 94.809674409659664 -41.034658033210036 -20.854708313200927 43.224830199207382 -16.938684340514879
leaf_weight=3325 2856 249 127 643 34 1526 4701 396 1462 2167 1614 9184 591 528 1182
leaf_count=3325 2856 249 127 643 34 1526 4701 396 1462 2167 1614 9184 591 528 1182
internal_value=0.00148605 64.7006 -29.3874 41.8193 106.869 -40.1547 -1.20868 2.59535 128.541 59.8097 89.406 -43.6472 -28.1791 26.8673 -24.0118
internal_weight=30585 9553 21032 6194 3359 15217 5815 5097 1496 2810 1863 12509 718 3384 2708
internal_count=30585 9553 21032 6194 3359 15217 5815 5097 1496 2810 1863 12509 718 3384 2708
is_linear=0
shrinkage=0.08


Tree=2
num_leaves=16
num_cat=0
split_feature=8 9 9 9 8 8 8 9 6 8 6 9 8 6 8
split_gain=7.70477e+09 1.33257e+09 9.06715e+08 2.05827e+08 1.73109e+08 1.05671e+08 9.54991e+07 8.39951e+07 6.40253e+07 6.22805e+07 5.06793e+07 4.10232e+07 3.38324e+07 2.03355e+07 2.00103e+07
threshold=1420.263053060253 691.30499012125676 2231.5016179326008 1222.0183875528421 1873.4163097475914 2863.635411009132 553.2163897711697 2803.4179486041867 25433.005000000005 942.61101605018291 26971.845000000005 1743.9111632769943 313.36243140441212 28129.700833333336 918.90674303651838
decision_type=2 2 2 2 2 2 2 2 2 2 2 2 2 2 2
left_child=1 6 4 9 11 10 12 -5 -6 -3 -4 -2 -1 -7 -8
right_child=2 3 5 7 8 13 14 -9 -10 -11 -12 -13 -14 -15 -16
leaf_value=-51.665694663943221 30.879180772516488 -13.835225216477415 41.197611276132093 17.534758378296385 11.644898800849914 47.630002372048118 -25.000745072370595 119.16986770341981 70.295729650862398 4.723742344451475 98.718652418741456 51.471213220153842 -38.6068823497327 130.19933907751479 -4.0968129810208049
leaf_weight=1440 2080 3178 107 2990 127 21 1647 52 2032 1819 1500 887 11386 962 357
leaf_count=1440 2080 3178 107 2990 127 21 1647 52 2032 1819 1500 887 11386 962 357
internal_value=0.00217139 -23.3213 69.1232 2.90765 49.6134 107.702 -37.5386 19.3107 66.8527 -7.07983 94.9167 37.0505 -40.0769 128.486 -21.2807
internal_weight=30585 22869 7716 8039 5126 2590 14830 3042 2159 4997 1607 2967 12826 983 2004
internal_count=30585 22869 7716 8039 5126 2590 14830 3042 2159 4997 1607 2967 12826 983 2004
is_linear=0
shrinkage=0.08


Tree=3
num_leaves=16
num_cat=0
split_feature=8 9 9 8 9 9 9 6 8 9 8 6 8 8 6
split_gain=6.54171e+09 1.17247e+09 6.81254e+08 2.54313e+08 1.39916e+08 1.21727e+08 6.15965e+07 4.8936e+07 4.60928e+07 4.36606e+07 4.15912e+07 3.30274e+07 2.42763e+07 2.21536e+07 1.42984e+07
threshold=1234.7430767968854 2111.7118711774119 598.93948057395687 1743.9111632769943 2803.4179486041867 1049.3359823433866 2019.4196213484609 25433.005000000005 2273.1114059773076 1426.8210489660182 431.32321617327807 27102.58666666667 634.69102500918314 815.98044770064791 23379.125000000004
decision_type=2 2 2 2 2 2 2 2 2 2 2 2 2 2 2
left_child=2 3 10 9 8 13 -7 -5 -3 -2 14 -6 -12 -4 -1
right_child=1 4 5 7 11 6 -8 -9 -10 -11 12 -13 -14 -15 -16
leaf_value=-52.37697138872096 16.500038157429305 66.370106968558432 -18.588730036123625 12.969126830043564 40.543650559645435 6.5316790636672772 54.465458793436149 58.138483375797321 91.862361588074151 32.942623719760661 -33.978342964474585 117.67696021443361 -19.568127759164266 -7.1679649671929511 -40.098861570405781
leaf_weight=755 2583 845 1983 165 38 2086 186 2337 1026 1727 9024 1188 821 2409 3412
leaf_count=755 2583 845 1983 165 38 2086 186 2337 1026 1727 9024 1188 821 2409 3412
internal_value=0.00328037 53.4442 -25.6097 34.8806 94.2514 -4.55187 10.4781 55.1661 80.3909 23.0946 -35.6236 115.321 -32.7787 -12.3275 -42.3355
internal_weight=30585 9909 20676 6812 3097 6664 2272 2502 1871 4310 14012 1226 9845 4392 4167
internal_count=30585 9909 20676 6812 3097 6664 2272 2502 1871 4310 14012 1226 9845 4392 4167
is_linear=0
shrinkage=0.08


Tree=4
num_leaves=16
num_cat=0
split_feature=10 10 10 10 0 6 10 10 6 15 6 6 6 14 6
split_gain=5.99849e+09 7.41236e+08 7.40239e+08 1.32223e+08 1.19548e+08 7.62213e+07 6.9196e+07 6.64013e+07 4.34041e+07 3.07915e+07 3.01398e+07 2.4778e+07 2.16262e+07 2.13182e+07 1.26417e+07
threshold=1307.4506428975419 2228.4778661858099 764.00236317173085 1756.7994164434776 0.43530259575842151 31867.895000000004 543.68993134195205 1046.6642317271019 28202.850833333338 -0.9159756150367534 28540.855833333339 26563.906666666669 31153.830833333337 -0.70710678118654735 33270.224166666674
decision_type=2 2 2 2 2 2 2 2 2 2 2 2 2 2 2
left_child=2 3 6 8 9 -5 10 13 -2 -3 -1 -6 -9 -4 -8
right_child=1 4 7 5 11 -7 14 12 -10 -11 -12 -13 -14 -15 -16
leaf_value=-39.754734417850294 11.747258630277793 81.401144174140498 3.651021025769122 35.542924288434349 43.888572258855319 63.916439729256652 -26.065522763018677 0.19205245709563495 34.373913069082477 109.26171595095542 -31.465277916958932 75.427651843675747 13.982290387592851 -11.02602803265456 -15.185587220017974
leaf_weight=4236 691 332 846 953 202 1687 1281 1156 2549 1366 8469 860 1964 2514 1479
leaf_count=4236 691 332 846 953 202 1687 1281 1156 2549 1366 8469 860 1964 2514 1479
internal_value=0.00387083 56.4635 -22.2265 40.3981 90.6628 53.6914 -31.7369 0.472051 29.5534 103.865 -34.232 69.4756 8.87453 -7.33057 -20.2429
internal_weight=30585 8640 21945 5880 2760 2640 15465 6480 3240 1698 12705 1062 3120 3360 2760
internal_count=30585 8640 21945 5880 2760 2640 15465 6480 3240 1698 12705 1062 3120 3360 2760
is_linear=0
shrinkage=0.08


Tree=5
num_leaves=16
num_cat=0
split_feature=10 10 10 6 2 10 10 10 6 15 10 12 6 14 12
split_gain=5.0848e+09 7.09556e+08 5.61144e+08 1.01682e+08 1.00865e+08 7.64743e+07 7.38565e+07 5.65277e+07 4.20732e+07 2.80957e+07 2.77847e+07 2.37288e+07 2.145e+07 1.64248e+07 1.53382e+07
threshold=1381.6118996345785 790.92793130418727 2228.4778661858099 29910.420000000002 0.5645568529606696 1689.9532828652807 543.68993134195205 1097.1830890323909 23768.352500000005 -0.9829629131445341 370.26730456037649 32950.500000000007 27176.583333333336 -0.70710678118654735 36338.500000000007
decision_type=2 2 2 2 2 2 2 2 2 2 2 2 2 2 2
left_child=1 6 3 8 12 -5 10 11 -2 -6 -1 -3 -4 -9 -8
right_child=2 7 4 5 9 -7 14 13 -10 -11 -12 -13 -14 -15 -16
leaf_value=-41.052931006642567 -15.593843131203183 -12.55578448348683 44.492147069354708 31.743121919005549 55.193293524225922 54.902080819386022 -24.147513990655472 21.913062601770676 26.323470504177205 98.227361712650307 -30.019665884342881 0.86753432545247233 70.737328772836804 7.7217421661471999 -13.047682626264521
leaf_weight=1694 172 1289 277 1491 108 2375 1430 699 1362 1592 11011 2431 783 2061 1810
leaf_count=1694 172 1289 277 1491 108 2375 1430 699 1362 1592 11011 2431 783 2061 1810
internal_value=0.00447621 -19.6723 54.0753 39.0648 83.4187 45.9809 -28.7436 2.64994 21.6164 95.5275 -31.4939 -3.78584 63.9273 11.3225 -17.9526
internal_weight=30585 22425 8160 5400 2760 3866 15945 6480 1534 1700 12705 3720 1060 2760 3240
internal_count=30585 22425 8160 5400 2760 3866 15945 6480 1534 1700 12705 3720 1060 2760 3240
is_linear=0
shrinkage=0.08


Tree=6
num_leaves=16
num_cat=0
split_feature=10 10 10 9 9 9 6 6 9 6 10 9 8 10 10
split_gain=4.30773e+09 6.37207e+08 4.32767e+08 1.56469e+08 9.41967e+07 5.91716e+07 4.36129e+07 4.3005e+07 4.22444e+07 2.66371e+07 2.1341e+07 2.05555e+07 1.88041e+07 1.39335e+07 7.68699e+06
threshold=1236.433106384646 1998.6334189596382 730.97211729913704 2626.1050338120644 1769.3285804849877 910.35760903550988 27102.58666666667 24590.025833333337 446.1872835029489 24980.067500000005 533.5398419183108 1720.0260074008504 3005.0980100075335 284.6815767390824 942.87352994662808
decision_type=2 2 2 2 2 2 2 2 2 2 2 2 2 2 2
left_child=2 4 8 6 9 14 -3 -6 13 -2 -10 -7 -5 -1 -4
right_child=1 3 5 12 7 11 -8 -9 10 -11 -12 -13 -14 -15 -16
leaf_value=-44.412380163730724 -5.9422122812885076 31.06595554558389 -14.307926363770731 84.359633448929287 -15.672013068621673 3.654784585740277 62.247566261101404 44.82510631112941 -26.256544599562826 22.05083481450718 -17.387933253681329 38.06056696651293 104.34569426944194 -31.591272734296091 -5.768622483005494
leaf_weight=623 232 336 1668 896 78 3322 2106 1806 7514 3404 2270 114 502 4578 1136
leaf_count=623 232 336 1668 896 78 3322 2106 1806 7514 3404 2270 114 502 4578 1136
internal_value=0.00483977 45.2132 -19.9328 70.2373 27.7956 -2.22994 57.9717 42.3135 -27.3039 20.2636 -24.2009 4.80705 91.6058 -33.1353 -10.8516
internal_weight=30585 9360 21225 3840 5520 6240 2442 1884 14985 3636 9784 3436 1398 5201 2804
internal_count=30585 9360 21225 3840 5520 6240 2442 1884 14985 3636 9784 3436 1398 5201 2804
is_linear=0
shrinkage=0.08


Tree=7
num_leaves=16
num_cat=0
split_feature=10 10 9 10 9 6 6 9 9 9 14 6 9 1 10
split_gain=3.66247e+09 5.52151e+08 4.03992e+08 1.1805e+08 8.14158e+07 5.26938e+07 4.47859e+07 4.15683e+07 2.87066e+07 2.25363e+07 2.10668e+07 2.08437e+07 2.00699e+07 1.19729e+07 5.89981e+06
threshold=1423.1258677895378 900.41847929769665 2507.049509271968 2257.4581861031606 517.61510958817939 27999.430833333336 25756.317500000001 1151.974653264883 3005.0980100075335 411.72910758392931 -0.37940952255126059 24460.21166666667 1950.5840221573269 0.15497246883075538 2289.661802668134
decision_type=2 2 2 2 2 2 2 2 2 2 2 2 2 2 2
left_child=1 4 3 5 9 -2 14 13 -8 -1 -5 -6 -9 -3 -4
right_child=2 7 6 10 11 -7 8 12 -10 -11 -12 -13 -14 -15 -16
leaf_value=-31.934219519930039 12.764771156353611 0.31015572058793739 -21.03584903172084 78.415546323074281 -34.35999619448863 34.960078197955959 73.745164878924356 10.475418368125601 94.881585503261263 -24.49935455134268 52.951388367520103 -12.453802098835952 41.970216987764132 -15.408700085225078 33.656750003980555
leaf_weight=3701 839 2502 27 268 298 3756 1204 2770 658 8988 1026 4038 135 353 22
leaf_count=3701 839 2502 27 268 298 3756 1204 2770 658 8988 1026 4038 135 353 22
internal_value=0.00505195 -16.1925 47.3167 36.9342 -23.4359 30.9111 79.2756 5.21732 81.2613 -26.6702 58.2817 -13.9669 11.953 -1.63808 3.70203
internal_weight=30585 22785 7800 5889 17025 4595 1911 5760 1862 12689 1294 4336 2905 2855 49
internal_count=30585 22785 7800 5889 17025 4595 1911 5760 1862 12689 1294 4336 2905 2855 49
is_linear=0
shrinkage=0.08


Tree=8
num_leaves=16
num_cat=0
split_feature=10 10 9 10 9 8 6 6 6 9 6 9 10 8 10
split_gain=3.10041e+09 4.42351e+08 3.59352e+08 1.14751e+08 5.27088e+07 3.93254e+07 3.79079e+07 3.4635e+07 2.95982e+07 2.42435e+07 1.89194e+07 1.88913e+07 1.33083e+07 8.97742e+06 5.20974e+06
threshold=1397.3956482188705 771.37542028724295 2507.049509271968 1962.7455307003709 1133.1627061669908 492.24263212484863 25860.555000000004 33561.394166666672 26134.245000000006 3005.0980100075335 24862.843333333334 3005.0980100075335 1097.1830890323909 737.99007240261528 2289.661802668134
decision_type=2 2 2 2 2 2 2 2 2 2 2 2 2 2 2
left_child=1 5 3 8 12 10 14 -5 -2 -8 -1 -6 -3 -7 -4
right_child=2 4 6 7 11 13 9 -9 -10 -11 -12 -13 -14 -15 -16
leaf_value=-33.258904935887557 2.5583634799268067 -7.2897225418329734 -19.413084160940986 37.704106872388209 8.9977731829045648 -18.484475253857202 67.874754091687379 57.179101203668424 26.807522184167439 87.302576519730252 -23.80130954270081 80.287267990112312 3.1735713265419907 -10.391337329763877 31.393885109424591
leaf_weight=1577 356 2903 27 1236 2972 2851 1203 1128 3409 658 9883 23 1062 1274 23
leaf_count=1577 356 2903 27 1236 2972 2851 1203 1128 3409 658 9883 23 1062 1274 23
internal_value=0.00541793 -15.2054 42.6546 33.201 1.5632 -22.6935 72.9412 47.017 24.5159 74.7871 -25.1055 9.57185 -4.4871 -15.988 4.11543
internal_weight=30585 22545 8040 6129 6960 15585 1911 2364 3765 1861 11460 2995 3965 4125 50
internal_count=30585 22545 8040 6129 6960 15585 1911 2364 3765 1861 11460 2995 3965 4125 50
is_linear=0
shrinkage=0.08


Tree=9
num_leaves=16
num_cat=0
split_feature=10 10 9 10 10 6 9 6 9 10 14 12 9 6 11
split_gain=2.63246e+09 4.34278e+08 2.654e+08 7.98309e+07 6.25571e+07 4.28261e+07 3.39629e+07 3.20683e+07 2.05556e+07 1.85837e+07 1.68702e+07 1.50251e+07 1.4307e+07 1.36126e+07 4.48951e+06
threshold=1469.6315793078418 921.29225017694137 2507.049509271968 2257.4581861031606 543.68993134195205 30375.340833333335 1274.0841273047001 25860.555000000004 3005.0980100075335 328.12633825365089 -0.37940952255126059 36338.500000000007 3005.0980100075335 32926.959166666675 777.22274205627548
decision_type=2 2 2 2 2 2 2 2 2 2 2 2 2 2 2
left_child=1 4 3 5 9 -2 13 14 -9 -1 -5 -6 -8 -3 -4
right_child=2 6 7 10 11 -7 12 8 -10 -11 -12 -13 -14 -15 -16
leaf_value=-32.085257117966798 15.63206323689665 -4.0149919405633963 25.499981079101563 67.903682921455697 -16.673125649841985 32.794249658428896 11.997926750813443 62.437622630292935 80.328966918910581 -21.643696051621777 45.14015487376183 -7.3272322322580328 74.131911570231125 5.8747725180248143 -21.664377390543617
leaf_weight=1210 1386 2026 27 268 2031 2850 2363 1202 658 11495 1026 2409 23 1588 23
leaf_count=1210 1386 2026 27 268 2031 2850 2363 1202 658 11495 1026 2409 23 1588 23
internal_value=0.00574457 -13.3012 41.3985 32.5082 -19.7836 27.1839 5.22228 67.108 68.8067 -22.6406 49.9035 -11.6051 12.6277 0.331017 3.80499
internal_weight=30585 23145 7440 5530 17145 4236 6000 1910 1860 12705 1294 4440 2386 3614 50
internal_count=30585 23145 7440 5530 17145 4236 6000 1910 1860 12705 1294 4440 2386 3614 50
is_linear=0
shrinkage=0.08


Tree=10
num_leaves=16
num_cat=0
split_feature=10 9 9 10 10 10 6 0 6 6 9 6 6 10 10
split_gain=2.23085e+09 3.61374e+08 2.11333e+08 8.04893e+07 5.84556e+07 3.5057e+07 3.24224e+07 2.89837e+07 2.50983e+07 2.0355e+07 1.85092e+07 1.75113e+07 1.32359e+07 9.43989e+06 3.94839e+06
threshold=1203.7994076510533 1950.5840221573269 598.93948057395687 2257.4581861031606 1677.7554946954856 921.29225017694137 24590.025833333337 0.45924321943375285 24980.067500000005 23601.848333333339 434.93715802315427 33418.070000000007 28202.850833333338 268.99110784165651 473.93637447067692
decision_type=2 2 2 2 2 2 2 2 2 2 2 2 2 2 2
left_child=2 4 10 6 12 9 -3 -5 -6 -4 13 -7 -2 -1 -12
right_child=1 3 5 7 8 11 -8 -9 -10 -11 14 -13 -14 -15 -16
leaf_value=-34.984454930316971 1.6085567974371153 -19.474229372660318 -33.688904105407268 66.568980570802097 -2.7392545841051184 -3.4934577574789576 40.491729406297694 43.334289245361205 29.974417437664719 -7.5542341544419784 -19.459758068262353 7.6302052424930062 14.299812000118466 -23.239207870205686 -15.984734736075776
leaf_weight=497 672 59 202 1599 160 1770 1854 448 2385 3188 6334 1853 2423 3955 3186
leaf_count=497 672 59 202 1599 160 1770 1854 448 2385 3188 6334 1853 2423 3955 3186
internal_value=0.00611773 31.9482 -14.6072 50.4699 18.9369 -3.27485 38.6331 61.5076 27.9175 -9.121 -20.2947 2.19633 11.5456 -24.558 -18.2986
internal_weight=30585 9600 20985 3960 5640 7013 1913 2047 2545 3390 13972 3623 3095 4452 9520
internal_count=30585 9600 20985 3960 5640 7013 1913 2047 2545 3390 13972 3623 3095 4452 9520
is_linear=0
shrinkage=0.08


Tree=11
num_leaves=16
num_cat=0
split_feature=10 10 9 10 6 9 9 6 6 1 9 9 8 6 8
split_gain=1.89186e+09 3.20112e+08 1.91606e+08 5.88274e+07 3.87664e+07 3.70231e+07 3.12918e+07 2.44981e+07 1.87296e+07 1.40192e+07 1.40056e+07 1.38453e+07 1.20091e+07 1.18037e+07 1.10368e+07
threshold=1482.0118420783567 844.27179956142663 2507.049509271968 2374.987419907327 32864.993333333339 489.32129855617853 1257.8883593046228 29910.420000000002 22662.251666666671 0.15497246883075538 303.37034084237683 3005.0980100075335 737.99007240261528 24590.025833333337 2536.291659429196
decision_type=2 2 2 2 2 2 2 2 2 2 2 2 2 2 2
left_child=1 5 3 4 -2 10 9 13 -8 -3 -1 -9 -7 -4 -5
right_child=2 6 7 14 -6 12 8 11 -10 -11 -12 -13 -14 -15 -16
leaf_value=-27.487104958864553 15.851971150987255 0.76658147904806329 -13.635421403454195 38.549386411427868 30.882027756313914 -14.428754274710652 -32.398298743614781 54.926117316841065 11.073850622814602 -13.771040860274113 -18.72276319746382 70.281222177447333 -6.4846614344047522 39.68906442045008 56.09588892827432
leaf_weight=1330 2080 3455 30 612 2336 3545 64 1052 2718 483 9811 622 1859 205 383
leaf_count=1330 2080 3455 30 612 2336 3545 64 1052 2718 483 9811 622 1859 205 383
internal_value=0.00574146 -11.1549 35.4742 27.7773 23.8078 -17.1352 3.56912 57.2647 10.0625 -1.01952 -19.7714 60.6701 -11.6977 32.8528 45.353
internal_weight=30585 23265 7320 5411 4416 16545 6720 1909 2782 3938 11141 1674 5404 235 995
internal_count=30585 23265 7320 5411 4416 16545 6720 1909 2782 3938 11141 1674 5404 235 995
is_linear=0
shrinkage=0.08


Tree=12
num_leaves=16
num_cat=0
split_feature=10 10 9 0 9 1 6 8 8 1 8 6 1 6 9
split_gain=1.60519e+09 2.67186e+08 1.53087e+08 6.31075e+07 4.51806e+07 2.56879e+07 2.44043e+07 2.41371e+07 2.39489e+07 1.71185e+07 1.68874e+07 1.57248e+07 9.93826e+06 7.37382e+06 5.7125e+06
threshold=1203.7994076510533 1998.6334189596382 691.30499012125676 0.43968005264420923 1699.6209308463654 0.14429117344799927 22662.251666666671 1039.4924051361979 2970.0870861186709 0.17754724334573557 431.32321617327807 23379.125000000004 0.1969881678844059 22031.844166666669 481.44663607983904
decision_type=2 2 2 2 2 2 2 2 2 2 2 2 2 2 2
left_child=2 4 10 8 9 -5 -6 11 -3 -2 13 -4 -9 -1 -12
right_child=1 3 7 5 6 -7 -8 12 -10 -11 14 -13 -14 -15 -16
leaf_value=-30.605736509165776 12.493344465400559 46.441930006887439 -27.551266810099282 33.884371272373627 -40.041495246887209 -1.8886989393434326 26.524099354971483 6.2608194927193903 64.473294525488612 -6.5767723317893161 -16.636457231931132 -4.4381365401442086 -15.849299502338438 -19.949939765704212 -12.802007205823081
leaf_weight=472 3290 1693 197 1337 35 142 2104 2045 668 331 6417 3903 138 3713 4100
leaf_count=472 3290 1693 197 1337 35 142 2104 2045 668 331 6417 3903 138 3713 4100
internal_value=0.00578226 27.101 -12.3901 43.4451 16.1992 30.4508 25.4167 -1.93747 51.5687 10.7488 -16.8567 -5.55514 4.85649 -21.1588 -15.143
internal_weight=30585 9600 20985 3840 5760 1479 2139 6283 2361 3621 14702 4100 2183 4185 10517
internal_count=30585 9600 20985 3840 5760 1479 2139 6283 2361 3621 14702 4100 2183 4185 10517
is_linear=0
shrinkage=0.08


Tree=13
num_leaves=16
num_cat=0
split_feature=10 10 8 9 10 6 6 15 6 11 1 3 6 12 11
split_gain=1.3643e+09 2.58334e+08 1.2652e+08 3.34087e+07 3.276e+07 2.28291e+07 2.23888e+07 2.0793e+07 2.02003e+07 1.89047e+07 1.68069e+07 1.56171e+07 1.14849e+07 1.08156e+07 4.55778e+06
threshold=1563.727621682867 921.29225017694137 2475.030458788719 2084.4454757204603 484.7648770179436 29910.420000000002 25324.271666666671 -0.60355339059327384 26971.845000000005 739.19286622200468 0.18946953262365177 2.5750175502600348 28540.855833333339 33983.500000000007 648.80539728898964
decision_type=2 2 2 2 2 2 2 2 2 2 2 2 2 2 2
left_child=1 4 3 10 12 7 14 -3 -5 -7 -2 -8 -1 -6 -4
right_child=2 5 6 8 13 9 11 -9 -10 -11 -12 -13 -14 -15 -16
leaf_value=-20.231650872538516 21.302889498177848 -26.44219175707315 15.622383353493431 3.9445455759488621 -14.037294709706478 7.2226384796606604 45.536905046660365 0.21153751383814817 37.079976423057758 67.121151776033301 -2.7822370680414066 62.741996267254436 -14.875998500390452 -6.8649698176612191 -36.571624348958338
leaf_weight=3978 3097 206 21 129 2084 4391 1552 1970 1380 33 197 444 7276 3807 20
leaf_count=3978 3097 206 21 129 2084 4391 1552 1970 1380 33 197 444 7276 3807 20
internal_value=0.00535562 -9.06328 31.4838 24.3892 -14.2403 4.3853 48.1917 -2.32273 34.2518 7.68451 19.8621 49.3936 -16.7707 -9.4042 -10.1027
internal_weight=30585 23745 6840 4803 17145 6600 2037 2176 1509 4424 3294 1996 11254 5891 41
internal_count=30585 23745 6840 4803 17145 6600 2037 2176 1509 4424 3294 1996 11254 5891 41
is_linear=0
shrinkage=0.08


Tree=14
num_leaves=16
num_cat=0
split_feature=10 9 10 10 6 9 10 10 6 4 9 6 9 6 1
split_gain=1.15991e+09 1.87472e+08 1.18644e+08 4.07743e+07 3.5589e+07 2.45178e+07 1.91075e+07 1.61883e+07 1.5999e+07 1.3822e+07 1.36742e+07 1.24193e+07 8.8736e+06 5.94389e+06 5.41189e+06
threshold=1236.433106384646 2148.5964702371089 684.59061149821753 1756.7994164434776 29706.657500000005 910.35760903550988 2695.7789523617867 2521.0321204144539 23768.352500000005 0.43178446182897229 1720.0260074008504 24590.025833333337 456.58362865070427 28884.805000000004 0.15364126980085169
decision_type=2 2 2 2 2 2 2 2 2 2 2 2 2 2 2
left_child=2 3 9 8 11 14 -6 -5 -2 13 -7 -3 -11 -1 -4
right_child=1 4 5 7 6 10 -8 -9 -10 12 -12 -13 -14 -15 -16
leaf_value=-28.129115165226981 -16.227728265217372 -13.736644990709092 -5.5569286497465384 20.572051996488533 40.25619759912211 1.9882693623021379 57.760138766070988 37.700381071448611 11.35516904880096 -16.24114870333289 28.935624657592776 24.634335681339103 -12.091709404576189 -11.06568605343025 -16.705634699584611
leaf_weight=646 139 62 3162 2263 2006 3369 507 420 3574 5873 124 389 7580 166 305
leaf_count=646 139 62 3162 2263 2006 3369 507 420 3574 5873 124 389 7580 166 305
internal_value=0.00529074 23.4642 -10.3404 15.7527 40.0939 -1.7772 43.8092 23.2664 10.3185 -14.5181 2.9529 19.3407 -13.9042 -24.6587 -6.54224
internal_weight=30585 9360 21225 6396 2964 6960 2513 2683 3713 14265 3493 451 13453 812 3467
internal_count=30585 9360 21225 6396 2964 6960 2513 2683 3713 14265 3493 451 13453 812 3467
is_linear=0
shrinkage=0.08


Tree=15
num_leaves=16
num_cat=0
split_feature=10 10 9 6 9 1 6 1 8 15 9 6 9 2 8
split_gain=9.83166e+08 1.85995e+08 9.5969e+07 2.91471e+07 2.79124e+07 1.88956e+07 1.75278e+07 1.68912e+07 1.64092e+07 1.62948e+07 1.55605e+07 1.43503e+07 1.15851e+07 1.00484e+07 9.33484e+06
threshold=1563.727621682867 942.87352994662808 2507.049509271968 33338.311666666676 598.93948057395687 0.19305214367951343 29910.420000000002 0.11269189017778734 2345.2743751583434 -0.70710678118654757 1603.25204566808 24460.21166666667 303.37034084237683 0.50856464698645565 3005.0980100075335
decision_type=2 2 2 2 2 2 2 2 2 2 2 2 2 2 2
left_child=1 4 3 5 12 -2 9 14 -5 -3 -8 -6 -1 -9 -4
right_child=2 6 7 8 11 -7 10 13 -10 -11 -12 -13 -14 -15 -16
leaf_value=-20.656319591477072 16.915013472645143 -27.17964265062918 42.149143421127278 23.38168179947645 -23.104045992101941 -7.4648168607269021 5.3956532996337989 -15.378677171891736 38.858216289540096 -0.04375275645401145 22.156452972412108 -4.2434927315856461 -12.848714667394599 31.991371293296979 56.666606459342518
leaf_weight=1351 2262 152 998 1879 279 223 3914 30 576 1905 389 3328 12427 457 415
leaf_count=1351 2262 152 998 1879 279 223 3914 30 576 1905 389 3328 12427 457 415
internal_value=0.00513803 -7.69324 26.7272 20.843 -11.9755 14.7251 4.01244 42.0072 27.0272 -2.06117 6.91566 -5.70835 -13.6157 29.0478 46.45
internal_weight=30585 23745 6840 4940 17385 2485 6360 1900 2455 2057 4303 3607 13778 487 1413
internal_count=30585 23745 6840 4940 17385 2485 6360 1900 2455 2057 4303 3607 13778 487 1413
is_linear=0
shrinkage=0.08


Tree=16
num_leaves=16
num_cat=0
split_feature=10 9 9 8 6 6 10 6 11 4 9 14 1 4 8
split_gain=8.36823e+08 1.5449e+08 7.65398e+07 4.3534e+07 2.08611e+07 1.6626e+07 1.8023e+07 1.51319e+07 1.76302e+07 1.33565e+07 1.15874e+07 8.5919e+06 7.99986e+06 6.29871e+06 4.46625e+06
threshold=1173.6769452678893 1873.4163097475914 780.7811674276935 2626.1050338120644 24590.025833333337 24980.067500000005 1677.7554946954856 29180.94333333334 576.46600801760758 0.39550427423027895 439.60165944303247 -0.78656609248549292 0.18946953262365177 0.54723555043623129 718.13339971377411
decision_type=2 2 2 2 2 2 2 2 2 2 2 2 2 2 2
left_child=2 5 10 4 -3 12 -7 9 -9 -4 13 -5 -2 -1 -12
right_child=1 3 7 11 -6 6 -8 8 -10 -11 14 -13 -14 -15 -16
leaf_value=-23.310475171691404 5.2521165693630962 -9.4309684316961615 -28.857773885134254 49.095265409724561 26.005498311048861 7.3641840786041302 17.052814700022456 0.80165919184114887 44.132959384605527 -5.2288421579644311 -11.138443171158061 36.458815137691715 -20.021481722608026 -14.23438902097767 -6.0400799293783933
leaf_weight=558 158 110 176 590 2825 3044 2063 4052 60 1140 9390 889 161 4119 1250
leaf_count=558 158 110 176 590 2825 3044 2063 4052 60 1140 9390 889 161 4119 1250
internal_value=0.00505809 19.2177 -9.10856 30.3303 24.6746 10.1737 11.2805 -0.945423 1.4445 -8.40845 -12.0011 41.5295 -7.52623 -15.322 -10.5401
internal_weight=30585 9840 20745 4414 2935 5426 5107 5428 4112 1316 15317 1479 319 4677 10640
internal_count=30585 9840 20745 4414 2935 5426 5107 5428 4112 1316 15317 1479 319 4677 10640
is_linear=0
shrinkage=0.08


Tree=17
num_leaves=16
num_cat=0
split_feature=10 10 10 9 14 14 6 10 6 11 17 6 4 3 10
split_gain=7.09085e+08 1.18599e+08 8.06023e+07 3.17465e+07 2.39399e+07 1.95592e+07 1.82077e+07 1.31745e+07 1.22249e+07 1.27001e+07 1.21954e+07 1.20276e+07 9.54204e+06 9.21106e+06 2.91206e+06
threshold=1274.7662544137927 2257.4581861031606 730.97211729913704 1769.3285804849877 -0.70710678118654735 -0.70710678118654735 22662.251666666671 2665.9354191262587 29180.94333333334 448.97942493170416 0.81174490092936691 24460.21166666667 0.43178446182897229 1.4133617053066219 2739.3066488678764
decision_type=2 2 2 2 2 2 2 2 2 2 2 2 2 2 2
left_child=2 3 8 11 14 13 -5 -6 12 -10 -7 -2 -1 -4 -3
right_child=1 4 5 6 7 10 -8 -9 9 -11 -12 -13 -14 -15 -16
leaf_value=-23.044672284070185 -11.987124466157477 43.517192293520331 5.5095338611310449 -38.103059574672152 24.117745393626087 -4.6652865452133918 20.055767354876288 38.135621056534383 -9.5861680767004263 36.779196889776934 6.6342966722241652 9.0237045314819095 -12.882577516907482 30.920699235581861 57.77781324901278
leaf_weight=679 183 539 1573 34 1336 4217 2759 640 9616 37 714 3384 4653 96 125
leaf_count=679 183 539 1573 34 1336 4217 2759 640 9616 37 714 3384 4653 96 125
internal_value=0.00483105 18.8679 -7.86073 12.9476 33.1199 -0.494371 19.3344 28.6749 -11.1049 -9.40466 -3.02811 7.94272 -14.1807 6.98881 46.2846
internal_weight=30585 9000 21585 6360 2640 6600 2793 1976 14985 9653 4931 3567 5332 1669 664
internal_count=30585 9000 21585 6360 2640 6600 2793 1976 14985 9653 4931 3567 5332 1669 664
is_linear=0
shrinkage=0.08


Tree=18
num_leaves=15
num_cat=0
split_feature=10 10 9 10 14 9 9 14 8 1 8 0 12 8
split_gain=6.02575e+08 1.15857e+08 6.37163e+07 2.52941e+07 2.72528e+07 1.70467e+07 1.4202e+07 1.22928e+07 8.36854e+06 7.60991e+06 6.60896e+06 5.62183e+06 5.21286e+06 4.57442e+06
threshold=1563.727621682867 942.87352994662808 2626.1050338120644 2571.5706662195612 -0.70710678118654735 481.44663607983904 2921.6531414937131 -0.70710678118654735 1769.3285804849877 0.11269189017778734 304.3907199453833 0.49194309828246147 40586.500000000007 3005.0980100075335
decision_type=2 2 2 2 2 2 2 2 2 2 2 2 2 2
left_child=1 5 3 4 -2 10 7 -3 -7 13 -1 -11 -5 -4
right_child=2 6 9 12 -6 8 -8 -9 -10 11 -12 -13 -14 -15
leaf_value=-17.063992321469513 26.431861836719442 9.0669780517472702 34.631883993063333 27.841057879964733 11.414793624996545 -6.5656255199272788 54.784959950166595 0.90998852336132507 39.818666021728511 27.47080544035402 -10.751015585624746 -15.468601979755221 46.245185360107428 45.412493480110172
leaf_weight=1206 983 1573 780 536 3634 7130 33 4754 24 364 9025 20 124 399
leaf_count=1206 983 1573 780 536 3634 7130 33 4754 24 364 9025 20 124 399
internal_value=0.004895 -6.02197 20.9249 16.7171 14.6171 -9.40176 3.21665 2.93907 -6.40447 35.1116 -11.4968 25.2 31.3635 38.3157
internal_weight=30585 23745 6840 5277 4617 17385 6360 6327 7154 1563 10231 384 660 1179
internal_count=30585 23745 6840 5277 4617 17385 6360 6327 7154 1563 10231 384 660 1179
is_linear=0
shrinkage=0.08


Tree=19
num_leaves=16
num_cat=0
split_feature=10 9 9 9 1 1 3 6 7 11 6 15 0 3 26
split_gain=5.14175e+08 1.13311e+08 3.4912e+07 2.95961e+07 1.9556e+07 1.35418e+07 1.23887e+07 1.16632e+07 1.04739e+07 9.05412e+06 8.25715e+06 6.47068e+06 5.03748e+06 3.3657e+06 2.71865e+06
threshold=1104.6751303923145 1873.4163097475914 780.7811674276935 2803.4179486041867 0.08601658294058849 0.17248759455961213 1.5073565678197205 21696.998333333337 867.10914946797095 497.39075132390343 28412.020000000004 -0.37940952255126009 0.47344484209981913 0.60005309991678535 18.595050000000004
decision_type=2 2 2 2 2 2 2 2 2 2 2 2 2 2 2
left_child=2 5 10 4 -3 6 -2 14 -9 -7 11 -1 -5 -12 -4
right_child=1 3 7 12 -6 9 -8 8 -10 -11 13 -13 -14 -15 -16
leaf_value=-17.444676155469846 6.5271138156423003 25.590363869717454 -41.291647077822219 35.51185802837648 12.978047154862242 1.0595088531285737 15.827859973669261 -1.1847051597311391 55.446865350632443 -22.754158676147462 -8.7107057420015082 -10.576252012058147 13.028002517700195 -3.7922384872688002 -14.966337449815537
leaf_weight=1170 4680 1702 50 1185 1470 420 1140 4457 20 134 9493 3557 69 985 53
leaf_count=1170 4680 1702 50 1185 1470 420 1140 4457 20 134 9493 3557 69 985 53
internal_value=0.00522053 14.0438 -7.65833 23.8762 19.7514 7.21369 8.35132 -1.53484 -0.919391 -4.7311 -9.5026 -12.2796 34.2861 -8.24874 -28.0198
internal_weight=30585 10800 19785 4426 3172 6374 5820 4580 4477 554 15205 4727 1254 10478 103
internal_count=30585 10800 19785 4426 3172 6374 5820 4580 4477 554 15205 4727 1254 10478 103
is_linear=0
shrinkage=0.08


Tree=20
num_leaves=16
num_cat=0
split_feature=9 10 8 6 14 17 1 10 11 8 10 15 17 11 10
split_gain=4.37842e+08 7.94574e+07 5.55961e+07 2.86366e+07 2.03021e+07 1.86184e+07 1.31697e+07 1.22572e+07 9.64041e+06 8.16721e+06 8.16446e+06 6.31794e+06 6.00468e+06 5.43265e+06 3.8813e+06
threshold=1329.1249317153095 1983.9527159747879 822.73278426324293 23768.352500000005 -0.60355339059327362 0.81174490092936691 0.17248759455961213 2571.5706662195612 497.39075132390343 1135.0050216201496 441.53266386663091 -0.37940952255126009 0.81174490092936691 346.17131145310685 232.86589403628523
decision_type=2 2 2 2 2 2 2 2 2 2 2 2 2 2 2
left_child=2 3 10 11 13 -5 9 -6 -8 -4 14 -2 -12 -3 -1
right_child=1 4 6 5 7 -7 8 -9 -10 -11 12 -13 -14 -15 -16
leaf_value=-17.793333887239783 -47.699290588378908 22.550231750132042 -1.2974673851507927 7.8922670687045535 15.927996751030658 21.666827370953595 -7.3225928163968703 27.667843559413178 -38.783312205264444 4.8778565563105039 -7.7027133479642638 -12.630741944067257 -1.4827155635336913 35.949391227981877 -10.091354549454879
leaf_weight=450 39 256 2875 4079 1604 742 351 888 75 2618 8139 193 1132 895 6249
leaf_count=450 39 256 2875 4079 1604 742 351 888 75 2618 8139 193 1132 895 6249
internal_value=0.00492125 15.19 -6.0282 8.69422 24.1952 10.0164 0.594342 20.1208 -12.9393 1.64608 -8.48261 -18.7053 -6.94349 32.9914 -10.6113
internal_weight=30585 8696 21889 5053 3643 4821 5919 2492 426 5493 15970 232 9271 1151 6699
internal_count=30585 8696 21889 5053 3643 4821 5919 2492 426 5493 15970 232 9271 1151 6699
is_linear=0
shrinkage=0.08


Tree=21
num_leaves=16
num_cat=0
split_feature=10 9 10 14 17 14 12 15 7 8 1 11 11 10 10
split_gain=3.74386e+08 7.20275e+07 4.11883e+07 2.13378e+07 1.7078e+07 1.37092e+07 1.34973e+07 1.80004e+07 1.60269e+07 1.16755e+07 7.77959e+06 5.8261e+06 4.98232e+06 4.06081e+06 2.1425e+06
threshold=1563.727621682867 910.35760903550988 2289.661802668134 -0.70710678118654735 0.81174490092936691 -0.70710678118654735 33026.500000000007 -0.60355339059327384 867.10914946797095 469.58325007926953 0.07815191598035949 595.13008241021805 338.3537910039542 268.99110784165651 2767.1847758161971
decision_type=2 2 2 2 2 2 2 2 2 2 2 2 2 2 2
left_child=1 9 3 11 -5 14 7 -3 -8 13 -7 -2 -11 -1 -4
right_child=2 6 5 4 -6 10 8 -9 -10 12 -12 -13 -14 -15 -16
leaf_value=-15.716233882670506 18.724391193120962 -32.075127769736355 32.686894185526597 6.2282838136553549 23.748936896405969 25.170830762663272 4.6817110710835301 -0.96483812411548875 64.357812142207706 -5.0706609455588163 14.52904872406674 34.446273875418903 -16.614941845143715 -8.9963817851716481 45.853839739456916
leaf_weight=623 921 128 524 2810 407 1187 4389 1541 28 9036 707 182 245 7755 102
leaf_count=623 921 128 524 2810 407 1187 4389 1541 28 9036 707 182 245 7755 102
internal_value=0.00450591 -4.74607 16.4944 11.7484 8.45161 24.6224 2.75893 -3.36855 5.07449 -7.3326 21.2082 21.3474 -5.37716 -9.4979 34.902
internal_weight=30585 23745 6840 4320 3217 2520 6086 1669 4417 17659 1894 1103 9281 8378 626
internal_count=30585 23745 6840 4320 3217 2520 6086 1669 4417 17659 1894 1103 9281 8378 626
is_linear=0
shrinkage=0.08


Tree=22
num_leaves=16
num_cat=0
split_feature=9 8 8 6 17 8 1 11 8 1 6 9 4 15 1
split_gain=3.18279e+08 5.63424e+07 4.02256e+07 2.74853e+07 2.69611e+07 1.15883e+07 1.10169e+07 8.35056e+06 6.7913e+06 6.26876e+06 6.07127e+06 5.42866e+06 5.07666e+06 4.81655e+06 3.57585e+06
threshold=1329.1249317153095 2055.8953207150594 786.15894839621672 23768.352500000005 0.81174490092936691 2970.0870861186709 0.16412451633533634 448.97942493170416 1121.1268698485089 0.21364731160036707 30375.340833333335 897.8655247089365 0.99891211525464996 -0.5 0.08601658294058849
decision_type=2 2 2 2 2 2 2 2 2 2 2 2 2 2 2
left_child=2 3 10 12 -5 9 8 -8 -4 -3 13 -12 -2 -1 -7
right_child=1 5 6 4 -6 14 7 -9 -10 -11 11 -13 -14 -15 -16
leaf_value=-13.453250391967956 -32.082228592067089 19.012001380438562 -1.2524669363480185 6.5205235343036136 21.8248586677487 33.807655529871816 -5.8607654031286849 -30.840035968598865 4.2005019837790245 -16.237730286338113 -6.2881176511947601 6.1761038638197867 -8.3739426864253161 -8.0957629742786779 22.262703015769741
leaf_weight=1342 102 2473 3293 4288 889 503 469 104 2627 32 8391 229 134 5434 275
leaf_count=1342 102 2473 3293 4288 889 503 469 104 2627 32 8391 229 134 5434 275
internal_value=0.00464499 12.9515 -5.1392 7.93419 9.15231 21.2191 0.141751 -10.4404 1.16759 18.5554 -7.36621 -5.95631 -18.7129 -9.15865 29.7607
internal_weight=30585 8696 21889 5413 5177 3283 6493 573 5920 2505 15396 8620 236 6776 778
internal_count=30585 8696 21889 5413 5177 3283 6493 573 5920 2505 15396 8620 236 6776 778
is_linear=0
shrinkage=0.08


Tree=23
num_leaves=16
num_cat=0
split_feature=9 3 6 9 3 1 15 6 9 1 4 11 6 9 11
split_gain=2.70994e+08 5.85784e+07 3.35424e+07 2.3001e+07 1.04822e+07 9.9777e+06 7.58661e+06 7.37852e+06 7.7266e+06 6.68063e+06 7.19744e+06 6.62395e+06 5.50668e+06 5.23251e+06 3.57196e+06
threshold=1627.7543623828017 0.70584350105878813 25220.020000000004 2626.1050338120644 2.1005746971663721 0.17248759455961213 -0.12940952255126034 35025.419166666674 846.87044976825905 0.18946953262365177 1.052621796103673 497.39075132390343 21696.998333333337 3005.0980100075335 430.40480358111773
decision_type=2 2 2 2 2 2 2 2 2 2 2 2 2 2 2
left_child=1 7 9 4 -4 6 -3 12 -9 10 -2 -7 -1 -5 -11
right_child=2 5 3 13 -6 11 -8 8 -10 14 -12 -13 -14 -15 -16
leaf_value=-15.110395283327264 -12.525316489552988 -0.13325205880740268 11.642338065259576 20.71892659384978 22.45181014727164 -3.5073749075923506 4.9364828149310931 -4.7267997840473033 7.6894568771725087 6.819839139192001 21.314964988014914 -23.308608128752027 -7.1730857876143119 30.105451636048706 -27.843643109684901
leaf_weight=589 102 3539 3474 894 689 477 4051 4258 346 22 65 139 11134 681 125
leaf_count=589 102 3539 3474 894 689 477 4051 4258 346 22 65 139 11134 681 125
internal_value=0.0042507 -3.73602 15.1643 16.5576 13.4363 1.7779 2.5729 -6.50727 -3.79223 -10.2691 0.694524 -8.00605 -7.57314 24.794 -22.6449
internal_weight=30585 24533 6052 5738 4163 8206 7590 16327 4604 314 167 616 11723 1575 147
internal_count=30585 24533 6052 5738 4163 8206 7590 16327 4604 314 167 616 11723 1575 147
is_linear=0
shrinkage=0.08


Tree=24
num_leaves=16
num_cat=0
split_feature=9 8 8 6 17 8 1 11 14 8 8 6 17 23 6
split_gain=2.31429e+08 4.08562e+07 2.82248e+07 1.86135e+07 2.28588e+07 1.06378e+07 8.49354e+06 8.4161e+06 5.47356e+06 5.25776e+06 4.88343e+06 4.7682e+06 3.26855e+06 2.74351e+06 2.2663e+06
threshold=1329.1249317153095 1928.6294953818244 786.15894839621672 22943.710833333338 0.81174490092936691 2895.5032941072968 0.14429117344799927 448.97942493170416 -0.70710678118654735 1121.1268698485089 371.57374332130865 27259.660000000003 0.81174490092936691 9.636448500000002 37218.393333333341
decision_type=2 2 2 2 2 2 2 2 2 2 2 2 2 2 2
left_child=2 3 10 13 -5 8 9 -8 -3 -4 12 -7 -1 -2 -12
right_child=1 5 6 4 -6 11 7 -9 -10 -11 14 -13 -14 -15 -16
leaf_value=-10.784588326518053 -26.36195971801758 19.622124018676015 -0.92236910654503346 4.4006383386326959 19.15546578032129 -10.664970678710938 -3.7550761642989134 -24.800573444097815 12.200675339634364 4.0592165166449687 -6.0576964727401927 25.050398830254895 -4.58775514625267 -0.10660048976089016 -3.21820453612359
leaf_weight=2154 124 951 3080 3814 815 24 851 141 1951 2421 10327 985 732 32 2183
leaf_count=2154 124 951 3080 3814 815 24 851 141 1951 2421 10327 985 732 32 2183
internal_value=0.00399263 11.044 -4.38225 6.08452 7.00201 17.1087 0.0413608 -6.76839 14.6386 1.27037 -6.24771 24.1912 -9.21497 -21.0112 -5.5625
internal_weight=30585 8696 21889 4785 4629 3911 6493 992 2902 5501 15396 1009 2886 156 12510
internal_count=30585 8696 21889 4785 4629 3911 6493 992 2902 5501 15396 1009 2886 156 12510
is_linear=0
shrinkage=0.08


Tree=25
num_leaves=16
num_cat=0
split_feature=9 8 6 9 17 6 1 11 15 15 4 1 11 17 6
split_gain=1.96146e+08 4.58318e+07 2.57846e+07 1.72836e+07 8.92324e+06 8.41042e+06 7.4865e+06 7.04626e+06 6.08615e+06 5.8863e+06 5.68886e+06 5.29814e+06 4.3599e+06 4.20263e+06 2.72382e+06
threshold=1627.7543623828017 992.63087228520772 25220.020000000004 2626.1050338120644 0.81174490092936691 35025.419166666674 0.17475777883368729 178.5381425336227 -0.12940952255126034 -0.5 0.69600850681274373 0.17754724334573557 497.39075132390343 0.81174490092936691 22943.710833333338
decision_type=2 2 2 2 2 2 2 2 2 2 2 2 2 2 2
left_child=1 5 10 4 -4 9 8 -7 -3 -1 14 -12 -8 -5 -2
right_child=2 6 3 13 -6 7 12 -9 -10 -11 11 -13 -14 -15 -16
leaf_value=-9.4138380707840241 -40.965280345569958 0.93617662719436301 9.9505177674993615 19.390176603779594 20.801109938918486 -3.4792907376108175 -2.2110683955802002 6.2986696697109918 6.2921669705620564 -5.3389481935452947 11.178265583828242 -13.267530400932284 -19.694632400638799 30.578637579906985 -11.896593264625185
leaf_weight=2952 43 2551 3602 1314 561 5282 373 517 2903 9835 98 132 120 261 41
leaf_count=2952 43 2551 3602 1314 561 5282 373 517 2903 9835 98 132 120 261 41
internal_value=0.00365551 -3.17844 12.9013 14.123 11.4174 -5.13431 2.93403 -2.60662 3.78764 -6.28034 -9.39702 -2.8482 -6.49796 21.2625 -27.0839
internal_weight=30585 24533 6052 5738 4163 18586 5947 5799 5454 12787 314 230 493 1575 84
internal_count=30585 24533 6052 5738 4163 18586 5947 5799 5454 12787 314 230 493 1575 84
is_linear=0
shrinkage=0.08


Tree=26
num_leaves=14
num_cat=0
split_feature=10 10 10 2 17 8 9 11 12 10 14 0 26
split_gain=1.73834e+08 3.46432e+07 2.15119e+07 1.43983e+07 1.26076e+07 1.00907e+07 9.20055e+06 7.00885e+06 6.96677e+06 5.31954e+06 5.19644e+06 4.32844e+06 2.24477e+06
threshold=1627.9255476811095 995.42088291273444 2438.4874958489418 0.54716191107484324 0.81174490092936691 1769.3285804849877 2863.635411009132 687.63510778768716 33813.500000000007 2739.3066488678764 -0.70710678118654735 0.40772911159131897 18.216350000000002
decision_type=2 2 2 2 2 2 2 2 2 2 2 2 2
left_child=1 5 3 7 -5 8 10 -2 -1 11 -3 -4 -11
right_child=2 6 9 4 -6 -7 -8 -9 -10 12 -12 -13 -14
leaf_value=-6.6426973837628287 4.7673146714326844 5.9934151666569253 20.544164926022251 9.8779493007908314 25.298838004187857 37.450762604607476 40.875525644742524 -9.7933420025734677 -3.4921025172992386 40.672832567027356 0.53107117435761864 11.732203569214404 23.869515193386487
leaf_weight=8381 1319 1483 742 2600 390 35 38 251 9689 60 4479 698 420
leaf_count=8381 1319 1483 742 2600 390 35 38 251 9689 60 4479 698 420
internal_value=0.00336087 -3.12378 11.6347 8.6405 11.8972 -4.86962 2.14424 2.43471 -4.95366 18.7378 1.89056 16.2839 26.0501
internal_weight=30585 24105 6480 4560 2990 18105 6000 1570 18070 1920 5962 1440 480
internal_count=30585 24105 6480 4560 2990 18105 6000 1570 18070 1920 5962 1440 480
is_linear=0
shrinkage=0.08


Tree=27
num_leaves=16
num_cat=0
split_feature=10 10 6 15 11 10 14 8 1 10 10 1 10 26 1
split_gain=1.48071e+08 3.6908e+07 1.419e+07 1.61754e+07 1.00066e+07 9.45956e+06 7.16973e+06 6.88993e+06 6.63092e+06 5.56373e+06 3.78642e+06 1.79665e+06 1.54893e+06 1.48067e+06 1.168e+06
threshold=1097.1830890323909 2257.4581861031606 30375.340833333335 -0.60355339059327384 531.76801472283285 473.93637447067692 -0.70710678118654735 1743.9111632769943 0.14429117344799927 2665.9354191262587 232.86589403628523 0.18311622431001986 2767.1847758161971 14.725100000000001 0.074347724142009977
decision_type=2 2 2 2 2 2 2 2 2 2 2 2 2 2 2
left_child=5 2 3 -2 -4 10 12 8 -7 -8 14 -9 -3 -12 -1
right_child=1 6 4 -5 -6 7 9 11 -10 -11 13 -13 -14 -15 -16
leaf_value=-6.269417180803087 -20.464645051449804 21.179512745940244 6.1527115201621534 1.9176514668011759 18.99283776237851 -1.5994785160253044 10.326879683189992 42.901732031250006 -8.1117434549040155 19.414782277418187 -5.339029917379686 11.253006956577302 32.127998894441475 -14.444253519979016 -15.119061688751918
leaf_weight=134 225 562 5224 2412 419 7946 1336 24 1144 640 9929 23 102 115 350
leaf_count=134 225 562 5224 2412 419 7946 1336 24 1144 640 9929 23 102 115 350
internal_value=0.00361953 7.47297 4.84569 0.000865507 7.1093 -4.14429 15.7081 -2.26049 -2.41987 13.2787 -5.77883 27.9712 22.9071 -5.44471 -12.6869
internal_weight=30585 10920 8280 2637 5643 19665 2640 9137 9090 1976 10528 47 664 10044 484
internal_count=30585 10920 8280 2637 5643 19665 2640 9137 9090 1976 10528 47 664 10044 484
is_linear=0
shrinkage=0.08


Tree=28
num_leaves=16
num_cat=0
split_feature=9 8 8 17 6 4 14 1 1 11 11 8 6 17 8
split_gain=1.23149e+08 2.28073e+07 1.52862e+07 1.2495e+07 1.10901e+07 1.00572e+07 7.62648e+06 7.05516e+06 5.92519e+06 4.77869e+06 4.15842e+06 3.72506e+06 3.60036e+06 2.94149e+06 1.32047e+06
threshold=1329.1249317153095 1928.6294953818244 737.99007240261528 0.81174490092936691 23165.886666666669 0.53013352905635491 -0.70710678118654735 0.21364731160036707 0.1199493963633096 329.63139159596329 400.20756300939792 2507.049509271968 21696.998333333337 0.81174490092936691 304.3907199453833
decision_type=2 2 2 2 2 2 2 2 2 2 2 2 2 2 2
left_child=2 3 12 5 -5 -2 10 -8 11 -10 -3 -4 14 -14 -1
right_child=1 6 8 4 -6 -7 7 -9 9 -11 -12 -13 13 -15 -16
leaf_value=-14.364177520873042 -14.347265237658112 12.672071132179067 1.0342717672144617 -24.775012093401969 15.237082889654181 3.4113753858335576 10.372746919114602 -23.541476917266845 -1.8339458357755627 -11.768758848393821 21.188929045583301 21.779891855546406 -4.8856423339156079 -1.7409105727859484 -6.5052013253729797
leaf_weight=314 215 713 5147 46 815 3709 2388 39 1343 402 771 55 12121 2260 247
leaf_count=314 215 713 5147 46 815 3709 2388 39 1343 402 771 55 12121 2260 247
internal_value=0.003573 8.05689 -3.19605 4.35149 13.0731 2.43495 12.5881 9.8183 -0.0954991 -4.12808 17.1082 1.25776 -4.63749 -4.3916 -10.9217
internal_weight=30585 8696 21889 4785 861 3924 3911 2427 6947 1745 1484 5202 14942 14381 561
internal_count=30585 8696 21889 4785 861 3924 3911 2427 6947 1745 1484 5202 14942 14381 561
is_linear=0
shrinkage=0.08


Tree=29
num_leaves=16
num_cat=0
split_feature=10 9 6 15 6 15 11 6 11 12 15 8 11 10 6
split_gain=1.09423e+08 2.16216e+07 1.63374e+07 1.45219e+07 9.2869e+06 1.5766e+07 1.13489e+07 8.51276e+06 8.24805e+06 6.02281e+06 5.27743e+06 4.56744e+06 3.72416e+06 3.08469e+06 2.10501e+06
threshold=1627.9255476811095 910.35760903550988 35484.740000000013 -0.70710678118654757 29180.94333333334 -0.60355339059327384 739.19286622200468 26304.932500000003 400.20756300939792 30810.500000000004 -0.9829629131445341 466.16131816231001 338.3537910039542 2715.5195010526172 22031.844166666669
decision_type=2 2 2 2 2 2 2 2 2 2 2 2 2 2 2
left_child=1 11 3 9 5 -3 -6 -5 13 -2 -10 14 -13 -4 -1
right_child=2 4 8 7 6 -7 -8 -9 10 -11 -12 12 -14 -15 -16
leaf_value=-10.204239385797736 -49.66745162963867 -27.060027083517557 9.4440915973202646 -2.3983465746428463 2.9031172211054472 -1.0534023358425852 42.412746945644948 9.1197328484391171 -0.49839376926422119 -6.5179316257906486 20.988816861953211 -2.5039066266580439 -12.120076681353012 21.77400403277975 -4.9971486022061269
leaf_weight=533 21 165 1622 481 4717 1474 46 2793 79 363 980 9536 264 141 7370
leaf_count=533 21 165 1622 481 4717 1474 46 2793 79 363 980 9536 264 141 7370
internal_value=0.00323991 -2.47781 9.23147 5.70083 1.50626 -3.68642 3.29352 7.42734 13.8044 -9.00055 19.3869 -3.91858 -2.76416 10.442 -5.34958
internal_weight=30585 24105 6480 3658 6402 1639 4763 3274 2822 384 1059 17703 9800 1763 7903
internal_count=30585 24105 6480 3658 6402 1639 4763 3274 2822 384 1059 17703 9800 1763 7903
is_linear=0
shrinkage=0.08


Tree=30
num_leaves=16
num_cat=0
split_feature=10 10 6 15 6 9 15 10 6 14 7 9 13 13 7
split_gain=9.28694e+07 2.08426e+07 1.32447e+07 1.14165e+07 6.88714e+06 6.85218e+06 6.62236e+06 6.8619e+06 5.52367e+06 5.23242e+06 5.04438e+06 4.3606e+06 4.10308e+06 1.70917e+06 1.68996e+06
threshold=1706.1374638911916 951.10093999420133 33561.394166666672 -0.9159756150367534 23379.125000000004 2863.635411009132 -0.9829629131445341 2612.5536112046047 24980.067500000005 -0.70710678118654735 338.37106591708442 846.87044976825905 34987.865000000005 37719.525000000001 709.52667636726585
decision_type=2 2 2 2 2 2 2 2 2 2 2 2 2 2 2
left_child=1 8 3 13 -5 9 14 -8 10 -3 -1 -10 -7 -2 -4
right_child=2 5 6 4 -6 12 7 -9 11 -11 -12 -13 -14 -15 -16
leaf_value=-6.3288937240709222 -34.087171429889956 4.976300176526701 -3.9505675342662916 -16.67350589570545 6.6353735214606777 44.298866834138572 11.436638954636068 20.845025072284404 -3.5149055566257612 -0.0061523089615090959 -20.446224843571695 1.4972722449045457 -0.44543095179966524 -12.67329956902398 19.999786115373883
leaf_weight=1836 40 1804 184 83 2428 37 2438 625 14288 5339 177 1204 20 62 20
leaf_count=1836 40 1804 184 83 2428 37 2438 625 14288 5339 177 1204 20 62 20
internal_value=0.00295356 -2.14776 9.03806 4.78988 5.85858 1.47526 12.4333 13.3626 -3.63795 1.25271 -7.57974 -3.1253 28.8621 -21.3203 -1.51639
internal_weight=30585 24705 5880 2613 2511 7200 3267 3063 17505 7143 2013 15492 57 102 204
internal_count=30585 24705 5880 2613 2511 7200 3267 3063 17505 7143 2013 15492 57 102 204
is_linear=0
shrinkage=0.08


Tree=31
num_leaves=14
num_cat=0
split_feature=10 10 6 15 17 8 6 15 11 1 0 7 1
split_gain=7.91047e+07 2.18103e+07 9.43137e+06 1.28777e+07 7.80768e+06 6.47503e+06 6.35542e+06 7.46191e+06 7.21207e+06 5.92325e+06 4.4407e+06 3.76618e+06 2.41615e+06
threshold=1097.1830890323909 2289.661802668134 29706.657500000005 -0.60355339059327384 0.81174490092936691 1769.3285804849877 32373.50583333334 -0.5 244.47097625518157 0.07815191598035949 0.51143061044271121 687.70773411900234 0.18311622431001986
decision_type=2 2 2 2 2 2 2 2 2 2 2 2 2
left_child=5 2 3 -2 -4 6 7 -1 -8 11 -11 -3 -7
right_child=1 9 4 -5 -6 12 8 -9 -10 10 -12 -13 -14
leaf_value=-8.7350934804257481 -21.774848338598495 13.283316527166003 4.0058421144542171 0.85611868801102609 12.302658169000882 43.458246679687498 -2.1131137219077916 -3.3827583536262185 7.9931219373430524 8.6575163906462063 -10.254606847763062 24.201508724053703 7.5396288024902347
leaf_weight=2099 173 1362 5245 2140 842 24 8942 8101 475 832 87 239 24
leaf_count=2099 173 1362 5245 2140 842 24 8942 8101 475 832 87 239 24
internal_value=0.00274752 5.46221 3.50314 -0.845235 5.15535 -3.02902 -3.10142 -4.48493 -1.60255 11.9884 6.85794 14.9273 26.0193
internal_weight=30585 10920 8400 2313 6087 19665 19617 10200 9417 2520 919 1601 48
internal_count=30585 10920 8400 2313 6087 19665 19617 10200 9417 2520 919 1601 48
is_linear=0
shrinkage=0.08


Tree=32
num_leaves=16
num_cat=0
split_feature=10 10 14 1 1 17 7 11 4 11 1 9 26 0 6
split_gain=6.79916e+07 1.51891e+07 1.09126e+07 9.21765e+06 8.51203e+06 8.91598e+06 8.17704e+06 6.89321e+06 3.57379e+06 3.03757e+06 2.823e+06 2.15668e+06 2.07799e+06 1.18056e+06 885981
threshold=1706.1374638911916 684.59061149821753 -0.70710678118654735 0.10512061028448023 0.24704976018373964 0.81174490092936691 687.70773411900234 576.46600801760758 0.43178446182897229 412.5423184596591 0.11658082995994952 846.87044976825905 14.725100000000001 0.48949660057057454 36404.488333333342
decision_type=2 2 2 2 2 2 2 2 2 2 2 2 2 2 2
left_child=1 8 9 6 5 -3 -4 -5 12 14 -11 -10 -1 -6 -2
right_child=2 4 3 7 13 -7 -8 -9 11 10 -12 -13 -14 -15 -16
leaf_value=-6.8521761960154359 5.8115580336407913 -0.28389233751498921 6.8301452048983435 4.3268578660322925 -11.340099000601933 6.3726816110395008 20.805863145930999 -7.7244571431130815 -3.3622779900712518 20.942248592811094 9.004577304666693 4.1262893308966282 -17.686363280358975 -32.16529242338958 11.970390417427078
leaf_weight=676 204 8853 2773 901 28 1506 296 457 13203 482 175 250 136 53 592
leaf_count=676 204 8853 2773 901 28 1506 296 457 13203 482 175 250 136 53 592
internal_value=0.0027266 -1.83751 7.73353 5.75682 0.481205 0.684368 8.18442 0.268598 -3.5344 13.7481 17.781 -3.22282 -8.68629 -25.1925 10.4013
internal_weight=30585 24705 5880 4427 10440 10359 3069 1358 14265 1453 657 13453 812 81 796
internal_count=30585 24705 5880 4427 10440 10359 3069 1358 14265 1453 657 13453 812 81 796
is_linear=0
shrinkage=0.08


Tree=33
num_leaves=16
num_cat=0
split_feature=9 10 1 6 11 10 9 1 11 9 15 6 6 12 4
split_gain=5.80569e+07 1.46688e+07 9.27608e+06 9.02277e+06 6.49163e+06 5.9426e+06 5.88167e+06 4.96418e+06 5.55818e+06 4.26558e+06 4.23361e+06 4.2789e+06 3.81568e+06 2.13197e+06 1.65721e+06
threshold=1699.6209308463654 1046.6642317271019 0.08601658294058849 22662.251666666671 576.46600801760758 2612.5536112046047 2970.0870861186709 0.15364126980085169 215.26295192261028 598.93948057395687 -0.9829629131445341 26644.033333333336 35731.832500000011 29655.500000000004 0.99891211525464996
decision_type=2 2 2 2 2 2 2 2 2 2 2 2 2 2 2
left_child=1 7 4 14 5 -2 -5 9 -9 -1 12 -12 -3 -6 -4
right_child=2 10 3 6 13 -7 -8 8 -10 -11 11 -13 -14 -15 -16
leaf_value=-3.1166122431247834 6.6747689990074912 -19.189294585902413 -34.563756803186934 3.2797192666835318 4.503840998435507 15.231581233684834 15.450385659247742 -4.4088729376448894 -16.1595417507421 -0.19030527644981399 -3.3030562989564634 3.0178678269737205 -1.045250869984097 22.684479106642442 -9.8490925459428258
leaf_weight=13143 1913 110 40 2229 48 714 286 997 347 4209 789 5183 224 321 32
leaf_count=13143 1913 110 40 2229 48 714 286 997 347 4209 789 5183 224 321 32
internal_value=0.00253666 -1.64458 7.3777 3.86627 10.4075 9.00536 4.66933 -2.76994 -7.45247 -2.40684 1.69177 2.18236 -7.06028 20.3381 -23.8649
internal_weight=30585 25002 5583 2587 2996 2627 2515 18696 1344 17352 6306 5972 334 369 72
internal_count=30585 25002 5583 2587 2996 2627 2515 18696 1344 17352 6306 5972 334 369 72
is_linear=0
shrinkage=0.08


Tree=34
num_leaves=16
num_cat=0
split_feature=10 9 6 15 1 9 4 17 11 12 15 11 15 10 6
split_gain=4.95166e+07 1.00326e+07 9.54918e+06 1.03903e+07 6.39171e+06 6.04274e+06 5.40875e+06 5.14363e+06 4.60376e+06 4.5278e+06 4.2449e+06 3.28384e+06 7.75733e+06 3.25333e+06 2.27723e+06
threshold=1627.9255476811095 910.35760903550988 35484.740000000013 -0.70710678118654757 0.077061651740503209 3005.0980100075335 0.92104161307371279 0.81174490092936691 280.17707909155911 30810.500000000004 -0.9159756150367534 338.3537910039542 0.1294095225512602 452.01352900344153 41623.08833333334
decision_type=2 2 2 2 2 2 2 2 2 2 2 2 2 2 2
left_child=1 11 3 9 8 -6 -5 10 -3 -2 -4 13 -13 -1 -9
right_child=2 4 7 6 5 -7 -8 14 -10 -11 -12 12 -14 -15 -16
leaf_value=-3.6791335082516357 -44.191512367942117 2.404494482905299 2.0736648728251459 -2.4987637756199672 -1.5424115266713216 35.127713391534215 6.3860449107782333 15.033175935494274 10.966349824358465 -6.7667249701573304 10.121893564264397 -17.743823100187647 8.3118920957694939 -1.4807623612097762 30.227046464129195
leaf_weight=7978 21 2401 539 521 3491 28 2753 303 482 363 1899 253 102 9370 81
leaf_count=7978 21 2401 539 521 3491 28 2753 303 482 363 1899 253 102 9370 81
internal_value=0.00227884 -1.66672 6.21009 3.51121 1.04716 -1.24074 4.97185 9.70601 3.83923 -8.92286 8.34415 -2.64815 -10.2551 -2.4919 18.3083
internal_weight=30585 24105 6480 3658 6402 3519 3274 2822 2883 384 2438 17703 355 17348 384
internal_count=30585 24105 6480 3658 6402 3519 3274 2822 2883 384 2438 17703 355 17348 384
is_linear=0
shrinkage=0.08


Tree=35
num_leaves=14
num_cat=0
split_feature=10 10 2 15 15 8 6 15 11 15 15 2 23
split_gain=4.23412e+07 1.24631e+07 8.27134e+06 7.87742e+06 7.78611e+06 6.44346e+06 5.64771e+06 5.32742e+06 4.24917e+06 2.91255e+06 2.83751e+06 2.44721e+06 1.0302e+06
threshold=1144.1496351358087 2548.6437464042765 0.54716191107484324 -0.60355339059327384 -0.9159756150367534 1769.3285804849877 34131.285833333335 -0.5 232.95339352564329 0.25881904510252057 -0.9829629131445341 0.48492550601761891 9.8008785000000014
decision_type=2 2 2 2 2 2 2 2 2 2 2 2 2
left_child=5 2 3 -2 -4 6 7 -1 -8 -7 12 -12 -3
right_child=1 10 4 -5 -6 9 8 -9 -10 -11 11 -13 -14
leaf_value=-6.3348939578117625 -17.026058534956249 8.5811663731661714 -1.7202850391298448 0.4638105083425641 5.9200478410730044 -0.17721858433314733 -1.0115779506930087 -2.3543688482138934 6.2261929763493686 37.530658609490651 0.57269888309010297 12.865066847838873 -12.838159922645204
leaf_weight=2763 176 21 1022 2393 5169 20 7278 9729 558 37 113 1265 41
leaf_count=2763 176 21 1022 2393 5169 20 7278 9729 558 37 113 1265 41
internal_value=0.00220835 4.20994 3.0754 -0.740564 4.65872 -2.10331 -2.17918 -3.23522 -0.495449 24.5249 11.1048 11.8582 -5.56218
internal_weight=30585 10200 8760 2569 6191 20385 20328 12492 7836 57 1440 1378 62
internal_count=30585 10200 8760 2569 6191 20385 20328 12492 7836 57 1440 1378 62
is_linear=0
shrinkage=0.08


Tree=36
num_leaves=15
num_cat=0
split_feature=10 1 10 7 2 11 2 9 8 1 15 15 24 13
split_gain=3.69344e+07 9.78823e+06 9.71991e+06 6.6976e+06 6.62389e+06 7.09357e+06 6.15989e+06 5.71609e+06 5.46815e+06 4.41643e+06 4.10883e+06 3.53684e+06 1.83139e+06 753811
threshold=1827.0680963295231 0.11658082995994952 995.42088291273444 709.52667636726585 0.51304156392641753 576.46600801760758 0.58405734446265456 3050.8705243132035 1799.3481316101695 0.15364126980085169 -0.9159756150367534 -0.9159756150367534 9.2054975000000017 33521.840000000004
decision_type=2 2 2 2 2 2 2 2 2 2 2 2 2 2
left_child=2 3 8 6 5 -3 -2 10 9 -1 -4 -6 -5 -9
right_child=1 4 7 12 11 -7 -8 13 -10 -11 -12 -13 -14 -15
leaf_value=-1.9221907843736066 3.5857018512526238 4.8494059236314566 -3.8949938576978687 3.7485923703511554 -12.37892440532816 -24.28326115428953 10.463658058417449 40.122595505487354 29.84590883142808 -6.7783661309170871 1.712717850562824 4.6379304676129935 20.737085388972439 18.828682942708333
leaf_weight=16782 1563 89 955 47 86 132 1788 20 33 1290 6676 772 323 29
leaf_count=16782 1563 89 955 47 86 132 1788 20 33 1290 6676 772 323 29
internal_value=0.00211198 6.44474 -1.19742 8.38965 -0.263957 -12.5821 7.25761 1.1873 -2.209 -2.26919 1.01051 2.91985 18.595 28.1487
internal_weight=30585 4800 25785 3721 1079 221 3351 7680 18105 18072 7631 858 370 49
internal_count=30585 4800 25785 3721 1079 221 3351 7680 18105 18072 7631 858 370 49
is_linear=0
shrinkage=0.08


Tree=37
num_leaves=16
num_cat=0
split_feature=9 10 7 1 4 10 1 9 11 5 10 12 10 4 17
split_gain=3.14459e+07 7.53109e+06 6.97934e+06 7.44995e+06 5.68458e+06 4.79416e+06 3.70401e+06 3.77856e+06 3.61452e+06 3.58471e+06 3.57507e+06 3.11098e+06 3.0173e+06 2.49098e+06 2.33041e+06
threshold=1699.6209308463654 1046.6642317271019 739.3636290339058 0.15926292198568234 0.72597540682601724 2739.3066488678764 0.080540969049177027 840.082233126701 815.9462725892173 -162.54999999999995 2374.987419907327 34330.500000000007 1292.0954870900734 0.53013352905635491 0.81174490092936691
decision_type=2 2 2 2 2 2 2 2 2 2 2 2 2 2 2
left_child=1 6 3 5 11 -2 7 -1 -5 14 -11 -4 -6 -8 -3
right_child=2 9 4 8 12 -7 13 -9 -10 10 -12 -13 -14 -15 -16
leaf_value=-1.5767360620852424 4.7954330110467351 -5.4267013059921378 -31.0368605863131 -1.0201072796964381 39.319045544215612 13.702331182325915 -7.9493239436372676 3.2268904306942305 -17.722353342795859 1.532121569812827 12.036395029845062 8.623577111816406 14.794187098652188 -2.8958535631829698 5.3772018070836225
leaf_weight=9633 3969 730 25 540 34 428 683 1175 97 5207 215 24 466 7205 154
leaf_count=9633 3969 730 25 540 34 428 683 1175 97 5207 215 24 466 7205 154
internal_value=0.00217652 -1.21004 5.43001 4.49404 13.9885 5.66534 -2.01638 -1.05426 -3.58725 1.18055 1.95079 -11.8274 16.537 -3.33437 -3.54062
internal_weight=30585 25002 5583 5034 549 4397 18696 10808 637 6306 5422 49 500 7888 884
internal_count=30585 25002 5583 5034 549 4397 18696 10808 637 6306 5422 49 500 7888 884
is_linear=0
shrinkage=0.08


Tree=38
num_leaves=16
num_cat=0
split_feature=10 6 11 0 26 17 1 11 4 4 7 1 11 23 13
split_gain=2.68697e+07 6.65943e+06 1.02309e+07 6.64708e+06 5.90035e+06 5.23893e+06 4.74965e+06 4.47299e+06 4.34316e+06 4.27807e+06 3.81043e+06 3.40169e+06 2.4763e+06 2.24377e+06 2.07937e+06
threshold=1706.1374638911916 28202.850833333338 777.22274205627548 0.41577432758218852 8.6649000000000012 0.81174490092936691 0.18946953262365177 614.20424327994806 0.48920102747341815 0.95345179898211219 739.3636290339058 0.24704976018373964 478.87360381594812 7.3371658000000011 34325.075000000004
decision_type=2 2 2 2 2 2 2 2 2 2 2 2 2 2 2
left_child=1 8 4 5 -3 9 10 -8 14 -2 -5 -10 -7 -4 -1
right_child=3 2 13 6 -6 12 7 -9 11 -11 -12 -13 -14 -15 -16
leaf_value=-7.7333712854660961 -3.3567281642340232 -1.6930713334458229 51.602887573242185 1.9187510967640002 1.2356407717738978 9.6752469754330992 1.5571751230889623 -24.095241756439208 -2.3128828018631986 7.153847644018458 13.167846832786289 -18.829913416732978 22.151294698288194 19.903864465830278 -25.450159996880426
leaf_weight=811 275 10737 21 2350 7461 212 90 83 5503 2461 209 80 200 48 44
leaf_count=811 275 10737 21 2350 7461 212 90 83 5503 2461 209 80 200 48 44
internal_value=0.00209598 -1.15476 -0.374934 4.86201 -0.492326 7.36728 1.97363 -10.8178 -3.367 6.09657 2.84228 -2.55289 15.7706 30.1508 -8.67378
internal_weight=30585 24705 18267 5880 18198 3148 2732 173 6438 2736 2559 5583 412 69 855
internal_count=30585 24705 18267 5880 18198 3148 2732 173 6438 2736 2559 5583 412 69 855
is_linear=0
shrinkage=0.08


Tree=39
num_leaves=16
num_cat=0
split_feature=10 1 14 11 15 17 11 11 13 7 0 15 1 23 11
split_gain=2.30612e+07 7.44778e+06 6.52239e+06 1.00924e+07 6.12334e+06 5.64273e+06 9.28885e+06 7.38282e+06 5.21516e+06 4.66178e+06 4.51249e+06 2.89476e+06 2.06424e+06 1.58477e+06 976585
threshold=1827.0680963295231 0.11658082995994952 -0.70710678118654735 195.64115012352724 -0.12940952255126034 0.81174490092936691 412.5423184596591 351.01163321540656 30157.975000000002 709.52667636726585 0.40675408621581371 -0.9829629131445341 0.1522633365147972 8.7945025000000019 63.636663975672334
decision_type=2 2 2 2 2 2 2 2 2 2 2 2 2 2 2
left_child=2 9 3 14 -5 7 -7 -4 12 10 -2 -10 -3 -11 -1
right_child=1 8 5 4 -6 6 -8 -9 11 13 -12 -13 -14 -15 -16
leaf_value=-1.7539032840864397 8.8320169497462722 -3.7745107504900761 -1.8199972831618692 -0.28707662133765088 10.120557029236407 -0.057366524298496091 14.147960794952896 -8.8803657407689798 -23.827963376726427 17.294930156528213 2.9579996237773689 2.2934568119472929 -22.523508147014969 1.540794275601705 0.52385663086347178
leaf_weight=2350 1646 67 15434 540 1095 2555 332 1009 27 323 1705 899 86 47 2470
leaf_count=2350 1646 67 15434 540 1095 2555 332 1009 27 323 1705 899 86 47 2470
internal_value=0.00204573 5.09288 -0.945798 1.25586 6.6851 -1.68104 1.58055 -2.25376 -0.758596 6.78941 5.84507 1.50693 -14.391 15.3033 -0.586803
internal_weight=30585 4800 25785 6455 1635 19330 2887 16443 1079 3721 3351 926 153 370 4820
internal_count=30585 4800 25785 6455 1635 19330 2887 16443 1079 3721 3351 926 153 370 4820
is_linear=0
shrinkage=0.08


Tree=40
num_leaves=15
num_cat=0
split_feature=9 4 15 6 7 8 15 4 6 11 11 6 1 9
split_gain=1.96932e+07 5.64151e+06 5.42794e+06 5.22614e+06 5.38812e+06 5.21738e+06 3.79056e+06 3.25519e+06 3.15383e+06 3.62365e+06 2.58036e+06 2.05266e+06 1.68792e+06 490977
threshold=1699.6209308463654 0.96555934699739054 -0.9829629131445341 22662.251666666671 739.3636290339058 968.67081498696814 -0.12940952255126034 1.0992531453801524 28059.969166666669 668.06494927022538 295.04571564515408 38138.140000000007 0.13522422607677229 2148.5964702371089
decision_type=2 2 2 2 2 2 2 2 2 2 2 2 2 2
left_child=1 8 12 7 -5 11 -7 -4 10 -10 -1 -3 13 -2
right_child=2 5 3 4 -6 6 -8 -9 9 -11 -12 -13 -14 -15
leaf_value=-4.1655307033635331 -2.6450441023360849 -1.5478320103764907 -24.163935975877067 4.2063497070942564 12.847713990244147 -0.43043960067070375 3.7623993290315587 12.404406810942151 -1.8941370051054889 29.27603670756022 -11.411333407004049 1.2958141123231257 -27.726048754988046 -12.877042402713858
leaf_weight=1821 85 10814 62 4832 510 2572 2976 20 4505 23 380 1911 28 46
leaf_count=1821 85 10814 62 4832 510 2572 2976 20 4505 23 380 1911 28 46
internal_value=0.00186844 -0.957435 4.29726 4.72491 5.03359 -0.228142 1.81891 -15.2028 -2.93754 -1.72938 -5.42112 -1.12071 -10.2297 -6.30829
internal_weight=30585 25002 5583 5424 5342 18273 5548 82 6729 4528 2201 12725 159 131
internal_count=30585 25002 5583 5424 5342 18273 5548 82 6729 4528 2201 12725 159 131
is_linear=0
shrinkage=0.08


Tree=41
num_leaves=16
num_cat=0
split_feature=10 1 14 7 22 9 5 2 17 14 15 15 18 12 10
split_gain=1.70181e+07 6.27776e+06 5.18026e+06 4.92402e+06 4.91325e+06 5.91202e+06 4.86327e+06 4.63475e+06 4.2903e+06 3.36572e+06 2.65181e+06 2.30494e+06 2.23161e+06 1.9729e+06 1.96906e+06
threshold=1827.0680963295231 0.11658082995994952 -0.70710678118654735 269.90103326703468 2.5000000000000004 2803.4179486041867 -188.14999999999998 0.51304156392641753 0.81174490092936691 -0.70710678118654735 -0.9159756150367534 0.1294095225512602 1.0000000180025095e-35 44332.500000000007 489.05967234857729
decision_type=2 2 2 2 2 2 2 2 2 2 2 2 2 2 2
left_child=2 8 3 14 5 -4 -6 12 9 -2 -9 -5 -3 -10 -1
right_child=1 7 4 11 6 -7 -8 10 13 -11 -12 -13 -14 -15 -16
leaf_value=-1.2117363747926875 9.4074514411954926 -15.347692595659677 -0.13037785387535053 2.6486121725521303 -8.6754777457658871 35.447530278523764 -2.1134582615946589 -11.577797448169227 10.889189683781664 3.4260618909139313 3.1553907584496335 10.882859074601399 4.518317058190056 25.627533825860507 1.7923934229455463
leaf_weight=2818 798 176 8302 439 777 29 10222 86 402 2453 772 432 45 68 2766
leaf_count=2818 798 176 8302 439 777 29 10222 86 402 2453 772 432 45 68 2766
internal_value=0.00165863 4.3749 -0.812579 1.14953 -1.46782 -0.00229254 -2.57776 -0.997084 5.9325 4.89671 1.66688 6.74044 -11.3004 13.0714 0.276395
internal_weight=30585 4800 25785 6455 19330 8331 10999 1079 3721 3251 858 871 221 470 5584
internal_count=30585 4800 25785 6455 19330 8331 10999 1079 3721 3251 858 871 221 470 5584
is_linear=0
shrinkage=0.08


Tree=42
num_leaves=14
num_cat=0
split_feature=10 15 10 17 8 23 0 15 11 26 11 15 26
split_gain=1.5119e+07 7.01679e+06 6.80581e+06 5.65971e+06 3.38687e+06 3.28462e+06 2.67772e+06 2.59338e+06 2.12157e+06 1.83669e+06 1.37093e+06 863880 364109
threshold=1097.1830890323909 -0.9829629131445341 2631.610696155893 0.81174490092936691 1769.3285804849877 6.0916937000000013 0.30943850211679297 -0.5 709.18839906504832 18.216350000000002 76.837211705116545 0.60355339059327384 18.655700000000003
decision_type=2 2 2 2 2 2 2 2 2 2 2 2 2
left_child=4 5 3 -3 6 12 10 -8 -7 -4 -1 -6 -2
right_child=1 2 9 -5 11 8 7 -9 -10 -11 -12 -13 -14
leaf_value=-1.4553820352250602 4.8112755214531449 1.4174761225673993 19.003199709824152 7.1672594912299452 10.039312996699893 -9.8901496762169732 -3.2386195422705448 -1.0858667989163731 -32.10819520519626 8.0340759424211949 2.6991828524587227 32.064302251906618 -3.0347831001281738
leaf_weight=784 102 8276 111 1262 28 269 5045 12346 30 811 1442 20 59
leaf_count=784 102 8276 111 1262 28 269 5045 12346 30 811 1442 20 59
internal_value=0.00170573 2.38847 2.81395 2.17892 -1.32372 -7.27163 -1.37613 -1.71051 -12.219 9.37381 1.23594 19.6835 1.93503
internal_weight=30585 10920 10460 9538 19665 460 19617 17391 299 922 2226 48 161
internal_count=30585 10920 10460 9538 19665 460 19617 17391 299 922 2226 48 161
is_linear=0
shrinkage=0.08


Tree=43
num_leaves=16
num_cat=0
split_feature=10 15 10 0 6 1 9 8 11 9 11 1 12 0 23
split_gain=1.28038e+07 6.11736e+06 5.71916e+06 4.89934e+06 3.48963e+06 3.37563e+06 3.62743e+06 3.09652e+06 2.63161e+06 2.30585e+06 2.0867e+06 1.7994e+06 1.68527e+06 1.15393e+06 824994
threshold=1104.6751303923145 -0.9829629131445341 2631.610696155893 0.44072558017973784 35731.832500000011 0.084721040309403542 910.35760903550988 1743.9111632769943 390.10552129938475 133.87200642658311 472.37178621456525 0.16073202496419656 45392.500000000007 0.29908293150777077 8.1404215000000004
decision_type=2 2 2 2 2 2 2 2 2 2 2 2 2 2 2
left_child=5 4 3 -3 10 6 13 9 -8 -7 -2 -9 -4 -1 -6
right_child=1 2 12 -5 14 7 8 11 -10 -11 -12 -13 -14 -15 -16
leaf_value=1.9721014596348267 -8.4614778137207036 3.3516672823827443 8.0570733437452056 -0.48450041278056838 1.4435950645533475 -12.536303835434166 2.705239370833052 34.942479974655882 16.643290844572352 -2.4202697347586257 -28.403271618504679 4.8097454474954047 29.610947647094726 -1.0740073253334561 -6.7408728362130113
leaf_weight=866 76 6170 899 3254 175 146 1127 20 93 7782 61 33 23 9718 142
leaf_count=866 76 6170 899 3254 175 146 1127 20 93 7782 61 33 23 9718 142
internal_value=0.00165931 2.21699 2.61604 2.02717 -6.86244 -1.20767 -0.348368 -2.47839 3.78049 -2.60812 -17.4821 16.6171 8.62625 -0.824607 -2.2323
internal_weight=30585 10800 10346 9424 454 19785 11804 7981 1220 7928 137 53 922 10584 317
internal_count=30585 10800 10346 9424 454 19785 11804 7981 1220 7928 137 53 922 10584 317
is_linear=0
shrinkage=0.08


Tree=44
num_leaves=15
num_cat=0
split_feature=10 9 4 17 5 7 1 17 1 15 3 11 5 4
split_gain=1.14162e+07 6.28999e+06 4.35192e+06 3.6238e+06 6.2178e+06 4.12794e+06 3.89687e+06 3.08893e+06 2.79946e+06 1.76318e+06 1.42341e+06 1.02415e+06 872015 742873
threshold=1998.6334189596382 3050.8705243132035 0.96555934699739054 0.81174490092936691 -223.97999999999999 739.3636290339058 0.095081008302552575 0.81174490092936691 0.24704976018373964 -0.12940952255126034 2.2824269971427964 560.65504025192899 -883.02499999999998 1.1164744759190202
decision_type=2 2 2 2 2 2 2 2 2 2 2 2 2 2
left_child=1 2 7 4 6 -6 -2 -1 -4 12 13 -11 -5 -3
right_child=3 10 8 9 5 -7 -8 -9 -10 11 -12 -13 -14 -15
leaf_value=-3.1595789618215786 0.14814866204355279 43.07998686290923 0.032182731262647958 6.5364354125658668 3.4481462023277767 13.091737571302449 -15.821381627928536 1.0971929979860473 -13.662679229577382 1.2784859123826027 8.7052354972593236 12.207061958706257 19.109568809367115 20.672307327270509
leaf_weight=5730 254 20 19499 47 2681 317 158 1347 95 127 30 96 160 24
leaf_count=5730 254 20 19499 47 2681 317 158 1347 95 127 30 96 160 24
internal_value=0.00164011 -0.584059 -0.649092 4.08003 3.2053 4.47186 -5.99957 -2.34933 -0.0349096 10.9933 22.5513 6.01666 16.2999 31.5886
internal_weight=30585 26745 26671 3840 3410 2998 412 7077 19594 430 74 223 207 44
internal_count=30585 26745 26671 3840 3410 2998 412 7077 19594 430 74 223 207 44
is_linear=0
shrinkage=0.08


Tree=45
num_leaves=16
num_cat=0
split_feature=7 6 17 15 6 15 11 11 24 8 15 11 26 11 11
split_gain=1.01345e+07 8.95105e+06 7.10413e+06 7.60239e+06 5.98874e+06 4.79577e+06 9.37991e+06 3.44782e+06 3.25357e+06 3.22452e+06 3.14269e+06 2.92308e+06 2.02562e+06 1.51712e+06 374915
threshold=380.05603431913977 22662.251666666671 0.81174490092936691 -0.70710678118654757 38138.140000000007 -0.5 441.98575352340697 126.08279085872134 9.741496500000002 1317.5944467224513 1.0000000180025095e-35 478.87360381594812 18.620500000000003 412.5423184596591 69.163290355828067
decision_type=2 2 2 2 2 2 2 2 2 2 2 2 2 2 2
left_child=4 8 3 -3 5 6 -1 14 10 -7 -2 -4 -10 -9 -6
right_child=1 2 11 -5 7 9 -8 13 12 -11 -12 -13 -14 -15 -16
leaf_value=-2.6574708903899515 -14.669658005658318 -3.5885018861053095 5.2308922531645763 4.7473325542053049 -1.0125282310898036 -1.0199299146759722 -23.927126496819888 3.8324716255733438 -28.91403776380751 1.8434030009347744 22.279949731826783 14.891206384114142 -6.5182548599243164 15.337468732030768 1.2868875986543196
leaf_weight=5499 33 940 348 2737 1419 12754 135 2223 80 3135 25 477 39 75 666
leaf_count=5499 33 940 348 2737 1419 12754 135 2223 80 3135 25 477 39 75 666
internal_value=0.001762 3.42794 4.12281 2.61594 -0.617163 -1.16607 -3.17128 2.07793 -14.17 -0.454896 1.36458 10.8276 -21.6897 4.21447 -0.277774
internal_weight=30585 4679 4502 3677 25906 21523 5634 4383 177 15889 58 825 119 2298 2085
internal_count=30585 4679 4502 3677 25906 21523 5634 4383 177 15889 58 825 119 2298 2085
is_linear=0
shrinkage=0.08


Tree=46
num_leaves=16
num_cat=0
split_feature=7 6 15 15 6 1 15 11 16 6 26 11 26 11 11
split_gain=8.57745e+06 8.48432e+06 9.54758e+06 5.3093e+06 5.09996e+06 4.90189e+06 4.23858e+06 8.63782e+06 4.07344e+06 3.65649e+06 3.37083e+06 2.92408e+06 1.61073e+06 1.59534e+06 348100
threshold=380.05603431913977 28202.850833333338 -0.5 -0.9159756150367534 37857.010833333341 0.17475777883368729 -0.12940952255126034 441.98575352340697 1.0000000180025095e-35 36277.476666666676 13.367850000000002 126.08279085872134 18.786450000000006 472.37178621456525 69.163290355828067
decision_type=2 2 2 2 2 2 2 2 2 2 2 2 2 2 2
left_child=4 2 13 9 6 -4 7 -1 -5 -3 -8 14 -13 -2 -6
right_child=1 3 5 8 11 -7 10 -9 -10 -11 -12 12 -14 -15 -16
leaf_value=-2.1107138071540965 -10.0108818359375 -10.10449109829894 3.7185537803279654 9.4774007211176201 -0.931937861259167 -8.0377495091383881 -1.137250520824622 -18.861895485892155 3.5128996440924669 3.1545598111515161 1.5828176580131939 4.5179641488032614 -1.2567229256445531 -28.076053556743425 1.1942575503129225
leaf_weight=8015 49 217 712 1468 1585 332 8442 201 1466 341 4453 2135 361 94 714
leaf_count=8015 49 217 712 1468 1585 332 8442 201 1466 341 4453 2135 361 94 714
internal_value=0.0015874 3.15359 -2.68772 5.13937 -0.56781 -0.0241548 -1.10276 -2.52277 6.4994 -2.01059 -0.197886 1.78717 3.68259 -21.9984 -0.271374
internal_weight=30585 4679 1187 3492 25906 1044 21111 8216 2934 558 12895 4795 2496 143 2299
internal_count=30585 4679 1187 3492 25906 1044 21111 8216 2934 558 12895 4795 2496 143 2299
is_linear=0
shrinkage=0.08


Tree=47
num_leaves=16
num_cat=0
split_feature=7 6 15 15 6 1 15 11 11 6 11 5 18 15 11
split_gain=7.25754e+06 7.1871e+06 8.13779e+06 4.49534e+06 4.33255e+06 4.33236e+06 4.09e+06 9.00599e+06 3.74834e+06 3.09711e+06 2.90571e+06 2.87225e+06 2.17216e+06 2.10179e+06 204141
threshold=380.05603431913977 28202.850833333338 -0.60355339059327384 -0.9159756150367534 36536.446666666678 0.17475777883368729 -0.5 269.89323609900458 687.63510778768716 36277.476666666676 115.81790009076933 417.00500000000005 -0.5 -0.9829629131445341 58.006107095449259
decision_type=2 2 2 2 2 2 2 2 2 2 2 2 2 2 2
left_child=4 2 12 9 6 -4 7 -1 -5 -3 14 -8 -2 -12 -6
right_child=1 3 5 8 10 -7 11 -9 -10 -11 13 -13 -14 -15 -16
leaf_value=-1.8520970937993317 -38.175510550834041 -9.2998398688080108 3.3122073136406263 4.7831456513456105 -1.0013874560259917 -7.6075171887144748 -0.7259735236965098 -12.434248054503595 12.827620451734703 2.9029329973633526 -3.9542195711780699 5.2038573934694901 -14.724762814553936 3.2420832753136222 0.38340609999698239
leaf_weight=3778 36 217 721 2499 2231 342 14042 595 435 341 280 542 88 3458 980
leaf_count=3778 36 217 721 2499 2231 342 14042 595 435 341 280 542 88 3458 980
internal_value=0.00132082 2.90068 -2.47556 4.72836 -0.522437 -0.204854 -1.1488 -3.29444 5.9798 -1.85074 1.18622 -0.505256 -21.784 2.70212 -0.578759
internal_weight=30585 4679 1187 3492 25906 1063 18957 4373 2934 558 6949 14584 124 3738 3211
internal_count=30585 4679 1187 3492 25906 1063 18957 4373 2934 558 6949 14584 124 3738 3211
is_linear=0
shrinkage=0.08


Tree=48
num_leaves=15
num_cat=0
split_feature=10 6 11 9 5 17 2 9 11 5 11 5 23 6
split_gain=6.30795e+06 5.02275e+06 4.94909e+06 4.65502e+06 4.52523e+06 2.77445e+06 1.48897e+06 2.02886e+06 2.02246e+06 1.57466e+06 1.21729e+06 1.10227e+06 817792 655292
threshold=2548.6437464042765 34900.12750000001 247.26169252403 3199.5985812441477 -438.74499999999995 0.81174490092936691 0.48492550601761891 1679.8958772287044 520.41605753204374 -480.05500000000001 76.837211705116545 299.99999999999972 4.3346386500000014 29706.657500000005
decision_type=2 2 2 2 2 2 2 2 2 2 2 2 2 2
left_child=1 3 10 4 -1 -4 8 13 12 -9 -3 -5 -2 -8
right_child=6 2 5 11 -6 -7 7 9 -10 -11 -12 -13 -14 -15
leaf_value=-6.6681214881979907 -4.4422272621010839 -0.84305501339278832 2.7775099736192272 27.188213378906248 -0.84257171876291237 9.0922490698703378 26.461542023794991 -3.0383587343552536 -23.730037499999998 6.0937537065024845 1.1160556898118472 5.0663097414763074 10.941693211605676 11.65640697479248
leaf_weight=896 52 3893 1903 44 17567 581 34 135 24 1109 4239 22 37 49
leaf_count=896 52 3893 1903 44 17567 581 34 135 24 1109 4239 22 37 49
internal_value=0.00106575 -0.254386 1.13302 -1.0493 -1.12563 4.25757 5.16788 5.91854 -3.62197 5.10108 0.17819 19.9999 2.00385 17.964
internal_weight=30585 29145 10616 18529 18463 2484 1440 1327 113 1244 8132 66 89 83
internal_count=30585 29145 10616 18529 18463 2484 1440 1327 113 1244 8132 66 89 83
is_linear=0
shrinkage=0.08


Tree=49
num_leaves=16
num_cat=0
split_feature=1 7 4 7 26 6 15 12 1 17 7 0 3 7 6
split_gain=5.78982e+06 8.1816e+06 4.10754e+06 3.6123e+06 3.1117e+06 2.96568e+06 3.4639e+06 2.5737e+06 2.38795e+06 2.4108e+06 1.41482e+06 1.42439e+06 1.14862e+06 1.07415e+06 657612
threshold=0.07815191598035949 263.36971185160297 0.95345179898211219 614.42196075951949 18.579800000000002 42502.757500000007 -0.78656609248549325 43787.500000000007 0.22920403930075578 0.81174490092936691 124.58725464009248 0.44912654535751489 2.2013852343508646 531.8410496750497 20008.381666666672
decision_type=2 2 2 2 2 2 2 2 2 2 2 2 2 2 2
left_child=1 10 8 7 -5 6 -3 -4 9 -2 14 -12 -7 -10 -1
right_child=2 5 3 4 -6 12 -8 -9 13 -11 11 -13 -14 -15 -16
leaf_value=-10.087990630813268 -4.1367730612276699 -1.0332311257248612 -1.181322571889774 12.097026999517418 1.082588687501512 18.666653751437948 5.0514173395606097 3.3304725070600427 -6.2287087017556892 1.2770809987271732 2.4013136692043924 -0.60873809137701917 7.1428932500541764 -29.54267038822174 -0.49619924696436229
leaf_weight=45 3066 764 8813 260 443 117 2763 890 22 635 2611 1636 108 31 8381
leaf_count=45 3066 764 8813 260 443 117 2763 890 22 635 2611 1636 108 31 8381
internal_value=0.0011396 1.0231 -1.18428 -0.365786 5.1676 4.30401 3.73347 -0.767181 -3.45243 -3.2078 0.0514863 1.24193 13.1913 -20.1597 -0.548616
internal_weight=30585 16425 14160 10406 703 3752 3527 9703 3754 3701 12673 4247 225 53 8426
internal_count=30585 16425 14160 10406 703 3752 3527 9703 3754 3701 12673 4247 225 53 8426
is_linear=0
shrinkage=0.08


Tree=50
num_leaves=13
num_cat=0
split_feature=10 14 11 17 11 5 15 12 15 0 11 3
split_gain=4.95677e+06 4.67037e+06 6.78334e+06 5.26185e+06 8.71551e+06 5.59772e+06 3.03225e+06 2.24875e+06 919797 769360 641742 621039
threshold=2665.9354191262587 -0.70710678118654735 255.08112789510906 0.81174490092936691 412.5423184596591 -188.14999999999998 -0.37940952255126009 45392.500000000007 0.96592582628906831 0.45924321943375285 188.81319420672938 1.780764062319619
decision_type=2 2 2 2 2 2 2 2 2 2 2 2
left_child=1 2 10 5 -5 -3 -4 8 11 -10 -1 -2
right_child=7 3 6 4 -6 -7 -8 -9 9 -11 -12 -13
leaf_value=-0.20982113651538487 9.9971257289110032 -5.8549507721163003 -1.443268553161509 0.2926537915908437 11.105735147247898 -0.84772288298709697 7.1115573548095066 30.752742117176886 23.045105837041685 6.1220308215801538 2.2159715472277304 3.545270112163418
leaf_weight=4722 112 1555 318 2667 580 17499 1586 22 32 38 818 636
leaf_count=4722 112 1555 318 2667 580 17499 1586 22 32 38 818 636
internal_value=0.0010425 -0.170197 1.56475 -0.74936 2.22698 -1.25665 5.68275 6.05776 5.35685 14.0739 0.148691 4.52338
internal_weight=30585 29745 7444 22301 3247 19054 1904 840 818 70 5540 748
internal_count=30585 29745 7444 22301 3247 19054 1904 840 818 70 5540 748
is_linear=0
shrinkage=0.08


Tree=51
num_leaves=16
num_cat=0
split_feature=1 11 4 7 10 15 0 4 12 1 17 9 7 11 26
split_gain=4.91628e+06 7.13767e+06 3.17614e+06 3.07459e+06 2.91523e+06 2.73604e+06 7.98335e+06 2.66398e+06 2.11006e+06 1.9944e+06 1.78689e+06 1.10728e+06 941362 826060 555650
threshold=0.07815191598035949 273.88431499429504 0.95345179898211219 867.10914946797095 1292.0954870900734 -0.70710678118654757 0.41395719680044479 1.1279215475013482 43787.500000000007 0.22920403930075578 0.81174490092936691 474.25041163515169 531.8410496750497 244.47097625518157 18.857700000000005
decision_type=2 2 2 2 2 2 2 2 2 2 2 2 2 2 2
left_child=1 11 9 8 -5 6 -3 -7 -4 10 -2 13 -11 -1 -13
right_child=2 5 3 4 -6 7 -8 -9 -10 12 -12 14 -14 -15 -16
leaf_value=-0.73331718636829168 -3.661874474223993 4.3858914029783538 -0.9469953446908157 26.013503604811067 4.0849760685970908 4.4267539176262689 -13.108703055681197 11.521425883775862 3.0527672239108283 -5.3407739324155061 0.99919139965337778 1.0055886555184543 -27.133721427917482 -16.267972765402359 -0.84448931628379276
leaf_weight=5349 3066 771 9241 48 189 2066 212 405 928 22 635 6360 31 21 1241
leaf_count=5349 3066 771 9241 48 189 2066 212 405 928 22 635 6360 31 21 1241
internal_value=0.00118361 0.942902 -1.09116 -0.371414 8.61684 4.17411 0.603409 5.59377 -0.581722 -3.08565 -2.8621 0.0822195 -18.354 -0.797085 0.703459
internal_weight=30585 16425 14160 10406 237 3454 983 2471 10169 3754 3701 12971 53 5370 7601
internal_count=30585 16425 14160 10406 237 3454 983 2471 10169 3754 3701 12971 53 5370 7601
is_linear=0
shrinkage=0.08


Tree=52
num_leaves=15
num_cat=0
split_feature=1 9 6 23 10 15 23 7 7 15 7 5 7 10
split_gain=4.16101e+06 5.82099e+06 3.13844e+06 3.16217e+06 3.22298e+06 2.94453e+06 3.55553e+06 2.85069e+06 2.78502e+06 2.58607e+06 1.40453e+06 1.37427e+06 1.30029e+06 1.09901e+06
threshold=0.07815191598035949 910.35760903550988 22031.844166666669 8.2585035000000016 699.69787615921916 -0.9159756150367534 6.4526388000000017 380.05603431913977 509.56792670586901 -0.12940952255126034 614.42196075951949 -499.99999999999983 926.39038297204081 754.09905588354775
decision_type=2 2 2 2 2 2 2 2 2 2 2 2 2 2
left_child=1 10 3 4 -2 6 -4 13 -7 -5 11 -1 -9 -3
right_child=2 7 5 9 -6 8 -8 12 -10 -11 -12 -13 -14 -15
leaf_value=-11.835323258399963 -5.7440061269767977 11.392572302752979 1.4935071629834955 -5.8820217475426197 -21.476998542249202 -0.72765613886676384 -6.5283997519220058 5.1103820035801242 3.3814533513654501 12.682179359044785 -18.181511167798725 -0.16605609962604009 20.924203825137194 1.488008947140512
leaf_weight=64 242 72 520 124 127 10799 1102 1871 1169 77 27 10247 33 4111
leaf_count=64 242 72 520 124 127 10799 1102 1871 1169 77 27 10247 33 4111
internal_value=0.0010561 0.867423 -1.00388 -6.81417 -11.2023 -0.759701 -3.95731 2.8299 -0.326041 1.25721 -0.288241 -0.239628 5.39531 1.66117
internal_weight=30585 16425 14160 570 369 13590 1622 6087 11968 201 10338 10311 1904 4183
internal_count=30585 16425 14160 570 369 13590 1622 6087 11968 201 10338 10311 1904 4183
is_linear=0
shrinkage=0.08


Tree=53
num_leaves=16
num_cat=0
split_feature=14 11 12 15 17 7 15 12 16 11 7 9 9 11 16
split_gain=3.82298e+06 5.96251e+06 4.52582e+06 4.58004e+06 3.59665e+06 3.59423e+06 2.69677e+06 3.10427e+06 2.81209e+06 1.56591e+06 1.29329e+06 699620 595322 812708 257881
threshold=-0.70710678118654735 255.08112789510906 43787.500000000007 0.96592582628906831 0.81174490092936691 380.05603431913977 -0.37940952255126009 30052.000000000004 -0.60785761079279388 435.62761669301636 404.66582167028594 2762.2196417614418 1950.5840221573269 190.30317605116554 -0.60785761079279388
decision_type=2 2 2 2 2 2 2 2 2 2 2 2 2 2 2
left_child=1 12 3 4 -2 -5 8 -8 -3 11 -11 -4 13 -1 -14
right_child=2 6 9 5 -6 -7 7 -9 -10 10 -12 -13 14 -15 -16
leaf_value=-0.048193256494736415 -1.6732312889489385 -11.289076882883654 3.5715027218465965 1.1121048129110658 1.5046480774374873 9.4933650725215202 25.924770231059952 5.8730664217437063 3.8263714254656924 28.992610668945314 8.2475332413138922 -3.9449570851045497 3.2208776410420734 2.9530368577745549 -5.7914283280902445
leaf_weight=4717 16339 117 1209 2162 2648 385 50 1701 236 24 90 84 23 657 143
leaf_count=4717 16339 117 1209 2162 2648 385 50 1701 236 24 90 84 23 657 143
internal_value=0.000934807 1.55028 -0.515357 -0.802641 -1.22998 2.38223 5.17476 6.46012 -1.2013 3.87893 12.8291 3.08052 0.173084 0.319204 -4.53093
internal_weight=30585 7644 22941 21534 18987 2547 2104 1751 353 1407 114 1293 5540 5374 166
internal_count=30585 7644 22941 21534 18987 2547 2104 1751 353 1407 114 1293 5540 5374 166
is_linear=0
shrinkage=0.08


Tree=54
num_leaves=15
num_cat=0
split_feature=1 11 9 5 0 10 1 11 23 8 7 26 1 6
split_gain=3.63774e+06 4.94348e+06 2.94205e+06 2.80078e+06 2.68038e+06 2.48871e+06 1.97381e+06 1.94218e+06 1.73592e+06 1.23012e+06 741910 833709 657830 390492
threshold=0.068051304740325322 255.08112789510906 3151.2881327577629 -438.74499999999995 0.44180263208968468 390.59366716169399 0.12907691640303154 777.22274205627548 7.1626761500000002 2312.5587359574915 120.80440329893672 18.786450000000006 0.15497246883075538 20008.381666666672
decision_type=2 2 2 2 2 2 2 2 2 2 2 2 2 2
left_child=1 10 3 6 7 -5 -2 -3 -6 -4 13 -12 -11 -1
right_child=2 4 9 5 8 -7 -8 -9 -10 12 11 -13 -14 -15
leaf_value=-9.0373181776566938 -1.6514760867006053 5.3011076506063093 26.82128022627397 -4.1378770777761904 3.2629780188640711 -0.36571325714140407 -8.9404239082806995 28.231814037958781 -2.5007129720574253 9.5487681778110272 1.7762226434499246 -0.90761508312101824 -1.6518835250191066 -0.31482963400243313
leaf_weight=32 498 1887 21 1216 843 13957 455 23 553 128 2686 1022 45 7219
leaf_count=32 498 1887 21 1216 843 13957 455 23 553 128 2686 1022 45 7219
internal_value=0.00104827 0.934216 -0.814623 -0.932681 3.64518 -0.668276 -5.13723 5.59187 0.979641 8.95319 0.116142 1.03646 6.64255 -0.354564
internal_weight=30585 14265 16320 16126 3306 15173 953 1910 1396 194 10959 3708 173 7251
internal_count=30585 14265 16320 16126 3306 15173 953 1910 1396 194 10959 3708 173 7251
is_linear=0
shrinkage=0.08


Tree=55
num_leaves=15
num_cat=0
split_feature=15 5 7 1 6 11 11 8 26 23 6 26 26 10
split_gain=3.58422e+06 3.67381e+06 4.04436e+06 4.09353e+06 3.41245e+06 3.29662e+06 2.84693e+06 2.56523e+06 2.13571e+06 1.8999e+06 1.20435e+06 550256 458942 306168
threshold=-0.9829629131445341 200.79999999999998 739.3636290339058 0.1969881678844059 25860.555000000004 520.41605753204374 227.81558094977899 3005.0980100075335 18.567550000000004 5.8630007000000015 35731.832500000011 18.655700000000003 19.706800000000005 376.03492523385421
decision_type=2 2 2 2 2 2 2 2 2 2 2 2 2 2
left_child=6 4 3 -3 5 -2 12 -6 -4 11 -11 -8 13 -1
right_child=1 2 8 -5 7 -7 9 -9 -10 10 -12 -13 -14 -15
leaf_value=-6.0160658597946171 -1.7916521979410847 2.3745607584973589 24.705046846943521 -9.4279125923846845 0.031284426805424821 -10.504489211665772 12.779790798368909 5.3211513522420555 7.9179021856610872 -17.252897109031679 -7.5838609325010227 -2.3397360650424299 -11.092345587822699 -0.68806222265817241
leaf_weight=75 2772 3432 61 198 21706 308 20 602 232 159 176 57 30 757
leaf_count=75 2772 3432 61 198 21706 308 20 602 232 159 176 57 30 757
internal_value=0.00108325 0.181697 2.45981 1.72837 -0.170404 -2.66606 -4.15119 0.174268 11.485 -9.61292 -12.2107 1.70091 -1.5326 -1.175
internal_weight=30585 29311 3923 3630 25388 3080 1274 22308 293 412 335 77 862 832
internal_count=30585 29311 3923 3630 25388 3080 1274 22308 293 412 335 77 862 832
is_linear=0
shrinkage=0.08


Tree=56
num_leaves=16
num_cat=0
split_feature=15 7 1 23 11 17 13 4 26 8 14 1 16 10 9
split_gain=3.0639e+06 3.51571e+06 3.68487e+06 4.75627e+06 2.79282e+06 4.51924e+06 4.68311e+06 2.68924e+06 2.34306e+06 1.70034e+06 1.47441e+06 1.28765e+06 1.04647e+06 885699 763522
threshold=-0.9159756150367534 380.05603431913977 0.18946953262365177 7.9717285500000008 531.76801472283285 0.81174490092936691 37608.700000000004 0.92104161307371279 18.810450000000003 478.45318210849354 0.25881904510252091 0.081080730179258764 -1.0000000180025095e-35 252.49729336593842 2032.726412708347
decision_type=2 2 2 2 2 2 2 2 2 2 2 2 2 2 2
left_child=4 9 7 -4 8 6 -6 -3 10 13 -1 -11 -10 -2 -7
right_child=1 2 3 -5 5 14 -8 -9 12 11 -12 -13 -14 -15 -16
leaf_value=-1.9879449195807501 -4.2958928117806039 -1.3955073102799858 -12.536987354755402 5.3074239436166728 -31.359396477723735 17.638492265898606 -6.23382491042537 4.256046068693955 -11.562216330632808 1.1269295692512689 1.6974907329135116 -0.40799483205695153 -3.5789150410011166 -0.77839942447479604 0.57464064063095466
leaf_weight=2084 485 655 223 166 77 28 123 3027 186 7943 1041 6249 243 8015 40
leaf_count=2084 485 655 223 166 77 28 123 3027 186 7943 1041 6249 243 8015 40
internal_value=0.000961101 0.303573 2.46805 -4.92807 -2.11756 -9.97751 -16.0151 3.25057 -1.52221 -0.084832 -0.760102 0.451093 -7.05905 -0.979585 7.75473
internal_weight=30585 26763 4071 389 3822 268 200 3682 3554 22692 3125 14192 429 8500 68
internal_count=30585 26763 4071 389 3822 268 200 3682 3554 22692 3125 14192 429 8500 68
is_linear=0
shrinkage=0.08


Tree=57
num_leaves=13
num_cat=0
split_feature=10 14 11 22 11 5 9 26 1 13 9 11
split_gain=2.85446e+06 2.68386e+06 3.53156e+06 3.42737e+06 6.39347e+06 4.86662e+06 2.29668e+06 1.57946e+06 1.6665e+06 1.21298e+06 542167 483835
threshold=2739.3066488678764 -0.70710678118654735 255.08112789510906 2.5000000000000004 531.76801472283285 299.89500000000015 2345.2743751583434 18.216350000000002 0.04124901574957867 43707.545000000006 1786.1298771869133 456.93634900424689
decision_type=2 2 2 2 2 2 2 2 2 2 2 2
left_child=1 2 10 5 -5 -3 -4 8 -2 11 -1 -9
right_child=7 3 6 4 -6 -7 -8 9 -10 -11 -12 -13
leaf_value=0.34581476741294404 32.064754575532056 -0.012286598969526009 6.3461401633608681 -0.94432699316167412 -8.541616951432994 5.8237033375374496 0.78803268079027777 3.6739180731366519 5.3816656031753078 -13.540384624315346 -3.5035906472303431 9.9886575777174151
leaf_weight=5296 28 8693 1183 12120 752 1021 796 292 32 22 244 106
leaf_count=5296 28 8693 1183 12120 752 1021 796 292 32 22 244 106
internal_value=0.000770338 -0.0969151 1.21214 -0.532741 -1.3888 0.601647 4.11207 6.11494 18.1553 4.35586 0.175672 5.37655
internal_weight=30585 30105 7519 22586 12872 9714 1979 480 60 420 5540 398
internal_count=30585 30105 7519 22586 12872 9714 1979 480 60 420 5540 398
is_linear=0
shrinkage=0.08


Tree=58
num_leaves=16
num_cat=0
split_feature=1 11 9 5 9 17 11 15 10 15 11 8 7 26 6
split_gain=2.72361e+06 3.40018e+06 2.20206e+06 2.17926e+06 2.27947e+06 2.20756e+06 3.00281e+06 1.84167e+06 1.78653e+06 1.73536e+06 1.73269e+06 929115 551114 739144 312229
threshold=0.068051304740325322 255.08112789510906 591.92233727248401 -298.96999999999997 3151.2881327577629 0.81174490092936691 576.46600801760758 -0.37940952255126009 396.14241203056298 -0.12940952255126034 777.22274205627548 2312.5587359574915 120.80440329893672 18.786450000000006 20008.381666666672
decision_type=2 2 2 2 2 2 2 2 2 2 2 2 2 2 2
left_child=1 12 7 5 8 6 -2 -3 -5 -7 -4 -6 14 -14 -1
right_child=3 2 10 4 11 9 -8 -9 -10 -11 -12 -13 13 -15 -16
leaf_value=-8.0399030599449617 -3.4848244438044804 -13.538981088491587 3.2836018018230573 -3.2689638746263308 24.085527593439274 10.218515947994433 -14.859878905614217 2.3646105884015562 -0.26163381880847997 -3.6864151072502138 16.490756465618425 6.392719084086762 1.6195440747398726 -0.90747814737806576 -0.24037750672777583
leaf_weight=32 856 90 3057 1394 21 113 179 95 13490 115 64 152 2686 1022 7219
leaf_count=32 856 90 3057 1394 21 113 179 95 13490 115 64 152 2686 1022 7219
internal_value=0.000807765 0.80826 3.05658 -0.704977 -0.437106 -3.89556 -5.46455 -5.40347 -0.543494 3.21959 3.55963 8.66648 0.129792 0.922989 -0.275902
internal_weight=30585 14265 3306 16320 15057 1263 1035 185 14884 228 3121 173 10959 3708 7251
internal_count=30585 14265 3306 16320 15057 1263 1035 185 14884 228 3121 173 10959 3708 7251
is_linear=0
shrinkage=0.08


Tree=59
num_leaves=16
num_cat=0
split_feature=12 15 21 11 7 7 6 5 11 4 6 18 10 26 11
split_gain=2.62107e+06 3.81501e+06 4.17445e+06 5.42664e+06 3.31684e+06 2.95787e+06 4.63438e+06 1.66603e+06 1.48137e+06 1.80345e+06 1.63758e+06 724957 791773 536383 489166
threshold=43787.500000000007 -0.70710678118654757 1.0000000180025095e-35 360.44349352172293 926.39038297204081 472.40360327348986 22337.725833333334 59.995000000000012 400.20756300939792 1.103822511888773 42798.356666666674 -0.6830127018922193 2695.7789523617867 17.914900000000003 320.45246966419393
decision_type=2 2 2 2 2 2 2 2 2 2 2 2 2 2 2
left_child=1 2 4 -4 -1 7 -7 -3 11 10 -10 12 -2 -11 -13
right_child=8 5 3 -5 -6 6 -8 -9 9 13 -12 14 -14 -15 -16
leaf_value=-1.6456070646431258 -0.87053636850863936 -0.36230384125691012 -4.1164102910746374 -27.247947716090991 16.122735995124366 -13.812128195221892 4.1200873213077065 1.4207054396490031 -2.066062164730277 26.846783274332683 11.937768873373669 2.6741269211709189 10.879639190282578 12.841914865745689 8.856654310332404
leaf_weight=6047 622 15935 222 91 67 96 1891 4247 120 29 95 944 38 52 89
leaf_count=6047 622 15935 222 91 67 96 1891 4247 120 29 95 944 38 52 89
internal_value=0.000785431 -0.194571 -1.91056 -10.9069 -1.44829 0.302973 3.2472 0.0129556 2.80812 8.02039 4.1483 1.89263 -0.178575 18.1223 3.21484
internal_weight=30585 28596 6427 313 6114 22169 1987 20182 1989 296 215 1693 660 81 1033
internal_count=30585 28596 6427 313 6114 22169 1987 20182 1989 296 215 1693 660 81 1033
is_linear=0
shrinkage=0.08


Tree=60
num_leaves=15
num_cat=0
split_feature=15 2 11 17 15 11 14 11 23 26 11 26 26 10
split_gain=2.43786e+06 2.37337e+06 3.46498e+06 5.29544e+06 2.92185e+06 7.42054e+06 2.74972e+06 2.32709e+06 1.4815e+06 1.20781e+06 919167 356427 234349 254603
threshold=-0.9829629131445341 0.54716191107484324 400.20756300939792 0.81174490092936691 -0.60355339059327384 384.94467117176657 0.37940952255126054 204.25273939992789 5.6664435000000006 8.6770000000000014 709.18839906504832 18.655700000000003 19.706800000000005 376.03492523385421
decision_type=2 2 2 2 2 2 2 2 2 2 2 2 2 2
left_child=7 4 9 -4 5 -2 -6 12 11 -3 -10 -9 13 -1
right_child=1 2 3 -5 6 -7 -8 8 10 -11 -12 -13 -14 -15
leaf_value=-5.045021288269445 -1.9899180289018952 -0.36086761956310198 1.6101169058228986 10.87990990594599 1.7864837395752573 -20.577573925278944 -1.2212998736250398 9.6750057373046872 -8.8384547017017994 1.0202024772268139 -22.406548961003622 -1.7297342048257085 -8.3605048003563507 -0.17675994033264419
leaf_weight=75 942 8833 1913 496 2732 160 6748 24 335 7487 35 58 25 722
leaf_count=75 942 8833 1913 496 2732 160 6748 24 335 7487 35 58 25 722
internal_value=0.000841816 0.149798 0.690894 3.52244 -0.807859 -4.70488 -0.354403 -3.42363 -8.02767 0.272739 -10.1789 1.68459 -0.885288 -0.640625
internal_weight=30585 29311 18729 2409 10582 1102 9480 1274 452 16320 370 82 822 797
internal_count=30585 29311 18729 2409 10582 1102 9480 1274 452 16320 370 82 822 797
is_linear=0
shrinkage=0.08


Tree=61
num_leaves=16
num_cat=0
split_feature=1 11 1 0 5 7 17 13 13 23 9 5 7 2 6
split_gain=2.38042e+06 2.57892e+06 1.93413e+06 1.71026e+06 1.69987e+06 2.63172e+06 1.97538e+06 1.44775e+06 1.38194e+06 894826 800384 708937 466781 658991 256403
threshold=0.068051304740325322 273.88431499429504 0.24704976018373964 0.44180263208968468 -298.96999999999997 739.3636290339058 0.81174490092936691 28598.865000000002 31745.34 5.3765740000000006 1433.9411256865305 199.99000000000015 120.80440329893672 0.62554526692287893 20008.381666666672
decision_type=2 2 2 2 2 2 2 2 2 2 2 2 2 2 2
left_child=1 12 4 7 6 -6 -2 -3 -5 10 -4 -11 14 -14 -1
right_child=2 3 9 8 5 -7 -8 -9 -10 11 -12 -13 13 -15 -16
leaf_value=-7.2167041940400098 -4.910734666223517 22.541256316048756 6.8435288626807074 3.241950758332298 -0.52588237731795584 5.9578979001924823 3.3875272659744535 4.1811604098828399 -2.0675598576498033 -22.354567748360015 -13.825688494614193 -5.9324582961509966 0.14488816951649672 2.2904798365966186 -0.14882468364530158
leaf_weight=32 1022 27 27 629 14544 411 223 1699 624 45 20 28 2630 1405 7219
leaf_count=32 1022 27 27 629 14544 411 223 1699 624 45 20 28 2630 1405 7219
internal_value=0.000654847 0.755522 -0.659166 2.84877 -0.583864 -0.347306 -3.42285 4.48126 0.598249 -10.7361 -2.05668 -16.221 0.202795 0.892373 -0.181007
internal_weight=30585 14265 16320 2979 16200 14955 1245 1726 1253 120 47 73 11286 4035 7251
internal_count=30585 14265 16320 2979 16200 14955 1245 1726 1253 120 47 73 11286 4035 7251
is_linear=0
shrinkage=0.08


Tree=62
num_leaves=16
num_cat=0
split_feature=15 11 6 14 5 16 1 10 15 10 18 9 26 10 17
split_gain=2.09999e+06 2.36309e+06 4.11033e+06 4.04994e+06 2.19389e+06 2.45013e+06 2.06388e+06 1.94284e+06 1.90613e+06 1.32374e+06 1.05845e+06 1.03562e+06 493467 399874 237425
threshold=-0.9159756150367534 227.81558094977899 30948.295833333337 0.25881904510252091 417.00500000000005 0.6078576107927941 0.24704976018373964 2767.1847758161971 0.96592582628906831 754.09905588354775 -0.6830127018922193 1287.4162629641171 19.706800000000005 350.88915254418993 1.0000000180025095e-35
decision_type=2 2 2 2 2 2 2 2 2 2 2 2 2 2 2
left_child=1 12 10 -4 6 8 7 -2 -6 -7 -3 -8 13 -1 -14
right_child=4 2 3 -5 5 9 11 -9 -10 -11 -12 -13 14 -15 -16
leaf_value=-3.9294982209234015 0.036169564392363296 -28.703339192807675 -6.1510583822624314 4.3941494017689164 0.31954035809223813 28.243264959426153 0.20667401713709677 6.5023102183120196 11.515816909219618 7.5066292418945197 -12.276778473223329 -17.941054134681576 -8.5984448311222135 0.11217558253070582 0.78971400578816731
leaf_weight=167 24801 29 671 356 1076 20 30 300 106 370 188 60 66 2322 23
leaf_count=167 24801 29 671 356 1076 20 30 300 106 370 188 60 66 2322 23
internal_value=0.000580501 -1.75332 -4.61543 -2.49494 0.251109 3.14965 0.0701126 0.113707 1.33249 8.63956 -14.5936 -11.956 -0.370963 -0.160471 -6.19047
internal_weight=30585 3822 1244 1027 26763 1572 25191 25101 1182 390 217 90 2578 2489 89
internal_count=30585 3822 1244 1027 26763 1572 25191 25101 1182 390 217 90 2578 2489 89
is_linear=0
shrinkage=0.08


Tree=63
num_leaves=14
num_cat=0
split_feature=12 15 21 10 22 7 6 10 8 11 9 9 7
split_gain=2.05705e+06 2.54169e+06 3.40203e+06 4.83203e+06 2.91927e+06 2.12622e+06 3.55179e+06 1.50344e+06 1.35497e+06 1.1976e+06 1.27621e+06 1.06487e+06 729184
threshold=44332.500000000007 -0.70710678118654757 1.0000000180025095e-35 1144.1496351358087 3.5000000000000004 472.40360327348986 20886.31833333334 2665.9354191262587 3302.9503335992745 478.87360381594812 2762.2196417614418 2803.4179486041867 472.40360327348986
decision_type=2 2 2 2 2 2 2 2 2 2 2 2 2
left_child=1 2 4 -4 -1 8 -7 9 -3 10 -2 -9 -11
right_child=7 5 3 -5 -6 6 -8 11 -10 12 -12 -13 -14
leaf_value=0.47009847200609622 2.4313479607213631 -0.033675430769690311 -5.2688383702781962 -32.199089211856617 -2.9805923527886402 -19.483886986626519 3.2524704050465925 24.794307787346117 10.270781448759683 18.740436283458365 -6.3759939452221523 3.9920023918151855 3.0365168315342492
leaf_weight=3391 1385 20244 264 50 2919 44 1954 32 81 43 113 31 34
leaf_count=3391 1385 20244 264 50 2919 44 1954 32 81 43 113 31 34
internal_value=0.000487047 -0.15562 -1.53165 -9.6457 -1.12641 0.252744 2.74227 2.75766 0.00789358 2.26767 1.76317 14.7806 11.9341
internal_weight=30585 28947 6624 314 6310 22323 1998 1638 20325 1575 1498 63 77
internal_count=30585 28947 6624 314 6310 22323 1998 1638 20325 1575 1498 63 77
is_linear=0
shrinkage=0.08


Tree=64
num_leaves=16
num_cat=0
split_feature=1 11 4 21 16 6 23 10 11 17 11 5 10 14 0
split_gain=2.00583e+06 2.09018e+06 2.05019e+06 1.96598e+06 1.61976e+06 1.43204e+06 1.74944e+06 1.84524e+06 1.82007e+06 1.26124e+06 4.4437e+06 2.02081e+06 572126 452545 431472
threshold=0.07815191598035949 280.17707909155911 1.1253257142186261 1.0000000180025095e-35 -0.60785761079279388 21696.998333333337 8.3161285000000031 966.27992758988205 531.76801472283285 0.81174490092936691 412.5423184596591 -298.96999999999997 2046.8312322561817 0.25881904510252091 0.36166588655092174
decision_type=2 2 2 2 2 2 2 2 2 2 2 2 2 2 2
left_child=1 12 3 -3 -4 6 8 -8 -2 11 -11 -7 14 -14 -1
right_child=5 2 4 -5 -6 9 7 -9 -10 10 -12 -13 13 -15 -16
leaf_value=0.78928778726711335 -5.2051305696926269 1.9183800473772561 0.49256577277058705 -8.5558901022275293 9.417164549067401 -4.532711757070639 -1.7433016488535538 22.21941062927246 -19.837517865862164 -0.71386528300513274 8.8289999890268298 -0.54867051058054261 1.6570799753742833 12.480149857657295 -0.20778683062687392
leaf_weight=4020 250 2599 190 119 413 879 143 23 69 1387 402 11007 61 41 8982
leaf_count=4020 250 2599 190 119 413 879 143 23 69 1387 402 11007 61 41 8982
internal_value=0.000449777 0.601969 2.3943 1.45682 6.61057 -0.697281 -4.96478 1.69 -8.42223 -0.545577 1.43421 -0.843657 0.147584 6.08646 0.100529
internal_weight=30585 16425 3321 2718 603 14160 485 166 319 13675 1789 11886 13104 102 13002
internal_count=30585 16425 3321 2718 603 14160 485 166 319 13675 1789 11886 13104 102 13002
is_linear=0
shrinkage=0.08


Tree=65
num_leaves=16
num_cat=0
split_feature=15 14 17 15 11 11 9 23 11 15 1 5 9 10 11
split_gain=1.83596e+06 2.59455e+06 2.70682e+06 5.31628e+06 4.63404e+06 2.47572e+06 2.54143e+06 3.71316e+06 2.04185e+06 2.98961e+06 1.74642e+06 1.05171e+06 631504 600263 525028
threshold=0.96592582628906831 -0.5 0.81174490092936691 1.0000000180025095e-35 531.76801472283285 425.07594124034773 2032.726412708347 7.8633765000000002 188.81319420672938 -0.37940952255126009 0.16412451633533634 66.769999999999996 1786.1298771869133 2593.2568529125997 311.58822615612172
decision_type=2 2 2 2 2 2 2 2 2 2 2 2 2 2 2
left_child=1 8 4 -4 -3 11 10 -8 12 -10 -7 13 -1 -2 -13
right_child=5 2 3 -5 -6 6 7 -9 9 -11 -12 14 -14 -15 -16
leaf_value=0.034604100866984171 0.12410784187099395 -0.82189557696526783 4.8087827241889158 -2.5726616919585332 -6.7361439831377927 20.751426702475143 -10.228352031472289 16.15710454973124 -1.5491812606713335 3.5573995778082206 2.02710279168023 3.1111824780539541 -6.9485727650778628 12.141937123051395 9.6534190569932647
leaf_weight=6216 1794 14395 1456 1092 900 117 80 58 980 2913 44 328 83 26 103
leaf_count=6216 1794 14395 1456 1092 900 117 80 58 980 2913 44 328 83 26 103
internal_value=0.000456843 -0.186504 -0.768146 1.64554 -1.17032 2.05519 8.8822 0.897645 0.831744 2.27183 15.6783 1.14482 -0.0584994 0.302365 4.69337
internal_weight=30585 28035 17843 2548 15295 2550 299 138 10192 3893 161 2251 6299 1820 431
internal_count=30585 28035 17843 2548 15295 2550 299 138 10192 3893 161 2251 6299 1820 431
is_linear=0
shrinkage=0.08


Tree=66
num_leaves=13
num_cat=0
split_feature=1 11 10 8 10 15 11 1 15 5 4 5
split_gain=1.72265e+06 3.44192e+06 1.56251e+06 1.59941e+06 1.32518e+06 1.32048e+06 2.73046e+06 1.31161e+06 1.03055e+06 962064 789159 739725
threshold=0.061552621303690887 777.22274205627548 390.59366716169399 535.37981905800996 2887.9072378709611 -0.9159756150367534 242.32531917308287 0.24704976018373964 0.1294095225512602 69.629999999999924 2.6050496261871845 499.03500000000014
decision_type=2 2 2 2 2 2 2 2 2 2 2 2
left_child=1 4 3 10 9 6 -4 -7 -6 -1 -2 -3
right_child=2 11 5 -5 8 7 -8 -9 -10 -11 -12 -13
leaf_value=0.20004484803799064 -3.0268053438474012 27.739091558728902 -0.063123765242680763 -19.80186484442817 2.7923104310035707 0.032585319299393185 -6.3572681272258791 -8.5451124902808147 18.697283047358194 1.9523436430672869 9.1625244445800789 7.9225081452869235
leaf_weight=10167 1242 34 1266 35 63 14393 676 114 44 2497 34 20
leaf_count=10167 1242 34 1266 35 63 14393 676 114 44 2497 34 20
internal_value=0.000534098 0.707028 -0.509656 -3.16654 0.620975 -0.297721 -2.25623 -0.0354049 9.44524 0.545678 -2.69509 20.6771
internal_weight=30585 12825 17760 1311 12771 16449 1942 14507 107 12664 1276 54
internal_count=30585 12825 17760 1311 12771 16449 1942 14507 107 12664 1276 54
is_linear=0
shrinkage=0.08


Tree=67
num_leaves=14
num_cat=0
split_feature=12 15 11 23 15 11 15 10 11 9 9 17 0
split_gain=1.69525e+06 2.03393e+06 2.41057e+06 2.76782e+06 1.40635e+06 2.1387e+06 1.74537e+06 1.24137e+06 938803 1.1223e+06 920194 409887 126955
threshold=44332.500000000007 -0.9159756150367534 132.12150365067538 6.4526388000000017 0.96592582628906831 472.37178621456525 0.9159756150367534 2665.9354191262587 478.87360381594812 2396.8939039273037 2803.4179486041867 0.81174490092936691 0.46891134624608977
decision_type=2 2 2 2 2 2 2 2 2 2 2 2 2
left_child=1 2 12 -4 6 -6 -3 8 9 -2 -9 -10 -1
right_child=7 4 3 -5 5 -7 -8 10 11 -11 -12 -13 -14
leaf_value=-0.1767697960126173 2.4059282531990194 0.070177299095864995 1.7160273088428986 -6.0889365514852134 1.148808631414485 9.2061237853354427 -2.9817192145007816 22.73536610921224 2.3176007701732493 -4.4118239349365238 3.4110499906539919 14.721968359580409 1.8675657948851585
leaf_weight=1471 1324 21834 381 1222 2317 231 1268 32 26 174 31 51 223
leaf_count=1471 1324 21834 381 1222 2317 231 1268 32 26 174 31 51 223
internal_value=0.00057168 -0.141144 -2.01125 -4.23394 0.0993052 1.8826 -0.097454 2.50355 2.05831 1.6116 13.4284 10.6169 0.0932918
internal_weight=30585 28947 3297 1603 25650 2548 23102 1638 1575 1498 63 77 1694
internal_count=30585 28947 3297 1603 25650 2548 23102 1638 1575 1498 63 77 1694
is_linear=0
shrinkage=0.08


Tree=68
num_leaves=13
num_cat=0
split_feature=7 5 4 12 12 14 11 11 10 11 9 9
split_gain=1.5674e+06 2.52152e+06 1.52341e+06 1.78708e+06 1.47544e+06 1.8518e+06 2.40211e+06 2.10667e+06 1.43812e+06 854907 1.35072e+06 1.14177e+06
threshold=739.3636290339058 -1227.9999999999998 1.0672161339547361 34330.500000000007 43787.500000000007 -0.70710678118654735 815.9462725892173 739.19286622200468 1279.9546659124871 346.17131145310685 2762.2196417614418 2567.8214038401825
decision_type=2 2 2 2 2 2 2 2 2 2 2 2
left_child=4 -2 3 -3 5 7 -7 -1 -4 11 -11 -6
right_child=1 2 8 -5 9 6 -8 -9 -10 10 -12 -13
leaf_value=0.74060467537460772 -23.642013084774927 -5.4479591378242747 27.284481860351562 5.4695978666108749 1.4424702534830203 -0.53471313428160894 -10.225562131939512 13.129446048093646 7.1461163354887729 7.8440342352660064 -1.4458926122270783 -12.788325184487007
leaf_weight=6797 20 154 24 251 1464 20847 164 88 270 326 144 36
leaf_count=6797 20 154 24 251 1464 20847 164 88 270 326 144 36
internal_value=0.000646114 3.68907 4.50374 1.31504 -0.0882703 -0.237723 -0.610837 0.900835 8.87698 2.02709 5.00073 1.09264
internal_weight=30585 719 699 405 29866 27896 21011 6885 294 1970 470 1500
internal_count=30585 719 699 405 29866 27896 21011 6885 294 1970 470 1500
is_linear=0
shrinkage=0.08


Tree=69
num_leaves=16
num_cat=0
split_feature=4 7 26 15 24 17 11 11 15 15 5 3 11 10 8
split_gain=1.4897e+06 1.48526e+06 1.45635e+06 3.45337e+06 2.64553e+06 1.34478e+06 3.59183e+06 2.48488e+06 1.98377e+06 1.74259e+06 1.23697e+06 1.16276e+06 1.1363e+06 966940 936060
threshold=0.95345179898211219 739.3636290339058 18.579800000000002 0.1294095225512602 5.4697012000000012 0.81174490092936691 576.46600801760758 295.04571564515408 -0.12940952255126034 -0.12940952255126034 -638.51999999999987 2.5750175502600348 815.9462725892173 2351.3732872324877 304.3907199453833
decision_type=2 2 2 2 2 2 2 2 2 2 2 2 2 2 2
left_child=5 11 4 -4 -3 7 9 14 -9 -7 -8 12 -2 -13 -1
right_child=1 2 3 -5 -6 6 10 8 -10 -11 -12 13 -14 -15 -16
leaf_value=-4.1122058985245724 0.18549405579287687 -14.739463119506837 7.6868948867316202 -7.0156680790035209 13.818600264010222 2.5882470091145775 4.7154283283374934 -8.7534677796266518 -1.8162997416710605 -3.2810922729253362 20.884030925802989 13.08215389627806 -6.9689289426470138 2.6577717293875209 -0.39532834629856078
leaf_weight=479 22010 23 247 173 160 727 53 489 573 582 72 70 142 292 4493
leaf_count=479 22010 23 247 173 160 727 53 489 573 582 72 70 142 292 4493
internal_value=0.000617891 0.317959 4.2329 1.62856 10.1687 -0.981615 1.21988 -1.50492 -5.01576 -0.0218572 14.1204 0.212921 0.13932 4.70402 -0.754165
internal_weight=30585 23117 603 420 183 7468 1434 6034 1062 1309 125 22514 22152 362 4972
internal_count=30585 23117 603 420 183 7468 1434 6034 1062 1309 125 22514 22152 362 4972
is_linear=0
shrinkage=0.08


Tree=70
num_leaves=16
num_cat=0
split_feature=15 11 6 15 16 4 11 4 23 26 1 26 23 8 11
split_gain=1.46675e+06 1.50953e+06 1.4485e+06 2.04791e+06 4.41564e+06 1.93279e+06 1.62402e+06 1.27001e+06 1.0791e+06 1.37613e+06 772987 424652 322800 160294 95286.7
threshold=-0.9829629131445341 342.34426700996619 36343.611666666671 -0.5 -0.60785761079279388 1.2500062500937521 115.81790009076933 1.103822511888773 8.3778580000000016 18.576600000000003 0.088007345739668272 18.814800000000002 4.5945386500000014 623.23814660758364 58.006107095449259
decision_type=2 2 2 2 2 2 2 2 2 2 2 2 2 2 2
left_child=1 11 3 4 -2 -5 14 -8 10 -10 -3 12 -1 -13 -4
right_child=2 8 6 5 -6 -7 7 -9 9 -11 -12 13 -14 -15 -16
leaf_value=2.4942990939602532 -4.3756802065544047 6.1856929920030677 -0.67797260486184219 -0.057193683090093109 0.72379689109393996 3.401844460285314 1.2855028121946979 4.4698273567027842 -8.0652330366770428 -25.898565499517655 -9.5912709996359684 0.47923246557062321 -1.432316204962427 -7.2077837792622681 0.2791853353460485
leaf_weight=162 2132 45 2182 15846 2215 1105 3863 1011 128 35 34 21 753 96 957
leaf_count=162 2132 45 2182 15846 2215 1105 3863 1011 128 35 34 21 753 96 957
internal_value=0.000616936 -2.65563 0.116157 -0.228804 -1.77769 0.168481 1.03295 1.9468 -8.32887 -12.029 -0.639408 -1.3185 -0.735148 -5.83569 -0.386164
internal_weight=30585 1274 29311 21298 4347 16951 8013 4874 242 163 79 1032 915 117 3139
internal_count=30585 1274 29311 21298 4347 16951 8013 4874 242 163 79 1032 915 117 3139
is_linear=0
shrinkage=0.08


Tree=71
num_leaves=13
num_cat=0
split_feature=1 11 10 8 10 9 14 1 5 4 5 8
split_gain=1.44378e+06 2.83485e+06 1.19093e+06 1.39339e+06 1.08185e+06 1.01349e+06 1.29897e+06 1.11574e+06 717922 632695 622072 416217
threshold=0.061552621303690887 777.22274205627548 390.59366716169399 535.37981905800996 2887.9072378709611 3151.2881327577629 0.60355339059327384 0.1969881678844059 50.000000000000014 2.6050496261871845 499.03500000000014 2970.0870861186709
decision_type=2 2 2 2 2 2 2 2 2 2 2 2
left_child=1 4 3 9 8 7 -7 -4 -1 -2 -3 -6
right_child=2 10 5 -5 11 6 -8 -9 -10 -11 -12 -13
leaf_value=0.17147052725732889 -2.6433294559668745 25.244761498587472 -0.20265077782272159 -18.312426757812499 12.278539260643115 2.6076315887216577 20.317038141066028 -3.2577117407425589 1.6017068483271331 8.2705170146397187 7.0871152133033393 1.8835595321655274
leaf_weight=9746 1242 34 15429 35 68 186 30 804 2918 34 20 39
leaf_count=9746 1242 34 15429 35 68 186 30 804 2918 34 20 39
internal_value=0.000468228 0.647253 -0.466603 -2.78616 0.569157 -0.281575 5.14956 -0.354155 0.501122 -2.34627 18.7708 8.54224
internal_weight=30585 12825 17760 1311 12771 16449 216 16233 12664 1276 54 107
internal_count=30585 12825 17760 1311 12771 16449 216 16233 12664 1276 54 107
is_linear=0
shrinkage=0.08


Tree=72
num_leaves=14
num_cat=0
split_feature=15 5 13 14 14 0 11 11 15 11 11 9 9
split_gain=1.37501e+06 1.92102e+06 1.81164e+06 1.6609e+06 2.11939e+06 4.17412e+06 3.99613e+06 1.46873e+06 2.49904e+06 1.2469e+06 1.99187e+06 744852 558088
threshold=0.96592582628906831 249.98999999999992 28701.425000000003 -0.5 0.25881904510252091 0.42844420404464273 227.81558094977899 188.81319420672938 -0.12940952255126034 815.9462725892173 472.37178621456525 1103.2702200378965 1786.1298771869133
decision_type=2 2 2 2 2 2 2 2 2 2 2 2 2
left_child=3 9 -3 7 6 -6 -5 12 -9 10 -2 -4 -1
right_child=1 2 11 4 5 -7 -8 8 -10 -11 -12 -13 -14
leaf_value=-0.01402431021828144 0.57594684630163406 29.917826871871949 13.844187514664698 -0.46307414090508031 1.9229021161420097 -1.1239287005152587 -5.2590705528908055 -0.7271793857490344 3.4530986230933531 -16.793079760742188 10.744663772583008 3.8156574409658259 -6.5787527339337837
leaf_weight=6216 2096 21 60 3458 4387 8360 1638 1470 2423 24 130 219 83
leaf_count=6216 2096 21 60 3458 4387 8360 1638 1470 2423 24 130 219 83
internal_value=0.000574744 1.77876 7.78117 -0.161223 -0.62659 -0.0752646 -2.00537 0.653471 1.87484 0.975337 1.17437 6.01407 -0.101556
internal_weight=30585 2550 300 28035 17843 12747 5096 10192 3893 2250 2226 279 6299
internal_count=30585 2550 300 28035 17843 12747 5096 10192 3893 2250 2226 279 6299
is_linear=0
shrinkage=0.08


Tree=73
num_leaves=16
num_cat=0
split_feature=1 11 9 22 5 10 7 9 17 5 2 1 10 11 1
split_gain=1.24861e+06 2.05888e+06 2.57032e+06 2.33386e+06 1.28496e+06 1.57347e+06 1.26438e+06 1.12389e+06 1.09116e+06 997054 942870 902782 898166 351492 185278
threshold=0.10592229655737891 576.46600801760758 1004.3136993997213 5.5000000000000009 749.93500000000017 2324.5456906905015 5.3583119206558498 3199.5985812441477 1.0000000180025095e-35 -298.96999999999997 0.68552578671963271 0.18058820999331973 2228.4778661858099 83.609774535864872 0.21364731160036707
decision_type=2 2 2 2 2 2 2 2 2 2 2 2 2 2 2
left_child=1 4 3 -3 10 -6 11 9 -4 -8 -1 13 -9 -2 -13
right_child=6 2 8 -5 5 -7 7 12 -10 -11 -12 14 -14 -15 -16
leaf_value=-0.1044056916903056 3.6405815553665164 5.7067406279465249 2.0559850535411313 -25.526840216896748 2.7969355580735105 18.592355047731981 -3.683220737080763 22.908941733620381 8.8194561228289068 -0.73325402440969489 1.451049789531677 17.741624868056356 2.3174492065165495 -7.6092585863385889 8.19515303435149
leaf_weight=17707 116 28 256 32 232 48 807 21 380 7941 2902 33 36 20 26
leaf_count=17707 116 28 256 32 232 48 807 21 380 7941 2902 33 36 20 26
internal_value=0.000615907 0.330677 4.60791 -11.0966 0.187951 5.56125 -0.790931 -0.932297 6.10455 -1.00578 0.114681 5.56448 10.168 1.94273 13.7414
internal_weight=30585 21585 696 60 20889 280 9000 8805 636 8748 20609 195 57 136 59
internal_count=30585 21585 696 60 20889 280 9000 8805 636 8748 20609 195 57 136 59
is_linear=0
shrinkage=0.08


Tree=74
num_leaves=15
num_cat=0
split_feature=15 7 9 23 14 21 9 17 11 9 11 9 2 5
split_gain=1.18051e+06 1.64105e+06 1.99618e+06 2.50516e+06 1.37919e+06 2.03113e+06 3.94365e+06 2.01585e+06 1.24232e+06 2.89143e+06 928393 681616 626746 553230
threshold=0.96592582628906831 385.01845853232277 1083.9811639138104 7.2245507500000006 -0.5 1.0000000180025095e-35 1360.133149531792 0.81174490092936691 311.58822615612172 2396.8939039273037 478.87360381594812 1891.7903955454069 0.40847083653123001 199.99000000000015
decision_type=2 2 2 2 2 2 2 2 2 2 2 2 2 2
left_child=4 10 13 -4 8 7 -7 -6 11 -10 12 -1 -2 -3
right_child=1 2 3 -5 5 6 -8 -9 9 -11 -12 -13 -14 -15
leaf_value=0.31414005137533663 12.300312098799083 12.811721723647345 -2.0231572650273084 11.807326952777332 -0.75030416495246588 -1.5064689711147832 -15.317954830593534 1.722775293594895 4.9988686439336316 -0.82292106731824766 15.546995278817635 -2.8418411631071439 0.45885425881025343 32.490723019554501
leaf_weight=7536 28 20 178 157 14623 586 170 2464 1168 1024 26 464 2121 20
leaf_count=7536 28 20 178 157 14623 586 170 2464 1168 1024 26 464 2121 20
internal_value=0.000714599 1.64835 6.52863 4.47444 -0.149204 -0.573273 -4.62836 -0.393598 0.593191 2.28007 0.804305 0.130761 0.61879 23.2037
internal_weight=30585 2550 375 335 28035 17843 756 17087 10192 2192 2175 8000 2149 40
internal_count=30585 2550 375 335 28035 17843 756 17087 10192 2192 2175 8000 2149 40
is_linear=0
shrinkage=0.08


Tree=75
num_leaves=14
num_cat=0
split_feature=1 11 26 26 26 7 10 15 7 4 11 15 5
split_gain=1.15022e+06 2.18595e+06 1.13798e+06 1.09674e+06 3.12625e+06 2.88155e+06 923777 856466 637476 560713 736736 566316 513057
threshold=0.061552621303690887 777.22274205627548 24.444700000000001 18.583150000000003 18.596550000000004 867.10914946797095 2887.9072378709611 -0.12940952255126034 98.947161985937527 1.1409968804727437 252.26299266618435 -0.5 499.03500000000014
decision_type=2 2 2 2 2 2 2 2 2 2 2 2 2
left_child=1 6 3 5 -5 -2 8 -8 -1 11 -11 -4 -3
right_child=2 12 9 4 -6 -7 7 -9 -10 10 -12 -13 -14
leaf_value=-0.1607469286422106 -0.25290533921064817 22.366309005737303 -5.3763512103697835 -9.6145054270683321 -1.0162472614214635 15.469463057454428 0.73894419444691051 15.001652573214638 0.97698885270692704 4.1640505279541014 24.894901660737538 6.9902568696420406 5.9184766469682959
leaf_weight=5903 14182 34 33 296 3053 74 54 53 6761 24 20 78 20
leaf_count=5903 14182 34 33 296 3053 74 54 53 6761 24 20 78 20
internal_value=0.000838402 0.578137 -0.416055 -0.476308 -1.77884 -0.170214 0.509558 7.87714 0.446692 6.38672 13.931 3.29852 16.4929
internal_weight=30585 12825 17760 17605 3349 14256 12771 107 12664 155 44 111 54
internal_count=30585 12825 17760 17605 3349 14256 12771 107 12664 155 44 111 54
is_linear=0
shrinkage=0.08


Tree=76
num_leaves=15
num_cat=0
split_feature=4 7 9 22 14 21 9 11 2 12 12 15 11 26
split_gain=1.09583e+06 1.87115e+06 1.41936e+06 1.54235e+06 1.29681e+06 2.20333e+06 4.63376e+06 1.71829e+06 3.59493e+06 1.1967e+06 1.05239e+06 1.08571e+06 1.07668e+06 695924
threshold=1.1217164099534516 777.36461542940708 1192.5265522846357 1.5000000000000002 -0.70710678118654735 1.0000000180025095e-35 1543.9451096952896 418.28706033867599 0.54161340143209025 43787.500000000007 43787.500000000007 1.0000000180025095e-35 351.01163321540656 18.985200000000003
decision_type=2 2 2 2 2 2 2 2 2 2 2 2 2 2
left_child=4 10 -3 -4 7 9 -7 13 -9 -6 11 -2 -12 -1
right_child=1 2 3 -5 5 6 -8 8 -10 -11 12 -13 -14 -15
leaf_value=-0.0098574451315676347 -0.60165219486658505 -10.406477316151495 17.470112309420109 2.727520785612219 -0.57929778053514747 -1.8420146056008124 -17.871101332860636 21.584279673712594 2.5610164597378953 2.0183107947070615 2.1842715686705056 1.5873723401713811 13.680582117353168 3.329417542686111
leaf_weight=5014 2946 22 99 84 16129 638 140 69 698 1220 163 2854 76 433
leaf_count=5014 2946 22 99 84 16129 638 140 69 698 1220 163 2854 76 433
internal_value=0.000980833 0.946358 8.44418 10.7546 -0.241558 -0.583439 -4.74566 0.755685 4.29824 -0.396525 0.690481 0.475587 5.88177 0.256155
internal_weight=30585 6244 205 183 24341 18127 778 6214 767 17349 6039 5800 239 5447
internal_count=30585 6244 205 183 24341 18127 778 6214 767 17349 6039 5800 239 5447
is_linear=0
shrinkage=0.08


Tree=77
num_leaves=16
num_cat=0
split_feature=15 11 2 15 16 16 11 14 23 26 7 26 26 23 8
split_gain=1.04161e+06 1.17491e+06 1.02586e+06 2.02178e+06 3.75906e+06 2.29793e+06 1.67878e+06 2.72137e+06 887191 1.1215e+06 721115 536969 336019 267777 136166
threshold=-0.9829629131445341 342.34426700996619 0.52373660476378625 -0.12940952255126034 -0.60785761079279388 -0.60785761079279388 400.20756300939792 -1.0000000180025095e-35 8.3778580000000016 18.576600000000003 631.16248673136681 8.6959500000000016 18.814800000000002 4.5945386500000014 623.23814660758364
decision_type=2 2 2 2 2 2 2 2 2 2 2 2 2 2 2
left_child=1 12 3 4 -2 -5 11 -8 10 -10 -3 -4 13 -1 -14
right_child=2 8 6 5 -6 -7 7 -9 9 -11 -12 -13 14 -15 -16
leaf_value=2.4019580525488942 -5.8416562859535626 -5.4607122781926938 -0.27346954434918908 2.2832986820349657 1.0246202004636289 -1.0309610505055704 0.38665760496987239 5.6457318138461119 -7.021999244985655 -23.114974380069306 10.707810400082515 0.59442615791884668 0.73166743538596413 -1.1742134623715668 -6.3408658525132635
leaf_weight=162 1160 54 10191 2007 910 4017 1799 968 128 35 25 8259 21 753 96
leaf_count=162 1160 54 10191 2007 910 4017 1799 968 128 35 25 8259 21 753 96
internal_value=0.00099609 -2.23743 0.0983619 -0.667853 -2.82411 0.0734377 0.39068 2.22785 -7.24244 -10.5974 -0.274201 0.115048 -1.05789 -0.539124 -5.07599
internal_weight=30585 1274 29311 8094 2070 6024 21217 2767 242 163 79 18450 1032 915 117
internal_count=30585 1274 29311 8094 2070 6024 21217 2767 242 163 79 18450 1032 915 117
is_linear=0
shrinkage=0.08


Tree=78
num_leaves=16
num_cat=0
split_feature=1 11 12 14 26 0 5 13 22 11 14 11 6 12 26
split_gain=1.06368e+06 1.74366e+06 2.80159e+06 4.2299e+06 1.6578e+06 1.60069e+06 1.37862e+06 2.01037e+06 3.83248e+06 2.10456e+06 873049 1.51429e+06 1.0035e+06 565401 401605
threshold=0.17248759455961213 212.21842032167106 31864.500000000004 0.12940952255126043 14.636050000000003 0.51278855121779865 290.00500000000017 32934.875000000007 5.5000000000000009 299.42770225776047 -0.70710678118654735 295.04571564515408 40188.052500000005 35418.000000000007 13.743950000000002
decision_type=2 2 2 2 2 2 2 2 2 2 2 2 2 2 2
left_child=6 4 5 -4 14 -3 10 9 -9 -8 11 -1 -12 -6 -2
right_child=1 2 3 -5 13 -7 7 8 -10 -11 12 -13 -14 -15 -16
leaf_value=0.15430100821330942 0.31985207892188988 -13.289922286309135 -4.427006617658507 9.2981761406207912 15.122155196915813 -4.0754960997176894 0.052856121115062549 1.9197088965544333 -7.3119263878087883 7.7940305903862264 -0.52017251997813907 3.2854904527194271 1.5610356188379688 2.9169778937101363 -8.0256924800872795
leaf_weight=5502 476 224 491 202 66 263 367 1663 347 579 17504 1204 1619 39 39
leaf_count=5502 476 224 491 202 66 263 367 1663 347 579 17504 1204 1619 39 39
internal_value=0.000847135 -1.88524 -3.68901 -0.418671 1.54816 -8.3323 0.11885 1.7551 0.323145 4.79407 -0.0684711 0.716883 -0.3439 10.6591 -0.326469
internal_weight=30585 1800 1180 693 620 487 28785 2956 2010 946 25829 6706 19123 105 515
internal_count=30585 1800 1180 693 620 487 28785 2956 2010 946 25829 6706 19123 105 515
is_linear=0
shrinkage=0.08


Tree=79
num_leaves=15
num_cat=0
split_feature=15 7 9 23 10 15 1 17 5 11 11 13 7 12
split_gain=1.01621e+06 1.28742e+06 1.69576e+06 2.06675e+06 1.1694e+06 1.08236e+06 2.53709e+06 1.09196e+06 799436 559112 515763 477636 389318 207544
threshold=0.96592582628906831 385.01845853232277 1083.9811639138104 7.2245507500000006 166.95333112748082 0.9159756150367534 0.20179298745144222 0.81174490092936691 417.00500000000005 488.30152107479847 333.97612482584282 30283.650000000005 195.6545685703463 29421.500000000004
decision_type=2 2 2 2 2 2 2 2 2 2 2 2 2 2
left_child=4 8 11 -4 12 7 -7 -6 9 -2 -10 -3 13 -1
right_child=1 2 3 -5 5 6 -8 -9 10 -11 -12 -13 -14 -15
leaf_value=-5.7404952830345408 0.35654397874810878 11.590972340901692 -1.9418535066762284 10.619891556848454 -0.19140072209386083 -1.8899257462237768 -28.709652205757475 1.2817139916880131 3.7512953170776364 13.476288364955359 17.468212664467949 29.839123055140178 -13.981691659291585 1.1315787587847028
leaf_weight=154 2079 20 178 157 22803 1241 22 3749 49 20 27 20 32 34
leaf_count=154 2079 20 178 157 22803 1241 22 3749 49 20 27 20 32 34
internal_value=0.000791853 1.52947 5.85208 3.95938 -0.138303 -0.0922449 -2.37944 0.0166356 0.781842 0.487911 8.78798 21.2203 -5.93469 -4.49826
internal_weight=30585 2550 375 335 28035 27815 1263 26552 2175 2099 76 40 220 188
internal_count=30585 2550 375 335 28035 27815 1263 26552 2175 2099 76 40 220 188
is_linear=0
shrinkage=0.08


Tree=80
num_leaves=13
num_cat=0
split_feature=1 13 1 7 7 10 15 7 17 9 18 5
split_gain=976585 830521 773568 1.03296e+06 761255 738182 740370 646187 644529 626553 562047 506352
threshold=0.061552621303690887 22921.570000000003 0.24704976018373964 739.3636290339058 867.10914946797095 2887.9072378709611 0.1294095225512602 329.67426219371572 1.0000000180025095e-35 2396.8939039273037 -0.5 66.769999999999996
decision_type=2 2 2 2 2 2 2 2 2 2 2 2
left_child=4 7 3 -3 5 11 -7 8 -2 -6 -4 -1
right_child=1 2 10 -5 9 6 -8 -9 -10 -11 -12 -13
leaf_value=0.18363097243839147 5.1027967341353255 -0.39049634494267615 -17.687924880981445 3.2671304716278158 20.896236463274278 1.4573593509197236 14.918926852756076 -15.745786421158735 -6.7261659032331318 2.7690908222813762 -3.9440015781169038 1.4448583018826486
leaf_weight=10118 40 16954 23 508 20 63 44 33 105 30 97 2550
leaf_count=10118 40 16954 23 508 20 63 44 33 105 30 97 2550
internal_value=0.000825433 -0.383314 -0.328096 -0.283909 0.532768 0.493787 7.07984 -5.80512 -3.4504 10.2875 -6.70266 0.437603
internal_weight=30585 17760 17582 17462 12825 12775 107 178 145 50 120 12668
internal_count=30585 17760 17582 17462 12825 12775 107 178 145 50 120 12668
is_linear=0
shrinkage=0.08


Tree=81
num_leaves=16
num_cat=0
split_feature=5 7 10 10 1 7 11 1 19 8 14 23 26 7 7
split_gain=924330 1.30108e+06 2.08469e+06 1.60835e+06 1.03923e+06 2.20367e+06 1.03841e+06 957694 1.8032e+06 1.35723e+06 1.18039e+06 864701 615597 1.64269e+06 856204
threshold=-499.99999999999983 867.10914946797095 1292.0954870900734 1706.1374638911916 0.17248759455961213 2.0306872477245395 400.20756300939792 0.12613978437322179 0.6830127018922193 1308.4361375932579 -0.9159756150367534 9.3313510000000015 18.549850000000003 430.44667324903764 777.36461542940708
decision_type=2 2 2 2 2 2 2 2 2 2 2 2 2 2 2
left_child=7 4 11 -4 6 -6 -2 12 10 -10 -9 -3 13 -1 -14
right_child=1 2 3 -5 5 -7 -8 8 9 -11 -12 -13 14 -15 -16
leaf_value=-1.4047153619384023 -0.016002569027852086 11.030488019670759 -8.6513400545987214 5.7023286337991363 16.495608436107638 -2.5440295454326738 1.6136237223685539 10.639446468868771 -5.8027250573294502 -28.793758679014264 -4.4287746757233215 32.23416451590402 -2.9728083045224389 10.596660226606856 11.912207453801082
leaf_weight=256 24669 34 65 205 39 1436 2784 36 34 32 333 20 516 101 25
leaf_count=256 24669 34 65 205 39 1436 2784 36 34 32 333 20 516 101 25
internal_value=0.000773907 0.0946873 5.12823 2.22764 0.0381352 -2.02977 0.14931 -2.05863 -5.13496 -17.2133 -2.93392 19.327 -0.564379 2.01075 -2.26425
internal_weight=30585 29252 324 270 28928 1475 27453 1333 435 66 369 54 898 357 541
internal_count=30585 29252 324 270 28928 1475 27453 1333 435 66 369 54 898 357 541
is_linear=0
shrinkage=0.08


Tree=82
num_leaves=14
num_cat=0
split_feature=15 9 12 11 5 1 11 26 7 23 11 7 11
split_gain=868463 1.13398e+06 929739 1.16191e+06 1.25337e+06 843879 1.86873e+06 1.01319e+06 839474 619077 878232 369576 154430
threshold=-0.9829629131445341 2148.5964702371089 46979.000000000007 283.33987693072157 397.00500000000017 0.061552621303690887 777.22274205627548 24.444700000000001 576.58915984026874 5.8123637500000003 150.65296495243669 325.12058066250438 206.9757618120652
decision_type=2 2 2 2 2 2 2 2 2 2 2 2 2
left_child=1 9 5 12 -5 6 -2 -7 -3 11 -11 -1 -4
right_child=2 8 3 4 -6 7 -8 -9 -10 10 -12 -13 -14
leaf_value=0.89038648613827975 0.47836266359998342 -20.24210489633921 0.86924276807478495 5.8053422677839128 24.351499873570035 -0.39109343646552391 15.533417252999431 6.1917453034508307 -0.74586426417032881 -0.22983028046640119 -5.1361157731811664 11.093551603698732 -6.3057138052440829
leaf_weight=252 12065 36 223 147 27 16627 52 150 23 507 432 24 20
leaf_count=252 12065 36 223 147 27 16627 52 150 23 507 432 24 20
internal_value=0.000831294 -2.04309 0.089737 3.8357 8.8059 0.0355441 0.544248 -0.331872 -12.781 -1.51158 -2.4901 1.81446 0.255288
internal_weight=30585 1274 29311 417 174 28894 12117 16777 59 1215 939 276 243
internal_count=30585 1274 29311 417 174 28894 12117 16777 59 1215 939 276 243
is_linear=0
shrinkage=0.08


Tree=83
num_leaves=15
num_cat=0
split_feature=15 4 9 15 1 9 10 9 0 9 15 6 23 19
split_gain=866095 1.18801e+06 1.29146e+06 980422 2.07704e+06 1.64798e+06 974596 1.36191e+06 970122 2.05262e+06 1.46557e+06 965977 746390 560374
threshold=0.96592582628906831 1.1636545937468423 1679.8958772287044 0.9159756150367534 0.20179298745144222 2396.8939039273037 2548.6437464042765 1997.8783519999365 0.47810391946109437 133.87200642658311 -0.37940952255126009 26718.210833333334 6.4001635000000006 -0.24999999999999994
decision_type=2 2 2 2 2 2 2 2 2 2 2 2 2 2
left_child=3 6 13 8 5 -5 7 -2 9 -1 -10 -4 -8 -3
right_child=1 2 11 4 -6 -7 12 -9 10 -11 -12 -13 -14 -15
leaf_value=11.636088406779979 0.95638941308852621 7.5611328070291455 30.04963596690785 -1.3077037739537158 -26.120968031675922 -17.247347466446634 -2.522708742916584 -6.9479324660301209 -3.2097565244520463 0.20222813731476971 -0.26817540277619617 8.728751904487611 11.953987708034285 -0.25854417427893611
leaf_weight=100 1994 111 21 1210 22 42 31 149 1344 19730 5587 39 82 123
leaf_count=100 1994 111 21 1210 22 42 31 149 1344 19730 5587 39 82 123
internal_value=0.000848915 1.41211 6.18654 -0.127562 -2.29494 -1.85576 0.787444 0.403828 -0.0242986 0.260471 -0.838962 16.5613 7.99521 3.46718
internal_weight=30585 2550 294 28035 1274 1252 2256 2143 26761 19830 6931 60 113 234
internal_count=30585 2550 294 28035 1274 1252 2256 2143 26761 19830 6931 60 113 234
is_linear=0
shrinkage=0.08


Tree=84
num_leaves=16
num_cat=0
split_feature=4 7 22 3 14 1 11 10 14 21 11 11 3 5 0
split_gain=791671 1.27176e+06 1.16648e+06 1.66601e+06 1.50186e+06 1.05229e+06 1.4793e+06 1.22177e+06 870913 1.63906e+06 3.89717e+06 1.46472e+06 4.03227e+06 885810 842196
threshold=1.1217164099534516 777.36461542940708 3.5000000000000004 0.85113922257099039 0.91597561503675362 0.16412451633533634 311.58822615612172 2289.661802668134 -0.70710678118654735 1.0000000180025095e-35 464.25703865863346 815.9462725892173 2.1005746971663721 -1227.9999999999998 0.46247628993629081
decision_type=2 2 2 2 2 2 2 2 2 2 2 2 2 2 2
left_child=8 5 4 -4 -3 6 -2 -7 11 13 -11 14 -13 -10 -1
right_child=1 2 3 -5 -6 7 -8 -9 9 10 -12 12 -14 -15 -16
leaf_value=0.19912984171750889 0.29416449803392203 6.7003246417008056 -17.846305201603816 10.290848290579659 27.284986615862167 -3.8274061983710839 3.6838372582735821 14.327342370605468 -5.0615213169343019 -1.7298622515394884 -17.742637177935816 31.091023361618454 -2.7802709189776715 -0.25530230979326995 3.8398310752219804
leaf_weight=5684 4535 126 25 27 27 474 1006 24 248 665 113 36 57 17101 437
leaf_count=5684 4535 126 25 27 27 474 1006 24 248 665 113 36 57 17101 437
internal_value=0.000815539 0.804352 6.98573 -3.31812 10.4865 0.593397 0.910132 -2.92552 -0.205334 -0.485506 -4.07542 0.611908 10.5225 -0.324294 0.459637
internal_weight=30585 6244 205 52 153 6039 5541 498 24341 18127 778 6214 93 17349 6121
internal_count=30585 6244 205 52 153 6039 5541 498 24341 18127 778 6214 93 17349 6121
is_linear=0
shrinkage=0.08


Tree=85
num_leaves=12
num_cat=0
split_feature=10 26 3 13 10 5 7 1 7 9 11
split_gain=731384 1.08905e+06 1.37948e+06 1.18131e+06 704307 678877 1.05887e+06 748513 486058 607754 421596
threshold=2767.1847758161971 18.190700000000003 2.2824269971427964 43707.545000000006 232.86589403628523 -499.99999999999983 867.10914946797095 0.12907691640303154 242.33534189160753 303.37034084237683 488.30152107479847
decision_type=2 2 2 2 2 2 2 2 2 2 2
left_child=4 2 -2 10 8 7 -7 -6 9 -1 -3
right_child=1 3 -4 -5 5 6 -8 -9 -10 -11 -12
leaf_value=-5.262934857240487 28.346064961751303 2.2438902453038967 0.58511110388714338 -16.450330142066591 -0.48090491324298507 0.03749288433533552 4.6798668279587847 -4.6069163022855433 -12.603441658020019 0.58963732696005278 12.928522080641526
leaf_weight=230 23 270 22 20 898 28117 317 409 31 223 25
leaf_count=230 23 270 22 20 898 28117 317 409 31 223 25
internal_value=0.00087707 3.58045 15.0818 1.89487 -0.0418751 0.00743909 0.0894117 -1.77459 -3.06592 -2.38691 3.18999
internal_weight=30585 360 45 315 30225 29741 28434 1307 484 453 295
internal_count=30585 360 45 315 30225 29741 28434 1307 484 453 295
is_linear=0
shrinkage=0.08


Tree=86
num_leaves=16
num_cat=0
split_feature=15 11 19 23 15 9 26 1 12 11 9 10 9 11 6
split_gain=754370 1.01554e+06 2.66012e+06 1.39669e+06 815297 1.80482e+06 1.49453e+06 831498 818068 2.79973e+06 2.59307e+06 795525 714833 561014 464908
threshold=0.96592582628906831 472.37178621456525 -0.5 7.1080962000000012 0.9159756150367534 2231.5016179326008 18.583150000000003 0.068650442830567884 33105.500000000007 614.20424327994806 133.87200642658311 2548.6437464042765 2396.8939039273037 441.98575352340697 28059.969166666669
decision_type=2 2 2 2 2 2 2 2 2 2 2 2 2 2 2
left_child=4 11 14 -4 8 7 -7 -6 9 -1 -10 13 -13 -2 -3
right_child=1 2 3 -5 5 6 -8 -9 10 -11 -12 12 -14 -15 -16
leaf_value=-0.28391187508017057 0.67284155847872551 32.6108882002397 -2.2388106670664318 12.809505921772548 0.78351385775162941 -6.2571099932988492 -31.329553866179094 -3.4179304423494243 20.399663322262647 -6.2247647933534527 0.256663324019132 19.920677539062499 3.4237999739470304 -11.147725527836727 14.862371812903364
leaf_weight=9014 2217 21 133 55 588 47 22 617 40 537 17170 24 53 25 22
leaf_count=9014 2217 21 133 55 588 47 22 617 40 537 17170 24 53 25 22
internal_value=0.000833074 1.31793 6.36468 2.2081 -0.119009 -2.09546 -14.5846 -1.36882 -0.0248426 -0.61855 0.304663 0.812683 8.75516 0.536122 24.0744
internal_weight=30585 2550 231 188 28035 1274 69 1205 26761 9551 17210 2319 77 2242 43
internal_count=30585 2550 231 188 28035 1274 69 1205 26761 9551 17210 2319 77 2242 43
is_linear=0
shrinkage=0.08


Tree=87
num_leaves=16
num_cat=0
split_feature=15 26 23 7 10 9 3 1 12 4 23 5 10 3 6
split_gain=748177 1.40618e+06 1.8423e+06 1.88311e+06 801144 1.26856e+06 1.10654e+06 772998 761666 671886 641929 585353 804794 682653 457852
threshold=-0.9159756150367534 18.216350000000002 6.4526388000000017 926.39038297204081 428.73204713259628 1642.3785908357577 0.26079311168918645 0.24704976018373964 23865.000000000004 0.62178480082020082 5.9596188000000003 311.07500000000005 1536.7513263795634 1.1901769177352677 19085.017500000005
decision_type=2 2 2 2 2 2 2 2 2 2 2 2 2 2 2
left_child=1 11 9 -4 5 14 -7 8 -6 -3 -9 13 -13 -1 -2
right_child=4 2 3 -5 7 6 -8 10 -10 -11 -12 12 -14 -15 -16
leaf_value=-0.037385945943187907 -6.5583010664440335 -11.233218042055766 -7.216174789848667 13.697570064150055 6.7329740600089236 -1.6168960970098323 -27.669344540550597 0.15050511585582388 0.3421228725393019 2.767290014868117 -11.822985128183834 -5.072252868261093 8.4157500904628204 -4.2360340872504496 -0.59289215720683841
leaf_weight=2509 83 23 590 28 119 21 20 54 22197 256 60 38 104 274 4209
leaf_count=2509 83 23 590 28 119 21 20 54 22197 256 60 38 104 274 4209
internal_value=0.000883712 -1.046 -3.81507 -6.24803 0.150421 -0.845316 -14.6816 0.342806 0.376502 1.57713 -6.19934 -0.1958 4.79606 -0.452137 -0.709754
internal_weight=30585 3822 897 618 26763 4333 41 22430 22316 279 114 2925 142 2783 4292
internal_count=30585 3822 897 618 26763 4333 41 22430 22316 279 114 2925 142 2783 4292
is_linear=0
shrinkage=0.08


Tree=88
num_leaves=13
num_cat=0
split_feature=15 9 12 11 4 7 4 7 14 11 23 9
split_gain=663660 952601 762441 978796 1.00278e+06 664602 653374 1.1291e+06 643337 547673 435969 135743
threshold=-0.9829629131445341 2148.5964702371089 46979.000000000007 283.33987693072157 1.103822511888773 576.58915984026874 1.1266037918339558 668.18643537312937 -0.70710678118654735 709.18839906504832 5.8123637500000003 708.38713674120231
decision_type=2 2 2 2 2 2 2 2 2 2 2 2
left_child=1 9 6 11 -5 -3 8 -8 -2 10 -1 -4
right_child=2 5 3 4 -6 -7 7 -9 -10 -11 -12 -13
leaf_value=1.7415588007702667 0.54143492592640519 -18.266573457460144 4.7965627550397603 4.7488430930924244 19.361083553998899 -0.90799122810363775 0.54596902063378383 5.7507831091897765 -0.40892275980188991 -12.786815288250263 -1.8862052663391269 -0.58485874394859583
leaf_weight=275 6210 36 34 136 38 23 5268 280 17136 25 915 209
leaf_count=275 6210 36 34 136 38 23 5268 280 17136 25 915 209
internal_value=0.000698062 -1.78604 0.0784169 3.47065 8.03242 -11.6276 0.0293415 0.809638 -0.156117 -1.29897 -1.0471 0.18467
internal_weight=30585 1274 29311 417 174 59 28894 5548 23346 1215 1190 243
internal_count=30585 1274 29311 417 174 59 28894 5548 23346 1215 1190 243
is_linear=0
shrinkage=0.08


Tree=89
num_leaves=14
num_cat=0
split_feature=15 4 11 26 11 8 10 5 23 6 9 12 9
split_gain=645908 913194 1.21218e+06 1.83649e+06 903134 813670 747796 720121 1.1728e+06 674098 439292 164661 77067.6
threshold=0.96592582628906831 1.1636545937468423 342.34426700996619 18.565850000000001 866.73822657055348 2475.030458788719 117.31523253839474 -1504.4999999999998 7.7504735000000009 39613.970000000008 1603.25204566808 28991.000000000004 267.70683238145966
decision_type=2 2 2 2 2 2 2 2 2 2 2 2 2
left_child=6 4 10 -4 5 -2 11 8 -8 -9 -3 12 -1
right_child=1 2 3 -5 -6 -7 7 9 -10 -11 -12 -13 -14
leaf_value=-4.8254264947139855 0.43593308951958315 1.0109938829169445 32.878843788478683 6.082860624949137 -15.100901874044666 6.6940908474989342 -12.459066099509215 -0.19268837223578808 1.2300738677059311 1.0608922841773132 13.202322809128534 -0.57411210775375365 -10.000001180548416
leaf_weight=32 2093 193 22 59 22 141 77 24677 82 3088 20 23 56
leaf_count=32 2093 193 22 59 22 141 77 24677 82 3088 20 23 56
internal_value=0.000649135 1.21938 5.40531 13.673 0.671725 0.833738 -0.110244 -0.0840744 -5.43569 -0.053233 2.21206 -6.63409 -8.1937
internal_weight=30585 2550 294 81 2256 2234 28035 27924 159 27765 213 111 88
internal_count=30585 2550 294 81 2256 2234 28035 27924 159 27765 213 111 88
is_linear=0
shrinkage=0.08


Tree=90
num_leaves=16
num_cat=0
split_feature=1 26 15 9 9 7 11 9 12 10 18 9 5 7 9
split_gain=631570 1.30674e+06 2.56068e+06 4.41206e+06 2.21475e+06 1.68623e+06 1.27731e+06 2.00155e+06 1.8145e+06 962916 951711 866406 777881 1.17325e+06 624816
threshold=0.10592229655737891 18.576600000000003 0.37940952255126043 2084.4454757204603 1412.3653628747913 867.10914946797095 576.46600801760758 1004.3136993997213 30178.500000000004 1339.9209631280157 0.68301270189221941 3105.7539177504273 749.93500000000017 520.58208160068637 2895.5032941072968
decision_type=2 2 2 2 2 2 2 2 2 2 2 2 2 2 2
left_child=6 5 4 -4 -3 11 12 8 -8 -7 -9 -2 14 -14 -1
right_child=1 2 3 -5 -6 9 7 10 -10 -11 -12 -13 13 -15 -16
leaf_value=0.14064801783200018 -0.28682193087602698 -4.0609624148227406 -3.2110531222691172 -19.548132197838704 3.1359705301007814 26.604078892299107 -22.159948896135603 4.3466564949366413 5.5651604659469038 6.0094146070293357 21.699175956362769 9.2115398016283585 2.1271606463144224 16.638667075747534 -2.5318035524203957
leaf_weight=20034 7083 498 553 130 605 20 34 616 26 50 20 61 239 41 575
leaf_count=20034 7083 498 553 130 605 20 34 616 26 50 20 61 239 41 575
internal_value=0.000648058 -0.562306 -2.49902 -6.34463 -0.11415 -0.0825454 0.23539 3.60435 -10.2515 12.1854 4.92554 -0.204441 0.122973 4.30371 0.0659662
internal_weight=30585 9000 1786 683 1103 7214 21585 696 60 70 636 7144 20889 280 20609
internal_count=30585 9000 1786 683 1103 7214 21585 696 60 70 636 7144 20889 280 20609
is_linear=0
shrinkage=0.08


Tree=91
num_leaves=13
num_cat=0
split_feature=10 26 3 13 9 15 16 14 3 14 15 5
split_gain=629040 880126 1.1695e+06 990252 626271 2.41057e+06 3.45816e+06 2.30936e+06 1.44256e+06 1.94294e+06 1.04863e+06 403374
threshold=2767.1847758161971 18.190700000000003 2.2824269971427964 43707.545000000006 2111.7118711774119 0.1294095225512602 -0.60785761079279388 0.60355339059327384 2.2357967022157044 -0.70710678118654735 0.1294095225512602 78.950000000000031
decision_type=2 2 2 2 2 2 2 2 2 2 2 2
left_child=4 2 -2 11 8 7 -7 -6 10 -10 -1 -3
right_child=1 3 -4 -5 5 6 -8 -9 9 -11 -12 -13
leaf_value=-0.42618307454466803 25.873087158203127 0.44510251452351179 0.32235073089599608 -14.99211366925921 -1.0113700425458509 2.9708082024496485 -6.6856501719245731 5.5802891200239007 25.457673983573915 3.0696940455816493 0.57027912011923598 6.4207765152340848
leaf_weight=14514 23 170 22 20 1289 330 840 461 31 112 12648 125
leaf_count=14514 23 170 22 20 1289 330 840 461 31 112 12648 125
internal_value=0.000710467 3.3204 13.6602 1.80473 -0.0389378 -1.1523 -3.96182 0.727257 0.0801631 8.06612 0.037824 2.99031
internal_weight=30585 360 45 315 30225 2920 1170 1750 27305 143 27162 295
internal_count=30585 360 45 315 30225 2920 1170 1750 27305 143 27162 295
is_linear=0
shrinkage=0.08


Tree=92
num_leaves=14
num_cat=0
split_feature=12 15 16 26 21 16 15 15 10 9 10 9 4
split_gain=587411 928524 3.58265e+06 2.78141e+06 2.46959e+06 1.36732e+06 5.19574e+06 3.00687e+06 908121 704890 951879 602439 519967
threshold=44332.500000000007 -0.5 -0.60785761079279388 14.636050000000003 1.0000000180025095e-35 -0.60785761079279388 -0.12940952255126034 -0.37940952255126009 2665.9354191262587 2762.2196417614418 2228.4778661858099 2803.4179486041867 1.103822511888773
decision_type=2 2 2 2 2 2 2 2 2 2 2 2 2
left_child=1 2 3 -1 -4 6 -3 -7 9 12 -11 -10 -2
right_child=8 5 4 -5 -6 7 -8 -9 11 10 -12 -13 -14
leaf_value=-1.1265591901884628 0.99555119214002219 -3.7195917498719115 0.71227063603295349 -6.2300695938066122 -6.8292379439040403 4.2687448484801198 2.400115584018661 -0.50697405519113292 18.346964866175796 -13.355482289839765 0.7943311700703185 2.7131727936118843 5.4188202444429932
leaf_weight=1793 1251 1092 5755 1104 291 900 4732 13280 32 48 80 31 196
leaf_count=1793 1251 1092 5755 1104 291 900 4732 13280 32 48 80 31 196
internal_value=0.000778115 -0.0826424 -0.760239 -3.0729 0.348221 0.220307 1.25223 -0.203581 1.47415 1.09382 -4.57425 10.8167 1.59802
internal_weight=30585 28947 8943 2897 6046 20004 5824 14180 1638 1575 128 63 1447
internal_count=30585 28947 8943 2897 6046 20004 5824 14180 1638 1575 128 63 1447
is_linear=0
shrinkage=0.08


Tree=93
num_leaves=14
num_cat=0
split_feature=26 26 15 22 19 15 23 9 12 11 8 14 9
split_gain=592402 776650 1.24538e+06 797237 777077 2.64009e+06 1.38166e+06 577622 552550 486187 338922 240719 109895
threshold=24.444700000000001 19.551900000000007 0.1294095225512602 5.5000000000000009 -0.68301270189221952 0.25881904510252057 9.089140500000001 655.93094272100859 29500.500000000004 346.17131145310685 737.99007240261528 -0.60355339059327362 1049.3359823433866
decision_type=2 2 2 2 2 2 2 2 2 2 2 2 2
left_child=1 4 3 -3 5 -1 -6 -4 9 11 -10 -2 -12
right_child=8 2 7 -5 6 -7 -8 -9 10 -11 12 -13 -14
leaf_value=-0.5336177861661533 11.045433613913399 -3.5309731219216451 10.033611214637757 -12.237573779338522 0.1776941804738629 2.625407831342891 -1.2757996472272666 -0.024112054023821401 -6.5251856561609216 16.483662045796713 0.4973619340595446 2.2404177909427219 7.553977787183678
leaf_weight=4060 27 468 39 78 16821 2903 5571 423 36 29 37 71 22
leaf_count=4060 27 468 39 78 16821 2903 5571 423 36 29 37 71 22
internal_value=0.00072602 -0.0294459 -2.21177 -4.79487 0.0455641 0.783625 -0.183967 0.844754 4.10898 7.53978 -0.508236 4.75336 3.21069
internal_weight=30585 30363 1008 546 29355 6963 22392 462 222 127 95 98 59
internal_count=30585 30363 1008 546 29355 6963 22392 462 222 127 95 98 59
is_linear=0
shrinkage=0.08


Tree=94
num_leaves=12
num_cat=0
split_feature=8 15 6 11 7 9 14 3 6 0 14
split_gain=556237 884347 555507 1.31731e+06 691711 650582 1.87595e+06 1.25888e+06 475521 207002 199189
threshold=3302.9503335992745 -0.12940952255126034 42798.356666666674 375.17067062483983 464.32489651588804 2111.7118711774119 0.60355339059327384 2.2357967022157044 35605.790000000008 0.39046768443785135 -0.70710678118654735
decision_type=2 2 2 2 2 2 2 2 2 2 2
left_child=2 -2 5 10 -5 7 -7 -1 -3 -10 -4
right_child=1 8 3 4 -6 6 -8 -9 9 -11 -12
leaf_value=0.011078046370251891 -6.5839267914870687 18.452494547808612 -2.4391173978952261 11.240729285180569 -1.0254180174607497 -2.2750042372468546 2.5628499506278475 7.5636009466816008 8.8019779634475714 -1.115175944282895 1.1375614828051044
leaf_weight=26649 28 26 129 127 38 2303 659 141 39 20 426
leaf_count=26649 28 26 129 127 38 2303 659 141 39 20 426
internal_value=0.000737328 5.57846 -0.020129 2.17403 8.42664 -0.0732991 -1.19815 0.051109 9.61486 5.47767 0.303334
internal_weight=30585 113 30472 720 165 29752 2962 26790 85 59 555
internal_count=30585 113 30472 720 165 29752 2962 26790 85 59 555
is_linear=0
shrinkage=0.08


Tree=95
num_leaves=16
num_cat=0
split_feature=4 7 19 23 15 26 26 14 11 17 11 3 11 10 11
split_gain=571814 915051 1.15125e+06 1.85082e+06 1.64315e+06 815146 730457 634347 1.32278e+06 3.93771e+06 1.31137e+06 3.4674e+06 809213 691495 344897
threshold=1.1217164099534516 311.59924285531133 -0.68301270189221952 10.065666500000001 0.37940952255126043 24.444700000000001 19.457900000000006 -0.70710678118654735 346.17131145310685 0.81174490092936691 815.9462725892173 2.1005746971663721 197.70191442805387 1940.014878896319 235.15423841233101
decision_type=2 2 2 2 2 2 2 2 2 2 2 2 2 2 2
left_child=7 5 4 -4 -3 6 -2 10 13 -10 12 -12 -1 -9 -7
right_child=1 2 3 -5 -6 14 -8 8 9 -11 11 -13 -14 -15 -16
leaf_value=-0.31079365723971947 0.38725215550442488 2.5558580259482064 2.7615996902174418 -5.4545433411904432 14.107928608150806 3.7096428813105047 -2.840448169116955 -0.21553608869577059 -3.2404347250353296 4.2114174733813039 28.973666959195526 -2.4376161851554081 1.6052977448404377 2.5109598049065536 18.090056055242364
leaf_weight=3918 4228 239 899 217 117 22 501 14403 2553 551 36 57 2203 620 21
leaf_count=3918 4228 239 899 217 117 22 501 14403 2553 551 36 57 2203 620 21
internal_value=0.000773373 0.683679 2.42667 1.16056 6.38135 0.145629 0.0447747 -0.174428 -0.413539 -1.9167 0.523044 9.90047 0.378974 -0.102854 10.9842
internal_weight=30585 6244 1472 1116 356 4772 4729 24341 18127 3104 6214 93 6121 15023 43
internal_count=30585 6244 1472 1116 356 4772 4729 24341 18127 3104 6214 93 6121 15023 43
is_linear=0
shrinkage=0.08


Tree=96
num_leaves=12
num_cat=0
split_feature=10 12 12 8 4 10 15 15 9 15 8
split_gain=582176 958895 1.2815e+06 797249 510316 858538 1.52446e+06 933640 658282 1.16185e+06 964974
threshold=2739.3066488678764 29500.500000000004 30424.500000000004 2700.8174739057463 1.1958333420576872 1536.7513263795634 0.25881904510252057 0.1294095225512602 2148.5964702371089 0.60355339059327384 2536.291659429196
decision_type=2 2 2 2 2 2 2 2 2 2 2
left_child=4 -2 -3 -4 8 7 -7 -6 10 -10 -1
right_child=1 2 3 -5 5 6 -8 -9 9 -11 -12
leaf_value=-0.087638713622312847 19.485076352074035 -17.322677612304688 7.4845882224732909 0.37924374630576685 -1.0723889047525696 6.72755251272865 -0.60109815642412967 2.118162829821538 -0.42864071027185374 -4.5544564105446144 4.5785342532167865
leaf_weight=24258 20 20 156 284 1474 390 339 974 1809 575 286
leaf_count=24258 20 20 156 284 1474 390 339 974 1809 575 286
internal_value=0.000879983 2.76211 1.99434 2.90967 -0.0432359 0.915524 3.32342 0.197401 -0.156381 -1.42524 -0.0330816
internal_weight=30585 480 460 440 30105 3177 729 2448 26928 2384 24544
internal_count=30585 480 460 440 30105 3177 729 2448 26928 2384 24544
is_linear=0
shrinkage=0.08


Tree=97
num_leaves=12
num_cat=0
split_feature=10 7 0 9 9 6 15 26 12 6 7
split_gain=531669 1.19122e+06 684379 712784 583895 1.6241e+06 585126 446106 680234 564193 358073
threshold=405.71248492158958 442.0306932588071 0.62280897384384659 937.00950936752349 245.39854935753308 28807.868333333336 -0.9159756150367534 6.7429000000000014 31803.500000000004 20008.381666666672 242.33534189160753
decision_type=2 2 2 2 2 2 2 2 2 2 2
left_child=1 7 4 10 5 -2 -6 8 -1 -9 -4
right_child=2 -3 3 -5 6 -7 -8 9 -10 -11 -12
leaf_value=-4.4802164091253696 -0.078412394090132273 -17.754955475418654 7.4344592803379275 18.86420140805452 -0.94370295559259054 11.291312190464565 0.17888967373172063 -4.6230261389322065 0.12957316801234636 0.16396281288216064 -2.4753686341785248
leaf_weight=461 285 26 52 22 3395 111 23775 171 368 1878 41
leaf_count=461 285 26 52 22 3395 111 23775 171 368 1878 41
internal_value=0.000853283 -1.02875 0.108901 6.24084 0.0830945 3.12897 0.0385877 -0.871525 -2.4362 -0.237597 3.08575
internal_weight=30585 2904 27681 115 27566 396 27170 2878 829 2049 93
internal_count=30585 2904 27681 115 27566 396 27170 2878 829 2049 93
is_linear=0
shrinkage=0.08


Tree=98
num_leaves=14
num_cat=0
split_feature=1 11 23 15 11 4 22 5 12 7 0 7 8
split_gain=540912 696119 660293 879515 700488 668410 1.1487e+06 649724 610183 503314 669526 412484 220772
threshold=0.055680606748290042 777.22274205627548 3.5113512000000004 0.1294095225512602 430.40480358111773 1.7503628991891083 1.5000000000000002 649.99500000000012 46979.000000000007 98.947161985937527 0.44912654535751489 739.3636290339058 686.04247629499935
decision_type=2 2 2 2 2 2 2 2 2 2 2 2 2
left_child=1 9 3 7 -5 8 -7 -2 -4 12 -11 -3 -1
right_child=2 11 5 4 -6 6 -8 -9 -10 10 -12 -13 -14
leaf_value=-0.014151407252953559 2.0992299479438707 17.886588120875153 -0.60471977848992198 0.01341519075383292 -7.1223578750446279 9.0793823626684773 -1.1409502211809157 14.214637482741784 3.0623003385679142 1.5680608859785574 -0.17018974926900676 2.255845402804288 -1.9316604780405759
leaf_weight=5040 1299 22 15440 1652 92 125 159 28 295 3697 2300 21 415
leaf_count=5040 1299 22 15440 1652 92 125 159 28 295 3697 2300 21 415
internal_value=0.000805174 0.434342 -0.260257 0.814134 -0.366879 -0.466266 3.37351 2.36538 -0.53578 0.395719 0.901481 10.4777 -0.160357
internal_weight=30585 11495 19090 3071 1744 16019 284 1327 15735 11452 5997 43 5455
internal_count=30585 11495 19090 3071 1744 16019 284 1327 15735 11452 5997 43 5455
is_linear=0
shrinkage=0.08


Tree=99
num_leaves=15
num_cat=0
split_feature=15 11 9 24 13 26 19 1 18 12 15 11 3 11
split_gain=522030 1.66879e+06 1.26563e+06 1.87453e+06 815269 715080 586796 551904 517162 501838 912262 835951 447151 313792
threshold=0.98296291314453432 464.25703865863346 2084.4454757204603 10.136623750000002 31855.060000000001 13.000050000000002 1.0000000180025095e-35 0.24704976018373964 -0.5 41908.500000000007 -0.5 488.30152107479847 1.3195313531332287 212.21842032167106
decision_type=2 2 2 2 2 2 2 2 2 2 2 2 2 2
left_child=7 5 4 -4 -3 13 -7 9 -9 10 -1 -11 -10 -2
right_child=1 2 3 -5 -6 6 -8 8 12 11 -12 -13 -14 -15
leaf_value=-0.92345936613955948 -0.55142342908440956 28.169874036153157 21.309163499311968 -7.5242040180024654 9.0658152131111382 5.8387506707310672 0.040556884618032543 -16.022404479980469 1.076439265012741 0.50744010866236922 0.13271499069401971 5.5704085252295794 -10.521571245193481 -8.2195223477151664
leaf_weight=7413 671 29 21 41 30 239 209 23 63 3761 17799 220 31 35
leaf_count=7413 671 29 21 41 30 239 209 23 63 3761 17799 220 31 35
internal_value=0.000843277 1.58486 10.483 2.42516 18.7689 0.6436 3.1399 -0.0681139 -5.52827 -0.046042 -0.177853 0.788561 -2.81893 -0.942658
internal_weight=30585 1275 121 62 59 1154 448 29310 117 29193 25212 3981 94 706
internal_count=30585 1275 121 62 59 1154 448 29310 117 29193 25212 3981 94 706
is_linear=0
shrinkage=0.08


Tree=100
num_leaves=15
num_cat=0
split_feature=0 21 7 15 11 14 14 11 11 19 7 14 13 15
split_gain=480706 1.46487e+06 3.42642e+06 3.69806e+06 1.51275e+06 2.32116e+06 1.10268e+06 1.79805e+06 1.69549e+06 2.69498e+06 1.21655e+06 1.0872e+06 943866 665043
threshold=0.47225895453051486 1.0000000180025095e-35 242.33534189160753 -0.12940952255126034 668.06494927022538 0.60355339059327384 -0.5 739.19286622200468 614.20424327994806 0.6830127018922193 456.98066971196971 0.12940952255126043 29634.295000000002 0.1294095225512602
decision_type=2 2 2 2 2 2 2 2 2 2 2 2 2 2
left_child=1 4 12 -4 11 -6 7 13 10 -10 -8 -1 -3 -2
right_child=6 2 3 -5 5 -7 8 -9 9 -11 -12 -13 -14 -15
leaf_value=-0.21908655920313527 -0.49177659567594534 17.506997573489233 -22.256268613603378 -0.29577799702738666 2.3204091684008961 17.002170016131824 -0.77209312222590532 23.107813773522011 1.5994114267642681 -10.852998968344469 3.2472687001209919 1.0123926932535041 -0.036837203764044174 4.3986300200465314
leaf_weight=13977 399 20 107 90 544 78 6926 25 194 259 517 6829 300 320
leaf_count=13977 399 20 107 90 544 78 6926 25 194 259 517 6829 300 320
internal_value=0.000848922 0.199855 -4.00393 -12.2757 0.301463 4.18587 -0.504577 2.43765 -0.782082 -5.5284 -0.492505 0.185142 1.11078 1.68785
internal_weight=30585 21945 517 197 21428 622 8640 744 7896 453 7443 20806 320 719
internal_count=30585 21945 517 197 21428 622 8640 744 7896 453 7443 20806 320 719
is_linear=0
shrinkage=0.08


Tree=101
num_leaves=15
num_cat=0
split_feature=15 11 19 17 15 1 9 17 15 15 10 9 3 6
split_gain=468407 851172 1.7859e+06 1.52017e+06 751391 1.59905e+06 1.08251e+06 642777 3.9792e+06 1.59066e+06 623474 591012 520154 336426
threshold=0.96592582628906831 472.37178621456525 -0.5 -0.56174490092936669 0.9159756150367534 0.20179298745144222 1769.3285804849877 0.81174490092936691 -0.12940952255126034 -0.12940952255126034 2548.6437464042765 2396.8939039273037 1.780764062319619 28059.969166666669
decision_type=2 2 2 2 2 2 2 2 2 2 2 2 2 2
left_child=4 10 13 -4 7 6 -6 9 -9 -1 12 -12 -2 -3
right_child=1 2 3 -5 5 -7 -8 8 -10 -11 11 -13 -14 -15
leaf_value=-0.79845026996760282 0.51521525790760381 27.420945406827059 -11.406263263981517 5.9933984332276671 -0.62637028511770421 -22.896380383035414 -7.2555759192028564 3.4176362797389523 -1.7496111337396223 0.53535612702679281 17.757265112304687 2.7676470813044798 -7.7370095206737517 12.358965971158899
leaf_weight=12014 2193 21 40 148 1068 22 184 2002 1820 10925 24 53 49 22
leaf_count=12014 2193 21 40 148 1068 22 184 2002 1820 10925 24 53 49 22
internal_value=0.000873258 1.03873 5.65895 2.25058 -0.0935613 -1.99097 -1.60564 -0.00316103 0.957228 -0.163212 0.576257 7.60749 0.33149 20.1708
internal_weight=30585 2550 231 188 28035 1274 1252 26761 3822 22939 2319 77 2242 43
internal_count=30585 2550 231 188 28035 1274 1252 26761 3822 22939 2319 77 2242 43
is_linear=0
shrinkage=0.08


Tree=102
num_leaves=12
num_cat=0
split_feature=5 23 26 12 11 7 8 0 10 9 26
split_gain=461058 1.00475e+06 1.95045e+06 1.01863e+06 767242 524170 1.13174e+06 1.0172e+06 511896 810709 676349
threshold=-1504.4999999999998 5.1791031500000004 18.589750000000006 29248.500000000004 531.76801472283285 867.10914946797095 332.02772408584804 0.36166588655092174 2767.1847758161971 2111.7118711774119 18.216350000000002
decision_type=2 2 2 2 2 2 2 2 2 2 2
left_child=1 -1 3 -3 -4 8 -7 -8 9 -2 -10
right_child=5 2 4 -5 -6 6 7 -9 10 -11 -12
leaf_value=12.31849877493722 0.081763266325743919 -14.858054351806642 -10.567142122773564 4.6334084200247743 -30.675973205566407 15.75792297267914 13.388533134460449 -0.26123437735147859 11.085290550334115 -1.3955390815138358 1.49025755530656
leaf_weight=20 27104 21 33 77 20 39 39 276 55 2605 296
leaf_count=20 27104 21 33 77 20 39 39 276 55 2605 296
internal_value=0.000851254 -4.12943 -6.37467 0.348774 -18.5829 0.0242084 3.08027 1.46576 -0.0118825 -0.0478149 3.02097
internal_weight=30585 171 151 98 53 30414 354 315 30060 29709 351
internal_count=30585 171 151 98 53 30414 354 315 30060 29709 351
is_linear=0
shrinkage=0.08


Tree=103
num_leaves=13
num_cat=0
split_feature=1 11 26 26 6 26 1 12 4 10 15 9
split_gain=454615 738745 643031 796592 2.52872e+06 2.01392e+06 413378 526280 406800 387605 483730 438290
threshold=0.060107392327039592 777.22274205627548 24.444700000000001 18.576600000000003 28540.855833333339 18.507650000000002 0.12244085274588928 29587.500000000004 1.1196685235576567 2887.9072378709611 0.37940952255126043 2895.5032941072968
decision_type=2 2 2 2 2 2 2 2 2 2 2 2
left_child=1 9 3 5 -5 -2 7 -4 -3 11 -11 -1
right_child=2 8 6 4 -6 -7 -8 -9 -10 10 -12 -13
leaf_value=0.38101794563042196 -0.20637791337209518 15.950542312622069 10.511703239497017 -4.1930958282680173 0.25138239611378194 5.2076487091170529 -2.7539966996510823 -0.89605452255198825 1.5509142237124234 1.2778156484497918 12.683073631392586 -2.242578249796872
leaf_weight=11885 13985 29 84 1292 2236 453 35 37 22 71 35 421
leaf_count=11885 13985 29 84 1292 2236 453 35 37 22 71 35 421
internal_value=0.000785762 0.372689 -0.254989 -0.299519 -1.37697 -0.036161 4.84268 7.04463 9.88822 0.332797 5.12704 0.291087
internal_weight=30585 12463 18122 17966 3528 14438 156 121 51 12412 106 12306
internal_count=30585 12463 18122 17966 3528 14438 156 121 51 12412 106 12306
is_linear=0
shrinkage=0.08


Tree=104
num_leaves=15
num_cat=0
split_feature=4 7 9 14 1 11 18 14 11 17 11 3 0 8
split_gain=448017 757484 991247 1.17051e+06 806110 999147 847307 505267 1.18981e+06 2.83519e+06 1.05032e+06 2.88457e+06 678596 554244
threshold=1.1217164099534516 777.36461542940708 1192.5265522846357 0.91597561503675362 0.16412451633533634 311.58822615612172 -0.24999999999999997 -0.70710678118654735 295.04571564515408 0.81174490092936691 815.9462725892173 2.1005746971663721 0.46247628993629081 1249.0823035081685
decision_type=2 2 2 2 2 2 2 2 2 2 2 2 2 2
left_child=7 4 -3 -4 5 -2 -6 10 13 -10 12 -12 -1 -9
right_child=1 2 3 -5 6 -7 -8 8 9 -11 11 -13 -14 -15
leaf_value=0.10545644167586572 0.21350631632498832 -10.343737341839335 4.4069025738208323 21.505396647299492 2.1716618802845478 2.9992653663481592 -4.8927130336971842 -0.25934653428731713 -2.5673297293157735 3.1671438522197035 26.257397225869667 -2.390269065560966 3.3734492803137051 1.0468006946706019
leaf_weight=5684 4535 22 153 30 159 1006 339 11668 3267 663 36 57 437 2529
leaf_count=5684 4535 22 153 30 159 1006 339 11668 3267 663 36 57 437 2529
internal_value=0.000821043 0.605299 5.37585 7.31158 0.442495 0.719727 -2.63739 -0.154259 -0.367661 -1.59935 0.468219 8.86051 0.339283 -0.0266171
internal_weight=30585 6244 205 183 6039 5541 498 24341 18127 3930 6214 93 6121 14197
internal_count=30585 6244 205 183 6039 5541 498 24341 18127 3930 6214 93 6121 14197
is_linear=0
shrinkage=0.08


Tree=105
num_leaves=12
num_cat=0
split_feature=10 4 9 10 15 12 10 24 17 3 14
split_gain=446935 460437 1.39499e+06 1.31597e+06 602802 439390 724211 512719 132720 185151 90070.1
threshold=117.31523253839474 1.7503628991891083 1444.143480146038 1292.0954870900734 0.9159756150367534 44332.500000000007 2665.9354191262587 7.6087117000000006 1.0000000180025095e-35 0.12764285698349428 0.37940952255126054
decision_type=2 2 2 2 2 2 2 2 2 2 2
left_child=8 5 4 -4 -3 7 -7 -2 -1 10 -10
right_child=1 2 3 -5 -6 6 -8 -9 9 -11 -12
leaf_value=0.35225877248323884 -0.64467247891536783 -1.2251845169804312 22.827532664762963 3.9034012729018479 10.542498272311303 0.91828638184058764 9.6010099496878691 0.11852176635863026 -0.36242477540046941 -11.065468807798442 -6.3488952241625105
leaf_weight=25 7742 274 36 66 30 1574 63 20679 30 32 34
leaf_count=25 7742 274 36 66 30 1574 63 20679 30 32 34
internal_value=0.000872519 0.0202244 2.69297 10.7393 -0.033142 -0.0159654 1.2581 -0.0893909 -4.83154 -6.17121 -3.59148
internal_weight=30585 30464 406 102 304 30058 1637 28421 121 96 64
internal_count=30585 30464 406 102 304 30058 1637 28421 121 96 64
is_linear=0
shrinkage=0.08


Tree=106
num_leaves=15
num_cat=0
split_feature=15 11 9 23 4 10 10 5 23 1 5 23 7 9
split_gain=429668 1.35456e+06 979293 1.51913e+06 691023 639309 459541 434092 892872 411104 371038 338690 284799 153076
threshold=0.98296291314453432 464.25703865863346 2084.4454757204603 7.8633765000000002 1.0000512820512972 1611.6507858416676 166.95333112748082 -1504.4999999999998 5.1791031500000004 0.18946953262365177 400.00000000000017 3.5615912500000007 195.6545685703463 477.19648216481238
decision_type=2 2 2 2 2 2 2 2 2 2 2 2 2 2
left_child=6 5 4 -4 -3 10 12 8 -8 -9 -2 -7 13 -1
right_child=1 2 3 -5 -6 11 7 9 -10 -11 -12 -13 -14 -15
leaf_value=-3.4393966153995716 -0.46622151409001911 9.1559324264526367 -6.5973885163806738 19.360175311348655 27.000844343566897 -0.97235198142680723 11.358494131905694 0.046976116407079042 -6.309805721910033 -1.6078719177633973 9.816869122878364 6.9493339518939754 -10.50255248676647 2.4675954762627099
leaf_weight=166 951 35 41 21 24 46 20 27920 145 994 22 135 32 33
leaf_count=166 951 35 41 21 24 46 20 27920 145 994 22 135 32 33
internal_value=0.000877568 1.43795 9.45466 2.36244 16.7439 0.589917 -0.0616827 -0.0333877 -4.11267 -0.00996757 -0.223876 4.94181 -3.60804 -2.4524
internal_weight=30585 1275 121 62 59 1154 29310 29079 165 28914 973 181 231 199
internal_count=30585 1275 121 62 59 1154 29310 29079 165 28914 973 181 231 199
is_linear=0
shrinkage=0.08


Tree=107
num_leaves=13
num_cat=0
split_feature=15 11 2 14 26 14 11 11 9 9 23 23
split_gain=422392 875737 495120 1.27784e+06 3.65308e+06 1.00243e+06 2.82538e+06 1.83435e+06 1.00181e+06 481216 323572 295346
threshold=-0.9829629131445341 709.18839906504832 0.54716191107484324 -1.0000000180025095e-35 18.160600000000006 -0.70710678118654735 739.19286622200468 614.20424327994806 2345.2743751583434 2131.9594740145162 6.7407712000000011 7.0548860000000007
decision_type=2 2 2 2 2 2 2 2 2 2 2 2
left_child=1 9 5 8 -5 6 -2 -7 -4 10 -1 -11
right_child=2 -3 3 4 -6 7 -8 -9 -10 11 -12 -13
leaf_value=1.1791900574362155 1.4410885147860091 -13.228814458602514 0.083445123431938717 0.42279830178105743 5.7472361104936178 -0.33019631799304622 26.89585380817282 -5.1436451640013434 -2.2249363569427398 -0.7972769624846322 -1.6375975708050985 -13.159613968242299
leaf_weight=387 746 38 10870 5539 968 9273 28 535 1352 20 797 32
leaf_count=387 746 38 10870 5539 968 9273 28 535 1352 20 797 32
internal_value=0.000954518 -1.42448 0.0629574 0.3101 1.21564 -0.374446 2.39545 -0.593255 -0.17207 -1.05116 -0.71669 -8.50962
internal_weight=30585 1274 29311 18729 6507 10582 774 9808 12222 1236 1184 52
internal_count=30585 1274 29311 18729 6507 10582 774 9808 12222 1236 1184 52
is_linear=0
shrinkage=0.08


Tree=108
num_leaves=11
num_cat=0
split_feature=8 15 12 1 23 26 12 6 0 0
split_gain=421048 740832 398640 624007 500723 2.32206e+06 1.14372e+06 394114 357475 174145
threshold=3302.9503335992745 -0.12940952255126034 46979.000000000007 0.14161696835341123 9.089140500000001 17.817300000000007 31240.500000000004 35605.790000000008 0.2958842426370355 0.39046768443785135
decision_type=2 2 2 2 2 2 2 2 2 2
left_child=2 -2 4 8 6 -6 -1 -3 -4 -9
right_child=1 7 3 -5 5 -7 -8 9 -10 -11
leaf_value=-0.69510508852742348 -6.273077749055008 16.591823125768592 0.75982393138033832 14.873654390970867 0.14905332107022465 -2.5956314465740657 0.63449367593265238 7.8374715011119838 7.6553217379396612 -1.2495073453585308
leaf_weight=6156 28 26 387 23 8656 2554 12642 39 54 20
leaf_count=6156 28 26 387 23 8656 2554 12642 39 54 20
internal_value=0.000876186 4.85368 -0.0172783 2.30714 -0.0532954 -0.47645 0.199061 8.54928 1.61958 4.78765
internal_weight=30585 113 30472 464 30008 11210 18798 85 441 59
internal_count=30585 113 30472 464 30008 11210 18798 85 441 59
is_linear=0
shrinkage=0.08


Tree=109
num_leaves=12
num_cat=0
split_feature=26 26 15 11 19 15 23 13 23 4 10
split_gain=410874 543892 971781 787741 656196 2.05032e+06 1.06961e+06 452675 420617 280563 243023
threshold=24.444700000000001 19.551900000000007 0.1294095225512602 342.34426700996619 -0.68301270189221952 0.25881904510252057 9.089140500000001 37608.700000000004 9.9554085000000025 1.3860083681433348 582.23144018365736
decision_type=2 2 2 2 2 2 2 2 2 2 2
left_child=1 4 3 -3 5 -1 -6 -4 -2 10 -10
right_child=8 2 7 -5 6 -7 -8 -9 9 -11 -12
leaf_value=-0.44405170767251806 12.598737760611943 -3.307208917717178 -0.49572488809547699 -15.415796756228886 0.14583584821797732 2.3398549105531021 -1.1330332653043151 5.4970531679116768 8.2530537780761719 10.198803923924764 -0.27308949944156929
leaf_weight=4060 27 510 359 36 16821 2903 5571 103 24 23 148
leaf_count=4060 27 510 359 36 16821 2903 5571 103 24 23 148
internal_value=0.000904671 -0.0242228 -1.85048 -4.1323 0.0385486 0.716778 -0.172376 0.849314 3.4223 2.09391 0.957434
internal_weight=30585 30363 1008 546 29355 6963 22392 462 222 195 172
internal_count=30585 30363 1008 546 29355 6963 22392 462 222 195 172
is_linear=0
shrinkage=0.08


Tree=110
num_leaves=9
num_cat=0
split_feature=10 12 12 8 8 9 15 8
split_gain=422436 829943 1.07151e+06 724664 421678 496712 1.77257e+06 948822
threshold=2739.3066488678764 29500.500000000004 30424.500000000004 2700.8174739057463 3302.9503335992745 2111.7118711774119 0.1294095225512602 2536.291659429196
decision_type=2 2 2 2 2 2 2 2
left_child=4 -2 -3 -4 5 7 -7 -1
right_child=1 2 3 -5 -6 6 -8 -9
leaf_value=0.0097829979491567149 17.909805922735305 -16.023174961635046 6.8381918722505022 0.065152317599246376 8.4984815852706497 0.57042462855824061 -3.5404328828359231 4.7671503383647034
leaf_weight=26996 20 20 156 284 36 1691 1112 270
leaf_count=26996 20 20 156 284 36 1691 1112 270
internal_value=0.000879279 2.35298 1.63921 2.47656 -0.0367 -0.047201 -1.06111 0.0570657
internal_weight=30585 480 460 440 30105 30069 2803 27266
internal_count=30585 480 460 440 30105 30069 2803 27266
is_linear=0
shrinkage=0.08


Tree=111
num_leaves=13
num_cat=0
split_feature=10 8 13 9 0 11 26 11 1 26 6 26
split_gain=400172 1.04916e+06 622814 1.60787e+06 2.34148e+06 985834 548814 2.17508e+06 1.67009e+06 390243 524617 383312
threshold=414.99062941339594 596.74588443185201 28290.905000000002 1950.5840221573269 0.47344484209981913 648.80539728898964 18.576600000000003 668.06494927022538 0.12907691640303154 6.7429000000000014 27396.050000000007 7.0458500000000006
decision_type=2 2 2 2 2 2 2 2 2 2 2 2
left_child=1 9 3 5 -5 -2 7 -4 -8 10 -1 -11
right_child=2 -3 6 4 -6 -7 8 -9 -10 11 -12 -13
leaf_value=-4.3017567423254173 1.786451149736286 -13.698924448013306 0.10134727775928175 28.604794416708106 2.2845562125034018 -4.9125975222557594 0.0021701019737024856 6.8121134121554672 -3.4571107014517435 0.8151997285685848 -0.41811312018112207 -1.1919781064287767
leaf_weight=388 1215 39 19844 33 60 158 4458 313 1116 1282 521 1158
leaf_count=388 1215 39 19844 33 60 158 4458 313 1116 1282 521 1158
internal_value=0.000858887 -0.818884 0.103003 1.7063 11.8289 1.01253 0.0115935 0.205886 -0.690927 -0.664848 -2.07872 -0.137485
internal_weight=30585 3388 27197 1466 93 1373 25731 20157 5574 3349 909 2440
internal_count=30585 3388 27197 1466 93 1373 25731 20157 5574 3349 909 2440
is_linear=0
shrinkage=0.08


Tree=112
num_leaves=15
num_cat=0
split_feature=4 7 12 14 1 11 14 14 11 9 24 11 12 7
split_gain=401061 681755 883879 2.03707e+06 650554 828127 791324 442704 1.24051e+06 2.81526e+06 883716 798358 1.8163e+06 900915
threshold=1.1217164099534516 777.36461542940708 28991.000000000004 0.78656609248549325 0.16412451633533634 311.58822615612172 -0.25881904510252113 -0.5 815.9462725892173 2762.2196417614418 8.425451500000003 815.9462725892173 31693.500000000004 995.43244380087151
decision_type=2 2 2 2 2 2 2 2 2 2 2 2 2 2
left_child=7 4 -3 -4 5 -2 -6 11 10 -10 -9 13 -13 -1
right_child=1 2 3 -5 6 -7 -8 8 9 -11 -12 12 -14 -15
leaf_value=0.28097934440754585 0.20647618008074492 -6.1570093350797084 3.1952873080709709 25.368513775449809 -6.3095875152276486 2.7426432729627872 0.21305076583435661 -1.1695671629237381 -12.439138797102302 9.1331942266788122 0.10206651436157708 27.033218224566919 1.9785157565480653 -15.930189944180574
leaf_weight=8062 4535 36 137 32 195 1006 303 5180 144 52 10764 22 96 21
leaf_count=8062 4535 36 137 32 195 1006 303 5180 144 52 10764 22 96 21
internal_value=0.000822674 0.572747 5.09855 7.5183 0.418296 0.667344 -2.34852 -0.145906 -0.389096 -6.69856 -0.311118 0.332694 6.83765 0.236897
internal_weight=30585 6244 205 169 6039 5541 498 24341 16140 196 15944 8201 118 8083
internal_count=30585 6244 205 169 6039 5541 498 24341 16140 196 15944 8201 118 8083
is_linear=0
shrinkage=0.08


Tree=113
num_leaves=15
num_cat=0
split_feature=15 7 9 23 15 1 8 5 23 12 12 13 10 9
split_gain=367273 762179 1.22139e+06 1.1072e+06 638041 1.24512e+06 983701 515508 864702 432530 343863 305553 286459 250839
threshold=0.96592582628906831 385.01845853232277 1083.9811639138104 7.2245507500000006 0.9159756150367534 0.20179298745144222 1928.6294953818244 -1504.4999999999998 8.0380085000000019 33105.500000000007 25773.000000000004 30283.650000000005 582.23144018365736 480.64481426246169
decision_type=2 2 2 2 2 2 2 2 2 2 2 2 2 2
left_child=4 10 11 -4 7 6 -6 8 -1 -9 13 -3 -12 -2
right_child=1 2 3 -5 5 -7 -8 9 -10 -11 12 -13 -14 -15
leaf_value=-10.518587569456834 2.797518169518673 9.558579047066825 -1.6761038860329038 7.5172736204424995 -0.72455054058629487 -20.278827209472656 -8.0514698107187979 -0.40682816036865005 1.5769978427886964 0.26674664126124958 -0.83113391863036301 24.187927921840124 1.0424581574465273 12.92245798746745
leaf_weight=77 65 20 178 157 1122 22 130 9473 73 17138 1006 20 1084 20
leaf_count=77 65 20 178 157 1122 22 130 9473 73 17138 1006 20 1084 20
internal_value=0.000830747 0.919838 4.2457 2.64198 -0.0827899 -1.83124 -1.49115 0.000512992 -4.66061 0.0269608 0.344726 17.2848 0.140658 5.30242
internal_weight=30585 2550 375 335 28035 1274 1252 26761 150 26611 2175 40 2090 85
internal_count=30585 2550 375 335 28035 1274 1252 26761 150 26611 2175 40 2090 85
is_linear=0
shrinkage=0.08


Tree=114
num_leaves=13
num_cat=0
split_feature=10 26 13 8 9 14 26 7 11 26 13 4
split_gain=351830 573358 776314 670062 402000 2.50828e+06 1.62888e+06 818949 1.62454e+06 921462 766909 336790
threshold=2767.1847758161971 18.216350000000002 43707.545000000006 2970.0870861186709 2345.2743751583434 0.60355339059327384 18.160600000000006 380.05603431913977 497.39075132390343 17.817300000000007 29782.300000000003 1.0160001280020483
decision_type=2 2 2 2 2 2 2 2 2 2 2 2
left_child=4 3 11 -2 7 10 -7 8 -1 -9 -6 -3
right_child=1 2 -4 -5 5 6 -8 9 -10 -11 -12 -13
leaf_value=-0.032153458749272994 18.369787324050378 -0.1332249941833005 -13.738096580505371 0.82479651915175578 -12.651229752250341 -15.084478046710673 5.5862815908357213 3.4028238286502357 -7.0320799985333018 0.31899785037936557 -2.1740021976141928 5.4289827746947603
leaf_weight=25086 28 166 20 27 45 25 407 933 213 1846 1670 119
leaf_count=25086 28 166 20 27 45 25 407 933 213 1846 1670 119
internal_value=0.000809757 2.48351 1.11349 9.92532 -0.0288421 -1.08366 4.35798 0.0518511 -0.0913636 1.35519 -2.45613 2.2001
internal_weight=30585 360 305 55 30225 2147 432 28078 25299 2779 1715 285
internal_count=30585 360 305 55 30225 2147 432 28078 25299 2779 1715 285
is_linear=0
shrinkage=0.08


Tree=115
num_leaves=14
num_cat=0
split_feature=12 10 1 9 15 16 11 7 16 15 15 10 9
split_gain=361102 607488 506773 550937 501448 2.49871e+06 4.8954e+06 2.07061e+06 1.23649e+06 4.02275e+06 2.22148e+06 475441 425837
threshold=44332.500000000007 2665.9354191262587 0.15617597433275157 2762.2196417614418 -0.5 -0.60785761079279388 364.37064053653665 926.39038297204081 -0.60785761079279388 -0.12940952255126034 -0.37940952255126009 1733.3553164963075 2803.4179486041867
decision_type=2 2 2 2 2 2 2 2 2 2 2 2 2
left_child=4 2 3 -2 5 6 -1 -7 9 -6 -10 -4 -3
right_child=1 12 11 -5 8 7 -8 -9 10 -11 -12 -13 -14
leaf_value=-0.84716302646476727 0.94120958383983777 15.126610127362337 2.2921907465159892 -4.6503107885810424 -3.2355276013805794 0.19823523158377776 -9.0602494183793123 13.66299061182383 3.5989658140600325 2.1492714229395138 -0.5059418499771573 14.077409535576317 1.9948050677776337
leaf_weight=2317 1357 32 63 122 1092 5973 580 73 900 4732 13280 33 31
leaf_count=2317 1357 32 63 122 1092 5973 580 73 900 4732 13280 33 31
internal_value=0.000700734 1.1559 0.844865 0.477145 -0.0647052 -0.562658 -2.49404 0.363043 0.157927 1.13924 -0.245169 6.44672 8.79706
internal_weight=30585 1638 1575 1479 28947 8943 2897 6046 20004 5824 14180 96 63
internal_count=30585 1638 1575 1479 28947 8943 2897 6046 20004 5824 14180 96 63
is_linear=0
shrinkage=0.08


Tree=116
num_leaves=13
num_cat=0
split_feature=3 9 10 1 8 1 26 7 12 11 23 23
split_gain=348958 678701 1.06866e+06 740589 595276 1.38177e+06 781970 714015 1.47693e+06 974861 595646 370169
threshold=2.5750175502600348 2055.8953207150594 2174.1479042678975 0.15364126980085169 2803.4179486041867 0.052591713138037864 18.589750000000006 816.11141565159744 38200.500000000007 709.18839906504832 8.8613665000000008 7.5426510000000011
decision_type=2 2 2 2 2 2 2 2 2 2 2 2
left_child=4 -2 11 -4 7 10 -7 9 -9 -1 -6 -3
right_child=1 2 3 -5 5 6 -8 8 -10 -11 -12 -13
leaf_value=0.036396435522286691 13.080254092496984 5.3646237182617185 0.91561355675047962 -13.077334373914278 5.7923857698372911 -3.2199740322349628 -11.166049603271485 0.93399537314469572 13.375229550646498 -3.9905335088509784 -1.1051105410052884 20.563480892181396
leaf_weight=28560 33 21 350 25 140 390 99 296 76 389 185 21
leaf_count=28560 33 21 350 25 140 390 99 296 76 389 185 21
internal_value=0.000738163 2.20957 1.32007 -0.0495488 -0.0323181 -2.16496 -4.84819 0.0269593 3.5048 -0.0178511 1.87477 13.2655
internal_weight=30585 450 417 375 30135 814 489 29321 372 28949 325 42
internal_count=30585 450 417 375 30135 814 489 29321 372 28949 325 42
is_linear=0
shrinkage=0.08


Tree=117
num_leaves=11
num_cat=0
split_feature=26 26 1 15 19 15 23 23 5 10
split_gain=347224 463369 811326 685080 523315 1.68707e+06 879447 336470 233588 202446
threshold=24.444700000000001 19.551900000000007 0.14429117344799927 0.1294095225512602 -0.68301270189221952 0.25881904510252057 9.089140500000001 9.9554085000000025 649.99500000000012 582.23144018365736
decision_type=2 2 2 2 2 2 2 2 2 2
left_child=1 4 3 -3 5 -1 -6 -2 9 -9
right_child=7 2 -4 -5 6 -7 -8 8 -10 -11
leaf_value=-0.41172092612730965 11.353982725824629 -3.3054920899733817 -16.563738715130352 0.92178982848125501 0.13576972593473088 2.1135650329816236 -1.0238545531724905 7.6628584106445317 9.9325604647681836 -0.10862665982622849
leaf_weight=4060 27 532 22 454 16821 2903 5571 24 20 151
leaf_count=4060 27 532 22 454 16821 2903 5571 24 20 151
internal_value=0.000751047 -0.0223483 -1.70801 -1.36009 0.0355905 0.641269 -0.152771 3.14599 1.95737 0.99466
internal_weight=30585 30363 1008 986 29355 6963 22392 222 195 175
internal_count=30585 30363 1008 986 29355 6963 22392 222 195 175
is_linear=0
shrinkage=0.08


Tree=118
num_leaves=15
num_cat=0
split_feature=6 11 8 7 0 11 9 13 11 8 8 5 14 0
split_gain=358876 1.13136e+06 466192 484254 375507 867694 1.11296e+06 486935 1.55897e+06 448123 187092 145627 115439 44847.1
threshold=42798.356666666674 351.01163321540656 1950.5840221573269 418.29903559414151 0.28385721731658087 209.63030065910314 1049.3359823433866 45540.015000000007 435.62761669301636 3302.9503335992745 830.54212295400566 34.440000000000005 -0.70710678118654735 0.2772008567085999
decision_type=2 2 2 2 2 2 2 2 2 2 2 2 2 2
left_child=4 10 -3 -4 5 11 -7 9 -9 -6 13 -1 -12 -2
right_child=1 2 3 -5 7 6 -8 8 -10 -11 12 -13 -14 -15
leaf_value=-0.24694303005227242 3.1321924890313193 15.033299977070577 8.9348267130586834 0.16379548742964459 -0.084302521785834292 16.443375227554984 2.9509790070377182 -1.5018562973185283 -21.020036855425158 5.1518322837466277 -3.336386626683749 2.0594427092538941 -0.23297641716441331 -0.95413723877498091
leaf_weight=927 106 36 89 73 27871 45 267 409 27 104 103 215 293 20
leaf_count=927 106 36 89 73 27871 45 267 409 27 104 103 215 293 20
internal_value=0.000718967 1.76438 6.89692 5.0077 -0.0418578 1.21164 4.94332 -0.106049 -2.75589 -0.0646532 -0.191915 0.188693 -1.04655 2.48116
internal_weight=30585 720 198 162 29865 1454 312 28411 436 27975 522 1142 396 126
internal_count=30585 720 198 162 29865 1454 312 28411 436 27975 522 1142 396 126
is_linear=0
shrinkage=0.08


Tree=119
num_leaves=13
num_cat=0
split_feature=10 7 9 10 1 26 2 10 6 14 11 26
split_gain=348031 999634 598340 1.37567e+06 1.49837e+06 829450 537677 1.0806e+06 687856 345397 290174 218347
threshold=405.71248492158958 442.0306932588071 267.70683238145966 985.91908661679122 0.07141723274075211 14.725100000000001 0.40847083653123001 975.90267022014484 20886.31833333334 0.60355339059327384 325.07324323628023 6.7429000000000014
decision_type=2 2 2 2 2 2 2 2 2 2 2 2
left_child=1 9 3 5 -5 -2 7 -4 -8 10 -1 -11
right_child=2 -3 6 4 -6 -7 8 -9 -10 11 -12 -13
leaf_value=-0.24063477300264727 1.9113791223424645 -16.154344866717302 0.73288906990609515 -1.4774276652480618 13.582850742340089 -8.1627474166665763 -7.6464506347656256 12.581736458411584 0.025627387814433859 -4.1368902233978373 7.3230782781947745 -1.2560749715353083
leaf_weight=1989 206 26 204 65 119 69 74 64 26880 230 32 627
leaf_count=1989 206 26 204 65 119 69 74 64 26880 230 32 627
internal_value=0.000730743 -0.832291 0.0881496 2.94934 8.28342 -0.636728 0.0397995 3.59872 0.00428143 -0.688308 -0.11731 -2.03314
internal_weight=30585 2904 27681 459 184 275 27222 268 26954 2878 2021 857
internal_count=30585 2904 27681 459 184 275 27222 268 26954 2878 2021 857
is_linear=0
shrinkage=0.08


Tree=120
num_leaves=16
num_cat=0
split_feature=4 22 11 15 11 16 26 15 14 11 12 11 8 11 11
split_gain=332932 591925 1.40604e+06 1.40095e+06 2.6171e+06 980605 727686 394075 386135 1.01505e+06 2.19386e+06 915475 2.20579e+06 570205 553440
threshold=1.1217164099534516 2.5000000000000004 400.20756300939792 1.0000000180025095e-35 478.87360381594812 -0.60785761079279388 17.935300000000002 1.0000000180025095e-35 -0.60355339059327362 815.9462725892173 34330.500000000007 815.9462725892173 2567.8214038401825 209.63030065910314 89.590311014316811
decision_type=2 2 2 2 2 2 2 2 2 2 2 2 2 2 2
left_child=8 2 7 4 -3 -5 -4 -2 11 13 -11 14 -13 -10 -1
right_child=1 3 6 5 -6 -7 -8 -9 9 10 -12 12 -14 -15 -16
leaf_value=-0.6567181517893268 1.5614942572856436 -0.75623023004777079 11.302586922003673 3.3921827208396285 -11.382705034829355 -0.48674084762269004 3.6934755568569653 -0.53796555108780963 0.044323807137687653 -11.669361707687379 5.5358049964904783 21.977185610816591 -1.6672946670651436 -0.95439232986249578 0.80142990288947802
leaf_weight=2680 1224 1650 103 854 162 814 364 1073 11606 139 71 41 63 5342 4399
leaf_count=2680 1224 1650 103 854 162 814 364 1073 11606 139 71 41 63 5342 4399
internal_value=0.000664656 0.521753 1.39553 -0.172449 -1.71203 1.50007 5.39228 0.580964 -0.133022 -0.33918 -5.85371 0.359405 7.77462 -0.270509 0.249383
internal_weight=30585 6244 2764 3480 1812 1668 467 2297 24341 17158 210 7183 104 16948 7079
internal_count=30585 6244 2764 3480 1812 1668 467 2297 24341 17158 210 7183 104 16948 7079
is_linear=0
shrinkage=0.08


Tree=121
num_leaves=13
num_cat=0
split_feature=15 9 23 12 5 7 22 9 26 7 18 7
split_gain=312784 763166 514797 399402 494880 385423 1.16644e+06 467637 383119 305824 770555 457697
threshold=-0.9829629131445341 2148.5964702371089 8.4368815000000019 46979.000000000007 397.00500000000017 472.40360327348986 1.0000000180025095e-35 2895.5032941072968 17.936000000000003 488.33529821735692 -0.6830127018922193 380.05603431913977
decision_type=2 2 2 2 2 2 2 2 2 2 2 2
left_child=1 9 -3 5 8 7 -7 -2 -5 11 -11 -1
right_child=3 2 -4 4 -6 6 -8 -9 -10 10 -12 -13
leaf_value=-0.90151919119167034 -0.030443435568560662 -2.7689686646312475 -17.704813626716877 0.3446262241504231 10.974591783046721 4.3529060623211455 0.10496551654347971 -2.7214622219800946 6.730154531860352 -16.556133193969728 0.26983074913024907 5.3735795464515688
leaf_weight=1061 25873 31 28 304 39 515 2087 419 74 26 49 79
leaf_count=1061 25873 31 28 304 39 515 2087 419 74 26 49 79
internal_value=0.000664308 -1.22596 -10.0341 0.0540194 2.50923 0.0185001 0.947087 -0.0734305 1.60916 -0.790338 -5.70426 -0.462337
internal_weight=30585 1274 59 29311 417 28894 2602 26292 378 1215 75 1140
internal_count=30585 1274 59 29311 417 28894 2602 26292 378 1215 75 1140
is_linear=0
shrinkage=0.08


Tree=122
num_leaves=12
num_cat=0
split_feature=10 12 12 8 9 15 16 21 3 6 8
split_gain=320770 721435 901184 634031 341005 1.27552e+06 2.9013e+06 2.25404e+06 854462 2.19363e+06 510573
threshold=2739.3066488678764 29500.500000000004 30424.500000000004 2700.8174739057463 2111.7118711774119 0.1294095225512602 -0.60785761079279388 1.0000000180025095e-35 1.9359241252115558 26304.932500000003 2273.1114059773076
decision_type=2 2 2 2 2 2 2 2 2 2 2
left_child=4 -2 -3 -4 8 7 -7 -6 10 -10 -1
right_child=1 2 3 -5 5 6 -8 -9 9 -11 -12
leaf_value=0.017015298924787824 16.553794802711124 -14.812061193557014 6.2329846040762149 -0.10179409413588675 0.95792396067427443 3.4465370692913346 -5.5014408595288584 -18.747386087116443 -9.6065111910121548 5.625058263436105 -5.444534032301469
leaf_weight=26680 20 20 156 284 1664 324 810 37 70 411 109
leaf_count=26680 20 20 156 284 1664 324 810 37 70 411 109
internal_value=0.000578388 2.05019 1.38506 2.15321 -0.0321681 -0.867067 -2.94409 0.518533 0.0546569 3.39307 -0.00540924
internal_weight=30585 480 460 440 30105 2835 1134 1701 27270 481 26789
internal_count=30585 480 460 440 30105 2835 1134 1701 27270 481 26789
is_linear=0
shrinkage=0.08


Tree=123
num_leaves=13
num_cat=0
split_feature=15 8 9 23 4 10 9 15 10 9 9 21
split_gain=312764 1.18632e+06 784658 741676 497884 350146 341460 1.63751e+06 777842 339736 215042 154654
threshold=0.98296291314453432 1257.8883593046228 1049.3359823433866 7.2765186000000002 1.4339482434002326 166.95333112748082 2567.8214038401825 0.60355339059327384 2631.610696155893 1169.3710645709209 1004.3136993997213 1.0000000180025095e-35
decision_type=2 2 2 2 2 2 2 2 2 2 2 2
left_child=5 4 -3 -4 9 10 8 -8 -7 -2 11 -1
right_child=1 2 3 -5 -6 6 7 -9 -10 -11 -12 -13
leaf_value=-0.48979298179626468 -0.27052120363753968 18.295191739889294 0.76693522350329191 7.9481303166904329 10.943454984029133 -0.013870252112829939 -0.015580495953646701 -6.7691018427454912 3.471966350193207 -6.1651552242391245 -10.170368185424804 -4.9401049977257143
leaf_weight=124 786 25 212 162 23 27017 1372 275 415 67 24 83
leaf_count=124 786 25 212 162 23 27017 1372 275 415 67 24 83
internal_value=0.000476194 1.22656 4.83644 3.89041 -0.421309 -0.0528991 -0.0282006 -1.14664 0.0389892 -0.7402 -3.1485 -2.28939
internal_weight=30585 1275 399 374 876 29310 29079 1647 27432 853 231 207
internal_count=30585 1275 399 374 876 29310 29079 1647 27432 853 231 207
is_linear=0
shrinkage=0.08


Tree=124
num_leaves=16
num_cat=0
split_feature=1 7 1 3 10 9 7 2 26 13 10 24 11 8 7
split_gain=301614 508654 993738 483771 3.20182e+06 1.83136e+06 438652 472169 540922 532495 309486 266783 482741 197726 116747
threshold=0.055680606748290042 7.2780746107896608 0.17754724334573557 0.87297218027408441 1358.6748283408663 71.155737247132606 98.947161985937527 0.55165511270234202 19.551900000000007 31745.34 1279.9546659124871 5.3330026000000013 159.65040084260147 686.04247629499935 2.0306872477245395
decision_type=2 2 2 2 2 2 2 2 2 2 2 2 2 2 2
left_child=6 2 10 4 -3 -5 11 9 -9 -8 -2 12 -1 -13 -4
right_child=1 3 14 5 -6 -7 7 8 -10 -11 -12 13 -14 -15 -16
leaf_value=0.98177778235448376 -2.0980040794023327 -0.16824827071728735 14.015462057807229 13.024619905440534 7.8632393477232814 -0.89688893796855029 0.85546095651738785 1.5772902169119474 -2.8735012700505878 -1.6251715077907845 2.4853296097750475 -0.24976825555435736 13.342985905238562 -2.2693455977410122 6.1436990547180175
leaf_weight=553 141 11141 43 60 326 7079 1444 3516 183 897 280 4550 20 332 20
leaf_count=553 141 11141 43 60 326 7079 1444 3516 183 897 280 4550 20 332 20
internal_value=0.00047103 -0.194472 2.36321 -0.261128 0.0607479 -0.778077 0.324205 0.793799 1.35638 -0.09533 0.94896 -0.195799 1.43573 -0.387546 11.6515
internal_weight=30585 19090 484 18606 11467 7139 11495 6040 3699 2341 421 5455 573 4882 63
internal_count=30585 19090 484 18606 11467 7139 11495 6040 3699 2341 421 5455 573 4882 63
is_linear=0
shrinkage=0.08


Tree=125
num_leaves=14
num_cat=0
split_feature=26 26 15 11 9 19 5 23 12 1 3 3 9
split_gain=296824 364760 1.03613e+06 1.02492e+06 553221 447131 1.37307e+06 789132 317675 349058 268346 235425 87904.3
threshold=24.444700000000001 19.502150000000004 0.1294095225512602 342.34426700996619 680.58438609036352 -0.68301270189221952 209.49499999999992 9.089140500000001 29500.500000000004 0.11902083097981232 0.5764194410878104 0.38556042936076335 1049.3359823433866
decision_type=2 2 2 2 2 2 2 2 2 2 2 2 2
left_child=1 5 3 -3 -4 6 -1 -7 9 11 -10 -2 -12
right_child=8 2 4 -5 -6 7 -8 -9 10 -11 12 -13 -14
leaf_value=0.18123361067072985 1.4980919203391443 -2.7620975930399174 9.4831409192085268 -15.459030144431374 0.37012238326662278 0.13322325937408519 3.6697724935383333 -0.96524418269284418 -6.1851727191380093 -1.0157070225163509 0.25747409486770628 10.68087566722523 6.5002881408774345
leaf_weight=6048 25 555 46 43 460 16821 819 5571 34 37 39 65 22
leaf_count=6048 25 555 46 43 460 16821 819 5571 34 37 39 65 22
internal_value=0.000564407 -0.0207928 -1.44759 -3.69937 1.21565 0.0330908 0.597772 -0.1401 2.90859 5.51009 -0.590369 8.1746 2.57751
internal_weight=30585 30363 1104 598 506 29259 6867 22392 222 127 95 90 61
internal_count=30585 30363 1104 598 506 29259 6867 22392 222 127 95 90 61
is_linear=0
shrinkage=0.08


Tree=126
num_leaves=13
num_cat=0
split_feature=10 8 9 10 12 26 12 3 6 26 6 6
split_gain=295948 867369 465832 1.05406e+06 1.36258e+06 716521 463690 934862 701532 338624 619415 324607
threshold=405.71248492158958 596.74588443185201 294.11983948178869 985.91908661679122 30115.500000000004 14.725100000000001 23865.000000000004 0.93256225435835194 21696.998333333337 6.6774500000000012 26563.906666666669 20008.381666666672
decision_type=2 2 2 2 2 2 2 2 2 2 2 2
left_child=1 9 3 5 -5 -2 7 -4 -8 10 -1 -11
right_child=2 -3 6 4 -6 -7 8 -9 -10 11 -12 -13
leaf_value=-5.7532527664922313 1.6784065875416139 -12.775208137537305 1.8422106424487872 -0.69453394740460872 12.869735060759954 -6.9095027334478836 -5.4272175338252486 20.219337347121467 0.040974728433045685 -3.4564951291749644 -0.54970838949052914 0.16441929890979712
leaf_weight=211 291 37 115 82 111 78 150 20 26834 171 474 2011
leaf_count=211 291 37 115 82 111 78 150 20 26834 171 474 2011
internal_value=0.000535965 -0.76763 0.0811487 2.35881 7.1328 -0.150692 0.0338624 4.6934 0.0103779 -0.608266 -2.1586 -0.1208
internal_weight=30585 2904 27681 562 193 369 27119 135 26984 2867 685 2182
internal_count=30585 2904 27681 562 193 369 27119 135 26984 2867 685 2182
is_linear=0
shrinkage=0.08


Tree=127
num_leaves=11
num_cat=0
split_feature=8 16 10 7 0 4 22 2 7 14
split_gain=290411 527610 314811 385376 368724 285894 730467 322173 163962 97592.4
threshold=3302.9503335992745 -0.8783796973249266 2887.9072378709611 380.05603431913977 0.37523589363555793 1.7503628991891083 5.5000000000000009 0.69644337572066228 478.88074020182006 -0.9159756150367534
decision_type=2 2 2 2 2 2 2 2 2 2
left_child=2 -2 5 -4 -5 7 -7 -1 9 -3
right_child=1 8 3 4 -6 6 -8 -9 -10 -11
leaf_value=-0.14804625972598107 -4.3879551988489487 13.507550170605001 -1.0349064826965333 3.1929276169670953 17.6002483694894 3.6445994742289405 -5.0370882007322813 0.69918539106771482 1.543305839870287 6.5295388603210451
leaf_weight=26757 33 25 39 26 20 338 75 3217 22 33
leaf_count=26757 33 25 39 26 20 338 75 3217 22 33
internal_value=0.000496354 4.03076 -0.0145809 4.81881 9.69818 -0.0282593 2.05966 -0.0570957 7.51477 9.71526
internal_weight=30585 113 30472 85 46 30387 413 29974 80 58
internal_count=30585 113 30472 85 46 30387 413 29974 80 58
is_linear=0
shrinkage=0.08


Tree=128
num_leaves=15
num_cat=0
split_feature=15 11 7 0 11 23 7 17 15 26 11 15 11 2
split_gain=279077 1.1277e+06 2.32509e+06 1.96611e+06 703648 1.30647e+06 450618 806407 1.60222e+06 1.53534e+06 457847 1.3801e+06 418219 179921
threshold=-0.9159756150367534 709.18839906504832 926.39038297204081 0.39242999490479041 168.81697019186871 5.8630007000000015 472.40360327348986 0.81174490092936691 -0.12940952255126034 14.939100000000002 668.06494927022538 0.78656609248549303 576.46600801760758 0.5294908243487747
decision_type=2 2 2 2 2 2 2 2 2 2 2 2 2 2
left_child=1 4 3 -3 13 -6 10 9 -9 -8 12 -12 -2 -1
right_child=6 2 -4 -5 5 -7 7 8 -10 -11 11 -13 -14 -15
leaf_value=2.4789296082158887 -0.014012706433199977 -28.371501586914064 9.5056279361609253 -3.3489135651361375 2.630060540107527 -2.9790652014955548 -7.5626213223033849 9.5358488213539125 0.080861637446615439 1.0509269605356051 -8.6806438495041043 11.255343700817653 3.8565577568478058 0.25158673786410651
leaf_weight=263 24046 39 32 41 342 1181 142 199 269 1793 108 27 179 1924
leaf_count=263 24046 39 32 41 342 1181 142 199 269 1793 108 27 179 1924
internal_value=0.000551092 -0.638826 -8.51176 -15.7471 -0.398923 -1.7186 0.0918804 1.13682 4.11301 0.415242 -0.0112402 -4.64 0.0147452 0.520449
internal_weight=30585 3822 112 80 3710 1523 26763 2403 468 1935 24360 135 24225 2187
internal_count=30585 3822 112 80 3710 1523 26763 2403 468 1935 24360 135 24225 2187
is_linear=0
shrinkage=0.08


Tree=129
num_leaves=12
num_cat=0
split_feature=5 14 9 13 26 10 26 13 1 8 9
split_gain=278076 920559 980825 1.76358e+06 801990 284967 412642 645169 562833 345464 372160
threshold=-1227.9999999999998 -0.9159756150367534 1468.1825736499293 28058.465 18.985200000000003 2767.1847758161971 18.216350000000002 43707.545000000006 0.047425524799994428 3302.9503335992745 2111.7118711774119
decision_type=2 2 2 2 2 2 2 2 2 2 2
left_child=1 -1 4 -4 -3 9 8 -8 -7 10 -2
right_child=5 2 3 -5 -6 6 7 -9 -10 -11 -12
leaf_value=9.1503709643483155 0.079131238197459222 -20.630200988769531 20.322003766840155 -3.4762718394679841 -3.5052929532850112 16.049599324544271 2.1058972911323819 -12.434760224024457 -0.030713758115415223 7.5238314799773391 -0.90096678997143231
leaf_weight=39 27124 34 21 211 36 29 279 20 26 38 2728
leaf_count=39 27124 34 21 211 36 29 279 20 26 38 2728
internal_value=0.000480033 -2.26791 -3.76778 -1.24414 -11.9965 0.0261301 2.27938 1.09507 8.58319 -0.000631431 -0.0104614
internal_weight=30585 341 302 232 70 30244 354 299 55 29890 29852
internal_count=30585 341 302 232 70 30244 354 299 55 29890 29852
is_linear=0
shrinkage=0.08


Tree=130
num_leaves=16
num_cat=0
split_feature=15 11 12 4 26 5 26 10 14 14 11 12 11 15 9
split_gain=269260 1.19926e+06 878584 693838 624179 553332 403960 387412 311936 855668 2.34707e+06 1.57408e+06 701544 1.68536e+06 657139
threshold=0.98296291314453432 488.30152107479847 31495.500000000004 1.0010181745051685 18.565850000000001 400.00000000000017 18.810450000000003 1611.6507858416676 -0.5 0.12940952255126043 201.94722782707234 35957.500000000007 188.81319420672938 -0.12940952255126034 910.35760903550988
decision_type=2 2 2 2 2 2 2 2 2 2 2 2 2 2 2
left_child=8 5 3 -3 -4 7 -7 -2 12 10 -10 -11 14 -14 -1
right_child=1 2 4 -5 -6 6 -8 -9 9 11 -12 -13 13 -15 -16
leaf_value=0.17079408438549948 -0.57419874270985882 8.0722420982078269 12.569789962768555 27.832989765514025 -4.0999060885111493 17.247237681434267 1.6514484173318615 3.5202496293681009 0.14766612972794366 -0.43047903480182925 -3.438731926250997 1.4818726779141158 -0.98412734656492762 2.448638199801271 -1.950778443791906
leaf_weight=5159 954 26 23 21 35 20 22 174 3285 10257 1811 3765 1470 2423 1140
leaf_count=5159 954 26 23 21 35 20 22 174 3285 10257 1811 3765 1470 2423 1140
internal_value=0.000478912 1.1381 9.28636 17.2974 2.6115 0.399538 9.3064 0.0599503 -0.0490453 -0.239598 -1.12728 0.0830691 0.308379 1.1525 -0.213419
internal_weight=30585 1275 105 47 58 1170 42 1128 29310 19118 5096 14022 10192 3893 6299
internal_count=30585 1275 105 47 58 1170 42 1128 29310 19118 5096 14022 10192 3893 6299
is_linear=0
shrinkage=0.08


Tree=131
num_leaves=15
num_cat=0
split_feature=5 12 3 2 13 23 14 17 11 6 11 14 3 26
split_gain=262953 834206 2.59584e+06 828556 1.45539e+06 789576 370875 341480 2.00825e+06 1.41335e+06 654142 1.91142e+06 576338 460075
threshold=50.000000000000014 26480.000000000004 1.0744194733865047 0.52614797579441375 33903.405000000006 6.2677238000000006 0.60355339059327384 0.81174490092936691 412.5423184596591 25651.764166666671 130.91273370668338 -0.5 0.99281472832863782 8.8297500000000024
decision_type=2 2 2 2 2 2 2 2 2 2 2 2 2 2
left_child=7 2 6 4 -3 -5 -2 10 12 -10 13 -12 -9 -1
right_child=1 3 -4 5 -6 -7 -8 8 9 -11 11 -13 -14 -15
leaf_value=-0.05111586125040609 4.3704015438297867 -0.037542816771800262 24.365443175032333 2.1559899572202519 -5.2410739061277587 0.088026228338054721 -1.5968494564344904 0.32429704448675956 -4.1299134638402375 7.8540274829162087 0.8213300966474778 -1.7520245928709783 -2.8695639137783138 1.5980282896914759
leaf_weight=10287 151 1659 36 1748 433 3643 118 2456 76 352 2896 5098 423 1209
leaf_count=10287 151 1659 36 1748 433 3643 118 2456 76 352 2896 5098 423 1209
internal_value=0.000607123 0.401906 4.49607 0.234453 -1.11655 0.758827 1.75658 -0.136498 0.615046 5.72137 -0.264042 -0.819785 -0.145798 0.122444
internal_weight=30585 7788 305 7483 2092 5391 269 22797 3307 428 19490 7994 2879 11496
internal_count=30585 7788 305 7483 2092 5391 269 22797 3307 428 19490 7994 2879 11496
is_linear=0
shrinkage=0.08


Tree=132
num_leaves=13
num_cat=0
split_feature=26 16 1 23 15 3 11 9 4 7 8 4
split_gain=267916 288356 272326 509935 607718 547918 463662 360827 347314 230597 185618 115565
threshold=24.444700000000001 -0.8783796973249266 0.060107392327039592 3.5113512000000004 0.1294095225512602 0.87297218027408441 777.22274205627548 2895.5032941072968 1.1196685235576567 302.7060715524612 1194.9540858527089 1.1666277497845163
decision_type=2 2 2 2 2 2 2 2 2 2 2 2
left_child=2 -2 6 4 -4 -5 7 -1 -8 11 -11 -3
right_child=1 9 3 5 -6 -7 8 -9 -10 10 -12 -13
leaf_value=0.32076919790780656 10.865909854125976 2.4970828812462944 2.0619229117356599 -0.027719809635609396 -0.26968049929881949 -1.0215475504652585 13.406072097778321 -1.9944806666875579 0.16481662916100542 -2.7644335271120073 5.0187312346238357 8.4225935323310619
leaf_weight=11900 24 62 1272 9331 1633 5730 29 446 22 79 25 32
leaf_count=11900 24 62 1272 9331 1633 5730 29 446 22 79 25 32
internal_value=0.000626295 2.76342 -0.0196643 -0.218679 0.751607 -0.405867 0.268746 0.236976 7.80717 1.73163 -0.863502 4.5817
internal_weight=30585 222 30363 17966 2905 15061 12397 12346 51 198 104 94
internal_count=30585 222 30363 17966 2905 15061 12397 12346 51 198 104 94
is_linear=0
shrinkage=0.08


Tree=133
num_leaves=13
num_cat=0
split_feature=10 7 9 2 5 10 12 10 21 26 6 26
split_gain=272881 829079 434431 930888 1.05279e+06 1.01771e+06 422025 4.16043e+06 565041 320028 532034 300578
threshold=423.63305527530787 442.0306932588071 294.11983948178869 0.54716191107484324 300.00000000000017 995.42088291273444 27871.500000000004 2324.5456906905015 1.0000000180025095e-35 6.6774500000000012 26392.029166666671 7.0458500000000006
decision_type=2 2 2 2 2 2 2 2 2 2 2 2
left_child=1 9 3 4 -2 -5 7 -4 -8 10 -1 -11
right_child=2 -3 6 5 -6 -7 8 -9 -10 11 -12 -13
leaf_value=-5.1208492771144645 2.0490276841870672 -14.569536974871601 0.56217187048003658 0.12751938066984478 -11.102649533589682 14.42413025121431 0.046255339274414484 25.132286854619565 -2.3750466935687347 0.62511722569487571 -0.65032244563684227 -0.88845323520275932
leaf_weight=235 289 26 1073 56 44 73 24138 45 632 1629 614 1731
leaf_count=235 289 26 1073 56 44 73 24138 45 632 1629 614 1731
internal_value=0.000672129 -0.595304 0.0964769 2.52538 0.28323 8.26657 0.0530345 1.57271 -0.0156169 -0.505541 -1.89232 -0.154674
internal_weight=30585 4235 26350 462 333 129 25888 1118 24770 4209 849 3360
internal_count=30585 4235 26350 462 333 129 25888 1118 24770 4209 849 3360
is_linear=0
shrinkage=0.08


Tree=134
num_leaves=12
num_cat=0
split_feature=12 1 7 3 1 10 4 9 9 17 3
split_gain=260887 437752 271017 444883 358068 256642 298409 830451 344147 92718.7 150178
threshold=46979.000000000007 0.13205908846726491 456.98066971196971 1.780764062319619 0.094438753586347665 117.31523253839474 1.7503628991891083 1444.143480146038 2345.2743751583434 1.0000000180025095e-35 0.12764285698349428
decision_type=2 2 2 2 2 2 2 2 2 2 2
left_child=5 2 3 -2 -4 9 8 -8 -7 -1 -11
right_child=1 -3 4 -5 -6 6 7 -9 -10 10 -12
leaf_value=0.63032583218354443 0.60402057958973776 10.764392927921181 2.3702347391301934 7.6830313331493443 -12.30917972383045 0.036384774443671712 0.034401277729722318 8.3461940891302895 -0.97956720383223916 -2.5032729986997753 -9.208378432302764
leaf_weight=25 323 32 21 68 20 27280 304 102 2314 64 32
leaf_count=25 323 32 21 68 20 27280 304 102 2314 64 32
internal_value=0.000639958 1.8811 1.19973 1.85161 -4.91304 -0.0283891 -0.0134974 2.13796 -0.0430845 -3.69017 -4.8102
internal_weight=30585 464 432 391 41 30121 30000 406 29594 121 96
internal_count=30585 464 432 391 41 30121 30000 406 29594 121 96
is_linear=0
shrinkage=0.08


Tree=135
num_leaves=14
num_cat=0
split_feature=15 11 19 17 10 3 15 1 3 9 5 23 23
split_gain=265230 647535 1.49984e+06 1.41535e+06 636226 599355 512438 1.03981e+06 720536 456074 380795 693776 292741
threshold=0.96592582628906831 560.65504025192899 -0.68301270189221952 -0.56174490092936669 2548.6437464042765 2.1005746971663721 0.9159756150367534 0.20179298745144222 2.0229317428466573 2396.8939039273037 -1504.4999999999998 8.0380085000000019 9.089140500000001
decision_type=2 2 2 2 2 2 2 2 2 2 2 2 2
left_child=6 4 -3 -4 5 -2 10 8 -8 -6 11 -1 -12
right_child=1 2 3 -5 9 -7 7 -9 -10 -11 12 -13 -14
leaf_value=-9.2493395939851411 0.3182653592928259 24.684746332583224 -14.246771595294659 6.6488238555019334 14.36534144542434 -12.390582334200543 -1.0102541577161872 -18.495479079536771 -12.992399719122684 2.9247359383768505 0.24177033436784531 1.5833155655216526 -0.30075144402517134
leaf_weight=77 2275 22 25 102 32 23 1220 22 32 71 16073 73 10538
leaf_count=77 2275 22 25 102 32 23 1220 22 32 71 16073 73 10538
internal_value=0.000603067 0.781575 5.88108 2.45635 0.462796 0.185732 -0.0704577 -1.63738 -1.32663 6.58305 0.00419676 -4.00188 0.0269276
internal_weight=30585 2550 149 127 2401 2298 28035 1274 1252 103 26761 150 26611
internal_count=30585 2550 149 127 2401 2298 28035 1274 1252 103 26761 150 26611
is_linear=0
shrinkage=0.08


Tree=136
num_leaves=15
num_cat=0
split_feature=19 15 7 22 7 7 7 23 15 7 26 26 14 19
split_gain=259709 2.00518e+06 3.18387e+06 2.01865e+06 2.79835e+06 2.23445e+06 1.3933e+06 618555 1.28325e+06 2.46797e+06 1.77554e+06 1.25086e+06 1.91784e+06 868034
threshold=-0.68301270189221952 0.1294095225512602 687.70773411900234 5.5000000000000009 709.52667636726585 190.32265598242734 188.82889785687027 9.089140500000001 0.37940952255126043 308.21337646768262 18.576600000000003 18.567550000000004 -0.70710678118654735 -0.24999999999999994
decision_type=2 2 2 2 2 2 2 2 2 2 2 2 2 2
left_child=1 3 6 4 -1 -5 -3 8 9 -2 -10 13 -13 -9
right_child=7 2 -4 5 -6 -7 -8 11 10 -11 -12 12 -14 -15
leaf_value=0.14868561244339115 0.050372816280884004 0.35699033778028821 24.485791166256636 -1.0131639070981426 -21.960075964025549 -10.65704331703628 3.5919293149309333 -1.7026251132399322 -0.0052494608028636203 3.1907008278650189 -3.0043554166560371 3.9564714835346608 -12.410764943274899 0.33434470852375114
leaf_weight=3763 8058 2398 38 379 36 258 1321 2556 5085 1998 1680 68 137 2810
leaf_count=3763 8058 2398 38 379 36 258 1321 2556 5085 1998 1680 68 137 2810
internal_value=0.000507957 0.385874 1.74558 -0.765843 -0.0665448 -4.92974 1.50671 -0.140504 0.101483 0.674571 -0.750372 -0.871044 -6.98878 -0.636067
internal_weight=30585 8193 3757 4436 3799 637 3719 22392 16821 10056 6765 5571 205 5366
internal_count=30585 8193 3757 4436 3799 637 3719 22392 16821 10056 6765 5571 205 5366
is_linear=0
shrinkage=0.08


Tree=137
num_leaves=16
num_cat=0
split_feature=12 11 7 13 16 9 11 15 16 11 7 16 15 15 8
split_gain=252668 510975 865218 837960 776352 660687 328181 301291 1.67176e+06 3.42398e+06 1.38149e+06 1.02376e+06 3.02474e+06 1.8195e+06 260193
threshold=44332.500000000007 351.01163321540656 418.29903559414151 39668.220000000008 0.6078576107927941 2084.4454757204603 206.9757618120652 -0.5 -0.60785761079279388 364.37064053653665 926.39038297204081 -0.60785761079279388 -0.12940952255126034 -0.37940952255126009 2148.5964702371089
decision_type=2 2 2 2 2 2 2 2 2 2 2 2 2 2 2
left_child=7 5 4 -4 -3 6 -2 8 9 -1 -10 12 -9 -13 -7
right_child=1 2 3 -5 -6 14 -8 11 10 -11 -12 13 -14 -15 -16
leaf_value=-0.64276425514007007 0.22080338469641408 4.1351330837353251 8.3519881077816613 -2.9535814893470622 15.701105507904629 -9.7497014460844156 4.1041283893877747 -2.7822785693625192 0.18229112922500509 -7.51148021872811 11.180564467455891 3.2304947959973203 1.8870316606750581 -0.48449670199870581 -2.2805031092325847
leaf_weight=2317 958 128 56 158 52 50 162 1092 5973 580 73 900 4732 13280 74
leaf_count=2317 958 128 56 158 52 50 162 1092 5973 580 73 900 4732 13280 74
internal_value=0.000429033 0.966739 3.47351 0.0299715 7.5447 0.170643 0.785659 -0.0542823 -0.440265 -2.02005 0.316912 0.118289 1.01121 -0.248496 -5.34618
internal_weight=30585 1638 394 214 180 1244 1120 28947 8943 2897 6046 20004 5824 14180 124
internal_count=30585 1638 394 214 180 1244 1120 28947 8943 2897 6046 20004 5824 14180 124
is_linear=0
shrinkage=0.08


Tree=138
num_leaves=15
num_cat=0
split_feature=10 26 3 11 7 26 0 23 9 10 9 14 3 9
split_gain=251100 994565 1.53156e+06 1.34276e+06 1.4658e+06 756845 577971 527879 400092 533816 525129 909701 648848 192799
threshold=2631.610696155893 18.565850000000001 1.751675890789637 497.39075132390343 777.36461542940708 18.559050000000003 0.51278855121779865 9.8008785000000014 3199.5985812441477 2228.4778661858099 2111.7118711774119 0.60355339059327384 1.9359241252115558 3302.9503335992745
decision_type=2 2 2 2 2 2 2 2 2 2 2 2 2 2
left_child=8 2 7 6 -5 -4 -3 -2 10 -10 12 -12 -1 -11
right_child=1 3 5 4 -6 -7 -8 -9 9 13 11 -13 -14 -15
leaf_value=-0.0082917459838979923 18.607707567823695 2.0401285150039818 0.59105727579047085 -21.59274390470414 2.4894248962402346 11.311379066964856 -8.1361787793802662 6.2737186589448344 14.788301726121169 -1.8332898104951738 -1.9696692585169302 1.9793670091546816 3.1459685216984661 5.7316312046051028
leaf_weight=26717 46 210 505 41 26 45 42 45 25 46 1912 463 423 39
leaf_count=26717 46 210 505 41 26 45 42 45 25 46 1912 463 423 39
internal_value=0.000453791 1.27313 3.08809 -2.37209 -12.3482 1.48711 0.318622 12.643 -0.0408291 4.75312 -0.0588562 -1.19931 0.0409842 1.66396
internal_weight=30585 960 641 319 67 550 252 91 29625 110 29515 2375 27140 85
internal_count=30585 960 641 319 67 550 252 91 29625 110 29515 2375 27140 85
is_linear=0
shrinkage=0.08


Tree=139
num_leaves=13
num_cat=0
split_feature=10 9 3 9 1 2 12 10 0 14 2 26
split_gain=241198 704333 719640 423964 797786 1.08043e+06 372933 4.02441e+06 455694 255873 252766 152963
threshold=414.99062941339594 1642.3785908357577 0.26079311168918645 294.11983948178869 0.17248759455961213 0.54716191107484324 27498.500000000004 2324.5456906905015 0.47225895453051486 0.60355339059327384 0.50037820397095156 6.7429000000000014
decision_type=2 2 2 2 2 2 2 2 2 2 2 2
left_child=1 9 -3 4 5 -2 7 -5 -8 10 -1 -11
right_child=3 2 -4 6 -6 -7 8 -9 -10 11 -12 -13
leaf_value=1.1606604467064947 0.97103561148256146 -0.87685013473033901 -21.400078844342911 0.54332441713726309 -9.4892608932537197 9.697972473316506 0.15363277294724673 27.458492002744933 -0.6689694528558533 -3.2648954391362164 -0.6183807732365082 -0.99477777190653316
leaf_weight=755 356 23 20 911 33 121 20267 36 5473 253 1577 760
leaf_count=755 356 23 20 911 33 121 20267 36 5473 253 1577 760
internal_value=0.0005049 -0.635911 -10.692 0.0798053 2.36238 3.20044 0.0360974 1.59438 -0.0212933 -0.503483 -0.0421541 -1.56441
internal_weight=30585 3388 43 27197 510 477 26687 947 25740 3345 2332 1013
internal_count=30585 3388 43 27197 510 477 26687 947 25740 3345 2332 1013
is_linear=0
shrinkage=0.08


Tree=140
num_leaves=15
num_cat=0
split_feature=12 11 7 26 23 15 7 5 10 15 1 5 11 8
split_gain=232707 462631 533573 563823 349220 242095 606307 466839 448648 424169 872019 332153 143083 62532
threshold=46979.000000000007 283.33987693072157 425.10869052098866 17.936000000000003 15.540659000000002 0.96592582628906831 595.16997336795305 -499.99999999999983 2548.6437464042765 0.9159756150367534 0.20179298745144222 -1227.9999999999998 206.9757618120652 830.54212295400566
decision_type=2 2 2 2 2 2 2 2 2 2 2 2 2 2
left_child=5 12 4 -4 -3 9 8 -8 -7 11 -11 -1 13 -2
right_child=1 2 3 -5 -6 6 7 -9 -10 10 -12 -13 -14 -15
leaf_value=-2.6826059531055444 1.8641044329286931 4.5711443130175278 -7.7421741114435978 6.8864852179250411 13.357159588233285 0.23121192394761741 -2.8905486218682648 8.7361270678773231 6.181890165238153 -1.2374431044061482 -16.960550695398577 0.003513130087612022 -6.4029729030443274 -0.76563035416153247
leaf_weight=297 90 83 36 30 45 2342 28 97 83 1249 22 26003 22 158
leaf_count=297 90 83 36 30 45 2342 28 97 83 1249 22 26003 22 158
internal_value=0.000471495 1.77646 4.74577 -1.08924 7.73958 -0.0269449 0.718668 6.12948 0.437349 -0.0959291 -1.52272 -0.0269215 -0.366679 0.192363
internal_weight=30585 464 194 66 128 30121 2550 125 2425 27571 1271 26300 270 248
internal_count=30585 464 194 66 128 30121 2550 125 2425 27571 1271 26300 270 248
is_linear=0
shrinkage=0.08


Tree=141
num_leaves=13
num_cat=0
split_feature=4 5 7 1 11 18 10 11 10 17 15 15
split_gain=220379 606319 588054 592294 926524 545177 1.1007e+06 512045 302281 276846 1.85445e+06 713040
threshold=1.0666667407409056 253.01000000000002 816.11141565159744 0.16623843604882318 230.36590789833886 -0.5 1745.6262864055486 280.17707909155911 1983.9527159747879 0.81174490092936691 -0.12940952255126034 -0.12940952255126034
decision_type=2 2 2 2 2 2 2 2 2 2 2 2
left_child=1 9 3 7 -5 6 -4 -2 -7 11 -11 -1
right_child=2 -3 5 4 -6 8 -8 -9 -10 10 -12 -13
leaf_value=-0.81988982079279127 0.07889158226589213 -11.514800425211588 -6.6021429749539031 1.645499101564893 -4.3290873429719792 17.134481919387294 7.6408737165472482 1.5330573221379444 4.5847176941235857 2.6363625285818055 -1.3187070707641824 0.20769421552218731
leaf_weight=7875 7198 29 56 270 429 28 88 1974 23 1452 1587 9576
leaf_count=7875 7198 29 56 270 429 28 88 1974 23 1452 1587 9576
internal_value=0.000442013 -0.149965 0.307023 0.220842 -2.02225 4.64617 2.09459 0.39199 11.6718 -0.133319 0.571226 -0.256037
internal_weight=30585 20519 10066 9871 699 195 144 9172 51 20490 3039 17451
internal_count=30585 20519 10066 9871 699 195 144 9172 51 20490 3039 17451
is_linear=0
shrinkage=0.08


Tree=142
num_leaves=14
num_cat=0
split_feature=26 26 1 15 5 1 26 12 1 4 15 1 22
split_gain=222720 269332 532934 410103 266971 795682 435873 252602 276474 256998 188022 153800 118774
threshold=24.444700000000001 19.551900000000007 0.14429117344799927 0.1294095225512602 50.000000000000014 0.19305214367951343 19.382950000000005 29500.500000000004 0.12428960263369709 0.10055000000000001 0.1294095225512602 0.057352983316166985 2.5000000000000004
decision_type=2 2 2 2 2 2 2 2 2 2 2 2 2
left_child=1 4 3 -3 6 -6 -1 8 9 -2 11 -9 -12
right_child=7 2 -4 -5 5 -7 -8 10 -10 -11 12 -13 -14
leaf_value=-0.14815937887116815 -0.90524982105601925 -2.5264991224013396 -13.343077832097592 0.74413492138831172 0.66266990693208117 -3.0065987085255603 3.1466634208605844 0.15187674029120085 -1.8262972133390367 9.0384475222500882 -0.62652132797241211 -8.5701977602640778 7.587981481325059
leaf_weight=22030 21 532 22 454 6666 400 259 28 30 76 24 23 20
leaf_count=22030 21 532 22 454 6666 400 259 28 30 76 24 23 20
internal_value=0.0004351 -0.018065 -1.3032 -1.02132 0.0261074 0.45456 -0.109734 2.51944 4.83929 6.89842 -0.599956 -3.87078 3.19299
internal_weight=30585 30363 1008 986 29355 7066 22289 222 127 97 95 51 44
internal_count=30585 30363 1008 986 29355 7066 22289 222 127 97 95 51 44
is_linear=0
shrinkage=0.08


Tree=143
num_leaves=14
num_cat=0
split_feature=9 14 12 11 8 13 23 10 11 0 3 13 14
split_gain=226388 1.42832e+06 1.39462e+06 1.54198e+06 1.16061e+06 841730 786677 709977 2.10165e+06 1.15588e+06 558268 388007 343671
threshold=2345.2743751583434 0.60355339059327384 33105.500000000007 739.19286622200468 2231.5016179326008 29782.300000000003 1.6046511000000001 2631.610696155893 531.76801472283285 0.52982324998091113 2.5750175502600348 29057.330000000005 -0.37940952255126059
decision_type=2 2 2 2 2 2 2 2 2 2 2 2 2
left_child=7 5 4 -4 -3 11 -7 10 9 -9 12 -2 -1
right_child=1 2 3 -5 -6 6 -8 8 -10 -11 -12 -13 -14
leaf_value=0.38060041557415353 -3.819953125544957 4.2012896811443827 4.28824234701721 21.548419109143712 -8.283735792034804 -13.897099130153656 -1.2436504094430836 7.1738133539396909 -17.990184135437012 -11.935803042325105 9.8416499947212834 -18.877921527715831 -0.20412885691831067
leaf_weight=10104 20 91 266 37 98 31 1859 270 25 21 36 25 17702
leaf_count=10104 20 91 266 37 98 31 1859 270 25 21 36 25 17702
internal_value=0.000375126 -0.740821 3.10391 6.45987 -2.28195 -1.71949 -1.45843 0.0642845 3.82893 5.75862 0.0214206 -12.414 0.00835308
internal_weight=30585 2427 492 303 189 1935 1890 28158 316 291 27842 45 27806
internal_count=30585 2427 492 303 189 1935 1890 28158 316 291 27842 45 27806
is_linear=0
shrinkage=0.08


Tree=144
num_leaves=16
num_cat=0
split_feature=19 15 11 4 11 4 22 17 23 26 15 7 26 7 14
split_gain=219246 1.63861e+06 8.49655e+06 2.39158e+06 2.26529e+06 3.92094e+06 1.12196e+06 725754 547616 1.66614e+06 1.0933e+06 1.76308e+06 1.43669e+06 1.04255e+06 942681
threshold=-0.68301270189221952 0.1294095225512602 472.37178621456525 0.53013352905635491 478.87360381594812 0.45964085826965484 5.5000000000000009 0.81174490092936691 9.8008785000000014 18.567550000000004 0.37940952255126043 325.12058066250438 18.576600000000003 816.11141565159744 0.78656609248549325
decision_type=2 2 2 2 2 2 2 2 2 2 2 2 2 2 2
left_child=1 4 7 -4 6 -6 -1 -3 10 14 11 -2 -12 -11 -10
right_child=8 2 3 -5 5 -7 -8 -9 9 13 12 -13 -14 -15 -16
leaf_value=0.23243100101086922 0.093115799350448253 1.1691753886700906 -6.3702769271187165 21.449254395588337 7.7235311564803126 -16.086260440431793 -3.5608342365740078 -2.1231089163628449 -0.17844866179998611 -13.603471090552782 -0.049419507085512987 2.7320837369643192 -2.7355522879005223 6.1731037139892582 -3.3563299431639058
leaf_weight=3652 8552 3073 22 165 63 144 577 497 4077 98 5268 1998 1680 20 699
leaf_count=3652 8552 3073 22 165 63 144 577 497 4077 98 5268 1998 1680 20 699
internal_value=0.000269739 0.354345 1.5835 18.1599 -0.686791 -8.83751 -0.285837 0.710372 -0.129293 -0.877273 0.0799474 0.593105 -0.699216 -10.2278 -0.644158
internal_weight=30585 8193 3757 187 4436 207 4229 3570 22392 4894 17498 10550 6948 118 4776
internal_count=30585 8193 3757 187 4436 207 4229 3570 22392 4894 17498 10550 6948 118 4776
is_linear=0
shrinkage=0.08


Tree=145
num_leaves=13
num_cat=0
split_feature=9 12 11 26 14 11 17 6 4 3 9 10
split_gain=230007 1.07603e+06 1.06064e+06 1.2118e+06 652741 427341 4.64272e+06 1.52927e+06 1.27409e+06 561641 1.22416e+06 551636
threshold=2895.5032941072968 30486.500000000004 815.9462725892173 18.583150000000003 0.78656609248549325 815.9462725892173 -0.56174490092936669 28412.020000000004 1.0560477618144677 2.2357967022157044 1658.6664974867074 2767.1847758161971
decision_type=2 2 2 2 2 2 2 2 2 2 2 2
left_child=5 -2 4 -4 -3 9 8 -8 -7 11 -11 -1
right_child=1 2 3 -5 -6 6 7 -9 -10 10 -12 -13
leaf_value=8.1231094049227413e-05 -17.914958813985187 -2.4528375034967662 21.048397787588616 2.0027350184122721 5.1712251030644278 -12.074378382942895 -2.8957620364315106 9.6001306705260543 -40.158254460873813 14.380773059620577 1.3951839073242682 5.0886686103709424
leaf_weight=28498 23 802 26 104 78 21 211 88 22 50 526 136
leaf_count=28498 23 802 26 104 78 21 211 88 22 50 526 136
internal_value=0.000225954 -1.1726 -0.773994 5.94347 -1.77197 0.0412607 -2.76608 0.8017 -27.029 0.0742235 2.54537 0.0244268
internal_weight=30585 1033 1010 130 880 29552 342 299 43 29210 576 28634
internal_count=30585 1033 1010 130 880 29552 342 299 43 29210 576 28634
is_linear=0
shrinkage=0.08


Tree=146
num_leaves=15
num_cat=0
split_feature=6 11 9 13 0 26 7 11 6 8 15 9 14 11
split_gain=207631 785137 362666 1.12388e+06 1.33654e+06 1.16769e+06 607114 2.11237e+06 1.03604e+06 333109 362984 138402 108568 12463.2
threshold=42798.356666666674 351.01163321540656 1997.8783519999365 28500.755000000001 0.47344484209981913 18.160600000000006 380.05603431913977 544.86233109898774 27735.360000000004 1950.5840221573269 -0.9159756150367534 591.92233727248401 -0.70710678118654735 127.4996365008483
decision_type=2 2 2 2 2 2 2 2 2 2 2 2 2 2
left_child=2 11 6 4 -4 -5 7 -1 -8 -3 -11 13 -13 -2
right_child=1 9 3 5 -6 -7 8 -9 -10 10 -12 12 -14 -15
leaf_value=0.0044055630306031835 2.2507292619618502 12.492239163888467 20.139506081717354 -3.8398605168190216 0.9778375888542391 -0.27115861953034082 -0.96990993900855071 -11.886242716312408 2.6989320954952976 -1.7879488411728219 6.4630520946668542 -2.7887773765836443 0.00045976325412978701 5.0640087127685547
leaf_weight=24017 21 36 34 743 70 2778 773 95 1355 48 114 118 358 25
leaf_count=24017 21 36 34 743 70 2778 773 95 1355 48 114 118 358 25
internal_value=0.000163914 1.34166 -0.0322213 -0.782156 7.37437 -1.0251 0.0714064 -0.042934 1.36639 5.61736 4.02234 -0.2878 -0.695387 3.8549
internal_weight=30585 720 29865 3625 104 3521 26240 24112 2128 198 162 522 476 46
internal_count=30585 720 29865 3625 104 3521 26240 24112 2128 198 162 522 476 46
is_linear=0
shrinkage=0.08


end of trees

feature_importances:
price_ptf_rolling_std_24h=223
price_ptf_rolling_mean_24h=212
price_ptf_lag_168h=209
hour_cos=170
thermal_gap=149
renewable_saturation=123
price_volatility_lag24h=113
price_ptf_lag_24h=110
USD_TRY=101
hour_sin=77
consumption_forecast=72
realtime_premium_lag24h=62
temp_national=62
system_short_signal=60
dow_cos_x=53
spark_spread_proxy=42
reserve_margin_ratio=41
consumption_lag_24h=31
load_factor=24
dow_sin_x=21
month_cos=15
day_of_week=15
month_sin=11
is_holiday_day=11
HDD=7

parameters:
[boosting: gbdt]
[objective: regression]
[metric: l1]
[tree_learner: serial]
[device_type: cpu]
[data_sample_strategy: bagging]
[data: ]
[valid: ]
[num_iterations: 800]
[learning_rate: 0.08]
[num_leaves: 31]
[num_threads: 11]
[seed: 42]
[deterministic: 0]
[force_col_wise: 0]
[force_row_wise: 1]
[histogram_pool_size: -1]
[max_depth: 4]
[min_data_in_leaf: 20]
[min_sum_hessian_in_leaf: 0.001]
[bagging_fraction: 0.9]
[pos_bagging_fraction: 1]
[neg_bagging_fraction: 1]
[bagging_freq: 0]
[bagging_seed: 400]
[bagging_by_query: 0]
[feature_fraction: 0.9]
[feature_fraction_bynode: 1]
[feature_fraction_seed: 30056]
[extra_trees: 0]
[extra_seed: 12879]
[early_stopping_round: 0]
[early_stopping_min_delta: 0]
[first_metric_only: 0]
[max_delta_step: 0]
[lambda_l1: 0]
[lambda_l2: 1]
[linear_lambda: 0]
[min_gain_to_split: 0]
[drop_rate: 0.1]
[max_drop: 50]
[skip_drop: 0.5]
[xgboost_dart_mode: 0]
[uniform_drop: 0]
[drop_seed: 17869]
[top_rate: 0.2]
[other_rate: 0.1]
[min_data_per_group: 100]
[max_cat_threshold: 32]
[cat_l2: 10]
[cat_smooth: 10]
[max_cat_to_onehot: 4]
[top_k: 20]
[monotone_constraints: ]
[monotone_constraints_method: basic]
[monotone_penalty: 0]
[feature_contri: ]
[forcedsplits_filename: ]
[refit_decay_rate: 0.9]
[cegb_tradeoff: 1]
[cegb_penalty_split: 0]
[cegb_penalty_feature_lazy: ]
[cegb_penalty_feature_coupled: ]
[path_smooth: 0]
[interaction_constraints: ]
[verbosity: -1]
[saved_feature_importance_type: 0]
[use_quantized_grad: 0]
[num_grad_quant_bins: 4]
[quant_train_renew_leaf: 0]
[stochastic_rounding: 1]
[linear_tree: 0]
[max_bin: 255]
[max_bin_by_feature: ]
[min_data_in_bin: 3]
[bin_construct_sample_cnt: 200000]
[data_random_seed: 175]
[is_enable_sparse: 1]
[enable_bundle: 1]
[use_missing: 1]
[zero_as_missing: 0]
[feature_pre_filter: 1]
[pre_partition: 0]
[two_round: 0]
[header: 0]
[label_column: ]
[weight_column: ]
[group_column: ]
[ignore_column: ]
[categorical_feature: ]
[forcedbins_filename: ]
[precise_float_parser: 0]
[parser_config_file: ]
[objective_seed: 16083]
[num_class: 1]
[is_unbalance: 0]
[scale_pos_weight: 1]
[sigmoid: 1]
[boost_from_average: 1]
[reg_sqrt: 0]
[alpha: 0.9]
[fair_c: 1]
[poisson_max_delta_step: 0.7]
[tweedie_variance_power: 1.5]
[lambdarank_truncation_level: 30]
[lambdarank_norm: 1]
[label_gain: ]
[lambdarank_position_bias_regularization: 0]
[eval_at: ]
[multi_error_top_k: 1]
[auc_mu_weights: ]
[num_machines: 1]
[local_listen_port: 12400]
[time_out: 120]
[machine_list_filename: ]
[machines: ]
[gpu_platform_id: -1]
[gpu_device_id: -1]
[gpu_use_dp: 0]
[num_gpu: 1]

end of parameters

pandas_categorical:[]
