model,config,description,feature_selection,MAE,RMSE,MAPE,sMAPE,MASE,training_time_seconds
catboost,catboost_balanced,,all,79.6153498915687,101.1309019506871,210.48428003297857,17.626345349081976,0.504544403823292,0.4442172050476074
lightgbm,lightgbm_light,,all,70.29453927538891,91.49654118391243,189.212642946439,15.907736642200845,0.4454758593542277,0.34737491607666016
prophet,prophet_light,,all,98.3868707883483,125.19638904086837,299.69324757159666,20.232228851913728,0.6235047027181804,27.009415864944458
