tree
version=v4
num_class=1
num_tree_per_iteration=1
label_index=0
max_feature_idx=26
objective=regression
feature_names=reserve_margin_ratio renewable_saturation load_factor spark_spread_proxy realtime_premium_lag24h system_short_signal thermal_gap price_volatility_lag24h price_ptf_lag_24h price_ptf_lag_168h price_ptf_rolling_mean_24h price_ptf_rolling_std_24h consumption_forecast consumption_lag_24h hour_sin hour_cos dow_sin_x dow_cos_x month_sin month_cos is_weekend_x is_holiday_day day_of_week temp_national HDD CDD USD_TRY
feature_infos=[0.10296164692965946:0.70241138145944593] [0.0021784835942654911:0.31010744646373994] [0.29758861854055407:0.89703835307034052] [0:2.6401914138775062] [0.10000000000000001:10] [-4150:4300.0100000000002] [15071.275:52990.050000000003] [0:1359.6180822608026] [0:3444.3599598399201] [0:3444.3599598399201] [36.979077484800428:3298.8255837588599] [0:1359.6180822608026] [17237:55243] [15333.299999999999:55575.019999999997] [-1:1] [-1:1] [-0.97492791218182362:0.97492791218182362] [-0.90096886790241903:1] [-1:1] [-1:1] [0:1] [0:1] [0:6] [-2.2555740000000002:18.692222999999998] [0:20.255572999999998] none [5.8529:26.031199999999998]
tree_sizes=5467 5440 5245 5244 5417 5337 4982 5087 5074 5335 4977 5440 5147 5174 5073 5471 5347 5243 4888 5298 4726 5252 4652 5235 4732 4963 5137 4798 4531 5300 4985 5124 4794 5028 5192 5087 5225 5248 5029 4910 4468 5092 4689 5176 4756 4818 4931 4789 4562 5148 5073 4751 4638 4813 4297 4221 4660 4747 5271 5218 4592 4774 4675 5073 4238 4430 4236 4264 4079 4726 5227 4180 4178 4374 4878 4047 4646 4288 3929 4504 3992 3361 4346 4388 4152 3274 3761 4077 4454 4364 3075 3671 4744 2781 4320 3176 3132 4047 2882 4089 4441 3286 4507 3632 4471 3599 3230 3373 3481 3400 4050 2792 3606 3659 3890 3009 3842 3331 4266 2875 2688 3492 3294 3837 2806 2788 3235 3345 3287 3045 2864 4167 3198 3433 3294 4027 3204 4081 3011 3116 2548 2996 3132 4803 3431 3535 3198 3215 2861 2978 3476 3180 3674 3170 3107 3849 2839 2949

Tree=0
num_leaves=62
num_cat=0
split_feature=10 10 8 10 6 8 8 8 8 2 10 10 11 6 1 6 17 17 17 10 14 8 1 8 11 10 6 7 6 10 8 6 6 10 6 6 14 6 8 10 17 11 10 1 8 11 6 6 12 1 10 1 11 8 6 5 8 11 5 8 11
split_gain=1.13146e+10 1.6387e+09 1.17173e+09 2.30687e+08 1.55915e+08 1.49026e+08 1.3482e+08 1.02429e+08 8.34687e+07 5.88682e+07 4.31658e+07 4.00245e+07 3.8905e+07 3.70695e+07 3.19702e+07 2.65047e+07 2.60512e+07 2.45594e+07 2.28836e+07 2.02183e+07 1.80358e+07 2.47075e+07 1.92392e+07 1.65647e+07 1.52414e+07 1.49872e+07 1.4667e+07 1.55427e+07 1.23838e+07 1.15142e+07 1.05615e+07 1.03615e+07 9.05937e+06 8.96432e+06 8.82118e+06 8.73939e+06 8.20977e+06 7.74501e+06 7.26471e+06 6.7854e+06 6.6861e+06 6.11967e+06 5.98074e+06 5.89576e+06 5.85121e+06 5.82973e+06 5.67941e+06 5.42454e+06 5.27852e+06 5.16445e+06 4.78597e+06 4.73116e+06 3.80803e+06 3.50915e+06 2.79388e+06 2.22659e+06 2.16819e+06 1.84114e+06 1.69813e+06 1.66779e+06 1.22625e+06
threshold=1381.6118996345785 764.00236317173085 2273.1114059773076 1962.7455307003709 28059.969166666669 1121.1268698485089 520.53403998596036 2863.635411009132 1658.6664974867074 0.56361752959557476 363.50138822157817 975.90267022014484 668.06494927022538 24980.067500000005 0.15094606262164065 32448.75583333334 0.81174490092936691 0.81174490092936691 0.81174490092936691 2257.4581861031606 -0.70710678118654735 1720.0260074008504 0.16823590160644428 753.39488002536666 464.25703865863346 2400.9679739864473 29644.338333333337 338.37106591708442 23601.848333333339 1046.6642317271019 3005.0980100075335 26042.829166666674 23768.352500000005 2228.4778661858099 32726.763333333336 23379.125000000004 -0.37940952255126059 25433.005000000005 1873.4163097475914 2438.4874958489418 0.81174490092936691 295.04571564515408 1164.3106851240702 0.24704976018373964 1257.8883593046228 576.46600801760758 23768.352500000005 33703.341666666674 33481.500000000007 0.16823590160644428 582.23144018365736 0.11343215125001936 430.40480358111773 437.67830574454473 35093.708333333343 -269.97499999999997 304.3907199453833 739.19286622200468 209.49499999999992 2536.291659429196 544.86233109898774
decision_type=2 2 2 2 2 2 2 2 2 2 2 2 2 2 2 2 2 2 2 2 2 2 2 2 2 2 2 2 2 2 2 2 2 2 2 2 2 2 2 2 2 2 2 2 2 2 2 2 2 2 2 2 2 2 2 2 2 2 2 2 2
left_child=1 6 3 8 12 11 10 19 13 14 35 28 37 43 25 32 -15 34 33 48 21 42 29 50 -19 -5 53 -28 45 -22 39 -14 -10 -11 -13 56 -21 60 -17 -9 -30 -24 -7 -2 49 -3 -16 -32 -6 -25 55 -46 -20 -12 -52 -8 -1 -23 -37 -39 -4
right_child=2 5 4 9 7 20 23 30 15 18 26 17 31 16 46 38 -18 24 52 36 22 57 41 44 -26 -27 27 -29 40 -31 47 -33 -34 -35 -36 58 -38 59 -40 -41 -42 -43 -44 -45 51 -47 -48 -49 -50 -51 54 -53 -54 -55 -56 -57 -58 -59 -60 -61 -62
leaf_value=973.55508258933901 1025.0959418454231 1000.4373504273008 1058.4835772245865 1060.6311976183715 1060.2546491626183 1028.5812635993332 978.63068635433626 1092.886503694468 1018.9896264344948 1070.5745541742272 985.49627886201188 1013.3421421630673 1006.9216273045391 1041.5629631269653 1017.2700063036135 1056.1709581044352 1057.7186591966158 1025.2764543971789 1083.1731844041078 1102.7581735970562 1017.1107148240754 1053.9728172654609 1020.5805594316743 1005.0717235415325 1051.4443709476186 1074.8855968755086 990.6090505668933 1023.4049168461188 1008.2569384511273 1028.9686640579203 1105.2332037549445 1049.0545081846049 1049.7581080263335 1084.9970004543775 1021.0541664483995 983.22217066965447 1090.6995493815027 1067.0716998680664 1065.0429323049732 1108.8456492740672 1016.7029209767713 1004.2446953699647 1036.344744211947 1003.6793759766158 1034.695699980562 975.73427842451315 1043.3039507380338 1118.8811365904387 1083.2656566678536 985.67424627933076 997.43925250789448 1005.833564467539 1102.8830510281268 988.65969505254077 1003.1063278778794 994.60980291235671 981.20250870384905 1074.0636306324034 997.34954295477064 1081.9299519578374 1039.7351869277807
leaf_weight=433 136 80 21 548 34 724 24 138 25 328 2126 1097 39 1700 29 415 295 276 58 287 243 40 104 1042 69 303 7226 36 1630 1294 165 22 594 198 559 910 495 66 658 306 274 126 383 41 29 35 74 488 479 35 590 26 129 1791 370 629 171 26 27 66 23
leaf_count=433 136 80 21 548 34 724 24 138 25 328 2126 1097 39 1700 29 415 295 276 58 287 243 40 104 1042 69 303 7226 36 1630 1294 165 22 594 198 559 910 495 66 658 306 274 126 383 41 29 35 74 488 479 35 590 26 129 1791 370 629 171 26 27 66 23
internal_value=1017.92 999.573 1068.33 1055.25 1095.81 1019.72 990.506 1099.65 1048.53 1070.81 988.337 1013.46 1056.89 1042.03 1062.58 1056.87 1043.97 1018.48 1081.74 1089.97 1028.27 1033.08 1025.08 1000.57 1030.59 1065.77 989.425 990.772 1008.5 1027.09 1111 1022.37 1048.52 1076.12 1015.95 980.465 1095.23 1068.76 1061.65 1104.07 1009.47 1011.61 1031.28 1020.08 1005.22 992.62 1036.04 1115.57 1081.83 1004.41 997.308 1021.08 1097.15 986.935 999.606 993.963 975.656 1062.61 983.607 1074.93 1049.39
internal_weight=30585 22425 8160 5531 2629 6960 15465 2392 3864 1667 12720 4020 237 2172 954 1692 1995 2001 713 1295 2940 1173 1767 2745 345 851 11179 7262 2019 1537 1097 61 619 526 1656 1541 782 176 1073 444 1904 230 1107 177 1132 115 103 653 513 1077 1613 55 187 3917 960 653 604 66 937 132 44
internal_count=30585 22425 8160 5531 2629 6960 15465 2392 3864 1667 12720 4020 237 2172 954 1692 1995 2001 713 1295 2940 1173 1767 2745 345 851 11179 7262 2019 1537 1097 61 619 526 1656 1541 782 176 1073 444 1904 230 1107 177 1132 115 103 653 513 1077 1613 55 187 3917 960 653 604 66 937 132 44
is_linear=0
shrinkage=1


Tree=1
num_leaves=62
num_cat=0
split_feature=8 26 8 8 6 8 8 8 6 7 7 18 18 15 11 6 6 1 8 6 6 6 6 8 6 18 6 8 15 19 17 26 3 8 8 19 6 1 26 26 6 7 8 6 6 22 11 11 6 11 0 6 6 8 1 0 23 7 11 26 8
split_gain=9.65489e+09 1.67959e+09 1.02506e+09 1.78996e+08 1.6665e+08 1.59519e+08 1.5349e+08 9.27057e+07 6.05059e+07 7.17824e+07 4.69754e+07 4.54602e+07 4.24627e+07 4.04867e+07 3.64046e+07 3.57429e+07 3.09959e+07 2.73672e+07 2.6717e+07 2.58381e+07 2.39192e+07 2.312e+07 1.92003e+07 1.81443e+07 1.74177e+07 1.62293e+07 1.57008e+07 1.55858e+07 1.55337e+07 1.50901e+07 1.40386e+07 1.37793e+07 1.17005e+07 1.08515e+07 1.06103e+07 9.29654e+06 8.84147e+06 8.61266e+06 8.41272e+06 8.17455e+06 7.38193e+06 7.34569e+06 5.63018e+06 4.65978e+06 4.40551e+06 4.2004e+06 3.55525e+06 3.44048e+06 2.98228e+06 2.75898e+06 2.71445e+06 2.02251e+06 1.98994e+06 1.948e+06 1.79846e+06 1.49407e+06 1.16961e+06 1.14809e+06 1.01786e+06 1.00717e+06 107685
threshold=1420.263053060253 8.8883500000000009 2273.1114059773076 1743.9111632769943 28129.700833333336 968.67081498696814 520.53403998596036 2863.635411009132 30049.740833333337 509.56792670586901 576.58915984026874 -0.5 -0.5 -0.5 631.09926442692938 27538.727500000005 30375.340833333335 0.18058820999331973 1234.7430767968854 23165.886666666669 26221.600000000002 24460.21166666667 26134.245000000006 753.39488002536666 26304.932500000003 -0.5 25433.005000000005 304.3907199453833 -0.37940952255126009 0.6830127018922193 0.81174490092936691 18.160600000000006 2.5750175502600348 2032.726412708347 2626.1050338120644 0.25000000000000017 25110.472500000003 0.11269189017778734 18.583150000000003 17.936000000000003 28727.690833333338 325.12058066250438 466.16131816231001 25433.005000000005 30659.574166666669 5.5000000000000009 614.20424327994806 456.93634900424689 22031.844166666669 924.74512740195235 0.30943850211679297 38509.695000000007 31575.602500000005 437.67830574454473 0.15364126980085169 0.29175735856306567 4.6401486000000007 85.318891209691301 92.730633057035718 8.2407500000000002 822.73278426324293
decision_type=2 2 2 2 2 2 2 2 2 2 2 2 2 2 2 2 2 2 2 2 2 2 2 2 2 2 2 2 2 2 2 2 2 2 2 2 2 2 2 2 2 2 2 2 2 2 2 2 2 2 2 2 2 2 2 2 2 2 2 2 2
left_child=1 6 3 11 14 8 15 34 13 30 18 22 20 40 43 27 28 35 24 -15 46 47 -2 50 -7 -11 49 48 -14 -23 -10 -22 45 -18 39 -12 -19 -24 -28 -6 -3 -20 52 -4 -36 -9 -5 -13 -1 -16 58 59 -17 -29 -34 -44 -45 -52 -8 -25 -53
right_child=2 5 4 12 7 10 23 32 9 25 17 21 16 19 26 42 33 36 41 -21 31 29 37 51 -26 -27 38 53 -30 -31 -32 -33 54 -35 44 -37 -38 -39 -40 -41 -42 -43 55 56 -46 -47 -48 -49 -50 -51 57 60 -54 -55 -56 -57 -58 -59 -60 -61 -62
leaf_value=-42.441345775942267 9.613179809613662 -33.340824524599455 33.775314832834106 37.157839526221863 51.621434741621265 -9.3014322478226408 -20.900557920015778 85.410289441692697 -4.1914852845348598 72.611549933297297 20.695280283821958 4.865240020950635 8.2915429705789645 -23.59740038880058 3.7771675116016024 -28.840685996027794 40.691922308284333 -19.660964394251508 11.166845373040951 -5.4199136823572491 51.005854794437241 22.78531253994122 59.351828953162169 -20.357859281174683 5.6528107168257744 28.611610238281727 55.927190309004359 -31.855521986063362 33.341177563278251 42.568532204118746 7.0446484604680393 66.955335131025507 97.313813123531403 49.849525279133381 59.306218004573481 45.807979093790053 21.057114295959472 36.598761900530924 15.067973082571321 67.090937099778387 -12.346903605374424 21.446496099116271 -20.712231056249536 39.747350546632504 78.071898356877639 69.55597065213361 9.8542815030005677 -16.123709289088392 -35.914911022278723 -18.865545614361761 -22.197232017601301 -10.540482584986194 -26.694205841474851 -28.732126783142373 80.242648724250074 -25.381448501521543 58.239594026961413 -18.838725704207299 -12.815588878269111 -12.509213733393061 -8.7843442953967177
leaf_weight=315 32 214 38 20 118 220 51 582 967 27 53 47 72 229 30 2331 934 29 1896 1311 351 1951 132 46 1641 96 21 1301 477 102 389 256 388 550 54 143 23 71 32 770 54 192 210 20 348 78 30 32 618 23 452 144 2676 1092 52 3967 105 806 220 612 544
leaf_count=315 32 214 38 20 118 220 51 582 967 27 53 47 72 229 30 2331 934 29 1896 1311 351 1951 132 46 1641 96 21 1301 477 102 389 256 388 550 54 143 23 71 32 770 54 192 210 20 348 78 30 32 618 23 452 144 2676 1092 52 3967 105 806 220 612 544
internal_value=0.00182348 -16.3162 48.3616 35.135 73.4938 3.11172 -25.7664 77.6981 -5.13601 2.36386 9.57085 25.0883 43.9628 -11.269 35.99 -28.1611 40.3424 30.6403 8.24025 -8.13649 55.0872 22.7674 45.9583 -15.3401 3.88093 38.7779 13.009 -32.6189 30.077 23.7885 -0.96532 57.8316 88.4624 44.1172 68.4578 39.1568 -1.59346 51.6123 31.9934 65.0957 -29.1723 12.1219 -26.5434 50.7643 75.7046 83.6447 21.2902 -3.73182 -38.1615 -6.21622 -19.0701 -11.0919 -27.6991 -30.4428 95.4829 -25.1517 55.6198 -20.0621 -14.4084 -13.088 -9.16668
internal_weight=30585 22869 7716 5057 2659 7484 15385 2390 3287 1479 4197 2367 2690 1808 269 12510 2033 248 3949 1540 657 2132 235 2875 1861 123 106 3326 549 2053 1356 607 1100 1484 1290 196 52 203 53 888 268 2088 9184 163 402 660 50 79 933 53 1529 1346 5007 2393 440 4177 125 1258 271 658 688
internal_count=30585 22869 7716 5057 2659 7484 15385 2390 3287 1479 4197 2367 2690 1808 269 12510 2033 248 3949 1540 657 2132 235 2875 1861 123 106 3326 549 2053 1356 607 1100 1484 1290 196 52 203 53 888 268 2088 9184 163 402 660 50 79 933 53 1529 1346 5007 2393 440 4177 125 1258 271 658 688
is_linear=0
shrinkage=0.05


Tree=2
num_leaves=59
num_cat=0
split_feature=8 9 9 8 9 8 8 9 8 1 21 9 8 8 9 9 1 4 3 8 12 1 8 1 11 12 1 9 12 9 1 9 1 26 9 12 8 8 12 7 0 26 24 8 8 9 1 7 11 12 11 1 12 9 9 7 26 15
split_gain=8.71755e+09 1.3638e+09 1.15725e+09 2.14382e+08 2.11094e+08 1.40113e+08 1.09587e+08 8.95473e+07 6.38516e+07 4.84404e+07 4.50013e+07 4.68568e+07 4.29862e+07 3.32671e+07 3.22819e+07 3.11495e+07 2.89084e+07 2.38806e+07 2.14929e+07 1.96261e+07 1.93107e+07 1.70756e+07 1.47395e+07 1.40349e+07 1.52291e+07 1.35909e+07 1.22847e+07 1.21816e+07 1.03954e+07 9.79004e+06 9.5561e+06 9.92408e+06 7.74667e+06 8.51354e+06 7.17796e+06 7.16421e+06 6.53777e+06 5.60451e+06 5.21164e+06 5.15156e+06 4.76696e+06 4.63927e+06 4.2442e+06 3.94635e+06 3.92597e+06 3.80741e+06 3.50267e+06 3.79171e+06 3.42634e+06 2.79603e+06 2.6835e+06 2.42544e+06 1.79629e+06 1.56778e+06 1.50139e+06 1.08002e+06 463839 287111
threshold=1386.0171818619581 691.30499012125676 2148.5964702371089 1743.9111632769943 1222.0183875528421 2626.1050338120644 553.2163897711697 2803.4179486041867 942.61101605018291 0.18311622431001986 1.0000000180025095e-35 1720.0260074008504 2084.4454757204603 313.36243140441212 2863.635411009132 1603.25204566808 0.18946953262365177 0.74735754229470575 2.5750175502600348 918.90674303651838 33556.500000000007 0.11109711784659849 2536.291659429196 0.17248759455961213 497.39075132390343 32069.500000000004 0.15094606262164065 446.1872835029489 31118.000000000004 2507.049509271968 0.09181202052367933 910.35760903550988 0.091187769873347993 19.029700000000002 1743.9111632769943 35192.500000000007 1433.9411256865305 737.99007240261528 31495.500000000004 333.99930859017695 0.47225895453051486 18.559050000000003 14.543246000000002 490.78966262072498 737.99007240261528 1603.25204566808 0.18946953262365177 412.65580852970925 99.536053447953677 30865.500000000004 384.94467117176657 0.15364126980085169 31636.500000000004 3005.0980100075335 3050.8705243132035 242.33534189160753 8.1765500000000007 0.37940952255126043
decision_type=2 2 2 2 2 2 2 2 2 2 2 2 2 2 2 2 2 2 2 2 2 2 2 2 2 2 2 2 2 2 2 2 2 2 2 2 2 2 2 2 2 2 2 2 2 2 2 2 2 2 2 2 2 2 2 2 2 2
left_child=1 6 3 15 8 14 13 10 30 12 11 -6 34 38 16 23 29 -12 21 44 41 40 -14 36 -25 -23 39 52 -18 -4 31 -3 33 -10 -5 57 -2 -32 48 -17 -7 -11 -34 -29 55 -22 47 -21 -1 -28 -46 -20 -15 -37 -9 -8 -40 -16
right_child=2 4 5 9 7 18 19 54 32 20 17 -13 22 27 35 26 28 -19 51 46 45 25 -24 24 -26 -27 49 43 -30 -31 37 -33 42 -35 -36 53 -38 -39 56 -41 -42 -43 -44 -45 50 -47 -48 -49 -50 -51 -52 -53 -54 -55 -56 -57 -58 -59
leaf_value=-31.248079570457897 14.469092646511434 -9.1912226136901207 53.647403795430321 32.85757325330453 9.9107756152377107 82.500517420079419 -18.965744112246895 63.253035474504749 9.6970639566798429 10.67599292894689 -34.331827008347766 28.879717366892038 46.227771690164872 -28.880445285904358 43.829461527737713 28.648366765419997 -4.6041688979239694 2.669225036241476 93.791728338810074 -3.7746082202457405 13.419455264056172 24.460575798208065 59.875297382274283 11.132572201664857 -24.006202089661048 68.267030568991984 0.079240630114520039 -25.150393892668358 36.405072856609642 64.076280974688913 -16.765187122866141 -1.0355738588601293 -3.4086228040850517 0.33950663897856281 40.076302517218636 73.091327065361881 20.923706593506935 -9.9948041459504964 -27.858853883949706 38.626729134244869 64.036030292834269 -12.340782101002146 5.1811566516436072 -22.238082533077073 -12.667885165214539 36.356855101521816 -22.996008242652529 13.644237418038504 -37.317750530267226 18.414467937396122 -29.583373982238772 75.94709071232721 -26.535502966807442 86.578095723470057 90.27069819335938 -13.411861297096218 -18.706021099853515 61.00195471627373
leaf_weight=402 632 1321 680 670 2040 670 870 27 555 40 75 387 715 2489 21 445 20 102 358 291 26 21 299 163 37 202 26 5769 64 408 483 520 547 432 826 143 1090 854 230 202 58 46 194 1569 643 74 20 34 784 103 24 51 1559 89 24 110 24 27
leaf_count=402 632 1321 680 670 2040 670 870 27 555 40 75 387 715 2489 21 445 20 102 358 291 26 21 299 163 37 202 26 5769 64 408 483 520 547 432 826 143 1090 854 230 202 58 46 194 1569 643 74 20 34 784 103 24 51 1559 89 24 110 24 27
internal_value=0.00335372 -16.1611 44.0829 30.5162 1.11842 70.0864 -24.9776 12.4724 -5.02736 40.4891 11.1704 12.9461 42.3147 -26.6726 59.188 20.5394 55.4226 -13.114 81.67 -14.0558 15.7583 77.2398 50.3071 17.1088 4.54478 64.2694 29.0034 -25.7609 26.7016 57.6135 -9.23254 -6.88943 2.70733 5.60585 36.8674 74.6957 18.5645 -12.4514 -33.8588 31.8185 81.1193 -1.63559 -1.15579 -24.5308 -16.3262 30.5851 -3.20102 -1.91605 -35.2885 14.7481 -13.3199 91.7573 -27.9841 78.6145 77.4588 -18.3567 -27.0708 54.5369
internal_weight=30585 22379 8206 5394 7561 2812 14818 2655 4906 2696 2604 2427 2510 12826 1452 2698 1172 177 1360 1992 186 951 1014 1922 200 223 776 11386 84 1088 3178 1841 1728 987 1496 280 1722 1337 1440 647 728 86 741 7338 1647 100 345 325 1186 129 667 409 4048 232 51 980 254 48
internal_count=30585 22379 8206 5394 7561 2812 14818 2655 4906 2696 2604 2427 2510 12826 1452 2698 1172 177 1360 1992 186 951 1014 1922 200 223 776 11386 84 1088 3178 1841 1728 987 1496 280 1722 1337 1440 647 728 86 741 7338 1647 100 345 325 1186 129 667 409 4048 232 51 980 254 48
is_linear=0
shrinkage=0.05


Tree=3
num_leaves=59
num_cat=0
split_feature=3 9 9 3 9 9 3 6 9 6 3 6 9 6 3 9 3 9 26 9 9 4 1 1 9 6 1 7 1 9 9 6 6 23 6 6 3 3 26 21 7 23 1 11 11 13 6 6 11 15 26 6 6 12 26 26 3 11
split_gain=7.74971e+09 1.30722e+09 1.01004e+09 2.44136e+08 1.55744e+08 1.36976e+08 7.01598e+07 6.09543e+07 7.10925e+07 5.85696e+07 6.13395e+07 5.5794e+07 4.26242e+07 3.7352e+07 3.36595e+07 3.35359e+07 2.62866e+07 2.58412e+07 1.99208e+07 1.89581e+07 1.59854e+07 1.59209e+07 1.59052e+07 1.43275e+07 1.38173e+07 1.29214e+07 1.28063e+07 1.26791e+07 1.06214e+07 1.04083e+07 9.66103e+06 8.95776e+06 6.34361e+06 6.148e+06 6.14523e+06 5.82532e+06 5.71829e+06 5.67481e+06 5.63443e+06 5.08578e+06 4.69169e+06 4.65487e+06 4.50875e+06 3.95216e+06 3.68041e+06 3.28495e+06 2.69663e+06 2.58962e+06 2.48768e+06 4.60311e+06 2.72759e+06 2.43105e+06 2.17504e+06 2.14121e+06 1.53266e+06 3.46758e+06 1.51044e+06 716302
threshold=1.0660977007725549 2131.9594740145162 691.30499012125676 1.3555679858933034 1151.974653264883 2803.4179486041867 0.5764194410878104 24980.067500000005 2019.4196213484609 25433.005000000005 1.9467176928395675 27176.583333333336 1699.6209308463654 27102.58666666667 2.1005746971663721 431.30090789025417 0.79789742520144624 1743.9111632769943 18.852700000000002 1420.263053060253 2803.4179486041867 0.10055000000000001 0.17475777883368729 0.1522633365147972 3005.0980100075335 23379.125000000004 0.08601658294058849 404.66582167028594 0.20179298745144222 910.35760903550988 504.48104068892997 29974.000833333335 29381.370833333338 3.5113512000000004 31019.798333333336 22662.251666666671 0.83838769366094412 0.52878306520184959 18.696500000000004 1.0000000180025095e-35 316.15238512326607 5.9084885000000016 0.16823590160644428 435.62761669301636 103.46682793902117 31189.230000000007 26798.751666666667 28603.572500000006 342.34426700996619 -0.37940952255126009 8.3160000000000025 33703.341666666674 22337.725833333334 27498.500000000004 9.6866000000000003 18.966950000000004 0.44502981235751443 83.609774535864872
decision_type=2 2 2 2 2 2 2 2 2 2 2 2 2 2 2 2 2 2 2 2 2 2 2 2 2 2 2 2 2 2 2 2 2 2 2 2 2 2 2 2 2 2 2 2 2 2 2 2 2 2 2 2 2 2 2 2 2 2
left_child=2 3 6 12 16 11 15 21 19 23 17 28 18 -7 26 25 29 -11 22 -9 -10 53 -2 45 39 44 -13 -27 41 37 47 -20 -12 57 -31 -23 48 -4 -16 -15 46 -3 -42 -25 -1 -5 -14 -17 50 -50 -8 -26 -35 -6 -38 -56 -32 -18
right_child=1 5 4 9 7 13 36 8 20 10 32 14 40 24 38 30 33 -19 31 -21 -22 35 -24 43 51 27 -28 -29 -30 34 56 -33 -34 52 -36 -37 54 -39 -40 -41 42 -43 -44 -45 -46 -47 -48 -49 49 -51 -52 -53 -54 -55 55 -57 -58 -59
leaf_value=-30.037049731818996 17.475669565232177 19.945900275292608 -15.145462141778157 28.626739387638764 -41.52505540896685 28.516562259380635 -19.365432007820377 7.2947295197100503 35.749054511805049 28.596438742811269 43.649819269995938 58.285449714451431 7.3185859580473469 74.406865905879314 71.236538312182844 -25.954511543871572 12.540013000246079 38.859477164294873 -1.9211379131173665 18.651462802915688 73.813822342722048 -17.557615431565505 2.8573194795619874 12.779136032104493 77.546221820940303 -27.639538895574074 46.387607110096042 2.1309658184567013 -0.94565383013337856 -8.1335801243135286 -21.644471398648349 9.807818213300493 58.721509214057306 -17.27997579665411 0.6564098598166126 0.79266078468469481 -16.828884866887872 -8.9066669242050462 59.100282071358812 45.133545802723283 38.852353762054442 42.44890533026782 17.869585891891926 -8.3710097736687885 -37.699625094631863 5.4394531576974057 26.562427681076759 -23.489918638950808 -36.082843789765334 -5.8144947494160055 -12.035062927266061 87.750042163085936 -1.008724918687997 -22.005080446243287 7.7511571216583253 -7.5325110807739399 -18.174858567547517 6.0804602845003286
leaf_weight=293 1728 45 459 72 38 38 154 1413 121 1195 113 546 21 518 462 1416 62 1305 225 497 37 64 209 29 174 3446 446 36 31 378 549 585 304 20 418 129 21 1818 174 21 174 54 33 83 445 20 203 6401 32 21 811 474 948 29 53 118 926 150
leaf_count=293 1728 45 459 72 38 38 154 1413 121 1195 113 546 21 518 462 1416 62 1305 225 497 37 64 209 29 174 3446 446 36 31 378 549 585 304 20 418 129 21 1818 174 21 174 54 33 83 445 20 203 6401 32 21 811 474 948 29 53 118 926 150
internal_value=0.00480161 38.1316 -16.6086 25.2123 -0.32453 65.395 -23.8873 10.0694 12.9384 35.1448 36.9561 56.3755 15.4499 78.2823 58.8966 -24.9206 -6.01498 33.9671 13.1473 10.2581 45.0712 -12.712 15.9007 9.19119 79.8501 -28.6282 52.9883 -27.3312 24.595 -8.45014 -23.2339 6.55142 54.7515 0.32854 -3.52269 -5.35152 -12.3376 -10.1704 68.0142 73.352 30.0613 32.5221 35.6093 -2.82996 -34.7022 23.6988 24.7989 -23.9396 -13.83 -24.4196 -13.2237 85.1338 -1.3624 -33.524 -4.394 -2.77791 -19.4801 8.0196
internal_weight=30585 9282 21303 6299 6581 2983 14722 2328 2068 3121 2917 1758 3178 1225 1628 13512 4253 2500 2747 1910 158 260 1937 204 1187 4220 992 3482 130 3073 9292 810 417 1180 796 193 1210 2277 636 539 431 99 207 112 738 92 224 7817 1018 53 965 648 968 67 192 171 1475 212
internal_count=30585 9282 21303 6299 6581 2983 14722 2328 2068 3121 2917 1758 3178 1225 1628 13512 4253 2500 2747 1910 158 260 1937 204 1187 4220 992 3482 130 3073 9292 810 417 1180 796 193 1210 2277 636 539 431 99 207 112 738 92 224 7817 1018 53 965 648 968 67 192 171 1475 212
is_linear=0
shrinkage=0.05


Tree=4
num_leaves=61
num_cat=0
split_feature=10 10 10 8 0 10 8 6 6 10 17 15 3 6 10 10 17 8 0 6 1 8 18 19 15 6 6 7 15 1 26 8 8 10 4 6 6 15 0 10 1 6 7 17 26 1 10 7 6 5 8 1 8 8 15 8 1 4 22 15
split_gain=7.61322e+09 1.08392e+09 7.8039e+08 1.50599e+08 1.36719e+08 9.50642e+07 9.07464e+07 5.67908e+07 4.70357e+07 4.53627e+07 3.83562e+07 3.68755e+07 3.38794e+07 3.23815e+07 3.15414e+07 2.7303e+07 1.84609e+07 1.53753e+07 1.35064e+07 1.30317e+07 1.26593e+07 1.35049e+07 1.24945e+07 1.06823e+07 1.02538e+07 9.51024e+06 9.14334e+06 9.09094e+06 8.55772e+06 8.5085e+06 7.7699e+06 7.57835e+06 7.51934e+06 7.17643e+06 6.79916e+06 6.44718e+06 6.42707e+06 5.97128e+06 5.8859e+06 5.87248e+06 5.69131e+06 5.43013e+06 5.18106e+06 5.06625e+06 5.05435e+06 4.68893e+06 4.55762e+06 4.32541e+06 3.89496e+06 3.75701e+06 2.98368e+06 2.87027e+06 2.78897e+06 2.23543e+06 1.67213e+06 1.67206e+06 1.62164e+06 1.58987e+06 752152 692783
threshold=1381.6118996345785 771.37542028724295 2228.4778661858099 1928.6294953818244 0.43530259575842151 543.68993134195205 1121.1268698485089 28059.969166666669 25220.020000000004 1689.9532828652807 0.81174490092936691 -0.9159756150367534 2.0229317428466573 27176.583333333336 370.26730456037649 975.90267022014484 0.81174490092936691 2970.0870861186709 0.39332024983561858 23768.352500000005 0.16823590160644428 1679.8958772287044 -0.5 -0.24999999999999994 -0.9829629131445341 23601.848333333339 29180.94333333334 595.16997336795305 -0.60355339059327384 0.20179298745144222 14.636050000000003 1873.4163097475914 2970.0870861186709 1046.6642317271019 0.29372940141148868 32726.763333333336 23379.125000000004 -0.37940952255126009 0.46567397786348458 2438.4874958489418 0.17754724334573557 36849.105833333342 295.06042778607798 0.81174490092936691 18.576600000000003 0.21364731160036707 1867.7165627487752 320.50371950305129 22031.844166666669 149.00000000000014 737.99007240261528 0.077061651740503209 1845.9241844862479 437.67830574454473 0.1294095225512602 304.3907199453833 0.12518859740352525 1.0186955829921593 3.5000000000000004 0.37940952255126043
decision_type=2 2 2 2 2 2 2 2 2 2 2 2 2 2 2 2 2 2 2 2 2 2 2 2 2 2 2 2 2 2 2 2 2 2 2 2 2 2 2 2 2 2 2 2 2 2 2 2 2 2 2 2 2 2 2 2 2 2 2 2
left_child=1 5 3 8 11 14 15 19 40 22 -11 24 46 29 36 25 35 39 42 -5 21 33 -10 59 51 47 53 -18 -25 44 -28 38 -14 -8 58 -17 55 -21 -22 -13 57 -26 50 -27 -6 -33 -9 -3 -42 -36 -7 -4 -23 -16 -38 -1 -19 -2 -20 -15
right_child=2 6 4 7 13 18 20 12 9 10 -12 17 32 23 26 16 27 56 34 37 31 52 -24 28 41 43 30 -29 -30 -31 -32 45 -34 -35 49 -37 54 -39 -40 -41 48 -43 -44 -45 -46 -47 -48 -49 -50 -51 -52 -53 -54 -55 -56 -57 -58 -59 -60 -61
leaf_value=-36.477700115581897 5.3497941427881068 -13.650306988758828 48.586060678582442 -16.278192326681957 44.849252588114609 -13.932394447933289 3.5867391372750612 37.224195993159718 56.558169763088237 28.90071120682348 50.952457561329901 63.662851456351909 53.671528806186807 32.617151402064735 -26.613246945385782 -3.7913308468873597 8.0485942828263113 83.660141350402839 -26.60851720133136 0.11386306269415494 0.14597583363313629 20.855650041918214 19.991605111158123 32.203722603797921 47.482516017782281 -7.9604837371932282 -22.321073188376186 32.677597257869188 57.740298127862324 3.1328787942366172 5.9519305236816411 33.008538576761879 72.542568793425687 10.029808945941404 -18.125329808389701 2.801695817306638 -30.1873321981823 25.68253160576667 -16.231887426183032 74.14210806196472 -15.890879896236093 67.625847109840024 8.400943140983582 -0.4459256881836689 29.959913722108674 1.6796398857116701 43.924597824512347 -34.272241477966311 2.4445573802463345 -9.7201137455861293 -9.4735289757662251 29.010288679459521 39.002749596798061 -23.879045096478137 -25.849161212234208 -30.212096582855839 71.483090698242194 17.912853902963494 -40.484437332153327 43.750471973825015
leaf_weight=443 43 66 75 27 108 675 558 592 23 1344 233 275 376 55 1858 1097 303 499 30 28 212 78 1748 39 57 1528 7618 42 645 21 24 23 73 1939 1079 559 533 123 73 508 37 167 33 263 148 24 568 43 121 156 876 33 32 1511 521 197 84 64 31 46
leaf_count=443 43 66 75 27 108 675 558 592 23 1344 233 275 376 55 1858 1097 303 499 30 28 212 78 1748 39 57 1528 7618 42 645 21 24 23 73 1939 1079 559 533 123 73 508 37 167 33 263 148 24 568 43 121 156 876 33 32 1511 521 197 84 64 31 46
internal_value=0.00568725 -15.0424 41.3571 30.293 62.9852 -22.3244 1.55062 42.1709 24.4082 26.0129 32.1891 71.8125 45.1363 48.8173 -24.1843 -3.44794 0.628363 75.5051 -14.1141 15.2634 8.18424 9.35488 20.4981 54.0346 56.4385 -7.73902 -23.2015 11.1327 56.3334 33.8904 -22.2315 -1.00858 56.894 8.592 -17.9042 -1.56544 -30.5554 20.9733 -4.09113 70.5476 4.11321 62.7339 -11.0038 -6.85787 36.3914 17.3792 40.5401 -22.0232 -1.92209 -17.0723 -11.4218 42.9256 26.4387 -25.3944 -28.0695 -34.5992 82.0311 12.9605 -34.1995 38.067
internal_weight=30585 22425 8160 5400 2760 15585 6840 1787 3613 3348 1577 1698 1609 1062 12705 3901 2001 1366 2880 178 2939 2607 1771 785 332 1900 11011 345 684 277 7642 332 449 2497 1296 1656 1694 151 285 783 265 224 1584 1791 256 47 1160 109 158 1235 1551 108 110 3369 1054 640 583 107 61 101
internal_count=30585 22425 8160 5400 2760 15585 6840 1787 3613 3348 1577 1698 1609 1062 12705 3901 2001 1366 2880 178 2939 2607 1771 785 332 1900 11011 345 684 277 7642 332 449 2497 1296 1656 1694 151 285 783 265 224 1584 1791 256 47 1160 109 158 1235 1551 108 110 3369 1054 640 583 107 61 101
is_linear=0
shrinkage=0.05


Tree=5
num_leaves=60
num_cat=0
split_feature=10 10 10 8 8 10 8 6 6 6 10 12 10 2 17 10 10 3 17 1 12 8 6 3 6 6 11 17 6 6 11 12 10 11 1 13 4 6 11 13 11 6 11 1 11 10 6 11 1 11 10 11 8 6 5 8 11 8 6
split_gain=6.87522e+09 8.6591e+08 8.04639e+08 1.88808e+08 9.22038e+07 8.0233e+07 7.31757e+07 5.6999e+07 3.88151e+07 3.31936e+07 3.18379e+07 3.08339e+07 2.85144e+07 2.41717e+07 1.9754e+07 1.96428e+07 1.79856e+07 1.78112e+07 1.54401e+07 1.40113e+07 1.34648e+07 1.33362e+07 1.29332e+07 1.24141e+07 1.63339e+07 1.20928e+07 1.18349e+07 1.12698e+07 9.83541e+06 8.75874e+06 8.42957e+06 8.42344e+06 8.05621e+06 7.14381e+06 6.11454e+06 6.07591e+06 5.98294e+06 5.69453e+06 5.23217e+06 5.03592e+06 5.01068e+06 5.0076e+06 4.93429e+06 4.7318e+06 4.62864e+06 4.47715e+06 4.20231e+06 3.59422e+06 3.54888e+06 3.09784e+06 3.07166e+06 2.87637e+06 2.18353e+06 2.05495e+06 1.8415e+06 1.82891e+06 973175 930959 432477
threshold=1307.4506428975419 764.00236317173085 1998.6334189596382 2626.1050338120644 1873.4163097475914 543.68993134195205 1039.4924051361979 27102.58666666667 28727.690833333338 28264.799166666671 1536.7513263795634 33725.500000000007 363.50138822157817 0.56229853259861129 0.81174490092936691 942.87352994662808 2438.4874958489418 1.9881257766337264 0.81174490092936691 0.14551972909613339 36338.500000000007 2970.0870861186709 23768.352500000005 1.5400139436404057 31352.232500000002 23768.352500000005 520.41605753204374 0.81174490092936691 25860.555000000004 28664.183333333338 418.28706033867599 35957.500000000007 2228.4778661858099 560.65504025192899 0.21364731160036707 36651.385000000002 0.39550427423027895 22031.844166666669 311.58822615612172 29634.295000000002 509.51803386083446 33418.070000000007 520.41605753204374 0.20179298745144222 425.07594124034773 1097.1830890323909 23601.848333333339 709.18839906504832 0.24704976018373964 777.22274205627548 1689.9532828652807 206.9757618120652 737.99007240261528 33703.341666666674 397.00500000000017 437.67830574454473 777.22274205627548 304.3907199453833 27330.252500000006
decision_type=2 2 2 2 2 2 2 2 2 2 2 2 2 2 2 2 2 2 2 2 2 2 2 2 2 2 2 2 2 2 2 2 2 2 2 2 2 2 2 2 2 2 2 2 2 2 2 2 2 2 2 2 2 2 2 2 2 2 2
left_child=1 5 4 7 9 12 15 19 25 22 44 28 37 16 -12 31 -9 49 41 33 36 32 48 24 43 -6 -20 -15 -5 55 -31 46 -13 -4 42 -30 58 57 52 -21 -38 -17 -25 -8 -11 -26 -3 -27 -2 -10 -24 -33 -22 -23 -39 -14 -19 -1 -7
right_child=2 6 3 11 8 20 23 13 17 10 14 21 29 27 -16 18 -18 56 26 39 38 53 50 34 45 47 -28 -29 35 30 -32 51 -34 -35 -36 -37 40 54 -40 -41 -42 -43 -44 -45 -46 -47 -48 -49 -50 -51 -52 -53 -54 -55 -56 -57 -58 -59 -60
leaf_value=-35.823091158983182 2.6807034320354464 -22.925067129573605 41.844417048462304 20.298747025898525 -18.117983367626483 -34.986256955983691 1.2144768437010565 36.414703595439597 35.845398929131619 15.794085395815779 25.30561146571101 47.70014701618868 -25.509693169811058 51.39247803438456 42.597684323763112 -4.8798177728069518 50.699546286353311 49.679282631097834 4.6385932060921489 -2.743092971075149 -12.862827401961624 67.890065219479226 11.147491619766495 18.075069881598157 5.3467734326637997 23.183357320325129 30.373736340504777 64.569968219858353 57.717925549359386 -21.285833711329268 10.770252296811059 -6.4344846861812393 67.783279414031924 23.497790698537205 0.62654160840170725 26.910365465337577 -17.235211819310809 -27.6285454306384 10.371715126673379 19.856471012772108 -0.56012945835789052 1.5120616842019108 41.792769159015862 -10.045394916309503 26.566772531356136 10.131811492851902 -11.109594261857648 4.9360766544857544 -14.106568291290948 54.77327303959774 18.257586102480943 1.6210288572861598 -8.9893353732027599 78.279530973031498 -11.879046760147268 -22.888567536634856 61.884694414138792 -29.393140974546732 -23.083197762625559
leaf_weight=327 99 86 118 27 25 48 778 503 952 1158 1237 67 1733 863 193 1107 420 85 288 41 696 123 404 59 876 115 52 225 141 8052 20 770 558 106 27 21 1125 1112 29 60 47 423 37 105 111 1118 625 36 45 25 252 129 795 567 21 1327 63 113 20
leaf_count=327 99 86 118 27 25 48 778 503 952 1158 1237 67 1733 863 193 1107 420 85 288 41 696 123 404 59 876 115 52 225 141 8052 20 770 558 106 27 21 1125 1112 29 60 47 423 37 105 111 1118 625 36 45 25 252 129 795 567 21 1327 63 113 20
internal_value=0.0068563 -14.8679 37.785 54.8438 24.1293 -21.2966 0.475756 45.9064 35.4982 19.8932 22.5456 68.6857 -22.9759 49.0524 27.6676 -4.45697 42.9627 38.9146 -0.970255 26.349 -13.5612 71.4404 10.9277 6.19729 5.52741 13.564 8.6521 54.1744 49.2439 -22.0802 -21.2051 -8.50363 65.71 33.3056 21.695 53.914 -17.4318 -29.2965 -10.3943 10.7454 -16.5676 -3.11281 27.5529 -0.134309 16.7566 8.03339 -12.5689 18.8941 -2.62639 36.3853 13.9024 -5.27805 -10.8049 76.5284 -27.3474 -24.3809 55.2553 -34.2422 -31.8707
internal_weight=30585 21945 8640 3840 4800 15465 6480 2336 1301 3499 2699 1504 12705 2011 1430 3480 923 1125 1870 325 2760 1315 800 3000 2877 176 340 1088 189 11132 8072 1610 625 224 123 162 1240 1573 1520 101 1172 1530 96 883 1269 1994 711 151 144 977 656 899 1491 690 1133 3060 148 440 68
internal_count=30585 21945 8640 3840 4800 15465 6480 2336 1301 3499 2699 1504 12705 2011 1430 3480 923 1125 1870 325 2760 1315 800 3000 2877 176 340 1088 189 11132 8072 1610 625 224 123 162 1240 1573 1520 101 1172 1530 96 883 1269 1994 711 151 144 977 656 899 1491 690 1133 3060 148 440 68
is_linear=0
shrinkage=0.05


Tree=6
num_leaves=56
num_cat=0
split_feature=10 10 9 10 9 9 10 6 6 10 10 10 9 10 10 6 6 6 9 14 12 6 9 9 8 14 9 1 8 0 15 6 14 15 9 8 23 11 9 11 9 18 10 1 8 15 1 1 11 6 11 6 9 10 1
split_gain=6.20739e+09 8.82367e+08 6.89533e+08 1.24248e+08 1.08005e+08 9.99353e+07 7.73273e+07 5.15388e+07 3.96937e+07 3.20086e+07 2.87618e+07 2.58097e+07 2.56416e+07 2.3649e+07 2.14606e+07 2.02746e+07 1.69387e+07 1.46642e+07 1.47135e+07 1.32243e+07 1.2903e+07 1.24827e+07 1.21572e+07 1.18549e+07 1.05638e+07 9.74665e+06 9.01885e+06 8.94222e+06 8.79111e+06 8.7541e+06 7.89799e+06 7.64884e+06 6.80311e+06 6.73945e+06 6.55065e+06 6.27261e+06 6.1454e+06 5.94624e+06 5.81639e+06 5.74846e+06 5.0627e+06 4.74472e+06 4.59041e+06 4.54681e+06 4.18843e+06 3.51099e+06 3.36874e+06 3.27542e+06 3.06321e+06 2.66699e+06 2.61362e+06 2.21894e+06 2.16363e+06 2.14211e+06 1.81404e+06
threshold=1381.6118996345785 771.37542028724295 2148.5964702371089 1962.7455307003709 2803.4179486041867 1133.1627061669908 543.68993134195205 27176.583333333336 28264.799166666671 2257.4581861031606 1536.7513263795634 370.26730456037649 2921.6531414937131 2374.987419907327 1097.1830890323909 27102.58666666667 25651.764166666671 29315.593333333338 1420.263053060253 -0.70710678118654735 36338.500000000007 23768.352500000005 598.93948057395687 3005.0980100075335 2199.3054585573159 -0.5 454.70337632242178 0.17475777883368729 1699.6209308463654 0.41395719680044479 -0.5 28330.060000000001 -0.70710678118654735 -0.60355339059327384 811.56075938547838 1194.9540858527089 7.5886932500000013 520.41605753204374 303.37034084237683 277.40899900864594 1360.133149531792 -0.24999999999999997 2228.4778661858099 0.17248759455961213 1106.1013734149151 -0.9829629131445341 0.19305214367951343 0.12518859740352525 425.07594124034773 28264.799166666671 648.80539728898964 22031.844166666669 598.93948057395687 232.86589403628523 0.15364126980085169
decision_type=2 2 2 2 2 2 2 2 2 2 2 2 2 2 2 2 2 2 2 2 2 2 2 2 2 2 2 2 2 2 2 2 2 2 2 2 2 2 2 2 2 2 2 2 2 2 2 2 2 2 2 2 2 2 2
left_child=1 6 3 8 7 14 11 27 21 24 48 38 17 16 22 -6 50 28 -19 -12 30 46 47 42 -9 -18 49 41 -7 45 39 -24 -11 -23 -32 -28 -29 -31 53 -8 52 -4 -17 44 -16 -15 -2 -3 -10 -13 -5 -40 -22 -1 -25
right_child=2 5 4 13 15 12 20 9 10 32 19 26 -14 29 43 23 25 18 -20 -21 40 33 31 54 -26 -27 35 36 -30 37 34 -33 -34 -35 -36 -37 -38 -39 51 -41 -42 -43 -44 -45 -46 -47 -48 -49 -50 -51 -52 -53 -54 -55 -56
leaf_value=-35.389068756764068 7.4589051110136744 -12.011810860098391 38.044696813122982 19.221593975907282 24.044691914149695 -1.2632616681308415 -18.229782286117327 37.947410136854771 15.844533111501921 68.034191761482063 34.408661574488498 -23.997598164525527 56.102706211635052 41.835408630371099 -0.25055089771272654 53.608065197106569 44.902789345157956 7.6560080835565731 17.348888207253008 24.945202241268881 -13.169156893195836 -6.1897770348573342 -9.2223468765283414 75.200833644568405 50.206885002312134 32.23471045608062 -19.749896472133315 -10.215181157661206 18.242639698175285 45.98496894116272 -16.690555366950122 -2.964308377825196 55.543795058397272 15.401289202076583 -6.9639538880055021 7.9582124310448057 21.969020572238499 32.737031352656224 -30.451373331643254 -34.864719889137774 13.138192733923596 12.372640745228734 65.994399088470033 -14.192122114181519 6.1794877697387713 60.202649265900824 -8.8028655458338125 -24.858971649428547 27.145959778970749 -21.528970180355078 0.96843712944733462 -23.877925007084841 -8.9516980629263756 -29.005669827935062 63.074184679303848
leaf_weight=230 50 363 57 41 27 518 133 411 855 163 511 2029 27 47 501 131 205 1774 503 1437 422 38 668 574 346 706 6158 32 64 291 834 1814 642 585 221 20 26 139 172 90 23 28 425 39 511 130 84 58 66 2804 37 820 1157 472 76
leaf_count=230 50 363 57 41 27 518 133 411 855 163 511 2029 27 47 501 131 205 1774 503 1437 422 38 668 574 346 706 6158 32 64 291 834 1814 642 585 221 20 26 139 172 90 23 28 425 39 511 130 84 58 66 2804 37 820 1157 472 76
internal_value=0.00782377 -13.5801 37.3466 26.4361 56.7235 1.39099 -20.1503 48.5052 21.3085 51.1378 23.9966 -21.8277 8.46355 38.0648 -3.77207 68.0392 33.2162 7.9942 9.80389 27.444 -12.7454 11.1028 -5.98794 69.0034 43.6097 35.1315 -20.9386 19.5935 0.90932 45.8971 -16.4958 -4.65162 58.1542 14.0765 -14.6616 -19.6589 4.33996 41.7884 -27.5908 -25.0691 -9.74504 29.8303 63.1775 2.34831 2.99913 55.5879 -2.7247 -13.8365 16.683 -22.5701 10.685 -25.0472 -10.0865 -31.1445 73.882
internal_weight=30585 22425 8160 5222 2938 6840 15585 1705 3626 1562 2869 12705 2886 1596 3954 1233 989 2859 2277 1948 2880 757 2903 1206 757 911 11011 143 582 607 1278 2482 805 623 1055 6178 58 430 1694 223 1602 85 556 1051 1012 177 134 421 921 4833 78 992 1579 702 650
internal_count=30585 22425 8160 5222 2938 6840 15585 1705 3626 1562 2869 12705 2886 1596 3954 1233 989 2859 2277 1948 2880 757 2903 1206 757 911 11011 143 582 607 1278 2482 805 623 1055 6178 58 430 1694 223 1602 85 556 1051 1012 177 134 421 921 4833 78 992 1579 702 650
is_linear=0
shrinkage=0.05


Tree=7
num_leaves=57
num_cat=0
split_feature=10 10 9 10 8 9 9 6 10 6 9 9 6 9 9 10 6 6 10 8 6 9 8 8 9 10 8 1 8 15 11 10 6 23 9 17 6 1 8 1 6 1 6 1 8 17 23 6 8 11 4 1 8 4 6 8
split_gain=5.60533e+09 7.04823e+08 6.91215e+08 1.35656e+08 9.95127e+07 7.72671e+07 6.59335e+07 4.79411e+07 4.28721e+07 3.53144e+07 2.89464e+07 2.44661e+07 2.35077e+07 2.28432e+07 1.90373e+07 1.82107e+07 1.67905e+07 1.36262e+07 1.19407e+07 1.19156e+07 1.11966e+07 1.04914e+07 1.04063e+07 8.94635e+06 8.87879e+06 8.57525e+06 8.48475e+06 7.97564e+06 7.36248e+06 7.25528e+06 7.20304e+06 6.98944e+06 6.50076e+06 6.26518e+06 5.96386e+06 5.88123e+06 5.79952e+06 5.68915e+06 5.33022e+06 5.17217e+06 4.17314e+06 4.12988e+06 4.11371e+06 3.81538e+06 5.1074e+06 3.44025e+06 3.43248e+06 3.43009e+06 3.3035e+06 2.81223e+06 2.60262e+06 2.11138e+06 1.88411e+06 1.86846e+06 1.66973e+06 753411
threshold=1307.4506428975419 764.00236317173085 2148.5964702371089 1756.7994164434776 2626.1050338120644 1133.1627061669908 517.61510958817939 26971.845000000005 2289.661802668134 32448.75583333334 2626.1050338120644 2921.6531414937131 25953.28666666667 331.65594811364673 1769.3285804849877 1046.6642317271019 26644.033333333336 24980.067500000005 1827.0680963295231 2970.0870861186709 29315.593333333338 1420.263053060253 737.99007240261528 1720.0260074008504 598.93948057395687 1589.497104335607 2536.291659429196 0.15926292198568234 461.99326373074319 -0.37940952255126009 106.19546761270797 2228.4778661858099 24980.067500000005 7.5886932500000013 3005.0980100075335 0.81174490092936691 28330.060000000001 0.15497246883075538 1234.7430767968854 0.11658082995994952 33201.045833333344 0.24704976018373964 26798.751666666667 0.15364126980085169 1223.5762089648749 0.81174490092936691 6.2200513500000012 27879.015833333335 1873.4163097475914 384.94467117176657 0.10055000000000001 0.074347724142009977 520.53403998596036 1.1164744759190202 29315.593333333338 409.14134675315387
decision_type=2 2 2 2 2 2 2 2 2 2 2 2 2 2 2 2 2 2 2 2 2 2 2 2 2 2 2 2 2 2 2 2 2 2 2 2 2 2 2 2 2 2 2 2 2 2 2 2 2 2 2 2 2 2 2 2
left_child=1 6 3 12 7 15 13 27 9 17 18 20 29 30 25 24 -6 -5 -9 31 23 -22 32 -7 46 -14 42 53 47 -2 55 -18 50 -29 -12 -34 -26 38 -17 -21 -28 -31 -10 44 -24 -11 -3 -15 -16 -39 -8 -32 -30 -4 -45 -1
right_child=2 5 4 8 16 11 22 10 26 45 34 -13 14 28 48 37 19 -19 -20 39 21 -23 43 -25 36 -27 40 33 52 41 51 -33 35 -35 -36 -37 -38 49 -40 -41 -42 -43 -44 54 -46 -47 -48 -49 -50 -51 -52 -53 -54 -55 -56 -57
leaf_value=-24.702804555093969 -21.394771321160452 0.18170456186930339 19.702254516601563 3.74026240679453 18.391463796442206 -2.1927529494655791 -31.143340203857424 31.334204160300171 28.844248667604788 33.311603832601371 54.157023544508675 56.555049526977541 13.521623651445374 -23.084178195338374 23.041187474617253 -0.4429581339024381 45.11345429778099 22.971882436303137 45.514426709237043 71.761820486389496 6.7171342823305764 16.019620148689352 -8.2149597281026665 21.96958867867788 -9.5708427271702448 20.42019212074166 42.553267343941087 -8.618590034391822 -18.89959021928145 7.8955463876561698 -27.15167982975413 61.443918982486416 -15.443834145545205 22.078480217116223 68.17405899798284 -8.5938953721326481 -3.5823867157562499 -5.7781188332549931 6.5594729373357623 59.306172886954414 57.72296423887596 -11.099863171432958 40.782336340607038 -22.45970724741618 10.530878481613962 43.756114924267081 -14.565664830603097 -20.36516681269698 31.076075295133542 -25.293651876449587 -18.32145963394996 -33.090671813105196 -15.512498612894442 38.119396868387859 -8.5823833974202479 -21.457463911406848
leaf_weight=560 27 44 34 105 21 435 74 197 101 947 386 24 1428 1773 431 896 91 775 769 552 1621 373 920 41 542 668 108 40 4727 219 346 540 1261 27 121 423 1593 122 389 143 116 32 433 65 37 98 379 3914 202 21 100 354 485 29 35 391
leaf_count=560 27 44 34 105 21 435 74 197 101 947 386 24 1428 1773 431 896 91 775 769 552 1621 373 920 41 542 668 108 40 4727 219 346 540 1261 27 121 423 1593 122 389 143 116 32 433 65 37 98 379 3914 202 21 100 354 485 29 35 391
internal_value=0.00861481 -13.4223 34.1199 23.9299 53.7597 0.420722 -19.2224 45.277 32.1041 28.1069 47.8469 7.32148 16.6281 -20.7964 18.0387 -3.89777 63.8135 20.6841 42.658 64.5185 6.8204 8.46443 -12.4408 -0.0698377 -6.42207 15.7289 42.2049 16.0153 -19.9612 2.76581 -26.2945 59.1639 -14.6962 3.89456 57.6299 -13.7293 -5.10641 0.625386 1.68029 69.2879 50.6307 5.43936 38.5825 -8.46608 -7.47996 34.332 -13.0348 -21.2168 25.6502 -8.79982 -23.9213 -30.198 -18.5874 28.6432 -17.7358 -23.3924
internal_weight=30585 21945 8640 5690 2950 6480 15465 1603 2683 1925 1473 2494 3007 12550 2729 3986 1347 880 966 1326 2470 1994 2915 476 2558 2096 758 130 10899 278 1651 631 1858 67 507 1684 2135 1428 1285 695 224 251 534 1057 957 1045 423 5687 633 143 174 700 5212 63 100 951
internal_count=30585 21945 8640 5690 2950 6480 15465 1603 2683 1925 1473 2494 3007 12550 2729 3986 1347 880 966 1326 2470 1994 2915 476 2558 2096 758 130 10899 278 1651 631 1858 67 507 1684 2135 1428 1285 695 224 251 534 1057 957 1045 423 5687 633 143 174 700 5212 63 100 951
is_linear=0
shrinkage=0.05


Tree=8
num_leaves=57
num_cat=0
split_feature=10 10 9 10 10 9 6 9 6 10 6 10 9 10 10 10 6 6 12 6 9 8 6 8 9 14 9 0 10 8 9 11 9 9 9 11 9 5 6 10 2 9 6 11 8 10 23 11 10 11 10 6 10 8 13 5
split_gain=5.06118e+09 7.19664e+08 5.62459e+08 1.20814e+08 7.57247e+07 7.26155e+07 7.10416e+07 5.11876e+07 3.6923e+07 2.58525e+07 2.33668e+07 2.15279e+07 2.08477e+07 1.81514e+07 1.66819e+07 1.49324e+07 1.43775e+07 1.24388e+07 1.19852e+07 1.19082e+07 1.13517e+07 1.01651e+07 9.94653e+06 9.8711e+06 8.84517e+06 8.71356e+06 7.49455e+06 6.53106e+06 6.09821e+06 5.42348e+06 5.3636e+06 5.283e+06 5.00645e+06 4.71627e+06 4.66532e+06 4.58621e+06 4.4011e+06 4.1194e+06 3.96629e+06 3.60573e+06 3.12886e+06 3.06966e+06 2.97908e+06 2.96194e+06 2.5067e+06 2.47739e+06 2.29935e+06 2.23557e+06 1.88105e+06 1.85459e+06 1.82895e+06 1.54999e+06 1.43686e+06 1.366e+06 1.35758e+06 593933
threshold=1381.6118996345785 790.92793130418727 2273.1114059773076 1962.7455307003709 543.68993134195205 1133.1627061669908 27176.583333333336 2803.4179486041867 30375.340833333335 1611.6507858416676 33418.070000000007 370.26730456037649 2921.6531414937131 2174.1479042678975 2289.661802668134 1097.1830890323909 23768.352500000005 22662.251666666671 36338.500000000007 22662.251666666671 1699.6209308463654 2700.8174739057463 24980.067500000005 3005.0980100075335 910.35760903550988 -0.70710678118654735 441.5020125364685 0.47225895453051486 1745.6262864055486 1249.0823035081685 1329.1249317153095 520.41605753204374 1873.4163097475914 411.72910758392931 1151.974653264883 338.3537910039542 1679.8958772287044 -377.50000000000006 33849.631666666675 2199.5145717372438 0.5689744845267225 3005.0980100075335 39332.662500000006 435.62761669301636 793.8507880396163 232.86589403628523 7.8633765000000002 520.41605753204374 1203.7994076510533 333.97612482584282 2324.5456906905015 26134.245000000006 166.95333112748082 3302.9503335992745 31855.060000000001 45.005000000000003
decision_type=2 2 2 2 2 2 2 2 2 2 2 2 2 2 2 2 2 2 2 2 2 2 2 2 2 2 2 2 2 2 2 2 2 2 2 2 2 2 2 2 2 2 2 2 2 2 2 2 2 2 2 2 2 2 2 2
left_child=1 4 3 8 11 15 19 13 16 32 14 33 17 28 22 24 43 46 29 -4 -19 42 -5 41 35 -11 51 -15 -8 37 -28 -16 -10 45 44 -3 -18 -6 -26 -21 48 -9 -12 -2 -20 -1 -7 -41 -17 -42 -23 -13 -35 -25 -36 -31
right_child=2 5 6 10 18 12 7 23 9 25 21 26 -14 27 31 40 36 20 34 39 -22 50 -24 53 38 -27 30 -29 -30 55 -32 -33 -34 52 54 -37 -38 -39 -40 47 49 -43 -44 -45 -46 -47 -48 -49 -50 -51 -52 -53 -54 -55 -56 -57
leaf_value=-31.005264249699991 7.5289588384425388 -6.4535068444498549 -13.649513696380282 2.7613162197738337 -25.940155496710823 -20.872800413478508 28.859978114119521 55.304402296053667 15.259139830085772 33.020710426912473 36.049051990509035 -22.761443726352365 50.712477619988583 55.110903285070769 40.981949039200941 -2.8769078476334289 12.488222347243648 6.9197414728487692 -10.59996917426966 11.844463888469496 19.133662732732528 41.701380632573915 25.77369551184843 66.279762757767088 -4.1159668198412112 24.667328117850246 -18.114528380383792 43.330227548192056 42.981277354748507 -2.5674522449659269 -0.96734788407670702 30.057819787676301 25.971734350928962 -27.50070910949707 16.806025131316414 -16.145012566723043 19.234114627029939 -14.391320506658801 2.2102552598331564 42.924694887358569 5.5921505193265739 63.317015996953501 43.723715732255172 -7.9647180085182185 -6.8030233353390814 -25.379985186531822 -0.40537834712437226 25.055914583344393 3.1695962407390277 -8.4069171874999995 56.868466764547058 -20.191583476571566 -20.601175118676551 76.849795072748421 -0.57839980869293217 9.0987694885617216
leaf_weight=318 46 1445 22 53 83 43 110 452 821 471 457 875 27 603 287 331 810 2557 941 37 205 43 429 386 549 1021 7532 177 350 22 46 210 128 99 20 133 353 1305 450 28 487 278 226 89 825 698 20 68 209 24 117 2558 579 88 24 20
leaf_count=318 46 1445 22 53 83 43 110 452 821 471 457 875 27 603 287 331 810 2557 941 37 205 43 429 386 549 1021 7532 177 350 22 46 210 128 99 20 133 353 1305 450 28 487 278 226 89 825 698 20 68 209 24 117 2558 579 88 24 20
internal_value=0.00920372 -12.2602 33.7249 24.7431 -17.97 1.79021 52.9261 55.0094 19.589 23.2142 35.3033 -19.7105 7.75859 47.7757 29.9763 -2.90242 12.7589 7.33026 -11.141 19.9348 7.83288 41.4468 23.2543 62.4135 -4.95041 27.3247 -18.8986 52.4965 39.6744 -14.5647 -18.0106 36.4358 16.7299 -24.9735 -8.4296 -7.28006 14.5505 -15.1001 -1.26695 25.5506 2.11908 58.4382 38.6488 -2.66881 -8.83105 -27.1694 -14.4831 30.6565 -0.535145 4.91951 53.0767 -20.853 -21.6477 68.3998 7.52137 3.07018
internal_weight=30585 22425 8160 5561 15945 6480 2599 2444 3739 2441 1822 12705 2852 1240 979 3628 1298 2825 3240 155 2762 843 482 1204 2577 1492 11011 780 460 1430 7578 497 949 1694 1810 1578 1163 1388 999 133 1051 730 683 135 1766 1016 63 96 540 511 160 3433 678 474 44 42
internal_count=30585 22425 8160 5561 15945 6480 2599 2444 3739 2441 1822 12705 2852 1240 979 3628 1298 2825 3240 155 2762 843 482 1204 2577 1492 11011 780 460 1430 7578 497 949 1694 1810 1578 1163 1388 999 133 1051 730 683 135 1766 1016 63 96 540 511 160 3433 678 474 44 42
is_linear=0
shrinkage=0.05


Tree=9
num_leaves=60
num_cat=0
split_feature=10 9 10 10 8 9 9 6 10 6 9 6 10 9 6 9 6 1 7 10 15 8 8 14 1 8 6 10 6 14 1 10 1 24 9 24 1 19 9 6 9 8 10 1 13 8 1 15 1 7 17 8 8 8 7 14 22 26 1
split_gain=4.57326e+09 6.50193e+08 4.7024e+08 1.4541e+08 8.3128e+07 5.93447e+07 4.26867e+07 3.97697e+07 3.51029e+07 2.90519e+07 2.44636e+07 2.34206e+07 2.12419e+07 1.88701e+07 1.96454e+07 1.79626e+07 1.41578e+07 1.17027e+07 1.06452e+07 1.03204e+07 9.83325e+06 9.45237e+06 8.08149e+06 7.84282e+06 7.25633e+06 7.04106e+06 6.87813e+06 6.28717e+06 6.10811e+06 6.08402e+06 5.63338e+06 5.62239e+06 5.33102e+06 5.14593e+06 5.10941e+06 5.10097e+06 5.02111e+06 6.80218e+06 4.9396e+06 4.90092e+06 4.90964e+06 4.40644e+06 4.18642e+06 3.96235e+06 3.72105e+06 3.53628e+06 3.83487e+06 3.2747e+06 2.91474e+06 2.34128e+06 2.05325e+06 2.08325e+06 2.02302e+06 1.98764e+06 1.66533e+06 1.10734e+06 987432 942720 677341
threshold=1236.433106384646 2148.5964702371089 730.97211729913704 1756.7994164434776 2626.1050338120644 910.35760903550988 506.68302738297217 26971.845000000005 2289.661802668134 32448.75583333334 2626.1050338120644 28202.850833333338 1536.7513263795634 1720.0260074008504 32523.530000000002 303.37034084237683 27735.360000000004 0.18946953262365177 867.10914946797095 1808.0779705241741 -0.60355339059327384 3050.8705243132035 661.82619661890294 -0.37940952255126059 0.15926292198568234 786.15894839621672 23768.352500000005 2228.4778661858099 28540.855833333339 -0.70710678118654735 0.20179298745144222 2665.9354191262587 0.21364731160036707 10.411307000000003 3005.0980100075335 8.7319970000000016 0.16412451633533634 0.6830127018922193 1873.4163097475914 24980.067500000005 1699.6209308463654 1268.0931206398557 268.99110784165651 0.12428960263369709 37608.700000000004 1257.8883593046228 0.11824496080429213 -0.9159756150367534 0.15497246883075538 342.39494753253194 0.81174490092936691 547.93299399663113 304.3907199453833 480.67657431654487 201.97208654887896 0.91597561503675362 4.5000000000000009 14.827350000000001 0.062711983669396343
decision_type=2 2 2 2 2 2 2 2 2 2 2 2 2 2 2 2 2 2 2 2 2 2 2 2 2 2 2 2 2 2 2 2 2 2 2 2 2 2 2 2 2 2 2 2 2 2 2 2 2 2 2 2 2 2 2 2 2 2 2
left_child=2 3 6 11 7 25 15 24 9 17 19 20 38 14 30 42 -6 -5 32 -9 44 27 39 56 55 50 -22 -18 52 -14 -7 -25 -15 -26 -12 -16 41 -38 -13 49 -41 -27 58 -23 -2 48 -47 -11 -24 -8 51 -4 -17 -30 -44 -3 -10 -52 -1
right_child=1 4 5 8 16 13 22 10 23 47 34 12 29 18 35 28 21 -19 -20 -21 26 43 45 31 33 36 -28 -29 53 -31 -32 -33 -34 -35 -36 -37 37 -39 -40 40 -42 -43 54 -45 -46 46 -48 -49 -50 -51 57 -53 -54 -55 -56 -57 -58 -59 -60
leaf_value=-24.796319858511701 -25.745406305631004 20.405994870435627 -15.935360409588737 20.499971774989369 26.561029319763186 -1.3600270812114608 -17.604538640578589 27.739010870088368 56.322853668212886 25.549847298312287 48.878139179239597 11.91729519442694 27.479132069112424 21.244230799876473 0.75393956843616861 -23.665539419547898 42.840055836268832 0.54893522205876144 52.005389122772215 40.962444760612719 -2.833956889398396 66.734680847167979 -8.4645637120007198 33.05851432659118 18.940336088312083 -4.9447711824308671 9.9085522389373839 56.76687968320752 -17.998011630807817 19.005524621856136 -12.315059470911974 43.990545095825198 -7.6647372743061615 -8.5889814718758188 61.757272561546259 6.7475155987664266 -30.007954379611547 -6.8978707678128135 23.008349668714736 -13.675869820188277 10.834154833839053 4.4303336271117715 -22.275253531790188 53.510227666091922 -0.81386305655202562 16.683524428776334 -11.612989458356585 32.614083823121625 -18.036502761407334 -30.80639070284569 -7.4916364536078079 -9.8028690423659324 -19.662939261696824 -16.13758405817758 -34.961081375122077 35.431739272475248 41.878347619863661 2.0400317087343764 -30.812759519815444
leaf_weight=96 29 41 186 799 38 1130 95 194 64 236 386 1735 306 70 456 392 111 81 24 778 127 404 940 482 28 1631 625 700 5773 754 130 174 20 40 122 1606 44 112 107 1603 20 135 935 99 30 27 20 809 87 58 68 587 2585 2070 29 23 38 41 255
leaf_count=96 29 41 186 799 38 1130 95 194 64 236 386 1735 306 70 456 392 111 81 24 778 127 404 940 482 28 1631 625 700 5773 754 130 174 20 40 122 1606 44 112 107 1603 20 135 935 99 30 27 20 809 87 58 68 587 2585 2070 29 23 38 41 255
internal_value=0.00994235 29.123 -12.8294 20.1467 48.4794 -1.29603 -17.6316 40.7535 29.0155 25.3986 43.0998 13.7321 15.8314 3.10848 2.4184 -18.9257 57.6542 18.6663 23.0219 38.3544 6.20985 58.5325 -12.1169 38.1553 14.3198 -6.69248 7.75565 54.9159 -18.2507 21.4753 -2.49918 36.0207 14.8063 2.85676 52.0864 5.42308 -4.99072 -13.5657 12.5737 -14.1903 -13.3673 -4.226 -24.4618 64.2432 -13.2933 -8.67824 4.65127 31.0447 -9.29219 -22.7767 -10.391 -11.2972 -20.1978 -17.5091 -22.6927 26.268 51.4004 -3.92033 -29.2424
internal_weight=30585 9360 21225 6396 2964 6240 14985 1612 2683 1925 1480 3713 2902 3436 3322 12135 1352 880 114 972 811 1314 2850 758 132 2804 752 811 10820 1060 1260 656 90 68 508 2062 1922 156 1842 1776 1623 1766 1315 503 59 1074 47 1045 1027 153 882 773 2977 7843 964 64 102 109 351
internal_count=30585 9360 21225 6396 2964 6240 14985 1612 2683 1925 1480 3713 2902 3436 3322 12135 1352 880 114 972 811 1314 2850 758 132 2804 752 811 10820 1060 1260 656 90 68 508 2062 1922 156 1842 1776 1623 1766 1315 503 59 1074 47 1045 1027 153 882 773 2977 7843 964 64 102 109 351
is_linear=0
shrinkage=0.05


Tree=10
num_leaves=56
num_cat=0
split_feature=10 10 9 10 10 9 6 9 6 10 6 10 9 10 9 10 6 6 10 6 12 9 6 10 6 10 14 15 15 9 9 3 10 11 6 9 6 11 9 9 24 3 10 1 14 9 3 0 11 6 3 2 1 3 11
split_gain=4.12914e+09 5.86051e+08 4.58939e+08 9.89604e+07 6.20904e+07 6.00875e+07 5.82036e+07 4.23384e+07 3.03185e+07 2.09292e+07 1.97694e+07 1.80084e+07 1.7531e+07 1.37196e+07 1.33855e+07 1.31577e+07 1.19154e+07 1.14146e+07 1.058e+07 1.0286e+07 1.0123e+07 8.91529e+06 8.584e+06 7.97796e+06 7.94686e+06 7.36754e+06 7.25671e+06 6.71356e+06 6.36687e+06 6.2815e+06 6.10265e+06 5.53098e+06 5.17336e+06 4.90076e+06 4.42167e+06 4.30077e+06 4.22945e+06 4.13671e+06 3.9932e+06 3.82575e+06 3.75505e+06 3.6554e+06 3.13521e+06 2.98783e+06 2.83614e+06 2.74163e+06 2.71307e+06 2.43685e+06 1.978e+06 1.90024e+06 1.74649e+06 1.66244e+06 1.50556e+06 822241 463464
threshold=1381.6118996345785 790.92793130418727 2273.1114059773076 1962.7455307003709 543.68993134195205 1151.974653264883 27176.583333333336 2626.1050338120644 30375.340833333335 1627.9255476811095 33561.394166666672 370.26730456037649 2921.6531414937131 2289.661802668134 3005.0980100075335 1097.1830890323909 24980.067500000005 22662.251666666671 1962.7455307003709 22662.251666666671 36745.500000000007 1658.6664974867074 24980.067500000005 2228.4778661858099 31092.200833333336 2374.987419907327 -0.70710678118654735 -0.12940952255126034 -0.5 456.58362865070427 828.45600137165786 1.5215126664760528 2739.3066488678764 520.41605753204374 28059.969166666669 1329.1249317153095 22031.844166666669 866.73822657055348 1699.6209308463654 1341.4782212663174 8.4894915000000015 1.841147238817652 2199.5145717372438 0.16623843604882318 -0.60355339059327362 446.1872835029489 1.9881257766337264 0.43530259575842151 520.41605753204374 27396.050000000007 1.1177695065423288 0.70441911831746806 0.15364126980085169 0.28318002586939028 247.26169252403
decision_type=2 2 2 2 2 2 2 2 2 2 2 2 2 2 2 2 2 2 2 2 2 2 2 2 2 2 2 2 2 2 2 2 2 2 2 2 2 2 2 2 2 2 2 2 2 2 2 2 2 2 2 2 2 2 2
left_child=1 4 3 8 11 15 19 18 16 31 13 36 17 22 23 24 37 50 46 -4 28 -19 -5 -9 27 44 -11 -3 34 49 -30 -10 -20 -15 -6 -31 53 -2 -18 51 -26 -27 -21 47 -12 -38 -8 -17 -44 -13 -7 -22 -16 -1 -45
right_child=2 5 6 10 20 12 7 14 9 26 25 29 -14 33 52 43 38 21 32 42 39 -23 -24 -25 40 41 -28 -29 30 35 -32 -33 -34 -35 -36 -37 45 -39 -40 -41 -42 -43 48 54 -46 -47 -48 -49 -50 -51 -52 -53 -54 -55 -56
leaf_value=-28.543073513579607 4.4153614867442368 -13.475522078192341 -13.249607516164364 2.0175250657399495 -28.651494266743569 -21.257238159179689 26.840413791896495 42.133487335172333 14.18148174794028 30.364029152649767 39.468314937723093 -19.820477874492294 46.5805474458422 37.203528830059504 61.643364330615171 4.9456741540224183 11.751130613387993 6.3475776845193046 42.037976302951108 10.415307680431166 -9.0530586939480155 16.223887291472888 23.362708402703344 53.623242328553694 -4.4386743323567641 37.249577030855065 22.478510070337396 -5.1459590370460546 -13.356247874767162 -16.063820505565278 -4.8380241044627299 25.740675898319537 54.928382139205929 26.877321158828824 -14.951534530969315 -0.70022681459467462 -22.816574216773773 -12.488844842274984 18.578099104834386 10.974349548816681 0.78430319811867255 49.405921943573183 39.421532477017109 -4.5866389520963038 31.04490379923736 -17.734959054036974 42.594079969357225 0.11697657519955168 22.688340789534262 -17.671670259987327 -4.152913987901476 -5.8643148037778783 51.190683584337108 -23.385268427848814 -14.622073926192066
leaf_weight=298 184 328 22 53 97 36 150 232 913 436 173 1620 27 294 574 544 766 2418 637 37 982 252 437 634 688 135 974 924 988 5905 269 118 103 216 161 46 802 44 304 27 687 166 28 23 348 435 38 502 68 3440 26 716 76 159 25
leaf_count=298 184 328 22 53 97 36 150 232 913 436 173 1620 27 294 574 544 766 2418 637 37 982 252 437 634 688 135 974 924 988 5905 269 118 103 216 161 46 802 44 304 27 687 166 28 23 348 435 38 502 68 3440 26 716 76 159 25
internal_value=0.0103217 -11.0719 30.4637 22.3504 -16.2245 1.6073 47.8081 49.6938 17.6858 20.9708 31.9079 -17.8005 7.19748 27.1221 54.881 -2.53846 11.4968 6.79136 41.1699 17.9472 -10.0408 7.28545 21.0628 50.5973 -4.45666 37.69 24.9367 -7.33716 -13.0248 -17.058 -11.5386 15.5281 43.9039 32.8912 -20.1931 -15.9452 -22.6137 1.11283 13.7063 -7.41401 -1.83041 44.0952 23.168 2.06756 33.9122 -21.0454 30.2332 2.6306 27.925 -18.3634 -14.2643 -7.7127 60.5017 -26.8036 -10.0053
internal_weight=30585 22425 8160 5561 15945 6480 2599 2444 3739 2441 1822 12705 2759 1000 1516 3721 1298 2732 928 155 3240 2670 490 866 2627 822 1410 1252 1515 11011 1257 1031 740 510 258 5951 1694 228 1070 1725 1375 301 133 1094 521 1237 188 1046 96 5060 62 1698 650 457 48
internal_count=30585 22425 8160 5561 15945 6480 2599 2444 3739 2441 1822 12705 2759 1000 1516 3721 1298 2732 928 155 3240 2670 490 866 2627 822 1410 1252 1515 11011 1257 1031 740 510 258 5951 1694 228 1070 1725 1375 301 133 1094 521 1237 188 1046 96 5060 62 1698 650 457 48
is_linear=0
shrinkage=0.05


Tree=11
num_leaves=61
num_cat=0
split_feature=10 9 10 10 9 9 10 6 6 9 6 8 6 14 6 8 8 6 15 11 9 8 9 8 10 14 10 10 6 10 11 6 26 17 6 11 8 17 6 10 8 4 10 15 17 8 15 11 10 10 18 10 6 23 22 15 15 17 6 8
split_gain=3.73089e+09 5.30367e+08 3.83253e+08 1.13287e+08 7.44326e+07 5.99745e+07 3.61059e+07 2.78356e+07 2.74431e+07 2.3783e+07 2.34503e+07 1.83896e+07 1.63158e+07 1.57002e+07 1.36548e+07 1.30227e+07 1.21419e+07 1.0978e+07 9.65146e+06 9.56532e+06 9.30766e+06 8.5154e+06 8.43484e+06 7.88274e+06 7.44622e+06 6.90027e+06 6.23997e+06 5.52549e+06 5.38122e+06 5.29407e+06 5.11977e+06 4.36749e+06 4.36045e+06 4.09053e+06 4.0795e+06 4.53843e+06 4.31982e+06 3.78014e+06 3.26386e+06 3.12994e+06 3.09019e+06 2.62843e+06 2.47318e+06 2.38457e+06 2.31112e+06 2.27149e+06 1.8946e+06 1.63797e+06 1.47612e+06 1.44513e+06 1.36176e+06 1.36093e+06 1.35469e+06 1.19881e+06 965287 929078 902570 799287 401142 304256
threshold=1236.433106384646 2131.9594740145162 684.59061149821753 1677.7554946954856 2700.8174739057463 910.35760903550988 2289.661802668134 28202.850833333338 31867.895000000004 439.60165944303247 25860.555000000004 2199.3054585573159 28202.850833333338 -0.70710678118654735 23379.125000000004 515.8997873093532 2895.5032941072968 32373.50583333334 -0.60355339059327384 106.19546761270797 1873.4163097475914 1720.0260074008504 1658.6664974867074 701.08182440814699 2324.5456906905015 -0.37940952255126059 1894.2783896509745 2695.7789523617867 22943.710833333338 1442.9152373423965 531.76801472283285 24590.025833333337 17.941550000000003 0.81174490092936691 24460.21166666667 418.28706033867599 918.90674303651838 0.81174490092936691 23768.352500000005 951.10093999420133 822.73278426324293 0.6389237073319759 452.01352900344153 0.1294095225512602 0.81174490092936691 3302.9503335992745 -0.37940952255126009 430.40480358111773 958.50344716148538 519.67329902536756 -0.24999999999999997 425.37867842193015 23165.886666666669 7.8633765000000002 1.5000000000000002 1.0000000180025095e-35 -0.70710678118654757 0.81174490092936691 29910.420000000002 332.02772408584804
decision_type=2 2 2 2 2 2 2 2 2 2 2 2 2 2 2 2 2 2 2 2 2 2 2 2 2 2 2 2 2 2 2 2 2 2 2 2 2 2 2 2 2 2 2 2 2 2 2 2 2 2 2 2 2 2 2 2 2 2 2 2
left_child=2 3 9 12 7 23 8 24 14 19 -6 26 18 21 -5 42 32 28 50 51 29 39 -19 37 31 54 -9 -13 -15 -14 -27 -3 -12 -10 35 -25 -36 48 -20 -7 49 57 52 -42 -44 -18 -43 -26 -4 -17 -2 59 -11 -23 -8 -39 -22 -21 -53 -1
right_child=1 4 5 6 10 13 25 11 33 15 16 27 20 17 -16 40 45 22 38 41 56 53 -24 34 47 30 -28 -29 -30 -31 -32 -33 -34 -35 36 -37 -38 55 -40 -41 43 46 44 -45 -46 -47 -48 -49 -50 -51 -52 58 -54 -55 -56 -57 -58 -59 -60 -61
leaf_value=-20.692926522469037 -24.750356330518372 -5.8187663192301997 -12.684796533118346 -8.2690741195423261 4.2190653039790966 2.0119286329450237 58.311952343750001 24.746843784456669 25.553979162838289 -21.036596582785421 32.924410085845416 40.899978449414441 9.7455035720030185 -14.423519634911509 17.145245227505232 -14.231088884686429 55.701271328864166 2.9187698247388836 -2.2276133611769899 -28.139024363752373 14.582530404689701 17.831938992000762 29.357986689229172 -9.3813556379495662 39.064129954020189 35.456323294430355 35.800142374989491 51.449120979415049 -2.2125112858841951 14.755437390366005 25.431527795272299 16.097165865934926 48.741450626278485 35.203629298929989 -6.1130682732427442 -35.071356839266691 -1.4802792643307805 -0.51343763920239049 7.4960502705380554 7.9951287109169842 -12.713807074427606 -24.879913837880739 -15.21923807295822 -3.0639159390877708 -11.231107573775358 66.270319220501435 -18.942703160116118 24.187879717938515 -5.9156038812712621 -10.840249973239994 -7.7085566647847505 -17.779428336959324 -16.357985089737952 35.889853210449225 42.613357523583083 -10.639611228416706 23.31206780735506 -22.156351275634769 -16.153728058663418 -18.700424117165053
leaf_weight=391 26 31 697 55 26 295 24 229 1207 173 56 648 1235 98 1081 479 615 1147 104 312 42 20 30 85 29 432 330 179 1026 936 201 80 683 129 1727 21 711 104 495 852 95 246 3052 195 429 91 364 83 94 1021 23 1272 4296 25 73 28 217 99 798 1043
leaf_count=391 26 31 697 55 26 295 24 229 1207 173 56 648 1235 98 1081 479 615 1147 104 312 42 20 30 85 29 432 330 179 1026 936 201 80 683 129 1727 21 711 104 495 852 95 246 3052 195 429 91 364 83 94 1021 23 1272 4296 25 73 28 217 99 798 1043
internal_value=0.0107714 26.3062 -11.5859 17.9662 43.2998 -1.96674 24.5503 35.8186 21.6473 -16.2787 51.4529 38.4618 11.1112 2.65703 15.9086 -14.883 52.2992 0.243555 4.05372 -19.2792 12.9907 7.31182 3.61702 -6.62462 19.2919 34.3378 31.3243 43.2427 -3.28905 11.9113 32.3182 9.97915 47.589 26.5114 -5.18496 -14.7511 -4.76316 -10.5827 5.80689 6.45939 -11.0166 -23.5642 -15.752 -6.25793 -14.7311 57.1554 -21.3739 28.3514 -11.8889 -11.9318 -17.0654 -18.0242 -16.5438 28.4263 47.053 -2.7253 21.958 -26.7552 -17.1608 -19.2578
internal_weight=30585 9360 21225 6280 3080 6960 3202 1609 2472 14265 1471 1386 3078 3493 1136 9740 1445 2301 648 4525 2430 1192 1177 3467 223 730 559 827 1124 2171 633 111 739 1336 2544 106 2438 923 599 1147 1790 1021 7950 290 3481 706 610 112 791 1500 49 3504 4469 45 97 132 259 411 2070 1434
internal_count=30585 9360 21225 6280 3080 6960 3202 1609 2472 14265 1471 1386 3078 3493 1136 9740 1445 2301 648 4525 2430 1192 1177 3467 223 730 559 827 1124 2171 633 111 739 1336 2544 106 2438 923 599 1147 1790 1021 7950 290 3481 706 610 112 791 1500 49 3504 4469 45 97 132 259 411 2070 1434
is_linear=0
shrinkage=0.05


Tree=12
num_leaves=58
num_cat=0
split_feature=10 9 10 10 8 9 9 6 10 6 9 6 9 9 9 10 6 6 14 6 6 14 4 6 10 10 11 14 8 11 13 9 9 10 8 10 10 6 6 6 23 6 17 10 8 8 10 11 6 11 6 4 7 14 10 8 9
split_gain=3.36802e+09 4.45816e+08 3.83208e+08 9.49923e+07 6.25377e+07 5.22988e+07 3.18724e+07 2.96168e+07 2.57583e+07 2.05985e+07 1.80559e+07 1.66554e+07 1.60342e+07 1.47148e+07 1.35167e+07 1.07914e+07 1.06035e+07 1.05361e+07 9.38019e+06 7.85243e+06 7.84119e+06 6.86453e+06 6.55086e+06 7.47488e+06 6.47993e+06 6.36415e+06 6.01916e+06 5.99309e+06 5.98526e+06 5.87076e+06 5.46169e+06 5.26489e+06 5.22567e+06 4.55247e+06 4.47176e+06 4.28137e+06 4.2785e+06 3.83849e+06 3.81251e+06 3.74165e+06 3.51602e+06 3.17633e+06 2.94764e+06 2.85996e+06 2.54917e+06 2.46576e+06 2.45465e+06 2.42404e+06 2.12171e+06 1.68433e+06 1.49324e+06 1.32951e+06 1.25891e+06 1.13305e+06 938055 578304 521929
threshold=1274.7662544137927 2148.5964702371089 730.97211729913704 1756.7994164434776 2626.1050338120644 1049.3359823433866 540.38965734328144 27176.583333333336 2257.4581861031606 34778.480000000003 2536.291659429196 25953.28666666667 2921.6531414937131 345.30973808767914 1769.3285804849877 942.87352994662808 29974.000833333335 24980.067500000005 -0.70710678118654735 33561.394166666672 35980.531666666677 -0.78656609248549292 0.10055000000000001 28937.635000000006 1867.7165627487752 1469.6315793078418 509.51803386083446 -0.5 1720.0260074008504 106.19546761270797 35757.110000000008 598.93948057395687 3005.0980100075335 2324.5456906905015 469.58325007926953 2695.7789523617867 2548.6437464042765 24590.025833333337 25756.317500000001 26644.033333333336 9.3995012500000019 25860.555000000004 0.81174490092936691 2548.6437464042765 1873.4163097475914 737.99007240261528 1097.1830890323909 329.63139159596329 27879.015833333335 560.65504025192899 35220.018333333341 0.97777822224889055 242.33534189160753 -0.37940952255126059 489.05967234857729 394.15101217318721 2567.8214038401825
decision_type=2 2 2 2 2 2 2 2 2 2 2 2 2 2 2 2 2 2 2 2 2 2 2 2 2 2 2 2 2 2 2 2 2 2 2 2 2 2 2 2 2 2 2 2 2 2 2 2 2 2 2 2 2 2 2 2 2
left_child=2 3 6 11 7 15 13 33 9 17 24 30 18 29 25 31 39 -5 28 -20 36 43 23 52 -9 -13 45 50 -7 55 40 47 -12 37 48 -23 -10 -3 -33 -6 -2 -28 -11 -18 -16 -24 -29 -4 -15 -35 -17 -31 -8 -22 -36 -1 -41
right_child=1 4 5 8 16 12 22 10 20 42 32 14 -14 34 44 27 21 -19 19 -21 53 35 26 -25 -26 -27 41 46 -30 51 -32 38 -34 49 54 -37 -38 -39 -40 56 -42 -43 -44 -45 -46 -47 -48 -49 -50 -51 -52 -53 -54 -55 -56 -57 -58
leaf_value=-18.975046048371691 -0.10941915322357501 -5.6493429152170815 -10.191978417480129 1.4451122677356307 13.695327918962997 7.3117302178722614 -14.907616310119629 24.673678476449215 25.320500313117179 26.615646767284506 41.005385901923447 9.2766129810797135 45.410678943792988 -17.765725055043291 17.640026347240713 1.0299598362598015 51.10831614553279 18.666563039581231 -1.4103457239018475 5.5467190800865946 48.26066472199004 44.234457302338569 -10.693463808973021 3.9662939244050253 34.884387208009592 14.440226757353233 -8.9697441700526657 -4.5659542664750781 27.5726725457844 -25.345843409254513 -21.791209138234457 -13.358756319190102 53.282620767061829 31.202772864235772 -14.568506271638896 53.151898324279784 34.069348815035063 15.230426824233113 -4.6512448904149624 29.979589802478927 12.956331646021676 15.2199033448635 37.176924796398779 59.87042456752571 24.614707527935799 -7.0615762416798695 -0.50738577829587539 -21.639622936968536 -15.623927497219107 13.965050954489872 7.4817083157969355 -20.703855007336387 -29.25423824494144 37.897804941673797 -12.889726007757435 -16.704859492221726 42.097922118564824
leaf_weight=735 212 38 434 98 21 999 23 230 323 732 528 1288 23 1639 441 187 274 965 834 788 58 466 1299 25 579 1128 20 975 37 446 23 138 121 35 3047 249 282 50 1358 28 67 38 80 257 202 745 603 52 4664 28 172 300 82 145 1281 641 52
leaf_count=735 212 38 434 98 21 999 23 230 323 732 528 1288 23 1639 441 187 274 965 834 788 58 466 1299 25 579 1128 20 975 37 446 23 138 121 35 3047 249 282 50 1358 28 67 38 80 257 202 745 603 52 4664 28 172 300 82 145 1281 641 52
internal_value=0.0109299 25.7048 -10.703 17.9174 41.616 -0.66431 -15.1241 34.9128 24.9335 21.6927 37.0973 12.3108 4.71591 -16.0893 13.4164 -4.3452 49.5911 17.0817 4.34683 1.97087 32.4177 50.8796 -9.60457 -20.4791 32.0155 11.6924 -8.9226 -1.68981 8.06123 -19.9018 1.1047 -6.93814 43.3728 13.7153 -15.3265 47.4099 29.448 6.25194 -5.46287 33.352 3.06328 6.86791 27.7006 55.4537 19.866 -9.37381 -3.01636 -11.4588 -16.1836 23.8796 4.13326 -23.5093 -26.282 41.0807 -14.0747 -17.9304 38.279
internal_weight=30585 9000 21585 6044 2956 6600 14985 1609 2683 1875 1458 3361 2681 12753 3059 3919 1347 1063 2658 1622 808 1246 2232 130 809 2416 2102 1937 1036 2122 302 1982 649 151 10631 715 605 88 1496 101 279 58 812 531 643 2044 1578 486 6303 63 359 746 105 203 4328 1376 80
internal_count=30585 9000 21585 6044 2956 6600 14985 1609 2683 1875 1458 3361 2681 12753 3059 3919 1347 1063 2658 1622 808 1246 2232 130 809 2416 2102 1937 1036 2122 302 1982 649 151 10631 715 605 88 1496 101 279 58 812 531 643 2044 1578 486 6303 63 359 746 105 203 4328 1376 80
is_linear=0
shrinkage=0.05


Tree=13
num_leaves=58
num_cat=0
split_feature=10 9 10 10 9 9 10 6 6 9 6 10 9 6 6 6 10 10 10 10 15 9 8 14 14 11 15 10 8 15 9 14 9 10 6 11 6 6 3 14 11 26 23 17 9 8 23 14 6 10 15 12 15 8 15 16 26
split_gain=3.04226e+09 4.32304e+08 3.1227e+08 9.25455e+07 6.13369e+07 4.91125e+07 2.94898e+07 2.33831e+07 2.30612e+07 1.96546e+07 1.94432e+07 1.42346e+07 1.40574e+07 1.53286e+07 1.38241e+07 1.09673e+07 1.05868e+07 1.01029e+07 1.00931e+07 8.46676e+06 8.42089e+06 7.62951e+06 6.66696e+06 6.15258e+06 6.14527e+06 5.90827e+06 5.81873e+06 5.79207e+06 5.08219e+06 4.96835e+06 4.34879e+06 4.27587e+06 4.25824e+06 4.24941e+06 4.23366e+06 4.29278e+06 4.09337e+06 3.12361e+06 2.97847e+06 2.78488e+06 2.69136e+06 2.6837e+06 2.57035e+06 2.41739e+06 2.40788e+06 2.1646e+06 2.15762e+06 2.15032e+06 2.14383e+06 2.08714e+06 1.64675e+06 1.61321e+06 1.09132e+06 1.08751e+06 802282 538220 236147
threshold=1236.433106384646 2131.9594740145162 684.59061149821753 1677.7554946954856 2700.8174739057463 910.35760903550988 2289.661802668134 29706.657500000005 31092.200833333336 446.1872835029489 25860.555000000004 2199.5145717372438 1720.0260074008504 32523.530000000002 28202.850833333338 23379.125000000004 2228.4778661858099 2324.5456906905015 533.5398419183108 284.6815767390824 -0.78656609248549325 1873.4163097475914 786.15894839621672 1.0000000180025095e-35 -0.78656609248549292 531.76801472283285 -0.5 900.41847929769665 2199.3054585573159 -0.9829629131445341 1374.6770639519916 -0.70710678118654735 3050.8705243132035 1423.1258677895378 24460.21166666667 360.44349352172293 24590.025833333337 23768.352500000005 1.3366940629555748 -0.70710678118654735 418.28706033867599 14.725100000000001 8.0380085000000019 0.81174490092936691 1257.8883593046228 547.93299399663113 5.9084885000000016 -0.78656609248549292 23165.886666666669 418.88510903838215 0.1294095225512602 36338.500000000007 1.0000000180025095e-35 304.3907199453833 -0.70710678118654757 -0.60785761079279388 6.7888500000000009
decision_type=2 2 2 2 2 2 2 2 2 2 2 2 2 2 2 2 2 2 2 2 2 2 2 2 2 2 2 2 2 2 2 2 2 2 2 2 2 2 2 2 2 2 2 2 2 2 2 2 2 2 2 2 2 2 2 2 2
left_child=2 3 9 14 7 22 8 17 15 19 -6 28 13 26 20 -5 32 36 40 53 -2 33 43 47 -18 -25 -7 -14 -9 -13 -15 -10 -12 -16 35 -24 -3 -22 -36 50 48 49 -29 45 -42 -4 -19 -8 -11 -21 -20 -41 -45 55 -23 -1 -55
right_child=1 4 5 6 10 12 23 11 31 18 16 29 27 30 21 -17 24 46 39 41 37 54 34 25 -26 -27 -28 42 -30 -31 -32 -33 -34 -35 38 -37 -38 -39 -40 51 44 -43 -44 52 -46 -47 -48 -49 -50 -51 -52 -53 -54 56 -56 -57 -58
leaf_value=-26.781144156517918 -19.980297528902693 -5.3237317158281812 -13.724430019937087 -7.9412068055357254 3.5044555993433359 -10.920050603326432 50.965917320251471 25.997569973436647 28.126745431496929 -19.403335958236301 35.148785776330641 21.944894502539388 0.1258503144979477 3.4080180501037263 8.6974284218805025 14.912511803686622 54.631467980901043 20.849482150413621 -9.3350069360883499 -17.75992082100456 -2.8759689805217992 12.976430420986441 -8.0277958432110861 31.613181398520652 46.427083476200814 19.877908748468741 -1.155640007995264 17.122024360152913 35.40878918997204 41.780814780030155 9.5019554195120381 21.860052124744918 48.297907769393923 13.153395226456556 -4.1369639581863593 -32.605682873535152 14.897324199282435 6.5381230611817571 8.8792722960578061 -12.474252454601007 -13.415560547113419 -30.668767107795272 34.464316772733419 -0.65766304143766563 5.8549766459609529 -8.478894601348907 32.76626782856156 35.744798717498774 -13.992579503973907 -15.466066717340002 -3.0790891071759403 -8.5821635298149701 -8.9807070505012909 -21.423188842324652 21.150282754679338 -22.470594921416748 -16.522909350187884
leaf_weight=153 35 31 262 55 26 176 35 370 387 194 237 37 31 1733 1157 939 435 70 205 1620 106 42 65 367 674 162 1108 52 261 608 352 1091 99 1014 2059 24 120 507 44 675 31 33 41 119 32 836 112 166 7257 2917 218 460 58 67 217 312 91
leaf_count=153 35 31 262 55 26 176 35 370 387 194 237 37 31 1733 1157 939 435 70 205 1620 106 42 65 367 674 162 1108 52 261 608 352 1091 99 1014 2059 24 120 507 44 675 31 33 41 119 32 836 112 166 7257 2917 218 460 58 67 217 312 91
internal_value=0.0114181 23.7564 -10.4605 16.2268 39.0987 -1.77769 22.1778 32.3079 19.5541 -14.6965 46.4996 35.396 2.40648 1.79503 10.031 13.6413 47.2703 20.4046 -13.2882 -17.1537 3.53519 11.761 -5.99271 31.0231 49.6915 28.0637 -2.50152 18.872 29.9402 40.6787 4.44089 23.5188 39.1549 10.7838 -4.31717 -14.9442 10.7382 4.9082 -3.86054 -9.61278 -14.049 -16.3994 25.0529 -8.86768 -3.68873 -9.74192 28.3219 38.6345 -14.136 -16.2889 -6.12579 -10.9058 -3.42015 -22.6514 19.8798 -23.9433 -18.7226
internal_weight=30585 9360 21225 6280 3080 6960 3202 1609 2472 14265 1471 1276 3493 3369 3078 994 1445 333 9072 5193 648 2430 3467 730 1109 529 1284 124 631 645 2085 1478 336 2171 2192 89 151 613 2103 1558 7514 4570 93 1275 63 1098 182 201 7451 4537 423 1135 177 623 259 465 158
internal_count=30585 9360 21225 6280 3080 6960 3202 1609 2472 14265 1471 1276 3493 3369 3078 994 1445 333 9072 5193 648 2430 3467 730 1109 529 1284 124 631 645 2085 1478 336 2171 2192 89 151 613 2103 1558 7514 4570 93 1275 63 1098 182 201 7451 4537 423 1135 177 623 259 465 158
is_linear=0
shrinkage=0.05


Tree=14
num_leaves=57
num_cat=0
split_feature=10 10 9 10 9 8 6 10 6 8 6 6 9 8 6 6 8 9 6 9 1 9 8 1 6 10 10 9 17 10 1 6 11 11 4 11 15 8 1 18 11 15 9 15 6 11 9 12 5 15 2 1 8 0 3 10
split_gain=2.74658e+09 4.01929e+08 2.97853e+08 6.4696e+07 4.33692e+07 4.13359e+07 4.03003e+07 2.61342e+07 2.04679e+07 1.52277e+07 1.49346e+07 1.3627e+07 1.28937e+07 1.25562e+07 1.2333e+07 9.83279e+06 9.47527e+06 9.31331e+06 7.27407e+06 7.05168e+06 6.99657e+06 6.79505e+06 6.33404e+06 6.25781e+06 6.07365e+06 5.7263e+06 5.11786e+06 4.87809e+06 4.89246e+06 4.28607e+06 4.27328e+06 4.17441e+06 4.00561e+06 3.80007e+06 3.78765e+06 3.72674e+06 3.65012e+06 3.54717e+06 3.43421e+06 3.05582e+06 2.95657e+06 2.95454e+06 2.9223e+06 2.50067e+06 2.4295e+06 2.33647e+06 2.28753e+06 2.28302e+06 2.05423e+06 1.71387e+06 1.59616e+06 1.56513e+06 1.24289e+06 1.0512e+06 917236 672846
threshold=1397.3956482188705 790.92793130418727 2273.1114059773076 1962.7455307003709 1151.974653264883 509.19627915082299 29910.420000000002 2228.4778661858099 30375.340833333335 1860.6573161070698 26490.769166666669 22662.251666666671 3005.0980100075335 2312.5587359574915 24862.843333333334 22662.251666666671 942.61101605018291 3005.0980100075335 25220.020000000004 2970.0870861186709 0.11733491081238621 1658.6664974867074 737.99007240261528 0.15497246883075538 39332.662500000006 2695.7789523617867 1644.3070796693785 897.8655247089365 0.81174490092936691 2257.4581861031606 0.15364126980085169 31948.187500000004 866.73822657055348 286.94712952411214 0.45964085826965484 497.39075132390343 -0.12940952255126034 1234.7430767968854 0.12428960263369709 0.68301270189221941 325.07324323628023 0.1294095225512602 2700.8174739057463 -0.37940952255126009 25756.317500000001 668.06494927022538 887.63544884768805 33556.500000000007 -638.51999999999987 0.1294095225512602 0.71646273088367252 0.1969881678844059 339.53950371850311 0.5482539684466281 2.5791342372321999 268.99110784165651
decision_type=2 2 2 2 2 2 2 2 2 2 2 2 2 2 2 2 2 2 2 2 2 2 2 2 2 2 2 2 2 2 2 2 2 2 2 2 2 2 2 2 2 2 2 2 2 2 2 2 2 2 2 2 2 2 2 2
left_child=1 5 3 8 16 14 11 19 18 26 20 -4 15 24 34 51 38 25 32 39 53 -17 48 37 -12 -9 -10 31 -29 42 35 -16 -2 -25 55 -24 -11 -18 46 -8 -40 -20 -13 -15 -31 -22 -3 -32 -7 -21 -50 -6 -36 -5 -19 -1
right_child=2 4 6 10 12 22 7 17 9 36 13 29 -14 43 27 21 23 54 41 49 45 -23 30 33 -26 -27 -28 28 -30 44 47 -33 -34 -35 52 -37 -38 -39 40 -41 -42 -43 -44 -45 -46 -47 -48 -49 50 -51 -52 -53 -54 -55 -56 -57
leaf_value=-24.486661743280543 4.6959405268192294 -4.806645856917549 -13.53254106335018 17.411639427292734 -1.7892274258353493 -22.993537813276053 32.460905797645339 39.74044240224913 12.001440376982487 19.265799626522725 22.879625876564884 13.030075751136332 42.576114619572962 30.09672443468283 -15.091778690537595 5.3934593569454998 -0.19738825323724146 48.716124596943317 7.6353644857592275 48.52437172264181 11.338747165997823 13.750530869589912 -5.6171790866872788 -2.8170498881116508 33.200889851521637 48.630646190247326 17.798862534058056 -17.113040168576124 4.646981378464826 17.937814453125 -20.407079061285657 -13.097753152428774 -11.669817085395689 -17.146334565480554 -19.139482976995364 11.165914698769065 26.288463908493949 4.7456995564760627 -6.6036262905494922 19.906432948659681 -17.920665006910053 13.304638575188575 30.411209785805813 37.525878709855874 32.325891975447192 -4.0462465282982469 -0.79042743825104644 -6.7442280564741655 -10.516148409633653 31.6653602836872 -5.2864569123884664 -18.355556514366818 -15.66744429249456 28.487098033372746 55.153935610029436 -19.987107868297681
leaf_weight=261 199 1016 22 61 21 31 523 691 911 368 910 84 23 256 5311 2510 964 342 365 92 47 269 1363 142 176 288 671 40 69 39 74 5386 45 68 488 33 416 581 347 60 69 646 35 280 214 50 545 54 1823 28 162 45 666 42 179 184
leaf_count=261 199 1016 22 61 21 31 523 691 911 368 910 84 23 256 5311 2510 964 342 365 92 47 269 1363 142 176 288 671 40 69 39 74 5386 45 68 488 33 416 581 347 60 69 646 35 280 214 50 545 54 1823 28 162 45 666 42 179 184
internal_value=0.0114529 -8.93639 25.1001 18.4468 1.44021 -13.2313 39.0322 41.6728 14.5728 17.312 26.1338 24.1992 6.06264 27.7262 -14.5916 5.7526 -2.11275 45.431 9.39891 33.6007 13.1461 6.20706 -8.46163 0.561257 24.5813 42.4027 14.4701 -13.9818 -3.42128 26.461 -6.02207 -14.0891 1.64233 -7.5163 -18.7016 -5.21273 23.0209 1.66333 -4.48557 31.2052 -8.51922 11.2674 18.353 34.0403 30.1873 3.44792 -3.40585 -14.7401 -10.3019 44.8849 -10.0922 -13.1899 -17.151 22.1584 51.0294 -22.6752
internal_weight=30585 22545 8040 5443 6600 15945 2597 2203 3621 2366 1822 394 2868 1622 12405 2845 3732 1500 1255 703 200 2779 3540 1755 1086 979 1582 10806 109 372 1524 10697 244 210 1599 1396 784 1545 1977 583 416 1011 119 536 253 97 1561 128 2016 120 1985 66 1154 103 521 445
internal_count=30585 22545 8040 5443 6600 15945 2597 2203 3621 2366 1822 394 2868 1622 12405 2845 3732 1500 1255 703 200 2779 3540 1755 1086 979 1582 10806 109 372 1524 10697 244 210 1599 1396 784 1545 1977 583 416 1011 119 536 253 97 1561 128 2016 120 1985 66 1154 103 521 445
is_linear=0
shrinkage=0.05


Tree=15
num_leaves=62
num_cat=0
split_feature=10 10 10 9 9 9 2 6 9 9 1 6 15 9 6 10 10 8 8 10 15 7 11 10 2 6 15 1 9 6 2 6 24 1 5 15 13 1 14 15 15 2 8 1 5 9 1 6 9 11 5 23 15 15 10 8 6 6 14 11 10
split_gain=2.48239e+09 3.54863e+08 2.54425e+08 8.48796e+07 5.60174e+07 4.00433e+07 2.63278e+07 2.11959e+07 1.65708e+07 1.58583e+07 1.55667e+07 1.30478e+07 1.26153e+07 1.18729e+07 1.32049e+07 1.09517e+07 1.03129e+07 9.22516e+06 9.09857e+06 8.06518e+06 7.44783e+06 7.1263e+06 6.55229e+06 5.50336e+06 5.92496e+06 5.31583e+06 5.03501e+06 4.62921e+06 4.3945e+06 4.28958e+06 4.06473e+06 4.04968e+06 3.9983e+06 3.88352e+06 3.78517e+06 3.58415e+06 3.54554e+06 3.15638e+06 3.12108e+06 2.76258e+06 2.72974e+06 2.68715e+06 2.46052e+06 2.88743e+06 2.1052e+06 2.22942e+06 2.02346e+06 2.0009e+06 1.90427e+06 1.671e+06 1.23003e+06 1.22752e+06 1.0978e+06 1.05652e+06 928606 883120 738147 710903 388503 279814 205550
threshold=1236.433106384646 1998.6334189596382 684.59061149821753 2626.1050338120644 1769.3285804849877 910.35760903550988 0.54716191107484324 24590.025833333337 416.42871920763656 2507.049509271968 0.14429117344799927 28485.420000000002 -0.9829629131445341 1720.0260074008504 33418.070000000007 1563.727621682867 2631.610696155893 2895.5032941072968 505.66185130334253 2548.6437464042765 -0.60355339059327384 867.10914946797095 101.16056537137082 942.87352994662808 0.62942786275475293 35668.942500000012 -0.5 0.18946953262365177 3050.8705243132035 22662.251666666671 0.58405734446265456 35980.531666666677 8.425451500000003 0.21364731160036707 -747.82499999999993 -0.9159756150367534 29634.295000000002 0.11573843638251087 -0.5 -0.9159756150367534 0.37940952255126043 0.54599187790125325 822.73278426324293 0.11824496080429213 220.00500000000002 862.78481538327071 0.073808701749192462 31433.727500000005 1274.0841273047001 614.20424327994806 -638.51999999999987 7.7504735000000009 0.1294095225512602 -0.70710678118654757 1663.4810707368877 3199.5985812441477 28264.799166666671 25953.28666666667 -0.37940952255126059 78.238657920977133 430.18176104432911
decision_type=2 2 2 2 2 2 2 2 2 2 2 2 2 2 2 2 2 2 2 2 2 2 2 2 2 2 2 2 2 2 2 2 2 2 2 2 2 2 2 2 2 2 2 2 2 2 2 2 2 2 2 2 2 2 2 2 2 2 2 2 2
left_child=2 4 8 6 11 23 10 29 22 25 19 20 31 14 26 48 -14 30 44 -3 41 33 56 24 40 -9 -7 -22 -11 -6 34 -8 -16 -15 -5 -17 -12 55 51 -32 -4 -2 50 -44 47 -46 52 -10 -13 -40 -20 -25 -24 -39 -31 -19 59 -48 -26 -1 -58
right_child=1 3 5 17 7 13 12 9 18 28 36 15 16 21 32 35 -18 37 42 -21 27 -23 46 38 58 -27 -28 -29 -30 54 39 -33 -34 -35 -36 -37 -38 53 49 -41 -42 -43 43 -45 45 -47 57 -49 -50 -51 -52 -53 -54 -55 -56 -57 60 -59 -60 -61 -62
leaf_value=-15.211698935213319 -21.30615025983538 20.562543525444696 -11.572724269252497 13.749485852901751 -18.89605260964596 -8.9629865934914115 3.6199462090311827 16.871931614858834 -14.058347314200843 29.281436430858395 -7.0547389579954602 6.2217287672999539 32.037686758014125 16.210071863694626 -0.14445420190993746 9.4164380720448619 45.27711463844841 47.17133383268547 -21.39584944923719 29.880574182896847 7.7502806560487461 40.121259813661936 -19.165589334273093 8.2758162600383525 -3.4765283710295805 22.817919201942594 -0.73954406041966658 -1.0305548356954868 45.786795528099461 -2.1463998364984991 32.790830242198005 23.075470540457914 5.5087957142530826 -7.3451306683084248 35.120504396345559 16.916959836921002 10.986544609925687 26.738573985099794 -3.8817748071994504 43.5202139214407 -6.5742639719975786 -0.5061355663168019 -0.8117248494680539 -10.934717266619208 -15.748566869099935 4.9880098064506759 -23.203477835973104 -12.430782403966623 9.9930092345868253 10.396566287449428 -9.8178459041876174 -0.76376553539293157 -14.005299289315781 41.386695949958295 11.837893076357634 53.71232299117775 -14.945604385955424 -18.598854405485241 -5.2878325866180429 -17.149738474658829 -13.313642770090411
leaf_weight=1300 34 666 638 25 32 218 36 860 3132 188 41 473 961 76 394 202 182 430 23 371 659 26 292 81 616 701 1242 194 57 24 92 108 1515 22 204 840 77 23 966 385 487 28 171 119 20 33 359 5182 1206 20 1789 69 186 97 22 142 394 150 590 310 805
leaf_count=1300 34 666 638 25 32 218 36 860 3132 188 41 473 961 76 394 202 182 430 23 371 659 26 292 81 616 701 1242 194 57 24 92 108 1515 22 204 840 77 23 966 385 487 28 171 119 20 33 359 5182 1206 20 1789 69 186 97 22 142 394 150 590 310 805
internal_value=0.0116762 21.4608 -9.44772 33.1324 13.3369 -1.61024 27.4853 20.3341 -13.2713 21.4359 21.9649 9.70668 32.4186 2.1679 1.60597 11.4436 34.1835 42.9699 -12.242 23.9218 4.53474 17.3001 -16.106 -5.41625 -6.80676 19.555 -1.97273 5.75436 33.292 -5.12605 38.7632 18.2701 4.34255 10.9013 32.8574 15.4734 4.71131 47.1996 -2.55953 41.5238 -9.41671 -12.0698 -9.29113 -4.98896 -12.9822 -2.98375 -19.6318 -13.0455 8.93492 -3.58191 -9.97653 4.14006 -17.1911 38.8234 4.6512 48.8861 -14.8606 -21.8857 -4.36631 -15.5953 -13.8619
internal_weight=30585 9360 21225 3840 5520 6960 2442 1884 14265 1806 1155 3636 1287 3493 3369 2721 1143 1398 10469 1037 915 124 3796 3467 2331 1561 1460 853 245 78 706 144 1909 98 229 1042 118 692 1136 477 1125 62 2102 290 8367 53 987 8314 1679 986 1812 150 478 120 46 572 2809 509 1206 1610 1199
internal_count=30585 9360 21225 3840 5520 6960 2442 1884 14265 1806 1155 3636 1287 3493 3369 2721 1143 1398 10469 1037 915 124 3796 3467 2331 1561 1460 853 245 78 706 144 1909 98 229 1042 118 692 1136 477 1125 62 2102 290 8367 53 987 8314 1679 986 1812 150 478 120 46 572 2809 509 1206 1610 1199
is_linear=0
shrinkage=0.05


Tree=16
num_leaves=60
num_cat=0
split_feature=8 9 9 8 9 8 9 6 8 6 8 6 8 9 17 9 8 1 8 1 11 9 0 8 1 1 1 1 1 14 26 26 18 26 11 7 6 4 6 9 23 22 26 11 11 23 23 9 11 4 7 4 9 9 22 11 9 9 17
split_gain=2.1225e+09 3.10185e+08 2.94256e+08 6.68053e+07 4.59619e+07 3.76302e+07 3.03743e+07 2.51927e+07 2.38192e+07 1.78638e+07 1.55076e+07 1.50599e+07 1.39788e+07 1.2685e+07 1.21765e+07 1.18177e+07 9.44577e+06 7.01616e+06 5.57232e+06 5.49704e+06 7.27693e+06 5.41864e+06 5.34228e+06 5.33354e+06 5.09194e+06 4.99597e+06 4.95013e+06 3.96105e+06 3.45095e+06 3.37445e+06 3.24804e+06 3.20013e+06 3.13691e+06 2.97512e+06 2.96164e+06 2.91977e+06 2.71079e+06 2.44358e+06 2.39634e+06 2.3248e+06 2.15775e+06 2.62814e+06 2.15042e+06 2.08386e+06 1.97852e+06 1.89079e+06 1.79237e+06 1.68877e+06 1.68556e+06 1.63926e+06 1.2308e+06 1.06931e+06 1.03003e+06 823703 751808 1.6293e+06 1.47246e+06 670189 660926
threshold=1329.1249317153095 2148.5964702371089 691.30499012125676 1786.1298771869133 1232.8205745571709 2863.635411009132 2803.4179486041867 22662.251666666671 503.47563956699781 25433.005000000005 2536.291659429196 29122.735000000004 942.61101605018291 1627.7543623828017 0.81174490092936691 2507.049509271968 313.36243140441212 0.11658082995994952 2131.9594740145162 0.17248759455961213 497.39075132390343 1720.0260074008504 0.43091317154648795 799.63361735704586 0.21364731160036707 0.093726962052257792 0.15094606262164065 0.1969881678844059 0.11194166193044565 -0.70710678118654735 18.160600000000006 18.966950000000004 1.0000000180025095e-35 18.132100000000005 249.49294195276309 163.08083310793967 29315.593333333338 0.89958663160543451 26644.033333333336 3005.0980100075335 6.2677238000000006 5.5000000000000009 18.559050000000003 544.86233109898774 244.47097625518157 8.0902885000000015 10.855871500000001 3050.8705243132035 520.41605753204374 1.0000057814609684 395.03103763224357 0.48920102747341815 2921.6531414937131 411.72910758392931 3.5000000000000004 283.33987693072157 71.155737247132606 469.45784412468134 0.81174490092936691
decision_type=2 2 2 2 2 2 2 2 2 2 2 2 2 2 2 2 2 2 2 2 2 2 2 2 2 2 2 2 2 2 2 2 2 2 2 2 2 2 2 2 2 2 2 2 2 2 2 2 2 2 2 2 2 2 2 2 2 2 2
left_child=2 3 8 13 12 11 7 49 16 27 21 24 25 19 -9 18 38 30 -13 37 -21 -11 52 54 42 35 32 43 31 -12 33 -14 -15 -7 -27 -4 53 -2 51 -17 50 -42 -3 -5 -30 -32 -28 -8 -29 -6 -25 -1 -19 -18 55 -10 -56 -38 -40
right_child=1 5 4 9 6 17 47 14 23 10 29 15 28 26 -16 39 36 22 -20 20 -22 -23 -24 40 -26 34 46 48 44 -31 45 -33 -34 -35 -36 -37 57 -39 58 -41 41 -43 -44 -45 -46 -47 -48 -49 -50 -51 -52 -53 -54 -55 56 -57 -58 -59 -60
leaf_value=-20.657625920001728 3.7019153854463789 27.821186311400943 -4.5033221184317673 18.066632208625478 -23.365173999399381 39.998585149200871 32.81436746529171 4.0907821942830616 -8.8839465221872729 16.797344553301073 42.766793643306286 21.603162405294327 5.3177251068169769 22.545179227211896 12.896243113099963 34.707496204162844 -14.678923447742761 30.546316259551698 31.065282402601589 4.7495979112744342 -17.923161817595016 22.171023105082295 9.0605647659301773 -1.1462369287592902 1.0111115894895613 -5.8481971736484528 3.3171448550307958 5.7326538311351438 -0.33449038878851334 29.278073442812474 42.574821102215729 -0.037411619405688261 14.69824385686946 18.391693043518067 -12.100293490527006 -0.47405314142370347 -12.619406378789964 9.2403487000461553 -15.72206858204987 41.881818639930636 -3.4155074889415049 -10.37166486068382 18.327400577037363 3.5988017209370931 -7.1326527970546012 48.757689894242482 16.767774791121482 54.310296215820316 -11.48479269498732 -9.7748540522601157 11.582415776686235 -17.05166437221218 40.061968151915309 -13.090741726471499 -23.171308530724566 2.8450097428598715 -10.185493889877755 -11.581547470232785 -11.749344996525693
leaf_weight=398 223 106 1158 47 68 70 27 1564 1087 783 67 278 563 169 524 675 1795 73 396 199 42 1258 21 138 32 1069 113 21 387 223 358 552 585 24 231 735 3950 2017 294 173 373 214 165 53 147 353 31 24 40 36 21 554 101 1775 22 30 997 2962 194
leaf_count=398 223 106 1158 47 68 70 27 1564 1087 783 67 278 563 169 524 675 1795 73 396 199 42 1258 21 138 32 1069 113 21 387 223 358 552 585 24 231 735 3950 2017 294 173 373 214 165 53 147 353 31 24 40 36 21 554 101 1775 22 30 997 2962 194
internal_value=0.0117488 20.9077 -8.29033 14.3532 0.0896515 34.5198 6.00504 5.10658 -12.3006 20.5638 21.6762 30.2095 -2.65125 9.76807 6.3057 32.2455 -13.2872 42.348 27.2003 7.91921 0.740573 20.1187 33.3984 -8.21625 19.9098 -4.58144 14.8616 4.42457 1.08671 32.5307 44.4718 2.66891 16.4846 34.7337 -6.9676 -2.93995 -12.7624 8.69088 -17.0959 36.2187 -4.56737 -5.96482 22.1295 10.5103 -2.21574 45.7087 6.30847 43.7801 -5.56053 -18.7988 0.596758 -18.5793 36.2672 -13.8932 -9.48788 -8.56667 -10.4883 -12.1764 -14.17
internal_weight=30585 8696 21889 5871 7085 2825 2243 2192 14804 2492 2331 1825 4842 3379 2088 1522 11922 1000 674 2481 241 2041 195 2882 303 3193 898 161 1649 290 805 1115 754 94 1300 1893 10482 2240 1440 848 746 587 271 100 534 711 144 51 61 104 159 952 174 3570 2136 1117 1019 6912 488
internal_count=30585 8696 21889 5871 7085 2825 2243 2192 14804 2492 2331 1825 4842 3379 2088 1522 11922 1000 674 2481 241 2041 195 2882 303 3193 898 161 1649 290 805 1115 754 94 1300 1893 10482 2240 1440 848 746 587 271 100 534 711 144 51 61 104 159 952 174 3570 2136 1117 1019 6912 488
is_linear=0
shrinkage=0.05


Tree=17
num_leaves=59
num_cat=0
split_feature=10 10 9 9 9 10 0 9 1 9 10 15 10 15 14 21 10 7 1 3 11 1 1 10 7 14 0 1 14 26 3 0 4 1 9 11 1 0 11 15 1 7 11 11 4 9 10 23 9 15 10 14 4 17 11 10 15 1
split_gain=2.0326e+09 3.06468e+08 1.94481e+08 6.88566e+07 4.93457e+07 3.42325e+07 2.18885e+07 1.50045e+07 1.34717e+07 1.27944e+07 1.14323e+07 1.09153e+07 1.08003e+07 9.71771e+06 8.33576e+06 1.00004e+07 8.20105e+06 7.40628e+06 7.37309e+06 7.33163e+06 7.30564e+06 7.13984e+06 5.85107e+06 4.99482e+06 4.75691e+06 4.44125e+06 4.43077e+06 4.64617e+06 4.26304e+06 4.13499e+06 4.19024e+06 4.10757e+06 4.0303e+06 3.93634e+06 3.82193e+06 3.23217e+06 2.94085e+06 2.66723e+06 2.63602e+06 2.54388e+06 2.49467e+06 2.39211e+06 3.97603e+06 2.37388e+06 2.16655e+06 1.94708e+06 1.59796e+06 1.27002e+06 1.18977e+06 1.14723e+06 938043 697247 539024 469866 385999 378651 336828 191224
threshold=1203.7994076510533 1998.6334189596382 598.93948057395687 2626.1050338120644 1769.3285804849877 921.29225017694137 0.43747898452485617 3050.8705243132035 0.11733491081238621 1287.4162629641171 414.99062941339594 -0.9829629131445341 1482.0118420783567 -0.60355339059327384 -0.70710678118654735 1.0000000180025095e-35 2548.6437464042765 867.10914946797095 0.18946953262365177 2.3427335009017347 614.20424327994806 0.15364126980085169 0.14551972909613339 484.7648770179436 435.66904081343336 -0.60355339059327362 0.45150566764261718 0.16823590160644428 -0.5 14.636050000000003 1.2636990303730811 0.40095569295277217 0.10055000000000001 0.077061651740503209 303.37034084237683 255.08112789510906 0.1969881678844059 0.50488326144062734 204.25273939992789 -0.9159756150367534 0.11573843638251087 576.58915984026874 338.3537910039542 687.63510778768716 0.6389237073319759 1433.9411256865305 232.86589403628523 8.0902885000000015 411.72910758392931 -0.70710678118654757 166.95333112748082 -0.70710678118654735 0.96924700037831835 1.0000000180025095e-35 80.200030104141959 452.01352900344153 -0.5 0.074347724142009977
decision_type=2 2 2 2 2 2 2 2 2 2 2 2 2 2 2 2 2 2 2 2 2 2 2 2 2 2 2 2 2 2 2 2 2 2 2 2 2 2 2 2 2 2 2 2 2 2 2 2 2 2 2 2 2 2 2 2 2 2
left_child=2 4 10 6 12 21 11 14 13 22 34 33 26 -8 35 -16 -13 36 28 31 -10 24 25 48 32 -7 45 -28 -14 56 -31 39 -4 -3 46 -6 -11 -20 -24 -5 47 42 -25 -26 -33 -2 57 -21 54 -42 53 -52 -48 -36 -12 -50 -23 -1
right_child=1 3 5 19 7 9 8 -9 20 17 23 16 18 -15 15 -17 -18 -19 37 40 -22 29 38 41 43 -27 27 -29 -30 30 -32 44 -34 -35 50 -37 -38 -39 -40 -41 49 -43 -44 -45 -46 -47 52 -49 55 -51 51 -53 -54 -55 -56 -57 -58 -59
leaf_value=-17.472470479791816 6.1254943252497753 22.949050198872886 -15.317981531516367 30.363022714805609 16.669541192031932 4.6565084561380372 7.1048924461470708 42.455620458693737 17.345598308004835 6.7278783789227408 -12.979413143148964 29.05741779354819 17.160889354981165 24.493204651154301 15.97674941044604 -5.9588732159354469 39.678061682858811 34.677295009778895 5.919802909717931 41.758368314586704 0.46817992229546823 -9.6739769145528616 -2.1631653788546101 -9.3254938873709321 2.0300609924679711 -0.47153007102376965 3.4317435475325184 -13.005443074563519 10.934079759310594 -19.988005393609491 -0.24811416741573453 13.88960685599934 -4.6696009524311082 5.4291157744481016 -11.659635091509138 24.389391807566518 -4.1978146755161569 -8.4967346603436891 -9.9661983659563873 40.289439977067744 22.845264608756356 7.379268043154763 -19.2345332250955 21.187177030389961 31.553647865034151 9.8979794414901736 -17.966623398767759 48.075316003050119 -12.014359306569716 37.860438426072108 -11.927269863859381 -13.959182817603196 -14.917467093793086 -20.082647743663571 -16.934965870505888 -11.153628958545802 -5.2811487048108816 -22.163401312855001
leaf_weight=54 1120 89 91 99 208 558 89 62 151 809 1695 764 354 934 1118 54 253 22 76 304 111 67 255 2842 62 1725 412 47 1297 168 32 21 2808 51 27 459 66 54 188 385 22 20 105 21 260 499 291 223 3386 84 662 1561 424 86 75 2568 141 176
leaf_count=54 1120 89 91 99 208 558 89 62 151 809 1695 764 354 934 1118 54 253 22 76 304 111 67 255 2842 62 1725 412 47 1297 168 32 21 2808 51 27 459 66 54 188 385 22 20 105 21 260 499 291 223 3386 84 662 1561 424 86 75 2568 141 176
internal_value=0.0119392 19.068 -8.70614 30.0084 11.7705 -1.91167 24.922 18.3638 20.3962 1.46734 -12.1161 29.9265 8.5186 22.9889 17.529 14.9618 31.7359 6.64355 11.3766 38.8691 10.2242 -5.52229 -0.237719 -11.3209 -4.67052 0.783329 6.0648 1.72401 12.2788 -11.7211 -16.8466 35.4166 -5.00902 16.6506 -14.7032 22.0106 5.89991 -0.0877144 -5.48961 38.3258 42.9791 -9.56748 -9.68495 7.07163 30.2875 7.29363 -17.4103 44.5174 -11.9931 34.9868 -13.6011 -13.3597 -16.1818 -18.19 -13.1565 -11.6451 -6.73569 -21.1425
internal_weight=30585 9600 20985 3840 5760 7013 2442 1901 1285 3623 13972 1157 3859 1023 1839 1172 1017 897 1781 1398 262 3390 2726 10691 2982 2283 2078 459 1651 408 200 765 2899 140 3281 667 875 130 443 484 633 2967 2947 83 281 1619 945 527 7724 106 2336 2223 715 113 1770 5954 208 230
internal_count=30585 9600 20985 3840 5760 7013 2442 1901 1285 3623 13972 1157 3859 1023 1839 1172 1017 897 1781 1398 262 3390 2726 10691 2982 2283 2078 459 1651 408 200 765 2899 140 3281 667 875 130 443 484 633 2967 2947 83 281 1619 945 527 7724 106 2336 2223 715 113 1770 5954 208 230
is_linear=0
shrinkage=0.05


Tree=18
num_leaves=55
num_cat=0
split_feature=10 10 9 10 10 9 0 12 12 10 9 3 1 9 10 1 1 10 1 14 1 1 10 12 10 15 12 15 5 7 17 9 7 9 14 15 10 14 3 2 3 15 16 15 1 10 24 4 15 9 4 14 24 9
split_gain=1.8354e+09 2.68288e+08 2.00663e+08 6.25791e+07 3.21693e+07 2.622e+07 1.85176e+07 1.48529e+07 1.36898e+07 1.10786e+07 1.08626e+07 1.03189e+07 9.86115e+06 9.126e+06 9.09693e+06 9.02973e+06 7.64074e+06 7.02678e+06 7.00248e+06 6.99426e+06 6.86665e+06 6.58996e+06 5.07956e+06 4.94445e+06 4.82467e+06 4.51409e+06 4.15186e+06 3.86562e+06 3.4746e+06 3.44637e+06 3.37637e+06 3.35068e+06 3.29163e+06 3.13153e+06 3.02631e+06 3.01195e+06 2.71604e+06 2.57694e+06 2.55529e+06 2.26566e+06 2.26508e+06 2.16813e+06 1.65465e+06 1.52318e+06 1.43412e+06 1.38763e+06 1.37568e+06 1.14373e+06 1.09983e+06 1.06737e+06 847683 839351 529719 335784
threshold=1397.3956482188705 822.62264923049884 2507.049509271968 1940.014878896319 533.5398419183108 1222.0183875528421 0.43626166544856587 30486.500000000004 33105.500000000007 2593.2568529125997 3005.0980100075335 1.5073565678197205 0.13608701970604178 3005.0980100075335 363.50138822157817 0.11733491081238621 0.18058820999331973 2374.987419907327 0.14551972909613339 -0.5 0.10969380598633353 0.17754724334573557 1046.6642317271019 38318.500000000007 1706.1374638911916 -0.9829629131445341 30424.500000000004 1.0000000180025095e-35 -377.50000000000006 709.52667636726585 0.81174490092936691 1420.263053060253 209.63940574600554 467.83829691191676 -0.70710678118654735 -0.5 2695.7789523617867 -0.5 1.2524231056641475 0.468835099884162 0.91833437645318106 0.1294095225512602 -0.60785761079279388 -0.37940952255126009 0.088007345739668272 2257.4581861031606 10.028271750000002 1.0000057814609684 -0.60355339059327384 360.18953770431773 0.90745173183390782 -0.70710678118654735 15.059942000000001 2803.4179486041867
decision_type=2 2 2 2 2 2 2 2 2 2 2 2 2 2 2 2 2 2 2 2 2 2 2 2 2 2 2 2 2 2 2 2 2 2 2 2 2 2 2 2 2 2 2 2 2 2 2 2 2 2 2 2 2 2
left_child=1 4 3 8 14 18 17 12 16 15 20 24 53 21 41 -8 27 30 22 38 36 31 34 28 -10 -19 -23 -2 -21 -18 -5 -7 52 49 -3 -13 -9 -24 43 -11 -35 42 -1 -6 51 -22 -25 -43 -34 -16 -46 -12 -20 -4
right_child=2 5 7 6 19 13 9 10 11 39 44 35 -14 -15 33 -17 29 25 32 23 45 26 37 46 -26 -27 -28 -29 -30 -31 -32 -33 48 40 -36 -37 -38 -39 -40 -41 -42 47 -44 -45 50 -47 -48 -49 -50 -51 -52 -53 -54 -55
leaf_value=-20.321200883740822 2.6480857120998325 2.3837187074889874 29.440793788307595 22.327731695163749 -6.9453965926545287 4.8991115521936486 18.354132286506541 33.288575854482978 9.7910897324180937 14.696732122959233 45.606396665002549 14.375925851688264 -9.1744059529304494 36.186817801793424 -13.207877248207382 7.3986437033099151 1.1342346398830416 19.775044172515337 -4.170674489704723 -19.446401587074455 23.198865354773247 -12.316596641540528 5.7836914769084729 -5.3323406058089127 15.482039611949427 34.139159757270612 1.5633520159096395 10.707491146058336 -9.1766441631120514 -16.413238218035016 32.775712837620787 9.2917444351037339 -15.622856926209218 -10.397656924226744 -3.1961634558303889 20.643734708737725 40.377438853805614 0.78243511594020265 9.9953946427737961 28.4143467648131 5.4820919003693964 -14.82350663513833 -15.528116202721229 -2.8796798907086241 24.873342822681774 30.4273682635718 7.112062088095624 -10.47470473689134 -8.2642452800144337 -11.689788694927689 38.109003104608036 39.476528293810389 0.21610407355398237 19.46846711807251
leaf_weight=290 188 297 37 625 309 1595 764 636 1145 38 233 313 29 23 1606 252 139 70 219 87 189 72 325 814 560 371 205 727 1545 34 94 599 73 4302 1320 552 212 1229 33 257 22 469 571 910 21 136 22 243 183 5082 205 189 100 24
leaf_count=290 188 297 37 625 309 1595 764 636 1145 38 233 313 29 23 1606 252 139 70 219 87 189 72 325 814 560 371 205 727 1545 34 94 599 73 4302 1320 552 212 1229 33 257 22 469 571 910 21 136 22 243 183 5082 205 189 100 24
internal_value=0.0118843 -7.30267 20.521 16.1056 -10.6767 1.51404 22.2539 34.6663 11.9475 18.1531 35.6486 13.9386 14.6179 5.48515 -11.8845 15.6468 7.23588 26.8688 -1.13059 -6.5889 32.693 5.18486 -0.209297 -8.13311 11.6682 31.9091 -2.07574 9.05627 -9.73569 -2.38888 23.7373 6.10207 -6.20215 -11.3738 -2.17044 18.395 35.1063 1.83144 -3.5408 26.703 -10.3156 -15.4501 -17.1642 -3.91514 40.9401 26.3078 -4.99674 -13.3561 -10.4152 -12.0563 36.9942 42.9609 -2.79912 25.8946
internal_weight=30585 22545 8040 6129 16305 6240 2471 1911 3658 1311 1821 2570 90 2494 12585 1016 1088 1160 3746 3720 1173 2471 3171 2468 1705 441 277 915 1632 173 719 2194 575 11012 1617 865 848 1554 1252 295 4324 1573 861 1219 648 325 836 712 256 6688 226 422 319 61
internal_count=30585 22545 8040 6129 16305 6240 2471 1911 3658 1311 1821 2570 90 2494 12585 1016 1088 1160 3746 3720 1173 2471 3171 2468 1705 441 277 915 1632 173 719 2194 575 11012 1617 865 848 1554 1252 295 4324 1573 861 1219 648 325 836 712 256 6688 226 422 319 61
is_linear=0
shrinkage=0.05


Tree=19
num_leaves=60
num_cat=0
split_feature=10 10 9 9 9 10 14 6 10 9 6 9 6 3 3 15 6 10 6 7 6 6 7 10 10 2 9 15 23 4 15 0 26 1 1 1 1 6 15 0 23 14 15 9 9 1 6 6 9 1 23 16 26 1 17 10 4 6 1
split_gain=1.65843e+09 2.4986e+08 1.58919e+08 5.66071e+07 4.07732e+07 2.79276e+07 1.64056e+07 1.59773e+07 1.29495e+07 1.1956e+07 1.099e+07 1.05957e+07 1.03447e+07 9.5458e+06 9.25215e+06 8.90121e+06 8.00199e+06 7.93117e+06 6.77253e+06 6.54462e+06 5.62529e+06 4.69344e+06 4.31458e+06 4.10396e+06 4.02044e+06 3.96571e+06 3.87948e+06 3.64101e+06 3.19124e+06 3.0288e+06 3.02348e+06 3.01335e+06 2.98201e+06 2.74597e+06 2.56915e+06 2.31616e+06 2.28008e+06 2.23832e+06 2.18872e+06 2.03733e+06 1.9429e+06 1.88265e+06 1.87489e+06 1.68642e+06 1.6027e+06 1.53445e+06 1.52779e+06 1.09365e+06 1.02107e+06 813717 801290 759305 679451 496163 463362 337255 319162 297414 289077
threshold=1203.7994076510533 1998.6334189596382 598.93948057395687 2507.049509271968 1769.3285804849877 921.29225017694137 -0.5 23768.352500000005 2548.6437464042765 2863.635411009132 24980.067500000005 1287.4162629641171 29180.94333333334 0.36404528670822217 2.3427335009017347 -0.37940952255126009 35980.531666666677 1563.727621682867 35093.708333333343 867.10914946797095 26221.600000000002 35093.708333333343 395.03103763224357 284.6815767390824 484.7648770179436 0.48492550601761891 846.87044976825905 -0.5 8.2585035000000016 0.10055000000000001 -0.9159756150367534 0.40095569295277217 15.500850000000002 0.14551972909613339 0.1969881678844059 0.1199493963633096 0.08601658294058849 36979.745833333342 0.25881904510252057 0.28385721731658087 9.7433180000000004 -0.70710678118654735 -0.70710678118654757 1274.0841273047001 3050.8705243132035 0.17248759455961213 41270.977500000008 27396.050000000007 437.42523903987859 0.06415770680355494 8.0902885000000015 -0.60785761079279388 18.613500000000005 0.060671807164413907 0.81174490092936691 449.43258459247892 0.6607475448369281 20008.381666666672 0.060107392327039592
decision_type=2 2 2 2 2 2 2 2 2 2 2 2 2 2 2 2 2 2 2 2 2 2 2 2 2 2 2 2 2 2 2 2 2 2 2 2 2 2 2 2 2 2 2 2 2 2 2 2 2 2 2 2 2 2 2 2 2 2 2
left_child=2 4 13 6 12 10 22 38 16 21 29 18 15 23 20 32 -8 43 33 34 -5 -9 46 49 48 -10 37 -28 -17 50 -19 -22 -2 -7 -13 -31 52 -12 -6 58 -20 -24 -38 -14 -11 -41 -3 56 53 57 -4 -51 -16 -15 -49 -50 -25 -1 -26
right_child=1 3 5 14 7 11 8 9 25 44 26 19 17 24 36 28 -18 30 40 -21 31 -23 41 47 39 -27 27 -29 -30 35 -32 -33 -34 -35 -36 -37 42 -39 -40 45 -42 -43 -44 -45 -46 -47 -48 54 55 51 -52 -53 -54 -55 -56 -57 -58 -59 -60
leaf_value=-19.100421788533531 2.8182544474601752 23.123752826671211 -27.07031089613173 11.380835708066037 -22.606203257820823 -1.0672151912456591 13.958063842480762 13.792320874754353 16.699375869666831 25.809908748354232 -6.9043752094356128 6.1167826827492249 4.9689621904792105 -11.008350604427893 42.52461126971172 3.8103346948136618 23.240708432856891 7.4492416755398327 4.0559367513474873 32.392380413594452 34.023806396046865 19.071503263429211 38.986078155835472 -15.368119533295326 0.55047401070594792 28.003505411861706 -5.9484360910312146 0.51497259195065559 10.586923721196417 -4.3772184401889183 14.442820305620678 27.930964462556336 -13.671018767038982 -5.8356364755004275 -4.0936678739803938 -14.952957130835877 21.613957001742193 -3.6169643742220368 -1.9159952365234496 -8.7188599448044251 -1.1819245235371378 28.441980607313269 35.919537487358888 8.3794806375789257 38.469435165344727 -16.634184761643411 34.94732558401008 -12.076301954414191 -10.820055356517281 -21.624266595413438 -16.14634168380346 -16.718457586725684 36.656447314671105 -12.646075424147483 -9.9441422129603261 -10.006903590805692 -13.10395541530576 -12.991588066003885 -4.2825128285829406
leaf_weight=29 39 195 44 37 21 1284 852 908 101 62 1076 809 526 1085 322 811 324 198 823 22 581 817 143 234 48 440 318 687 221 85 766 379 89 394 66 136 33 1006 31 2659 225 84 173 1209 62 63 37 908 3297 133 38 300 139 976 411 2558 1030 156 85
leaf_count=29 39 195 44 37 21 1284 852 908 101 62 1076 809 526 1085 322 811 324 198 823 22 581 817 143 234 48 440 318 687 221 85 766 379 89 394 66 136 33 1006 31 2659 225 84 173 1209 62 63 37 908 3297 133 38 300 139 976 411 2558 1030 156 85
internal_value=0.0120279 17.2251 -7.86285 27.1035 10.6359 -1.72093 21.775 16.6292 19.5066 17.3986 -4.98214 1.33109 7.67992 -10.9453 34.0543 3.72664 16.5331 9.37699 -0.220563 6.04158 30.9099 16.3023 30.1996 -13.3475 -10.2303 25.9278 -4.08729 -1.53404 5.27037 -14.0555 13.0156 31.65 -8.664 -2.18967 5.34282 -10.9234 38.701 -5.31844 -10.5406 -8.61277 2.93134 35.2262 33.7434 7.34897 32.3968 -8.9081 25.1513 -12.4598 -10.8125 -17.0317 -22.2636 -18.2717 40.8384 -11.7897 -11.42 -10.4666 -13.5349 -14.0468 -2.54715
internal_weight=30585 9600 20985 3840 5760 7013 2176 1901 1717 1849 3390 3623 3859 13972 1664 1160 1176 2699 2726 897 997 1725 459 3201 10771 541 3087 1005 1032 303 964 960 128 1678 875 221 667 2082 52 2855 1048 227 206 1735 124 2722 232 2583 7916 618 82 433 461 2061 1319 5855 1264 185 133
internal_count=30585 9600 20985 3840 5760 7013 2176 1901 1717 1849 3390 3623 3859 13972 1664 1160 1176 2699 2726 897 997 1725 459 3201 10771 541 3087 1005 1032 303 964 960 128 1678 875 221 667 2082 52 2855 1048 227 206 1735 124 2722 232 2583 7916 618 82 433 461 2061 1319 5855 1264 185 133
is_linear=0
shrinkage=0.05


Tree=20
num_leaves=53
num_cat=0
split_feature=10 10 9 10 10 9 6 6 6 8 8 10 6 6 10 9 6 14 10 15 15 15 14 4 22 6 10 6 23 15 6 15 5 1 10 6 3 1 26 6 26 15 15 3 23 1 10 1 15 7 15 14
split_gain=1.49749e+09 2.18829e+08 1.64072e+08 5.11615e+07 2.63602e+07 2.12321e+07 1.66403e+07 1.58033e+07 1.29109e+07 1.10078e+07 8.7535e+06 8.14764e+06 7.81601e+06 7.503e+06 7.25888e+06 7.10372e+06 6.90644e+06 5.77731e+06 5.41134e+06 4.9327e+06 4.69571e+06 4.66463e+06 4.65655e+06 4.62215e+06 4.55768e+06 4.51912e+06 4.1418e+06 3.89115e+06 3.75233e+06 3.40876e+06 3.35661e+06 3.09382e+06 3.02915e+06 2.95501e+06 2.76368e+06 2.64265e+06 2.44494e+06 2.23362e+06 1.98539e+06 1.89068e+06 1.8475e+06 1.82836e+06 1.61005e+06 1.55829e+06 1.4127e+06 1.41172e+06 1.40955e+06 1.35686e+06 1.28004e+06 993470 920740 735334
threshold=1397.3956482188705 822.62264923049884 2507.049509271968 1940.014878896319 543.68993134195205 1274.0841273047001 33561.394166666672 25860.555000000004 27999.430833333336 1860.6573161070698 3005.0980100075335 2289.661802668134 28264.799166666671 22662.251666666671 2665.9354191262587 3005.0980100075335 33849.631666666675 -0.5 1173.6769452678893 -0.37940952255126009 -0.9159756150367534 -0.60355339059327384 -0.70710678118654735 0.48920102747341815 1.0000000180025095e-35 35093.708333333343 2228.4778661858099 27102.58666666667 9.089140500000001 0.78656609248549303 29244.441666666669 -0.12940952255126034 -377.50000000000006 0.22920403930075578 2289.661802668134 30804.060833333337 1.2524231056641475 0.11573843638251087 14.636050000000003 27038.795000000002 18.216350000000002 -0.5 -0.70710678118654757 1.1177695065423288 8.9836310000000008 0.069740605743434811 454.45907452993941 0.17016939900540015 -0.37940952255126009 242.33534189160753 -0.9159756150367534 -0.78656609248549292
decision_type=2 2 2 2 2 2 2 2 2 2 2 2 2 2 2 2 2 2 2 2 2 2 2 2 2 2 2 2 2 2 2 2 2 2 2 2 2 2 2 2 2 2 2 2 2 2 2 2 2 2 2 2
left_child=1 4 3 8 12 16 11 34 19 24 26 20 23 43 22 30 18 36 21 39 -5 -3 -8 49 -10 32 29 -13 45 -9 -15 -11 -19 -21 -4 -28 48 51 46 -2 -16 -25 -39 -7 -27 -18 -14 -20 -6 -1 -30 -12
right_child=2 5 7 6 17 13 14 10 9 31 37 27 38 15 40 -17 28 25 47 33 -22 -23 -24 41 -26 44 35 -29 50 -31 -32 -33 -34 -35 -36 -37 -38 42 -40 -41 -42 -43 -44 -45 -46 -47 -48 -49 -50 -51 -52 -53
leaf_value=-15.694547627510282 -16.634157593671013 -9.6330539989055097 -7.2354853500638701 -6.7708122441917657 -6.2267867218903534 -19.366706360325669 28.53375672104502 26.893003397377171 16.490203662191927 13.622430545198862 41.787700771250627 13.695032564597106 -10.47154997773425 1.4949907600911629 45.743644074891748 33.167902623414996 5.2581404051373219 -18.078293384729431 2.8209236179238775 7.2256983948402027 13.01206149350714 -2.5721297529670926 20.852093402662806 -14.234878245390664 9.2960016184044214 5.3432956912782466 25.234746532120159 22.369421765877728 -4.5327520490303099 10.213112277984619 6.7836553439734075 19.566079069753613 -8.3686012750872276 -3.4562600438014877 15.90700048983097 33.071273171605291 10.607158735990524 17.285599920853326 1.3584332864284516 0.1612692586113425 31.127899022126442 -11.233398890657643 33.553585314470176 -2.5037119110107424 -4.8018798247790464 1.6912204520523617 -9.1620901778161237 -6.1568836423625122 -2.4420560879326416 -22.014996688215039 -0.17420700147019494 36.129964290161929
leaf_weight=544 33 271 27 31 300 32 282 391 252 427 234 185 4964 372 37 23 568 85 501 537 593 1682 759 644 1821 35 148 486 165 35 1564 482 1444 73 23 739 31 22 39 33 98 2760 101 24 827 544 3676 45 878 78 449 191
leaf_count=544 33 271 27 31 300 32 282 391 252 427 234 185 4964 372 37 23 568 85 501 537 593 1682 759 644 1821 35 148 486 165 35 1564 482 1444 73 23 739 31 22 39 33 98 2760 101 24 827 544 3676 45 878 78 449 191
internal_value=0.0118944 -6.59509 18.5371 14.5445 -9.64234 1.36756 20.1037 31.3278 10.7848 12.1992 32.0728 16.168 -10.7127 5.58948 24.4202 6.10719 -0.646814 -5.86292 -2.32648 4.53704 12.02 -3.55634 22.9584 -12.5378 10.1781 -7.28719 29.7888 20.0018 1.78504 25.5497 5.76874 16.7921 -8.91985 5.94379 3.51313 31.7936 -3.04248 37.4811 -9.86474 -8.3593 35.4406 -11.8053 30.8068 -12.3105 -4.38423 3.51626 -9.91555 2.07108 -3.41038 -16.5212 -1.35095 39.3358
internal_weight=30585 22545 8040 6129 16305 6240 2471 1911 3658 2982 1861 1295 12705 2015 1176 1959 4225 3600 2499 676 624 1953 1041 4026 2073 2391 1313 671 1726 426 1936 909 1529 610 50 887 1209 548 8679 66 135 3404 123 56 862 1112 8640 546 1178 622 614 425
internal_count=30585 22545 8040 6129 16305 6240 2471 1911 3658 2982 1861 1295 12705 2015 1176 1959 4225 3600 2499 676 624 1953 1041 4026 2073 2391 1313 671 1726 426 1936 909 1529 610 50 887 1209 548 8679 66 135 3404 123 56 862 1112 8640 546 1178 622 614 425
is_linear=0
shrinkage=0.05


Tree=21
num_leaves=59
num_cat=0
split_feature=10 9 10 10 10 9 2 10 12 10 9 11 14 15 14 1 14 9 1 1 11 15 12 15 9 15 14 8 3 9 10 10 11 1 22 11 9 11 12 1 16 11 10 8 19 26 8 10 11 9 8 23 4 7 2 1 1 22
split_gain=1.35266e+09 2.06041e+08 1.30235e+08 4.83844e+07 3.41379e+07 2.16234e+07 1.79014e+07 1.03994e+07 1.02259e+07 9.58467e+06 9.49636e+06 8.82169e+06 7.53122e+06 7.34689e+06 6.87774e+06 6.8098e+06 6.70311e+06 6.39846e+06 5.81453e+06 5.42002e+06 9.13069e+06 5.08334e+06 4.65133e+06 6.69122e+06 4.14031e+06 3.6723e+06 3.35077e+06 3.24617e+06 3.07874e+06 2.91291e+06 2.90361e+06 2.82828e+06 2.68113e+06 5.61546e+06 2.63019e+06 4.61006e+06 2.99575e+06 2.60523e+06 2.53998e+06 2.32707e+06 2.22074e+06 2.18246e+06 1.98727e+06 1.96049e+06 1.74328e+06 1.61378e+06 1.51624e+06 1.51503e+06 1.82064e+06 1.21011e+06 1.19958e+06 1.12007e+06 1.03382e+06 912152 902064 770254 569652 470642
threshold=1203.7994076510533 1950.5840221573269 684.59061149821753 2228.4778661858099 1677.7554946954856 910.35760903550988 0.54161340143209025 2438.4874958489418 32950.500000000007 414.99062941339594 2475.030458788719 866.73822657055348 -0.70710678118654735 -0.37940952255126009 -0.70710678118654735 0.17475777883368729 -0.5 540.38965734328144 0.16623843604882318 0.21364731160036707 709.18839906504832 -0.9829629131445341 37360.500000000007 -0.60355339059327384 1769.3285804849877 0.78656609248549303 -0.25881904510252113 2131.9594740145162 1.3195313531332287 221.66253622007531 933.38103525368763 232.86589403628523 520.41605753204374 0.090513131075907902 5.5000000000000009 212.21842032167106 133.87200642658311 325.07324323628023 31693.500000000004 0.07141723274075211 -1.0000000180025095e-35 311.58822615612172 2739.3066488678764 1257.8883593046228 -0.24999999999999994 18.595050000000004 469.58325007926953 933.38103525368763 325.07324323628023 334.64655364192191 1420.263053060253 9.2080560000000009 2.0942531922245533 709.52667636726585 0.65146705844198272 0.074347724142009977 0.05466276440019726 5.5000000000000009
decision_type=2 2 2 2 2 2 2 2 2 2 2 2 2 2 2 2 2 2 2 2 2 2 2 2 2 2 2 2 2 2 2 2 2 2 2 2 2 2 2 2 2 2 2 2 2 2 2 2 2 2 2 2 2 2 2 2 2 2
left_child=2 4 9 8 22 26 15 11 13 31 27 16 42 -3 28 44 -6 37 -15 20 -16 -14 23 29 43 -12 47 -10 39 -2 -21 52 53 -34 36 -36 -28 46 -25 -7 -13 50 -8 -19 -5 -30 -11 48 -4 57 -24 -43 55 -9 -49 -1 -51 -33
right_child=1 3 5 6 7 14 12 32 10 17 25 40 21 18 19 -17 -18 24 -20 30 -22 -23 41 38 -26 -27 34 -29 45 -31 -32 49 33 -35 35 -37 -38 -39 -40 -41 -42 51 -44 -45 -46 -47 -48 54 -50 56 -52 -53 -54 -55 -56 -57 -58 -59
leaf_value=-12.699491232311916 12.992912893295287 -13.178285220753063 -2.4023054303181262 7.3396765076546444 18.667859483273208 6.3682480745910164 34.542421814945008 23.041115840430283 15.352636070866803 -10.07157004325321 26.277454758991439 -16.051834828694663 14.16446942021107 16.917306579503148 -0.064945113145052066 -3.504558817659106 11.534552956628236 -6.6342697984722712 -1.580073949715187 -24.03753804062352 24.993954831716181 29.912908207115478 5.6812794111952405 3.2258982766173405 16.028886736915222 6.3405368812267602 14.37143814086914 21.849859809433475 21.191347092043969 -5.3760202649317756 -5.1485180215856863 -12.314194456219674 24.820226776531769 3.5055807700491792 -4.6667966571583674 -15.285781002158892 -4.6451284617496098 -23.478413422528433 7.3556400016547761 1.394192366968888 2.8097202913688895 19.636024332393305 42.375420574309338 5.7395482256918244 22.906672006819598 8.452825058453703 -8.7674400014844611 0.18759313731940824 -14.222484160030589 -9.400514241686734 8.8597099592783497 10.293037663658898 -6.2555332129100965 32.344643414497376 8.1711910895414128 -17.5986048148694 -11.363220049797718 -15.056515699486177
leaf_weight=125 23 32 813 20 412 413 539 200 782 5341 497 29 57 164 2073 27 1708 1468 57 32 36 941 567 707 20 25 20 266 30 217 55 639 69 56 267 166 1849 33 792 546 32 54 125 32 428 145 3983 200 33 549 645 90 29 39 42 330 1468 248
leaf_count=125 23 32 813 20 412 413 539 200 782 5341 497 29 57 164 2073 27 1708 1468 57 32 36 941 567 707 20 25 20 266 30 217 55 639 69 56 267 166 1849 33 792 546 32 54 125 32 428 145 3983 200 33 549 645 90 29 39 42 330 1468 248
internal_value=0.0118695 15.5573 -7.10008 24.2983 9.41671 -1.36087 29.4082 13.7061 18.2954 -9.80343 19.8002 12.3893 31.8651 8.91661 1.50065 20.7625 12.929 -9.07794 12.1608 -0.132672 0.374443 29.0285 5.88625 4.17059 -6.06162 25.3366 -4.17136 17.021 4.66091 -3.56904 -12.2905 -12.1292 21.5405 15.3749 -5.2519 -8.76367 -4.43405 -9.56722 5.41131 3.54071 -6.27144 8.0818 36.0785 -6.36664 22.2296 10.7446 -9.51548 -1.88243 -2.87963 -11.5294 7.37868 13.908 -15.6968 24.6877 1.60112 -16.2835 -10.8339 -13.097
internal_weight=30585 9600 20985 3960 5640 6720 2137 2545 1823 14265 1570 2181 1662 253 3330 475 2120 10877 221 2196 2109 998 3095 1739 1520 522 3390 1048 1134 240 87 3388 364 125 2302 433 1869 9357 1499 959 61 1356 664 1500 448 175 9324 1088 846 2904 1212 144 484 239 242 455 2017 887
internal_count=30585 9600 20985 3960 5640 6720 2137 2545 1823 14265 1570 2181 1662 253 3330 475 2120 10877 221 2196 2109 998 3095 1739 1520 522 3390 1048 1134 240 87 3388 364 125 2302 433 1869 9357 1499 959 61 1356 664 1500 448 175 9324 1088 846 2904 1212 144 484 239 242 455 2017 887
is_linear=0
shrinkage=0.05


Tree=22
num_leaves=52
num_cat=0
split_feature=8 9 9 8 9 8 9 6 8 9 1 22 6 6 8 6 8 11 8 15 8 1 1 11 1 11 8 14 9 4 1 23 6 4 6 11 15 15 6 13 17 6 7 0 4 15 11 11 15 11 11
split_gain=1.15824e+09 1.70417e+08 1.59491e+08 3.82014e+07 2.52864e+07 2.40944e+07 2.0508e+07 1.4734e+07 1.29495e+07 1.12832e+07 1.01738e+07 9.89665e+06 6.70333e+06 6.51414e+06 5.77305e+06 5.35441e+06 5.20612e+06 5.13485e+06 5.0043e+06 4.78299e+06 4.40391e+06 3.49049e+06 3.48577e+06 3.37525e+06 3.02572e+06 4.81971e+06 2.97842e+06 2.96625e+06 2.85211e+06 2.81017e+06 2.54641e+06 2.22167e+06 2.10907e+06 2.08312e+06 2.08024e+06 2.06282e+06 1.81032e+06 1.78053e+06 2.44433e+06 1.61011e+06 1.4828e+06 1.42324e+06 1.28791e+06 1.20968e+06 1.15424e+06 1.08106e+06 900670 748503 580590 366493 300754
threshold=1329.1249317153095 1950.5840221573269 691.30499012125676 2626.1050338120644 2803.4179486041867 1658.6664974867074 1049.3359823433866 22662.251666666671 503.47563956699781 2507.049509271968 0.18311622431001986 1.5000000000000002 25860.555000000004 26644.033333333336 339.53950371850311 39840.536666666674 2536.291659429196 709.18839906504832 918.90674303651838 1.0000000180025095e-35 3050.8705243132035 0.1969881678844059 0.068051304740325322 360.44349352172293 0.17248759455961213 497.39075132390343 918.90674303651838 -0.70710678118654735 1426.8210489660182 1.0923078343199639 0.092407992926232821 7.8633765000000002 23165.886666666669 1.0000057814609684 22031.844166666669 408.82633411873377 -0.37940952255126009 -0.12940952255126034 28884.805000000004 32086.590000000004 0.81174490092936691 33201.045833333344 777.36461542940708 0.28385721731658087 1.1997576838897079 -0.37940952255126009 497.39075132390343 152.70436980430514 -0.5 73.03432169948897 99.536053447953677
decision_type=2 2 2 2 2 2 2 2 2 2 2 2 2 2 2 2 2 2 2 2 2 2 2 2 2 2 2 2 2 2 2 2 2 2 2 2 2 2 2 2 2 2 2 2 2 2 2 2 2 2 2
left_child=2 5 8 9 6 17 18 33 14 15 16 -9 -5 31 34 21 19 24 30 -7 22 -3 -14 -17 29 -26 43 -18 46 -2 -4 -11 -20 -8 50 -15 -22 38 -28 -30 -36 48 -6 47 -39 -45 -12 -10 -16 -43 -1
right_child=1 3 4 12 42 10 7 11 26 13 28 -13 20 35 41 23 27 -19 32 -21 36 -23 -24 -25 25 -27 37 -29 39 -31 -32 -33 -34 -35 40 -37 -38 44 -40 -41 -42 49 -44 45 -46 -47 -48 -49 -50 -51 -52
leaf_value=-12.168874487003812 6.0421706866813913 16.362469067185611 -2.5331075228254627 1.0508279309953961 24.837687790210431 10.439288144933435 -18.977323493223928 7.1210846918466446 -3.7692044500143904 -5.3142937668510113 -0.78010669753665018 1.2321094569486668 31.168914911108086 22.177476124282236 -10.867990134407592 19.467081583047289 36.814930077914539 -16.980320208072662 -13.034102831522624 15.498632955201106 29.97286120947572 3.849028499444326 24.670189036644505 32.257052439394457 4.1254480431486389 -14.379961061931793 -13.511443199107521 19.044236765600449 -5.8550068972660947 10.575595890551662 -5.6553234441784017 16.727955495585565 0.39194253386950306 -5.6654423834323886 -12.44956405622372 28.138593393424145 36.639927669464598 0.41891083525860406 -0.99283916636466985 8.1052210921966132 -8.9509341909896296 -8.7605507411708867 43.079216396190503 -8.3114870654195876 11.993537261669452 -6.0940910927989496 -14.713827852521625 6.3189056574446818 -9.5653958859489485 -7.2074644859511698 -16.302818122279163
leaf_weight=70 1946 1285 1582 20 25 865 77 1160 151 22 20 1852 458 269 1126 159 28 23 29 1046 214 59 440 83 216 41 56 178 25 417 1115 22 1170 49 1103 416 314 126 124 103 437 3615 26 897 25 1483 27 20 4787 462 322
leaf_count=70 1946 1285 1582 20 25 865 77 1160 151 22 20 1852 458 269 1126 159 28 23 29 1046 214 59 440 83 216 41 56 178 25 417 1115 22 1170 49 1103 416 314 126 124 103 437 3615 26 897 25 1483 27 20 4787 462 322
internal_value=0.0117434 15.4479 -6.12112 23.4651 0.0483743 9.33445 -0.208406 2.79935 -9.07356 19.4653 13.0861 3.50172 29.8507 24.6359 -9.80099 17.0746 14.0435 6.07732 -2.63108 13.2152 30.2536 15.8164 28.0157 23.9684 6.28614 1.12891 -6.06202 21.6259 1.4905 6.84632 -3.82552 5.83354 0.0566139 -13.8859 -12.3097 25.8334 33.9995 -1.59403 -4.94067 5.35432 -11.4632 -9.31464 34.787 -6.6409 2.40157 -6.93295 -8.92447 -2.5594 -9.81524 -8.58637 -15.5975
internal_weight=30585 8696 21889 3761 7085 4935 7034 3138 14804 2315 2292 3012 1446 729 11922 1586 2117 2643 3896 1911 1426 1344 898 242 2620 257 2882 206 175 2363 2697 44 1199 126 1932 685 528 331 180 128 1540 9990 51 2551 151 2380 47 171 5913 4077 392
internal_count=30585 8696 21889 3761 7085 4935 7034 3138 14804 2315 2292 3012 1446 729 11922 1586 2117 2643 3896 1911 1426 1344 898 242 2620 257 2882 206 175 2363 2697 44 1199 126 1932 685 528 331 180 128 1540 9990 51 2551 151 2380 47 171 5913 4077 392
is_linear=0
shrinkage=0.05


Tree=23
num_leaves=59
num_cat=0
split_feature=9 9 3 3 9 3 6 1 4 9 1 3 9 6 6 7 21 6 15 23 7 9 15 15 7 3 21 0 14 1 9 4 17 6 15 4 26 0 3 15 23 12 22 15 22 7 26 19 4 0 6 26 15 1 26 3 1 1
split_gain=1.04054e+09 1.5351e+08 1.45201e+08 3.28445e+07 2.73609e+07 2.17987e+07 1.70116e+07 1.53581e+07 9.6639e+06 9.25971e+06 8.75123e+06 1.00879e+07 8.47961e+06 7.72448e+06 6.4956e+06 6.35932e+06 5.42442e+06 4.76848e+06 4.76068e+06 5.47702e+06 4.73278e+06 4.65599e+06 4.39429e+06 4.22007e+06 4.12705e+06 4.06831e+06 4.05277e+06 3.76806e+06 3.60968e+06 2.98623e+06 2.97989e+06 2.91304e+06 2.88031e+06 2.72876e+06 2.53448e+06 2.46768e+06 2.23643e+06 2.10946e+06 1.944e+06 1.88785e+06 1.77405e+06 1.76313e+06 1.65501e+06 3.36787e+06 1.65401e+06 1.57952e+06 1.52944e+06 1.48239e+06 1.43879e+06 1.24944e+06 1.03202e+06 910094 787914 711454 553015 1.02112e+06 410699 336871
threshold=1329.1249317153095 2084.4454757204603 0.58230566924780902 1.5073565678197205 2803.4179486041867 0.90598827827926787 23768.352500000005 0.11658082995994952 0.6389237073319759 481.44663607983904 0.17248759455961213 1.4297969607747862 1699.6209308463654 29122.735000000004 25324.271666666671 375.23001420982661 1.0000000180025095e-35 25756.317500000001 -0.37940952255126009 9.8499385000000022 380.05603431913977 910.35760903550988 -0.37940952255126009 -0.78656609248549325 412.65580852970925 2.1325599351779121 1.0000000180025095e-35 0.4874192119834645 -0.37940952255126059 0.1199493963633096 811.56075938547838 0.75711887874488248 0.81174490092936691 43581.45416666667 -0.12940952255126034 0.54723555043623129 19.166 0.45924321943375285 0.29361938440719521 0.60355339059327384 7.7504735000000009 43787.500000000007 5.5000000000000009 -0.37940952255126009 1.5000000000000002 739.3636290339058 18.611300000000004 -0.5 1.1320004400029335 0.47922952996817814 32590.930833333336 18.852700000000002 -0.12940952255126034 0.056256926384208268 8.6588500000000028 0.3872490521371495 0.038369234764303935 0.07815191598035949
decision_type=2 2 2 2 2 2 2 2 2 2 2 2 2 2 2 2 2 2 2 2 2 2 2 2 2 2 2 2 2 2 2 2 2 2 2 2 2 2 2 2 2 2 2 2 2 2 2 2 2 2 2 2 2 2 2 2 2 2
left_child=2 3 9 6 7 21 18 20 49 17 11 31 16 34 46 41 -8 35 -2 -20 33 42 -13 45 50 -17 -14 -10 -22 36 54 -7 38 -3 -6 56 -23 44 -32 -25 -36 -16 48 -44 -12 -15 -5 -39 -4 -9 -19 -31 -37 -34 57 -56 -1 -11
right_child=1 4 5 14 13 10 12 8 27 30 37 22 26 23 15 25 -18 24 19 -21 28 29 -24 39 -26 -27 -28 -29 -30 51 32 -33 53 -35 40 52 -38 47 -40 -41 -42 -43 43 -45 -46 -47 -48 -49 -50 -51 -52 -53 -54 -55 55 -57 -58 -59
leaf_value=-11.386539155336528 -26.875689081464493 18.464173179848579 -3.421627251582315 -7.1402868576049805 -0.57413154767907182 -2.8679429572268766 6.462245542010745 -0.079231721723780915 16.36108191922062 -7.1584131906596626 7.2759824525987788 4.4900942342204431 12.154194169191273 21.305900611571449 12.590662105638483 17.745781890967457 -5.673720582400759 -9.5455800330378633 -8.6583336075384221 15.674002166986467 29.103555125951768 3.4376759519402675 15.241691557266732 32.426743616306787 12.708689785870639 27.582392464428082 0.10227792539094625 3.7302999996793442 22.040260730060275 -2.1598789679962729 -17.089440445398029 3.2164001905464952 4.4165562912426806 36.836714879816235 10.579300796845381 -12.432855131961256 -1.446394668132831 -1.1494460408440952 -5.0879162970359513 25.816785685343621 27.772696677994347 20.316705091925229 -10.452387218325708 -2.3604683843838363 -5.1536997401345639 32.988523328781127 7.7495302766912122 -14.518007197409142 0.3815222689088158 -14.73759963769179 -8.3914035275244974 -7.5219277908151811 -9.9150955724052565 -1.2536506955774434 -11.92152434742812 -5.33036191446649 -15.796333976370304 -8.2623560987472526
leaf_weight=77 27 657 2092 34 22 215 2407 33 485 1918 36 154 1000 186 798 484 95 4751 133 27 319 587 252 799 21 140 75 68 487 287 37 2228 82 21 33 497 389 28 324 155 30 84 238 280 96 39 33 81 282 25 3448 109 969 165 65 612 370 1199
leaf_count=77 27 657 2092 34 22 215 2407 33 485 1918 36 154 1000 186 798 484 95 4751 133 27 319 587 252 799 21 140 75 68 487 287 37 2228 82 21 33 497 389 28 324 155 30 84 238 280 96 39 33 81 282 25 3448 109 969 165 65 612 370 1199
internal_value=0.0115579 14.6424 -5.80133 9.36923 23.0154 -0.0760891 6.83046 19.4903 12.7827 -8.69782 3.12115 3.89544 7.59937 28.838 15.436 16.1133 5.99936 -9.53037 -7.8397 -4.48037 22.2415 -2.39323 11.1846 29.892 -9.00413 19.9933 11.3142 14.8175 24.8684 0.00567177 -6.77962 2.67998 -3.52136 19.0867 14.0401 -11.7857 1.49156 -6.01038 -6.36181 31.381 19.0727 13.3487 -3.53091 -6.09136 -1.73453 23.4679 0.199544 -11.1256 -2.96989 -6.54028 -9.06129 -3.65104 -10.7766 0.638964 -7.3007 -5.97985 -15.0638 -7.58558
internal_weight=30585 8696 21889 5337 3359 7354 3764 2095 611 14535 3090 2849 3577 1264 1573 1506 2502 10133 187 160 1484 4264 406 1179 8220 624 1075 553 806 1372 4402 2443 608 678 85 1913 976 241 361 954 63 882 2892 518 132 225 67 109 2374 58 8199 396 1466 247 3794 677 447 3117
internal_count=30585 8696 21889 5337 3359 7354 3764 2095 611 14535 3090 2849 3577 1264 1573 1506 2502 10133 187 160 1484 4264 406 1179 8220 624 1075 553 806 1372 4402 2443 608 678 85 1913 976 241 361 954 63 882 2892 518 132 225 67 109 2374 58 8199 396 1466 247 3794 677 447 3117
is_linear=0
shrinkage=0.05


Tree=24
num_leaves=53
num_cat=0
split_feature=8 9 9 8 8 9 9 9 6 9 8 6 6 11 6 6 3 8 22 3 11 4 8 8 6 8 4 17 6 17 8 9 16 12 14 23 6 16 22 9 11 23 17 4 11 11 9 8 11 6 5 16
split_gain=9.47002e+08 1.74188e+08 9.895e+07 3.74864e+07 2.10574e+07 1.88195e+07 1.2966e+07 1.09413e+07 1.04192e+07 9.66214e+06 7.02728e+06 6.91145e+06 6.54683e+06 6.05427e+06 5.86172e+06 4.39528e+06 4.63302e+06 4.29696e+06 4.19386e+06 4.1906e+06 4.15788e+06 4.11556e+06 3.57011e+06 2.98946e+06 2.7706e+06 2.71666e+06 2.66597e+06 2.63047e+06 2.45936e+06 2.40815e+06 2.50283e+06 2.36725e+06 1.97331e+06 1.89382e+06 1.82358e+06 1.81887e+06 1.51266e+06 1.46675e+06 1.2455e+06 2.3533e+06 2.01905e+06 1.18003e+06 952671 1.30772e+06 931038 864991 858052 579358 417179 359269 194779 150144
threshold=1249.0823035081685 1873.4163097475914 598.93948057395687 2626.1050338120644 1679.8958772287044 1049.3359823433866 2803.4179486041867 2507.049509271968 25220.020000000004 1420.263053060253 431.32321617327807 26221.600000000002 25860.555000000004 777.22274205627548 39613.970000000008 25433.005000000005 1.9359241252115558 815.98044770064791 5.5000000000000009 2.5791342372321999 360.44349352172293 0.10055000000000001 2055.8953207150594 520.53403998596036 22031.844166666669 2345.2743751583434 0.95787064569029223 0.81174490092936691 36343.611666666671 0.81174490092936691 471.42675223075429 1426.8210489660182 -0.60785761079279388 27191.500000000004 -0.78656609248549292 7.6432585000000008 21696.998333333337 -0.8783796973249266 5.5000000000000009 133.87200642658311 338.3537910039542 8.6108230000000017 0.81174490092936691 0.65383487224128378 668.06494927022538 132.12150365067538 28.63519445162547 478.45318210849354 109.34015893840511 34589.018333333341 74.999999999999986 -0.60785761079279388
decision_type=2 2 2 2 2 2 2 2 2 2 2 2 2 2 2 2 2 2 2 2 2 2 2 2 2 2 2 2 2 2 2 2 2 2 2 2 2 2 2 2 2 2 2 2 2 2 2 2 2 2 2 2
left_child=2 4 10 7 13 17 8 14 21 -10 24 35 -5 26 22 25 18 29 -17 28 -16 -7 -3 47 48 33 32 -13 -14 30 -4 -28 -2 -6 -18 -9 -19 -21 39 -25 -40 -38 43 -26 -27 -31 -44 49 -1 -12 -50 -49
right_child=1 3 5 12 15 6 -8 11 9 -11 23 27 19 -15 20 16 34 36 -20 37 -22 -23 -24 38 42 44 31 -29 -30 45 -32 -33 -34 -35 -36 -37 41 -39 40 -41 -42 -43 46 -45 -46 -47 -48 51 50 -51 -52 -53
leaf_value=-11.399166077620148 -4.2010838975946783 11.928715275272562 -13.066805378176134 -0.16547323807426123 17.390366603966914 -16.839504923330594 30.763212340354922 -7.7196580678766429 1.1859685841948311 8.8732513224097342 -8.7119997221464782 21.524078877970741 23.257389843824349 -17.945353610597806 17.179976782251437 12.199925093239345 29.792930445671086 -13.583428372603198 5.2160499168611931 23.974603783929894 29.730962319929628 -3.2610265971268855 16.673583874715565 8.8805439716974899 -12.891884925902202 0.61581640763716261 4.5115711761029171 28.925026347455926 28.144679876120406 -4.3715734049754262 -5.0877032326653087 7.3610394609163041 3.371310850494313 2.8083136903735957 16.574118849214695 12.404676434060802 -0.30513226540090194 34.148919156678161 -6.9222126199682057 -5.3207841960480664 -18.393582416014237 -2.5189062764650041 1.9495116935457504 -9.6979270332580487 -13.636676220703123 0.29158862139311709 -8.4410165961545793 -8.1191151267815354 -15.38377506629428 -7.8279679867223253 -10.937485603472082 -7.2454557280953074
leaf_weight=150 117 996 105 22 32 72 39 21 1440 570 3448 541 548 28 207 1210 31 25 264 54 102 240 681 29 381 21 2110 170 593 155 1449 1121 317 70 223 22 1160 266 333 1245 43 1251 20 2453 24 274 843 782 280 1934 40 2033
leaf_count=150 117 996 105 22 32 72 39 21 1440 570 3448 541 548 28 207 1210 31 25 264 54 102 240 681 29 381 21 2110 170 593 155 1449 1121 317 70 223 22 1160 266 333 1245 43 1251 20 2453 24 274 843 782 280 1934 40 2033
internal_value=0.0113243 12.8323 -6.02584 20.4892 7.02231 -1.06683 2.53639 17.0112 2.04925 3.36928 -8.42478 22.1559 26.8995 4.82917 15.0478 11.337 12.043 -2.99211 10.9535 27.3069 21.4056 -6.43833 13.8643 -7.69435 -10.1486 3.01289 5.00801 23.3318 25.8198 -4.71978 -5.63489 5.50217 1.32493 7.50755 18.298 2.62432 -1.58437 32.5121 -5.74477 -4.9908 -8.27942 -1.45437 -9.68272 -10.1317 -7.11661 -1.39947 -8.19823 -8.08604 -13.7846 -8.39584 -14.8638 -7.49095
internal_weight=30585 9791 20794 4223 5568 6780 2361 2740 2322 2010 14014 754 1483 3693 1986 1875 1728 4419 1474 1461 309 312 1677 9847 4167 147 3665 711 1141 1983 1554 3231 434 102 254 43 2436 320 1650 1274 376 2411 3697 2834 45 429 863 8197 470 5382 320 2815
internal_count=30585 9791 20794 4223 5568 6780 2361 2740 2322 2010 14014 754 1483 3693 1986 1875 1728 4419 1474 1461 309 312 1677 9847 4167 147 3665 711 1141 1983 1554 3231 434 102 254 43 2436 320 1650 1274 376 2411 3697 2834 45 429 863 8197 470 5382 320 2815
is_linear=0
shrinkage=0.05


Tree=25
num_leaves=56
num_cat=0
split_feature=8 9 9 8 9 8 8 9 8 17 6 9 6 15 6 6 6 8 9 6 6 7 8 11 11 6 11 7 18 11 9 21 8 0 11 4 7 4 11 15 6 24 13 15 16 5 11 6 15 15 9 6 11 15 6
split_gain=8.55116e+08 1.25539e+08 1.1701e+08 3.32578e+07 1.93061e+07 1.40629e+07 1.38764e+07 9.74186e+06 9.49271e+06 8.82252e+06 6.0158e+06 7.80826e+06 5.91039e+06 5.42787e+06 1.09157e+07 4.90145e+06 4.86368e+06 4.30186e+06 4.28088e+06 4.08217e+06 3.94937e+06 4.21336e+06 3.88557e+06 3.85415e+06 3.60893e+06 3.57587e+06 3.44448e+06 3.2948e+06 3.17605e+06 3.15541e+06 3.10656e+06 2.88968e+06 2.78963e+06 2.59508e+06 2.5455e+06 2.5233e+06 3.21159e+06 2.19088e+06 1.85274e+06 1.84026e+06 2.46468e+06 1.82536e+06 1.73645e+06 1.72165e+06 1.49806e+06 1.49556e+06 1.37299e+06 1.30547e+06 881871 865859 650945 546360 790046 598785 299530
threshold=1329.1249317153095 1873.4163097475914 691.30499012125676 2626.1050338120644 2019.4196213484609 1786.1298771869133 918.90674303651838 2507.049509271968 492.24263212484863 0.81174490092936691 25220.020000000004 1420.263053060253 25860.555000000004 -0.37940952255126009 29510.860000000004 26644.033333333336 39613.970000000008 304.3907199453833 3005.0980100075335 36595.937500000007 25433.005000000005 488.33529821735692 3050.8705243132035 709.18839906504832 866.73822657055348 37978.630833333336 360.44349352172293 777.36461542940708 -0.5 316.11610342264345 1420.263053060253 1.0000000180025095e-35 799.63361735704586 0.44072558017973784 544.86233109898774 0.78357646691414862 380.05603431913977 0.39550427423027895 408.82633411873377 -0.12940952255126034 28884.805000000004 10.249527000000002 30933.550000000003 -0.37940952255126009 -0.60785761079279388 50.295000000000023 390.10552129938475 29315.593333333338 -0.12940952255126034 -0.37940952255126009 447.46087021963478 39613.970000000008 127.4996365008483 0.1294095225512602 36036.051666666674
decision_type=2 2 2 2 2 2 2 2 2 2 2 2 2 2 2 2 2 2 2 2 2 2 2 2 2 2 2 2 2 2 2 2 2 2 2 2 2 2 2 2 2 2 2 2 2 2 2 2 2 2 2 2 2 2 2
left_child=2 5 8 7 6 23 10 16 17 24 37 -12 -5 14 34 41 27 44 33 30 42 -22 31 35 28 -16 -18 -3 -6 -21 -8 -14 51 -11 -7 46 -37 -4 -17 40 -34 -9 -15 -24 48 -41 -2 49 -1 -19 -46 53 -53 -10 -49
right_child=1 3 4 12 9 13 19 15 32 18 11 -13 22 20 25 38 26 47 -20 29 21 -23 43 -25 -26 -27 -28 -29 -30 -31 -32 -33 39 -35 -36 36 -38 -39 -40 45 -42 -43 -44 -45 50 -47 -48 54 -50 -51 -52 52 -54 -55 -56
leaf_value=-15.976749006348687 2.7111457445202292 12.829618254738987 -14.944081855003652 -0.15755921737007475 22.05743761128393 1.6381235926860089 -0.097034144137209594 14.730646864020308 -7.1847331237653949 21.814566535949709 -2.5967587033754023 7.8100560862943542 24.362765983245112 1.8862133084535602 6.7341387125088366 18.766754682399608 16.325107722423539 -10.46565193562404 41.117513191516593 3.9207069686458236 13.180093217828706 22.024650478470797 25.623594384520022 -13.628857123668377 -11.209644868912235 15.336137444487523 27.84108563078512 25.636356974907642 0.99353831052780162 17.939880884715489 4.8458070526564976 6.7996954375046954 -12.240496165621414 2.1017083220048387 -15.615969617916988 5.5721349800076325 11.159842368778257 -6.2676845044648566 24.358256386841518 -2.4616156984638113 -2.9662262779230977 -5.2397075702833096 17.898413077763148 31.928464216053488 -10.871325249840154 4.7151397313269889 -6.6441424793243407 -7.9448457550096423 -10.666497865068742 -8.5060981615804465 -7.729752936653469 -5.4133609917310368 1.7222866069316867 -5.6383947474075784 -7.1756803058408636
leaf_weight=221 181 1591 103 22 28 36 1971 22 1371 85 2952 191 899 89 273 269 207 735 25 960 617 176 218 25 30 220 100 52 47 41 378 25 90 21 51 2510 287 253 416 202 342 22 20 319 736 112 49 4367 137 2837 229 178 49 1211 1987
leaf_count=221 181 1591 103 22 28 36 1971 22 1371 85 2952 191 899 89 273 269 207 735 25 960 617 176 218 25 30 220 100 52 47 41 378 25 90 21 51 2510 287 253 416 202 342 22 20 319 736 112 49 4367 137 2837 229 178 49 1211 1987
internal_value=0.0110289 13.2743 -5.25855 19.5441 0.0258012 7.51596 -0.459618 16.2066 -7.7874 14.0558 -2.66139 -1.96205 25.5582 11.512 7.71605 21.1544 14.347 -8.49958 22.6618 1.84019 13.9416 15.1683 25.9453 5.5724 3.20619 10.596 20.1545 13.2503 9.04422 4.51225 0.700087 23.8954 -5.53214 17.9654 -8.53881 5.73543 6.14927 -8.81283 22.193 -2.80884 -4.92218 4.85081 4.96028 29.4213 -11.1849 0.105072 0.697907 -8.14056 -13.98 -8.91213 -10.1346 -6.25412 -3.87225 -6.46194 -7.70548
internal_weight=30585 8696 21889 4162 7085 4534 6849 2679 14804 236 3499 3143 1483 1482 580 729 1950 11249 131 3350 902 793 1461 3052 105 493 307 1643 75 1001 2349 924 3555 106 87 3027 2797 356 685 746 432 44 109 537 1323 314 230 9926 358 3572 965 2809 227 2582 6354
internal_count=30585 8696 21889 4162 7085 4534 6849 2679 14804 236 3499 3143 1483 1482 580 729 1950 11249 131 3350 902 793 1461 3052 105 493 307 1643 75 1001 2349 924 3555 106 87 3027 2797 356 685 746 432 44 109 537 1323 314 230 9926 358 3572 965 2809 227 2582 6354
is_linear=0
shrinkage=0.05


Tree=26
num_leaves=58
num_cat=0
split_feature=10 10 10 14 9 10 9 9 14 17 10 11 10 14 9 11 14 2 11 22 11 10 11 22 17 5 10 11 16 14 16 9 10 10 10 9 7 7 18 8 5 21 13 9 5 22 23 0 14 3 7 11 11 10 11 13 7
split_gain=8.27468e+08 1.28178e+08 8.84132e+07 1.97447e+07 1.86116e+07 1.82912e+07 1.02969e+07 8.03049e+06 7.01645e+06 7.53926e+06 5.89445e+06 5.17981e+06 5.14379e+06 4.99911e+06 4.70538e+06 4.54556e+06 3.98425e+06 3.47445e+06 3.35216e+06 3.21717e+06 3.00649e+06 2.8753e+06 2.80185e+06 4.92785e+06 2.76662e+06 2.53895e+06 2.48221e+06 2.47653e+06 2.46102e+06 2.42331e+06 4.04545e+06 3.12605e+06 2.32911e+06 2.26442e+06 2.05592e+06 1.93491e+06 1.94594e+06 1.628e+06 1.62074e+06 1.29858e+06 1.09852e+06 1.07656e+06 1.04364e+06 1.04003e+06 1.00296e+06 1.14541e+06 912082 807370 722197 669736 612968 580814 525882 424632 267001 257002 16954
threshold=1423.1258677895378 921.29225017694137 2228.4778661858099 -0.60355339059327362 1769.3285804849877 553.8069703598452 1274.0841273047001 2626.1050338120644 -0.70710678118654735 0.81174490092936691 2631.610696155893 924.74512740195235 328.12633825365089 -0.70710678118654735 3005.0980100075335 866.73822657055348 -0.70710678118654735 0.64113990541145838 408.82633411873377 5.5000000000000009 351.01163321540656 1663.4810707368877 308.17369765710924 2.5000000000000004 0.81174490092936691 -638.51999999999987 1097.1830890323909 497.39075132390343 -1.0000000180025095e-35 -0.70710678118654735 -0.60785761079279388 2032.726412708347 1793.8878411864259 1706.1374638911916 2767.1847758161971 1329.1249317153095 385.01845853232277 497.47153157144209 -0.6830127018922193 1090.1199783712404 -24.999999999999989 1.0000000180025095e-35 32357.665000000005 303.37034084237683 -747.82499999999993 2.5000000000000004 9.507200000000001 0.33307987826382279 -0.70710678118654735 2.2824269971427964 404.66582167028594 193.88810081328435 412.5423184596591 1097.1830890323909 290.77128328696205 40477.94000000001 435.66904081343336
decision_type=2 2 2 2 2 2 2 2 2 2 2 2 2 2 2 2 2 2 2 2 2 2 2 2 2 2 2 2 2 2 2 2 2 2 2 2 2 2 2 2 2 2 2 2 2 2 2 2 2 2 2 2 2 2 2 2 2
left_child=1 5 4 34 15 12 16 10 18 11 25 -10 41 39 29 19 46 24 33 32 -21 -11 26 -24 -15 -5 -18 -12 -17 31 -31 -8 -2 -6 37 36 -14 48 -20 52 -37 43 -19 -1 45 -9 51 -41 -4 -46 -36 -3 -7 -48 -43 -39 -52
right_child=2 6 3 7 8 13 14 44 9 21 27 -13 35 17 -16 28 22 42 38 20 -22 -23 23 -25 -26 -27 -28 -29 -30 30 -32 -33 -34 -35 50 40 -38 55 -40 47 -42 54 -44 -45 49 -47 53 -49 -50 -51 56 -53 -54 -55 -56 -57 -58
leaf_value=-11.991312321754581 6.9940522978465509 3.179706572924669 25.294154182008231 5.4218211653203134 9.8551230167440469 -1.6732424348926207 5.6585639638010949 22.414134461329539 10.322930952204013 9.9303991586511788 23.139460568825402 -3.2361531727559867 -7.5825920577896895 -7.14959956130531 26.543559326281152 -19.254454294967651 -1.5727722661031605 5.5140499504407252 29.81059411965165 6.8926461552211222 -2.226578999885223 21.453984454258929 1.8310643108143951 -11.272188083703007 -2.4114667720946459 14.834926107978559 1.4790188198159053 12.672311794693407 4.1053825251261395 -2.4224235209652356 4.3904535192864778 19.70362493469602 10.756111617642302 16.511958937336747 39.751264586156736 -6.5892211010145108 -19.460446614401683 30.717688710759962 19.341121520436428 -4.386236184876541 7.6539459790605484 -16.114184777484677 -3.1504203524387258 -8.7778079615430968 22.283798384232956 8.6702081053832476 -1.1968369835733534 4.9178036574066661 18.328428165994843 26.382392397013575 24.569166299502058 6.7923245601240367 -9.3403470711086101 5.9272810356433574 -10.792090868836357 25.449834113322517 32.236823064114184
leaf_weight=524 1464 233 331 80 184 895 768 38 1308 76 335 74 11527 1739 23 24 1422 35 50 209 158 214 131 157 376 836 1252 73 20 279 985 41 580 467 48 22 34 236 212 28 32 122 1104 523 340 28 106 121 57 219 23 218 22 25 41 70 46
leaf_count=524 1464 233 331 80 184 895 768 38 1308 76 335 74 11527 1739 23 24 1422 35 50 209 158 214 131 157 376 836 1252 73 20 279 985 41 580 467 48 22 34 236 212 28 32 122 1104 523 340 28 106 121 57 219 23 218 22 25 41 70 46
internal_value=0.0109103 -4.80101 14.0661 21.2595 10.1234 -6.95183 1.73732 18.5114 13.0851 11.146 16.2782 9.59508 -7.89978 -4.13641 4.51443 7.00076 0.0940687 -5.10972 16.6201 7.2923 2.97126 18.4785 -0.649391 -5.3263 -6.3088 14.0196 -0.143865 21.3022 -8.78096 4.25733 2.88593 6.39382 8.0663 14.6485 27.833 -7.57509 -7.6192 26.6874 21.4449 -1.16334 1.83678 -11.0077 -2.87956 -10.396 23.2085 16.7999 3.87242 3.15177 24.3206 23.9338 34.3442 4.93711 -1.86717 0.197294 -14.8495 29.5995 30.0685
internal_weight=30585 22785 7800 2760 5040 17145 5640 1949 2585 1672 1324 1382 12825 4320 2096 2455 3544 3254 913 2411 367 290 2962 288 2115 916 2674 408 44 2073 1264 809 2044 651 811 11615 11561 694 262 1066 54 1210 1139 1047 625 66 582 149 388 559 117 451 917 131 163 306 69
internal_count=30585 22785 7800 2760 5040 17145 5640 1949 2585 1672 1324 1382 12825 4320 2096 2455 3544 3254 913 2411 367 290 2962 288 2115 916 2674 408 44 2073 1264 809 2044 651 811 11615 11561 694 262 1066 54 1210 1139 1047 625 66 582 149 388 559 117 451 917 131 163 306 69
is_linear=0
shrinkage=0.05


Tree=27
num_leaves=54
num_cat=0
split_feature=10 10 10 0 9 15 9 6 10 1 9 15 6 10 22 15 1 11 6 11 10 26 9 13 9 14 6 13 15 14 9 26 6 11 18 1 6 11 4 1 14 10 15 0 11 15 11 26 4 10 21 1 6
split_gain=7.47568e+08 1.16373e+08 7.01714e+07 2.57399e+07 1.67557e+07 1.22745e+07 1.12654e+07 1.0045e+07 8.49843e+06 7.90718e+06 6.62448e+06 6.52746e+06 6.40513e+06 6.03704e+06 5.41621e+06 5.2853e+06 5.15997e+06 8.48867e+06 5.18942e+06 4.63166e+06 4.28348e+06 3.63464e+06 3.59061e+06 3.56669e+06 3.16932e+06 3.05898e+06 2.98141e+06 2.85705e+06 2.64252e+06 2.49347e+06 2.46318e+06 2.28549e+06 2.10738e+06 3.22773e+06 2.54854e+06 2.10638e+06 1.82545e+06 1.39061e+06 1.38923e+06 1.37308e+06 1.27144e+06 1.17392e+06 1.06114e+06 1.03202e+06 1.00096e+06 955474 1.17084e+06 700511 552097 422796 374874 196709 38816.8
threshold=1203.7994076510533 1998.6334189596382 684.59061149821753 0.43968005264420923 1769.3285804849877 -0.9829629131445341 910.35760903550988 22662.251666666671 2612.5536112046047 0.14161696835341123 3050.8705243132035 -0.60355339059327384 29706.657500000005 414.99062941339594 1.0000000180025095e-35 -0.37940952255126009 0.24704976018373964 739.19286622200468 27801.462500000005 464.25703865863346 1563.727621682867 18.160600000000006 1769.3285804849877 31126.485000000004 811.56075938547838 -0.70710678118654735 34958.395833333336 31318.245000000006 -0.9159756150367534 -0.5 481.44663607983904 14.725100000000001 23768.352500000005 614.20424327994806 0.25000000000000006 0.18946953262365177 21696.998333333337 631.09926442692938 0.23170463394399546 0.086679291276755735 -0.60355339059327362 933.38103525368763 -0.9829629131445341 0.48384259119072681 351.01163321540656 -0.5 129.84246422645592 16.517650000000007 2.6050496261871845 339.2714944849518 1.0000000180025095e-35 0.15094606262164065 20008.381666666672
decision_type=2 2 2 2 2 2 2 2 2 2 2 2 2 2 2 2 2 2 2 2 2 2 2 2 2 2 2 2 2 2 2 2 2 2 2 2 2 2 2 2 2 2 2 2 2 2 2 2 2 2 2 2 2
left_child=2 4 13 5 12 26 29 -6 14 11 25 19 15 36 -7 24 17 18 -8 -5 42 -13 30 37 -2 -9 -3 -19 -22 41 31 -15 34 -34 -31 -17 49 -11 -32 -28 -10 44 -14 -25 -4 46 -38 -43 -47 50 -1 -12 -51
right_child=1 3 6 9 7 8 16 10 40 23 51 21 20 22 -16 35 -18 27 -20 -21 28 -23 -24 43 -26 -27 39 -29 -30 32 38 -33 33 -35 -36 -37 45 -39 -40 -41 -42 47 -44 -45 -46 48 -48 -49 -50 52 -52 -53 -54
leaf_value=-11.760620370211621 3.3702776084755954 -9.9610659971691309 -1.153337794107123 12.117831622727063 -16.503001852324513 27.378902610496596 -4.2790382227420531 13.529125238706966 29.884897987032403 4.5502268648147588 31.774162944267541 8.1596888198492667 0.16065014946694467 -7.2047269046680871 19.159481120399672 4.4439154241813901 -18.980196312665939 29.306904430934363 1.6417126592988454 -10.101925150977241 4.2954477196751224 16.36206673195726 14.022037111918131 16.524732728371255 -11.874862130843489 9.2362192123481925 12.897264693997943 5.3027075867425832 10.886987824904834 -5.0183465422031492 -12.894871766205993 -20.25907876407399 -3.6865774032637675 15.56571548613635 -20.044820420021239 -1.154451983676237 -8.9989388289664358 -8.348140030141737 -5.5414123001567441 -0.12419703263502856 24.967450110940209 6.7392732889401294 5.4513758084759436 3.1867884405136113 -11.359901722717286 -8.1079882690006269 -13.278125158282819 -0.21634894862345286 -1.9613621533222689 -11.298015526618277 -15.656017343002617 22.966507711103986 -8.3697731715931614
leaf_weight=247 52 20 628 48 32 244 425 667 308 31 28 158 101 7118 1318 964 31 34 2820 44 197 1076 20 38 96 1140 105 20 694 85 65 33 2446 21 42 203 761 60 3641 25 341 75 1552 24 24 1919 210 69 38 27 102 34 84
leaf_count=247 52 20 628 48 32 244 425 667 308 31 28 158 101 7118 1318 964 31 34 2820 44 197 1076 20 38 96 1140 105 20 694 85 65 33 2446 21 42 203 761 60 3641 25 341 75 1552 24 24 1919 210 69 38 27 102 34 84
internal_value=0.0110534 11.5677 -5.27608 18.3094 7.07093 21.5526 -1.06329 10.9131 22.4921 13.121 11.3911 14.3621 5.1759 -7.26044 20.4601 2.34014 1.00214 1.19561 0.865187 1.49658 6.64021 15.3193 -6.68484 2.34097 -6.53176 10.8274 7.64694 20.6746 9.43605 -3.09187 -6.72427 -7.26779 -3.84282 -3.51645 -10.1055 3.46992 -9.10585 -3.95244 -5.67383 10.4113 27.3435 -0.642926 5.1284 11.4943 -1.54587 -8.63869 -9.93712 3.42783 -7.9897 -12.0542 -12.9406 27.3855 -9.17661
internal_weight=30585 9600 20985 3840 5760 2361 6720 1901 2211 1479 1869 1326 3859 14265 1562 1315 3330 3299 3245 92 2544 1234 10877 153 148 1807 150 54 891 3390 10857 7151 2594 2467 127 1167 3388 91 3706 130 649 796 1653 62 652 2928 971 144 1957 460 349 62 111
internal_count=30585 9600 20985 3840 5760 2361 6720 1901 2211 1479 1869 1326 3859 14265 1562 1315 3330 3299 3245 92 2544 1234 10877 153 148 1807 150 54 891 3390 10857 7151 2594 2467 127 1167 3388 91 3706 130 649 796 1653 62 652 2928 971 144 1957 460 349 62 111
is_linear=0
shrinkage=0.05


Tree=28
num_leaves=51
num_cat=0
split_feature=8 9 9 8 9 8 1 1 9 8 1 9 16 4 1 8 9 8 8 0 1 22 12 14 1 7 11 12 5 9 11 8 11 13 9 8 7 1 7 9 7 11 8 1 12 11 1 17 2 1
split_gain=6.31196e+08 1.0703e+08 7.5423e+07 1.69247e+07 1.42825e+07 1.31969e+07 1.11545e+07 1.09669e+07 1.10186e+07 9.85037e+06 6.91933e+06 6.49436e+06 5.22915e+06 5.75536e+06 5.12037e+06 4.58092e+06 4.47924e+06 3.97988e+06 3.90382e+06 3.89027e+06 4.1203e+06 3.54001e+06 3.43983e+06 3.09015e+06 2.78222e+06 2.74673e+06 2.04791e+06 2.04389e+06 2.03752e+06 1.98422e+06 1.68179e+06 1.53501e+06 1.74583e+06 2.12374e+06 1.40123e+06 1.21876e+06 1.16116e+06 1.06439e+06 928837 878843 810800 1.97038e+06 672393 637433 613418 567239 544095 539777 486410 411057
threshold=1420.263053060253 811.56075938547838 2231.5016179326008 1873.4163097475914 2803.4179486041867 634.69102500918314 0.21364731160036707 0.091187769873347993 1873.4163097475914 2863.635411009132 0.18311622431001986 1049.3359823433866 -1.0000000180025095e-35 0.34987711706399 0.060671807164413907 394.15101217318721 1420.263053060253 2536.291659429196 1562.9693154448792 0.4711049549032259 0.089368543747394266 5.5000000000000009 32287.000000000004 -0.70710678118654735 0.051415282729210261 488.33529821735692 342.34426700996619 30178.500000000004 -148.87499999999997 3199.5985812441477 338.3537910039542 918.90674303651838 333.97612482584282 34158.160000000011 303.37034084237683 480.67657431654487 777.36461542940708 0.1496473349357926 257.72119888078322 1928.6294953818244 412.65580852970925 338.3537910039542 2231.5016179326008 0.085342893742613321 38078.500000000007 379.89625017337096 0.11573843638251087 0.81174490092936691 0.70848947506546422 0.060671807164413907
decision_type=2 2 2 2 2 2 2 2 2 2 2 2 2 2 2 2 2 2 2 2 2 2 2 2 2 2 2 2 2 2 2 2 2 2 2 2 2 2 2 2 2 2 2 2 2 2 2 2 2 2
left_child=1 5 3 14 7 15 9 8 11 19 17 -3 13 -9 18 34 -14 27 38 20 -4 28 42 -19 45 -20 -23 -5 -16 -26 -10 32 44 -34 47 49 -6 -21 -2 -24 41 -33 -12 -36 -7 -11 -42 -1 -37 -17
right_child=2 4 6 10 36 31 -8 12 30 24 22 -13 16 -15 21 35 -18 23 25 37 -22 26 39 -25 29 -27 -28 -29 -30 -31 -32 40 33 -35 43 48 -38 -39 -40 -41 46 -43 -44 -45 -46 -47 -48 -49 -50 -51
leaf_value=-10.809063571976317 4.4579181717101886 -0.022105964834393321 21.038339168488072 6.796716608197503 18.217078985814695 -4.1995381288971299 -7.7474103113852042 -17.286016356880602 6.8860439468565451 23.397105274538024 -3.0163501173655196 4.2358264749489072 -1.0248884089427726 -2.924249304797085 1.6372902598190309 -6.4773973281560817 4.654929001051368 26.20648683872334 11.202249954517356 13.173212551241335 15.088894237406956 3.9320951609883532 2.8146663874646896 15.071064147289954 19.942526522837735 24.532099609797783 -4.474550609013713 12.54266507453057 6.5331156375669623 27.582965382451597 23.794815097615341 -0.2414493208298506 -1.9766151492057311 -20.301653915854061 -7.2200271127966635 -5.8687709271641104 34.576727684162286 1.4795067546584391 9.9018458459287331 13.082035342931746 0.31601624779079274 -11.181140749613444 -14.22490170258742 -8.9151104584766987 -2.2505936073967043 28.595416614108615 11.451211856495251 -7.3419004709237115 -3.0035075829913782 -7.276368860646679
leaf_weight=788 317 1670 720 177 26 890 37 73 20 112 29 1930 1395 1237 249 3307 461 85 484 321 515 148 45 263 481 42 140 1496 1482 114 68 483 30 33 1308 3530 26 21 105 39 22 44 25 1030 747 269 21 142 158 3430
leaf_count=788 317 1670 720 177 26 890 37 73 20 112 29 1930 1395 1237 249 3307 461 85 484 321 515 148 45 263 481 42 140 1496 1482 114 68 483 30 33 1308 3530 26 21 105 39 22 44 25 1030 747 269 21 142 158 3430
internal_value=0.0106736 -4.16162 12.3756 8.85884 1.03877 -6.41136 19.3298 0.838707 2.69149 19.7251 12.2274 2.26116 -1.31972 -3.73714 6.40435 -6.99674 0.387629 12.9667 9.43646 17.2553 18.5716 4.97669 1.38427 17.8582 23.694 12.3112 -0.155794 11.9392 5.83022 21.4502 20.0725 -2.87873 -3.63126 -11.7428 -8.63284 -6.48309 26.8951 12.4616 5.83267 7.67954 -0.631896 -1.17428 -8.36987 -7.97029 -3.31211 27.1326 5.89091 -10.2881 -5.74687 -6.8852
internal_weight=30585 22869 7716 5126 6906 15963 2590 6854 3688 2553 2159 3600 3166 1310 2967 13693 1856 2021 948 1577 1235 2019 138 348 976 526 288 1673 1731 595 88 2270 1700 63 3268 10425 52 342 422 84 570 527 54 2338 1637 381 43 930 3688 6737
internal_count=30585 22869 7716 5126 6906 15963 2590 6854 3688 2553 2159 3600 3166 1310 2967 13693 1856 2021 948 1577 1235 2019 138 348 976 526 288 1673 1731 595 88 2270 1700 63 3268 10425 52 342 422 84 570 527 54 2338 1637 381 43 930 3688 6737
is_linear=0
shrinkage=0.05


Tree=29
num_leaves=60
num_cat=0
split_feature=10 10 10 6 14 10 9 14 10 12 15 14 17 7 11 6 0 7 6 12 10 8 10 9 6 11 11 11 15 17 15 6 11 15 1 0 3 6 9 26 10 15 1 7 24 10 15 11 11 11 11 24 11 7 10 1 3 1 9
split_gain=6.12314e+08 9.28707e+07 6.93499e+07 1.65918e+07 1.40479e+07 1.33272e+07 1.22164e+07 8.37923e+06 5.79071e+06 5.45001e+06 5.34795e+06 4.74683e+06 4.66919e+06 8.1201e+06 5.6778e+06 4.34559e+06 4.74751e+06 4.69089e+06 4.24453e+06 4.0774e+06 4.06243e+06 3.96925e+06 3.63696e+06 3.59714e+06 3.4333e+06 3.93793e+06 3.26536e+06 3.10641e+06 2.81914e+06 2.26963e+06 2.21371e+06 2.18686e+06 1.77435e+06 3.47079e+06 1.69094e+06 1.69092e+06 1.58236e+06 1.53188e+06 1.50549e+06 1.48272e+06 1.45149e+06 1.39046e+06 1.20842e+06 1.18763e+06 1.11503e+06 1.10458e+06 1.08122e+06 1.09501e+06 1.05478e+06 935152 899436 1.08349e+06 892649 689630 672131 613704 591241 385260 243641
threshold=1406.9133085702856 921.29225017694137 2257.4581861031606 29910.420000000002 -0.60355339059327362 484.7648770179436 2032.726412708347 -0.70710678118654735 2665.9354191262587 41908.500000000007 -0.60355339059327384 -0.70710678118654735 0.81174490092936691 867.10914946797095 370.03976961598988 26971.845000000005 0.5482539684466281 687.70773411900234 23379.125000000004 30552.500000000004 1677.7554946954856 1786.1298771869133 284.6815767390824 3050.8705243132035 24460.21166666667 531.76801472283285 497.39075132390343 435.62761669301636 -0.9159756150367534 0.81174490092936691 -0.9829629131445341 33137.590833333343 190.30317605116554 -0.12940952255126034 0.15364126980085169 0.40772911159131897 2.2416948270893884 29974.000833333335 2700.8174739057463 18.190700000000003 1117.6017161938496 -0.37940952255126009 0.12244085274588928 346.23398046182007 11.491747500000001 2695.7789523617867 0.1294095225512602 290.77128328696205 631.09926442692938 159.65040084260147 235.15423841233101 12.373853500000001 199.83092422830606 631.16248673136681 612.29240983742307 0.079893348837140762 2.2013852343508646 0.03544809761222794 1402.6237858425727
decision_type=2 2 2 2 2 2 2 2 2 2 2 2 2 2 2 2 2 2 2 2 2 2 2 2 2 2 2 2 2 2 2 2 2 2 2 2 2 2 2 2 2 2 2 2 2 2 2 2 2 2 2 2 2 2 2 2 2 2 2
left_child=1 5 3 10 35 22 20 21 15 12 19 32 14 -14 -9 16 -6 -17 27 -2 29 40 46 30 25 -13 -26 -12 -22 -5 -8 44 54 -34 -21 45 -25 43 -20 -33 42 -37 -3 -24 -10 48 57 -48 -4 -39 51 -11 -42 -23 -7 -43 -47 -1 -52
right_child=2 7 4 6 8 11 23 9 31 50 18 24 13 -15 -16 17 -18 -19 38 34 28 53 37 36 26 -27 -28 -29 -30 -31 -32 39 33 -35 -36 41 -38 49 -40 -41 52 55 -44 -45 -46 56 47 -49 -50 -51 58 -53 -54 -55 -56 -57 -58 -59 -60
leaf_value=-7.227462007796511 -22.095468100270921 3.8785256924255016 22.356868380635124 5.0635485944639846 3.7854525088240032 -3.9363156218609667 0.14491413547146706 -0.40936658037399609 19.329253528258377 0.325100663744885 9.226941507067 -7.5014535909716562 2.7624750586803408 32.653048952221873 -7.9338123789527204 14.132400471764072 24.628335869529032 23.635468589536604 5.587294204408785 9.0347615215696138 5.4629396909899484 22.786515898271041 -7.3896112593299765 32.356934479849677 -4.7006290336420591 -23.277261390686036 5.4502060910213146 -8.1639068398094672 11.21022701118428 11.648039834808994 13.905611043015197 35.026869764328005 -5.9689881052141605 5.8753861013449065 -6.9078120138706298 8.4852100181579591 18.544760783095327 -6.2724843607164029 16.149725385938371 22.092952440743012 4.2227006456255918 23.900954013237588 -0.98729860900413424 -15.457766539391052 12.598491875283861 36.588991827195692 -8.8038992229603377 3.070633239746094 28.851164197626805 4.3839735675993428 7.8715482196542954 5.5643512473806824 8.0163098204672334 10.333117429559881 -1.4730583572541063 14.317831202189126 27.195806145495677 -12.344292906742425 14.49442538054093
leaf_weight=46 30 535 349 909 162 452 30 2840 203 137 34 238 433 23 274 913 32 154 1248 28 266 32 4137 34 4077 47 80 96 1143 153 1166 27 91 188 38 28 71 6204 34 274 331 77 167 46 101 30 375 20 96 20 53 353 299 21 718 29 165 406 22
leaf_count=46 30 535 349 909 162 452 30 2840 203 137 34 238 433 23 274 913 32 154 1248 28 266 32 4137 34 4077 47 80 96 1143 153 1166 27 91 188 38 28 71 6204 34 274 331 77 167 46 101 30 375 20 96 20 53 353 299 21 718 29 165 406 22
internal_value=0.010541 -4.17153 11.9776 8.66641 18.5941 -5.98751 10.4386 1.46894 16.2265 0.34112 4.22959 -4.05955 -0.381466 4.33828 -1.07378 14.2712 7.33215 15.5248 5.00695 -7.13769 8.36762 4.83344 -6.99627 14.3626 -4.8701 -10.1754 -4.50401 -3.57978 10.1299 6.02223 13.5609 20.2715 -1.57309 2.00463 -0.110322 24.2737 23.2804 -6.73842 5.87979 23.3653 4.29097 18.814 2.72122 -7.48201 17.1417 25.3857 -10.1528 -8.19641 23.8194 -6.23754 4.89946 4.10316 6.03302 18.135 -2.42723 21.4375 28.8202 -11.8407 9.97948
internal_weight=30585 22665 7920 5280 2640 17145 3772 5520 1866 4135 1508 5891 3570 456 3114 1261 194 1067 1412 96 2471 1385 11254 1301 4442 285 4157 130 1409 1062 1196 605 1449 279 66 774 105 10407 1282 301 1332 134 702 4183 304 640 847 395 445 6224 565 490 630 53 1170 106 195 452 75
internal_count=30585 22665 7920 5280 2640 17145 3772 5520 1866 4135 1508 5891 3570 456 3114 1261 194 1067 1412 96 2471 1385 11254 1301 4442 285 4157 130 1409 1062 1196 605 1449 279 66 774 105 10407 1282 301 1332 134 702 4183 304 640 847 395 445 6224 565 490 630 53 1170 106 195 452 75
is_linear=0
shrinkage=0.05


Tree=30
num_leaves=56
num_cat=0
split_feature=9 8 8 6 9 8 8 8 9 17 6 6 15 7 15 12 15 15 24 3 1 1 6 17 6 7 1 24 19 6 1 6 17 9 6 1 1 19 8 4 7 6 3 9 7 1 15 1 6 13 15 0 18 13 4
split_gain=5.17141e+08 8.11798e+07 7.36384e+07 1.80456e+07 1.74932e+07 1.13402e+07 1.04632e+07 8.35976e+06 6.50016e+06 5.58366e+06 4.87064e+06 4.23346e+06 6.37298e+06 5.25696e+06 4.07185e+06 6.6535e+06 3.8374e+06 3.74356e+06 5.3961e+06 3.73459e+06 3.35017e+06 3.33086e+06 3.22631e+06 2.9922e+06 2.9212e+06 3.82613e+06 2.79293e+06 2.38949e+06 2.33304e+06 2.54436e+06 2.4202e+06 2.11635e+06 2.09057e+06 2.20087e+06 2.08549e+06 1.98088e+06 1.93912e+06 1.85325e+06 1.82678e+06 1.59016e+06 1.55546e+06 1.52096e+06 1.41834e+06 1.25556e+06 1.14603e+06 1.09085e+06 1.07074e+06 950625 670240 632207 612197 514064 458775 311306 299043
threshold=1329.1249317153095 2055.8953207150594 786.15894839621672 23768.352500000005 2475.030458788719 2863.635411009132 1234.7430767968854 1603.25204566808 481.44663607983904 0.81174490092936691 27259.660000000003 29122.735000000004 -0.70710678118654757 709.52667636726585 -0.37940952255126009 31240.500000000004 -0.9829629131445341 -0.12940952255126034 8.3036965000000027 1.440297830598712 0.15497246883075538 0.055680606748290042 27735.360000000004 0.81174490092936691 25756.317500000001 395.03103763224357 0.095800802092079362 11.102634500000002 -0.24999999999999994 42502.757500000007 0.085342893742613321 37857.010833333341 0.81174490092936691 833.07698719773896 20886.31833333334 0.079306453220254175 0.15497246883075538 0.6830127018922193 607.64212036506296 0.54723555043623129 576.58915984026874 34717.436666666676 0.36404528670822217 3005.0980100075335 269.90103326703468 0.056256926384208268 -0.37940952255126009 0.086679291276755735 34958.395833333336 28973.070000000003 -0.12940952255126034 0.28164466704905561 0.25000000000000006 43069.765000000007 1.1997576838897079
decision_type=2 2 2 2 2 2 2 2 2 2 2 2 2 2 2 2 2 2 2 2 2 2 2 2 2 2 2 2 2 2 2 2 2 2 2 2 2 2 2 2 2 2 2 2 2 2 2 2 2 2 2 2 2 2 2
left_child=2 3 8 17 7 11 20 9 24 -5 -7 12 -3 16 15 40 -13 49 -19 26 27 -9 -21 35 39 48 -16 44 29 -12 -30 -17 38 51 -20 -6 -14 46 42 52 -8 -29 -10 -25 -4 -35 -22 -40 -26 -2 -41 -34 -1 -39 -15
right_child=1 5 6 4 23 10 14 21 32 -11 28 13 36 54 19 31 -18 18 34 22 37 -23 -24 43 25 -27 -28 41 30 -31 -32 -33 33 45 -36 -37 -38 53 47 50 -42 -43 -44 -45 -46 -47 -48 -49 -50 -51 -52 -53 -54 -55 -56
leaf_value=-5.5987909597005601 -12.062499829101561 -16.88014993320812 -1.9698105347125967 3.5866524982407011 19.664624644915264 -0.75094940468117044 -8.4959291394551606 11.845177239349377 -10.668938604663403 9.4290108110861688 7.019646759494659 1.654631246764932 13.222831876922825 22.773747672523772 5.5564253205060963 -0.21943095639548238 14.999709683686939 16.683602078301565 -17.927305803843907 4.4193596495074381 -13.874408763486949 7.4859545831171772 15.261047236818664 20.20553691704049 -6.6232572480041796 14.11297254645306 0.41994888209209247 -0.016035603043662645 23.836269799823498 20.82026893077753 18.323200799675636 4.7922201292528275 0.39287045199424031 5.8371505913270845 -4.0519856258010867 8.3086749346872395 4.1837927355589688 -2.8067169959016822 -1.9927577722287091 -9.0963925909734815 -24.004996058146162 3.6639608086415176 -5.4220759977787463 30.762661219057833 1.873076229311317 -0.85303971982506865 -6.1179949451320716 -4.9127060663803181 -5.5887912164789215 -24.142881506511145 -6.9053700749747797 -4.3255529102429149 -11.566818563362251 2.996523315448028 30.048023233124709
leaf_weight=38 24 21 2096 2285 71 26 56 638 135 498 61 56 243 111 657 520 1615 27 34 135 66 1436 141 116 6071 22 443 1016 638 77 323 353 63 89 124 88 80 219 626 501 23 387 2928 45 213 188 143 505 2178 27 971 668 413 25 32
leaf_count=38 24 21 2096 2285 71 26 56 638 135 498 61 56 243 111 657 520 1615 27 34 135 66 1436 141 116 6071 22 443 1016 638 77 323 353 63 89 124 88 80 219 626 501 23 387 2928 45 213 188 143 505 2178 27 971 668 413 25 32
internal_value=0.0107271 10.3251 -4.08724 6.56089 7.17749 16.5277 0.378461 6.42869 -5.97047 4.63512 20.6101 14.3909 9.25767 15.3587 3.06244 0.54745 14.5537 -6.93834 -3.58502 4.8008 -1.12211 8.832 9.99316 18.4874 -6.70478 -6.2947 3.49009 -0.626055 21.1157 14.8144 22.0043 1.8102 -4.53048 -2.48219 -7.13182 13.4708 11.0039 -5.17654 -5.02206 -8.46437 -13.2549 1.00093 -5.65674 23.328 -1.61465 1.30976 -8.62182 -3.29973 -6.35084 -18.7994 -7.65676 -3.91892 -11.0775 -2.2023 24.599
internal_weight=30585 8696 21889 5413 5177 3283 6493 4857 15396 2783 1125 2158 344 1814 2328 952 1671 236 185 1376 4165 2074 276 320 10194 8271 1100 3712 1099 138 961 873 5202 1008 158 159 323 453 4194 1923 79 1403 3063 161 2309 277 209 1131 8249 51 1472 731 451 244 143
internal_count=30585 8696 21889 5413 5177 3283 6493 4857 15396 2783 1125 2158 344 1814 2328 952 1671 236 185 1376 4165 2074 276 320 10194 8271 1100 3712 1099 138 961 873 5202 1008 158 159 323 453 4194 1923 79 1403 3063 161 2309 277 209 1131 8249 51 1472 731 451 244 143
is_linear=0
shrinkage=0.05


Tree=31
num_leaves=58
num_cat=0
split_feature=10 10 10 10 14 6 10 6 6 11 15 15 23 11 1 6 6 15 6 6 17 15 11 18 15 11 13 11 11 15 15 14 14 15 5 14 23 23 10 10 13 11 24 4 1 10 13 10 14 11 24 6 23 7 10 11 1
split_gain=5.0299e+08 8.00531e+07 4.65202e+07 1.81105e+07 1.29836e+07 1.12577e+07 7.39988e+06 6.05462e+06 6.05304e+06 8.28465e+06 6.23471e+06 5.56209e+06 5.24296e+06 5.12746e+06 5.79875e+06 5.11754e+06 4.76096e+06 4.68561e+06 4.49309e+06 4.42727e+06 3.95729e+06 4.0425e+06 3.90109e+06 3.53622e+06 3.5324e+06 4.61894e+06 3.20576e+06 2.91844e+06 2.79627e+06 2.72767e+06 2.68863e+06 2.39748e+06 2.25399e+06 2.22149e+06 2.18017e+06 1.9671e+06 1.74716e+06 1.69932e+06 1.56908e+06 1.56687e+06 1.54565e+06 1.52856e+06 1.44401e+06 1.27637e+06 1.22306e+06 1.2131e+06 1.20786e+06 1.19997e+06 1.15276e+06 1.01639e+06 596438 573472 501196 365372 351988 180856 90130.3
threshold=1203.7994076510533 2228.4778661858099 684.59061149821753 1706.1374638911916 -0.70710678118654735 31867.895000000004 933.38103525368763 36212.617500000008 28202.850833333338 777.22274205627548 -0.60355339059327384 0.96592582628906831 11.682696500000002 631.09926442692938 0.17475777883368729 31948.187500000004 24460.21166666667 -0.70710678118654757 28412.020000000004 23379.125000000004 0.81174490092936691 -0.9159756150367534 448.97942493170416 0.25000000000000006 -0.5 355.85602432362407 37982.760000000002 648.80539728898964 430.40480358111773 -0.5 -0.9829629131445341 -1.0000000180025095e-35 -0.37940952255126059 -0.70710678118654757 400.00000000000017 -0.70710678118654735 7.9153435000000014 8.9233255000000025 489.05967234857729 582.23144018365736 38247.820000000007 122.49747787530427 12.585383500000001 0.43178446182897229 0.22920403930075578 2767.1847758161971 27679.825000000004 2665.9354191262587 -0.70710678118654735 338.3537910039542 5.0205455000000008 30948.295833333337 7.2245507500000006 404.66582167028594 444.63113935938219 412.5423184596591 0.095081008302552575
decision_type=2 2 2 2 2 2 2 2 2 2 2 2 2 2 2 2 2 2 2 2 2 2 2 2 2 2 2 2 2 2 2 2 2 2 2 2 2 2 2 2 2 2 2 2 2 2 2 2 2 2 2 2 2 2 2 2 2
left_child=2 3 18 8 45 17 16 11 10 33 40 12 -6 15 46 29 23 26 24 -19 21 -7 38 44 25 41 -5 35 -22 -8 52 -16 -12 -10 43 -18 -11 -17 54 -36 -2 -1 -13 -26 -4 49 -15 -32 -40 -3 -51 -24 -9 -47 -20 -55 -25
right_child=1 4 6 5 7 20 13 30 9 36 32 42 -14 14 31 37 27 19 22 -21 28 -23 51 56 34 -27 -28 -29 -30 -31 47 -33 -34 -35 39 -37 -38 -39 48 -41 -42 -43 -44 -45 -46 53 -48 -49 -50 50 -52 -53 -54 55 -56 -57 -58
leaf_value=-7.2644707027424715 -20.475545076509803 12.461089073068955 -2.4227654279073079 -16.189391990482807 12.220002127816615 5.4314153678088353 -7.5119370656460536 16.201843430655341 2.7626450751075917 33.869622097778326 13.334565868316552 23.373948642138174 -1.1935699023928825 13.186201421564276 -9.6770310289065051 2.6389462918516973 -0.14618354710419318 -6.1924380522063283 -6.0856850332571337 7.1798714721723975 13.483669502950333 11.971779260016085 3.7902874955676853 -15.276469608488538 -9.427975153136563 -22.177755341529849 4.140759311138015 14.777606453704834 24.213176088138503 -1.1318734435266393 17.832012773236752 11.288183895874024 0.97094182447323218 5.7910367190565788 -2.8987957537417515 -3.1725647522486793 15.833705368041993 -0.75021929250878427 -2.4764872473440729 12.93013605532439 -4.0680384286244715 -11.560444586098365 14.001512000111568 -6.3512148928751788 -14.135192396481834 32.611999192010792 29.806934378839312 22.71198006225082 -4.9655080791571171 18.44737036672413 23.07156731917885 15.872519543965659 6.8953291704291004 20.261621731028839 -5.3848973311380544 28.406259113180226 -21.890330239209263
leaf_weight=540 40 33 89 39 1067 289 191 20 871 24 38 135 78 21 29 1628 725 65 3979 1057 178 1358 20 20 384 71 37 24 97 1319 428 24 678 2009 48 2070 37 478 653 22 23 346 68 3047 29 41 30 211 1646 116 444 20 58 33 3489 28 43
leaf_count=540 40 33 89 39 1067 289 191 20 871 24 38 135 78 21 29 1628 725 65 3979 1057 178 1358 20 20 384 71 37 24 97 1319 428 24 678 2009 48 2070 37 478 653 22 23 346 68 3047 29 41 30 211 1646 116 444 20 58 33 3489 28 43
internal_value=0.0104152 9.48996 -4.32644 6.58796 16.6769 9.39719 -0.896302 14.6726 4.22995 5.26766 0.31049 12.6773 11.306 0.593691 11.4858 0.277332 -2.74348 5.5858 -5.94214 6.40035 11.7687 10.8281 -5.3425 -10.583 -7.25977 -9.95654 -6.36652 -2.23655 17.3423 -1.94333 18.401 -0.150025 1.6448 4.87644 -6.51997 -2.38788 23.3617 1.86971 -5.40665 2.18799 -14.6427 -8.95328 20.3185 -6.69822 -5.39588 22.6024 23.3484 19.4764 -4.25992 21.6311 22.1483 10.0713 9.45656 27.9844 -5.75905 24.3981 -20.0623
internal_weight=30585 9600 20985 6840 2760 3120 6720 2065 3720 2941 779 1348 1145 3720 104 3616 3000 1198 14265 1122 1922 1647 9807 181 4458 957 76 2819 275 1510 717 53 716 2880 3501 2795 61 2106 9767 70 63 886 203 3431 118 695 51 639 2299 593 560 40 78 102 7468 61 63
internal_count=30585 9600 20985 6840 2760 3120 6720 2065 3720 2941 779 1348 1145 3720 104 3616 3000 1198 14265 1122 1922 1647 9807 181 4458 957 76 2819 275 1510 717 53 716 2880 3501 2795 61 2106 9767 70 63 886 203 3431 118 695 51 639 2299 593 560 40 78 102 7468 61 63
is_linear=0
shrinkage=0.05


Tree=32
num_leaves=54
num_cat=0
split_feature=10 10 10 9 0 14 6 15 10 10 6 9 15 6 1 11 3 15 9 1 9 15 1 17 15 6 10 5 1 10 11 11 12 10 15 1 4 22 9 11 14 23 7 23 14 1 9 1 4 4 1 3 9
split_gain=4.54329e+08 6.52401e+07 5.01915e+07 1.49155e+07 1.20222e+07 7.99594e+06 7.7244e+06 6.4121e+06 5.07435e+06 4.9153e+06 4.56626e+06 4.34496e+06 4.33598e+06 4.28199e+06 3.94449e+06 5.82209e+06 3.42282e+06 3.35633e+06 3.32516e+06 3.26077e+06 3.22065e+06 2.95154e+06 2.84134e+06 3.11075e+06 2.72692e+06 4.96462e+06 2.70034e+06 2.66931e+06 2.3318e+06 2.18584e+06 2.18726e+06 2.11199e+06 2.10709e+06 2.09204e+06 2.09097e+06 2.00156e+06 1.90148e+06 2.62864e+06 2.38838e+06 1.4531e+06 1.36933e+06 1.21037e+06 1.17388e+06 1.15131e+06 1.05858e+06 900657 750446 693367 685012 674439 542054 317304 234026
threshold=1274.7662544137927 2228.4778661858099 730.97211729913704 1769.3285804849877 0.41693426933808292 -0.70710678118654735 22662.251666666671 -0.9159756150367534 1046.6642317271019 444.63113935938219 26563.906666666669 2507.049509271968 0.96592582628906831 35668.942500000012 0.10659098059708945 576.46600801760758 1.4133617053066219 -0.60355339059327384 1845.9241844862479 0.07815191598035949 1581.5484171780806 -0.37940952255126009 0.24704976018373964 0.81174490092936691 -0.9159756150367534 31352.232500000002 1677.7554946954856 -524.62999999999977 0.11031881853119817 2593.2568529125997 668.06494927022538 166.58298208208168 35192.500000000007 284.6815767390824 -0.12940952255126034 0.18946953262365177 0.23170463394399546 1.5000000000000002 540.38965734328144 408.82633411873377 0.25881904510252091 9.0393680000000014 346.23398046182007 4.7267515500000004 0.25881904510252091 0.054139681986966538 431.30090789025417 0.16623843604882318 2.6050496261871845 1.0000010416688372 0.09309560922158179 1.2524231056641475 133.87200642658311
decision_type=2 2 2 2 2 2 2 2 2 2 2 2 2 2 2 2 2 2 2 2 2 2 2 2 2 2 2 2 2 2 2 2 2 2 2 2 2 2 2 2 2 2 2 2 2 2 2 2 2 2 2 2 2
left_child=2 3 9 10 7 16 -5 19 22 33 21 13 14 -8 17 -16 31 -6 36 40 28 -2 23 -7 25 -12 -26 -13 -10 30 -9 51 -22 45 -33 -23 37 -11 -38 -31 -3 47 46 49 -21 52 -35 -18 -47 -14 -45 -4 -1
right_child=1 4 5 6 12 8 11 29 20 18 24 27 43 -15 15 -17 41 -19 -20 44 32 35 -24 -25 26 -27 -28 -29 -30 39 -32 34 -34 42 -36 -37 38 -39 -40 -41 -42 -43 -44 50 -46 48 -48 -49 -50 -51 -52 -53 -54
leaf_value=-8.6499317180504232 -14.197897521972656 12.703658420031793 -0.75714076992524815 -14.680808650580321 1.6833814096418411 -3.200236186359954 6.6542777251680079 17.133901411690882 1.3656984977697482 3.5840272116661076 -12.731889232509541 4.6263998922663072 5.1055494938726014 11.148298206577497 12.544525516209781 -4.2987005308696196 11.885776476126452 13.307334403425711 13.570765515136721 0.75047840878367422 -0.21271479511260988 3.5902079820793413 -17.966437308629352 1.3381541782783877 4.6417243917450426 3.4744180701853757 8.0395651217517425 15.280051558234717 -2.3499690140905134 19.346827324599467 24.80187605118752 0.40287173861816056 16.720954634094241 -6.7929687115473074 5.0461057506898603 -3.6330210971087222 -5.1315269727068245 -15.309257254988649 -3.0956416409665581 25.095864816648362 21.102809164433541 22.257476647116921 -16.258652230624495 23.627094434959194 12.175219755808513 -10.066429252779329 -5.6627698310100358 1.5397770851135255 -1.0370882871876592 16.801956079006196 16.452581401651557 5.5194439511072071 -4.8339158845571131
leaf_weight=58 34 151 492 32 68 2413 1163 559 1351 23 52 69 22 985 107 97 51 755 24 63 29 259 29 447 1725 436 890 444 613 202 119 375 49 2477 686 151 5788 85 1926 330 78 21 28 95 29 615 3787 24 22 31 54 20 152
leaf_count=58 34 151 492 32 68 2413 1163 559 1351 23 52 69 22 985 107 97 51 755 24 63 29 259 29 447 1725 436 890 444 613 202 119 375 49 2477 686 151 5788 85 1926 330 78 21 28 95 29 615 3787 24 22 31 54 20 152
internal_value=0.0103668 9.44723 -3.92465 6.61425 15.8475 -0.291566 9.41975 18.8099 -1.30407 -5.52468 4.48216 9.71498 12.1449 8.71931 10.8074 4.55381 2.69882 12.3501 -4.65949 12.4577 0.603624 -0.259981 -2.6522 -2.49069 5.16057 1.725 5.80079 13.8589 0.205363 20.4834 18.5143 2.1352 10.502 -6.47476 3.40693 0.927567 -4.71715 -11.2897 -4.62368 22.9534 15.6438 11.8168 -6.15844 18.8581 4.444 -8.81453 -6.1107 8.63894 -9.75671 12.1314 21.154 -0.501671 -5.92389
internal_weight=30585 9000 21585 6240 2760 6600 2693 1531 4931 14985 3547 2661 1229 2148 1027 204 1669 823 7846 321 2042 444 2889 2860 3103 488 2615 513 1964 1210 678 1573 78 7139 1061 410 7822 108 7714 532 229 96 6292 202 92 847 6264 75 637 53 149 512 210
internal_count=30585 9000 21585 6240 2760 6600 2693 1531 4931 14985 3547 2661 1229 2148 1027 204 1669 823 7846 321 2042 444 2889 2860 3103 488 2615 513 1964 1210 678 1573 78 7139 1061 410 7822 108 7714 532 229 96 6292 202 92 847 6264 75 637 53 149 512 210
is_linear=0
shrinkage=0.05


Tree=33
num_leaves=57
num_cat=0
split_feature=10 10 10 14 14 10 17 15 9 1 10 11 21 11 17 4 11 14 1 18 11 17 4 18 11 10 11 1 14 11 1 1 13 11 15 26 13 10 0 10 9 11 11 15 11 10 0 2 13 1 1 21 8 17 1 15
split_gain=4.10422e+08 6.7471e+07 4.28254e+07 1.02057e+07 9.92713e+06 8.88008e+06 6.36186e+06 7.01887e+06 6.14398e+06 6.02883e+06 4.83814e+06 4.30835e+06 3.92566e+06 3.41726e+06 3.40912e+06 3.58177e+06 3.35764e+06 3.21475e+06 2.9622e+06 2.87453e+06 2.77229e+06 2.66706e+06 3.30907e+06 3.1781e+06 2.62798e+06 2.44173e+06 2.19475e+06 2.16174e+06 2.09735e+06 2.00934e+06 2.217e+06 1.96562e+06 1.88283e+06 1.6521e+06 2.97707e+06 1.60051e+06 1.52947e+06 1.31899e+06 1.12365e+06 1.05216e+06 909790 846985 840560 824611 933585 755723 631131 588910 563960 551254 451988 425406 344539 260492 247485 70809
threshold=1456.1478029944046 921.29225017694137 2257.4581861031606 -0.70710678118654735 -0.70710678118654735 473.93637447067692 0.81174490092936691 1.0000000180025095e-35 1274.0841273047001 0.18946953262365177 2665.9354191262587 247.26169252403 1.0000000180025095e-35 924.74512740195235 0.81174490092936691 0.99891211525464996 924.74512740195235 -0.70710678118654735 0.14551972909613339 1.0000000180025095e-35 866.73822657055348 0.81174490092936691 0.23170463394399546 0.68301270189221941 308.17369765710924 284.6815767390824 631.09926442692938 0.17248759455961213 -0.5 425.07594124034773 0.11902083097981232 0.059528773834004955 35155.155000000006 190.30317605116554 0.1294095225512602 16.665200000000002 44978.905000000006 1706.1374638911916 0.52833776859824166 2767.1847758161971 416.42871920763656 338.3537910039542 87.350194167814593 0.1294095225512602 290.77128328696205 1793.8878411864259 0.35852127283081475 0.59700384513092264 31745.34 0.14161696835341123 0.062711983669396343 1.0000000180025095e-35 1950.5840221573269 -0.56174490092936669 0.037990048285282664 -0.12940952255126034
decision_type=2 2 2 2 2 2 2 2 2 2 2 2 2 2 2 2 2 2 2 2 2 2 2 2 2 2 2 2 2 2 2 2 2 2 2 2 2 2 2 2 2 2 2 2 2 2 2 2 2 2 2 2 2 2 2 2
left_child=1 5 3 11 39 25 9 19 18 12 14 45 -5 20 15 -6 -11 33 26 -8 27 22 -19 -23 48 43 28 -10 -3 37 -31 -9 -15 42 -35 -26 38 -13 -12 41 50 -4 -7 51 -45 54 -16 -43 -20 -42 -27 -1 -47 -41 -2 -55
right_child=2 8 4 6 10 17 7 31 13 16 36 29 -14 32 46 -17 -18 21 24 -21 -22 23 -24 -25 35 40 -28 -29 -30 30 -32 -33 -34 34 -36 -37 -38 -39 -40 53 49 47 -44 44 -46 52 -48 -49 -50 -51 -52 -53 -54 55 -56 -57
leaf_value=-9.0523489640653132 9.1224568769666874 2.7258714517954816 10.531192517116153 6.175187067829949 4.4667552560631956 -3.8636815289249569 22.946933667296072 11.451986548734268 3.8346473047848662 0.12850196729281119 16.988985414310008 7.7151310001046687 -4.4503412847518922 25.731414014376128 24.671323447020161 12.057267116981304 -16.528441467830113 -13.559429475378991 -4.4022634967735836 11.988312851985297 -11.337708309057987 -2.4780902325510983 -4.3440778438372529 7.8226881120625666 -19.389576091151085 -5.6897915470662177 14.093848365783693 -1.0642793219977733 -0.28161716565359174 21.548976174464595 12.377593103421702 2.101947699214473 5.0172180707114089 -3.4252950612350745 6.8447070892678727 -6.3481160125554164 30.160701665463655 12.973958925504119 6.0637089559766988 30.706770974436115 -5.1180814653632165 16.774678234014299 -1.2875166896735948 -7.2322685454865088 3.7028437260219031 15.044586191813151 16.498503562491617 21.104177636650597 -0.25812060953440408 -6.9313032377155785 -6.9418801340859524 -13.13226518015529 8.2382463228400198 18.621762626082809 4.5664126924083748 25.003746883311173
leaf_weight=367 35 783 28 2832 185 507 117 85 1958 223 592 172 89 25 45 1026 34 99 111 131 32 629 4172 84 30 1536 29 254 2224 129 147 164 20 134 147 106 22 437 26 30 6238 132 845 375 20 29 80 402 308 458 1449 85 68 26 228 46
leaf_count=367 35 783 28 2832 185 507 117 85 1958 223 592 172 89 25 45 1026 34 99 111 131 32 629 4172 84 30 1536 29 254 2224 129 147 164 20 134 147 106 22 437 26 30 6238 132 845 375 20 29 80 402 308 458 1449 85 68 26 228 46
internal_value=0.0101959 -3.30873 10.1175 7.35835 15.2549 -4.89372 6.02991 11.289 1.31288 5.20417 13.4632 11.2717 5.85002 3.33664 11.7314 10.9023 -2.13064 -3.45746 0.0223114 17.2297 3.05859 -4.08828 -4.56081 -1.25527 -3.33301 -5.79603 0.636582 3.27188 0.502154 13.1496 16.7266 5.32679 16.8344 -1.53084 1.95247 -9.34548 17.0544 11.5038 16.5399 20.5584 -5.56952 19.6118 -2.25572 -8.37526 -6.67063 6.63133 19.6132 20.0673 -1.36385 -5.24312 -6.29971 -9.8469 10.4059 25.5329 5.20501 22.9859
internal_weight=30585 23025 7560 4920 2640 17145 3675 497 5880 3178 1976 1245 2921 2289 1336 1211 257 6617 3591 248 2244 4984 4271 713 555 10528 3036 2212 3007 885 276 249 45 1633 281 136 640 609 618 664 9681 562 1352 847 395 360 125 534 419 6696 2985 452 97 102 263 72
internal_count=30585 23025 7560 4920 2640 17145 3675 497 5880 3178 1976 1245 2921 2289 1336 1211 257 6617 3591 248 2244 4984 4271 713 555 10528 3036 2212 3007 885 276 249 45 1633 281 136 640 609 618 664 9681 562 1352 847 395 360 125 534 419 6696 2985 452 97 102 263 72
is_linear=0
shrinkage=0.05


Tree=34
num_leaves=59
num_cat=0
split_feature=10 10 9 0 9 15 1 6 11 1 8 10 6 6 15 11 6 11 1 15 9 9 11 6 7 15 1 9 1 4 6 15 19 20 8 13 8 15 20 11 11 15 9 11 10 1 11 10 6 11 19 1 8 4 3 0 11 1
split_gain=3.71445e+08 7.21053e+07 2.29951e+07 1.42548e+07 1.06363e+07 8.04506e+06 5.80456e+06 5.43136e+06 5.50622e+06 4.97183e+06 5.01167e+06 4.93946e+06 4.81146e+06 4.31627e+06 4.03592e+06 3.98325e+06 3.97507e+06 3.72066e+06 3.30708e+06 3.25394e+06 4.51768e+06 3.21256e+06 3.19935e+06 2.92147e+06 2.54767e+06 2.46459e+06 2.30108e+06 2.17076e+06 2.01763e+06 1.78552e+06 1.7547e+06 2.1833e+06 1.7276e+06 1.39383e+06 1.39212e+06 1.23304e+06 1.17809e+06 1.15007e+06 1.14021e+06 1.0271e+06 1.02155e+06 960317 884135 876547 851824 777882 741910 662013 597036 562835 538496 520805 478495 437746 342962 342277 336934 173010
threshold=1104.6751303923145 1983.9527159747879 598.93948057395687 0.43968005264420923 1627.7543623828017 -0.9159756150367534 0.1969881678844059 25220.020000000004 995.41203310160665 0.079306453220254175 1769.3285804849877 2438.4874958489418 34845.740000000005 21696.998333333337 -0.60355339059327384 595.13008241021805 34462.600000000006 408.82633411873377 0.11343215125001936 -0.60355339059327384 133.87200642658311 303.37034084237683 193.88810081328435 31867.895000000004 375.23001420982661 -0.37940952255126009 0.079306453220254175 2019.4196213484609 0.085342893742613321 0.79594076328328034 31285.19666666667 -0.37940952255126009 0.25000000000000017 1.0000000180025095e-35 456.6266919160783 28290.905000000002 1562.9693154448792 1.0000000180025095e-35 1.0000000180025095e-35 614.20424327994806 338.3537910039542 -0.78656609248549325 71.155737247132606 631.09926442692938 1037.8830049662122 0.18311622431001986 316.11610342264345 232.86589403628523 39613.970000000008 174.83848921885078 -0.5 0.060671807164413907 476.54513212773116 0.91135668156867056 0.70584350105878813 0.28385721731658087 78.238657920977133 0.14028351398216801
decision_type=2 2 2 2 2 2 2 2 2 2 2 2 2 2 2 2 2 2 2 2 2 2 2 2 2 2 2 2 2 2 2 2 2 2 2 2 2 2 2 2 2 2 2 2 2 2 2 2 2 2 2 2 2 2 2 2 2 2
left_child=2 4 21 5 16 12 14 25 23 22 13 15 33 39 17 -7 19 -5 -16 20 -2 38 44 -9 36 -6 -14 -15 -13 -21 31 -24 -27 -3 51 -32 -18 -10 47 -11 48 -42 49 -8 54 -12 -26 57 -36 -40 -46 55 -49 -44 -4 -23 -53 -1
right_child=1 3 9 6 7 11 43 8 37 10 45 28 26 27 18 -17 24 -19 -20 29 -22 34 30 -25 46 32 -28 -29 -30 -31 35 -33 -34 -35 40 -37 -38 -39 42 -41 41 -43 53 -45 50 -47 -48 52 -50 -51 -52 56 -54 -55 -56 -57 -58 -59
leaf_value=-7.4646524580422939 11.669937228534533 -14.012217756907146 -2.4031763757638527 11.138256371498109 -16.853424986004828 11.916523958967229 -1.0937828787702781 4.4847436046062121 27.972100900186078 -9.996209912416413 20.331809828385062 20.402623369652758 13.283177559190239 -2.7633079453957357 11.540061317417837 19.015561308043821 3.6337794255554443 -8.9034895765998154 5.5160608746458415 -1.8374046040097356 -5.1792573129748174 1.4819504837762743 -10.066621673739688 8.4730305024981494 6.8856156925857066 9.9059427716996939 4.7190180674578075 11.754488692650428 15.020974418886247 2.8102761148751174 13.903752881326984 1.2838327078621228 -3.0142787572611933 2.3381732429307087 -4.5328361053397144 3.6301293796972645 7.5543653881197628 13.753676926930746 -9.6722321489389014 -21.939627453613284 -18.756702117919922 -5.8045461039543156 -9.891172057318208 -14.38197000579834 -0.24802936820907795 6.7165666712885326 14.363517643168004 -5.9247606356996698 -2.7013960674830848 -15.325297585306942 5.4867536002805792 -5.7042991615466363 -1.6396984093440208 -6.441326622760684 -0.87680891406972439 -5.0226011383371958 -7.056393355099253 -11.330921765282042
leaf_weight=76 45 23 622 39 23 681 25 669 36 81 22 755 301 3065 1099 285 1553 54 291 230 295 20 48 1492 63 35 108 25 247 1982 30 312 91 28 6763 558 219 29 138 24 23 39 148 24 93 22 78 547 482 73 72 2331 75 276 904 2250 604 62
leaf_count=76 45 23 622 39 23 681 25 669 36 81 22 755 301 3065 1099 285 1553 54 291 230 295 20 48 1492 63 35 108 25 247 1982 30 312 91 28 6763 558 219 29 138 24 23 39 148 24 93 22 78 547 482 73 72 2331 75 276 904 2250 604 62
internal_value=0.010181 7.46773 -4.06083 12.8364 4.3581 15.2213 9.04932 7.0612 7.67966 -1.43858 -2.75085 16.6151 9.23517 -2.98338 9.60957 14.0285 2.91902 -0.469752 10.2838 1.62636 -2.92152 -5.16898 0.172483 7.24099 4.64173 -2.16788 11.0388 -2.64208 19.0923 2.3264 2.49614 -0.253241 0.624372 -5.1631 -4.91437 4.17702 4.12231 21.9331 -7.44742 -12.9074 -4.46733 -10.8309 -9.01975 -7.75985 -1.1309 13.8248 11.0944 -6.12356 -4.41138 -11.6911 2.27237 -5.54097 -5.41154 -7.66597 -1.50013 -4.96466 -5.98486 -9.27073
internal_weight=30585 10800 19785 3960 6840 2428 1532 2375 2226 5878 3239 1968 460 3195 1483 966 4465 93 1390 2552 340 13907 2639 2161 1913 149 409 3090 1002 2212 948 360 126 51 12512 588 1772 65 1395 105 7307 62 635 49 1691 44 141 760 7245 211 165 5205 622 424 1526 2270 2935 138
internal_count=30585 10800 19785 3960 6840 2428 1532 2375 2226 5878 3239 1968 460 3195 1483 966 4465 93 1390 2552 340 13907 2639 2161 1913 149 409 3090 1002 2212 948 360 126 51 12512 588 1772 65 1395 105 7307 62 635 49 1691 44 141 760 7245 211 165 5205 622 424 1526 2270 2935 138
is_linear=0
shrinkage=0.05


Tree=35
num_leaves=58
num_cat=0
split_feature=10 10 9 10 6 10 15 9 12 1 6 10 0 6 15 1 11 26 11 7 1 26 6 15 11 5 6 11 6 10 8 6 10 11 5 23 7 17 11 3 10 23 1 11 6 7 1 9 11 26 20 0 10 11 12 5 3
split_gain=3.35434e+08 5.67263e+07 3.41381e+07 1.06079e+07 7.97717e+06 7.33659e+06 7.03771e+06 5.42909e+06 5.01085e+06 4.79256e+06 4.4046e+06 4.03958e+06 3.45717e+06 3.21064e+06 3.52644e+06 3.06676e+06 5.27948e+06 3.91048e+06 3.01159e+06 2.90334e+06 2.77986e+06 2.74353e+06 2.59247e+06 6.56636e+06 3.24291e+06 2.30143e+06 2.15666e+06 2.04599e+06 2.10608e+06 2.03752e+06 2.00694e+06 1.98081e+06 1.9796e+06 1.95066e+06 1.83934e+06 2.40279e+06 1.76342e+06 1.76709e+06 1.67694e+06 1.63991e+06 1.54554e+06 1.17166e+06 1.13745e+06 1.03249e+06 940540 1.13916e+06 774183 723670 552749 881874 541016 455028 359625 338094 275396 215986 159532
threshold=1469.6315793078418 921.29225017694137 2507.049509271968 2374.987419907327 35668.942500000012 473.93637447067692 -0.60355339059327384 1274.0841273047001 30552.500000000004 0.11269189017778734 26304.932500000003 1808.0779705241741 0.49194309828246147 35025.419166666674 -0.5 0.08601658294058849 560.65504025192899 18.576600000000003 924.74512740195235 777.36461542940708 0.16823590160644428 19.249950000000002 29180.94333333334 -0.5 456.93634900424689 417.00500000000005 25433.005000000005 631.09926442692938 38509.695000000007 284.6815767390824 3005.0980100075335 43581.45416666667 2739.3066488678764 286.94712952411214 -638.51999999999987 13.010118500000003 709.52667636726585 0.81174490092936691 631.09926442692938 0.86105079219562353 582.23144018365736 8.7945025000000019 0.12428960263369709 227.81558094977899 29910.420000000002 346.23398046182007 0.054139681986966538 828.45600137165786 390.10552129938475 18.567550000000004 1.0000000180025095e-35 0.28385721731658087 2767.1847758161971 156.55121293920845 32435.500000000004 0.13999999999992954 1.5400139436404057
decision_type=2 2 2 2 2 2 2 2 2 2 2 2 2 2 2 2 2 2 2 2 2 2 2 2 2 2 2 2 2 2 2 2 2 2 2 2 2 2 2 2 2 2 2 2 2 2 2 2 2 2 2 2 2 2 2 2 2
left_child=1 5 3 4 6 29 8 20 -2 30 -8 39 34 14 21 19 42 -18 22 32 27 -7 23 -9 -24 -16 -20 28 -3 46 36 -13 -5 54 38 -36 37 -4 -11 -6 51 -38 -17 -42 45 -31 55 -35 52 -50 -48 -15 -32 -46 -22 -1 -21
right_child=2 7 9 15 11 13 10 18 -10 12 -12 31 -14 40 25 16 17 -19 26 56 33 -23 24 -25 -26 -27 -28 -29 -30 44 48 -33 -34 47 35 -37 41 -39 -40 -41 43 -43 -44 -45 53 -47 50 -49 49 -51 -52 -53 -54 -55 -56 -57 -58
leaf_value=-5.9039762336112469 -21.751401977539061 -0.23648541945976165 13.250824771007812 11.428402820041658 16.360420403957367 -5.6852935444022137 1.0439536921891885 -16.087682295977061 -0.11609732563810787 10.117614648342133 6.5594261965787757 10.786638888030385 -5.5804523812570883 0.45666716655095424 -3.6630823454349897 9.7108685318628964 7.5180009050821441 -11.564562569046021 3.2335482333955312 19.574913779667447 -3.787476837587707 -13.490929268381814 3.0914633878460553 1.7338438129425047 11.285171294771709 2.6540713505995903 25.257033037038951 13.421287769317628 3.2707981400450934 -5.5382959724444731 8.9256010627746587 22.6099658833052 18.534275529060363 -17.410437390254096 14.406590921476985 3.1116466729981562 22.361646276337488 19.394678722249495 -7.8318756242231888 5.9350710507882187 -1.3157394120806698 9.4676864939928063 18.200965671993441 3.2438445796361606 -4.6463046431114652 -13.583600409189859 -7.4469938886893674 -7.5612553320696323 23.958875583062962 18.20908560575467 -10.66223331195205 -3.684624635127542 17.29870711517334 1.7892966552007767 -0.026974506958671235 -2.244686303077073 28.725869630813602
leaf_weight=153 28 2777 709 532 39 548 442 58 347 31 2009 831 30 71 2910 122 57 49 20 20 84 142 1738 416 129 151 25 29 505 3920 21 37 124 25 355 55 123 147 21 802 1698 23 62 133 5697 44 437 80 126 210 200 964 59 20 114 57 29
leaf_count=153 28 2777 709 532 39 548 442 58 347 31 2009 831 30 71 2910 122 57 49 20 20 84 142 1738 416 129 151 25 29 505 3920 21 37 124 25 355 55 123 147 21 802 1698 23 62 133 5697 44 437 80 126 210 200 964 59 20 114 57 29
internal_value=0.00977027 -2.95904 9.24457 7.25178 6.22347 -4.42331 4.58993 1.22514 -1.7851 15.0075 5.56563 8.92044 10.7129 -3.11783 -4.08056 11.9276 7.55642 -1.32878 3.07565 13.7124 0.00290881 -7.30888 2.82535 -0.476117 3.66335 -3.35069 15.752 0.422918 0.304009 -5.24345 16.4889 11.3161 12.7978 -4.57298 11.7807 12.9027 15.2329 14.3273 2.85769 6.43739 -1.85683 20.4087 12.6546 -0.982948 -5.03656 -5.631 -7.59942 -10.0485 19.4705 20.43 -8.47163 -3.40036 15.2382 -4.62348 -1.63338 -4.92611 25.4571
internal_weight=30585 23145 7440 5530 4535 17145 2826 6000 375 1910 2451 1709 492 6617 3751 995 290 106 2386 705 3614 690 2341 474 1867 3061 45 3311 3282 10528 1418 868 656 303 462 410 1002 856 52 841 2866 146 184 1831 9681 3964 847 105 416 336 637 1035 80 5717 198 210 49
internal_count=30585 23145 7440 5530 4535 17145 2826 6000 375 1910 2451 1709 492 6617 3751 995 290 106 2386 705 3614 690 2341 474 1867 3061 45 3311 3282 10528 1418 868 656 303 462 410 1002 856 52 841 2866 146 184 1831 9681 3964 847 105 416 336 637 1035 80 5717 198 210 49
is_linear=0
shrinkage=0.05


Tree=36
num_leaves=60
num_cat=0
split_feature=10 10 9 2 9 6 1 8 10 1 6 9 9 6 1 7 11 6 11 9 0 7 7 5 14 2 1 9 12 5 5 9 11 1 9 13 10 5 16 26 11 19 9 9 11 1 10 0 7 1 11 10 13 1 8 5 7 10 1
split_gain=3.03536e+08 5.90858e+07 1.88056e+07 1.24053e+07 9.51203e+06 4.88134e+06 4.31825e+06 4.45256e+06 4.06059e+06 4.01452e+06 3.76525e+06 3.75451e+06 3.72304e+06 3.48722e+06 3.23664e+06 3.87371e+06 3.00891e+06 2.84508e+06 2.79168e+06 2.74975e+06 2.74371e+06 2.5296e+06 2.3827e+06 2.3377e+06 2.26787e+06 1.99267e+06 2.10981e+06 1.86705e+06 1.46138e+06 1.38242e+06 1.36788e+06 1.32377e+06 1.27554e+06 1.25564e+06 1.19002e+06 1.16357e+06 1.05287e+06 1.04359e+06 1.0046e+06 981671 962064 954078 796565 755246 743184 671136 572006 570274 531091 478635 778028 564394 476444 445276 406440 322949 294838 292301 155835
threshold=1104.6751303923145 1998.6334189596382 598.93948057395687 0.58405734446265456 1627.7543623828017 22662.251666666671 0.079306453220254175 1769.3285804849877 2548.6437464042765 0.07815191598035949 21696.998333333337 2863.635411009132 3050.8705243132035 34062.023333333338 0.11421608886533151 777.36461542940708 408.82633411873377 30375.340833333335 199.83092422830606 303.37034084237683 0.48643883837795626 375.23001420982661 709.52667636726585 -499.99999999999983 -0.5 0.48492550601761891 0.07815191598035949 2019.4196213484609 32001.500000000004 400.00000000000017 -223.97999999999999 133.87200642658311 333.97612482584282 0.057872501007512171 467.83829691191676 28290.905000000002 2715.5195010526172 0.010000000000005118 -0.60785761079279388 18.620500000000003 338.3537910039542 -0.68301270189221952 71.155737247132606 1065.6107339580142 316.11610342264345 0.18311622431001986 232.86589403628523 0.28385721731658087 201.97208654887896 0.12907691640303154 199.83092422830606 782.29371943823492 31384.095000000005 0.15094606262164065 482.27197982789386 -96.730000000000004 186.95650351905019 461.81058329811589 0.1496473349357926
decision_type=2 2 2 2 2 2 2 2 2 2 2 2 2 2 2 2 2 2 2 2 2 2 2 2 2 2 2 2 2 2 2 2 2 2 2 2 2 2 2 2 2 2 2 2 2 2 2 2 2 2 2 2 2 2 2 2 2 2 2
left_child=2 4 19 8 13 37 18 10 14 16 39 22 17 23 15 -3 36 -7 43 38 -16 41 -11 32 -18 26 -10 -12 29 -20 -13 -25 -2 -27 49 -30 -5 -6 42 -8 47 -15 48 57 -23 -9 58 -36 -1 51 -51 -21 -42 -14 -48 -44 -45 -4 -40
right_child=1 3 6 9 5 12 7 45 25 11 27 30 53 21 20 -17 24 -19 28 34 -22 44 -24 31 -26 33 -28 -29 35 -31 -32 -33 -34 -35 40 -37 -38 -39 46 -41 52 -43 55 56 -46 -47 54 -49 -50 50 -52 -53 -54 -55 -56 -57 -58 -59 -60
leaf_value=-9.2017745941575573 -0.7637400707163553 7.5700583544011195 -5.3199194300692696 12.348332311703313 -16.289185836498554 3.508363492467435 -17.257928402959088 19.151170329218328 9.2827008276981324 7.9934968109918847 -2.5349174320841978 6.3394852615805233 23.418543190002442 6.5699106318243157 7.5705199732563715 21.089548090382628 21.963599790858254 7.4764931116665387 -1.7323756562112433 -4.7425683591843475 -2.2717276542482812 6.1723722984882503 18.484325717649153 7.6026523828004535 15.76138769210821 15.872297896569775 -7.4359727112452196 10.928860896183894 12.940266480726354 6.9026864414981439 17.376514775814378 1.5696973523799445 -9.0170604479635088 10.839533188480765 -1.369187808199601 3.3834516008463775 17.718805539570159 -1.0416365995861234 -6.985993309897939 -7.3693996523166518 -6.3796102474530549 3.2180637635842042 -10.208643833609187 0.48118150648404989 13.440887997561489 6.4818508612591295 -5.211825970379607 -3.9406139534699296 -15.15038120998036 -5.6965288711973043 -15.29279118971391 2.5597437388808642 -16.662290678478424 14.058466306119351 -0.0015395090638137445 -6.338456285704531 4.3021533766720026 -1.2660365800585232 -10.726325447514371
leaf_weight=157 128 838 45 433 25 611 48 22 90 478 3065 33 29 245 131 56 295 1763 268 5839 152 64 61 94 331 247 23 25 33 55 271 2171 73 276 226 549 125 20 86 57 29 1615 67 170 86 22 582 5401 54 950 21 26 20 36 40 357 71 1448 52
leaf_count=157 128 838 45 433 25 611 48 22 90 478 3065 33 29 245 131 56 295 1763 268 5839 152 64 61 94 331 247 23 25 33 55 271 2171 73 276 226 549 125 20 86 57 29 1615 67 170 86 22 582 5401 54 950 21 26 20 36 40 357 71 1448 52
internal_value=0.00966946 6.75113 -3.67043 11.7295 4.00316 6.4841 -1.29906 -2.52204 8.7157 14.4195 -2.74123 11.7499 6.78622 2.6252 6.9653 8.43954 16.3087 6.45712 0.202367 -4.67256 2.29482 4.17064 9.21281 1.36435 18.7145 11.939 5.84436 -2.42249 2.45189 -0.245227 16.2031 1.82332 -3.79104 13.2421 -4.43704 3.94661 13.5809 -9.68257 -6.78036 -12.0101 -3.89983 3.66287 -8.25554 -0.972427 10.4011 13.1014 -5.53857 -3.8376 -10.7885 -4.88245 -5.91959 -4.70976 -10.826 18.5261 -4.87731 -6.97261 1.62001 -1.39171 -8.46246
internal_weight=30585 10800 19785 3840 6960 2484 5878 3239 1813 2027 3195 843 2439 4476 1177 894 1184 2374 2639 13907 283 2010 539 2466 626 636 113 3090 905 323 304 2265 201 523 12512 582 558 45 1395 105 5676 1860 635 1734 150 44 760 5627 211 6836 971 5865 49 65 622 424 241 1493 138
internal_count=30585 10800 19785 3840 6960 2484 5878 3239 1813 2027 3195 843 2439 4476 1177 894 1184 2374 2639 13907 283 2010 539 2466 626 636 113 3090 905 323 304 2265 201 523 12512 582 558 45 1395 105 5676 1860 635 1734 150 44 760 5627 211 6836 971 5865 49 65 622 424 241 1493 138
is_linear=0
shrinkage=0.05


Tree=37
num_leaves=60
num_cat=0
split_feature=10 10 10 14 14 10 17 14 11 11 10 17 7 11 0 4 7 7 17 11 19 13 14 1 26 9 13 1 17 7 1 4 0 10 11 1 1 1 11 9 2 1 11 7 1 11 10 10 11 23 9 1 1 3 0 7 19 24 3
split_gain=2.74329e+08 4.1159e+07 3.16576e+07 7.82592e+06 7.32541e+06 6.0428e+06 5.37108e+06 5.20003e+06 4.361e+06 3.86061e+06 3.65861e+06 3.62417e+06 5.92683e+06 4.87414e+06 3.55805e+06 3.33436e+06 3.09188e+06 3.06182e+06 3.09732e+06 3.06142e+06 2.99216e+06 2.8329e+06 2.63242e+06 2.30026e+06 3.21905e+06 2.29724e+06 2.09668e+06 2.06773e+06 2.05806e+06 1.76928e+06 1.8221e+06 1.72487e+06 1.43735e+06 1.39968e+06 1.33985e+06 1.13302e+06 1.12593e+06 1.0524e+06 1.01245e+06 827758 816675 950473 844668 724843 659186 650819 609278 608518 658549 588707 518400 485916 365998 352692 332105 284411 257982 234557 118076
threshold=1406.9133085702856 921.29225017694137 2257.4581861031606 -0.70710678118654735 -0.70710678118654735 473.93637447067692 0.81174490092936691 -0.70710678118654735 924.74512740195235 247.26169252403 2665.9354191262587 0.81174490092936691 867.10914946797095 370.03976961598988 0.44690705193421881 0.95345179898211219 816.11141565159744 709.52667636726585 0.81174490092936691 408.82633411873377 -0.5 28598.865000000002 -0.70710678118654735 0.15497246883075538 14.636050000000003 2084.4454757204603 41588.225000000006 0.18058820999331973 0.81174490092936691 472.40360327348986 0.11902083097981232 0.43178446182897229 0.30671591557047923 1706.1374638911916 190.30317605116554 0.20768790288737579 0.084721040309403542 0.03544809761222794 197.70191442805387 416.42871920763656 0.59700384513092264 0.045421988224254216 425.07594124034773 302.7060715524612 0.060107392327039592 87.350194167814593 1793.8878411864259 2767.1847758161971 400.20756300939792 9.2676205000000014 439.60165944303247 0.055680606748290042 0.10378502193476218 1.1631911838847659 0.51143061044271121 404.66582167028594 -0.68301270189221952 5.6029038500000015 2.2013852343508646
decision_type=2 2 2 2 2 2 2 2 2 2 2 2 2 2 2 2 2 2 2 2 2 2 2 2 2 2 2 2 2 2 2 2 2 2 2 2 2 2 2 2 2 2 2 2 2 2 2 2 2 2 2 2 2 2 2 2 2 2 2
left_child=1 5 3 9 40 31 8 25 15 46 17 13 35 26 19 -5 -10 18 -6 -8 -15 -19 34 28 -25 38 -9 -16 -24 33 -31 43 58 -11 45 -13 -36 -34 53 44 41 42 -4 50 -33 -7 57 48 -42 -43 -1 -40 -41 -3 -45 -49 -48 -2 -12
right_child=2 7 4 6 10 22 14 11 16 29 32 12 -14 20 27 -17 -18 21 -20 -21 -22 -23 23 24 -26 -27 -28 -29 -30 30 -32 39 37 -35 36 -37 -38 -39 51 52 47 49 -44 54 -46 -47 56 55 -50 -51 -52 -53 -54 -55 -56 -57 -58 -59 -60
leaf_value=-7.5752364039880078 0.37247927743196485 1.3957070950207546 11.319894469932272 0.46374164784798416 7.6474857485759831 -3.1384043281320047 8.0539078089647145 -0.55302543401544779 -14.648109233064472 5.8786604965478189 26.245762242126467 3.1345867630856579 27.119984183678259 -1.2857725732640704 6.1583831755163638 4.9062955138441184 2.915148196021716 0.29175886295459891 16.507130697380415 17.978554520864744 -11.736564387686149 18.155000450026758 -3.5068345761351196 -3.3535791837232454 -13.173907257156714 16.662183458732837 2.7835669302152102 -8.8465478161665114 -0.43184593140134342 18.902945367568925 10.317258633648908 -4.4872920520111901 16.488747642633228 11.028257515654943 5.9580892103697574 -8.4647895258123231 -0.4960345884190317 11.858456133302523 6.4125875326332809 -4.0275690368677894 13.35060709632446 12.223946197067484 24.355283168669672 -17.731388869512649 -5.9558016183153493 -0.87224416053613951 10.834796770470483 25.700104148501442 18.267837705343123 2.3446919813610259 -4.4991008299186035 3.6265204453117712 -4.8683049967464456 4.5595638430232093 -9.3628793289547882 18.669711884771075 5.403128507137299 4.5224169422905076 17.829188897269113
leaf_weight=447 39 560 26 497 1049 507 170 2728 52 191 24 518 25 128 202 2820 47 26 109 147 147 152 4006 209 139 32 568 25 630 123 134 1505 193 458 111 21 170 403 248 4899 106 68 30 20 1604 845 55 41 318 20 206 441 1806 104 41 55 42 278 20
leaf_count=447 39 560 26 497 1049 507 170 2728 52 191 24 518 25 128 202 2820 47 26 109 147 147 152 4006 209 139 32 568 25 630 123 134 1505 193 458 111 21 170 403 248 4899 106 68 30 20 1604 845 55 41 318 20 206 441 1806 104 41 55 42 278 20
internal_value=0.00943805 -2.7898 8.01948 5.78236 12.4899 -3.99874 4.66887 0.965184 3.93187 9.11676 10.9517 0.0767654 3.79778 -0.511825 9.28108 4.24099 -6.36418 9.44746 8.49495 12.6983 -6.8945 15.562 -2.81395 -3.38475 -7.30259 3.61564 0.0226382 4.47428 -3.08915 10.9454 14.4837 -4.74306 14.0721 9.52412 -1.07084 2.66782 2.06553 13.383 3.29499 -4.56944 17.044 13.4714 18.608 -7.11977 -5.2466 -1.72375 5.0982 18.0055 17.0728 10.0303 -6.61319 4.63719 -4.25472 1.89737 -12.3485 21.9063 8.56212 4.01465 22.9014
internal_weight=30585 22665 7920 5280 2640 17145 3960 5520 3416 1320 1976 4135 564 3571 544 3317 99 1336 1158 317 275 178 6617 4984 348 1385 3296 227 4636 906 257 10528 640 649 1633 539 281 596 1353 9814 664 144 56 714 3109 1352 414 520 424 88 653 689 6705 664 61 96 97 317 44
internal_count=30585 22665 7920 5280 2640 17145 3960 5520 3416 1320 1976 4135 564 3571 544 3317 99 1336 1158 317 275 178 6617 4984 348 1385 3296 227 4636 906 257 10528 640 649 1633 539 281 596 1353 9814 664 144 56 714 3109 1352 414 520 424 88 653 689 6705 664 61 96 97 317 44
is_linear=0
shrinkage=0.05


Tree=38
num_leaves=57
num_cat=0
split_feature=10 10 10 0 6 8 17 11 1 0 26 6 8 1 23 6 11 6 11 11 1 26 5 4 8 11 17 10 21 11 11 5 23 13 26 13 0 1 6 23 6 11 0 11 10 17 0 6 16 6 1 26 13 23 8 1
split_gain=2.48636e+08 4.41331e+07 1.91172e+07 1.04925e+07 7.09813e+06 6.09404e+06 4.11976e+06 3.87808e+06 3.80397e+06 4.07801e+06 3.73949e+06 3.63145e+06 3.75689e+06 2.99416e+06 2.96165e+06 2.58752e+06 5.15712e+06 2.58358e+06 3.46969e+06 2.37583e+06 2.34944e+06 2.27593e+06 2.24667e+06 2.05019e+06 1.83464e+06 1.80737e+06 1.7766e+06 1.68196e+06 1.98616e+06 1.64299e+06 1.64081e+06 1.61651e+06 1.605e+06 1.5595e+06 1.20585e+06 1.18614e+06 1.01678e+06 1.00962e+06 955563 881213 811522 792734 1.18061e+06 753803 752991 736342 700007 688018 566442 528434 509456 484115 356956 356265 353251 255067
threshold=1144.1496351358087 1998.6334189596382 684.59061149821753 0.40981496607995499 29910.420000000002 2032.726412708347 0.81174490092936691 400.20756300939792 0.11573843638251087 0.50247997818105761 18.160600000000006 33561.394166666672 1743.9111632769943 0.074941269561409882 8.9836310000000008 22662.251666666671 456.93634900424689 29122.735000000004 448.97942493170416 408.82633411873377 0.24704976018373964 18.576600000000003 298.97000000000008 0.43178446182897229 3005.0980100075335 280.17707909155911 0.81174490092936691 1663.4810707368877 1.0000000180025095e-35 520.41605753204374 544.86233109898774 300.02500000000038 9.9015710000000023 34490.420000000006 25.536800000000003 31189.230000000007 0.30671591557047923 0.084721040309403542 37916.20416666667 15.412445500000002 24460.21166666667 227.81558094977899 0.44478078443547303 478.87360381594812 502.90780557821176 -0.56174490092936669 0.28385721731658087 42502.757500000007 1.0000000180025095e-35 35093.708333333343 0.10512061028448023 6.7888500000000009 33521.840000000004 6.2677238000000006 1090.1199783712404 0.059528773834004955
decision_type=2 2 2 2 2 2 2 2 2 2 2 2 2 2 2 2 2 2 2 2 2 2 2 2 2 2 2 2 2 2 2 2 2 2 2 2 2 2 2 2 2 2 2 2 2 2 2 2 2 2 2 2 2 2 2 2
left_child=2 4 17 13 15 6 22 -8 10 40 43 12 20 19 25 16 -2 23 44 47 26 -12 -6 41 33 38 -4 28 -17 -11 39 -29 -14 -15 37 -18 -21 -25 -13 -7 -10 51 -43 -5 55 -32 -46 -3 -26 52 -36 -1 -16 -27 -51 -19
right_child=1 3 11 8 5 30 7 -9 9 29 21 14 32 24 49 27 35 18 -20 36 -22 -23 -24 34 48 53 -28 31 -30 -31 45 -33 -34 -35 50 -37 -38 -39 -40 -41 -42 42 -44 -45 46 -47 -48 -49 -50 54 -52 -53 -54 -55 -56 -57
leaf_value=-8.0821386567864035 10.867110521197318 11.341437097429917 -2.6857258828762203 3.9335946177136565 2.8530473865130737 8.8102458550680574 5.2670887481787858 14.248490290132802 -1.6917461314424873 5.4754429114205507 13.080784891541576 0.26275028489540969 3.8901862670436054 18.653145867877537 2.7708824443817139 1.0250530264043591 -9.0656208130464719 -3.6718201271545889 11.827101052337223 25.48162784380791 -15.061670335001416 8.6126911869320537 6.2183478071964773 -4.0789112000397436 18.472143010139469 10.842886186487535 1.0413793767429889 2.2673095517909556 -9.9215370870191002 -7.2374675737543317 9.3079602821056664 7.8903312578526412 21.8359334727696 8.8852924383932983 9.2439525803497862 -23.284797185716176 16.63416062297382 -5.600671692293071 3.1291435298441428 -0.29580363388719233 8.1041405036633041 -21.165952770996096 -8.7710372992789409 -5.0436813754505589 0.33262618782743814 18.474360604357365 -3.1341976104954643 15.762827529534698 12.857448877643897 -0.86377813900956135 -1.5828432609723961 -4.9561704219270641 -3.6681794847517502 5.4847658851582519 1.6684150686369916 -4.272632232943061
leaf_weight=317 31 382 2457 179 2626 496 377 177 23 34 425 684 32 44 23 1142 58 3661 35 38 35 908 612 2402 79 50 367 472 42 93 38 175 20 592 20 20 520 2027 505 28 223 24 100 26 159 66 1704 127 147 1473 22 215 231 92 151 3579
leaf_count=317 31 382 2457 179 2626 496 377 177 23 34 425 684 32 44 23 1142 58 3661 35 38 35 908 612 2402 79 50 367 472 42 93 38 175 20 592 20 20 520 2027 505 28 223 24 100 26 159 66 1704 127 147 1473 22 215 231 92 151 3579
internal_value=0.00944302 6.38221 -3.17944 10.6144 3.82565 4.93213 4.17453 8.15711 7.98079 3.43861 9.07942 -0.841573 -2.12004 13.218 0.31847 1.30347 -6.14641 -4.18231 -3.67732 15.0015 -2.36381 10.046 3.49083 -5.08147 10.9954 2.12193 -2.20116 1.75008 0.628696 -3.81778 9.49271 3.79806 11.0743 9.58929 -4.69635 -12.9602 17.2812 -4.77648 1.48179 8.32402 7.1851 -7.69512 -11.3202 2.77603 -3.73823 15.2457 -2.83829 12.4734 14.8929 -0.96015 3.66774 -6.8305 -3.07652 7.43409 -0.627449 -3.96937
internal_weight=30585 10200 20385 3840 6360 4420 3792 554 1911 373 1538 6120 2911 1929 3209 1940 109 14265 9138 1067 2859 1333 3238 5127 862 1331 2824 1831 1184 127 628 647 52 636 4471 78 558 4429 1189 524 246 656 124 205 9103 104 1863 509 226 1878 42 532 254 142 1624 7240
internal_count=30585 10200 20385 3840 6360 4420 3792 554 1911 373 1538 6120 2911 1929 3209 1940 109 14265 9138 1067 2859 1333 3238 5127 862 1331 2824 1831 1184 127 628 647 52 636 4471 78 558 4429 1189 524 246 656 124 205 9103 104 1863 509 226 1878 42 532 254 142 1624 7240
is_linear=0
shrinkage=0.05


Tree=39
num_leaves=56
num_cat=0
split_feature=10 10 10 6 15 14 10 14 11 15 15 6 23 6 11 6 14 15 6 11 15 11 12 8 15 5 11 23 23 11 10 15 18 11 15 26 10 11 15 10 4 11 14 10 14 23 0 18 6 1 1 8 15 1 0
split_gain=2.24671e+08 3.2357e+07 2.49802e+07 8.72156e+06 7.38297e+06 6.36755e+06 6.3386e+06 5.35974e+06 3.6572e+06 3.48996e+06 3.33241e+06 4.00439e+06 4.51915e+06 3.18346e+06 3.06131e+06 3.04217e+06 2.95197e+06 2.93771e+06 2.57151e+06 3.21583e+06 2.77843e+06 4.03179e+06 2.5606e+06 2.5138e+06 2.20992e+06 2.20541e+06 2.20487e+06 2.13942e+06 2.11737e+06 2.10798e+06 1.94572e+06 1.92704e+06 1.71762e+06 1.65413e+06 1.85373e+06 1.56357e+06 1.49508e+06 1.10218e+06 965895 925284 917992 805735 793287 720505 652388 557674 501305 501184 440911 254603 220714 208849 356750 195242 119693
threshold=1274.7662544137927 2257.4581861031606 705.9491634592531 29910.420000000002 -0.60355339059327384 -0.70710678118654735 1756.7994164434776 -0.70710678118654735 739.19286622200468 -0.9159756150367534 0.98296291314453432 36212.617500000008 11.682696500000002 36036.051666666674 531.76801472283285 23379.125000000004 0.25881904510252091 0.96592582628906831 28412.020000000004 509.51803386083446 -0.5 364.37064053653665 30552.500000000004 1720.0260074008504 -0.9829629131445341 400.00000000000017 560.65504025192899 7.6432585000000008 6.2200513500000012 430.40480358111773 1512.4994410164497 -0.5 -0.6830127018922193 166.58298208208168 -0.12940952255126034 18.583150000000003 582.23144018365736 118.56835084442757 -0.9829629131445341 502.90780557821176 0.90371345083411547 232.95339352564329 -0.37940952255126059 2767.1847758161971 -0.9159756150367534 7.8633765000000002 0.41904103665644998 -0.5 38655.395833333336 0.059528773834004955 0.16412451633533634 3050.8705243132035 -0.12940952255126034 0.057872501007512171 0.5423384135443432
decision_type=2 2 2 2 2 2 2 2 2 2 2 2 2 2 2 2 2 2 2 2 2 2 2 2 2 2 2 2 2 2 2 2 2 2 2 2 2 2 2 2 2 2 2 2 2 2 2 2 2 2 2 2 2 2 2
left_child=2 3 18 4 22 43 8 23 31 16 11 12 -7 17 -11 29 -8 27 20 39 21 37 -2 33 -13 40 -19 -9 41 -6 -24 -5 -17 50 -35 -25 -27 -1 -30 49 -22 -15 -41 44 48 -10 -46 53 -3 -20 -4 -45 -53 -12 -23
right_child=1 5 7 6 15 10 9 13 45 14 47 24 -14 28 -16 32 -18 26 19 -21 25 54 30 35 -26 36 -28 -29 38 -31 -32 -33 -34 34 -36 -37 -38 -39 -40 42 -42 -43 -44 51 46 -47 -48 -49 -50 -51 -52 52 -54 -55 -56
leaf_value=-4.8370881039519995 -20.126867527105873 18.192384217133686 -0.18704229035207798 2.226464715275728 5.4971707792060318 8.4399236467713603 -0.09730660828484429 -1.5119557031307966 22.483297964731854 8.0060290754173078 24.188220456838607 4.3494746337618144 -3.6851371618064053 2.5675851576032107 14.34296222457019 9.7642831305783222 9.7856727660329739 0.88034979950848635 -3.5065418641911537 13.447101672036306 -5.5822933623142541 -20.336622155996473 -12.585255521691364 19.77251799762249 13.475929780826474 -1.4958006590239856 16.722652299300485 -4.2467021090845298 -4.6023997694470227 -7.5294924550984819 1.272626994283576 5.1080358116468094 2.9492120913831883 0.054298963139428315 4.3682121504267597 2.5551421670118972 12.564149594153127 -8.3947680042837707 0.085373134674012058 -1.5884445400324465 -3.8649320566987253 7.9150488620026174 -3.4636907838794055 24.530358957143932 13.931136344853869 11.879296757547479 8.06148354663849 11.440319637722439 13.600102355132984 -4.0849478482003061 -5.4062782126381288 11.594230275154114 20.076616760947488 17.546023384787823 -13.772782040550595
leaf_weight=512 38 177 575 1043 42 1112 224 2003 23 1540 31 76 82 402 219 98 113 491 3908 27 1199 51 45 31 595 48 22 1113 123 112 56 1314 1456 378 729 23 30 387 965 999 2268 85 1303 25 234 37 49 26 102 3873 20 23 54 54 20
leaf_count=512 38 177 575 1043 42 1112 224 2003 23 1540 31 76 82 402 219 98 113 491 3908 27 1199 51 45 31 595 48 22 1113 123 112 56 1314 1456 378 729 23 30 387 965 999 2268 85 1303 25 234 37 49 26 102 3873 20 23 54 54 20
internal_value=0.00926969 6.64542 -2.75789 4.7126 1.81704 11.2982 5.89698 -0.29215 4.1491 7.90959 9.86459 9.35388 7.60482 -1.09814 8.8027 2.72043 3.2357 -1.91268 -3.93123 -3.48737 -4.92415 -7.29696 -9.22378 2.09571 12.4503 -4.27301 1.59097 -2.48983 0.778686 -3.96419 -4.96448 3.83439 3.385 1.75461 2.89655 12.6191 4.0024 -6.37622 -0.448322 -3.53404 -4.46029 3.51524 -2.65093 15.5432 14.7708 16.2462 12.9468 18.2853 16.5681 -3.79493 -0.371264 19.6143 17.7241 20.2216 -18.7047
internal_weight=30585 9000 21585 6360 1847 2640 4513 6960 2417 2096 1976 1865 1194 5204 1759 1708 337 3629 14625 10110 4515 970 139 1756 671 3545 513 3116 1575 154 101 2357 1554 1702 1107 54 78 899 1088 10083 3467 487 2302 664 562 60 283 111 279 7781 595 102 77 85 71
internal_count=30585 9000 21585 6360 1847 2640 4513 6960 2417 2096 1976 1865 1194 5204 1759 1708 337 3629 14625 10110 4515 970 139 1756 671 3545 513 3116 1575 154 101 2357 1554 1702 1107 54 78 899 1088 10083 3467 487 2302 664 562 60 283 111 279 7781 595 102 77 85 71
is_linear=0
shrinkage=0.05


Tree=40
num_leaves=50
num_cat=0
split_feature=9 8 8 6 17 11 4 1 8 1 7 9 15 11 3 8 15 23 15 12 15 23 15 5 7 7 8 0 15 6 15 17 11 15 3 26 6 1 26 26 8 9 1 1 20 20 15 6 23
split_gain=1.92948e+08 3.09896e+07 2.60934e+07 8.25332e+06 9.56699e+06 6.87227e+06 4.54505e+06 4.3501e+06 4.60156e+06 3.64882e+06 3.23289e+06 3.18426e+06 3.16679e+06 2.94559e+06 2.93776e+06 2.92519e+06 2.43057e+06 3.96843e+06 2.32225e+06 3.15908e+06 2.25269e+06 2.04312e+06 2.25344e+06 1.56211e+06 1.51856e+06 1.51702e+06 1.47635e+06 1.47348e+06 1.32905e+06 2.22923e+06 1.32759e+06 1.2054e+06 1.44302e+06 1.34363e+06 1.23732e+06 1.14965e+06 1.13481e+06 1.06538e+06 850450 910985 848073 714574 575027 484026 469020 451465 360820 115360 1302.76
threshold=1329.1249317153095 2055.8953207150594 822.73278426324293 23768.352500000005 0.81174490092936691 400.20756300939792 0.43178446182897229 0.21364731160036707 2895.5032941072968 0.17248759455961213 709.52667636726585 479.86684091365447 -0.9829629131445341 497.39075132390343 1.4297969607747862 1603.25204566808 -0.12940952255126034 9.7433180000000004 -0.37940952255126009 30239.500000000004 -0.9829629131445341 6.3611460000000006 -0.12940952255126034 -287.98999999999995 595.16997336795305 472.40360327348986 304.3907199453833 0.44285898428748433 -0.70710678118654757 35605.790000000008 0.1294095225512602 0.81174490092936691 132.12150365067538 1.0000000180025095e-35 0.36404528670822217 18.579800000000002 20886.31833333334 0.095800802092079362 18.852700000000002 17.424700000000005 634.69102500918314 3199.5985812441477 0.070827248909627563 0.10443405087852671 1.0000000180025095e-35 1.0000000180025095e-35 -0.37940952255126009 37047.170000000006 8.9233255000000025
decision_type=2 2 2 2 2 2 2 2 2 2 2 2 2 2 2 2 2 2 2 2 2 2 2 2 2 2 2 2 2 2 2 2 2 2 2 2 2 2 2 2 2 2 2 2 2 2 2 2 2
left_child=2 3 11 16 6 37 27 8 10 14 12 24 -3 38 21 -8 44 36 19 -16 -7 23 -23 -4 26 -20 42 -5 29 -10 48 34 47 -34 45 -12 -18 -6 39 -11 -36 -30 -1 -28 -2 -13 -40 -33 -15
right_child=1 7 9 4 5 20 15 -9 28 13 35 31 -14 30 18 -17 17 -19 25 -21 -22 22 -24 -25 -26 -27 43 -29 41 -31 -32 32 33 -35 40 -37 -38 -39 46 -41 -42 -43 -44 -45 -46 -47 -48 -49 -50
leaf_value=-4.6153724761829817 -8.8039081859588624 -2.8635572419762614 -2.281389948038135 -11.983255980261442 6.7451063519316365 -0.10177640812737601 2.4532003910831541 -6.5390190300574664 0.58176434570888302 -1.625687909118831 22.091412105186315 -5.2569202753399713 8.8465969857640214 -15.469079386393227 -15.974899068979116 5.1088344731649578 -13.254159379535251 15.303944810937953 4.8560945022249804 3.1172162468249982 14.834495895237119 -1.8952614272366681 1.0042602535185889 1.8676967492305612 9.3692823600769053 13.040083925795152 -3.6831095947894634 -0.69984445644637283 13.349902106958467 12.431972533118795 -5.3009846426458926 -3.1369428449251568 3.1147123376431169 -2.5853492660452555 -3.268572548893939 12.848925051614643 -3.127408400592059 1.7761860177973787 -10.166165050815891 8.7922576912589694 -1.8129358153931259 17.378313122579925 -6.833988520298603 -4.5571703710591427 -19.072533443302945 -11.018905055863517 -3.6410143711566927 -1.7451547963601919 -21.121994811866596
leaf_weight=575 23 59 253 57 312 27 2229 38 52 239 50 97 2010 20 25 1944 35 26 165 129 384 1477 1225 2132 20 87 6654 58 628 168 33 414 285 161 3293 127 124 166 36 22 1444 151 620 2112 28 55 54 240 22
leaf_count=575 23 59 253 57 312 27 2229 38 52 239 50 97 2010 20 25 1944 35 26 165 129 384 1477 1225 2132 20 87 6654 58 628 168 33 414 285 161 3293 127 124 166 36 22 1444 151 620 2112 28 55 54 240 22
internal_value=0.00918682 6.30947 -2.49394 3.98375 4.40079 9.11941 3.42061 10.1417 10.339 0.341659 9.07433 -3.54487 8.51144 -4.11067 0.687638 3.69126 -5.14463 -2.44553 4.77527 -0.0651888 13.8554 0.360524 -0.580824 1.42679 -4.09197 7.72191 -4.11993 -6.34763 13.1704 9.64634 -13.0382 -2.63257 -1.13573 1.05588 -2.96904 15.5693 -5.4255 5.02682 -2.17145 -0.717321 -2.82532 14.152 -5.77121 -3.89419 -14.7 -7.40027 -6.33416 -2.62965 -18.8526
internal_weight=30585 8696 21889 5413 5177 889 4288 3283 3245 5919 2246 15970 2069 426 5493 4173 236 185 406 154 411 5087 2702 2385 9981 252 9961 115 999 220 75 5989 1100 446 4889 177 159 478 351 261 4737 779 1195 8766 51 152 90 654 42
internal_count=30585 8696 21889 5413 5177 889 4288 3283 3245 5919 2246 15970 2069 426 5493 4173 236 185 406 154 411 5087 2702 2385 9981 252 9961 115 999 220 75 5989 1100 446 4889 177 159 478 351 261 4737 779 1195 8766 51 152 90 654 42
is_linear=0
shrinkage=0.05


Tree=41
num_leaves=58
num_cat=0
split_feature=10 9 9 10 10 1 14 9 1 21 3 14 15 1 12 10 8 24 19 15 23 12 8 9 7 13 7 7 15 26 15 15 8 17 16 8 10 15 3 15 23 15 16 18 16 1 9 1 5 12 5 1 8 26 12 23 5
split_gain=1.84809e+08 3.71948e+07 1.05516e+07 9.29421e+06 5.19091e+06 3.42998e+06 3.33077e+06 2.80729e+06 3.4306e+06 3.23149e+06 2.76948e+06 2.75377e+06 3.07403e+06 2.64458e+06 2.47325e+06 2.42264e+06 2.68547e+06 2.28281e+06 2.16627e+06 2.02279e+06 2.23851e+06 2.22669e+06 2.37706e+06 2.00802e+06 1.9774e+06 1.87359e+06 1.82323e+06 1.8212e+06 1.47684e+06 1.36578e+06 1.79628e+06 1.19328e+06 1.01271e+06 920298 891255 794093 730437 727095 721372 705052 684877 624062 1.79813e+06 688295 495691 484612 466208 439653 421476 411179 386132 313923 290529 255323 229638 208063 151673
threshold=1097.1830890323909 1873.4163097475914 598.93948057395687 2257.4581861031606 1644.3070796693785 0.14429117344799927 -0.78656609248549292 3050.8705243132035 0.18946953262365177 1.0000000180025095e-35 1.2310013698282696 -0.70710678118654735 0.96592582628906831 0.061552621303690887 44332.500000000007 533.5398419183108 1699.6209308463654 5.3330026000000013 0.6830127018922193 -0.9829629131445341 6.0916937000000013 35883.500000000007 596.74588443185201 303.37034084237683 221.78921163140225 21887.480000000007 544.92069095004797 816.11141565159744 0.1294095225512602 18.589750000000006 -0.12940952255126034 1.0000000180025095e-35 1468.1825736499293 -0.56174490092936669 -0.60785761079279388 454.72274095215397 2665.9354191262587 -0.37940952255126009 0.96812737432763707 -0.12940952255126034 7.7021935000000008 -0.37940952255126009 -0.60785761079279388 -0.6830127018922193 -0.60785761079279388 0.10378502193476218 71.155737247132606 0.13522422607677229 200.79999999999998 44332.500000000007 70.000000000000028 0.056792131615213119 476.54513212773116 6.7888500000000009 42935.500000000007 14.618626500000003 50.000000000000014
decision_type=2 2 2 2 2 2 2 2 2 2 2 2 2 2 2 2 2 2 2 2 2 2 2 2 2 2 2 2 2 2 2 2 2 2 2 2 2 2 2 2 2 2 2 2 2 2 2 2 2 2 2 2 2 2 2 2 2
left_child=2 4 23 7 19 10 41 8 9 -3 25 18 13 -13 17 44 24 -8 37 20 54 28 -23 34 -17 -4 -27 -10 -21 48 -31 -12 -33 -14 39 51 -16 -6 49 46 -18 42 -5 -43 -7 -22 -1 52 -9 -37 -41 55 -36 -53 -2 -25 -49
right_child=1 3 5 6 11 15 14 29 27 -11 31 12 33 -15 36 16 40 -19 -20 21 45 22 -24 35 -26 26 -28 -29 -30 30 -32 32 -34 -35 47 38 -38 -39 -40 50 -42 43 -44 -45 -46 -47 -48 56 -50 -51 -52 53 -54 -55 -56 -57 -58
leaf_value=-9.89310118337254 -0.70073584279348688 7.1718483669546913 -13.88317328982883 -1.8181079064244809 2.9453572016629308 -17.043644887076482 2.2478331640473117 24.765850473131451 -2.7478044647874396 -2.123987740410699 -2.2830119499760242 5.9142423355446443 4.5007496527582402 2.0459686023985983 13.533948877836977 -1.7306751267031624 2.799145677739924 9.8602246294700926 23.445692403774999 -1.28473007603307 -5.5342817155101844 19.08413481173308 2.9091198811366556 -3.5215044615012832 -6.4005617734332567 -0.77024824803890513 9.5753626539540857 9.8953281053815569 1.7249207374025013 14.993070710989144 -0.69097486430201038 5.9051519327404121 17.954921264648437 11.757874615906152 -4.0571940830440152 -3.1077276866373076 21.519503151748495 9.7054984624502154 -10.186629245546129 -5.0406542202027262 15.733089931578863 17.023730736842385 14.124084650860278 12.689452989125954 -7.7726116536458321 -12.931225474357603 -6.5220586813863068 -7.4014517331501812 13.876018503362483 0.8447988909749844 1.9325098414006441 -5.2199290717145681 -0.60377574204972817 -4.0245671355604999 4.1755011040398058 -0.044944876988728844 -2.6414888902685862
leaf_weight=181 42 1864 26 22 54 35 107 27 152 98 37 694 63 1218 111 569 21 1345 25 618 56 22 2095 2025 377 4469 42 34 1193 51 28 118 20 156 544 7434 45 163 35 166 20 268 85 169 29 39 265 125 21 66 22 571 69 2334 55 44 21
leaf_count=181 42 1864 26 22 54 35 107 27 152 98 37 694 63 1218 111 569 21 1345 25 618 56 22 2095 2025 377 4469 42 34 1193 51 28 118 20 156 544 7434 45 163 35 166 20 268 85 169 29 39 265 125 21 66 22 571 69 2334 55 44 21
internal_value=0.00870529 5.22414 -2.88755 8.75774 2.81391 -1.08844 11.1146 6.52437 6.09174 6.70668 -0.512009 4.6764 4.09873 3.4524 9.95671 -3.66984 -3.05052 9.30119 9.72549 1.74029 -3.25913 1.98543 3.08615 -3.63323 -3.59652 -0.750576 -0.671823 -0.39611 0.697739 13.7369 9.49496 5.64211 7.76814 9.70018 -5.43537 -3.43212 15.9599 8.0445 -3.10723 -6.82324 9.33288 14.5128 10.8597 15.3804 -13.027 -8.67404 -7.90921 -4.26861 20.3821 -3.07284 -4.21871 -3.92357 -3.6701 -4.26124 2.07848 -3.44763 -6.73946
internal_weight=30585 10920 19665 4427 6493 5763 2152 2275 2148 1962 4712 2373 2131 1912 1608 1051 987 1452 242 4120 192 3928 2117 13902 946 4537 4511 186 1811 127 79 175 138 219 1393 12509 156 217 7535 634 41 544 107 437 64 95 446 759 48 7500 188 4974 613 2905 97 2069 146
internal_count=30585 10920 19665 4427 6493 5763 2152 2275 2148 1962 4712 2373 2131 1912 1608 1051 987 1452 242 4120 192 3928 2117 13902 946 4537 4511 186 1811 127 79 175 138 219 1393 12509 156 217 7535 634 41 544 107 437 64 95 446 759 48 7500 188 4974 613 2905 97 2069 146
is_linear=0
shrinkage=0.05


Tree=42
num_leaves=53
num_cat=0
split_feature=10 10 9 10 14 9 14 11 12 5 17 7 11 15 15 11 11 11 5 9 11 9 10 17 8 15 11 15 17 26 9 0 15 15 15 4 15 11 11 15 23 0 17 15 11 0 8 0 8 10 0 23
split_gain=1.66847e+08 2.8903e+07 1.73329e+07 5.56816e+06 6.19582e+06 3.76819e+06 3.50797e+06 3.49349e+06 3.28883e+06 3.09717e+06 2.94734e+06 5.22223e+06 3.9181e+06 8.99896e+06 2.93992e+06 2.61741e+06 2.12884e+06 1.90943e+06 1.8385e+06 2.01669e+06 1.82091e+06 1.66336e+06 1.99922e+06 1.6444e+06 1.52364e+06 1.4818e+06 1.44934e+06 1.40784e+06 1.40011e+06 1.376e+06 1.36327e+06 1.25092e+06 1.22628e+06 1.20982e+06 1.12101e+06 1.10082e+06 944474 881534 862233 1.3824e+06 795676 733655 603460 588266 578580 548738 539275 514572 363759 318686 281166 117018
threshold=1482.0118420783567 921.29225017694137 2507.049509271968 2631.610696155893 -0.70710678118654735 479.86684091365447 -0.70710678118654735 531.76801472283285 43656.500000000007 -747.82499999999993 0.81174490092936691 867.10914946797095 370.03976961598988 0.25881904510252057 0.96592582628906831 777.22274205627548 520.41605753204374 866.73822657055348 -298.96999999999997 1523.002253024885 109.34015893840511 3005.0980100075335 2767.1847758161971 0.81174490092936691 718.13339971377411 1.0000000180025095e-35 255.08112789510906 1.0000000180025095e-35 0.81174490092936691 18.216350000000002 282.54927668671218 0.47344484209981913 -0.37940952255126009 -0.12940952255126034 0.78656609248549303 1.0600230924859371 -0.78656609248549325 83.609774535864872 230.36590789833886 -0.12940952255126034 6.8450907500000007 0.52982324998091113 0.81174490092936691 -0.37940952255126009 269.89323609900458 0.45050396741358989 403.01400501591536 0.39046768443785135 1317.5944467224513 117.31523253839474 0.28385721731658087 4.3346386500000014
decision_type=2 2 2 2 2 2 2 2 2 2 2 2 2 2 2 2 2 2 2 2 2 2 2 2 2 2 2 2 2 2 2 2 2 2 2 2 2 2 2 2 2 2 2 2 2 2 2 2 2 2 2 2
left_child=1 5 3 4 7 30 17 26 14 15 12 27 20 -14 -6 31 29 38 19 43 -8 22 34 -10 28 -18 -2 -12 -20 35 37 42 -9 -26 -11 -5 40 51 48 -40 -23 -31 -4 -7 -39 -38 49 -24 -3 -32 -48 -1
right_child=2 6 9 16 8 18 10 32 23 21 11 -13 13 -15 -16 -17 25 -19 24 -21 -22 36 47 -25 33 -27 -28 -29 -30 41 46 -33 -34 -35 -36 -37 45 44 39 -41 -42 -43 -44 -45 -46 -47 50 -49 -50 -51 -52 -53
leaf_value=-5.1186530435416433 4.5038081197203041 1.0021433578478429 5.7735065440250484 13.411613280717717 2.7938862898688259 -7.1657277542352693 2.8530136243982263 6.4942401023533041 6.9335820958097329 10.060934731979174 4.6893166109061317 24.47672251020159 -12.984694655929482 3.8084213809200103 7.1126275708458637 -11.75428845318881 -8.7358839000355122 17.591499313326043 -3.0310388263587229 -17.403520233154296 -0.30822150944372523 14.127468562807355 19.022197057451521 17.146786257055069 -2.3132678945123515 8.8971344171120563 8.6926902758015085 -0.13457488225497741 -0.86966034416433624 11.436231266008431 -8.0150805529841662 -4.5766402469981804 20.31083321914673 0.025781896497496661 5.2604261114468445 27.419268635559082 14.541887753367426 -6.1895146259665488 0.75833195537328724 6.2666673418730063 3.0356611628648711 1.8216919077997624 12.664249952389644 -2.3659717543108361 -12.100046645454739 7.7107639397515193 -1.2323277037375555 12.374542584903001 2.9139962381741098 -4.0902512578786556 -3.3646913291428477 -2.7702283014013216
leaf_weight=71 322 540 91 42 3158 118 533 22 362 820 315 27 180 142 450 21 21 21 3696 34 3099 27 69 44 987 25 595 290 941 250 53 21 74 1255 147 24 519 587 172 338 40 22 51 141 45 35 160 68 463 2490 6334 233
leaf_count=71 322 540 91 42 3158 118 533 22 362 820 315 27 180 142 450 21 21 21 3696 34 3099 27 69 44 987 25 595 290 941 250 53 21 74 1255 147 24 519 587 172 338 40 22 51 141 45 35 160 68 463 2490 6334 233
internal_value=0.00853924 -2.06296 6.59173 5.1449 4.69977 -3.11584 0.886667 8.19356 3.81624 10.6879 0.194116 3.36179 -0.31292 -5.59016 3.33435 4.48875 10.9447 2.95562 -2.24117 -6.11504 0.156349 11.3461 10.1575 8.07985 -2.07531 0.832576 7.2283 2.38062 -2.59271 12.3144 -3.74456 6.64035 17.2442 -1.00451 9.33737 18.8386 13.4396 -5.56332 2.74099 4.41408 7.64759 10.6681 8.31964 -4.5719 -6.62882 14.125 -3.55558 15.8362 1.88671 -4.17517 -3.31235 -3.33371
internal_weight=30585 23265 7320 5411 5027 17145 6120 1013 4014 1909 4586 632 3954 322 3608 184 384 1534 7172 293 3632 1725 1104 406 6879 46 917 605 4637 338 9973 163 96 2242 967 66 621 936 1513 510 67 272 142 259 632 554 9037 137 1003 2543 6494 304
internal_count=30585 23265 7320 5411 5027 17145 6120 1013 4014 1909 4586 632 3954 322 3608 184 384 1534 7172 293 3632 1725 1104 406 6879 46 917 605 4637 338 9973 163 96 2242 967 66 621 936 1513 510 67 272 142 259 632 554 9037 137 1003 2543 6494 304
is_linear=0
shrinkage=0.05


Tree=43
num_leaves=59
num_cat=0
split_feature=10 10 10 0 15 14 17 11 13 11 1 10 15 11 10 7 11 7 14 6 11 6 23 7 10 15 6 16 1 0 15 11 11 15 1 11 23 6 26 11 0 10 14 11 15 5 1 26 11 0 11 23 26 15 8 7 10 8
split_gain=1.51243e+08 3.04593e+07 8.49747e+06 7.40999e+06 5.62291e+06 5.01121e+06 4.13073e+06 5.65702e+06 5.06931e+06 3.6839e+06 3.61878e+06 3.41575e+06 3.12656e+06 3.35809e+06 3.11157e+06 2.81765e+06 2.80327e+06 2.78031e+06 2.6626e+06 2.39481e+06 5.56026e+06 1.92215e+06 1.71935e+06 1.71793e+06 1.66565e+06 1.60393e+06 1.57997e+06 1.56621e+06 1.54033e+06 1.32304e+06 1.24318e+06 2.39274e+06 1.30231e+06 1.15804e+06 1.05824e+06 1.02168e+06 951670 831671 794376 680913 665166 646642 630528 1.07428e+06 1.13018e+06 765512 613982 659579 547646 466107 343388 324575 316504 315543 241909 190475 160991 127456
threshold=1097.1830890323909 1998.6334189596382 672.41478302205871 0.47225895453051486 -0.9829629131445341 -0.70710678118654735 0.81174490092936691 614.20424327994806 37982.760000000002 260.27376991069622 0.1969881678844059 1720.8692368396044 1.0000000180025095e-35 338.3537910039542 2767.1847758161971 739.3636290339058 464.25703865863346 668.18643537312937 -0.70710678118654735 24316.990833333337 648.80539728898964 38509.695000000007 7.0548860000000007 497.47153157144209 428.73204713259628 -0.37940952255126009 35980.531666666677 -1.0000000180025095e-35 0.11499628604412611 0.51278855121779865 -0.12940952255126034 257.68101129683959 448.97942493170416 1.0000000180025095e-35 0.22031234280403358 687.63510778768716 6.3611460000000006 20008.381666666672 18.216350000000002 544.86233109898774 0.36567119301351408 1793.8878411864259 -0.5 87.350194167814593 0.1294095225512602 -400.00500000000005 0.033462168160161676 6.7429000000000014 418.28706033867599 0.34910156541691056 185.42211805440567 4.9261810000000006 18.696500000000004 -0.70710678118654757 1950.5840221573269 102.84423004826293 350.88915254418993 701.08182440814699
decision_type=2 2 2 2 2 2 2 2 2 2 2 2 2 2 2 2 2 2 2 2 2 2 2 2 2 2 2 2 2 2 2 2 2 2 2 2 2 2 2 2 2 2 2 2 2 2 2 2 2 2 2 2 2 2 2 2 2 2
left_child=2 5 24 4 22 9 7 11 -9 41 15 -7 13 -8 17 16 -5 -6 30 23 21 -21 52 33 37 27 -24 -11 -17 -25 32 40 49 -20 -14 -27 -22 51 -16 -33 -32 50 43 57 -45 53 55 -48 -47 -4 -2 -1 -3 -44 -43 -39 -53 -26
right_child=1 3 18 10 14 6 12 8 -10 25 -12 -13 34 -15 38 28 -18 -19 19 20 36 -23 26 29 42 35 -28 -29 -30 -31 31 39 -34 -35 -36 -37 -38 46 -40 -41 -42 54 45 44 -46 48 47 -49 -50 -51 -52 56 -54 -55 -56 -57 -58 -59
leaf_value=-2.9316088352976624 1.874480949743635 12.763590121061906 0.95242182479775517 6.5378975661215213 8.8059437370140863 1.0259359602480291 3.4310243025214611 -9.5442417119560456 10.060107621431351 -2.4684719830921722 -11.858833924811334 4.1820892569916879 2.9815999533087019 13.273396202471794 21.568346716424696 17.58421115476694 0.85370359426164366 13.317361571460324 -9.0439898542361927 -2.0512030637898477 22.101695854949952 0.69885062030199918 -11.909294238371007 -23.109721918520719 -2.6903808677331629 7.9787742269341484 0.99520642570302464 8.6000324499000946 4.5967068767547614 -7.1472521198497097 -0.41162524551092361 5.5245594040169781 -11.852030309747768 -1.6540886430551365 -7.517034868827233 13.998776710828148 8.0730564328602377 -3.0960516652140662 13.954477755312334 13.599274668693543 2.7540437401694606 10.411506362789208 -13.093257880034271 -2.5443044725217838 1.7779300963089169 -3.164152882563295 -5.3172790167564514 -3.7747297837178198 1.2689543827486711 -2.3118112741180914 3.8034095716271636 -9.0793960252380383 4.1905594356854756 -4.5887857077338481 4.9614335623958654 -1.3533304364979266 -4.3991074551068818 -5.2221963904454158
leaf_weight=36 518 22 239 563 1943 3211 157 190 39 69 31 1169 319 195 45 66 353 420 78 3094 24 799 33 22 2381 535 78 58 36 33 489 165 26 163 25 83 27 477 227 31 250 35 26 302 301 5912 898 3164 70 200 421 124 23 21 56 237 25 51
leaf_count=36 518 22 239 563 1943 3211 157 190 39 69 31 1169 319 195 45 66 353 420 78 3094 24 799 33 22 2381 535 78 58 36 33 489 165 26 163 25 83 27 477 227 31 250 35 26 302 301 5912 898 3164 70 200 421 124 23 21 56 237 25 51
internal_value=0.00842528 4.72651 -2.61164 8.31172 9.65867 2.78108 2.01096 1.46807 -6.17626 5.08033 4.72222 1.86906 5.5988 8.90564 10.2045 5.23829 4.3507 9.6131 -0.972408 -1.59658 -1.27016 -1.48675 0.432142 -5.92691 -3.27072 7.75755 -2.9133 2.61409 13.0896 -13.831 0.917719 1.96776 -1.19334 -4.07335 2.19903 8.8086 14.9729 -4.00787 15.2885 6.86426 0.661572 3.13824 -2.86686 -2.27735 -0.387391 -3.16319 -3.87885 -4.11697 -3.11207 -0.536563 2.74245 -7.2999 8.56828 -9.46826 7.14805 -2.52029 -8.32871 -2.7456
internal_weight=30585 10920 19665 3840 2791 7080 5305 4609 229 1775 1049 4380 696 352 2635 1018 916 2363 5640 4240 3944 3893 156 296 14025 745 111 127 102 55 1400 935 465 241 344 618 51 4961 272 196 739 1030 9064 3035 603 6029 4776 4062 5982 439 939 185 45 47 91 714 149 2432
internal_count=30585 10920 19665 3840 2791 7080 5305 4609 229 1775 1049 4380 696 352 2635 1018 916 2363 5640 4240 3944 3893 156 296 14025 745 111 127 102 55 1400 935 465 241 344 618 51 4961 272 196 739 1030 9064 3035 603 6029 4776 4062 5982 439 939 185 45 47 91 714 149 2432
is_linear=0
shrinkage=0.05


Tree=44
num_leaves=54
num_cat=0
split_feature=10 10 9 1 12 15 21 11 18 9 12 15 1 15 23 11 1 26 5 12 11 9 17 11 7 16 11 26 23 8 11 9 15 0 15 12 9 11 0 7 11 5 4 11 23 1 0 1 10 0 1 15 22
split_gain=1.3671e+08 2.62503e+07 1.23822e+07 5.45315e+06 3.7829e+06 4.08469e+06 5.22692e+06 3.52954e+06 3.46525e+06 3.0978e+06 2.85077e+06 4.92696e+06 2.83217e+06 2.68223e+06 3.2891e+06 2.27877e+06 2.27147e+06 2.29122e+06 2.20569e+06 2.15587e+06 2.11015e+06 1.9762e+06 1.97427e+06 1.91532e+06 1.88258e+06 1.80357e+06 1.76049e+06 1.69285e+06 1.49215e+06 1.49031e+06 1.44031e+06 1.4387e+06 1.41853e+06 1.34462e+06 1.34365e+06 1.32851e+06 1.17895e+06 1.12033e+06 1.09452e+06 889620 823755 802254 798561 784195 610893 592697 537412 515056 701164 455281 421309 210914 179221
threshold=1563.727621682867 921.29225017694137 2507.049509271968 0.18946953262365177 43787.500000000007 -0.12940952255126034 1.0000000180025095e-35 924.74512740195235 -0.93301270189221919 479.86684091365447 33026.500000000007 -0.37940952255126009 0.11269189017778734 -0.9159756150367534 6.1802585000000008 351.01163321540656 0.15364126980085169 14.636050000000003 -799.99999999999977 30928.500000000004 370.03976961598988 1786.1298771869133 1.0000000180025095e-35 114.45856643283396 435.66904081343336 -1.0000000180025095e-35 709.18839906504832 14.773400000000001 13.010118500000003 718.13339971377411 441.98575352340697 1420.263053060253 -0.9159756150367534 0.40002079734857904 0.1294095225512602 32574.500000000004 282.54927668671218 576.46600801760758 0.28982277757773672 408.87592371001875 384.94467117176657 -524.62999999999977 1.1538465483254945 115.81790009076933 5.4148311500000004 0.063649560407954234 0.3647590357434442 0.059528773834004955 390.59366716169399 0.28385721731658087 0.058371238028711414 -0.5 5.5000000000000009
decision_type=2 2 2 2 2 2 2 2 2 2 2 2 2 2 2 2 2 2 2 2 2 2 2 2 2 2 2 2 2 2 2 2 2 2 2 2 2 2 2 2 2 2 2 2 2 2 2 2 2 2 2 2 2
left_child=1 9 3 4 5 6 -2 10 -7 36 11 20 32 14 -12 50 24 51 26 30 -3 -17 37 -13 29 -19 -14 -26 34 -11 -5 -15 42 40 -20 -9 43 -21 -30 -24 -34 -35 46 52 -32 -45 -4 49 -49 -38 -6 -18 -1
right_child=2 7 12 19 15 8 -8 35 -10 16 13 23 18 31 -16 21 17 25 28 22 -22 -23 39 -25 27 -27 -28 -29 38 -31 44 -33 33 41 -36 -37 47 -39 -40 -41 -42 -43 -44 45 -46 -47 -48 48 -50 -51 -52 -53 -54
leaf_value=-3.2060477006100978 3.2909251305758573 -4.2884386198285602 6.655236160538414 2.0881841400146484 10.113491094452995 14.160561293798782 -15.245063202686801 5.9153231694357729 5.6396153254363899 -2.38656789244971 2.1788240825060918 4.0256397867112454 4.7986166190728552 1.4580828533159638 -4.4076917052909241 1.2638664439693095 -4.6345973233208895 -13.000868423491951 11.014181997409235 -1.0447615394730501 -14.763294432872053 14.865429283876232 2.1328634353833542 -0.56950691826808375 16.487248310852049 -3.2485942598489617 -12.927828141498566 1.1241027249923119 8.8107210168384373 -0.76834625953309577 -5.6818757078280822 3.6959761473771366 9.9871143062298131 3.6142721270556963 4.8338543107738232 20.876324283054899 1.8520439626161871 -14.274991240728468 -5.6282186752259733 12.130249151462003 13.859911957240797 10.062119639634611 14.892583439236596 -4.6374338835388871 -15.934549306543861 -8.4170904611338653 -0.47733539825532501 -4.9455383262000119 -3.3006201684463798 -2.8712068610070851 5.1389013593643913 -1.7605876161885778 -5.4492929646596311
leaf_weight=390 1571 141 76 24 55 125 38 34 2443 4469 367 263 31 2722 390 31 88 126 233 68 73 201 55 1607 24 77 24 64 20 2089 25 976 207 55 145 27 51 20 34 37 514 501 20 200 40 227 40 781 3942 4263 207 235 119
leaf_count=390 1571 141 76 24 55 125 38 34 2443 4469 367 263 31 2722 390 31 88 126 233 68 73 201 55 1607 24 77 24 64 20 2089 25 976 207 55 145 27 51 20 34 37 514 501 20 200 40 227 40 781 3942 4263 207 235 119
internal_value=0.00814525 -1.78603 6.23598 4.91488 5.31352 4.82198 2.84396 0.893329 6.05973 -2.81745 0.780624 -0.745537 9.66642 1.49455 -1.21582 9.45156 -2.0244 -5.185 6.35546 -2.00116 -7.91371 13.0612 1.15205 0.0785659 -1.77351 -9.33581 -3.0292 5.45228 7.55451 -1.87129 -8.32045 2.04956 10.8023 11.3214 8.66244 12.7674 -3.38751 -4.1783 -0.217409 6.2408 12.7634 9.43194 5.88049 -5.07867 -12.1371 -6.66174 4.21263 -3.2118 -3.57362 -2.81495 6.21769 -2.5555 -3.74017
internal_weight=30585 23745 6840 4940 4671 4177 1609 6600 2568 17145 6539 2084 1900 4455 757 494 7172 526 487 269 214 232 180 1870 6646 203 55 88 432 6558 89 3698 1413 1277 378 61 9973 88 54 92 721 556 136 936 65 427 116 9037 4723 4314 262 323 509
internal_count=30585 23745 6840 4940 4671 4177 1609 6600 2568 17145 6539 2084 1900 4455 757 494 7172 526 487 269 214 232 180 1870 6646 203 55 88 432 6558 89 3698 1413 1277 378 61 9973 88 54 92 721 556 136 936 65 427 116 9037 4723 4314 262 323 509
is_linear=0
shrinkage=0.05


Tree=45
num_leaves=55
num_cat=0
split_feature=10 9 9 10 10 6 11 0 8 6 15 11 15 15 26 11 14 6 15 9 17 11 8 10 15 11 9 24 4 10 0 8 7 15 11 15 6 26 20 15 11 0 11 2 15 11 9 26 6 19 4 8 11 10
split_gain=1.23493e+08 2.52209e+07 6.97426e+06 6.59567e+06 3.38998e+06 3.0845e+06 2.9696e+06 2.64773e+06 2.41773e+06 2.69539e+06 2.24366e+06 2.15559e+06 2.13409e+06 2.12725e+06 2.50295e+06 2.11464e+06 2.01365e+06 1.99557e+06 2.41826e+06 2.87162e+06 1.86706e+06 4.80022e+06 2.65853e+06 1.71303e+06 1.70385e+06 1.5433e+06 1.4336e+06 1.2604e+06 1.14486e+06 1.19494e+06 1.08977e+06 1.05938e+06 1.02875e+06 924840 870542 861228 722175 719532 716373 677937 1.48443e+06 660747 607089 640772 582057 647563 567473 544180 414045 354713 346403 298816 155095 89896.1
threshold=1097.1830890323909 1873.4163097475914 598.93948057395687 2257.4581861031606 1677.7554946954856 24590.025833333337 866.73822657055348 0.47225895453051486 1786.1298771869133 24131.927500000002 -0.9829629131445341 576.46600801760758 0.98296291314453432 0.78656609248549303 18.589750000000006 249.49294195276309 -0.70710678118654735 33338.311666666676 -0.5 221.66253622007531 0.81174490092936691 576.46600801760758 547.93299399663113 2767.1847758161971 1.0000000180025095e-35 390.10552129938475 303.37034084237683 10.249527000000002 1.1266037918339558 2571.5706662195612 0.45150566764261718 1070.3592507967403 687.70773411900234 -0.9159756150367534 456.93634900424689 -0.9159756150367534 33849.631666666675 24.444700000000001 1.0000000180025095e-35 -0.5 247.26169252403 0.51278855121779865 76.837211705116545 0.71646273088367252 -0.12940952255126034 117.16328305767213 2131.9594740145162 9.6866000000000003 27879.015833333335 -0.68301270189221952 1.0000512820512972 477.75625626249024 139.86520587787217 489.05967234857729
decision_type=2 2 2 2 2 2 2 2 2 2 2 2 2 2 2 2 2 2 2 2 2 2 2 2 2 2 2 2 2 2 2 2 2 2 2 2 2 2 2 2 2 2 2 2 2 2 2 2 2 2 2 2 2 2
left_child=2 4 26 5 17 24 12 10 9 11 46 37 16 15 -15 -7 -6 18 19 -2 22 -22 -11 -12 -3 33 38 -26 29 -9 -20 -8 -30 -19 -14 -27 39 -4 50 40 -28 -13 53 -44 45 -40 -5 -41 -10 -46 51 -1 -52 -38
right_child=1 3 8 7 6 13 31 28 48 20 23 41 34 14 -16 -17 -18 25 30 -21 21 -23 -24 -25 27 35 36 -29 32 -31 -32 -33 -34 -35 -36 -37 42 -39 44 47 -42 -43 43 -45 49 -47 -48 -49 -50 -51 52 -53 -54 -55
leaf_value=-4.6224658319340577 7.9664238063148831 -15.083731052080791 -5.1874746429750713 7.0307748678456186 8.3538253669359488 2.5500556423411465 -1.4109417363871699 0.38219293548281374 5.1384049890154886 -5.3903430589893295 9.6401162457487111 -20.213513834817068 8.5401399870576533 5.9984710444377214 -2.2119027224113776 7.1509950821770731 3.2884901393055439 0.21593512176713725 2.360931294901226 -5.5394310067140538 0.55068290181223067 18.050847200533237 -0.7898426755544925 14.031870372938712 10.654389114379882 1.9407929597582136 -3.7006518392919361 -3.900334742863973 7.1940860020319626 6.6141919155769955 -0.097597857504604979 -17.181854570607342 20.113907819227737 2.8101171685978499 20.23399384498596 12.959688626748544 -2.6651289940210172 0.48049482832481333 -4.3939133166845732 -2.9203111722959192 -11.378510079652523 -7.7060723677135661 -1.6276806223594962 2.4613365676836536 -0.44057639773277679 -8.3113723852688626 -2.7413605774016609 0.70436654693675493 15.266320527394612 -4.9759038958979431 -2.4011522109518868 0.11156270569140042 1.7447138712882997 -1.9277066729165542
leaf_weight=441 45 23 210 22 219 301 22 129 20 339 1420 27 57 201 171 1509 1863 434 870 275 887 40 4121 270 20 27 1505 50 59 190 934 20 21 1651 23 53 3469 76 183 6026 65 20 746 109 67 263 41 105 23 121 258 36 24 484
leaf_count=441 45 23 210 22 219 301 22 129 20 339 1420 27 57 201 171 1509 1863 434 870 275 887 40 4121 270 20 27 1505 50 59 190 934 20 21 1651 23 53 3469 76 183 6026 65 20 746 109 67 263 41 105 23 121 258 36 24 484
internal_value=0.00784115 4.27118 -2.35969 7.18093 2.28648 5.29973 3.87994 9.16627 -0.897019 -0.986668 10.0045 -5.34542 4.1371 5.67997 2.22852 6.3877 3.82506 1.46693 0.377734 -3.62125 -0.716287 1.32446 -1.14065 10.3496 -3.58707 2.53482 -2.96593 0.349579 5.4679 4.10313 1.0887 -9.14594 10.7921 2.27049 12.1105 9.31075 -2.79603 -3.68486 -4.48852 -3.09663 -4.02557 -15.1627 -2.31401 -1.10412 -5.73184 -6.71742 0.727589 -2.85813 10.7796 -3.3705 -3.44379 -4.26568 -2.04338 -2.57535
internal_weight=30585 10920 19665 4427 6493 2275 2204 2152 5763 5720 1753 333 2162 2182 372 1810 2082 4289 2124 320 5387 927 4460 1690 93 2165 13902 70 399 319 1804 42 80 2085 80 80 12509 286 1393 7701 1570 47 4808 855 634 446 63 6131 43 188 759 477 282 3953
internal_count=30585 10920 19665 4427 6493 2275 2204 2152 5763 5720 1753 333 2162 2182 372 1810 2082 4289 2124 320 5387 927 4460 1690 93 2165 13902 70 399 319 1804 42 80 2085 80 80 12509 286 1393 7701 1570 47 4808 855 634 446 63 6131 43 188 759 477 282 3953
is_linear=0
shrinkage=0.05


Tree=46
num_leaves=56
num_cat=0
split_feature=10 10 10 6 15 0 15 15 6 14 26 17 22 7 23 15 15 26 1 5 4 26 23 0 15 6 4 5 10 14 0 15 6 6 7 7 17 10 15 23 23 7 10 5 23 1 1 7 17 10 15 10 6 15 6
split_gain=1.11662e+08 2.14759e+07 1.01554e+07 4.54241e+06 4.32862e+06 3.66952e+06 3.50802e+06 3.14794e+06 2.81122e+06 2.7006e+06 2.67771e+06 2.56748e+06 2.37838e+06 5.18104e+06 4.18429e+06 4.02882e+06 2.36041e+06 2.75293e+06 2.08985e+06 2.22108e+06 2.0631e+06 2.02041e+06 1.97767e+06 1.79282e+06 1.77555e+06 1.75813e+06 1.72988e+06 1.57824e+06 1.53632e+06 1.53474e+06 1.51858e+06 1.37867e+06 1.34043e+06 1.31256e+06 1.25651e+06 1.22697e+06 1.19065e+06 1.54842e+06 1.0847e+06 996686 977452 959613 920296 819731 877116 817531 713325 642725 536594 536055 509301 456930 288990 272685 166925
threshold=1563.727621682867 921.29225017694137 2257.4581861031606 33270.224166666674 -0.9159756150367534 0.41693426933808292 0.96592582628906831 -0.9829629131445341 30445.271666666671 -0.70710678118654735 8.6959500000000016 0.81174490092936691 2.5000000000000004 867.10914946797095 7.5886932500000013 0.25881904510252057 -0.5 14.636050000000003 0.18946953262365177 -153.40499999999994 0.43178446182897229 24.444700000000001 11.519156000000002 0.48853673383090573 -0.9159756150367534 41109.711666666677 1.1714280816354521 -438.74499999999995 1756.7994164434776 0.25881904510252091 0.43091317154648795 -0.37940952255126009 25860.555000000004 39613.970000000008 449.12303786824015 449.12303786824015 0.81174490092936691 2695.7789523617867 -0.5 7.1626761500000002 8.2585035000000016 435.66904081343336 721.18015786336071 485.01000000000005 7.0086555000000006 0.077061651740503209 0.059528773834004955 364.41296759475995 1.0000000180025095e-35 489.05967234857729 -0.12940952255126034 393.60276077328587 36979.745833333342 0.1294095225512602 43150.889166666668
decision_type=2 2 2 2 2 2 2 2 2 2 2 2 2 2 2 2 2 2 2 2 2 2 2 2 2 2 2 2 2 2 2 2 2 2 2 2 2 2 2 2 2 2 2 2 2 2 2 2 2 2 2 2 2 2 2
left_child=1 8 3 4 26 7 20 39 16 32 33 24 13 31 30 -16 17 51 19 -6 -7 27 -22 -20 29 41 35 -18 -26 -5 -14 -11 -3 52 38 -2 37 -9 -12 -4 -36 -13 -19 44 -8 -41 47 -34 -23 -35 -48 -1 -10 -38 -27
right_child=2 9 5 11 18 6 43 36 10 12 34 25 14 -15 15 -17 21 42 23 -21 22 48 -24 -25 28 54 -28 -29 -30 -31 -32 -33 46 49 40 -37 53 -39 -40 45 -42 -43 -44 -45 -46 -47 50 -49 -50 -51 -52 -53 -54 -55 -56
leaf_value=-5.3244407695694109 -6.4689447515661058 14.307541891733806 11.022469417027065 -0.64384774427475611 -0.34691354092735577 -10.799974906785147 6.7325664116174755 8.60611203175303 -2.6870126921211224 2.5857767119365525 -1.6947313366090215 5.4445548850450765 1.4458725227067992 22.111727915445964 -6.8394622490442378 2.8743307997444845 -10.548162805963965 -13.003101523263116 2.4425835460562793 4.4281589826021355 5.7908722299703079 6.9440257544884325 -2.1353165661603555 -6.0463013893365867 3.231293478567733 14.532175154252485 1.9860370670665397 -2.8755091833725714 6.7246801140306376 6.2495241102287844 -1.1775278471562387 0.027647084661307764 3.3944206642150885 -2.244777240403975 15.21170258407593 -20.162610310145787 16.008786088625591 12.578698552640457 1.6925328789593967 2.4762484438832515 0.55176832437515266 11.545315581777823 -5.5296945127844808 21.230372491919479 14.075481798410417 -7.7880593687693285 0.087831371787173984 10.827188527814805 -1.1069620738490935 0.0012836139129087476 2.4129556366955112 -3.3832271894868096 -1.9778357841775287 11.238176671123652 21.792339377403259
leaf_weight=550 43 23 20 231 297 20 77 843 5908 961 453 155 1216 29 442 140 67 132 139 1348 871 64 86 111 449 32 32 5523 1076 123 1008 1164 549 395 24 27 107 357 492 54 21 114 63 22 94 29 361 30 30 807 677 697 1919 60 23
leaf_count=550 43 23 20 231 297 20 77 843 5908 961 453 155 1216 29 442 140 67 132 139 1348 871 64 86 111 449 32 32 5523 1076 123 1008 1164 549 395 24 27 107 357 492 54 21 114 63 22 94 29 361 30 30 807 677 697 1919 60 23
internal_value=0.00755983 -1.61395 5.63603 4.10691 2.37804 8.06624 5.96728 9.73165 -2.54687 0.809536 -2.00653 5.67232 0.227774 1.47707 -0.73142 -4.50188 -3.30618 -5.11337 2.91929 3.56634 4.74137 -2.84689 5.0771 -1.33553 4.95858 9.78355 -7.60823 -2.96934 5.69893 1.76215 0.256852 1.1852 2.5678 -2.27718 0.461602 -11.9604 10.3664 9.79745 0.0687164 1.28869 8.53123 8.06321 -10.6292 12.1166 10.8274 -1.16004 2.39207 3.79755 4.3899 -0.738063 1.60518 -4.243 -2.51341 14.3719 17.9033
internal_weight=30585 23745 6840 4200 1997 2640 1170 1470 17145 6600 10019 2203 4960 2154 2806 582 7126 1442 1895 1645 977 5684 957 250 1879 324 102 5590 1525 354 2224 2125 1640 9029 990 70 1367 1200 945 103 45 269 195 193 171 83 1617 579 94 1202 1038 1247 7827 167 55
internal_count=30585 23745 6840 4200 1997 2640 1170 1470 17145 6600 10019 2203 4960 2154 2806 582 7126 1442 1895 1645 977 5684 957 250 1879 324 102 5590 1525 354 2224 2125 1640 9029 990 70 1367 1200 945 103 45 269 195 193 171 83 1617 579 94 1202 1038 1247 7827 167 55
is_linear=0
shrinkage=0.05


Tree=47
num_leaves=55
num_cat=0
split_feature=9 8 8 17 4 6 7 15 6 6 15 8 1 26 12 7 23 4 15 6 6 15 15 26 8 15 12 15 7 6 23 15 1 13 23 4 6 1 17 26 6 8 1 8 15 17 4 7 26 4 26 7 0 1
split_gain=9.64754e+07 1.56996e+07 1.24396e+07 5.33329e+06 4.90746e+06 4.84042e+06 3.81084e+06 3.3275e+06 2.93499e+06 2.79302e+06 3.88609e+06 3.67964e+06 2.54654e+06 2.42207e+06 2.29351e+06 2.26852e+06 2.21575e+06 2.20406e+06 2.1314e+06 1.89282e+06 1.86385e+06 1.82447e+06 1.6632e+06 1.64243e+06 1.62967e+06 1.58297e+06 1.43214e+06 1.36975e+06 1.2329e+06 1.14111e+06 1.02544e+06 1.41359e+06 962153 957070 943340 909400 905980 896342 751269 1.33774e+06 750346 731307 714463 659679 659347 1.27535e+06 789402 499305 415427 336633 255251 240466 104347 49443.5
threshold=1329.1249317153095 2055.8953207150594 822.73278426324293 0.81174490092936691 0.53013352905635491 23165.886666666669 449.12303786824015 -0.9159756150367534 29910.420000000002 26644.033333333336 -0.37940952255126009 2345.2743751583434 0.07815191598035949 18.160600000000006 45674.500000000007 380.05603431913977 6.3173413000000007 0.92579863686943631 -0.5 42798.356666666674 35025.419166666674 -0.9159756150367534 -0.70710678118654757 18.626000000000001 478.45318210849354 -0.9159756150367534 27871.500000000004 -0.5 320.50371950305129 33913.65083333334 9.3313510000000015 0.1294095225512602 0.10592229655737891 40162.820000000007 8.6653200000000012 1.1231968994560984 23939.937500000004 0.069201051545509221 0.81174490092936691 9.6866000000000003 38807.165000000008 2536.291659429196 0.22920403930075578 334.92912522689159 -0.12940952255126034 0.81174490092936691 1.3333533341926438 197.70530116156621 6.6774500000000012 0.96555934699739054 7.4545000000000012 218.38834775283709 0.53849663213565524 0.15617597433275157
decision_type=2 2 2 2 2 2 2 2 2 2 2 2 2 2 2 2 2 2 2 2 2 2 2 2 2 2 2 2 2 2 2 2 2 2 2 2 2 2 2 2 2 2 2 2 2 2 2 2 2 2 2 2 2 2
left_child=2 3 24 4 27 42 14 20 18 10 51 16 15 19 -7 -6 28 -15 -9 -10 33 -18 -13 -8 36 -14 -20 29 -11 -2 32 -32 -12 -3 -29 37 48 -22 43 -40 44 -24 -5 -38 45 -26 -46 50 53 -50 -42 -4 -53 -1
right_child=1 7 9 5 12 6 23 8 13 11 30 22 25 17 -16 -17 21 -19 26 -21 35 -23 41 -25 40 -27 -28 34 -30 -31 31 -33 -34 -35 -36 -37 38 -39 39 -41 47 -43 -44 -45 46 -47 -48 -49 49 -51 -52 52 -54 -55
leaf_value=-9.3632369403839117 -14.728610904766965 -11.51926494449377 -7.8611994979858402 -3.0248877075195315 2.9476870814675089 3.6488534666024508 13.077601373852424 -7.0747214566744292 4.6949681691912426 1.2622332465493258 0.6836839091169592 2.2210906101095271 -2.4891046897910472 4.4866192230049542 15.81331524894351 7.2313805806271887 -3.3295445364072798 10.014637030209583 14.183245718955995 12.184695991945269 5.4800863071850365 0.079519206472652537 10.125718140375046 4.0142041343450545 -3.0567829780754998 1.8097265384874761 4.2351997220690656 -4.3459466893110816 5.5849692025397744 -0.64174855868021652 -3.6216967532111379 8.664463294115933 -3.6452809717767138 1.4841884143535908 5.5548369255065921 11.451834159155149 -4.2868441987885957 -0.6868334413297249 -2.0803835048501989 4.1428430491945019 -2.247533993522326 23.954021085103353 -15.384013543327649 -2.76080406556513 -1.7842886118816317 1.5421851948433858 1.7414784251073643 6.2532253449051467 -4.8488858230797014 -3.0208795502407035 -0.15055368574248665 -16.222599606990816 -10.580702836409859 -5.9831030103138518
leaf_weight=39 51 31 24 24 1478 524 264 38 564 2123 195 28 237 206 41 391 471 1592 39 99 146 2329 20 63 2068 2146 409 122 178 20 40 54 373 25 29 36 800 98 1426 91 191 23 23 6397 2953 162 167 26 544 484 595 39 22 27
leaf_count=39 51 31 24 24 1478 524 264 38 564 2123 195 28 237 206 41 391 471 1592 39 99 146 2329 20 63 2068 2146 409 122 178 20 40 54 373 25 29 36 800 98 1426 91 191 23 23 6397 2953 162 167 26 544 484 595 39 22 27
internal_value=0.00744323 4.46245 -1.76255 2.80709 2.08718 6.23133 7.05744 7.19011 7.72763 0.195323 -2.66053 0.608234 2.46589 8.4294 4.55797 3.84724 0.449712 9.38413 4.16396 5.83002 2.46667 -0.494916 11.8328 11.349 -2.48817 1.38132 5.13088 -5.14473 1.59891 -10.8246 -1.35938 3.45317 -2.16051 -5.78987 -2.4204 4.13272 -2.88865 3.01049 -2.71772 -1.70459 -1.85036 17.8987 -9.26757 -2.93101 -2.06528 -2.72214 -1.59507 -0.43348 -4.24643 -3.99201 -0.66234 -12.6605 -14.3914 -8.09047
internal_weight=30585 8696 21889 5413 4474 939 892 3283 2947 5919 747 5172 4252 2461 565 1869 5101 1798 486 663 336 2800 71 327 15970 2383 448 222 2301 71 662 94 568 56 151 280 9808 244 8714 1517 6162 43 47 7197 5350 2230 3120 812 1094 1028 786 85 61 66
internal_count=30585 8696 21889 5413 4474 939 892 3283 2947 5919 747 5172 4252 2461 565 1869 5101 1798 486 663 336 2800 71 327 15970 2383 448 222 2301 71 662 94 568 56 151 280 9808 244 8714 1517 6162 43 47 7197 5350 2230 3120 812 1094 1028 786 85 61 66
is_linear=0
shrinkage=0.05


Tree=48
num_leaves=52
num_cat=0
split_feature=10 10 0 10 1 7 11 1 6 11 2 1 7 26 5 7 3 6 11 11 3 3 4 1 16 1 11 5 26 22 1 11 3 6 26 11 4 6 8 17 13 26 26 11 8 0 8 0 0 5 6
split_gain=9.18448e+07 1.87948e+07 6.90227e+06 5.01404e+06 3.98885e+06 3.64542e+06 3.48396e+06 2.76479e+06 2.5067e+06 4.40083e+06 2.32601e+06 2.01211e+06 2.39385e+06 1.88819e+06 1.66198e+06 1.61154e+06 1.58131e+06 1.95047e+06 1.5235e+06 1.49741e+06 1.43511e+06 1.41123e+06 1.30488e+06 1.88972e+06 1.58185e+06 1.26806e+06 1.48802e+06 1.67896e+06 1.31445e+06 2.09264e+06 1.09684e+06 976842 949806 866979 796248 810728 723753 689582 637295 634044 617726 588558 587171 553032 518706 457044 447925 417860 378073 375606 311653
threshold=1097.1830890323909 1827.0680963295231 0.40675408621581371 672.41478302205871 0.10659098059708945 709.52667636726585 576.46600801760758 0.07321173789992147 29910.420000000002 739.19286622200468 0.51304156392641753 0.24704976018373964 867.10914946797095 18.160600000000006 485.01000000000005 709.52667636726585 1.2883701351349146 35093.708333333343 384.94467117176657 206.9757618120652 2.5791342372321999 1.9881257766337264 1.0000010416688372 0.19305214367951343 -1.0000000180025095e-35 0.10443405087852671 364.37064053653665 -24.999999999999989 14.725100000000001 2.5000000000000004 0.060671807164413907 560.65504025192899 1.1402962398991192 42502.757500000007 14.636050000000003 83.609774535864872 1.0833334722226853 25953.28666666667 1039.4924051361979 1.0000000180025095e-35 30419.275000000005 6.7888500000000009 18.579800000000002 159.65040084260147 371.57374332130865 0.28385721731658087 488.25712301878809 0.4756535482130797 0.49533641361319886 249.98999999999992 20008.381666666672
decision_type=2 2 2 2 2 2 2 2 2 2 2 2 2 2 2 2 2 2 2 2 2 2 2 2 2 2 2 2 2 2 2 2 2 2 2 2 2 2 2 2 2 2 2 2 2 2 2 2 2 2 2
left_child=3 8 7 25 5 13 14 18 19 21 -8 12 16 -4 -6 20 17 -5 36 34 -9 30 24 -24 -21 26 44 46 37 40 -10 -18 -7 -20 35 -2 -3 41 -36 -11 -30 -27 -17 -39 50 -46 -28 -29 -31 -41 -1
right_child=1 2 4 11 6 32 10 15 9 39 -12 -13 -14 -15 -16 42 31 -19 33 22 -22 -23 23 -25 -26 28 27 47 29 48 -32 -33 -34 -35 38 -37 -38 43 -40 49 -42 -43 -44 -45 45 -47 -48 -49 -50 -51 -52
leaf_value=-5.9236358651038143 4.3089032041898339 6.6421684311026512 1.3601146103514243 -1.7659865097313094 3.049021664443718 20.232184727612662 -7.62324672616323 5.0146688095607059 3.1172824894978235 6.8512736310277678 1.4498144807966789 -12.242621464980276 14.439583564538223 5.5728811216510232 16.154808634794673 16.097053517659504 1.8501216830287064 0.15709630505070893 10.455860108644501 -4.8361012018074119 11.781556183044302 13.092970072468123 2.3712593156572761 -4.3682059672384552 0.18280647150846199 -6.1653845114674839 -8.92990850008451 12.452564731174045 -4.7156457285295454 -15.382498115323626 1.4785585174349389 10.641268354073549 10.495878129825593 15.475312864303589 -0.80646196350455279 -1.3418507244944573 11.125718725283942 -2.7708062947291152 5.0982959321770158 19.930299633608925 4.1562658443450928 -3.4471085488629649 8.9317751063823714 3.4888732509811717 0.0067981986858673743 -2.2248303269907024 0.85074980982325299 4.7361443366675537 -8.7837434534231829 10.99482454593365 -2.9358538441236561
leaf_weight=92 92 411 338 3046 366 33 149 974 1828 27 133 37 25 1261 25 44 170 2324 530 308 85 29 490 131 319 287 25 26 56 52 2320 38 124 109 55 199 119 2395 262 35 29 671 99 35 236 8230 21 57 47 25 1766
leaf_count=92 92 411 338 3046 366 33 149 974 1828 27 133 37 25 1261 25 44 170 2324 530 308 85 29 490 131 319 287 25 26 56 52 2320 38 124 109 55 199 119 2395 262 35 29 671 99 35 236 8230 21 57 47 25 1766
internal_value=0.00714273 3.68382 6.0258 -2.0346 4.1497 5.4035 0.875088 7.94524 1.84629 2.51377 -3.35409 -0.775413 -0.697517 4.68379 3.92607 6.2511 -0.767936 -0.93385 9.68036 0.312262 5.56842 2.28005 -0.679077 0.944823 -2.28639 -2.54088 -2.26249 3.05738 -3.3547 -7.46487 2.20131 3.49945 12.6575 11.3349 2.3449 0.453263 7.66792 -3.12934 4.07448 13.5818 -1.67557 -4.26704 11.233 -2.67925 -2.32925 -2.16263 -4.54162 7.27286 -12.369 16.4485 -3.08691
internal_weight=30585 10920 4800 19665 2429 1756 673 2371 6120 4264 282 5640 5603 1599 391 1202 5578 5370 1169 1856 1059 4177 1248 621 627 14025 10453 129 3572 184 4148 208 157 639 608 291 530 3388 317 87 85 958 143 2430 10324 8466 46 83 99 60 1858
internal_count=30585 10920 4800 19665 2429 1756 673 2371 6120 4264 282 5640 5603 1599 391 1202 5578 5370 1169 1856 1059 4177 1248 621 627 14025 10453 129 3572 184 4148 208 157 639 608 291 530 3388 317 87 85 958 143 2430 10324 8466 46 83 99 60 1858
is_linear=0
shrinkage=0.05


Tree=49
num_leaves=59
num_cat=0
split_feature=10 10 10 14 17 15 14 4 15 1 2 15 6 7 13 6 6 26 15 26 21 26 15 23 6 15 13 15 7 7 14 1 15 23 10 7 23 15 2 1 15 10 17 1 13 15 16 23 6 4 17 10 12 10 13 6 13 17
split_gain=8.32739e+07 1.57827e+07 7.5201e+06 3.58074e+06 3.38565e+06 3.14773e+06 3.06233e+06 2.84186e+06 2.58081e+06 2.61675e+06 2.51585e+06 2.31466e+06 4.1442e+06 2.71554e+06 2.56694e+06 2.37941e+06 2.21583e+06 2.11495e+06 2.06889e+06 2.14899e+06 1.80581e+06 1.64837e+06 1.59925e+06 1.56459e+06 1.51672e+06 1.45736e+06 1.40218e+06 1.38824e+06 1.27315e+06 1.26275e+06 1.2559e+06 1.16917e+06 1.12518e+06 1.10588e+06 1.02543e+06 985379 841364 774181 772133 762064 727002 722969 705793 692852 649570 586341 1.22152e+06 527263 524580 510415 499232 385252 366345 349578 265214 234128 225036 139516
threshold=1563.727621682867 921.29225017694137 2257.4581861031606 -0.70710678118654735 0.81174490092936691 1.0000000180025095e-35 -0.78656609248549292 0.95345179898211219 0.98296291314453432 0.07815191598035949 0.48492550601761891 -0.9159756150367534 30313.206666666669 867.10914946797095 32028.395 28129.700833333336 31433.727500000005 8.6649000000000012 -0.5 14.636050000000003 1.0000000180025095e-35 24.444700000000001 -0.37940952255126009 6.1802585000000008 42502.757500000007 -0.9159756150367534 30862.090000000004 0.98296291314453432 497.47153157144209 404.66582167028594 0.37940952255126054 0.11902083097981232 0.25881904510252057 7.5886932500000013 721.18015786336071 255.08632852354148 8.5484480000000023 -0.9829629131445341 0.71646273088367252 0.09181202052367933 0.37940952255126043 1104.6751303923145 -0.56174490092936669 0.057872501007512171 42329.99500000001 -0.37940952255126009 -0.60785761079279388 5.0056112500000003 32017.874166666672 1.0000010416688372 1.0000000180025095e-35 393.60276077328587 43057.500000000007 484.7648770179436 38590.105000000003 38053.147500000014 32780.890000000007 -0.22252093395631442
decision_type=2 2 2 2 2 2 2 2 2 2 2 2 2 2 2 2 2 2 2 2 2 2 2 2 2 2 2 2 2 2 2 2 2 2 2 2 2 2 2 2 2 2 2 2 2 2 2 2 2 2 2 2 2 2 2 2 2 2
left_child=1 16 3 29 7 25 45 32 9 24 -11 12 36 15 -15 22 18 38 19 51 -9 30 -13 52 -8 -6 33 -7 -25 40 -20 39 -5 -19 -21 -17 -3 -28 55 -31 43 -38 -10 -2 -42 46 -4 57 -33 -49 -23 -1 -14 -40 -48 -18 -44 -47
right_child=2 11 6 4 5 27 8 20 42 10 -12 13 23 14 -16 35 17 26 21 34 -22 50 -24 28 -26 -27 37 -29 -30 31 -32 48 -34 -35 -36 -37 41 -39 53 -41 44 -43 56 -45 -46 47 54 49 -50 -51 -52 -53 -54 -55 -56 -57 -58 -59
leaf_value=-4.6751524475434438 6.492266850814322 -5.5474268944199023 -2.5123034095764165 -4.2375805575938896 5.1239180171688403 1.3046785355634229 6.4289522941174688 3.0438069956940907 7.7529137387424703 -5.0288078416424034 4.3131646875085599 -6.6624070615747151 0.047108616985380658 19.282570108266981 -1.4436999786376954 1.0779617634734844 -2.252296223785375 15.316564358931323 -1.5104463702614199 -11.773773553819586 -4.9556093205491152 6.6115130864037912 -0.41323401562875789 -3.5722448895183572 11.992773571150645 14.743900038078429 -5.145797127824749 13.864049057769774 7.5175367464338025 8.8467583410778357 -2.9938058073233176 8.9074597235489641 0.75389349110969694 2.4932612356185917 -4.3762972580131736 2.8709101362476699 -8.6833584095881537 0.2592983360600592 -2.3219656353598772 15.819864603375633 5.794334338588679 -20.62280715018511 20.147700977940715 2.4015422346606488 12.497812965019889 3.6532400579805735 14.306551842498777 10.406319502292895 3.0356440866053709 14.481093201283366 -1.068676292002201 -3.0059765906635389 3.262941533780098 0.064620630018287731 7.7858736402757707 -1.5118121153466513 13.363906215401583 8.6409980452688124
leaf_weight=588 152 36 26 208 59 186 1092 2214 39 80 663 111 159 38 24 3416 5753 25 2175 132 72 64 1194 352 139 127 70 24 27 123 4168 63 245 49 75 988 25 989 201 62 195 31 30 327 45 26 24 254 98 127 31 865 199 638 61 1322 42 37
leaf_count=588 152 36 26 208 59 186 1092 2214 39 80 663 111 159 38 24 3416 5753 25 2175 132 72 64 1194 352 139 127 70 24 27 123 4168 63 245 49 75 988 25 989 201 62 195 31 30 327 45 26 24 254 98 127 31 865 199 638 61 1322 42 37
internal_value=0.00706328 -1.39324 4.86768 3.55183 2.6994 7.01573 6.95894 2.07302 6.07469 5.65187 3.30189 0.684336 -1.78474 1.03927 11.3639 0.925169 -2.19299 -1.65488 -2.79389 -4.36807 2.7898 -2.38738 -0.949471 -0.528958 7.06643 11.7361 0.365302 2.79896 -2.76449 6.05619 -2.48548 8.54257 -1.54227 6.97198 -9.12748 1.48076 -11.7308 -0.102492 -1.9441 11.2562 4.84948 -15.5386 13.4764 3.71047 7.0979 10.264 6.89782 11.0881 5.37414 11.7989 4.12027 -3.68421 1.8388 -0.509214 9.77201 -2.11417 16.4278 6.67188
internal_weight=30585 23745 6840 4200 3135 396 2640 2739 2085 1974 743 6600 829 5771 62 5709 17145 9047 8098 1660 2286 6438 1305 737 1231 186 1133 210 379 1065 6343 346 453 74 207 4404 92 1059 7914 185 719 56 111 479 240 555 111 444 161 381 95 1453 358 839 85 7075 72 63
internal_count=30585 23745 6840 4200 3135 396 2640 2739 2085 1974 743 6600 829 5771 62 5709 17145 9047 8098 1660 2286 6438 1305 737 1231 186 1133 210 379 1065 6343 346 453 74 207 4404 92 1059 7914 185 719 56 111 479 240 555 111 444 161 381 95 1453 358 839 85 7075 72 63
is_linear=0
shrinkage=0.05


Tree=50
num_leaves=58
num_cat=0
split_feature=10 10 10 14 21 15 1 11 9 14 7 1 1 11 1 11 13 0 10 11 9 1 14 23 6 17 11 3 1 23 10 1 9 6 11 7 6 7 0 26 11 9 11 13 23 15 15 23 7 11 23 12 24 7 12 9 6
split_gain=7.53728e+07 1.30135e+07 6.0841e+06 4.32618e+06 4.79814e+06 5.89058e+06 3.20754e+06 3.08394e+06 2.84021e+06 2.7689e+06 2.50535e+06 2.62237e+06 2.35339e+06 2.15452e+06 2.12369e+06 6.19119e+06 1.80079e+06 1.77039e+06 1.59544e+06 1.54009e+06 1.96447e+06 1.55576e+06 1.51324e+06 1.45893e+06 1.37311e+06 1.37073e+06 1.36401e+06 1.34499e+06 1.32334e+06 1.35422e+06 1.31024e+06 1.17878e+06 1.28265e+06 1.03604e+06 1.16712e+06 1.11733e+06 993040 931416 894183 736768 635943 565802 558442 555576 1.21188e+06 527832 507575 474462 445917 381855 582025 334320 308292 305871 230557 130693 128385
threshold=1173.6769452678893 2257.4581861031606 705.9491634592531 -0.70710678118654735 1.0000000180025095e-35 1.0000000180025095e-35 0.17248759455961213 400.20756300939792 1860.6573161070698 -0.78656609248549292 709.52667636726585 0.070827248909627563 0.16412451633533634 370.03976961598988 0.14699110845276478 631.09926442692938 28598.865000000002 0.3647590357434442 2715.5195010526172 201.94722782707234 1720.0260074008504 0.22031234280403358 -0.70710678118654735 8.5484480000000023 36788.394166666672 1.0000000180025095e-35 257.68101129683959 1.4133617053066219 0.11902083097981232 4.513898750000001 1706.1374638911916 0.081621406900387647 840.082233126701 27879.015833333335 464.25703865863346 302.7060715524612 31285.19666666667 395.03103763224357 0.43851238162301731 6.7888500000000009 252.26299266618435 467.83829691191676 190.30317605116554 23615.035000000003 7.0086555000000006 -0.37940952255126009 -0.12940952255126034 5.0056112500000003 404.66582167028594 412.5423184596591 13.093436500000001 44943.500000000007 4.298359350000001 209.63940574600554 35658.500000000007 1103.2702200378965 37857.010833333341
decision_type=2 2 2 2 2 2 2 2 2 2 2 2 2 2 2 2 2 2 2 2 2 2 2 2 2 2 2 2 2 2 2 2 2 2 2 2 2 2 2 2 2 2 2 2 2 2 2 2 2 2 2 2 2 2 2 2 2
left_child=2 3 31 7 6 36 8 30 -5 45 11 18 -7 -13 15 22 -12 -8 -11 51 27 -22 26 -18 -24 -17 -4 -21 37 -30 46 32 41 35 40 39 -6 -9 -37 -33 -35 53 -43 -34 -45 49 -2 56 -32 -3 -51 54 -49 -1 -16 -27 -47
right_child=1 9 14 4 5 12 17 28 -10 10 16 13 -14 -15 19 25 23 -19 -20 20 21 -23 24 -25 -26 55 -28 -29 29 -31 48 33 43 34 -36 38 -38 -39 -40 -41 -42 42 -44 44 -46 47 -48 52 -50 50 -52 -53 -54 -55 -56 -57 -58
leaf_value=-2.2891240976508938 0.48262543666610225 2.2456471899393442 0.55447954324192472 1.7964617838455934 -21.551523146195848 11.975417905606722 3.9092238836655251 6.6024912076257172 4.6720266208187384 5.4557449067276425 -1.5184329516092936 9.8952820408469773 -7.1528014292035795 1.8410281053475892 0.35222769763105177 4.8430094796135315 13.543267817339922 -2.6376302632517654 9.775609592587541 -6.3121634710616759 8.9063299488697361 -7.2880435453761709 -1.3464510723911005 3.8818190363341687 0.69231917464098247 16.347138414837065 4.8122153744549889 2.7256951916736107 -3.3982963160907524 7.4277261127314533 4.7323324804706912 -4.8977072193925846 -4.8918792940222708 -2.30515926120732 8.063404751530399 -15.090995449739346 -9.6710087781633653 14.319605046215223 -5.6939756989586456 -2.7593627588154188 -8.2315199926106839 -1.582190386371682 3.2854810389081637 11.938674815712552 1.0882343996572896 2.8403260489872526 3.109157916303146 8.1821947199785257 8.5834837955701087 11.372056305320175 1.6398697280883789 5.4780610231558491 11.962772431306933 -6.8684385588362407 -2.1485804917908355 24.865587479500544 7.8775795789198444
leaf_weight=4916 276 36 1124 3501 43 37 129 63 1138 747 29 94 27 666 241 20 196 502 303 426 45 21 2539 50 1223 20 225 45 33 205 451 569 22 3658 26 33 34 116 110 1402 45 3599 59 32 118 20 553 78 92 53 22 23 303 36 148 20 43
leaf_count=4916 276 36 1124 3501 43 37 129 63 1138 747 29 94 27 666 241 20 196 502 303 426 45 21 2539 50 1223 20 225 45 33 205 451 569 22 3658 26 33 34 116 110 1402 45 3599 59 32 118 20 553 78 92 53 22 23 303 36 148 20 43
internal_value=0.00700512 3.61077 -1.70246 2.50912 1.8038 -7.26739 2.04783 4.64022 2.50273 6.61319 5.77237 5.0915 3.91973 2.84891 -0.378699 0.020486 10.219 -1.29513 6.71045 -2.55155 -4.31329 3.72163 -0.168471 11.6032 -0.683652 15.8554 1.26767 -5.44472 8.40318 5.91868 3.49123 -2.25634 -1.88974 -2.80694 -2.30443 -3.69183 -16.4969 11.6553 -7.95229 -3.37885 -2.37938 -1.97521 -1.5028 2.37551 3.46676 9.75587 2.23634 10.5379 5.39942 6.56167 8.57649 -0.250402 11.2123 -2.3238 -0.602293 21.1091 6.3479
internal_weight=30585 9840 20745 7200 5411 141 5270 1789 4639 2640 2085 1810 64 760 6120 5171 275 631 1050 949 537 66 5111 246 3762 60 1349 471 417 238 1372 14625 8782 5843 3729 2114 77 179 143 1971 3703 8610 3658 172 150 555 829 444 543 111 75 412 381 4952 389 40 63
internal_count=30585 9840 20745 7200 5411 141 5270 1789 4639 2640 2085 1810 64 760 6120 5171 275 631 1050 949 537 66 5111 246 3762 60 1349 471 417 238 1372 14625 8782 5843 3729 2114 77 179 143 1971 3703 8610 3658 172 150 555 829 444 543 111 75 412 381 4952 389 40 63
is_linear=0
shrinkage=0.05


Tree=51
num_leaves=54
num_cat=0
split_feature=10 10 9 1 14 7 4 12 5 14 12 1 1 9 26 18 24 17 1 16 12 14 10 14 17 7 23 0 12 3 10 7 16 1 14 26 3 4 12 12 0 16 9 3 9 9 14 4 18 3 7 10 14
split_gain=6.81489e+07 1.29484e+07 6.2314e+06 3.86519e+06 3.54765e+06 3.20788e+06 2.82934e+06 2.13052e+06 2.08704e+06 1.9595e+06 1.96122e+06 1.87668e+06 1.824e+06 2.00156e+06 1.82989e+06 1.77046e+06 1.93391e+06 1.56865e+06 1.48605e+06 1.47932e+06 1.64734e+06 1.46067e+06 1.4901e+06 1.45651e+06 1.41533e+06 3.22651e+06 1.95686e+06 1.34392e+06 1.25486e+06 1.55601e+06 1.24244e+06 1.23339e+06 1.44019e+06 1.0505e+06 1.00551e+06 870669 742909 608607 607709 816791 572201 555040 551681 496110 457345 451971 371019 370839 346739 303861 244807 149504 61432.4
threshold=1563.727621682867 921.29225017694137 2507.049509271968 0.061552621303690887 -0.70710678118654735 777.36461542940708 1.0722462990413282 43787.500000000007 -747.82499999999993 -0.70710678118654735 41908.500000000007 0.15926292198568234 0.15364126980085169 540.38965734328144 14.636050000000003 1.0000000180025095e-35 4.298359350000001 0.81174490092936691 0.18635890477550934 -1.0000000180025095e-35 30356.500000000004 0.60355339059327384 2767.1847758161971 -0.60355339059327362 0.81174490092936691 867.10914946797095 7.5886932500000013 0.48277647219501835 31934.000000000004 1.2524231056641475 2665.9354191262587 435.66904081343336 1.0000000180025095e-35 0.074941269561409882 -0.70710678118654735 18.245050000000003 1.6801335669556734 0.90371345083411547 32722.500000000004 35110.500000000007 0.43851238162301731 0.6078576107927941 2895.5032941072968 1.2636990303730811 326.54347479004156 411.72910758392931 -0.5 1.0160001280020483 -0.24999999999999997 1.5073565678197205 408.87592371001875 629.20249745897377 0.25881904510252091
decision_type=2 2 2 2 2 2 2 2 2 2 2 2 2 2 2 2 2 2 2 2 2 2 2 2 2 2 2 2 2 2 2 2 2 2 2 2 2 2 2 2 2 2 2 2 2 2 2 2 2 2 2 2 2
left_child=1 12 3 5 15 7 17 30 11 28 24 40 13 37 44 16 -5 -6 -8 34 -21 22 23 -10 26 -26 -11 35 29 -3 -2 33 -33 -15 -16 -23 -17 45 -30 -40 41 -4 -29 47 52 -1 -39 -12 -9 -7 -24 -46 -14
right_child=2 9 8 4 6 49 18 48 21 10 43 -13 14 31 19 36 -18 -19 -20 20 -22 27 50 -25 25 -27 -28 42 38 -31 -32 32 -34 -35 -36 -37 -38 46 39 -41 -42 -43 -44 -45 51 -47 -48 -49 -50 -51 -52 -53 -54
leaf_value=-3.5747001291760094 3.9834849131270134 1.2038349019962808 7.2098569208642722 5.1797858792287448 -0.38702962462256729 12.044741636966837 4.2977291612544866 13.700552954120916 7.3468955598101324 -0.0091548480091774524 2.19803656114038 -11.618512613151385 -4.1506305095384706 -0.1107655699528845 -4.8197180635101944 0.96536229874106017 13.735809991819819 5.8521176267763897 -1.4057487552454979 -6.9162396034172602 8.9873531474237858 4.9916940205271656 12.840512423127198 3.7148046228368727 1.1869280168777558 18.604596012660434 -2.7487375556091487 6.9546522028692834 -6.3721228478171614 20.290372084776561 8.7062877022291172 8.6018871872460672 -6.4571041893249479 -1.8297114593647974 -13.76561828131676 13.155994003212971 5.6267239436747021 -1.453305044315504 6.7471294042814609 1.7310241950707537 -2.5243326316341279 0.20974897532236009 -2.409391999027946 -4.2565860535548286 -2.87377318306471 -2.3304186677747345 -2.1498132351006753 5.0608325781176493 7.9436945300282176 20.28148485183716 8.9447918107774527 -1.2953724570771059 -6.5611568817645312
leaf_weight=1065 1555 22 91 162 1329 28 868 68 726 2840 548 22 52 1798 48 169 113 108 131 55 22 40 85 451 532 27 845 57 21 20 153 66 20 1757 99 229 173 2785 85 1492 30 41 21 25 555 2362 6173 143 52 31 107 209 79
leaf_count=1065 1555 22 91 162 1329 28 868 68 726 2840 548 22 52 1798 48 169 113 108 131 55 22 40 85 451 532 27 845 57 21 20 153 66 20 1757 99 229 173 2785 85 1492 30 41 21 25 555 2362 6173 143 52 31 107 209 79
internal_value=0.00687478 -1.25989 4.40398 3.46679 2.36597 5.24563 1.50689 4.86902 6.83754 0.621908 0.126372 1.76557 -1.98428 -1.84779 -3.93578 5.74978 8.73258 0.0856234 3.54916 -7.97037 -2.31532 7.38004 6.63549 5.9595 -0.282185 2.05994 -0.63794 10.29 2.11961 10.5533 4.4114 -0.816908 5.06577 -0.960603 -10.8968 11.965 3.33285 -2.15076 1.89149 2.0055 3.64333 5.05354 4.43491 2.54506 -2.91823 -2.71803 -1.93346 2.79695 11.2922 16.6385 10.7271 -2.44425 -5.64304
internal_weight=30585 23745 6840 4940 3053 1887 2436 1828 1900 6600 4960 184 17145 16026 1119 617 275 1437 999 224 77 1716 1369 1177 4244 559 3685 347 1640 42 1708 3641 86 3555 147 269 342 12385 1598 1577 162 132 78 716 895 3427 8958 691 120 59 192 764 131
internal_count=30585 23745 6840 4940 3053 1887 2436 1828 1900 6600 4960 184 17145 16026 1119 617 275 1437 999 224 77 1716 1369 1177 4244 559 3685 347 1640 42 1708 3641 86 3555 147 269 342 12385 1598 1577 162 132 78 716 895 3427 8958 691 120 59 192 764 131
is_linear=0
shrinkage=0.05


Tree=52
num_leaves=53
num_cat=0
split_feature=10 9 1 9 7 9 15 1 6 15 21 7 6 6 23 26 18 3 6 15 6 7 0 23 14 3 10 22 5 15 9 4 9 17 6 7 12 14 4 10 26 26 23 6 18 6 7 6 10 1 1 23
split_gain=6.17696e+07 1.26747e+07 4.24001e+06 3.30159e+06 2.95408e+06 2.87231e+06 2.78164e+06 2.2821e+06 2.22732e+06 3.1138e+06 2.67502e+06 2.39667e+06 2.20143e+06 2.10452e+06 1.96664e+06 1.81149e+06 1.38181e+06 1.32994e+06 1.38902e+06 1.38344e+06 1.31328e+06 1.28917e+06 1.25223e+06 1.0494e+06 978800 969627 890040 868081 820713 805270 779866 766047 1.63991e+06 1.21543e+06 744673 699586 692811 619094 584698 633471 432797 351212 312720 310237 464240 303190 286559 260465 254340 244407 120819 56210
threshold=1097.1830890323909 1873.4163097475914 0.07815191598035949 577.01475520596057 380.05603431913977 2970.0870861186709 -0.9829629131445341 0.080540969049177027 33338.311666666676 -0.12940952255126034 1.0000000180025095e-35 308.21337646768262 31433.727500000005 22662.251666666671 7.3876658500000003 18.567550000000004 0.25000000000000006 1.5400139436404057 21696.998333333337 0.25881904510252057 42798.356666666674 163.08083310793967 0.32020795938356583 7.8633765000000002 -0.5 0.87818257690048962 2021.9135904974307 2.5000000000000004 -499.99999999999983 0.25881904510252057 411.72910758392931 0.10055000000000001 1426.8210489660182 0.81174490092936691 38053.147500000014 370.05562067166494 33481.500000000007 -1.0000000180025095e-35 0.91135668156867056 951.10093999420133 18.620500000000003 18.549850000000003 13.961301000000002 39613.970000000008 0.25000000000000006 25860.555000000004 544.92069095004797 28603.572500000006 451.33932311649619 0.082850065348742216 0.051968590424222284 8.6108230000000017
decision_type=2 2 2 2 2 2 2 2 2 2 2 2 2 2 2 2 2 2 2 2 2 2 2 2 2 2 2 2 2 2 2 2 2 2 2 2 2 2 2 2 2 2 2 2 2 2 2 2 2 2 2 2
left_child=3 6 4 25 20 13 12 21 9 10 -8 37 41 -4 -11 -15 24 18 40 -19 35 47 -13 26 -6 30 -14 -20 -7 51 38 33 -33 -23 -25 -3 -30 -10 45 -40 -9 -2 -22 49 -45 -1 -18 50 -49 -32 -5 -27
right_child=1 2 5 7 16 28 8 17 11 14 -12 22 23 15 -16 -17 46 19 27 -21 42 31 -24 34 -26 29 -28 -29 36 -31 43 32 -34 -35 -36 -37 -38 -39 39 -41 -42 -43 -44 44 -46 -47 -48 48 -50 -51 -52 -53
leaf_value=-4.3423529296371868 -8.0946713888077522 4.3939052416228392 -9.2387050263086952 -0.59036901762319161 10.588092818427505 0.39457084846496582 -1.0032471147633537 -10.990864269175429 1.5922016738095048 1.0516305220948601 -14.412315400930552 9.9312915295011877 -0.072049160237078899 4.2535009631593121 4.2122373672147413 1.0230048435781363 5.2163965944341717 -1.9290183482567469 -0.58329527485698129 15.15703954378764 8.6345823021729782 -10.392031649965228 4.4591641307311889 -8.0419752066571952 7.5516976651196934 -9.3121990792647651 10.338100658655167 -2.2643746440263293 0.7668573315938314 0.068089038758050821 -1.7050617775453294 1.5770824900495404 14.529611805725096 3.8066601078850888 -0.73618640416009096 -0.94403629918596654 9.3357440004141434 3.4786412860155114 -2.3196643199154789 6.4146978069487082 -4.374822514386655 -18.006886133063926 16.969393781026206 1.0349406742064848 -1.9600970994822078 -2.7594496982621046 0.673793397637514 -4.4950571348860455 -0.29663663436577392 -2.2385620170779497 -3.9042715253771805 -14.321070026050913
leaf_weight=636 20 819 35 42 455 34 809 46 1530 1890 38 135 142 1099 665 718 110 23 1364 23 35 32 472 70 684 22 23 1759 26 20 5798 1127 24 27 69 66 275 609 2495 20 57 21 20 229 295 594 51 36 1454 3440 81 21
leaf_count=636 20 819 35 42 455 34 809 46 1530 1890 38 135 142 1099 665 718 110 23 1364 23 35 32 472 70 684 22 23 1759 26 20 5798 1127 24 27 69 66 275 609 2495 20 57 21 20 229 295 594 51 36 1454 3440 81 21
internal_value=0.00678004 3.02198 5.08472 -1.66763 6.61406 3.51599 1.61501 -0.700784 1.86026 1.00478 -1.62113 2.91936 -2.74814 2.74247 1.87558 2.97822 8.15923 -1.59925 -1.72043 6.75463 4.47073 0.340781 5.69054 -1.26133 8.77288 -2.10181 1.43257 -1.53057 7.7714 -8.2471 -2.07254 1.57378 1.85954 -3.93909 -4.44656 3.9952 8.60058 2.13067 -2.68637 -2.24768 -7.40688 -13.4796 11.9144 -1.8368 -0.651709 -3.58079 3.79051 -0.584557 -0.401025 -1.90395 -2.78662 -12.0284
internal_weight=30585 10920 4427 19665 2240 2187 6493 6095 6148 3402 847 2746 345 1852 2555 1817 1300 3272 3226 46 940 2823 607 304 1139 13570 165 3123 335 63 13507 1210 1151 59 139 885 301 2139 3745 2515 103 41 55 9762 524 1230 161 1613 1490 9238 123 43
internal_count=30585 10920 4427 19665 2240 2187 6493 6095 6148 3402 847 2746 345 1852 2555 1817 1300 3272 3226 46 940 2823 607 304 1139 13570 165 3123 335 63 13507 1210 1151 59 139 885 301 2139 3745 2515 103 41 55 9762 524 1230 161 1613 1490 9238 123 43
is_linear=0
shrinkage=0.05


Tree=53
num_leaves=55
num_cat=0
split_feature=10 10 9 15 0 10 1 1 15 0 15 11 4 9 8 15 12 0 12 11 7 13 7 16 11 10 11 1 16 9 11 15 4 1 23 9 19 26 10 4 7 8 26 11 14 0 26 3 13 3 4 13 12 12
split_gain=5.58155e+07 9.77324e+06 4.57813e+06 3.51066e+06 3.40871e+06 3.37204e+06 2.77222e+06 2.43629e+06 2.1357e+06 2.76521e+06 2.84239e+06 2.06809e+06 2.29091e+06 2.23088e+06 1.85241e+06 1.69174e+06 1.61616e+06 1.60689e+06 1.53994e+06 1.49648e+06 1.37239e+06 1.32803e+06 1.32721e+06 2.45662e+06 1.31315e+06 1.44342e+06 1.26407e+06 1.17386e+06 981353 967993 1.01898e+06 1.30599e+06 923941 864533 796147 741826 736027 725732 677002 663565 638981 803384 595910 501053 658280 471829 427213 399710 398095 369032 252059 225257 203350 195265
threshold=1173.6769452678893 2257.4581861031606 811.56075938547838 -0.9829629131445341 0.46354000387391053 1756.7994164434776 0.1969881678844059 0.11658082995994952 -0.9829629131445341 0.41693426933808292 0.96592582628906831 255.08112789510906 0.34987711706399 1444.143480146038 1769.3285804849877 -0.60355339059327384 29858.500000000004 0.46662214522514028 27498.500000000004 333.97612482584282 777.36461542940708 37144.475000000013 221.78921163140225 -1.0000000180025095e-35 668.06494927022538 2695.7789523617867 390.10552129938475 0.088007345739668272 1.0000000180025095e-35 467.83829691191676 338.3537910039542 -0.37940952255126009 0.48920102747341815 0.13522422607677229 8.4368815000000019 1426.8210489660182 1.0000000180025095e-35 18.565850000000001 232.86589403628523 1.174449815994945 544.92069095004797 1223.5762089648749 18.834000000000003 302.67951916166953 1.0000000180025095e-35 0.31877558948564094 12.039350000000001 1.2003823208133773 39605.920000000006 1.2636990303730811 1.3494172488908298 38711.320000000007 42830.500000000007 29587.500000000004
decision_type=2 2 2 2 2 2 2 2 2 2 2 2 2 2 2 2 2 2 2 2 2 2 2 2 2 2 2 2 2 2 2 2 2 2 2 2 2 2 2 2 2 2 2 2 2 2 2 2 2 2 2 2 2 2
left_child=2 3 29 19 5 26 15 11 21 24 18 34 28 -14 22 -6 -8 -16 -11 42 -7 -3 35 -24 25 -10 -5 37 -13 38 43 32 -32 47 46 -9 -33 -23 50 -12 41 -40 52 45 -45 -31 -4 -21 -26 -36 53 -35 -2 -1
right_child=1 8 7 4 6 20 16 14 9 10 39 12 13 -15 17 -17 -18 -19 -20 33 -22 27 23 -25 48 -27 -28 -29 -30 30 31 36 -34 51 49 -37 -38 -39 40 -41 -42 -43 -44 44 -46 -47 -48 -49 -50 -51 -52 -53 -54 -55
leaf_value=-5.4154602317120988 -0.95694016092810141 -12.086296919042413 -0.5633040632588826 1.6666358648542059 -5.4135000702609188 4.4655015836706902 -11.158807895183564 -1.0574284620242171 5.825029302995258 11.742889665486862 8.5895780725257342 1.1391812331389104 3.3336342450106438 14.203297504920227 -0.7029242245356242 1.5636687061938512 -1.4715178400660873 18.397599979582289 2.6351524953547374 0.94176075296401973 10.755208158700363 0.21284105047201499 -6.8571164471328814 -0.81446799172607942 13.425026470018473 9.5417845376909085 4.3744711140776058 -8.1986867078490882 -8.2878932256265117 -0.52714830146155711 -1.9384711946140638 3.4282323063074092 -14.699148861636287 -17.045157966199127 -1.0516128317820446 6.1702958286130745 -7.205167449227087 10.527554786436021 -2.1534030338689565 17.886065960759701 6.5644045657203307 -11.326278603871664 -6.3945813277032642 8.9517429394192174 -1.1785853217840196 -1.6104350048053797 1.3898022467108131 -7.264798341801292 6.1994287180017551 3.6090781671350656 -0.43646583979851317 -8.8367981193179173 2.5605926382388824 -2.3213478923911484
leaf_weight=262 86 21 391 2747 91 1711 71 882 842 48 171 55 530 51 23 1569 108 20 921 24 91 38 320 354 114 385 511 22 54 1205 21 40 45 22 1253 36 26 30 7843 22 20 23 35 26 39 6099 981 37 26 43 37 20 77 66
leaf_count=262 86 21 391 2747 91 1711 71 882 842 48 171 55 530 51 23 1569 108 20 921 24 91 38 320 354 114 385 511 22 54 1205 21 40 45 22 1253 36 26 30 7843 22 20 23 35 26 39 6099 981 37 26 43 37 20 77 66
internal_value=0.0064543 3.10763 -1.46461 2.15293 2.38365 3.05356 0.539714 -0.145265 5.70955 6.0074 4.20792 0.625408 3.06324 4.31054 -1.72751 1.17815 -5.35464 8.39715 3.09796 -3.1254 4.78892 -1.06972 -2.00608 -3.6893 7.53283 6.99807 2.09256 1.60533 -3.56395 -1.88277 -1.47129 -5.81048 -10.7285 -7.98206 -0.00597506 -0.767577 -0.805627 4.85014 -2.25662 9.73604 -2.15865 -2.18166 -0.57152 -1.39279 2.94771 -1.43181 0.833187 -4.0728 12.1366 -0.894308 -4.36173 -13.4329 0.710167 -4.80183
internal_weight=30585 9840 20745 7200 6899 5060 1839 4993 2640 2529 1162 3358 690 581 1635 1660 179 43 969 301 1802 111 1592 674 1367 1227 3258 90 109 15752 7501 132 66 103 2668 918 66 68 8251 193 7886 7866 198 7369 65 7304 1372 61 140 1296 365 42 163 328
internal_count=30585 9840 20745 7200 6899 5060 1839 4993 2640 2529 1162 3358 690 581 1635 1660 179 43 969 301 1802 111 1592 674 1367 1227 3258 90 109 15752 7501 132 66 103 2668 918 66 68 8251 193 7886 7866 198 7369 65 7304 1372 61 140 1296 365 42 163 328
is_linear=0
shrinkage=0.05


Tree=54
num_leaves=49
num_cat=0
split_feature=10 10 10 17 5 14 11 6 11 6 2 11 7 6 18 23 6 11 23 11 11 6 11 11 5 9 1 11 6 11 5 26 23 18 26 26 5 10 14 5 5 5 14 11 14 6 6 0
split_gain=5.05846e+07 9.48886e+06 4.79498e+06 4.17437e+06 4.47571e+06 2.81043e+06 2.48204e+06 2.11612e+06 1.93738e+06 2.80351e+06 1.77223e+06 1.75745e+06 1.73647e+06 1.71047e+06 1.87432e+06 1.61533e+06 1.56905e+06 1.81888e+06 3.49406e+06 1.54919e+06 1.48965e+06 1.45842e+06 1.42566e+06 1.35288e+06 1.31828e+06 1.19731e+06 1.04292e+06 1.01551e+06 1.00968e+06 1.27144e+06 965965 893144 868780 845514 806881 823046 760907 586751 564121 563382 552583 415505 415371 378920 488208 196452 176378 26847.4
threshold=1563.727621682867 921.29225017694137 2548.6437464042765 0.81174490092936691 -153.40499999999994 -0.70710678118654735 924.74512740195235 41109.711666666677 531.76801472283285 25539.136666666669 0.48492550601761891 815.9462725892173 816.11141565159744 34717.436666666676 -0.5 8.4368815000000019 25651.764166666671 509.51803386083446 7.7504735000000009 464.25703865863346 395.01328771373051 25433.005000000005 114.45856643283396 531.76801472283285 -480.05500000000001 1769.3285804849877 0.068650442830567884 302.67951916166953 35093.708333333343 76.837211705116545 749.93500000000017 18.216350000000002 4.7267515500000004 1.0000000180025095e-35 24.444700000000001 14.690850000000001 -747.82499999999993 2593.2568529125997 -0.70710678118654735 32.545000000000023 200.79999999999998 0.019999999999996024 -0.37940952255126059 342.34426700996619 0.25881904510252091 23768.352500000005 28664.183333333338 0.51278855121779865
decision_type=2 2 2 2 2 2 2 2 2 2 2 2 2 2 2 2 2 2 2 2 2 2 2 2 2 2 2 2 2 2 2 2 2 2 2 2 2 2 2 2 2 2 2 2 2 2 2 2
left_child=1 16 3 4 11 20 13 8 33 -10 19 26 -7 14 15 -3 23 28 25 40 -6 -8 -16 34 37 -19 -2 32 38 -30 31 -26 -15 -5 35 -1 -13 -12 -18 -36 46 -29 -39 -9 -45 47 -4 -25
right_child=2 6 10 7 5 12 21 43 9 -11 24 36 -14 27 22 -17 17 18 -20 -21 -22 -23 -24 45 30 -27 -28 41 29 -31 -32 -33 -34 -35 39 -37 -38 42 -40 -41 -42 -43 -44 44 -46 -47 -48 -49
leaf_value=-2.5481197998348062 1.9835369866251698 -2.6934515025700341 3.9180541774204798 -0.59622095664342245 3.9172354502082101 2.0995017894668191 1.9577957916259767 7.3572670128231969 -2.3017782721227529 10.901606188782125 -4.5812182617187505 -17.265626435487167 7.2786212822448384 2.1615829453917548 2.5841960518922233 -15.211121243068149 -1.1022984852448281 6.775776942181138 -8.12475082724435 -7.6057933669090261 7.7887884982750748 17.445814119226792 -0.31082630118108578 -13.948324801488354 10.391472873425748 20.929449988278478 -2.2367821991635397 2.9761236134635078 -1.613620853973589 -0.021582314769869153 15.556906173990832 6.5321850070088061 0.31615580627909851 4.7605081043649227 -0.48052649845228051 -5.7033357809942018 -3.6953669557117284 7.9467936594058308 -2.0705896377310671 8.3448977606177319 9.2926598330105055 8.2016540378073 1.5566434269829801 12.297821146923562 22.076695065705675 -5.7687131931470788 -2.4912074672092093 -9.5897365015203295
leaf_weight=2040 240 337 20 107 655 2803 28 20 48 237 25 22 171 1158 496 27 1893 52 34 39 404 33 2945 21 181 21 372 89 3304 2021 35 973 1419 234 65 230 20 38 7397 24 33 68 75 45 22 22 21 21
leaf_count=2040 240 337 20 107 655 2803 28 20 48 237 25 22 171 1158 496 27 1893 52 34 39 404 33 2945 21 181 21 372 89 3304 2021 35 973 1419 234 65 230 20 38 7397 24 33 68 75 45 22 22 21 21
internal_value=0.00618572 -1.08519 3.7945 3.10983 2.56657 3.18867 0.525721 6.67241 5.63974 8.67759 6.35806 -1.26871 2.39964 0.431245 -0.254244 -3.6611 -1.70531 -1.51107 4.95554 0.343739 5.40016 10.4829 0.107102 -2.88441 6.86956 11.0753 -0.581211 1.38501 -1.55875 -1.00951 7.40643 7.14598 1.14594 3.08281 -2.68698 -2.87018 -11.0399 2.22387 -1.87342 1.96559 4.57897 5.27703 3.75645 13.9543 15.7863 -10.0081 0.65399 -12.0428
internal_weight=30585 23745 6840 5400 4687 4033 6600 713 626 285 1440 654 2974 6539 3805 364 17145 14722 107 113 1059 61 3441 2423 1327 73 612 2734 14615 5325 1189 1154 2577 341 2359 2270 42 138 9290 89 74 157 113 87 67 64 41 42
internal_count=30585 23745 6840 5400 4687 4033 6600 713 626 285 1440 654 2974 6539 3805 364 17145 14722 107 113 1059 61 3441 2423 1327 73 612 2734 14615 5325 1189 1154 2577 341 2359 2270 42 138 9290 89 74 157 113 87 67 64 41 42
is_linear=0
shrinkage=0.05


Tree=55
num_leaves=48
num_cat=0
split_feature=10 10 6 15 8 12 15 11 11 23 15 15 6 6 9 6 26 6 13 23 6 11 23 17 11 11 26 6 11 10 11 6 15 11 10 8 0 26 26 19 9 13 7 8 7 16 14
split_gain=4.56661e+07 8.56512e+06 4.56659e+06 5.6705e+06 2.94179e+06 2.54812e+06 2.53215e+06 3.01042e+06 2.24739e+06 2.2363e+06 2.12443e+06 1.84137e+06 2.83561e+06 1.85133e+06 1.85053e+06 1.82809e+06 1.82236e+06 1.49128e+06 1.91962e+06 1.46541e+06 1.42765e+06 1.55956e+06 3.46674e+06 1.44032e+06 1.4028e+06 1.36829e+06 1.32968e+06 1.3202e+06 1.2566e+06 1.25003e+06 1.05787e+06 963122 1.15666e+06 1.14751e+06 869950 748920 610590 597422 796861 570749 557707 661531 501899 483034 423611 334156 169937
threshold=1563.727621682867 921.29225017694137 35484.740000000013 -0.70710678118654757 3005.0980100075335 30810.500000000004 -0.9829629131445341 400.20756300939792 924.74512740195235 6.7830116500000015 0.96592582628906831 -0.9159756150367534 30180.692500000001 27735.360000000004 1420.263053060253 26392.029166666671 18.620500000000003 43581.45416666667 45540.015000000007 6.1802585000000008 24980.067500000005 509.51803386083446 7.7504735000000009 1.0000000180025095e-35 109.34015893840511 520.41605753204374 18.589750000000006 25433.005000000005 311.58822615612172 1940.014878896319 668.06494927022538 35093.708333333343 -0.5 76.837211705116545 1780.3254619662914 2895.5032941072968 0.26967614282667279 24.444700000000001 14.773400000000001 0.6830127018922193 1268.8517386490414 39284.30000000001 531.8410496750497 1395.4842621329133 560.69823162522187 0.6078576107927941 0.37940952255126054
decision_type=2 2 2 2 2 2 2 2 2 2 2 2 2 2 2 2 2 2 2 2 2 2 2 2 2 2 2 2 2 2 2 2 2 2 2 2 2 2 2 2 2 2 2 2 2 2 2
left_child=1 20 3 5 10 -2 39 34 11 42 15 12 14 24 -3 -5 -11 18 -9 -14 25 31 23 -23 -13 37 -12 -10 -15 -6 -31 32 -22 -33 43 -19 -36 38 -1 40 -4 -42 -7 -8 -41 -39 -27
right_child=2 8 6 4 29 9 7 17 27 16 26 13 19 28 -16 -17 -18 35 -20 -21 21 22 -24 -25 -26 46 -28 -29 -30 30 -32 33 -34 -35 36 -37 -38 45 -40 44 41 -43 -44 -45 -46 -47 -48
leaf_value=-2.4751951476957412 -19.579990712946113 -6.0735837488007123 5.4512161025134001 -0.6589230545308693 -3.4472557553378018 2.5326406839489941 7.6835504689583409 7.7708618716450122 1.8632813328710096 -2.8353273230354059 7.8369465291141269 4.4003239211050156 1.4217800883671476 0.87633358446237042 -23.657173625401089 2.7643414408527884 -16.019742708206177 17.993326189377733 -0.94527905533279211 -3.038938742132181 -2.7563635369224402 1.5477523163826234 -8.3349887131355906 15.515211710054047 -1.6086701873916374 -6.5499890335083011 2.5522023141443433 16.599178805631748 3.4558022286424013 7.1240672130380736 14.601378912203243 -1.5329642219354558 -1.486315027765007 -0.020503736758834021 9.5145756803733725 7.0054153926555927 4.6400151289578959 4.5804087598933734 -5.8720123684344836 0.40994922828674318 -10.299279507123508 -1.3377263536903206 10.967679554748536 1.8524745585127491 9.2088144103340479 -1.7775734882354737 -12.502783332515406
leaf_weight=1628 21 56 21 471 21 63 38 852 28 282 298 106 359 4033 20 2257 28 50 68 376 2371 30 36 48 1055 24 200 33 534 186 65 3304 7373 2021 68 25 1202 42 193 34 25 101 24 418 22 39 36
leaf_count=1628 21 56 21 471 21 63 38 852 28 282 298 106 359 4033 20 2257 28 50 68 376 2371 30 36 48 1055 24 200 33 534 186 65 3304 7373 2021 68 25 1202 42 193 34 25 101 24 418 22 39 36
internal_value=0.00603567 -1.03093 3.60547 2.48806 3.14581 -3.01062 5.10061 5.50236 0.499567 -2.08715 2.723 0.409667 -1.81877 0.725444 -10.9481 2.17327 -4.07388 7.6939 7.12629 -0.861188 -1.62009 -1.45589 4.34636 10.2308 -1.05673 -2.88934 5.72394 9.97439 1.17863 8.13206 9.1107 -1.50007 -1.79561 -0.959052 4.23527 14.4711 4.9083 -2.65129 -2.83824 -0.285008 -1.92096 -3.18295 4.9578 2.35416 3.96765 1.53475 -10.2682
internal_weight=30585 23745 6840 3916 3498 418 2924 2721 6600 397 3226 6539 811 5728 76 2728 310 995 920 735 17145 15183 114 78 1161 1962 498 61 4567 272 251 15069 9744 5325 1726 75 1270 1902 1821 203 147 126 87 456 56 81 60
internal_count=30585 23745 6840 3916 3498 418 2924 2721 6600 397 3226 6539 811 5728 76 2728 310 995 920 735 17145 15183 114 78 1161 1962 498 61 4567 272 251 15069 9744 5325 1726 75 1270 1902 1821 203 147 126 87 456 56 81 60
is_linear=0
shrinkage=0.05


Tree=56
num_leaves=53
num_cat=0
split_feature=10 10 10 14 4 1 9 21 11 15 23 11 12 15 1 26 12 8 11 16 1 16 15 12 12 0 23 1 9 13 26 13 11 16 13 14 2 1 9 15 11 23 1 15 12 9 26 13 7 10 0 14
split_gain=4.12236e+07 7.73017e+06 4.17551e+06 3.42615e+06 3.13325e+06 2.46234e+06 2.18601e+06 2.10132e+06 2.03501e+06 1.66458e+06 2.42358e+06 1.56692e+06 1.55607e+06 1.87139e+06 1.3966e+06 1.44516e+06 1.39577e+06 1.32253e+06 1.5072e+06 1.30511e+06 1.71165e+06 1.23918e+06 1.23252e+06 1.22884e+06 1.17176e+06 1.15119e+06 1.10601e+06 1.0948e+06 1.06698e+06 1.0477e+06 1.00105e+06 995588 887989 868074 840619 814425 811598 679904 1.12934e+06 660461 647490 594938 567468 555657 410816 366580 323076 157016 144453 119387 115201 55975.3
threshold=1563.727621682867 921.29225017694137 2612.5536112046047 -0.70710678118654735 1.1205502485537067 0.066298056667291869 2921.6531414937131 1.0000000180025095e-35 924.74512740195235 -0.9159756150367534 6.8450907500000007 400.20756300939792 33026.500000000007 -0.12940952255126034 0.15364126980085169 14.636050000000003 44332.500000000007 675.15669659905097 464.25703865863346 0.6078576107927941 0.18946953262365177 -1.0000000180025095e-35 -0.9159756150367534 30356.500000000004 39033.500000000007 0.52982324998091113 9.4532530000000019 0.11902083097981232 1997.8783519999365 35757.110000000008 24.444700000000001 43069.765000000007 255.08112789510906 -0.60785761079279388 44978.905000000006 -0.37940952255126059 0.47353793424677332 0.079306453220254175 846.87044976825905 0.37940952255126043 614.20424327994806 4.513898750000001 0.032970904195650928 0.37940952255126043 43279.500000000007 326.54347479004156 18.583150000000003 43298.990000000005 497.47153157144209 629.20249745897377 0.37139645012019734 0.25881904510252091
decision_type=2 2 2 2 2 2 2 2 2 2 2 2 2 2 2 2 2 2 2 2 2 2 2 2 2 2 2 2 2 2 2 2 2 2 2 2 2 2 2 2 2 2 2 2 2 2 2 2 2 2 2 2
left_child=1 14 3 11 5 7 -7 -5 9 10 44 42 13 -11 17 45 22 37 30 20 -6 35 26 -23 -12 31 48 28 -13 46 -19 -24 -14 -28 47 -17 -21 38 -1 -20 -39 -29 50 -44 -3 51 -10 -18 -4 -47 -2 -16
right_child=2 8 16 4 19 6 -8 -9 29 12 24 27 32 -15 15 21 34 18 39 36 -22 23 25 -25 -26 -27 33 41 -30 -31 -32 -33 -34 -35 -36 -37 -38 40 -40 -41 -42 -43 43 -45 -46 49 -48 -49 -50 -51 -52 -53
leaf_value=-1.4164792854985984 3.8385445513869776 -0.67876638136513823 3.9212863117998298 3.2743070679741666 4.1268630811136573 -0.2850931388293747 6.3697236458699518 -10.826319329650314 8.9185658463977635 -3.703934513984779 -7.6963922113933796 15.30181183945899 0.89462766945127581 0.27899802731913087 -3.3860788600849663 -5.4324520774568832 12.054889317321777 -0.73259284305147787 0.3858441637039185 -1.9403254821083764 -4.4649161180759229 -5.6403367982591899 7.0558683149877126 8.0926786804199224 -2.0577514712445102 -2.7042808636497053 4.5285599776109065 -3.8558480488170286 7.4514315077283486 0.38960896925492722 5.4229075592405653 -2.2981060606638595 2.7829748336367621 -7.2739653888278539 21.054853809190831 -13.000947579492498 8.1957548152414663 -2.0312178216265102 3.0204158839787523 10.756219846731009 -9.6660438135692051 4.8731312897567358 2.0581732099289751 4.9972490178263245 2.3739342688405403 -2.3025153887407561 18.692558194115048 6.0138420408964164 10.102548140344165 -0.8945570249131749 7.4997157977807412 -5.6449761506319049
leaf_weight=8411 32 230 21 1338 751 1709 132 26 20 357 173 50 2906 1673 52 69 24 2311 24 21 62 55 838 22 198 33 23 21 345 21 67 29 792 44 22 78 259 4999 145 42 27 190 484 242 210 555 20 26 20 209 98 79
leaf_count=8411 32 230 21 1338 751 1709 132 26 20 357 173 50 2906 1673 52 69 24 2311 24 21 62 55 838 22 198 33 23 21 345 21 67 29 792 44 22 78 259 4999 145 42 27 190 484 242 210 555 20 26 20 209 98 79
internal_value=0.00579499 -0.979439 3.42567 2.88981 2.17771 1.38854 0.195255 2.99779 0.474545 0.388999 -1.72976 4.98034 0.689234 -0.422925 -1.53915 -3.24662 6.27825 -1.41973 -0.348801 4.48841 3.46696 -6.83146 5.78668 -1.66311 -4.70073 6.39176 0.731962 6.92674 8.48129 9.49056 -0.556953 6.7407 1.2997 -3.21526 12.9865 -9.50913 7.43133 -1.6124 -1.34094 7.04729 -2.07415 3.99026 3.59592 3.0434 0.780272 -2.34278 14.1424 9.09316 7.1054 -1.91903 6.63472 -4.7808
internal_weight=30585 23745 6840 5760 4298 3205 1841 1364 6600 6539 811 1462 5728 2030 17145 1119 1080 16026 2444 1093 813 224 1008 77 371 900 108 606 395 61 2378 867 3698 67 72 147 280 13582 8556 66 5026 211 856 726 440 895 40 50 41 764 130 131
internal_count=30585 23745 6840 5760 4298 3205 1841 1364 6600 6539 811 1462 5728 2030 17145 1119 1080 16026 2444 1093 813 224 1008 77 371 900 108 606 395 61 2378 867 3698 67 72 147 280 13582 8556 66 5026 211 856 726 440 895 40 50 41 764 130 131
is_linear=0
shrinkage=0.05


Tree=57
num_leaves=54
num_cat=0
split_feature=10 10 0 1 23 9 9 11 14 1 22 11 5 11 11 14 14 6 1 8 11 5 4 11 1 6 10 13 11 22 13 23 1 1 1 26 11 1 10 11 8 16 11 1 11 1 1 5 10 9 14 13 10
split_gain=3.73346e+07 8.01178e+06 3.93433e+06 2.50156e+06 2.30331e+06 2.2117e+06 2.04445e+06 1.78632e+06 1.61575e+06 1.61354e+06 1.6106e+06 2.67891e+06 3.36354e+06 1.58087e+06 1.52883e+06 1.39511e+06 1.78444e+06 1.35743e+06 1.34885e+06 1.42993e+06 1.41908e+06 1.03785e+06 1.00846e+06 1.01652e+06 1.0013e+06 962707 1.29572e+06 878126 851739 1.57461e+06 826872 772594 747469 683653 652914 646220 757638 613982 569796 543785 450901 413426 407080 423989 405787 395729 370748 263832 258464 186493 175837 119792 73308
threshold=1097.1830890323909 1827.0680963295231 0.40675408621581371 0.15926292198568234 12.4316455 842.7091398844309 479.86684091365447 924.74512740195235 -0.70710678118654735 0.07321173789992147 2.5000000000000004 360.44349352172293 300.00000000000017 311.58822615612172 400.20756300939792 -0.60355339059327362 0.25881904510252091 25860.555000000004 0.081080730179258764 1769.3285804849877 183.83202223514806 -1.0000000180025095e-35 1.0666667407409056 544.86233109898774 0.11658082995994952 31352.232500000002 870.45693243494259 31126.485000000004 218.36594996117597 2.5000000000000004 35689.390000000007 12.496859000000002 0.062158159500752833 0.14161696835341123 0.062711983669396343 17.258450000000003 631.09926442692938 0.12613978437322179 232.86589403628523 520.41605753204374 822.73278426324293 -1.0000000180025095e-35 192.31524920848992 0.060107392327039592 75.018608372924533 0.18311622431001986 0.080540969049177027 74.999999999999986 1037.8830049662122 1627.7543623828017 -0.25881904510252113 29549.810000000005 629.20249745897377
decision_type=2 2 2 2 2 2 2 2 2 2 2 2 2 2 2 2 2 2 2 2 2 2 2 2 2 2 2 2 2 2 2 2 2 2 2 2 2 2 2 2 2 2 2 2 2 2 2 2 2 2 2 2 2
left_child=6 8 9 4 5 -4 35 27 13 22 14 21 -13 42 34 24 -17 -16 20 28 44 -12 23 -3 -11 30 -27 -5 40 -30 -22 33 -24 -15 -10 36 38 -33 47 -40 -20 50 49 -44 52 -21 -6 -1 -46 -2 -37 -52 -8
right_child=1 2 3 7 46 -7 18 -9 10 15 11 12 -14 31 17 16 -18 -19 19 45 25 -23 32 -25 -26 26 -28 -29 29 -31 -32 37 -34 -35 -36 41 -38 -39 39 -41 -42 -43 43 -45 48 -47 -48 -49 -50 -51 51 -53 -54
leaf_value=-4.0251406044537559 0.99404583658814083 5.1136538300304499 -3.4287322269020408 -4.6282979507446287 -3.0371663862939866 3.6786795244212471 -1.3504996440768549 -13.947326396942138 2.4263209475705168 7.7373410197546253 -2.1358335306188061 -6.3239384869555515 3.6140828047949691 8.6727700172843356 -0.19126738081375758 0.14900233545867 5.5883527680579581 6.8764081764296323 -1.5418426265856189 12.01911202389261 0.19619321610344637 1.0139877932255204 7.9344927921603166 10.636533899068834 3.5518486998551886 6.7296338759290766 1.3902710328948387 2.1526817467070503 -0.58085828020158981 -4.3943228816450421 -7.7793774174281527 -4.0590871185414938 14.571728695023735 3.8736368032085133 0.33793173706049429 -3.1136814938068391 6.7798630648392901 4.030560345845787 -1.6771955392280682 -9.555554837313565 -0.33518724456334975 0.76087735707109627 4.1086436517189968 1.3149673996188205 -0.36265109059388051 2.5977464087804165 -10.556761911433675 0.50619923988978066 2.0399621603985207 -1.7233262475228146 -5.4285581167813008 -10.076601296401606 0.0081600774782840339
leaf_weight=363 516 755 115 84 62 2009 1561 29 603 310 302 321 115 164 95 367 255 237 2118 22 454 1911 268 94 270 144 529 108 486 611 34 33 52 140 985 24 25 75 9501 21 1221 21 244 308 2181 23 22 35 117 71 28 40 106
leaf_count=363 516 755 115 84 62 2009 1561 29 603 310 302 321 115 164 95 367 255 237 2118 22 454 1911 268 94 270 144 529 108 486 611 34 33 52 140 985 24 25 75 9501 21 1221 21 244 308 2181 23 22 35 117 71 28 40 106
internal_value=0.00566352 2.34981 3.87888 2.46299 2.97069 3.29243 -1.2961 -2.59992 1.1501 5.32775 0.676464 -0.122824 -3.70039 2.54401 1.77872 4.03519 2.38436 4.85951 -0.774328 -1.4079 -0.220314 0.58337 6.65221 5.73694 5.7984 1.31638 2.54102 -0.82258 -1.49853 -2.70693 -0.374244 5.19494 9.05509 6.48261 1.13197 -1.79434 -1.75122 1.54412 -1.7734 -1.69557 -1.10083 -5.54102 1.58139 2.55506 -0.670497 7.36501 -5.10767 -3.62637 -0.239489 0.662988 -6.97227 -8.26919 -1.26415
internal_weight=30585 10920 4800 2429 2208 2124 19665 221 6120 2371 4569 2649 436 1551 1920 1202 622 332 9607 4481 5126 2213 1169 849 580 1161 673 192 4436 1097 488 412 320 304 1588 10058 9945 108 9920 9522 3339 113 1139 552 3965 45 84 398 2298 587 92 68 1667
internal_count=30585 10920 4800 2429 2208 2124 19665 221 6120 2371 4569 2649 436 1551 1920 1202 622 332 9607 4481 5126 2213 1169 849 580 1161 673 192 4436 1097 488 412 320 304 1588 10058 9945 108 9920 9522 3339 113 1139 552 3965 45 84 398 2298 587 92 68 1667
is_linear=0
shrinkage=0.05


Tree=58
num_leaves=61
num_cat=0
split_feature=10 10 6 15 15 4 7 15 11 14 24 15 11 26 6 15 6 24 26 17 11 24 1 26 8 11 15 16 6 7 4 13 10 11 2 4 1 26 2 11 17 11 7 6 6 0 14 1 0 11 8 7 13 11 6 15 26 24 17 24
split_gain=3.38784e+07 6.75428e+06 3.53089e+06 4.90212e+06 2.43274e+06 2.13043e+06 2.14544e+06 2.07407e+06 2.69732e+06 2.11817e+06 2.01228e+06 1.94341e+06 2.2931e+06 1.68409e+06 1.59633e+06 2.34492e+06 1.58307e+06 1.57824e+06 1.45514e+06 1.4546e+06 1.33349e+06 1.23337e+06 1.22714e+06 1.28265e+06 1.10332e+06 1.29108e+06 3.00197e+06 1.08584e+06 1.28072e+06 1.03604e+06 1.11971e+06 884611 830098 824571 804230 796223 1.02318e+06 758032 719650 717250 714452 1.66419e+06 1.61092e+06 710466 598360 545923 501966 489643 436704 425406 255565 223735 205916 205680 193735 170533 131173 99366.5 135706 28466.1
threshold=1627.9255476811095 921.29225017694137 35484.740000000013 -0.70710678118654757 0.98296291314453432 0.95345179898211219 478.88074020182006 -0.9159756150367534 400.20756300939792 0.25881904510252091 12.040444000000003 -0.9829629131445341 924.74512740195235 18.620500000000003 33780.620000000003 -0.5 25433.005000000005 11.908459000000002 18.589750000000006 0.81174490092936691 302.67951916166953 8.3599170000000012 0.15364126980085169 14.636050000000003 661.82619661890294 302.67951916166953 1.0000000180025095e-35 -1.0000000180025095e-35 23165.886666666669 739.3636290339058 1.1217164099534516 38247.820000000007 2324.5456906905015 614.20424327994806 0.63597520602086322 1.1137571098904708 0.082850065348742216 14.827350000000001 0.65940883273008466 351.01163321540656 0.81174490092936691 269.89323609900458 316.15238512326607 39507.21333333334 42798.356666666674 0.35328332205487739 1.0000000180025095e-35 0.056792131615213119 0.4805678920291892 351.01163321540656 304.3907199453833 497.47153157144209 32086.590000000004 227.81558094977899 32655.292500000003 -0.5 6.5428000000000006 14.104224500000003 1.0000000180025095e-35 15.171039000000002
decision_type=2 2 2 2 2 2 2 2 2 2 2 2 2 2 2 2 2 2 2 2 2 2 2 2 2 2 2 2 2 2 2 2 2 2 2 2 2 2 2 2 2 2 2 2 2 2 2 2 2 2 2 2 2 2 2 2 2 2 2 2
left_child=1 22 3 10 5 19 -7 9 44 29 13 17 14 21 15 -13 -14 39 33 -5 -16 -2 24 50 40 48 -27 37 -29 30 -4 -12 -20 -6 43 36 -10 -25 -37 53 42 -42 -1 -11 47 -36 -33 -9 -26 -46 56 -41 -18 -3 -15 -52 -24 58 -19 -59
right_child=2 11 7 4 18 6 -8 8 35 34 31 12 16 54 20 -17 52 57 32 -21 -22 -23 23 27 25 26 -28 28 -30 -31 -32 46 -34 -35 45 38 -38 -39 -40 51 41 -43 -44 -45 49 -47 -48 -49 -50 -51 55 -53 -54 -55 -56 -57 -58 59 -60 -61
leaf_value=-1.5469284859026358 -5.987979565002453 -2.8478317792976604 -2.2895471060890205 -1.6049933470538411 9.2208645789189774 1.9498226838803863 4.9998475780346441 4.6818411470870469 7.9708745250799211 -5.2911254722100729 -3.892146862347921 -3.3997028993711371 0.51427765287201976 -18.084663784844533 1.063964533235094 0.32894387955443194 19.840135534377325 -2.5841889479756359 -0.070699169908251078 6.4156535349625798 4.8574298841668222 1.061962748262071 -1.4701649154465775 -13.009210614413025 -0.47069585515442275 -5.1637261509267915 6.7870703499289293 -5.7182172544652765 8.1295215415954587 9.0851053397996093 4.4452773371720928 2.0654119588931401 9.7780573512661846 20.258768495832172 6.4315591944535591 8.1700163942575461 3.4863612270897089 -5.657281408534331 15.663431130175324 -16.121349313909359 -0.9146366282699474 5.8593635062920422 -6.9263565616066591 6.5324314522743228 2.8195308428151269 15.216412750156152 11.99085509721438 2.7386571027806585 -2.8744538737545149 10.617188280625777 -3.1113337436105528 -7.9888634917849588 11.31289285568964 -7.0091373380025237 -9.9990324301946742 -1.4048580761613261 -5.5328988825113745 3.560295988995096 2.0548628090046073 1.2719804732004802
leaf_weight=11277 173 67 295 433 120 1651 887 620 489 26 23 487 28 20 2765 3101 20 37 69 64 252 96 28 63 2072 75 170 54 23 27 77 23 30 20 149 95 175 84 52 21 1991 94 140 23 27 20 29 693 207 54 195 20 20 56 20 596 76 22 26 38
leaf_count=11277 173 67 295 433 120 1651 887 620 489 26 23 487 28 20 2765 3101 20 37 69 64 252 96 28 63 2072 75 170 54 23 27 77 23 30 20 149 95 175 84 52 21 1991 94 140 23 27 20 29 693 207 54 195 20 20 56 20 596 76 22 26 38
internal_value=0.00543132 -0.857391 3.21469 2.18857 2.8155 2.4313 3.01732 4.54354 5.26056 1.97672 -3.15006 0.456183 0.629657 -4.93116 0.534846 -0.177951 9.69765 -3.56541 7.66389 -0.561335 1.38233 -3.47738 -1.39063 -2.99113 -1.2787 -0.319009 3.12252 -6.36825 -1.53062 -0.191453 -0.887317 4.15637 2.98166 10.9302 5.92786 7.55397 6.79599 -8.87475 10.9087 -6.76136 -1.45806 -0.606573 -1.61349 0.278259 3.92183 7.55461 7.72265 3.6591 -0.690195 8.08411 -2.13974 -12.4391 15.9566 -4.7837 -14.3845 -1.82895 -4.46355 0.715977 -0.667389 2.15572
internal_weight=30585 24105 6480 3658 3274 3035 2538 2822 2205 617 384 6960 6673 309 6605 3588 68 287 239 497 3017 269 17145 1119 16026 2524 245 224 77 399 372 75 99 140 218 811 664 147 147 164 13502 2085 11417 49 1394 169 52 1313 2279 81 895 41 40 123 40 791 104 123 63 60
internal_count=30585 24105 6480 3658 3274 3035 2538 2822 2205 617 384 6960 6673 309 6605 3588 68 287 239 497 3017 269 17145 1119 16026 2524 245 224 77 399 372 75 99 140 218 811 664 147 147 164 13502 2085 11417 49 1394 169 52 1313 2279 81 895 41 40 123 40 791 104 123 63 60
is_linear=0
shrinkage=0.05


Tree=59
num_leaves=60
num_cat=0
split_feature=10 10 1 2 15 6 15 0 26 11 15 13 5 11 15 11 24 14 14 5 6 11 15 11 6 15 15 24 6 16 24 0 6 15 11 11 14 3 17 14 15 3 11 19 11 24 7 7 1 11 1 6 10 15 6 7 26 11 5
split_gain=3.05906e+07 6.14341e+06 3.28731e+06 2.53444e+06 2.77331e+06 2.61514e+06 2.46794e+06 2.41541e+06 2.20861e+06 2.11067e+06 1.97211e+06 1.76378e+06 1.82447e+06 1.75686e+06 1.52648e+06 1.61313e+06 1.53729e+06 1.50785e+06 1.49803e+06 1.48386e+06 1.62499e+06 1.43096e+06 2.17114e+06 1.71854e+06 1.41012e+06 2.02358e+06 1.38199e+06 2.22388e+06 1.36486e+06 1.30907e+06 1.25076e+06 1.10342e+06 1.06755e+06 1.26304e+06 1.53566e+06 898893 844581 825602 817702 797883 925723 746249 713798 629496 611814 602505 563696 521666 521565 438180 361512 327653 315560 281316 73941.5 81069.5 61054.3 39096.7 33677.8
threshold=1627.9255476811095 1046.6642317271019 0.07815191598035949 0.56020500470501722 -0.5 29706.657500000005 -0.9159756150367534 0.4711049549032259 18.160600000000006 408.82633411873377 0.25881904510252057 32934.875000000007 -377.50000000000006 924.74512740195235 -0.9829629131445341 924.74512740195235 11.908459000000002 -0.70710678118654735 0.91597561503675362 299.99999999999972 34524.35333333334 204.25273939992789 -0.12940952255126034 448.97942493170416 26644.033333333336 -0.37940952255126009 -0.9159756150367534 9.8015865000000009 28412.020000000004 -0.60785761079279388 13.486521500000002 0.45257025101786091 36654.077500000007 0.96592582628906831 425.07594124034773 648.80539728898964 0.25881904510252091 0.87818257690048962 -0.56174490092936669 0.25881904510252091 -0.37940952255126009 1.2524231056641475 295.04571564515408 -0.5 242.32531917308287 11.0522735 197.70530116156621 456.98066971196971 0.18635890477550934 61.717417351813459 0.11031881853119817 42041.411666666674 166.95333112748082 -0.9829629131445341 39731.475833333338 190.32265598242734 13.620050000000001 201.94722782707234 99.990000000000137
decision_type=2 2 2 2 2 2 2 2 2 2 2 2 2 2 2 2 2 2 2 2 2 2 2 2 2 2 2 2 2 2 2 2 2 2 2 2 2 2 2 2 2 2 2 2 2 2 2 2 2 2 2 2 2 2 2 2 2 2 2
left_child=1 17 3 4 5 -2 19 11 10 39 -6 31 -13 18 16 24 44 21 -9 20 29 49 23 -23 25 -16 27 -11 -17 -4 -10 -8 33 37 -35 -26 38 -19 -21 40 -5 -41 -24 -28 57 -7 51 -22 -15 58 -46 -34 -51 -48 55 -18 -56 -3 -1
right_child=2 14 6 9 8 45 7 13 30 26 -12 12 -14 48 15 28 54 32 -20 36 47 22 42 -25 35 -27 43 -29 -30 -31 -32 -33 46 34 -36 -37 -38 -39 -40 41 -42 -43 -44 -45 50 -47 53 -49 -50 52 -52 -53 -54 -55 56 -57 -58 -59 -60
leaf_value=-1.2460980937865993 -16.719866829062951 -1.4953225350167072 -5.5301825948195029 1.3592166262850203 -5.7331531627025081 -6.2628990263889239 11.674963374634586 -1.1809993737569222 6.9459283717366915 -0.54377476948351899 2.3823336115242548 -2.2460230158508558 3.3178714983872619 -3.7017489110506503 -12.736934060046547 2.0921308396991933 1.0751555766661962 -1.8102043239381933 3.2402774082335828 -8.2273233938217167 -0.1534889247001858 0.062858488217804792 1.7495919847180765 -12.171112573984507 1.1525971495883933 -0.78388624740119872 5.0559859048239888 11.307916643781176 16.509576597849527 -21.623380293412641 2.9136640185756812 3.989129593698602 -1.0057965787219647 -0.6001021510536102 9.8506324031617911 -4.8177662321552637 8.6340496790086902 -4.2504602455173934 3.0387417094074953 15.153214396522158 4.5924981222416692 5.3565843412665464 6.3399458692866482 9.1818002066521931 -6.6231685618350369 2.2633510884242276 -3.2230679000507707 -6.2907661733907814 -14.119207287597655 -3.8554380674685462 -14.177981848283247 0.71748712016321781 -0.1457587528464854 2.8193008208823351 0.81726357760173929 -2.7300070453825453 4.4506190712111344 -4.4615688083285381 -2.7435677679991115
leaf_weight=2061 32 27 32 400 108 29 95 454 335 120 238 161 1659 25 37 37 41 9777 330 23 108 128 154 36 4368 522 119 58 29 21 456 94 1969 1492 35 63 36 359 48 20 498 347 190 494 37 66 21 50 24 58 32 320 2025 162 27 20 20 20 38
leaf_count=2061 32 27 32 400 108 29 95 454 335 120 238 161 1659 25 37 37 41 9777 330 23 108 128 154 36 4368 522 119 58 29 21 456 94 1969 1492 35 63 36 359 48 20 498 347 190 494 37 66 21 50 24 58 32 320 2025 162 27 20 20 20 38
internal_value=0.00530727 -0.81458 3.05487 4.15356 2.38881 -4.59373 1.8996 2.36705 3.1721 5.23681 -0.160032 3.30526 2.82471 0.103041 0.692523 0.871696 -3.33755 -1.2373 0.681748 -2.27234 -4.6971 -0.460316 2.04302 -2.68011 0.768056 -1.59639 7.264 3.35958 8.579 -12.1892 4.62801 7.89352 -1.49506 -1.6951 -0.35427 1.06664 2.50836 -1.89705 -0.674339 3.96448 3.1554 5.9302 4.296 8.39041 -7.30881 -0.377473 -0.550935 -2.12305 -8.98461 -0.764821 -10.2794 -0.764673 -0.250856 2.11214 0.955759 -0.196268 2.42399 -2.82431 -1.2745
internal_weight=30585 24105 6480 3320 1264 127 3160 2842 1137 2056 346 2009 1820 833 5280 5056 224 18825 784 318 211 4690 508 164 4990 559 791 178 66 53 791 189 14135 11663 1527 4431 107 10136 71 1265 898 367 344 613 116 95 2472 158 49 4182 69 2289 2083 183 108 61 47 47 2099
internal_count=30585 24105 6480 3320 1264 127 3160 2842 1137 2056 346 2009 1820 833 5280 5056 224 18825 784 318 211 4690 508 164 4990 559 791 178 66 53 791 189 14135 11663 1527 4431 107 10136 71 1265 898 367 344 613 116 95 2472 158 49 4182 69 2289 2083 183 108 61 47 47 2099
is_linear=0
shrinkage=0.05


Tree=60
num_leaves=52
num_cat=0
split_feature=10 10 15 21 2 11 10 14 7 10 14 17 5 11 11 19 15 15 11 12 13 9 17 26 3 15 13 14 10 22 11 15 14 4 11 0 11 15 26 11 14 7 17 7 9 11 21 26 26 5 3
split_gain=2.76803e+07 5.14514e+06 2.68229e+06 3.20436e+06 2.56046e+06 2.44194e+06 2.28792e+06 2.10176e+06 1.69706e+06 1.73735e+06 1.59465e+06 1.5512e+06 1.83993e+06 1.51152e+06 1.38123e+06 1.85333e+06 2.7902e+06 2.36112e+06 1.34226e+06 1.3409e+06 1.26213e+06 1.72917e+06 1.24423e+06 1.21104e+06 1.54352e+06 1.20496e+06 1.07971e+06 1.07792e+06 1.03881e+06 913055 1.24066e+06 1.1038e+06 845732 744324 675008 649441 605415 806091 569076 564497 531995 648985 496934 833513 644805 472245 464966 476955 407202 266550 231256
threshold=1173.6769452678893 2257.4581861031606 -0.9159756150367534 1.0000000180025095e-35 0.54716191107484324 400.20756300939792 705.9491634592531 0.25881904510252091 709.52667636726585 2767.1847758161971 -0.70710678118654735 0.81174490092936691 -223.97999999999999 333.97612482584282 631.09926442692938 0.25000000000000017 -0.5 -0.12940952255126034 595.13008241021805 27042.500000000004 28598.865000000002 2055.8953207150594 0.81174490092936691 18.190700000000003 2.2824269971427964 1.0000000180025095e-35 43707.545000000006 -0.70710678118654735 1756.7994164434776 2.5000000000000004 224.853204396319 -0.37940952255126009 0.60355339059327384 0.59231845513180603 668.06494927022538 0.36369985488925355 192.31524920848992 -0.12940952255126034 25.536800000000003 544.86233109898774 -0.70710678118654735 456.98066971196971 0.81174490092936691 239.88761233091273 1523.002253024885 89.590311014316811 1.0000000180025095e-35 9.4992000000000001 6.7888500000000009 0.010000000000005118 1.2636990303730811
decision_type=2 2 2 2 2 2 2 2 2 2 2 2 2 2 2 2 2 2 2 2 2 2 2 2 2 2 2 2 2 2 2 2 2 2 2 2 2 2 2 2 2 2 2 2 2 2 2 2 2 2 2
left_child=6 2 3 7 10 28 33 13 9 11 18 12 -3 -2 27 16 -16 -17 -4 -18 -10 32 -7 24 -11 -12 -25 36 -6 31 -31 -29 -22 42 -23 -9 50 -38 40 -13 45 -42 43 48 -45 -35 47 -44 -1 -40 -8
right_child=1 8 4 -5 5 22 14 35 20 23 25 39 -14 -15 15 17 19 -19 -20 -21 21 34 -24 26 -26 -27 -28 29 -30 30 -32 -33 -34 38 -36 -37 37 -39 49 -41 41 -43 46 44 -46 -47 -48 -49 -50 -51 -52
leaf_value=-3.8634517811745499 -0.4874091753352115 -1.6715506405861618 2.8247397001181973 -17.698241789681571 1.3974525770548614 3.8462151871538404 -0.26472054057480382 4.6455336313679201 -2.6746003125508633 23.238515389760337 -2.4048706238384434 4.1540367529608986 3.1403431710903793 -5.9138547575850247 -5.4792017879486092 8.0072350601922917 3.0041076087419478 -14.985913686752319 15.320970621744792 16.623507330664275 10.640865425831372 4.2814715702566835 8.3063050884202472 6.4726770638763256 4.638649818482607 0.70420324204747797 -5.3558073734101797 1.3997976798091929 3.2741259277468795 -0.64722852111687779 -3.0941426113691044 -0.98731340989803229 21.699877596607916 -1.0925264305678732 10.189200426480349 -0.27320372618161715 -0.45638412993910027 3.2315436822995722 0.35121524765377954 9.6471476695714173 -1.4885686863651149 6.9255556933776194 -0.54344153207764034 -5.3148951177818837 -15.248029332842146 0.24923683822264686 -5.9206147119734025 7.3777048483349041 -1.5461252987799499 8.3453150790387944 3.30779331540068
leaf_weight=346 396 228 78 27 2373 590 804 191 29 23 389 87 1514 189 29 20 27 23 29 57 62 179 214 276 22 1550 20 873 1071 1769 732 1085 26 2552 67 103 226 428 20 107 10000 22 199 85 20 882 35 20 423 21 47
leaf_count=346 396 228 78 27 2373 590 804 191 29 23 389 87 1514 189 29 20 27 23 29 57 62 179 214 276 22 1550 20 873 1071 1769 732 1085 26 2552 67 103 226 428 20 107 10000 22 199 85 20 882 35 20 423 21 47
internal_value=0.00500401 2.18891 1.49623 -1.04649 1.86235 2.56211 -1.03095 -0.515465 4.07677 3.56768 0.408944 2.98518 2.50994 -2.24768 -0.21918 4.41014 7.75353 -4.35239 6.32212 12.3327 7.25158 8.11886 5.0422 6.85637 14.4439 0.0795437 5.6581 -0.340989 1.98183 -0.731481 -1.36435 0.0771801 14.1155 -1.3706 5.92524 2.9272 0.815672 1.95836 -1.2673 7.2177 -1.28536 -1.46941 -2.60441 -3.16969 -7.33297 -0.74793 -0.654504 0.210175 -2.59244 4.54708 -0.063757
internal_weight=30585 9840 7200 906 6294 4248 20745 879 2640 2277 2046 1936 1742 585 6120 156 113 43 107 84 363 334 804 341 45 1939 296 5964 3444 4459 2501 1958 88 14625 246 294 1505 654 13497 194 13456 10022 1128 874 105 3434 254 219 769 41 851
internal_count=30585 9840 7200 906 6294 4248 20745 879 2640 2277 2046 1936 1742 585 6120 156 113 43 107 84 363 334 804 341 45 1939 296 5964 3444 4459 2501 1958 88 14625 246 294 1505 654 13497 194 13456 10022 1128 874 105 3434 254 219 769 41 851
is_linear=0
shrinkage=0.05


Tree=61
num_leaves=55
num_cat=0
split_feature=10 10 1 2 4 7 9 11 10 6 11 11 17 2 23 9 7 6 24 13 11 23 11 18 19 14 9 1 11 4 4 13 14 0 22 11 6 4 13 11 2 11 9 7 12 9 1 4 14 9 10 9 14 9
split_gain=2.51152e+07 5.01338e+06 2.92471e+06 2.19299e+06 2.15968e+06 1.81433e+06 1.99509e+06 2.2023e+06 1.82987e+06 1.94568e+06 1.79724e+06 1.53324e+06 2.12255e+06 1.40774e+06 1.41163e+06 1.40408e+06 1.32767e+06 1.23959e+06 1.70112e+06 2.12954e+06 1.43585e+06 1.29406e+06 1.55785e+06 1.38753e+06 1.17136e+06 1.61387e+06 1.09299e+06 950027 882978 1.44757e+06 878551 846663 805716 760617 692432 1.93827e+06 746885 616602 724414 556165 545349 699362 531283 477441 1.46702e+06 470680 454478 409543 388832 320573 300498 272262 265433 227647
threshold=1627.9255476811095 822.62264923049884 0.07815191598035949 0.56020500470501722 0.95345179898211219 739.3636290339058 2970.0870861186709 866.73822657055348 1706.1374638911916 25433.005000000005 400.20756300939792 595.13008241021805 0.81174490092936691 0.69224995141621593 8.7945025000000019 3005.0980100075335 709.52667636726585 26644.033333333336 8.5443190000000016 34325.075000000004 212.21842032167106 7.6432585000000008 472.37178621456525 0.68301270189221941 -0.24999999999999994 0.98296291314453432 655.93094272100859 0.080540969049177027 364.37064053653665 0.34987711706399 1.052621796103673 32856.555000000008 0.37940952255126054 0.32401151352830254 5.5000000000000009 147.383255887818 30049.740833333337 1.0833334722226853 36519.345000000008 227.81558094977899 0.70117156991113461 180.37953340173613 1699.6209308463654 425.10869052098866 33481.500000000007 1151.974653264883 0.014784856090944204 0.96555934699739054 -0.5 3302.9503335992745 595.13717568167135 334.64655364192191 0.25881904510252091 1845.9241844862479
decision_type=2 2 2 2 2 2 2 2 2 2 2 2 2 2 2 2 2 2 2 2 2 2 2 2 2 2 2 2 2 2 2 2 2 2 2 2 2 2 2 2 2 2 2 2 2 2 2 2 2 2 2 2 2 2
left_child=1 27 3 24 11 6 7 -6 -7 -10 37 31 16 14 -12 17 -13 18 19 -3 -20 22 -19 -23 32 26 -26 28 40 50 -27 42 53 -33 43 51 -37 38 -5 -34 48 -42 -4 47 -45 -31 -39 -29 -1 -8 -30 -36 -15 -2
right_child=2 15 4 10 5 8 49 -9 9 -11 13 12 -14 52 -16 -17 -18 21 20 -21 -22 23 -24 -25 25 30 -28 34 29 45 -32 33 39 -35 35 36 -38 46 -40 -41 41 -43 -44 44 -46 -47 -48 -49 -50 -51 -52 -53 -54 -55
leaf_value=-0.58101281002460237 7.8563503363903822 7.3992836980407048 -0.49863235939632766 6.7092019619245455 1.5899978773162833 -6.3827908664279516 5.5138755331510616 -9.1332026964790973 -2.6931777051600019 9.2669656468445165 8.2066582919305464 -12.660992836543493 8.8395980886979544 11.0234326963092 3.9801532198861249 10.443227631064023 -2.3813597181287864 0.81195686214902651 0.17615962458664267 -6.1927508621215814 -4.0025721271497252 0.023926812682944523 6.7291815799683867 -3.5035275680023634 -5.5959646193981172 4.9840103454816909 2.8850039016145526 -2.0938364259388118 -0.44358235473218177 3.7364079514344533 15.953468211582729 4.5131320936783501 2.471759149840004 -2.6518079293086267 -3.8237329851297233 -7.4235081071390896 2.5296829959324434 12.052231437242948 2.4302133111462449 -2.4592536213056282 0.010732579483341951 7.6847871344320229 6.4615637128512065 -2.8840264288238862 11.811225298422354 11.162708221026829 4.9864241458304388 -1.1915724765359392 -1.3057936703320974 10.776276663702888 -8.8270234298706054 -1.3427246953246827 18.788894649687268 1.1707906341552734
leaf_weight=2664 33 103 43 112 2127 26 171 48 40 212 376 69 21 42 423 33 58 4625 354 39 489 1712 113 332 39 41 790 1964 22 59 34 45 75 190 129 236 20 25 824 231 702 30 74 45 26 34 234 3515 6078 36 20 761 20 21
leaf_count=2664 33 103 43 112 2127 26 171 48 40 212 376 69 21 42 423 33 58 4625 354 39 489 1712 113 332 39 41 790 1964 22 59 34 45 75 190 129 236 20 25 824 231 702 30 74 45 26 34 234 3515 6078 36 20 761 20 21
internal_value=0.00491705 -0.737979 2.76811 3.80441 1.67848 2.2451 1.79736 1.34926 6.06128 7.36537 4.81203 -1.33436 -5.5859 6.55462 5.97688 0.304541 -8.02168 0.260125 -1.39645 3.64902 -2.24967 0.500893 0.954472 -0.550456 2.16292 3.12255 2.47975 -1.23669 -0.917922 3.08312 10.1014 0.463969 -0.248767 -1.26647 -1.69393 -2.81299 -6.63908 3.55205 2.94885 -1.24654 -0.975255 0.335305 3.92095 -1.46239 2.58657 6.54132 5.7122 -1.51532 -1.08502 6.47651 -4.54825 -1.70623 13.787 5.32506
internal_weight=30585 24105 6480 3320 3160 2660 2382 2175 278 252 2056 500 148 861 799 7800 127 7767 985 142 843 6782 4738 2044 1264 904 829 16305 9609 135 75 352 360 235 6696 1146 256 1195 936 306 9474 732 117 5550 71 93 259 5479 8742 207 42 890 62 54
internal_count=30585 24105 6480 3320 3160 2660 2382 2175 278 252 2056 500 148 861 799 7800 127 7767 985 142 843 6782 4738 2044 1264 904 829 16305 9609 135 75 352 360 235 6696 1146 256 1195 936 306 9474 732 117 5550 71 93 259 5479 8742 207 42 890 62 54
is_linear=0
shrinkage=0.05


Tree=62
num_leaves=53
num_cat=0
split_feature=10 10 1 26 15 15 26 7 2 15 7 15 6 13 15 23 10 9 1 26 2 11 23 13 9 6 4 14 1 11 11 1 9 23 15 9 1 13 7 6 1 26 6 9 12 23 10 26 23 9 7 19
split_gain=2.27458e+07 4.9017e+06 2.95601e+06 2.49711e+06 3.44102e+06 3.15832e+06 2.33685e+06 2.06733e+06 2.28989e+06 2.7657e+06 1.8772e+06 1.75957e+06 1.72124e+06 1.68459e+06 1.64318e+06 1.4861e+06 1.43618e+06 2.01389e+06 1.39716e+06 2.05727e+06 1.37128e+06 1.72699e+06 1.60138e+06 1.83643e+06 1.43245e+06 1.34941e+06 1.18017e+06 1.17251e+06 1.14033e+06 1.95859e+06 1.14933e+06 1.05646e+06 1.01931e+06 1.01619e+06 893279 887623 871883 858690 514201 476068 417778 407660 671470 308601 283657 250301 208908 126363 102020 97885.6 90577.3 90362.6
threshold=1104.6751303923145 1827.0680963295231 0.11658082995994952 18.576600000000003 0.1294095225512602 -0.9159756150367534 18.620500000000003 709.52667636726585 0.58405734446265456 -0.70710678118654757 576.58915984026874 -0.9159756150367534 30180.692500000001 37608.700000000004 -0.9829629131445341 8.7945025000000019 454.45907452993941 1720.0260074008504 0.22031234280403358 15.500850000000002 0.53607988294315978 924.74512740195235 9.3313510000000015 34821.19000000001 71.155737247132606 24862.843333333334 1.0160001280020483 0.25881904510252091 0.14551972909613339 257.68101129683959 687.63510778768716 0.1969881678844059 2231.5016179326008 4.2431939000000005 0.1294095225512602 71.155737247132606 0.04213979242864372 39825.730000000003 395.03103763224357 20008.381666666672 0.033462168160161676 6.7429000000000014 27396.050000000007 1642.3785908357577 44943.500000000007 4.9261810000000006 363.50138822157817 6.975550000000001 6.0916937000000013 297.43633755801244 171.28787838666224 1.0000000180025095e-35
decision_type=2 2 2 2 2 2 2 2 2 2 2 2 2 2 2 2 2 2 2 2 2 2 2 2 2 2 2 2 2 2 2 2 2 2 2 2 2 2 2 2 2 2 2 2 2 2 2 2 2 2 2 2
left_child=16 11 7 10 5 -5 -6 8 9 -3 25 12 13 -2 -10 32 39 28 19 -19 22 24 31 -24 -22 -4 -12 33 30 44 35 -13 -9 -14 -23 -18 -17 -31 -29 45 46 42 -42 -43 -30 -1 47 -41 49 -47 -50 -48
right_child=1 2 3 4 6 -7 -8 15 14 -11 26 20 27 -15 -16 36 17 18 -20 -21 21 34 23 -25 -26 -27 -28 38 29 37 -32 -33 -34 -35 -36 -37 -38 -39 -40 40 41 43 -44 -45 -46 48 51 -49 50 -51 -52 -53
leaf_value=-0.23522191485843147 -18.400002149854387 -4.9560508864673221 -7.8572765390937391 -11.126220836024132 -10.74392516232971 6.7282600315443943 -0.23808814804205733 12.85140755573072 -0.86949408273660511 2.5579646766037896 1.5189157747611022 -0.46940249451476596 1.7031822128081693 -1.9846175044291732 4.9617677675779506 -8.1053656835141403 -7.4911731216181883 1.4526717517250465 -4.873134645734515 18.169207117235338 13.739702110290526 13.83110318443992 5.1840241187923368 -7.6832750102877618 1.4819036365815521 2.0013307812904726 12.564869783485639 1.1760312248307345 -0.81684449023898642 -4.3707261841568217 8.6477998654982624 -5.7452460439545767 6.6091434461189351 -3.5387689601602141 1.2337591353329744 -0.52936768320055183 5.2621236918522767 -14.575209375728262 7.4033684842586513 1.4668109616858862 -4.0121303472432031 -1.3995995989334289 -1.5491811038141889 -5.7081002376193091 4.5021642087056088 -4.3753019658724472 -0.4385220948443147 -1.2306851924657822 -4.8575687042670914 -9.4179285361550065 -1.520422758102417 -1.2698209227435293
leaf_weight=36 27 133 36 30 132 123 88 94 130 1430 38 988 127 36 1658 22 45 37 20 36 23 43 211 31 3819 565 67 197 707 397 33 104 229 334 21 10115 25 21 39 157 438 5340 755 41 25 23 541 59 78 21 29 831
leaf_count=36 27 133 36 30 132 123 88 94 130 1430 38 988 127 36 1658 22 45 37 20 36 23 43 211 31 3819 565 67 197 707 397 33 104 229 334 21 10115 25 21 39 157 438 5340 755 41 25 23 541 59 78 21 29 831
internal_value=0.00487547 1.85031 3.0411 0.736053 -2.56884 3.17783 -6.56171 3.70913 3.31563 1.91581 2.48329 0.89733 -1.34969 -9.19744 4.53754 7.2544 -1.00253 -0.638455 6.65028 9.83064 1.22343 1.69602 -0.160559 3.51088 1.55884 1.39872 8.61938 -0.62819 -0.698795 -2.19068 -0.530278 -0.976665 8.45985 -2.0941 9.78025 -0.560937 -1.0334 -4.91697 2.23204 -1.50109 -1.44356 -1.6194 -2.45604 -1.43348 -0.629283 -3.99088 -0.715079 0.727696 -4.8788 -6.93793 -3.97561 -0.942589
internal_weight=30585 10800 4800 1079 373 153 220 3721 3351 1563 706 6000 760 63 1788 370 19785 11436 93 73 5240 3906 1334 242 3842 601 105 697 11343 1150 10193 1092 323 461 64 10160 47 418 236 8349 8162 6574 1193 5381 732 187 1588 216 151 44 107 1372
internal_count=30585 10800 4800 1079 373 153 220 3721 3351 1563 706 6000 760 63 1788 370 19785 11436 93 73 5240 3906 1334 242 3842 601 105 697 11343 1150 10193 1092 323 461 64 10160 47 418 236 8349 8162 6574 1193 5381 732 187 1588 216 151 44 107 1372
is_linear=0
shrinkage=0.05


Tree=63
num_leaves=58
num_cat=0
split_feature=9 10 10 15 6 1 11 4 2 1 15 11 23 2 17 1 15 12 11 11 5 17 1 11 26 6 10 12 9 15 6 26 6 15 11 11 17 12 11 10 11 11 1 4 3 2 23 4 9 10 11 22 15 4 10 9 24
split_gain=2.06205e+07 3.76469e+06 2.41897e+06 2.16744e+06 3.47731e+06 2.40195e+06 2.1897e+06 2.11291e+06 2.13077e+06 2.16726e+06 2.16007e+06 2.04089e+06 2.0379e+06 1.52306e+06 1.34194e+06 1.30941e+06 1.49834e+06 3.0074e+06 2.04689e+06 1.24013e+06 1.26836e+06 1.21568e+06 1.1072e+06 1.07756e+06 999152 962762 918729 900643 1.02158e+06 998192 946004 890989 799273 901757 1.51897e+06 1.07509e+06 904545 675883 609131 594946 546818 768562 512365 509681 477368 535139 402641 302437 299764 265861 254959 210551 208152 106927 66090.3 162640 38716
threshold=1329.1249317153095 1827.0680963295231 844.27179956142663 -0.70710678118654757 30180.692500000001 0.24704976018373964 464.25703865863346 1.1892242433663605 0.59313817761032916 0.20179298745144222 -0.9829629131445341 777.22274205627548 12.4316455 0.62456096839505304 0.81174490092936691 0.086679291276755735 -0.12940952255126034 31118.000000000004 404.63300267533253 283.33987693072157 199.00000000000009 -0.56174490092936669 0.060671807164413907 560.65504025192899 18.885400000000001 38138.140000000007 2695.7789523617867 43787.500000000007 312.51673688218676 -0.9159756150367534 28727.690833333338 18.619650000000004 35025.419166666674 0.1294095225512602 106.19546761270797 375.17067062483983 0.81174490092936691 31052.500000000004 76.837211705116545 1292.0954870900734 412.5423184596591 709.18839906504832 0.15094606262164065 0.87374849682239975 0.4876541357785617 0.70117156991113461 11.848716500000002 1.1164744759190202 2032.726412708347 1274.7662544137927 338.3537910039542 3.5000000000000004 -0.9829629131445341 0.99891211525464996 507.79550702427645 667.49923971526641 7.4513578500000008
decision_type=2 2 2 2 2 2 2 2 2 2 2 2 2 2 2 2 2 2 2 2 2 2 2 2 2 2 2 2 2 2 2 2 2 2 2 2 2 2 2 2 2 2 2 2 2 2 2 2 2 2 2 2 2 2 2 2 2
left_child=2 3 32 4 31 6 22 8 9 12 25 13 -3 -6 -8 16 17 18 -4 39 -21 23 -5 48 -19 -10 -12 28 30 -30 -17 43 33 34 51 46 -36 -11 54 -18 50 -42 -37 -2 45 -40 -35 -7 -9 53 -23 -1 -46 -29 55 -34 -56
right_child=1 7 15 5 11 47 14 21 10 37 26 -13 -14 -15 -16 27 19 24 -20 20 -22 40 -24 -25 -26 -27 -28 49 29 -31 -32 -33 38 35 36 42 -38 -39 44 -41 41 -43 -44 -45 52 -47 -48 -49 -50 -51 -52 -53 -54 -55 56 -57 -58
leaf_value=-0.85273493789850408 -8.4377261183812067 2.195796190023525 -3.9200748263597491 2.6326265624407448 -4.6388411847250799 -11.250435958230817 3.2070202054803119 9.6616478042710909 -8.7051749688103097 -13.028741998076439 3.7527300575736371 11.511199057295515 -5.9206201638115772 0.60136797010413412 8.9024534343506083 0.053185667634010315 0.59730511018631061 1.5014782877314983 -17.821456898197983 2.3252505333243163 8.9324661336270257 6.630919310277509 0.52377286481232355 -7.6380142021179198 -1.354002208572517 0.57856946741541226 6.5591967312338655 -1.5616760334186255 -4.5508726147630716 -0.9578781565044322 9.1364750267664601 -1.2251951118751809 -1.0496719889181878 -1.1244738965529497 -3.5809111106034659 6.5154912339108328 -0.096654970756283515 -1.2436108632314773 0.52029613535091712 3.2812502696691084 12.712034293883439 5.8831868724028276 -2.2988583389195529 -16.728753671085133 -2.91837820640982 4.5583478922929084 0.66460908425514564 -3.3884939815884554 1.4241475927829743 6.3058670069111713 0.24433333818208089 -1.6214796396893534 -0.17812639267778718 2.0539287228243692 -0.080448106078141859 -4.1520349418285285 -1.1830176117537279
leaf_weight=1653 51 1735 139 943 174 36 382 21 41 31 1684 36 80 667 142 79 1071 811 32 217 109 61 1829 23 491 83 355 23 214 1928 44 26 2897 5477 1396 69 215 20 308 255 108 71 21 33 72 111 333 20 23 35 21 1942 1372 146 276 42 111
leaf_count=1653 51 1735 139 943 174 36 382 21 41 31 1684 36 80 667 142 79 1071 811 32 217 109 61 1829 23 491 83 355 23 214 1928 44 26 2897 5477 1396 69 215 20 308 255 108 71 21 33 72 111 333 20 23 35 21 1942 1372 146 276 42 111
internal_value=0.00460654 2.06424 -0.813694 1.02139 -1.03724 1.62768 1.80317 3.1023 2.78677 1.54755 3.85463 0.0180307 1.83498 -0.487029 4.76447 0.0833923 0.763245 -0.396128 -6.61002 1.79661 4.55499 6.95786 1.24187 0.932698 0.424425 -2.5361 4.24433 -0.777053 -1.06389 -1.3188 3.35001 -9.37504 -1.12165 -1.36101 -1.84067 -0.937532 -3.11626 -8.52001 -0.609169 1.11554 8.49507 10.0511 4.45609 -11.8535 0.114642 1.59836 -1.02184 -8.55139 5.48313 2.39736 5.01804 -1.26834 -0.316688 1.55554 -1.01451 -1.09541 -0.398936
internal_weight=30585 8696 21889 4339 987 3352 3296 4357 4029 1866 2163 877 1815 841 524 5594 3125 1473 171 1652 326 328 2772 67 1302 124 2039 2469 2265 2142 123 110 16295 11106 5206 5900 1611 51 5189 1326 261 179 90 84 1863 419 5810 56 44 204 82 3595 1444 169 3326 2939 387
internal_count=30585 8696 21889 4339 987 3352 3296 4357 4029 1866 2163 877 1815 841 524 5594 3125 1473 171 1652 326 328 2772 67 1302 124 2039 2469 2265 2142 123 110 16295 11106 5206 5900 1611 51 5189 1326 261 179 90 84 1863 419 5810 56 44 204 82 3595 1444 169 3326 2939 387
is_linear=0
shrinkage=0.05


Tree=64
num_leaves=49
num_cat=0
split_feature=10 10 1 2 4 26 9 8 9 17 5 26 14 4 10 17 6 9 6 0 14 9 9 23 1 6 1 9 23 12 14 6 9 14 4 9 26 22 16 3 3 8 23 9 4 14 14 9
split_gain=1.86211e+07 3.76845e+06 2.45622e+06 1.78333e+06 1.77431e+06 2.01342e+06 1.24843e+06 1.23395e+06 1.13901e+06 1.10792e+06 1.12306e+06 1.08582e+06 1.40811e+06 1.0692e+06 1.02206e+06 1.01868e+06 1.73806e+06 1.46078e+06 1.00269e+06 973496 970982 918933 904302 1.2555e+06 876569 1.10215e+06 809402 805968 938531 773129 811607 759696 800934 747215 742482 682351 624183 599487 558164 530802 538492 457132 449685 364142 349869 320530 302894 205628
threshold=1627.9255476811095 1046.6642317271019 0.07815191598035949 0.56020500470501722 0.95345179898211219 18.565850000000001 2970.0870861186709 1769.3285804849877 3005.0980100075335 0.81174490092936691 178.04999999999998 18.160600000000006 0.98296291314453432 0.90745173183390782 2612.5536112046047 -0.56174490092936669 27102.58666666667 2895.5032941072968 29910.420000000002 0.59176895578896205 -0.5 655.93094272100859 1658.6664974867074 7.0086555000000006 0.13309314721995116 27259.660000000003 0.16073202496419656 133.87200642658311 12.363891000000001 42100.500000000007 0.60355339059327384 28059.969166666669 1581.5484171780806 0.37940952255126054 1.052621796103673 1679.8958772287044 18.595050000000004 5.5000000000000009 0.6078576107927941 2.3427335009017347 2.5750175502600348 1891.7903955454069 9.9554085000000025 1412.3653628747913 1.1538465483254945 0.78656609248549325 -0.78656609248549292 1845.9241844862479
decision_type=2 2 2 2 2 2 2 2 2 2 2 2 2 2 2 2 2 2 2 2 2 2 2 2 2 2 2 2 2 2 2 2 2 2 2 2 2 2 2 2 2 2 2 2 2 2 2 2
left_child=1 7 3 11 5 35 15 13 18 10 14 33 21 31 -5 16 -6 -17 19 20 -3 -13 26 -24 36 -26 -15 -20 -29 30 -11 32 -1 47 -14 45 -7 -12 -37 42 -41 -31 -8 -33 -35 -4 -9 -2
right_child=2 8 4 9 6 24 39 46 -10 29 37 12 34 22 -16 17 -18 -19 27 -21 -22 -23 23 -25 25 -27 -28 28 -30 41 -32 43 -34 44 -36 38 -38 -39 -40 40 -42 -43 -44 -45 -46 -47 -48 -49
leaf_value=-2.2361967831949903 7.2758463433910823 3.4002778442397372 1.3216893977778299 2.1517693177911164 -6.4394646552368826 -8.4941285397665833 9.5819423005667073 3.2631694444020591 10.603234880992344 3.5916493583990161 6.2996305123191823 -5.2376583569049835 4.5051392412185676 -0.6953975501561861 5.423757154358551 2.5080373986883031 0.9042243366068492 -6.8411092496472738 8.612229625477509 8.3708775240580238 -1.0961491388404916 2.537020759915781 13.338282144334583 -1.718762954185749 -2.9652104742328329 -15.368038461584796 -2.4627059089512597 1.0044839865305315 -4.1669043804009753 14.081950479531287 12.913500033787319 -1.2311908954212267 -7.7798900615818356 -2.0757218133043254 14.510674924850463 4.8550711770791279 -0.80173603972710605 0.057788780567257905 -0.29828477784488977 -0.44380200805202608 5.3878856060334614 7.2801775145530705 1.6017637379964194 2.8032802442918747 3.2462193330185758 -5.5879263704876569 11.771708920796712 0.932767010602084
leaf_weight=1676 33 130 27 951 90 34 82 23 27 151 459 39 41 13020 319 1549 702 42 33 29 1441 794 26 28 35 37 681 3531 89 49 27 3228 67 267 35 129 108 42 88 61 111 58 23 56 34 42 20 21
leaf_count=1676 33 130 27 951 90 34 82 23 27 151 459 39 41 13020 319 1549 702 42 33 29 1441 794 26 28 35 37 681 3531 89 49 27 3228 67 267 35 129 108 42 88 61 111 58 23 56 34 42 20 21
internal_value=0.00436306 -0.635317 2.38364 3.33329 1.38518 -1.3455 1.89878 -0.966397 0.545057 4.24189 3.77224 1.85317 2.76817 -0.985941 2.97726 1.52809 0.0626399 2.25709 0.49135 -0.552201 -0.722141 2.16717 -0.757782 5.64154 -5.00201 -9.46216 -0.783414 0.948449 0.876225 7.13689 5.06991 -1.60996 -2.45364 -0.490902 9.24163 1.39837 -2.69013 5.77753 2.77343 5.07078 3.32903 10.4966 7.86555 -1.16156 -1.4658 -2.90384 7.39834 4.87099
internal_weight=30585 24105 6480 3320 3160 500 2660 18825 5280 2056 1771 1264 909 18782 1270 2383 792 1591 5253 1600 1571 833 13755 54 214 72 13701 3653 3620 285 178 5027 1743 355 76 286 142 501 217 277 172 107 105 3284 301 69 43 54
internal_count=30585 24105 6480 3320 3160 500 2660 18825 5280 2056 1771 1264 909 18782 1270 2383 792 1591 5253 1600 1571 833 13755 54 214 72 13701 3653 3620 285 178 5027 1743 355 76 286 142 501 217 277 172 107 105 3284 301 69 43 54
is_linear=0
shrinkage=0.05


Tree=65
num_leaves=51
num_cat=0
split_feature=9 10 10 4 10 6 11 1 11 17 17 11 11 1 16 1 14 12 10 23 11 22 11 10 1 0 12 14 11 9 6 1 11 22 9 5 11 10 10 12 1 12 5 3 10 3 10 14 4 4
split_gain=1.69384e+07 3.09648e+06 1.98693e+06 1.8695e+06 1.84659e+06 1.78359e+06 1.5627e+06 1.48992e+06 1.52999e+06 1.35354e+06 1.15971e+06 1.89242e+06 1.87054e+06 1.15215e+06 1.09614e+06 1.54228e+06 1.35145e+06 1.04305e+06 864270 1.08874e+06 968390 2.18366e+06 1.07955e+06 942642 834167 1.00299e+06 741645 713220 696025 734331 585722 582539 640485 698969 509117 506603 477109 459797 406631 322740 290646 320133 283676 235839 197162 188067 137362 108756 100893 99606.8
threshold=1329.1249317153095 1827.0680963295231 844.27179956142663 1.1892242433663605 2695.7789523617867 25539.136666666669 531.76801472283285 0.24704976018373964 924.74512740195235 0.81174490092936691 0.81174490092936691 435.62761669301636 648.80539728898964 0.093726962052257792 0.6078576107927941 0.15926292198568234 0.91597561503675362 45181.500000000007 2374.987419907327 5.6262386500000003 338.3537910039542 5.5000000000000009 283.33987693072157 2521.0321204144539 0.11194166193044565 0.37139645012019734 43787.500000000007 -0.5 85.673746178798865 473.22560778655344 30804.060833333337 0.08224046762484212 133.23181345874551 5.5000000000000009 1627.7543623828017 500.00000000000017 777.22274205627548 489.05967234857729 390.59366716169399 44332.500000000007 0.17248759455961213 29587.500000000004 90.015000000000001 0.65171637116049086 1274.7662544137927 1.0660977007725549 117.31523253839474 0.60355339059327384 1.0303278519617542 0.99891211525464996
decision_type=2 2 2 2 2 2 2 2 2 2 2 2 2 2 2 2 2 2 2 2 2 2 2 2 2 2 2 2 2 2 2 2 2 2 2 2 2 2 2 2 2 2 2 2 2 2 2 2 2 2
left_child=2 7 27 4 5 6 -3 8 10 -7 12 -12 -2 18 15 36 35 30 20 23 22 -22 -4 -20 -10 -26 28 37 47 -30 -6 39 38 -34 -9 -16 -5 43 -33 42 41 -39 -29 46 49 -36 -1 -15 -41 -28
right_child=1 3 13 14 17 9 -8 34 24 -11 11 -13 -14 26 16 -17 -18 -19 19 -21 21 -23 -24 -25 25 -27 44 31 29 -31 -32 32 33 -35 45 -37 -38 40 -40 48 -42 -43 -44 -45 -46 -47 -48 -49 -50 -51
leaf_value=-3.6579115508851552 0.77130500427837412 4.97655179907294 0.44977594038657298 4.6689781736019178 1.7555301418841278 1.8670366917955339 -7.7998374329979825 -0.11250148761840094 15.734488497518356 4.9930586566909962 1.183915954968924 7.3425088546150619 -4.8291265112925803 2.111848875962052 1.2767180793762207 -8.0342482388537864 21.571474821784278 15.397647647028386 17.149844837983448 -1.7100143465314597 1.2066983502728124 -8.845631660294945 3.5965689387580646 4.1915452833433413 13.060021162766677 1.5751078190215648 -1.6212804023856702 -1.0884533404565064 1.9219204462645294 -1.5436535794901378 5.3261687603024939 -2.8497982598688054 -2.1852285042790243 -5.7601853333105595 -5.9731419788707392 9.6955569730578244 12.057933402795058 5.7599167060852059 -1.2064261281648827 0.54163764755409882 -4.1118097016750239 0.16591623428421362 0.62672627851307627 -4.9382075914655417 5.7133590313882543 -13.131309375762939 -0.77945300570919462 6.0788240541730616 3.6556934880056691 1.9511617158353329
leaf_weight=41 3372 33 2717 163 150 2841 81 20 20 394 463 170 155 50 24 22 21 22 23 34 142 86 302 36 25 72 22 6326 166 1822 508 432 591 178 21 73 25 25 2924 165 38 1574 250 34 32 21 3687 27 30 135
leaf_count=41 3372 33 2717 163 150 2841 81 20 20 394 463 170 155 50 24 22 21 22 23 34 142 86 302 36 25 72 22 6326 166 1822 508 432 591 178 21 73 25 25 2924 165 38 1574 250 34 32 21 3687 27 30 135
internal_value=0.00430551 1.87101 -0.737345 2.81245 2.5157 2.03224 -4.09025 0.925227 1.03744 2.24919 0.877957 2.84686 0.523884 0.0756923 6.43893 4.23901 10.2855 4.89025 0.665095 5.39184 0.528092 -2.60702 0.765648 9.44481 6.65235 4.63825 -0.797596 -1.01644 -1.07221 -1.25345 4.5161 -1.2493 -1.71777 -3.01913 -6.70905 7.64688 5.71018 -0.546367 -1.41876 -0.963686 0.153062 0.256926 -1.02316 -0.850678 2.19268 -9.77449 -0.812084 3.56303 1.03696 1.44344
internal_weight=30585 8696 21889 4357 4029 3349 114 4339 4277 3235 4160 633 3527 5594 328 210 118 680 3340 93 3247 228 3019 59 117 97 2254 16295 2065 1988 658 10896 4125 769 62 97 188 5399 3356 6771 1637 1599 6576 3762 189 42 3728 77 195 157
internal_count=30585 8696 21889 4357 4029 3349 114 4339 4277 3235 4160 633 3527 5594 328 210 118 680 3340 93 3247 228 3019 59 117 97 2254 16295 2065 1988 658 10896 4125 769 62 97 188 5399 3356 6771 1637 1599 6576 3762 189 42 3728 77 195 157
is_linear=0
shrinkage=0.05


Tree=66
num_leaves=49
num_cat=0
split_feature=9 15 10 1 2 7 6 10 15 14 1 17 11 15 7 6 11 11 15 9 6 17 23 4 4 1 11 15 10 18 9 9 2 11 9 5 11 6 3 11 2 22 5 14 6 2 3 10
split_gain=1.52924e+07 2.9508e+06 2.85108e+06 1.94715e+06 1.98447e+06 1.90702e+06 2.02382e+06 1.8027e+06 1.43083e+06 1.63682e+06 1.41568e+06 1.51996e+06 1.96472e+06 1.83826e+06 1.32888e+06 1.31753e+06 1.3438e+06 1.31058e+06 1.2841e+06 1.16341e+06 1.13294e+06 745522 657311 655275 591788 509500 732564 1.36016e+06 508767 507704 444546 396475 396991 640285 386070 300206 838641 287907 233851 222258 211996 211896 201656 196536 182582 164273 139366 132065
threshold=1329.1249317153095 -0.9829629131445341 1756.7994164434776 0.18946953262365177 0.5294908243487747 709.52667636726585 42798.356666666674 705.9491634592531 0.96592582628906831 -0.5 0.24704976018373964 0.81174490092936691 351.01163321540656 -0.70710678118654757 390.17570595671549 38427.045833333344 99.536053447953677 193.88810081328435 -0.12940952255126034 2032.726412708347 33418.070000000007 1.0000000180025095e-35 5.8630007000000015 1.0943839603903598 1.0000512820512972 0.079306453220254175 355.85602432362407 0.1294095225512602 1611.6507858416676 -0.5 1642.3785908357577 989.6331025328036 0.71646273088367252 171.26374066526276 303.37034084237683 200.00000000000014 346.17131145310685 37978.630833333336 0.50536918580638324 544.86233109898774 0.47057793760038286 5.5000000000000009 17.595000000000002 -1.0000000180025095e-35 20008.381666666672 0.62236184643029191 1.2194699340046802 1589.497104335607
decision_type=2 2 2 2 2 2 2 2 2 2 2 2 2 2 2 2 2 2 2 2 2 2 2 2 2 2 2 2 2 2 2 2 2 2 2 2 2 2 2 2 2 2 2 2 2 2 2 2
left_child=7 20 10 5 29 6 -4 25 9 17 11 13 -13 -3 35 16 -11 41 -19 -7 39 -6 45 37 -16 31 34 38 -17 -5 -12 32 42 -34 43 36 -10 -24 -28 -2 -37 -9 -1 -27 -36 -22 -25 -47
right_child=1 2 3 4 21 19 -8 8 14 15 30 12 -14 -15 24 28 -18 18 -20 -21 22 -23 23 46 -26 26 27 -29 -30 -31 -32 -33 33 -35 44 40 -38 -39 -40 -41 -42 -43 -44 -45 -46 47 -48 -49
leaf_value=-1.0529883932866517 -6.0860639222462973 -1.9675072866017116 2.3425555897297552 -13.144918898505134 -2.3492712127703892 11.168442345750467 7.1446969353896881 -0.36621892677109835 1.4838355201313167 2.1951173940978754 -0.59053052016666963 0.21744891165853383 5.8468287308987454 1.1717761395286501 3.2195784278710686 0.7404072735888626 -1.4169093464865528 0.40496220032462316 4.3779894322467641 4.7668379692577494 -1.2456296287075832 6.1668096139384252 -9.1343246156413382 -2.5801064059008727 13.845849543484775 -1.1221497966368479 -13.36354667239719 2.6927116550417511 6.39040884768679 -4.1897354705102989 -9.7515921120643618 4.3886933351207427 0.42448207327832732 9.6277734266008661 -4.2890833605096699 0.38007375459671022 -7.9060390441894528 -3.7378603806836264 -6.9830880626966794 -13.329556502562305 6.013610356960978 1.8583528394057969 -0.54705958199493809 -3.2778287073066488 -1.154079131051124 1.5877815196093392 2.2440262299914693 6.7282519088472643
leaf_weight=5024 23 576 3848 36 51 88 232 1065 491 276 20 285 339 2431 23 788 3677 393 421 372 25 50 40 22 32 153 26 33 41 30 39 36 190 20 46 24 24 69 42 25 55 118 3246 352 5293 33 42 20
leaf_count=5024 23 576 3848 36 51 88 232 1065 491 276 20 285 339 2431 23 788 3677 393 421 372 25 50 40 22 32 153 26 33 41 30 39 36 190 20 46 24 24 69 42 25 55 118 3246 352 5293 33 42 20
internal_value=0.00425086 1.77794 1.95183 2.76749 -2.52324 2.96262 2.6173 -0.700443 -0.0673115 -0.282142 0.910905 1.03652 3.28019 0.569981 2.17363 -0.784184 -1.16422 0.919833 2.46266 6.01307 -3.09586 1.88569 -1.73062 -3.4426 9.53907 -1.02563 -1.38088 -5.58369 1.02721 -9.19774 -6.70783 -0.777494 -0.799942 1.34248 -1.3073 1.47675 1.03177 -5.7833 -9.58107 -10.0539 4.32836 -0.14294 -0.854501 -2.62824 -1.18189 2.06192 0.571472 3.61635
internal_weight=30585 8696 8397 4707 167 4540 4080 21889 7428 6779 3690 3631 624 3007 649 4782 3953 1997 814 460 299 101 251 173 55 14461 5945 101 829 66 59 8516 8480 210 5844 594 515 109 68 48 79 1183 8270 505 5339 78 64 53
internal_count=30585 8696 8397 4707 167 4540 4080 21889 7428 6779 3690 3631 624 3007 649 4782 3953 1997 814 460 299 101 251 173 55 14461 5945 101 829 66 59 8516 8480 210 5844 594 515 109 68 48 79 1183 8270 505 5339 78 64 53
is_linear=0
shrinkage=0.05


Tree=67
num_leaves=49
num_cat=0
split_feature=10 10 15 14 4 14 0 14 11 8 15 23 9 26 6 15 23 11 11 6 14 26 1 11 11 15 0 23 6 18 11 13 6 11 11 9 12 23 10 15 9 1 9 1 12 17 9 26
split_gain=1.38788e+07 2.97948e+06 2.24255e+06 2.79894e+06 2.46255e+06 2.35424e+06 3.09324e+06 2.16947e+06 1.18527e+06 1.11148e+06 1.10315e+06 1.0519e+06 1.0325e+06 1.6969e+06 1.0105e+06 1.86699e+06 1.46527e+06 1.3961e+06 1.87192e+06 993425 1.35974e+06 960075 918345 1.41156e+06 1.07709e+06 2.07931e+06 857174 836353 828776 699914 690139 654117 631573 521681 496839 492137 488342 655661 470930 454065 359137 274202 236545 180995 103288 75399.8 58084 21808.8
threshold=1663.4810707368877 1046.6642317271019 0.98296291314453432 -0.70710678118654735 1.1217164099534516 0.12940952255126043 0.4179017886909453 -0.37940952255126059 412.5423184596591 1769.3285804849877 -0.9829629131445341 6.0916937000000013 1928.6294953818244 18.576600000000003 29910.420000000002 -0.78656609248549325 9.3313510000000015 739.19286622200468 668.06494927022538 37978.630833333336 0.91597561503675362 18.598000000000003 0.14429117344799927 215.26295192261028 280.17707909155911 -0.5 0.48535005821532279 8.3161285000000031 32234.375833333335 -0.24999999999999997 280.17707909155911 31189.230000000007 38509.695000000007 242.32531917308287 255.08112789510906 2084.4454757204603 40457.500000000007 7.7021935000000008 640.79001361079702 -0.37940952255126009 862.78481538327071 0.18946953262365177 1658.6664974867074 0.088007345739668272 42830.500000000007 -0.22252093395631442 1065.6107339580142 13.743950000000002
decision_type=2 2 2 2 2 2 2 2 2 2 2 2 2 2 2 2 2 2 2 2 2 2 2 2 2 2 2 2 2 2 2 2 2 2 2 2 2 2 2 2 2 2 2 2 2 2 2 2
left_child=1 9 3 8 5 7 -7 -5 34 22 11 44 28 -14 15 29 -17 18 -16 20 -6 26 24 38 32 -26 36 -25 -10 -12 -21 -19 -1 46 42 43 37 -4 -24 -36 -35 -11 -2 -23 45 -3 -13 -46
right_child=2 10 21 4 19 6 -8 -9 12 41 14 33 13 -15 17 16 -18 31 -20 30 -22 35 23 27 25 -27 -28 -29 -30 -31 -32 -33 -34 40 39 -37 -38 -39 -40 -41 -42 -43 -44 -45 47 -47 -48 -49
leaf_value=-0.94509374355392461 4.9655035062936648 -3.0752979307589325 1.9858727759122852 0.93978302471691999 1.3798407550353116 4.3541343631775211 0.32749989343420327 -3.3007340493066977 19.91189078467233 10.726101442972819 -13.821096823215484 -3.2747276243296541 7.3411682437718673 2.1457280831755718 1.0833087027780299 -0.56962713782497731 4.2439189394940149 15.830994445137357 -13.890268258594331 2.9031466299593447 6.1551429031848919 2.304678192467525 -1.7084401416952113 -2.8537794067543567 -2.4579033599237898 3.002936362129653 18.074298178932885 -7.4293705691428036 6.4083685414955545 -3.7083168439865113 8.613083751157804 3.2615566081092475 -0.021232327636002978 -3.1188850857814159 0.21737763565277388 -2.62812139354872 0.2431063487313011 10.336096851439706 0.26451978218898009 3.7966738926268677 -10.757677504221599 2.6256228683108382 -0.10512960115671158 8.2759736669540409 1.1330436241115842 0.98517225443345058 0.13338194324856711 3.0224723652870429
leaf_weight=13983 25 22 31 611 589 695 1516 594 20 23 31 32 315 315 3562 1413 177 22 20 89 199 28 995 329 267 498 21 144 28 39 135 20 2132 23 106 32 21 104 434 543 53 20 199 24 34 22 20 30
leaf_count=13983 25 22 31 611 589 695 1516 594 20 23 31 32 315 315 3562 1413 177 22 20 89 199 28 995 329 267 498 21 144 28 39 135 20 2132 23 106 32 21 104 434 543 53 20 199 24 34 22 20 30
internal_value=0.00403481 -0.535216 2.10764 1.90885 1.26808 0.625844 1.59462 -1.15156 3.73621 -0.834735 0.486205 -2.85126 5.30466 4.75097 0.635779 -0.3857 -0.0314458 1.10365 0.995849 3.43318 2.59207 6.63682 -0.853287 -1.89467 -0.735841 1.09627 8.71818 -4.25952 12.3265 -8.31849 6.36741 10.0607 -0.822877 -5.89952 2.51342 2.20008 7.35157 8.44738 -1.10947 3.21332 -8.51653 7.10385 0.480321 5.16491 0.782434 -1.06818 -1.98604 2.05166
internal_weight=30585 24345 6240 5979 4428 3416 2211 1205 1551 18825 5520 236 678 630 5284 1660 1590 3624 3582 1012 788 261 18782 1902 16880 765 177 473 48 70 224 42 16115 128 873 84 156 135 1429 649 76 43 224 52 108 44 52 64
internal_count=30585 24345 6240 5979 4428 3416 2211 1205 1551 18825 5520 236 678 630 5284 1660 1590 3624 3582 1012 788 261 18782 1902 16880 765 177 473 48 70 224 42 16115 128 873 84 156 135 1429 649 76 43 224 52 108 44 52 64
is_linear=0
shrinkage=0.05


Tree=68
num_leaves=47
num_cat=0
split_feature=9 10 9 17 4 11 10 23 12 26 14 10 11 16 14 0 0 9 10 13 21 14 7 4 9 4 14 0 9 7 14 10 26 16 12 8 11 22 11 7 0 11 21 9 23 4
split_gain=1.25746e+07 2.44871e+06 2.21473e+06 2.0215e+06 3.29464e+06 1.76079e+06 1.4876e+06 1.36948e+06 1.23549e+06 970201 960317 831787 1.12917e+06 2.28589e+06 2.19873e+06 1.1115e+06 908055 1.60856e+06 901381 781992 740972 713226 951585 816700 639376 634077 619733 605975 545663 529120 477467 469852 401569 366505 360933 336841 332816 964300 312020 266015 238535 232666 193330 142780 56757.2 53948.8
threshold=1329.1249317153095 2571.5706662195612 3199.5985812441477 0.81174490092936691 0.95345179898211219 478.87360381594812 844.27179956142663 1.6046511000000001 27319.500000000004 18.216350000000002 -0.70710678118654735 2374.987419907327 338.3537910039542 -1.0000000180025095e-35 -0.25881904510252113 0.52833776859824166 0.54421649444330977 655.93094272100859 1274.7662544137927 43707.545000000006 1.0000000180025095e-35 0.25881904510252091 404.66582167028594 1.0612289791592227 1257.8883593046228 1.1958333420576872 -0.5 0.52982324998091113 2055.8953207150594 739.3636290339058 -0.70710678118654735 396.14241203056298 25.536800000000003 -0.60785761079279388 37018.500000000007 3050.8705243132035 145.93964872934015 2.5000000000000004 69.163290355828067 159.65663121619843 0.2541310635802046 103.46682793902117 1.0000000180025095e-35 667.49923971526641 9.2080560000000009 1.0396538385213923
decision_type=2 2 2 2 2 2 2 2 2 2 2 2 2 2 2 2 2 2 2 2 2 2 2 2 2 2 2 2 2 2 2 2 2 2 2 2 2 2 2 2 2 2 2 2 2 2
left_child=6 2 3 4 10 20 26 -7 -6 21 -2 12 18 14 -14 -15 17 -13 30 27 -5 22 -3 28 -19 -20 32 29 -23 -11 -8 33 38 41 45 -24 40 -38 43 -40 -33 -28 -35 -1 -36 -4
right_child=1 9 34 5 8 7 11 -9 -10 19 -12 16 13 15 -16 -17 -18 24 25 -21 -22 23 35 -25 -26 -27 31 -29 -30 -31 -32 36 -34 42 44 -37 37 -39 39 -41 -42 -43 -44 -45 -46 -47
leaf_value=-0.74133207436150028 1.1334269467836677 18.46403383915241 14.382652383595705 1.9427684899728797 7.8069679911931367 -6.561543391834606 1.053540054230738 6.3079541370597223 1.2102734709875251 3.1564253242072726 -2.7539141275693222 -9.519679951978766 0.52001470581905263 3.1504445546658144 -7.1381265179870672 -3.3291535189843948 13.621729365757535 8.0772655311425527 1.1752425326109104 -6.0385359730927846 -5.6266638761408192 -5.4480008172988903 9.5824631194579304 11.191431217956543 -2.1535104692549933 5.3607923427106137 -1.6042570011457684 -3.8565551090240486 4.5256780958175664 7.2684471487444497 -0.36982824477385812 0.82241381661775648 4.5533806686401368 -1.1988817705739765 3.6583143118153454 1.7503337624798652 0.065974103120983479 -3.3448549563872576 0.18463514052011706 -1.3593940969398388 -0.90523876450731233 -3.8878901783281039 -3.7867228818780334 -2.6367058253664415 7.4112370215521928 9.3545377831231988
leaf_weight=2966 202 25 23 676 71 21 730 403 5203 963 735 22 147 229 257 92 20 59 882 22 33 23 38 24 20 100 180 28 31 85 3036 204 39 1019 22 22 359 489 1968 324 8266 302 77 102 26 20
leaf_count=2966 202 25 23 676 71 21 730 403 5203 963 735 22 147 229 257 92 20 59 882 22 33 23 38 24 20 100 180 28 31 85 3036 204 39 1019 22 22 359 489 1968 324 8266 302 77 102 26 20
internal_value=0.0039694 1.61234 1.26647 1.16972 0.815128 3.11111 -0.635045 5.6566 1.30054 3.64902 -1.91555 0.0684515 -0.0225648 -1.85906 -4.35721 1.28878 4.15173 2.16127 0.258192 3.10933 1.58302 7.24335 10.3959 3.71969 5.49259 1.60649 -0.876542 3.3018 0.255721 3.49655 -0.0937153 -1.09359 -0.438377 -1.89148 8.97705 6.78654 -0.958283 -1.9025 -0.475541 -0.0341262 -0.863535 -3.04018 -1.38398 -0.805187 5.80101 12.3099
internal_weight=30585 8696 7435 7344 6211 1133 21889 424 5274 1261 937 5594 5473 725 404 321 121 101 4748 1098 709 163 85 78 79 982 16295 1076 54 1048 3766 10896 5399 1578 91 60 9318 848 5360 2292 8470 482 1096 3068 48 43
internal_count=30585 8696 7435 7344 6211 1133 21889 424 5274 1261 937 5594 5473 725 404 321 121 101 4748 1098 709 163 85 78 79 982 16295 1076 54 1048 3766 10896 5399 1578 91 60 9318 848 5360 2292 8470 482 1096 3068 48 43
is_linear=0
shrinkage=0.05


Tree=69
num_leaves=55
num_cat=0
split_feature=10 10 15 14 4 14 12 14 15 23 11 16 9 26 12 11 11 26 12 15 9 11 7 14 5 12 7 14 10 9 11 15 11 11 3 14 9 9 10 11 15 9 3 11 17 9 14 9 10 16 7 10 3 11
split_gain=1.1505e+07 2.42203e+06 2.03176e+06 2.43708e+06 2.17972e+06 2.14187e+06 2.41745e+06 1.94185e+06 1.55169e+06 1.6095e+06 1.01101e+06 978034 958981 1.50458e+06 935329 895817 882983 862280 852489 1.81152e+06 917995 847131 648628 647254 659482 608108 595293 586044 536908 591816 506884 935803 1.10555e+06 541025 492345 923444 457432 449614 446464 439515 409897 409138 340251 250965 222561 213306 207757 205500 203522 202703 191872 141307 119340 113423
threshold=1663.4810707368877 822.62264923049884 0.98296291314453432 -0.70710678118654735 1.1217164099534516 0.12940952255126043 35957.500000000007 -0.37940952255126059 -0.9159756150367534 6.0916937000000013 412.5423184596591 0.6078576107927941 1928.6294953818244 18.576600000000003 39151.500000000007 924.74512740195235 614.20424327994806 18.598000000000003 31803.500000000004 -0.12940952255126034 614.41997219800032 224.853204396319 497.47153157144209 -0.70710678118654735 -377.50000000000006 40457.500000000007 375.23001420982661 0.25881904510252091 414.99062941339594 1699.6209308463654 201.94722782707234 0.1294095225512602 408.82633411873377 295.04571564515408 1.8911211417601259 0.37940952255126054 821.32248338728812 2084.4454757204603 1983.9527159747879 255.08112789510906 -0.37940952255126009 2762.2196417614418 0.54293289503947684 61.717417351813459 1.0000000180025095e-35 1658.6664974867074 -0.25881904510252113 727.87523075399952 166.95333112748082 -0.8783796973249266 342.39494753253194 713.04846813538609 0.68675039859437048 64.53683948385428
decision_type=2 2 2 2 2 2 2 2 2 2 2 2 2 2 2 2 2 2 2 2 2 2 2 2 2 2 2 2 2 2 2 2 2 2 2 2 2 2 2 2 2 2 2 2 2 2 2 2 2 2 2 2 2 2
left_child=1 23 3 10 5 7 -7 -5 9 49 39 16 22 -14 21 18 -6 25 19 -10 -20 -11 -12 30 36 38 -13 -16 42 -30 43 32 -32 -33 35 -17 51 50 44 45 -41 -40 -26 47 -4 -2 -38 -1 -45 53 -19 -25 -51 -3
right_child=2 8 17 4 11 6 -8 -9 15 14 12 26 13 -15 27 34 -18 37 20 -21 -22 -23 -24 24 28 -27 -28 -29 29 -31 31 33 -34 -35 -36 -37 46 -39 41 40 -42 -43 -44 48 -46 -47 -48 -49 -50 52 -52 -53 -54 -55
leaf_value=-0.72534503199521627 4.6531252648280219 0.37348078241715066 3.3661879370151429 0.81124975996566762 3.1498454975585362 0.1720530455561107 3.5868946181074133 -3.2007251862149779 -3.8591749300474043 -0.43460704251494209 5.4910273445129398 2.0448802185978421 6.7894664619768719 1.8979992044349261 -2.8625428601709597 15.945005246798198 -0.97848648128055393 1.7187945761503998 4.5016180931036365 0.22723385923820208 0.65194106811728869 -6.7633228295494661 17.33888144760132 -2.9756117504119874 -1.5723038670957188 0.20172362197529187 7.1960083988613022 1.3604140528675819 -0.82769171202584657 7.2041991428706966 2.3119861249401148 0.76708881439046661 -8.1186776704054608 7.6905977389458062 0.47030824129398052 1.5083978011391379 -2.0195864800044467 -2.5870518263903537 14.846285227338473 0.11844996064622826 3.5183321499013731 7.7513890620253294 -7.9730966917673758 -2.8796388356564413 9.33177428311315 -0.1617496148109436 -7.9420054775125841 -4.0716982947004601 0.10690695912728194 4.6758952077229825 7.822324274027789 2.5200403839891612 1.1905597574596067 -4.4248369403680163
leaf_weight=2029 25 25 38 611 570 1383 828 594 325 70 24 80 315 315 236 23 167 26 159 1613 4857 217 24 24 2527 21 195 125 9522 22 72 46 38 73 25 21 20 32 47 106 543 43 20 58 28 199 67 46 1720 26 26 21 295 23
leaf_count=2029 25 25 38 611 570 1383 828 594 325 70 24 80 315 315 236 23 167 26 159 1613 4857 217 24 24 2527 21 195 125 9522 22 72 46 38 73 25 21 20 32 47 106 543 43 20 58 28 199 67 46 1720 26 26 21 295 23
internal_value=0.00389435 -0.487079 1.91917 1.72997 1.13207 0.527865 1.45193 -1.16745 0.223114 -1.60127 3.43511 3.16904 4.88366 4.35062 -3.10058 0.487495 2.21432 6.2301 0.430778 -0.459686 0.774844 -5.22662 11.648 -0.837268 -1.01931 8.20249 5.71035 -1.40057 -0.980701 -0.808424 -0.292046 1.9883 -1.33197 5.04302 6.11576 9.24155 -4.52197 2.02632 9.27134 2.30582 2.96408 11.579 -1.62568 -0.428058 5.99862 0.393895 -6.61901 -0.801457 0.00791635 1.0329 4.86066 -0.411835 1.48652 -1.96899
internal_weight=30585 24345 6240 5979 4428 3416 2211 1205 8040 1017 1551 1012 678 630 648 7023 737 261 6954 1938 5016 287 48 16305 12223 177 275 361 12091 9544 4082 229 110 119 69 44 132 84 156 873 649 90 2547 3853 66 224 87 2075 1778 369 52 45 321 48
internal_count=30585 24345 6240 5979 4428 3416 2211 1205 8040 1017 1551 1012 678 630 648 7023 737 261 6954 1938 5016 287 48 16305 12223 177 275 361 12091 9544 4082 229 110 119 69 44 132 84 156 873 649 90 2547 3853 66 224 87 2075 1778 369 52 45 321 48
is_linear=0
shrinkage=0.05


Tree=70
num_leaves=61
num_cat=0
split_feature=9 1 11 4 17 11 5 9 12 18 2 23 11 11 16 14 26 8 4 9 8 3 23 14 12 9 19 1 23 11 14 13 22 23 11 9 11 1 26 14 3 5 11 0 23 12 13 0 1 11 17 8 26 11 12 9 9 1 9 14
split_gain=1.0313e+07 2.61688e+06 2.46338e+06 1.77024e+06 1.72452e+06 1.82742e+06 1.46178e+06 1.38431e+06 1.12534e+06 1.07814e+06 1.16351e+06 1.2022e+06 1.02366e+06 925899 1.48042e+06 1.30886e+06 913641 885519 850864 1.33241e+06 996230 842264 806447 2.01802e+06 993528 1.92186e+06 874874 793388 785966 884860 732913 724555 690160 823071 1.53036e+06 826355 726050 978239 612952 596235 571615 542905 530646 2.47188e+06 497636 483900 445850 425413 349919 341580 794454 298503 610420 209939 199950 159102 152253 151487 101946 94073.6
threshold=1329.1249317153095 0.07815191598035949 576.46600801760758 0.95345179898211219 0.81174490092936691 576.46600801760758 69.629999999999924 3151.2881327577629 29341.500000000004 0.68301270189221941 0.58405734446265456 11.848716500000002 472.37178621456525 342.34426700996619 -1.0000000180025095e-35 -0.70710678118654735 14.827350000000001 478.45318210849354 1.8905175459369008 2273.1114059773076 830.54212295400566 0.88956653374640193 8.5484480000000023 -0.5 29655.500000000004 2762.2196417614418 0.6830127018922193 0.1371351476273476 10.281095000000002 338.3537910039542 -0.70710678118654735 30862.090000000004 2.5000000000000004 6.2677238000000006 497.39075132390343 411.72910758392931 286.94712952411214 0.17016939900540015 19.126500000000004 1.0000000180025095e-35 1.5073565678197205 178.04999999999998 425.07594124034773 0.48277647219501835 8.4368815000000019 40457.500000000007 34658.780000000006 0.5268386004854837 0.086679291276755735 78.238657920977133 0.81174490092936691 1090.1199783712404 18.814800000000002 311.58822615612172 28991.000000000004 1860.6573161070698 3050.8705243132035 0.10241907434818136 727.87523075399952 0.37940952255126054
decision_type=2 2 2 2 2 2 2 2 2 2 2 2 2 2 2 2 2 2 2 2 2 2 2 2 2 2 2 2 2 2 2 2 2 2 2 2 2 2 2 2 2 2 2 2 2 2 2 2 2 2 2 2 2 2 2 2 2 2 2 2
left_child=6 2 9 4 5 31 13 18 -6 10 11 -2 -10 17 15 44 59 49 20 -20 -5 -18 24 56 26 -26 -4 -17 29 -11 -7 -3 36 42 38 -36 51 39 -35 -38 48 -12 47 -44 -15 46 -9 -34 -19 58 -51 57 -53 -42 -39 -30 -24 -8 -1 -16
right_child=1 3 22 7 8 30 32 45 12 28 41 -13 -14 14 16 27 21 40 19 -21 -22 -23 23 -25 25 -27 -28 -29 55 -31 -32 -33 33 34 35 -37 37 54 -40 -41 53 -43 43 -45 -46 -47 -48 -49 -50 50 -52 52 -54 -55 -56 -57 -58 -59 -60 -61
leaf_value=-0.85847563273638716 1.8301831831293407 2.66808031311102 7.7495879451206751 -3.8832151171944354 -5.2786938129531018 -0.43414203543412055 0.68809269208020185 1.5617467219034831 0.93515484884050171 0.64859116128393357 2.9492519174619325 -4.5739868358117119 8.996891036898317 7.0774863653916587 -3.4021968416734176 -3.5490113269225922 5.7607019249498848 -0.13097779648753405 1.852897232020343 16.533296577280218 0.95266132987403029 -0.9619279946173942 11.525241757268491 -7.8937652280926702 13.992109851926287 4.4540253212716845 -3.5243660960477943 -8.8956948431528797 -7.62434941514333 5.4936878838122469 -8.2884264766468743 -2.0005489973727886 -0.042919987297803164 0.46569029522815164 -15.65614488211545 -4.5030694732030225 8.1408271800209491 -6.6154996196083404 -1.883717640807149 2.8592037017822265 2.0439018570689056 5.1752921858200054 17.998945294189451 -0.12394072105358174 -1.9602579959663187 -1.2638522565932502 8.6981501352787021 2.9035295752184282 -0.78740330045929408 -2.1246939944475889 0.2346127053791574 5.8094049888472021 -0.096273851286281242 7.627187703939585 0.2098331165313721 -1.8369134521484374 5.1763269086317587 -0.74634336268948953 -4.127778999805451 -8.2638525096575428
leaf_weight=6890 1020 106 34 109 35 37 675 29 89 1113 1043 78 70 25 21 140 79 5546 53 21 3373 111 22 31 106 107 33 141 29 102 152 372 649 654 21 74 84 22 481 149 51 375 24 76 36 20 95 150 3202 1611 458 78 98 25 20 21 21 252 23 23
leaf_count=6890 1020 106 34 109 35 37 675 29 89 1113 1043 78 70 25 21 140 79 5546 53 21 3373 111 22 31 106 107 33 141 29 102 152 372 649 654 21 74 84 22 481 149 51 375 24 76 36 20 95 150 3202 1611 458 78 98 25 20 21 21 252 23 23
internal_value=0.00384515 1.46042 2.37123 0.634331 -1.40654 -2.6128 -0.574857 1.1095 2.73287 1.99668 2.59523 1.37149 4.51843 -0.753323 -2.72477 -4.81667 0.340104 -0.6894 0.91395 6.18392 0.800207 1.84877 6.35484 1.68479 7.57866 9.2439 2.2265 -6.25392 0.805081 1.05953 -6.76122 -0.961827 0.360521 -0.203817 -1.04394 -7.10594 1.23194 3.52575 -0.530739 4.78998 -0.333597 3.54118 0.945511 4.36065 1.79807 5.89885 7.05504 0.513162 -0.37131 -1.03887 -1.60257 0.657367 2.53902 3.95578 -3.43593 -5.2774 8.61284 0.297759 -0.869949 -6.0708
internal_weight=30585 8696 4135 4561 861 667 21889 3700 194 3781 2516 1098 159 18382 576 342 234 17806 3556 74 3482 190 354 74 280 213 67 281 1265 1215 189 478 3507 2129 1230 95 1378 275 1135 233 8824 1418 899 100 61 144 124 799 8748 8982 2069 1103 176 76 42 50 43 927 6913 44
internal_count=30585 8696 4135 4561 861 667 21889 3700 194 3781 2516 1098 159 18382 576 342 234 17806 3556 74 3482 190 354 74 280 213 67 281 1265 1215 189 478 3507 2129 1230 95 1378 275 1135 233 8824 1418 899 100 61 144 124 799 8748 8982 2069 1103 176 76 42 50 43 927 6913 44
is_linear=0
shrinkage=0.05


Tree=71
num_leaves=48
num_cat=0
split_feature=10 10 7 1 11 9 23 6 6 9 8 1 11 23 17 7 8 12 4 1 12 11 1 7 11 17 16 3 4 16 12 9 1 23 11 0 7 8 13 23 8 17 10 11 1 17 1
split_gain=9.50558e+06 2.15708e+06 1.98403e+06 1.97996e+06 1.6006e+06 2.04947e+06 2.40114e+06 1.48342e+06 1.34839e+06 1.06347e+06 938815 892762 1.52502e+06 1.40689e+06 1.33574e+06 1.20522e+06 1.06581e+06 846637 844031 1.11734e+06 833330 804073 789354 1.05281e+06 948720 2.53072e+06 820674 760034 866614 648757 619570 595110 546996 892256 733038 526572 522931 551215 434553 373353 351368 422743 347553 298427 290788 269257 231497
threshold=1706.1374638911916 1046.6642317271019 739.3636290339058 0.076001204558575591 815.9462725892173 2970.0870861186709 6.2200513500000012 22662.251666666671 42502.757500000007 3151.2881327577629 1769.3285804849877 0.062711983669396343 325.07324323628023 5.8630007000000015 0.81174490092936691 739.3636290339058 2199.3054585573159 30356.500000000004 1.0111109876570648 0.037581011403084889 41908.500000000007 370.03976961598988 0.15364126980085169 221.78921163140225 509.51803386083446 1.0000000180025095e-35 -1.0000000180025095e-35 2.4674322294762998 1.1164744759190202 1.0000000180025095e-35 28804.500000000004 476.53258150050937 0.11499628604412611 7.5426510000000011 648.80539728898964 0.46127674795765178 709.52667636726585 1360.133149531792 43069.765000000007 7.0086555000000006 1543.9451096952896 -0.22252093395631442 822.62264923049884 576.46600801760758 0.035855526607563047 -0.56174490092936669 0.18946953262365177
decision_type=2 2 2 2 2 2 2 2 2 2 2 2 2 2 2 2 2 2 2 2 2 2 2 2 2 2 2 2 2 2 2 2 2 2 2 2 2 2 2 2 2 2 2 2 2 2 2
left_child=1 10 3 8 9 6 -6 -4 27 20 22 12 40 16 15 -15 35 -16 32 -20 -5 45 24 42 31 -26 -25 28 -2 -23 -21 -1 34 -34 -9 -13 37 -14 -29 -7 41 -3 -24 -11 -42 -10 -12
right_child=2 11 7 4 5 39 -8 18 21 43 46 13 36 14 17 -17 -18 -19 19 30 -22 29 23 26 25 -27 -28 38 -30 -31 -32 -33 33 -35 -36 -37 -38 -39 -40 -41 44 -43 -44 -45 -46 -47 -48
leaf_value=-0.92941365940324661 1.3221466899721737 -0.1934153877842264 -8.0502157387950213 0.025014864635899449 -3.1681910416058137 8.24493676558785 -20.826056223551433 2.0035737344051934 -1.0076625009683464 3.3672984783272994 9.9377137867609662 1.005834664144851 7.9083802884987424 -1.631456036377918 -4.0721308511734007 -9.0254698510005564 11.682462038560347 3.1067749254970716 -3.8432197129726413 0.79551263264247352 2.1142862903553659 12.142913537770511 -1.4783184498607684 -6.1608468720666689 -4.7296545340617495 10.476906118839979 -1.340469027508318 4.9168929478375603 3.9029301696135925 5.3553117906770042 8.8278376072056819 -0.34237940869111866 -4.4300776274998981 6.0268816785251396 9.1581369653798763 -0.93920000851780938 12.716545303084633 2.1715617034832637 -2.1394633420308433 -0.83150606238323699 4.2844520382250639 1.3790492865398738 0.84942000415307195 8.9726466768438158 1.0184536639137087 4.8476015882492067 2.4884392702011837
leaf_weight=8826 1794 935 21 1724 55 22 29 93 38 56 23 1757 69 1136 49 57 21 231 21 27 659 63 830 212 47 63 152 296 397 85 232 8454 50 33 58 433 21 107 23 22 120 786 198 43 158 39 20
leaf_count=8826 1794 935 21 1724 55 22 29 93 38 56 23 1757 69 1136 49 57 21 231 21 27 659 63 830 212 47 63 152 296 397 85 232 8454 50 33 58 433 21 107 23 22 120 786 198 43 158 39 20
internal_value=0.00373738 -0.426309 1.81036 1.51918 0.533752 -4.89687 -9.43771 4.71111 2.45903 0.815677 -0.687416 0.409608 1.20734 -0.0661109 -1.26274 -1.992 0.73131 1.84043 5.24712 7.09826 0.603433 6.16068 -0.70447 -1.84982 -0.612688 3.99544 -4.15714 2.12489 1.79134 8.30677 7.99679 -0.642252 3.01128 -0.250178 4.79389 0.621013 5.39338 4.45266 4.40302 3.78898 0.792316 0.525128 -1.02959 5.86737 2.43856 1.98205 6.60835
internal_weight=30585 24705 5880 5345 2610 128 84 535 2735 2482 18825 5880 2196 3684 1473 1193 2211 280 514 280 2383 225 18782 1392 17390 110 364 2510 2191 148 259 17280 234 83 151 2190 197 176 319 44 1999 1721 1028 99 278 77 43
internal_count=30585 24705 5880 5345 2610 128 84 535 2735 2482 18825 5880 2196 3684 1473 1193 2211 280 514 280 2383 225 18782 1392 17390 110 364 2510 2191 148 259 17280 234 83 151 2190 197 176 319 44 1999 1721 1028 99 278 77 43
is_linear=0
shrinkage=0.05


Tree=72
num_leaves=48
num_cat=0
split_feature=10 10 15 6 7 15 6 5 15 23 11 6 11 11 24 15 23 6 6 11 23 11 11 4 15 9 1 7 6 7 7 26 4 26 1 11 5 10 26 23 15 7 15 16 5 23 23
split_gain=8.58076e+06 1.94845e+06 1.8706e+06 1.59715e+06 1.71374e+06 1.50814e+06 1.62632e+06 1.50642e+06 1.36681e+06 1.46399e+06 1.27955e+06 1.1377e+06 2.75024e+06 1.33491e+06 1.13457e+06 2.48777e+06 1.97669e+06 949462 929594 989527 748838 708305 706041 584547 535150 481625 669062 469701 459913 1.11356e+06 978003 582532 459558 423798 372115 767808 407714 367404 346072 341520 284475 282442 219952 212286 163103 113669 103386
threshold=1706.1374638911916 822.62264923049884 -0.9829629131445341 42798.356666666674 739.3636290339058 0.98296291314453432 31867.895000000004 -1100.9999999999998 -0.9159756150367534 6.0916937000000013 709.18839906504832 27999.430833333336 739.19286622200468 866.73822657055348 8.5443190000000016 0.1294095225512602 5.8630007000000015 24980.067500000005 30110.640833333335 277.40899900864594 7.0548860000000007 425.07594124034773 257.68101129683959 0.96555934699739054 -0.9829629131445341 2148.5964702371089 0.069740605743434811 408.87592371001875 28059.969166666669 425.10869052098866 237.89660368086078 18.966950000000004 1.0750110067229983 6.7888500000000009 0.16073202496419656 509.51803386083446 249.98999999999992 2715.5195010526172 25.536800000000003 10.537016500000002 -0.9159756150367534 380.05603431913977 -0.37940952255126009 -0.8783796973249266 -287.98999999999995 3.2874212500000004 4.2431939000000005
decision_type=2 2 2 2 2 2 2 2 2 2 2 2 2 2 2 2 2 2 2 2 2 2 2 2 2 2 2 2 2 2 2 2 2 2 2 2 2 2 2 2 2 2 2 2 2 2 2
left_child=1 23 10 4 5 6 -4 -6 9 43 25 14 22 -14 15 -10 -16 -9 19 -11 -7 37 -13 28 -20 26 41 -23 30 44 33 -32 -28 -1 35 38 42 40 -25 -27 -5 -2 -36 45 -30 -3 -45
right_child=2 8 3 21 7 20 -8 17 11 18 -12 12 13 -15 16 -17 -18 -19 24 -21 -22 27 -24 34 -26 39 32 -29 29 -31 31 -33 -34 -35 36 -37 -38 -39 -40 -41 -42 -43 -44 46 -46 -47 -48
leaf_value=-2.5226154621731394 0.23270799010992049 0.88468766502712082 0.021085052848418648 -0.028235249214984 -8.6859315835861945 2.025283635420104 1.9575586193525181 -1.7056823098659519 -2.8295595142134911 1.4111782272338866 -13.293887560653687 0.35310410730947139 21.04859307982705 5.7566517887777753 0.11041833862953659 7.7436579548379658 -3.8097456560794978 5.7326724480065927 -4.2357127841047406 -10.218313973272169 7.8838371065941493 15.276906372596478 1.6544430881009757 -0.50543898592814818 -1.0223868885113701 -1.7948412883758544 -6.2486063907868585 6.2192019524293789 -2.779728250801563 8.7748541321754452 -8.0238779432722875 -2.3093745075640353 1.133936362663905 -0.82907906122693165 -3.8350029762089251 6.5446492206133335 -7.9192654100170845 9.5392133940969188 3.3679489365117306 -10.618175910540989 4.7220926696777346 5.880289970579601 -0.95098365008831021 2.2313685203576701 -0.83774103083994023 -3.721479312434341 0.42355620407175137
leaf_weight=564 47 22 1713 46 20 95 2953 47 107 24 24 4225 21 44 958 114 483 447 193 73 130 28 1383 10516 393 24 51 33 111 29 93 87 35 1072 83 38 26 27 57 20 99 41 316 194 3313 32 134
leaf_count=564 47 22 1713 46 20 95 2953 47 107 24 24 4225 21 44 958 114 483 447 193 73 130 28 1383 10516 393 24 51 33 111 29 93 87 35 1072 83 38 26 27 57 20 99 41 316 194 3313 32 134
internal_value=0.00367468 -0.404916 1.72016 1.90502 1.72955 1.44031 1.24679 4.47369 0.213714 -1.45927 -2.5768 0.456789 0.793814 10.9413 -0.693381 2.63479 -1.20528 5.02295 -2.8442 -7.35582 5.43015 5.95074 0.674269 -0.723616 -2.08612 -1.3416 -0.148278 10.5563 -1.15687 -0.817706 -1.80097 -5.28991 -3.26553 -1.4141 -0.516675 -0.458454 -1.9658 4.26578 -0.48424 -5.95239 3.22519 2.90053 -1.55902 1.01786 -0.901491 -1.86284 1.49636
internal_weight=30585 24705 5880 5638 5405 4891 4666 514 8400 1065 242 7335 5673 65 1662 221 1441 494 683 97 225 233 5608 16305 586 218 174 61 5269 3453 1816 180 86 1636 11036 10611 425 172 10573 44 145 88 399 382 3424 54 328
internal_count=30585 24705 5880 5638 5405 4891 4666 514 8400 1065 242 7335 5673 65 1662 221 1441 494 683 97 225 233 5608 16305 586 218 174 61 5269 3453 1816 180 86 1636 11036 10611 425 172 10573 44 145 88 399 382 3424 54 328
is_linear=0
shrinkage=0.05


Tree=73
num_leaves=50
num_cat=0
split_feature=10 15 0 15 10 11 7 1 3 11 11 23 17 7 0 1 11 8 1 11 23 15 17 23 8 11 4 12 24 3 15 5 9 23 3 12 23 4 7 8 9 22 15 0 11 12 11 0 9
split_gain=7.74526e+06 1.79109e+06 1.86377e+06 1.98258e+06 1.76543e+06 1.5104e+06 3.23103e+06 1.43059e+06 1.84585e+06 1.27258e+06 1.17163e+06 1.12145e+06 1.26945e+06 1.14068e+06 924816 960411 886033 818014 809346 1.34543e+06 1.23189e+06 1.44017e+06 2.42818e+06 1.73471e+06 903761 734225 713278 667496 2.15269e+06 1.05202e+06 638116 602333 598270 1.0893e+06 631779 594224 881388 538484 448559 499538 440834 1.56863e+06 380061 611885 419380 250876 177178 169691 35083.9
threshold=1706.1374638911916 -0.9159756150367534 0.41904103665644998 0.96592582628906831 1046.6642317271019 709.18839906504832 816.11141565159744 0.18946953262365177 0.87297218027408441 400.20756300939792 614.20424327994806 7.0548860000000007 -0.56174490092936669 400.22302417199722 0.41083225113847138 0.076502042035304821 544.86233109898774 1799.3481316101695 0.062711983669396343 325.07324323628023 5.8630007000000015 0.1294095225512602 0.81174490092936691 8.0380085000000019 2199.3054585573159 408.82633411873377 0.90745173183390782 43787.500000000007 5.3330026000000013 1.6999550330318913 -0.37940952255126009 298.97000000000008 1658.6664974867074 7.0086555000000006 1.2883701351349146 47514.000000000007 15.178679000000002 1.1025544606348257 709.52667636726585 1360.133149531792 1506.3969027476808 1.5000000000000002 -0.78656609248549325 0.42638154842451809 252.26299266618435 31175.000000000004 346.17131145310685 0.43530259575842151 1603.25204566808
decision_type=2 2 2 2 2 2 2 2 2 2 2 2 2 2 2 2 2 2 2 2 2 2 2 2 2 2 2 2 2 2 2 2 2 2 2 2 2 2 2 2 2 2 2 2 2 2 2 2 2
left_child=4 5 9 7 17 14 31 8 -4 35 -9 12 -5 -13 15 16 -2 26 19 42 24 22 -22 -23 30 -16 40 28 -11 -29 -20 -7 34 -34 -28 36 -3 -17 39 -21 45 -42 43 -6 -44 -1 -37 -27 -19
right_child=1 2 3 11 18 6 -8 10 -10 27 -12 13 -14 -15 25 37 -18 48 20 38 21 23 -24 -25 -26 47 32 29 -30 -31 -32 -33 33 -35 -36 46 -38 -39 -40 -41 41 -43 44 -45 -46 -47 -48 -49 -50
leaf_value=-1.5470020713628807 1.5496990004893272 1.9288906840190014 7.7390325686136876 -3.7324570421708958 0.1067660112672123 -21.03474346326745 7.5191402264436098 0.055131190617879237 0.4130727988126548 -2.1734770434629831 -9.0598476671491355 3.1235617391430601 4.3225366706435198 10.877399926919686 0.17764603651486913 -3.1786951091429767 9.7467390561748193 4.5342452239990241 1.8433989395891548 7.4805950283323019 -3.5227786340607872 -1.8065682500087368 2.9005519901833483 4.0581925547665385 10.749116642691872 -5.8094666655167302 -0.50112293302909428 12.313762177149457 4.4838452932620312 4.2492512258159296 -0.0055150501104669928 -9.1381106890909933 11.702387548174178 -2.0637070376078288 3.3742701711632175 3.3679906808507853 -3.9217735911292189 2.3035080721339241 11.847088046290658 2.020168210190755 0.59402671026146936 -11.352710640326791 0.76786185721451383 -5.8086969512092823 3.0748559881695385 -0.80382610488042416 8.8298289020641416 -12.537455538375811 8.0283338964553117
leaf_weight=1787 309 1233 89 71 405 22 23 71 1930 140 69 97 152 94 38 169 36 20 673 69 789 266 180 238 21 22 13597 59 889 130 1517 25 27 29 105 28 67 60 21 107 68 45 1315 48 231 3127 36 21 20
leaf_count=1787 309 1233 89 71 405 22 23 71 1930 140 69 97 152 94 38 169 36 20 673 69 789 266 180 238 21 22 13597 59 889 130 1517 25 27 29 105 28 67 60 21 107 68 45 1315 48 231 3127 36 21 20
internal_value=0.00352725 1.63431 1.96153 1.00856 -0.384662 -0.691828 -7.61874 0.399973 0.739684 2.91041 -4.46961 4.17368 1.75271 6.97639 0.0589303 0.767264 2.43075 -0.620879 0.371568 1.13112 -0.0813762 -1.20111 -2.32782 0.965444 0.66481 -4.9087 -0.636245 4.08502 3.57685 6.81833 0.563247 -15.0291 -0.449948 4.66229 -0.471181 1.8593 1.62457 -1.73852 5.06296 4.1911 -1.14591 -4.22133 0.741299 -0.531441 1.11434 -1.07435 6.52893 -9.30561 6.43461
internal_weight=30585 5880 5155 2573 24705 725 70 2159 2019 2582 140 414 223 191 655 574 345 18825 5880 2196 3684 1473 969 504 2211 81 18785 1218 1029 189 2190 47 13758 56 13702 1364 1300 229 197 176 5027 113 1999 453 1546 4914 64 43 40
internal_count=30585 5880 5155 2573 24705 725 70 2159 2019 2582 140 414 223 191 655 574 345 18825 5880 2196 3684 1473 969 504 2211 81 18785 1218 1029 189 2190 47 13758 56 13702 1364 1300 229 197 176 5027 113 1999 453 1546 4914 64 43 40
is_linear=0
shrinkage=0.05


Tree=74
num_leaves=56
num_cat=0
split_feature=10 15 2 15 14 10 1 23 15 15 15 11 26 17 9 22 17 15 21 15 11 16 1 7 7 23 14 4 1 4 1 7 1 5 9 1 2 7 22 9 4 14 26 11 11 2 11 24 14 14 10 8 23 17 1
split_gain=6.9902e+06 1.61968e+06 1.66772e+06 1.79223e+06 1.6059e+06 1.60477e+06 1.38563e+06 1.36845e+06 1.85501e+06 1.73592e+06 1.20494e+06 1.13478e+06 1.13402e+06 915691 828094 958291 827694 1.86842e+06 1.68544e+06 1.44727e+06 3.79411e+06 2.06584e+06 1.39005e+06 796518 771397 764011 668815 1.05456e+06 849891 624173 618776 610764 560593 860070 746186 527903 504033 503388 1.10474e+06 453957 442756 375769 371834 361515 319662 308256 553315 307212 244616 231320 213287 204752 68655.9 104933 30052.4
threshold=1706.1374638911916 -0.9159756150367534 0.58088057028910967 0.96592582628906831 0.25881904510252091 822.62264923049884 0.13309314721995116 10.537016500000002 0.37940952255126043 -0.12940952255126034 -0.9829629131445341 400.20756300939792 18.579800000000002 -0.56174490092936669 2803.4179486041867 5.5000000000000009 0.81174490092936691 -0.12940952255126034 1.0000000180025095e-35 -0.12940952255126034 338.3537910039542 -0.60785761079279388 0.22920403930075578 400.22302417199722 739.3636290339058 6.0916937000000013 0.60355339059327384 1.0080946158660313 0.07815191598035949 1.1078237352574296 0.067477736225598883 472.40360327348986 0.080540969049177027 199.99000000000015 1151.974653264883 0.049891925532944394 0.73759987123676851 165.03154808419001 5.5000000000000009 1523.002253024885 1.0461488768099654 -0.9159756150367534 8.8297500000000024 509.51803386083446 227.81558094977899 0.70117156991113461 180.37953340173613 3.5225491500000001 -0.70710678118654735 -0.37940952255126059 782.29371943823492 718.13339971377411 3.8959487000000004 1.0000000180025095e-35 0.12428960263369709
decision_type=2 2 2 2 2 2 2 2 2 2 2 2 2 2 2 2 2 2 2 2 2 2 2 2 2 2 2 2 2 2 2 2 2 2 2 2 2 2 2 2 2 2 2 2 2 2 2 2 2 2 2 2 2 2 2
left_child=5 4 3 7 6 32 24 8 -3 -9 25 35 23 -14 15 30 19 18 -18 20 -12 -21 -19 -5 31 52 28 -28 -13 -8 -6 -2 33 45 51 47 -37 42 41 44 -40 -39 49 -16 -27 48 -47 -4 -1 -34 -44 -35 54 -54 -7
right_child=1 2 11 12 14 10 29 9 -10 -11 16 26 13 -15 43 -17 17 22 -20 21 -22 -23 -24 -25 -26 39 27 -29 -30 -31 -32 -33 37 34 -36 36 -38 38 40 -41 -42 -43 50 -45 -46 46 -48 -49 -50 -51 -52 -53 53 -55 -56
leaf_value=-0.055743748996154002 -0.80299885625774792 2.6229410522156371 -2.1335587994257614 3.3181695069457002 8.8020919113042879 0.748144887053385 -13.326321685188695 -7.2572648845344307 -0.60687602955265785 -0.01436158527699552 -0.0036632399868397761 4.9234525680685906 -3.6494579732601462 3.5762162222332421 1.019499667111565 -4.4484435777310969 4.2490207226301422 0.14655693008807624 -10.220381379184268 2.4124708750109005 -5.1710468222352786 -0.053611196373003246 -12.930862940833681 9.4416936041642963 5.9168941068649303 -1.4008011940438698 3.3638594748662864 11.684467136610799 2.0856338019079823 -2.6011442026884666 2.4938652517501412 -5.3802612500215314 -0.54930134038917966 -0.097924345433712021 12.146797690391541 0.83288393474932743 8.182712358037632 2.344409578641256 -3.4347296621016605 -10.779612408447266 -8.1569913286406823 -1.526690733093913 1.5167941287957973 -6.7554739870848479 -5.3948794555664064 0.23498089522299834 7.0621753720891078 3.3876374083057601 -0.68731918776477441 -1.2020322001505814 -2.1706209836107622 4.5364748051053008 -2.3487200809136417 1.7098813178804186 3.0136363027493163
leaf_weight=1981 295 864 26 105 81 40 37 121 914 257 2578 496 64 134 33 26 523 627 20 1258 411 2609 20 110 33 93 91 66 568 22 76 96 2284 55 21 856 23 71 133 24 81 488 238 26 110 698 30 460 6783 3355 46 41 38 26 23
leaf_count=1981 295 864 26 105 81 40 37 121 914 257 2578 496 64 134 33 26 523 627 20 1258 411 2609 20 110 33 93 91 66 568 22 76 96 2284 55 21 856 23 71 133 24 81 488 238 26 110 698 30 460 6783 3355 46 41 38 26 23
internal_value=0.00344595 1.5527 1.86387 0.961006 -0.65933 -0.365337 -2.32363 0.382219 0.963208 -2.3459 0.19609 2.76007 3.97424 1.23402 2.65826 4.31354 0.321833 1.53849 3.69826 0.110463 -0.715694 0.749062 -0.277014 6.48037 -1.31388 -2.65473 3.86746 6.91354 3.41191 -9.43719 5.78357 -1.9377 -0.654567 -0.40976 3.83286 1.7674 1.03429 -1.00576 -2.20528 -4.386 -5.25178 -1.0317 -0.848866 -2.46216 -3.58094 -0.462454 0.52563 3.08848 -0.544582 -0.937798 0.913999 1.90766 0.449788 -0.698897 1.60947
internal_weight=30585 5880 5155 2569 725 24705 483 2156 1778 378 8400 2586 413 198 242 183 8046 1190 543 6856 2989 3867 647 215 424 354 1221 157 1064 59 157 391 16305 9609 117 1365 879 6696 773 227 214 559 5923 59 203 9492 728 486 8764 5639 284 96 127 64 63
internal_count=30585 5880 5155 2569 725 24705 483 2156 1778 378 8400 2586 413 198 242 183 8046 1190 543 6856 2989 3867 647 215 424 354 1221 157 1064 59 157 391 16305 9609 117 1365 879 6696 773 227 214 559 5923 59 203 9492 728 486 8764 5639 284 96 127 64 63
is_linear=0
shrinkage=0.05


Tree=75
num_leaves=46
num_cat=0
split_feature=10 15 7 12 1 16 23 15 23 5 5 13 8 11 2 15 12 12 15 7 10 19 12 1 7 11 15 12 13 7 23 11 10 2 23 14 8 11 2 11 15 10 11 15 7
split_gain=6.33065e+06 2.11606e+06 2.07621e+06 1.96341e+06 1.85226e+06 1.5956e+06 1.54463e+06 3.26925e+06 1.72003e+06 1.32141e+06 1.30085e+06 1.2865e+06 1.43465e+06 2.06766e+06 1.12512e+06 1.71574e+06 2.55956e+06 1.8532e+06 1.12109e+06 844382 776353 1.02856e+06 779204 759522 1.23303e+06 921236 2.00614e+06 2.2859e+06 1.5163e+06 713951 2.00473e+06 1.01002e+06 709314 631721 618234 656130 519662 682444 469285 513309 472802 344090 322328 268917 199340
threshold=1104.6751303923145 -0.9159756150367534 380.05603431913977 40713.500000000007 0.11421608886533151 1.0000000180025095e-35 7.7504735000000009 0.1294095225512602 13.093436500000001 69.629999999999924 311.07500000000005 37608.700000000004 1317.5944467224513 614.20424327994806 0.54819474631297505 -0.12940952255126034 26862.500000000004 30115.500000000004 0.96592582628906831 867.10914946797095 2593.2568529125997 0.25000000000000017 47514.000000000007 0.13006485369619034 560.69823162522187 280.17707909155911 -0.5 34065.500000000007 21887.480000000007 631.16248673136681 8.1404215000000004 531.76801472283285 1442.9152373423965 0.57772806162159263 5.0056112500000003 0.25881904510252091 1799.3481316101695 215.26295192261028 0.68552578671963271 215.26295192261028 -0.5 2174.1479042678975 280.17707909155911 -0.9829629131445341 230.37096178665732
decision_type=2 2 2 2 2 2 2 2 2 2 2 2 2 2 2 2 2 2 2 2 2 2 2 2 2 2 2 2 2 2 2 2 2 2 2 2 2 2 2 2 2 2 2 2 2
left_child=19 3 14 11 5 18 7 -6 -8 -7 34 12 32 -14 15 17 -17 -3 -4 23 22 -22 -16 25 36 38 27 -27 -28 31 -31 -13 -2 -26 41 -36 37 -25 40 -40 -1 -5 44 -44 -12
right_child=1 2 4 10 6 9 8 -9 -10 -11 42 29 13 -15 20 16 -18 -19 -20 -21 21 -23 -24 24 33 26 28 -29 -30 30 -32 -33 -34 -35 35 -37 -38 -39 39 -41 -42 -43 43 -45 -46
leaf_value=-1.0617512805216005 -6.1527111140541413 -9.5536771626369941 3.8342150734341418 1.27746089502964 3.7412456225024329 0.33956836813476915 3.3970985628619981 -4.3242625974066735 -2.7233152625958126 3.7770066345200455 5.2966801364898686 -1.4776756833647555 -3.5297523295573701 -20.137456664788097 0.92331220891960974 13.55333147101932 0.051625115477099005 -1.3392815336461337 9.3129667349926475 7.1228760850429529 2.896271510162661 15.211772442772276 7.0287379984810672 -0.79285244154851287 -12.372322660394616 -6.7544475938912729 -7.8373215018113447 2.5427137430384756 3.7605460781559503 15.758345990862166 -4.4150539817810062 -9.7070145418530416 3.4662608874927869 -2.3175144004821777 -2.8238881256335389 1.3106558444957861 6.7272284857432059 -2.6768850292838158 0.0077215791502165849 3.4119866983446046 -0.41257511560282811 7.9925864501226513 2.1704252706874501 8.8446648420056988 -0.87187706640788487
leaf_weight=3936 45 92 1074 217 197 704 568 343 143 463 24 338 38 37 3881 35 1407 264 102 35 92 20 52 2409 36 136 29 127 484 20 29 41 32 28 263 150 20 600 2067 116 9762 20 21 61 27
leaf_count=3936 45 92 1074 217 197 704 568 343 143 463 24 338 38 37 3881 35 1407 264 102 35 92 20 52 2409 36 136 29 127 484 20 29 41 32 28 263 150 20 600 2067 116 9762 20 21 61 27
internal_value=0.00327135 0.976854 1.24283 -0.864233 2.18831 3.01747 0.634191 -1.38036 2.16403 1.70542 0.768969 -3.06659 -7.00344 -11.8801 0.660993 -0.379538 0.388505 -3.48293 4.31693 -0.528199 1.12349 5.21067 1.0058 -0.542118 -1.26157 -0.408456 1.27265 -2.2723 3.09093 -1.65538 3.96937 -2.39114 -2.16196 -8.07675 -0.155532 -1.32269 -1.11495 -1.1693 -0.490676 0.190099 -0.599174 1.87536 5.25469 7.18221 2.07691
internal_weight=30585 10800 9437 1363 3594 2343 1251 540 711 1167 783 580 152 75 5843 1798 1442 356 1176 19785 4045 112 3933 19750 3093 16657 776 263 513 428 49 379 77 64 650 413 3029 3009 15881 2183 13698 237 133 82 51
internal_count=30585 10800 9437 1363 3594 2343 1251 540 711 1167 783 580 152 75 5843 1798 1442 356 1176 19785 4045 112 3933 19750 3093 16657 776 263 513 428 49 379 77 64 650 413 3029 3009 15881 2183 13698 237 133 82 51
is_linear=0
shrinkage=0.05


Tree=76
num_leaves=54
num_cat=0
split_feature=9 15 10 17 15 4 21 9 12 5 15 11 11 2 23 2 14 11 14 6 6 5 3 11 26 11 2 26 12 10 11 3 23 7 23 12 6 17 5 11 4 3 19 3 9 10 15 2 6 6 23 9 10
split_gain=5.78414e+06 1.71798e+06 1.58187e+06 1.46785e+06 2.7454e+06 2.29382e+06 1.89944e+06 1.2753e+06 1.1939e+06 1.10941e+06 1.74602e+06 2.54898e+06 1.18218e+06 2.09747e+06 1.10369e+06 937461 932628 897280 885416 832095 749665 737517 688979 683770 680507 675565 598498 576997 541852 525351 524035 473697 907727 533824 460367 533607 460220 452216 410460 387809 702491 368787 287741 286673 261562 298221 218205 167210 138006 186243 29222.2 24755.6 16950.8
threshold=1329.1249317153095 -0.9829629131445341 2631.610696155893 0.81174490092936691 -0.12940952255126034 0.95345179898211219 1.0000000180025095e-35 2111.7118711774119 27871.500000000004 69.629999999999924 -0.12940952255126034 448.97942493170416 308.17369765710924 0.49065062150100708 6.2677238000000006 0.69088170037024266 -0.9159756150367534 400.20756300939792 0.12940952255126043 37794.750000000007 37978.630833333336 -1227.9999999999998 2.0624210383304367 346.17131145310685 18.216350000000002 209.63030065910314 0.51894117900116454 18.985200000000003 30552.500000000004 1184.9845847808581 76.837211705116545 1.751675890789637 6.5085208500000009 404.66582167028594 5.5372485000000013 38558.500000000007 31433.727500000005 -0.56174490092936669 40.420000000000023 478.87360381594812 1.0322299932651813 1.3304648649751376 -0.24999999999999994 0.42272511723104039 2131.9594740145162 1848.738506876083 0.96592582628906831 0.71646273088367252 40070.702500000007 42266.420000000006 11.110971000000001 566.16425397893579 460.00299269864939
decision_type=2 2 2 2 2 2 2 2 2 2 2 2 2 2 2 2 2 2 2 2 2 2 2 2 2 2 2 2 2 2 2 2 2 2 2 2 2 2 2 2 2 2 2 2 2 2 2 2 2 2 2 2 2
left_child=9 20 3 5 6 16 -5 -6 -7 19 11 15 29 18 -13 26 -3 -15 -14 21 34 27 23 -23 39 -17 -11 -1 -16 46 50 32 -26 -33 -2 36 -36 -31 43 40 -4 -37 48 -32 45 -44 -12 -40 -22 -50 51 -21 -52
right_child=1 2 24 4 7 8 -8 -9 -10 10 12 14 13 17 28 25 -18 -19 -20 30 42 22 -24 -25 31 -27 -28 -29 -30 37 38 33 -34 -35 35 41 -38 -39 47 -41 -42 -43 44 -45 -46 -47 -48 -49 49 -51 52 -53 -54
leaf_value=-12.769965809908781 0.96825641870498647 3.1782644088037553 5.1800359728932381 5.7344243467755867 1.7555475741958497 6.7397188977832378 -8.1381113554881175 -3.3963496016009005 0.99395194303114198 -2.6305979598707458 0.062771891568926527 1.5458528564453127 10.332716290121493 4.2014067719876769 -16.067160912195842 1.1056725717971965 -2.0980972368428628 12.277941698372366 -0.0081249676917034847 -0.65037264456528998 0.18111836891174318 -0.66695011930063475 7.1238133088179998 -2.5694589882105836 -1.7061140950520834 7.3204062454228591 -0.15398350140860639 -2.3487911044226752 -7.5613041648172556 0.38589495935798745 3.7503331586893864 4.2845585334519738 9.3142782046878718 1.2823170194192541 -8.8230785377820329 -5.8786581853719859 0.112360538534216 4.5539409721967505 2.0961311778835223 0.53909762791224891 14.739232751254377 -14.783706972048833 0.089660221771760432 0.43207059742153908 -3.0156118244391226 6.4666130176186556 2.035860374967863 6.5295847442211246 -7.8015235085920853 -1.2977644570668538 -0.63865305194168387 -1.5519492507822374 0.0023578478525514189
leaf_weight=21 23 92 63 541 392 91 25 172 5351 313 963 24 22 63 29 163 850 79 207 797 24 14801 27 487 26 59 1094 35 61 112 67 217 63 466 23 25 36 155 50 20 28 25 43 1536 25 31 163 38 21 23 164 84 275
leaf_count=21 23 92 63 541 392 91 25 172 5351 313 963 24 22 63 29 163 850 79 207 797 24 14801 27 487 26 59 1094 35 61 112 67 217 63 466 23 25 36 155 50 20 28 25 43 1536 25 31 163 38 21 23 164 84 275
internal_value=0.00316092 1.094 1.2267 0.991167 2.65148 0.696913 5.1084 0.181162 1.09125 -0.430233 0.384632 -0.73752 1.49322 3.99756 -7.93191 -0.229485 -1.57995 8.74916 1.0259 -0.585709 -2.62454 -0.734591 -0.713412 -0.727719 3.22763 2.78278 -0.70641 -6.41229 -10.4486 0.823837 0.174315 2.6946 6.1116 2.24105 -5.42541 -6.77112 -3.45986 2.81353 0.756907 6.8776 8.24962 -10.5339 -0.391525 0.573018 1.32471 2.81176 0.349954 4.06249 -2.87322 -4.50633 -0.572025 -0.738002 -0.238005
internal_weight=30585 8696 8397 7514 1130 6384 566 564 5442 21889 3507 1743 1764 371 114 1629 942 142 229 18382 299 15371 15315 15288 883 222 1407 56 90 1393 3011 772 89 683 132 109 59 267 1691 111 91 50 167 1603 99 74 1126 88 68 44 1320 881 439
internal_count=30585 8696 8397 7514 1130 6384 566 564 5442 21889 3507 1743 1764 371 114 1629 942 142 229 18382 299 15371 15315 15288 883 222 1407 56 90 1393 3011 772 89 683 132 109 59 267 1691 111 91 50 167 1603 99 74 1126 88 68 44 1320 881 439
is_linear=0
shrinkage=0.05


Tree=77
num_leaves=50
num_cat=0
split_feature=10 15 14 4 14 6 6 10 15 1 6 26 9 6 15 16 1 1 18 6 1 24 24 5 24 3 1 1 9 9 22 10 5 19 6 7 6 1 10 2 24 7 19 10 17 14 6 17 26
split_gain=5.33978e+06 1.52448e+06 1.68686e+06 1.76364e+06 1.75581e+06 1.8748e+06 1.73311e+06 1.12864e+06 1.06296e+06 1.09029e+06 897081 858889 811847 769979 1.71354e+06 725776 832582 615104 562554 753248 729163 895337 614103 485030 485024 451078 438826 377310 680762 448911 1.27027e+06 339216 336787 333546 313499 310540 292752 255205 242748 239093 427457 220556 210314 192499 173729 150849 60784.8 83043.4 57507.6
threshold=1663.4810707368877 0.98296291314453432 -0.70710678118654735 1.1217164099534516 0.12940952255126043 32234.375833333335 30948.295833333337 672.41478302205871 -0.9829629131445341 0.24704976018373964 27038.795000000002 18.589750000000006 2084.4454757204603 35093.708333333343 -0.5 0.6078576107927941 0.19305214367951343 0.038830720078948326 -0.24999999999999997 30180.692500000001 0.13117026240968177 9.741496500000002 3.5225491500000001 15.000000000000016 11.908459000000002 1.1901769177352677 0.11658082995994952 0.088712721830419325 989.6331025328036 1456.0179500695344 1.5000000000000002 2148.1052368499923 417.00500000000005 -0.24999999999999994 20886.31833333334 237.89660368086078 39144.001666666671 0.063165930752840813 2127.9651067505474 0.71646273088367252 4.298359350000001 201.97208654887896 0.6830127018922193 166.95333112748082 -0.22252093395631442 -0.70710678118654735 39613.970000000008 -0.22252093395631442 13.620050000000001
decision_type=2 2 2 2 2 2 2 2 2 2 2 2 2 2 2 2 2 2 2 2 2 2 2 2 2 2 2 2 2 2 2 2 2 2 2 2 2 2 2 2 2 2 2 2 2 2 2 2 2
left_child=7 2 18 4 6 -6 -4 27 24 13 -3 33 31 14 -10 16 -5 -17 20 -20 22 -22 -2 -15 25 36 -21 28 39 43 -31 -13 35 38 -11 -30 -9 -35 -12 41 -41 -1 -36 44 -29 -45 47 -26 -48
right_child=1 10 3 15 5 -7 -8 8 9 34 11 12 -14 23 -16 17 -18 -19 19 26 21 -23 -24 -25 46 -27 -28 29 32 30 -32 -33 -34 37 42 -37 -38 -39 -40 40 -42 -43 -44 45 -46 -47 48 -49 -50
leaf_value=-0.48630141563036311 1.1366683308283487 13.529963854210719 -7.8410019554551118 2.0512045575993403 -0.27552157144205064 2.682889185697988 -0.87004117005553339 -3.8587736538830648 -2.108616215716729 -10.485287012582024 5.611085926628113 0.27510316435496013 -6.2281965247067532 0.40690076718878992 0.22721967139016899 -0.53174668888250987 -5.459981476221329 5.7370366045012746 10.073088711547852 1.763841141995262 2.0914756632418858 -7.9789975860595703 5.1090191783626313 1.6310142415664453 -2.739333715767696 -9.8866229484558108 -1.716590025113008 1.189762787628174 -2.6194992962750523 1.5635416087737453 -11.415697746534605 8.518621876890009 9.6117690708523718 13.773157172884261 -5.9824679485489343 4.8320693002602999 -0.29938787979323689 6.5035875982504621 -0.56189666566394625 5.1434857603678337 -0.16936260762810706 -2.9217608623808999 0.27916669513868253 -0.39022086329655181 -3.40410765160108 -1.0334871878341887 0.18754753368516125 0.65266076639294623 3.6059367733909973
leaf_weight=8788 122 27 96 699 1303 908 1109 202 934 23 74 29 32 2848 4898 47 38 228 24 594 188 24 493 1130 28 24 106 24 21 38 36 21 20 20 33 38 81 38 20 51 139 93 22 1247 127 3403 30 47 20
leaf_count=8788 122 27 96 699 1303 908 1109 202 934 23 74 29 32 2848 4898 47 38 228 24 594 188 24 493 1130 28 24 106 24 21 38 36 21 20 20 33 38 81 38 20 51 139 93 22 1247 127 3403 30 47 20
internal_value=0.00303688 1.30785 1.14405 0.646713 0.103345 0.940082 -1.43145 -0.331448 0.0654273 0.171595 5.04158 4.00872 -0.118768 0.218687 -0.147163 2.47893 1.65704 4.66758 2.56258 1.54157 3.45348 0.919291 4.32414 0.754949 -2.3594 -3.42551 1.2351 -0.623464 -0.434087 -0.978748 -4.81864 3.83662 4.15836 6.22165 -5.67886 2.18028 -2.84467 9.20138 4.30554 -0.474537 1.27615 -0.512132 -3.51747 -0.91857 -2.6709 -0.861103 0.265323 -0.632999 1.5989
internal_weight=30585 6240 5979 4428 3416 2211 1205 24345 10320 9888 261 234 82 9810 5832 1012 737 275 1551 724 827 212 615 3978 432 307 700 14025 9150 4875 74 50 79 152 78 59 283 58 94 9071 190 8881 55 4801 151 4650 125 75 50
internal_count=30585 6240 5979 4428 3416 2211 1205 24345 10320 9888 261 234 82 9810 5832 1012 737 275 1551 724 827 212 615 3978 432 307 700 14025 9150 4875 74 50 79 152 78 59 283 58 94 9071 190 8881 55 4801 151 4650 125 75 50
is_linear=0
shrinkage=0.05


Tree=78
num_leaves=45
num_cat=0
split_feature=10 5 11 10 10 0 23 26 3 14 0 14 14 26 13 1 8 1 9 11 23 16 14 22 11 13 14 1 11 26 6 19 11 5 6 5 23 19 0 17 1 2 14 6
split_gain=4.82186e+06 1.36892e+06 1.7043e+06 1.17379e+06 1.03304e+06 938031 916787 2.58755e+06 1.62355e+06 1.51985e+06 1.31224e+06 1.34642e+06 1.29293e+06 775952 985637 932913 677787 618129 1.1861e+06 1.14966e+06 1.09886e+06 958894 574823 558933 1.1496e+06 556143 636184 500508 1.03917e+06 490354 533173 438352 407815 398478 356911 325451 304296 300119 274532 274066 309428 242966 237864 75918.1
threshold=1663.4810707368877 -638.51999999999987 815.9462725892173 2739.3066488678764 1046.6642317271019 0.35021793181639599 9.8008785000000014 18.579800000000002 1.9881257766337264 0.91597561503675362 0.50131040274577188 0.60355339059327384 0.91597561503675362 18.216350000000002 43707.545000000006 0.04124901574957867 1799.3481316101695 0.062711983669396343 133.87200642658311 325.07324323628023 5.4911990500000014 -0.60785761079279388 -0.70710678118654735 2.5000000000000004 237.86472601254255 28400.150000000005 -0.9159756150367534 0.17248759455961213 266.67506364095544 18.583150000000003 31352.232500000002 0.93301270189221952 448.97942493170416 146.99499999999992 29061.435000000001 -1376.3749999999998 8.6108230000000017 -0.5 0.4756535482130797 -0.22252093395631442 0.024229651632757341 0.54266604003497065 -0.78656609248549292 39507.21333333334
decision_type=2 2 2 2 2 2 2 2 2 2 2 2 2 2 2 2 2 2 2 2 2 2 2 2 2 2 2 2 2 2 2 2 2 2 2 2 2 2 2 2 2 2 2 2
left_child=4 2 5 6 16 37 10 9 -9 -8 11 -3 -12 15 32 -5 22 19 34 39 31 -22 27 33 -25 35 -27 28 -1 38 -31 -20 -15 -24 -19 -7 -29 -2 -21 41 -41 -6 -18 -39
right_child=1 3 -4 13 17 25 7 8 -10 -11 12 -13 -14 14 -16 -17 42 18 20 29 21 -23 23 24 -26 26 -28 36 -30 30 -32 -33 -34 -35 -36 -37 -38 43 -40 40 -42 -43 -44 -45
leaf_value=-0.13381747293427582 8.1257686915117144 1.7853840900204077 -12.981470447408743 15.668585570762898 -1.2795272493092564 8.034571586277174 1.164404759846779 -18.922678976412172 -1.9489274154170868 -3.5591143778319001 -1.500753457315585 4.7405285392085235 2.6962737184376442 2.5670185776329961 -6.9955269438287493 3.1605261288267195 1.9194828087942941 1.3943643351963588 0.72289989071784422 4.1493655598622103 -3.5968748073889452 -0.56249713403396562 -0.41166230036156837 -0.7656149262918357 -3.0045511472258735 5.5410335474747887 -2.5703482352126219 -0.3336771561440669 3.1754096495487776 15.152807041349867 4.531374876576086 -1.8373356430329704 6.1452594835126497 1.2243103566829434 9.6891932308979527 -0.65588138761974513 -6.3245429921388627 -0.39050138069824741 -2.1617723519461496 -0.77650162321290173 1.7032263620820043 0.49522384750513776 9.6596451132638137 3.8440564300900419
leaf_weight=4324 33 1718 28 28 253 22 2020 26 30 185 490 497 292 259 22 32 20 20 1833 103 351 1002 5752 7355 621 25 356 37 250 20 30 183 116 397 38 20 49 21 20 152 715 800 20 20
leaf_count=4324 33 1718 28 28 253 22 2020 26 30 185 490 497 292 259 22 32 20 20 1833 103 351 1002 5752 7355 621 25 356 37 250 20 30 183 116 397 38 20 49 21 20 152 715 800 20 20
internal_value=0.00291598 1.24284 -1.19881 1.46731 -0.314934 -0.510252 1.25555 0.495103 -10.0234 0.766664 1.82889 2.4503 0.0678586 3.89568 3.0792 9.15887 -0.491299 0.286507 -0.12701 0.963325 -0.250018 -1.35176 -0.505289 -0.664145 -0.940291 -1.42104 -2.02498 -0.0237384 0.0477076 4.85531 8.99385 0.489699 3.6873 -0.305856 6.9011 3.97713 -3.7806 4.64547 3.11397 0.610294 1.26809 0.0679975 5.93089 1.71736
internal_weight=30585 6240 525 5715 24345 497 5258 2261 56 2205 2997 2215 782 457 397 60 18825 5520 3427 2093 3369 1353 18785 14125 7976 423 381 4660 4574 173 50 2016 375 6149 58 42 86 74 123 1920 867 1053 40 41
internal_count=30585 6240 525 5715 24345 497 5258 2261 56 2205 2997 2215 782 457 397 60 18825 5520 3427 2093 3369 1353 18785 14125 7976 423 381 4660 4574 173 50 2016 375 6149 58 42 86 74 123 1920 867 1053 40 41
is_linear=0
shrinkage=0.05


Tree=79
num_leaves=51
num_cat=0
split_feature=10 7 1 26 15 15 23 26 6 6 4 14 4 15 26 15 23 11 1 16 6 15 6 0 11 17 15 11 26 13 15 7 11 11 16 11 7 14 11 11 7 6 11 7 26 8 6 23 6 10
split_gain=4.36785e+06 1.4707e+06 1.49761e+06 1.74316e+06 1.48692e+06 2.35112e+06 1.74885e+06 1.27133e+06 1.6334e+06 1.07943e+06 1.07225e+06 1.03452e+06 1.87239e+06 1.0316e+06 1.01343e+06 1.86158e+06 3.4577e+06 2.23037e+06 6.08784e+06 2.06468e+06 954339 1.10981e+06 1.76606e+06 917707 859447 763640 1.28187e+06 1.36897e+06 740778 1.02971e+06 672181 1.0888e+06 1.0383e+06 894043 668197 652648 547626 545836 544427 537510 530382 460094 511835 340923 321463 342781 247339 176273 133035 58144.5
threshold=1706.1374638911916 739.3636290339058 0.076001204558575591 18.565850000000001 -0.9159756150367534 0.1294095225512602 6.8975761500000008 18.507650000000002 24460.21166666667 22337.725833333334 0.96555934699739054 0.91597561503675362 1.3000006000024003 0.37940952255126043 13.367850000000002 0.1294095225512602 7.4403535000000014 390.10552129938475 0.16623843604882318 -0.60785761079279388 42502.757500000007 -0.70710678118654757 29644.338333333337 0.47344484209981913 531.76801472283285 0.81174490092936691 -0.12940952255126034 260.27376991069622 18.567550000000004 38824.025000000009 -0.12940952255126034 631.16248673136681 560.65504025192899 106.19546761270797 1.0000000180025095e-35 370.03976961598988 668.18643537312937 -0.60355339059327362 351.01163321540656 509.51803386083446 400.22302417199722 38053.147500000014 115.81790009076933 338.37106591708442 17.936000000000003 1642.3785908357577 43581.45416666667 4.464591050000001 27259.660000000003 424.5721720231623
decision_type=2 2 2 2 2 2 2 2 2 2 2 2 2 2 2 2 2 2 2 2 2 2 2 2 2 2 2 2 2 2 2 2 2 2 2 2 2 2 2 2 2 2 2 2 2 2 2 2 2 2
left_child=10 2 20 7 6 -6 -5 13 -9 -3 25 28 -13 -4 38 16 23 37 -19 -18 21 22 -2 -16 -23 30 27 47 39 -30 33 32 -32 49 -35 46 -29 -17 41 -11 -37 43 -43 -12 45 -28 -22 -27 -46 -1
right_child=1 9 3 4 5 -7 -8 8 -10 11 14 12 -14 -15 15 17 19 18 -20 -21 35 24 -24 -25 -26 26 44 36 29 -31 31 -33 -34 34 -36 40 -38 -39 -40 -41 -42 42 -44 -45 48 -47 -48 -49 -50 -51
leaf_value=-1.3082360033105562 -14.588748701186407 -7.4227074109940308 -0.56429572045329479 -1.3285534168590201 2.3188416488594319 -3.1290570525821995 -14.7023244205051 -7.7672033908844007 5.7453482565364329 3.6356914136409766 -0.46804321278514682 3.0854242966391827 22.416341705322267 2.1700323357804954 1.4734955373853744 1.9249062467929279 -4.9785319096310463 8.8719781780611608 -3.4040814795109533 -0.90902091826939724 3.1570662511312046 1.7536590307613935 0.16620540721220833 -1.5678294741802248 5.301954975667754 2.2663646110110593 -1.3931264965687298 7.3856120262855347 0.78464168029077808 6.5460149603706164 -0.58360745421565108 -9.0086473244114931 8.7646163279215497 -3.7929069694501245 -1.3455016983610764 10.827726429171033 -0.8490462043762208 0.28256901705745807 -7.7304396751403814 11.666128501892089 4.5258615172902745 -0.29737467928457051 1.3259892096464174 -5.0377697600387945 -7.9543738716125496 4.8510362177309787 -2.747707505402742 0.12528251215750047 -2.5227730182806654 -0.56197083456804242
leaf_weight=374 20 20 880 54 331 490 44 24 221 44 9631 32 20 566 1620 716 465 290 154 943 51 1710 591 292 189 121 511 120 270 108 3029 37 29 641 496 53 24 1720 24 41 95 1237 798 40 24 22 26 454 23 870
leaf_count=374 20 20 880 54 331 490 44 24 221 44 9631 32 20 566 1620 716 465 290 154 943 51 1710 591 292 189 121 511 120 270 108 3029 37 29 641 496 53 24 1720 24 41 95 1237 798 40 24 22 26 454 23 870
internal_value=0.00284634 1.22749 0.976888 0.120011 -1.63173 -0.93249 -7.42101 1.07243 4.39546 3.72471 -0.288668 4.17117 10.8032 0.506744 -0.0861677 0.430837 -0.376078 1.36084 4.61597 -2.25558 1.79426 1.51331 -0.339812 1.00845 2.10941 -0.82449 0.265242 1.67491 3.40464 2.44369 -1.083 -0.596809 -0.492117 -1.71446 -2.72739 4.90781 6.01674 0.765886 -0.359449 7.59987 6.84017 -0.343677 0.339543 -0.487463 -1.48213 -1.12678 1.15352 0.579002 -5.40439 -0.787205
internal_weight=30585 5880 5345 2610 919 821 98 1691 245 535 24705 515 52 1446 17930 6200 3320 2880 444 1408 2735 2510 611 1912 1899 6775 1299 719 463 378 5476 3095 3058 2381 1137 225 144 2436 11730 85 148 11706 2035 9671 580 533 77 575 47 1244
internal_count=30585 5880 5345 2610 919 821 98 1691 245 535 24705 515 52 1446 17930 6200 3320 2880 444 1408 2735 2510 611 1912 1899 6775 1299 719 463 378 5476 3095 3058 2381 1137 225 144 2436 11730 85 148 11706 2035 9671 580 533 77 575 47 1244
is_linear=0
shrinkage=0.05


Tree=80
num_leaves=46
num_cat=0
split_feature=9 18 4 15 6 9 12 6 6 3 5 4 6 13 9 14 7 7 2 14 18 17 15 7 15 3 23 3 14 1 7 0 15 6 15 16 23 7 16 1 23 4 9 5 0
split_gain=3.88996e+06 1.34143e+06 1.30312e+06 1.1504e+06 1.29344e+06 1.04531e+06 1.23961e+06 1.0371e+06 990148 1.13781e+06 929046 848550 1.23248e+06 952443 785498 834480 699130 839885 563846 557705 634062 557403 888276 715402 646138 782086 490980 425201 422751 502216 411143 1.12119e+06 826775 377706 555974 361549 360766 348366 328803 321005 294942 269910 234768 200048 115644
threshold=1720.0260074008504 0.68301270189221941 0.96555934699739054 -0.9159756150367534 36979.745833333342 964.05262549549161 25152.500000000004 42798.356666666674 21696.998333333337 2.2357967022157044 -1504.4999999999998 1.1217164099534516 25756.317500000001 28290.905000000002 2803.4179486041867 0.25881904510252091 926.39038297204081 418.29903559414151 0.49671158309661834 0.60355339059327384 0.93301270189221952 0.81174490092936691 -0.12940952255126034 255.08632852354148 0.1294095225512602 1.4297969607747862 5.5372485000000013 2.2013852343508646 0.91597561503675362 0.12164037820727351 595.16997336795305 0.45485476587817736 1.0000000180025095e-35 39061.843333333345 -0.12940952255126034 -1.0000000180025095e-35 5.6664435000000006 182.17473618486298 1.0000000180025095e-35 0.059528773834004955 2.3701611000000002 1.00445535053201 2084.4454757204603 -302.10999999999973 0.3023167089696065
decision_type=2 2 2 2 2 2 2 2 2 2 2 2 2 2 2 2 2 2 2 2 2 2 2 2 2 2 2 2 2 2 2 2 2 2 2 2 2 2 2 2 2 2 2 2 2
left_child=2 3 10 4 16 30 -7 11 26 -10 35 12 -5 -13 15 -6 17 -2 40 20 39 24 23 -23 25 -12 -8 42 29 -21 33 -32 -33 34 -4 -1 -26 -35 -22 -20 -3 -16 -9 -24 -29
right_child=1 18 5 7 14 6 8 27 9 -11 21 13 -14 -15 41 -17 -18 -19 19 28 38 22 43 -25 36 -27 -28 44 -30 -31 31 32 -34 37 -36 -37 -38 -39 -40 -41 -42 -43 -44 -45 -46
leaf_value=-11.797319959493784 -0.072254905887678564 -8.0984546678494187 -0.75239626224231337 -2.5664667052423895 0.12632705385407442 12.676346738906133 -0.86531239782060898 12.97361163746227 0.50285612529097956 8.9687387113571173 -1.4066297780568815 10.00108595974902 1.5127455325121857 2.6504961705539403 -6.2261508140109836 5.6099544076052581 4.3875673689161037 -7.9719008105009515 1.1154698246451973 2.0746181357403599 -2.2519184101544893 0.68786543526638422 -3.3600809573635608 5.1884438163723265 -1.0546416976968511 -6.7238136352115951 -11.332478212209848 5.4018509693145758 -3.728832999070486 10.765020384355026 5.8070086634159095 -13.88653982374403 -1.8486640459299091 0.32192395625595771 -0.053836499735808632 -2.912760453431503 0.11869102312570663 3.6108954997568627 -10.398964218726526 -1.6430617014574471 -0.59814577988215856 -0.22640278717449736 6.5042216555855497 -0.86372894130442845 1.5730574659790313
leaf_weight=25 50 38 4961 196 188 20 20 21 5175 39 2793 46 3109 754 41 109 20 102 173 71 25 558 96 104 1275 70 25 34 20 21 21 26 31 1267 6687 22 1346 85 25 267 20 34 54 473 48
leaf_count=25 50 38 4961 196 188 20 20 21 5175 39 2793 46 3109 754 41 109 20 102 173 71 25 558 96 104 1275 70 25 34 20 21 21 26 31 1267 6687 22 1346 85 25 267 20 34 54 473 48
internal_value=0.00272919 1.2114 -0.260321 1.50165 -0.662575 -0.0417326 0.552068 1.77798 0.503557 0.567888 -0.853635 1.62451 1.27013 3.08512 0.996095 2.15093 -4.23498 -5.39082 -0.901188 -0.443241 -1.17144 -0.80396 0.157438 1.40167 -1.01976 -1.53894 -6.80046 5.75513 2.72476 4.15277 -0.281447 -3.87772 -7.48446 -0.259573 -0.3514 -7.78602 -0.452266 0.531221 -6.44957 -0.558376 -5.5662 -3.5451 8.46259 -1.29007 3.20662
internal_weight=30585 5466 25119 4806 544 18357 5279 4262 5259 5214 6762 4105 3305 800 372 297 172 152 660 602 490 6715 1231 662 5484 2863 45 157 112 92 13078 78 57 13000 11648 47 2621 1352 50 440 58 75 75 569 82
internal_count=30585 5466 25119 4806 544 18357 5279 4262 5259 5214 6762 4105 3305 800 372 297 172 152 660 602 490 6715 1231 662 5484 2863 45 157 112 92 13078 78 57 13000 11648 47 2621 1352 50 440 58 75 75 569 82
is_linear=0
shrinkage=0.05


Tree=81
num_leaves=38
num_cat=0
split_feature=10 15 14 14 2 23 12 1 11 11 1 15 10 11 14 15 15 20 20 23 23 12 26 4 3 26 12 26 7 10 26 3 3 1 8 23 10
split_gain=3.60295e+06 1.28305e+06 1.28634e+06 1.51308e+06 1.77868e+06 2.74774e+06 1.67704e+06 1.64839e+06 1.28524e+06 934143 895124 846997 957540 816753 766001 683806 675008 1.58318e+06 1.3243e+06 1.12525e+06 994328 631026 884982 572799 595275 555231 482873 482922 474819 363982 752768 392890 326768 317087 316992 258045 125718
threshold=1627.9255476811095 0.98296291314453432 -0.70710678118654735 0.12940952255126043 0.53060862481248183 9.3313510000000015 43787.500000000007 0.13117026240968177 614.20424327994806 924.74512740195235 0.24704976018373964 -0.9829629131445341 612.29240983742307 201.94722782707234 -0.37940952255126059 0.96592582628906831 -0.37940952255126009 1.0000000180025095e-35 1.0000000180025095e-35 14.516903500000002 9.5720795000000027 31175.000000000004 18.565850000000001 0.73040270071122537 1.8911211417601259 18.589750000000006 40457.500000000007 17.594350000000002 560.69823162522187 2148.1052368499923 18.773850000000003 1.9881257766337264 1.6999550330318913 0.059528773834004955 981.74367409555771 4.7982913500000004 1065.3214791858666
decision_type=2 2 2 2 2 2 2 2 2 2 2 2 2 2 2 2 2 2 2 2 2 2 2 2 2 2 2 2 2 2 2 2 2 2 2 2 2
left_child=9 2 16 6 8 -6 7 -4 -5 10 11 13 33 36 -8 -14 17 32 25 -20 -19 -3 26 -11 -25 -18 27 -23 34 30 -24 -31 -2 -13 -12 -15 -1
right_child=1 21 3 4 5 -7 14 -9 -10 23 28 12 15 35 -16 -17 18 20 19 -21 -22 22 29 24 -26 -27 -28 -29 -30 31 -32 -33 -34 -35 -36 -37 -38
leaf_value=-1.2376716382242208 5.0658377244548198 10.917219807017933 -0.73976857616244207 0.66859079798687882 4.8834501312406244 0.43483459793889045 4.7573833933696585 -5.4710127018714276 -3.0067431123968067 -2.1654407873607817 0.67128495642117092 -0.24439643983143228 0.016992875517193359 0.7576377968561081 -0.24561756137488544 1.4690950218937151 2.5294085544957463 0.6243111682760305 6.3996845920312984 -2.0512616164269657 -11.518319809607098 3.9811483832768029 -10.149083498174493 11.072898054599762 0.64470436226237904 0.091286702895393743 -0.98616884383288284 10.353341764622048 -12.138697811308361 6.8390429009331601 2.5715629642486579 -1.8024143666487473 0.70841483431449837 -0.74380797977330992 -6.834402228881574 -5.1987523056844545 0.61326493147549765
leaf_weight=697 62 32 1081 1282 630 772 172 221 291 20 27 6057 9318 20 137 887 654 28 293 45 41 62 21 39 21 363 21 60 20 26 24 25 137 6690 28 176 105
leaf_count=697 62 32 1081 1282 630 772 172 221 291 20 27 6057 9318 20 137 887 654 28 293 45 41 62 21 39 21 363 21 60 20 26 24 25 137 6690 28 176 105
internal_value=0.00259588 1.04918 0.901764 0.473414 1.14161 2.43592 -0.760464 -1.54643 -0.0128094 -0.278781 -0.296842 -0.279638 -0.217595 -1.70486 2.54557 0.143339 2.11108 -0.181191 2.56427 5.27181 -6.65228 4.41082 3.4978 5.08179 7.49352 1.66011 5.97688 7.17375 -5.71466 -0.218499 -3.45621 2.64974 2.08457 -0.50654 -3.20351 -4.59017 -0.994874
internal_weight=30585 6480 6209 4586 2975 1402 1611 1302 1573 24105 24025 23950 22952 998 309 10205 1623 268 1355 338 69 271 239 80 60 1017 143 122 75 96 45 51 199 12747 55 196 802
internal_count=30585 6480 6209 4586 2975 1402 1611 1302 1573 24105 24025 23950 22952 998 309 10205 1623 268 1355 338 69 271 239 80 60 1017 143 122 75 96 45 51 199 12747 55 196 802
is_linear=0
shrinkage=0.05


Tree=82
num_leaves=50
num_cat=0
split_feature=9 15 21 12 7 1 11 11 0 24 13 12 23 5 15 11 11 0 23 23 3 0 11 11 22 14 15 3 6 7 1 9 11 9 3 7 12 6 4 4 1 11 15 11 3 15 1 11 9
split_gain=3.19733e+06 1.42151e+06 3.58141e+06 2.41995e+06 1.83357e+06 1.34061e+06 1.23657e+06 1.18155e+06 1.01548e+06 1.49221e+06 1.14052e+06 980163 939692 833500 1.36541e+06 2.13581e+06 951617 1.75283e+06 1.01503e+06 871126 780418 728517 701515 696264 1.08e+06 1.07064e+06 857264 734391 712587 634458 599247 584380 561891 538404 535000 528415 502446 500939 498424 429642 427520 383135 342118 315754 279818 213192 210064 184279 132824
threshold=1329.1249317153095 -0.70710678118654757 1.0000000180025095e-35 41908.500000000007 926.39038297204081 0.24704976018373964 320.45246966419393 464.25703865863346 0.41083225113847138 7.0313310500000012 32222.755000000001 39151.500000000007 5.2243210000000007 69.629999999999924 -0.12940952255126034 435.62761669301636 308.17369765710924 0.52356860114157244 9.4532530000000019 6.2677238000000006 0.5764194410878104 0.30943850211679297 400.20756300939792 346.17131145310685 3.5000000000000004 -0.70710678118654735 -0.37940952255126009 0.70584350105878813 36036.051666666674 687.70773411900234 0.18635890477550934 1928.6294953818244 209.63030065910314 2970.0870861186709 1.5073565678197205 408.87592371001875 30552.500000000004 37794.750000000007 1.0902542246712337 0.87374849682239975 0.039197644926929169 127.4996365008483 0.96592582628906831 520.41605753204374 1.2524231056641475 0.60355339059327384 0.09309560922158179 311.58822615612172 1103.2702200378965
decision_type=2 2 2 2 2 2 2 2 2 2 2 2 2 2 2 2 2 2 2 2 2 2 2 2 2 2 2 2 2 2 2 2 2 2 2 2 2 2 2 2 2 2 2 2 2 2 2 2 2
left_child=13 2 3 4 12 6 20 33 10 -10 -8 -6 -2 23 15 21 44 22 -19 -17 -3 32 -18 34 26 39 28 -27 -25 -28 -9 43 -15 -5 37 -23 -21 42 -7 -26 -22 -39 -1 -4 46 -46 -16 48 -36
right_child=1 5 31 7 11 38 8 30 9 -11 -12 -13 -14 14 16 19 17 18 -20 36 40 35 -24 24 25 27 29 -29 -30 -31 -32 -33 -34 -35 47 -37 -38 41 -40 -41 -42 -43 -44 -45 45 -47 -48 -49 -50
leaf_value=-0.61946197584323748 1.7170936999616833 -7.5498595124880472 -3.3231396480264337 1.3814071930716776 0.11237157662709554 -9.4352897958755495 7.7068109669962119 6.9541431176689246 -1.9457327535666957 1.7174009544569149 2.456650196014563 14.163700346416897 -2.7603188705535087 1.0094055140599971 1.1004900855851754 1.385500653076172 3.5235551750818885 -1.0745830108356058 9.0421491621280534 -14.537539079727665 1.8379130175713936 -0.75338912023491167 10.015957301211358 10.023554594847891 -3.1527104524771374 -2.0585196842339175 -2.6925352858669229 -7.4718815029785048 -1.1957744258642196 5.537947106616838 -2.2076442954653785 -16.175589266459149 6.7121873403201668 -4.3011377043404027 3.8752951242402198 4.1212267667260667 -6.546330144148607 -0.24432637882049713 -0.41803172028981728 5.5007777980963395 0.26625938092766188 0.9416808952236313 0.17313160035532207 -11.149420933356652 7.1041409935951227 0.87951480927290737 -0.19651756397568654 6.9773141918863573 -1.2685423164708274
leaf_weight=13247 136 29 28 804 23 39 111 138 328 1797 1405 26 820 163 843 24 74 170 28 30 530 1347 99 35 23 103 143 163 23 27 20 29 58 43 31 57 64 1940 25 35 2340 1048 1517 25 29 26 495 27 20
leaf_count=13247 136 29 28 804 23 39 111 138 328 1797 1405 26 820 163 843 24 74 170 28 30 530 1347 99 35 23 103 143 163 23 27 20 29 58 43 31 57 64 1940 25 35 2340 1048 1517 25 29 26 495 27 20
internal_value=0.00248499 0.813508 -0.322188 0.0980557 -1.63603 1.17327 1.24411 1.83205 1.85748 1.15133 2.84589 7.70244 -2.12223 -0.319738 0.386559 -0.605793 1.36689 3.61381 0.39429 -7.07174 0.473362 -0.132202 7.2751 -0.454503 -2.20186 -4.05267 0.434418 -5.39131 5.62957 -1.36057 5.7878 -10.5004 2.52958 1.08818 -0.400285 -0.552692 -9.22295 -0.418534 -5.97362 2.07386 0.557036 0.171824 -0.538016 -7.15298 0.766296 4.22993 0.620863 3.7055 1.8724
internal_weight=30585 8696 2092 2010 1005 6604 6540 1005 3641 2125 1516 49 956 21889 3507 1743 1764 371 198 118 2899 1625 173 18382 552 324 228 266 58 170 158 82 221 847 17830 1404 94 17752 64 58 2870 2988 14764 53 1393 55 1338 78 51
internal_count=30585 8696 2092 2010 1005 6604 6540 1005 3641 2125 1516 49 956 21889 3507 1743 1764 371 198 118 2899 1625 173 18382 552 324 228 266 58 170 158 82 221 847 17830 1404 94 17752 64 58 2870 2988 14764 53 1393 55 1338 78 51
is_linear=0
shrinkage=0.05


Tree=83
num_leaves=50
num_cat=0
split_feature=10 7 1 26 26 15 26 6 23 5 14 15 14 15 5 22 15 21 5 1 10 26 13 3 17 6 26 15 26 6 7 9 3 13 15 12 10 9 1 7 16 9 16 19 10 1 0 12 9
split_gain=2.9757e+06 1.29814e+06 1.30946e+06 1.4661e+06 1.40538e+06 2.0974e+06 1.15335e+06 1.4132e+06 1.06586e+06 971239 993092 912604 828369 1.02192e+06 1.37555e+06 1.09967e+06 1.11488e+06 1.59209e+06 1.01561e+06 968911 775886 1.00398e+06 919297 772247 771989 717119 674077 658169 1.54515e+06 1.1376e+06 632233 843048 623446 1.12249e+06 611217 591996 590501 548762 542391 540949 478606 468858 371862 295451 241718 226803 197960 164911 111727
threshold=1706.1374638911916 739.3636290339058 0.076001204558575591 18.565850000000001 18.744250000000005 0.37940952255126043 18.507650000000002 24460.21166666667 6.0916937000000013 -1100.9999999999998 0.91597561503675362 0.37940952255126043 -0.70710678118654735 0.96592582628906831 417.00500000000005 2.5000000000000004 1.0000000180025095e-35 1.0000000180025095e-35 -188.14999999999998 0.12428960263369709 2739.3066488678764 18.216350000000002 43707.545000000006 1.0744194733865047 0.81174490092936691 24980.067500000005 18.786450000000006 -0.12940952255126034 13.831600000000002 26490.769166666669 649.02696317211291 1972.6662909140466 1.3056252850352557 35476.855000000003 -0.12940952255126034 42100.500000000007 2074.1103910838783 2345.2743751583434 0.15497246883075538 668.18643537312937 -0.60785761079279388 1395.4842621329133 -0.60785761079279388 0.6830127018922193 1144.1496351358087 0.17248759455961213 0.52833776859824166 37360.500000000007 1169.3710645709209
decision_type=2 2 2 2 2 2 2 2 2 2 2 2 2 2 2 2 2 2 2 2 2 2 2 2 2 2 2 2 2 2 2 2 2 2 2 2 2 2 2 2 2 2 2 2 2 2 2 2 2
left_child=12 2 20 6 5 -5 11 -8 -6 -3 25 -4 27 15 30 16 17 -14 19 -17 24 -22 -23 -12 34 -11 -16 32 45 42 31 -15 40 -34 -2 -26 -27 -31 -35 -20 41 -1 -30 -18 -42 47 -28 -29 -47
right_child=1 9 3 4 8 -7 7 -9 -10 10 23 -13 13 14 26 18 43 -19 39 -21 21 22 -24 -25 35 36 46 28 29 37 -32 -33 33 38 -36 -37 -38 -39 -40 -41 44 -43 -44 -45 -46 48 -48 -49 -50
leaf_value=-1.1417729017211893 -0.0055620818933240354 -6.9589327268166983 -0.69579372437939346 -0.39269023396827624 1.3891008666456157 -6.69782385447074 -7.296809677886964 5.2709086577956752 -8.5738972949981687 -4.1078576097343911 15.380319426751905 1.8759330043843185 0.68675785370067055 0.42824153384157282 15.042391150395074 -1.3087562126066072 -0.52756953280553454 -4.498408139340289 -0.71364882748524339 -5.3066914915102572 11.340456857925806 3.574156337430614 -6.8433672560816241 3.396389774909387 2.0736230072413036 7.3850839670620321 6.7277497605354561 0.60644304700922591 13.499552832160678 2.1891738452260614 9.0307672963823595 -8.6355800415919379 6.8484792934764513 -7.2783571822517805 1.7133652787329585 6.7106745289552094 2.6470775798813415 -3.1939270667076114 0.4198635799654068 -5.0077698917968858 0.01483430132624124 -8.1533293240547184 4.6161029982566841 -1.7313975888886384 1.9539601703669114 -0.81834208970720113 0.32984947340829035 -0.15941706675500644 -5.9082642231816838
leaf_weight=535 1020 21 880 286 361 244 24 221 28 32 30 566 3831 1938 20 408 2467 153 8646 241 38 278 22 25 231 81 30 1101 27 937 20 25 21 94 1048 98 346 49 30 73 1182 24 23 642 185 21 20 1940 22
leaf_count=535 1020 21 880 286 361 244 24 221 28 32 30 566 3831 1938 20 408 2467 153 8646 241 38 278 22 25 231 81 30 1101 27 937 20 25 21 94 1048 98 346 49 30 73 1182 24 23 642 185 21 20 1940 22
internal_value=0.00238554 1.0132 0.777791 -0.0233938 -1.62985 -3.30259 0.850104 4.01511 0.651812 3.35925 3.79351 0.311441 -0.238228 -0.405648 0.645995 -0.536839 -0.0671601 0.486549 -0.892412 -2.79924 1.54209 3.78192 2.78999 10.0911 1.22481 3.01859 7.48433 0.262419 0.627881 2.29752 0.400948 0.308468 -0.46457 -3.61474 0.865943 3.47104 3.56102 1.91869 -5.42739 -0.750172 -0.225653 -1.45684 9.5839 -0.776635 0.278502 0.0664386 4.22533 0.117971 -3.4977
internal_weight=30585 5880 5345 2610 919 530 1691 245 389 535 514 1446 24705 18514 2053 16461 7093 3984 9368 649 2735 338 300 55 2397 459 70 6191 4120 1036 1983 1963 2071 145 2068 329 427 986 124 8719 1926 559 50 3109 1367 3084 50 3041 43
internal_count=30585 5880 5345 2610 919 530 1691 245 389 535 514 1446 24705 18514 2053 16461 7093 3984 9368 649 2735 338 300 55 2397 459 70 6191 4120 1036 1983 1963 2071 145 2068 329 427 986 124 8719 1926 559 50 3109 1367 3084 50 3041 43
is_linear=0
shrinkage=0.05


Tree=84
num_leaves=48
num_cat=0
split_feature=10 1 4 22 7 6 23 15 11 6 7 11 11 6 15 19 7 15 15 11 3 11 5 15 7 15 2 8 1 7 5 11 7 26 26 3 26 26 15 6 15 7 6 2 14 14 5
split_gain=2.74689e+06 1.46692e+06 1.31964e+06 1.27333e+06 1.08206e+06 1.19708e+06 2.27677e+06 1.50841e+06 1.0751e+06 1.09913e+06 1.006e+06 1.00061e+06 943074 931043 903777 840323 835563 870093 847268 692678 1.23176e+06 814287 651582 649937 574306 727810 586922 521482 456553 415225 392703 488641 351525 1.65829e+06 838357 757609 612171 426998 340584 339802 396195 277519 272496 233928 210741 162722 42375.6
threshold=1046.6642317271019 0.07815191598035949 0.95345179898211219 1.0000000180025095e-35 380.05603431913977 27801.462500000005 5.6664435000000006 1.0000000180025095e-35 576.46600801760758 27038.795000000002 595.16997336795305 412.5423184596591 400.20756300939792 27259.660000000003 0.96592582628906831 -0.9330127018922193 614.42196075951949 0.96592582628906831 0.1294095225512602 497.39075132390343 2.5750175502600348 464.25703865863346 399.99999999999994 0.25881904510252057 370.05562067166494 1.0000000180025095e-35 0.53607988294315978 1799.3481316101695 0.080540969049177027 124.58725464009248 -480.05500000000001 448.97942493170416 221.78921163140225 14.827350000000001 18.559050000000003 1.173226835651205 14.773400000000001 19.843500000000002 1.0000000180025095e-35 42041.411666666674 -0.5 385.01845853232277 20008.381666666672 0.50856464698645565 -0.78656609248549292 -0.5 -4.9950000000000037
decision_type=2 2 2 2 2 2 2 2 2 2 2 2 2 2 2 2 2 2 2 2 2 2 2 2 2 2 2 2 2 2 2 2 2 2 2 2 2 2 2 2 2 2 2 2 2 2 2
left_child=27 4 3 11 22 6 10 -8 23 -10 -6 38 15 -13 -14 -7 19 18 -18 21 -21 -4 24 -5 26 -26 -2 28 29 42 41 -32 35 36 -35 37 -34 -30 -3 40 -24 -31 46 -19 -29 -44 -1
right_child=1 2 16 8 5 12 7 -9 9 -11 -12 13 14 -15 -16 -17 17 43 -20 20 -22 -23 39 -25 25 -27 -28 44 32 30 31 -33 33 34 -36 -37 -38 -39 -40 -41 -42 -43 45 -45 -46 -47 -48
leaf_value=-2.2463098175238287 -0.53271297690470332 1.5809896992073686 0.24727604862608821 -3.1897237218018404 10.854378653117589 8.834299791437207 -18.571217429421164 -3.4873339918465684 -2.0154851275099364 -9.9269503540216508 -1.47224603690207 -1.107170454788208 3.0223292048128521 10.953852560570901 8.7608619884220342 0.65544552584126292 2.9975821451549587 12.465557838394528 -0.84652892736288221 -2.1644951233638352 4.7782656231853693 4.2063998128562066 0.031963617801666261 -0.044155379092924482 -7.6062488657114464 0.87130924454275172 0.96283390755153908 1.5039261554536365 -0.50467924944628206 -4.2421958507855733 0.38159620116652848 4.9112573144084122 -2.7565503427570746 4.9744431476549407 -0.46321422874044277 6.5979581925031301 -7.2089247535107042 -2.7541375707308635 -4.1928464612093839 8.9191582779657281 3.6184953547411185 1.6208434707777841 0.00034631972333491545 5.2444611074847565 8.7671478763080781 -0.48076079116060344 -5.4707563054120101
leaf_weight=20 872 60 3426 301 34 32 21 70 91 85 31 24 1013 46 73 656 370 20 233 569 71 134 120 360 48 52 2641 20 6601 74 2505 60 411 81 522 36 95 217 43 20 214 27 2575 30 20 5535 26
leaf_count=20 872 60 3426 301 34 32 21 70 91 85 31 24 1013 46 73 656 370 20 233 569 71 134 120 360 48 52 2641 20 6601 74 2505 60 411 81 522 36 95 217 43 20 214 27 2575 30 20 5535 26
internal_value=0.002314 0.6018 0.0417198 -1.60167 1.15855 2.12933 -2.05975 -7.13231 -2.40858 -5.87089 5.04222 2.29369 2.49866 6.86122 3.41578 1.04813 0.384 2.04645 1.51326 0.125103 -1.38802 0.39744 0.685831 -1.47922 0.484841 -3.23289 0.591561 -0.372197 -0.384472 -0.173001 0.368613 0.489428 -0.67181 -1.4974 0.274236 -0.538026 -3.60505 -0.576668 -0.846537 2.73002 2.33388 -2.67428 -0.350066 8.32078 5.26092 -0.328023 -4.14655
internal_weight=30585 11760 5863 1010 5897 1930 156 91 837 176 65 173 1774 70 1086 688 4853 653 603 4200 640 3560 3967 661 3613 100 3513 18825 18785 10822 2666 2565 7963 1109 603 6854 506 6818 103 354 334 101 8156 50 40 8110 46
internal_count=30585 11760 5863 1010 5897 1930 156 91 837 176 65 173 1774 70 1086 688 4853 653 603 4200 640 3560 3967 661 3613 100 3513 18825 18785 10822 2666 2565 7963 1109 603 6854 506 6818 103 354 334 101 8156 50 40 8110 46
is_linear=0
shrinkage=0.05


Tree=85
num_leaves=38
num_cat=0
split_feature=10 5 11 7 1 9 18 13 9 0 0 11 1 10 14 9 5 10 17 11 7 3 13 9 14 7 14 16 4 5 0 24 9 3 3 26 16
split_gain=2.47983e+06 1.0181e+06 1.34827e+06 999244 994513 853745 943934 1.05638e+06 808674 794375 792317 772619 747150 646319 630600 613117 675510 604547 535619 911308 747296 498339 468605 690835 512992 445070 438442 410193 609414 373785 369513 310790 294437 280044 276060 273958 172623
threshold=1627.9255476811095 -638.51999999999987 815.9462725892173 739.3636290339058 0.061552621303690887 2863.635411009132 -0.6830127018922193 38766.695000000007 3151.2881327577629 0.47922952996817814 0.35021793181639599 924.74512740195235 0.24704976018373964 432.57552615457649 -0.70710678118654735 2921.6531414937131 146.99499999999992 2887.9072378709611 0.81174490092936691 412.5423184596591 926.39038297204081 1.022738941959392 28400.150000000005 1581.5484171780806 -0.9159756150367534 560.69823162522187 0.91597561503675362 1.0000000180025095e-35 1.0080946158660313 49.999999999999993 0.41693426933808292 7.0313310500000012 1642.3785908357577 0.26079311168918645 0.81112218353311982 6.7429000000000014 0.6078576107927941
decision_type=2 2 2 2 2 2 2 2 2 2 2 2 2 2 2 2 2 2 2 2 2 2 2 2 2 2 2 2 2 2 2 2 2 2 2 2 2
left_child=11 2 10 4 9 6 26 -8 14 17 31 12 13 32 -6 16 -13 -3 20 -20 -15 -11 23 -12 -24 34 -5 28 -7 -29 -10 36 35 -34 -14 -1 -2
right_child=1 3 -4 5 8 27 7 -9 30 21 22 15 25 18 -16 -17 -18 -19 19 -21 -22 -23 24 -25 -26 -27 -28 29 -30 -31 -32 -33 33 -35 -36 -37 -38
leaf_value=-1.3865230552830248 8.0841647785391118 2.0100591410045339 -11.692049593596622 6.6958284085624076 1.3775200008957198 2.7624554998786364 1.1369240307070545 9.8950454114732285 5.0557442962236649 -6.7051214555593646 -3.6072284798395069 -3.3652963798276847 0.96221157515490496 -0.18008297291061434 -0.28680603073713301 11.160890905785561 7.4615431227507418 6.4221840776466737 0.27675942634212702 3.4753766313901395 -9.6184264373779307 0.38179695567819805 4.5313995917354317 8.5212252447340227 -2.5027769493974832 -11.411484233311244 14.896540055729094 -0.61558789824601268 -7.2030807725588479 4.9638280947166571 -1.9161096778123274 -1.3258858008611769 -0.92468572636445368 -8.9563690316677107 -6.0446580173969275 -0.49777131997284463 2.437301882553101
leaf_weight=1077 34 1555 28 97 754 26 193 41 120 25 20 30 26 16007 2311 24 26 81 2109 248 20 539 27 26 363 20 20 63 35 56 22 20 23 20 29 4446 24
leaf_count=1077 34 1555 28 97 754 26 193 41 120 25 20 30 26 16007 2311 24 26 81 2109 248 20 539 27 26 363 20 20 63 35 56 22 20 23 20 29 4446 24
internal_value=0.00225796 0.870527 -1.20228 1.0599 0.856272 3.12783 4.5602 2.70706 0.294452 1.67474 -0.609254 -0.23118 -0.247606 -0.231889 0.122938 4.64395 1.70408 2.2323 -0.088954 0.614646 -0.192461 0.0563402 -1.4412 3.28333 -2.00544 -5.19738 8.21206 0.324922 -2.97935 2.02946 3.96972 4.00044 -0.703889 -4.77912 -2.7742 -0.671301 5.82853
internal_weight=30585 6480 542 5938 5407 531 351 234 3207 2200 514 24105 24025 23950 3065 80 56 1636 18384 2357 16027 564 436 46 390 75 117 180 61 119 142 78 5566 43 55 5523 58
internal_count=30585 6480 542 5938 5407 531 351 234 3207 2200 514 24105 24025 23950 3065 80 56 1636 18384 2357 16027 564 436 46 390 75 117 180 61 119 142 78 5566 43 55 5523 58
is_linear=0
shrinkage=0.05


Tree=86
num_leaves=43
num_cat=0
split_feature=10 15 6 1 11 6 23 9 4 16 15 12 24 9 6 0 26 4 14 4 0 9 8 23 12 14 15 3 11 19 8 11 15 10 6 4 11 15 11 10 14 26
split_gain=2.28032e+06 1.394e+06 1.41574e+06 1.1219e+06 1.19508e+06 1.63481e+06 1.38974e+06 1.05872e+06 970314 986252 1.07913e+06 953657 2.4622e+06 905543 1.00817e+06 869326 786757 760444 701705 636874 615485 530587 477274 463899 461458 433781 511027 1.03353e+06 583884 1.09508e+06 469160 678133 1.12587e+06 459071 362793 361645 334173 334009 250210 240650 188192 146787
threshold=1046.6642317271019 -0.9159756150367534 38138.140000000007 0.07815191598035949 509.51803386083446 27801.462500000005 5.6664435000000006 2895.5032941072968 1.2405480896575209 -0.8783796973249266 0.25881904510252057 41556.000000000007 3.7399563500000004 133.87200642658311 30804.060833333337 0.44912654535751489 18.160600000000006 1.0186955829921593 0.25881904510252091 1.103822511888773 0.51698655354599754 2921.6531414937131 1799.3481316101695 5.8630007000000015 46979.000000000007 -0.70710678118654735 0.96592582628906831 0.87818257690048962 329.63139159596329 -0.5 1433.9411256865305 266.67506364095544 -0.12940952255126034 405.71248492158958 25756.317500000001 1.00445535053201 280.17707909155911 -0.9829629131445341 54.473343630432005 995.42088291273444 -0.78656609248549292 14.653150000000002
decision_type=2 2 2 2 2 2 2 2 2 2 2 2 2 2 2 2 2 2 2 2 2 2 2 2 2 2 2 2 2 2 2 2 2 2 2 2 2 2 2 2 2 2
left_child=22 2 13 4 15 6 -6 -7 11 20 -11 12 -5 -2 35 17 -17 -3 -16 21 -10 23 25 -4 -13 30 27 33 39 -30 31 38 -33 -27 -29 -15 41 -38 -1 -28 -24 -21
right_child=1 3 19 8 5 7 -8 -9 9 10 -12 24 -14 14 18 16 -18 -19 -20 36 -22 -23 40 -25 -26 26 28 34 29 -31 -32 32 -34 -35 -36 -37 37 -39 -40 -41 -42 -43
leaf_value=-0.50384846152129981 7.0593358246485396 0.99789604809042443 1.638218059085887 -9.9691742048997156 5.2301995810946913 7.3752104134776379 -7.2670558992453982 2.0226576864425048 11.573446283448826 4.3711036111899384 -1.1508841339097187 1.0590702643389756 -0.15358884298696351 -10.684794813809187 -3.0780245896519514 -1.4339124078501355 0.89371619244751421 2.7099185862325594 0.81881986011564745 4.6029419647563596 1.4118459272384642 -7.16939158146198 1.4951253945486886 -1.2046819850890362 4.6167933089592879 -1.2169823645763755 0.027418135123565848 -6.0701180754005906 12.695317745915165 -0.53426661541587428 -5.5403971161713468 -1.5748151786964719 5.1593549724511902 -0.37668945149708832 -2.3109850482320229 -4.665054215077431 0.91206099025134391 7.5796428897825336 0.2703130663256002 3.1148643340305848 8.3641308271317261 -0.10270181343835943
leaf_weight=1726 23 2047 270 64 36 219 55 161 43 168 185 870 3743 45 418 549 1067 950 159 21 23 25 20 304 101 1933 1444 79 26 37 36 100 161 10200 341 61 28 58 2637 65 20 67
leaf_count=1726 23 2047 270 64 36 219 55 161 43 168 185 870 3743 45 418 549 1067 950 159 21 23 25 20 304 101 1933 1444 79 26 37 36 100 161 10200 341 61 28 58 2637 65 20 67
internal_value=0.00218474 0.548391 -0.88644 0.754869 1.28288 3.67963 -2.31992 5.11869 0.238188 2.54232 1.48205 0.0356403 -0.321176 -2.50352 -2.83541 1.03742 0.102555 1.5413 -2.00463 0.591802 8.10628 -0.183125 -0.339042 0.133085 1.43351 -0.350785 -0.488783 -0.595207 0.360888 5.03854 0.0675164 0.112366 2.58303 -0.510653 -3.03081 -7.29663 3.24534 5.4443 -0.0359889 0.162388 5.04998 1.05928
internal_weight=30585 11760 1479 10281 5084 471 91 380 5197 419 353 4778 3807 706 683 4613 1616 2997 577 773 66 599 18825 574 971 18785 14125 12553 1572 63 4660 4624 261 12133 420 106 174 86 4363 1509 40 88
internal_count=30585 11760 1479 10281 5084 471 91 380 5197 419 353 4778 3807 706 683 4613 1616 2997 577 773 66 599 18825 574 971 18785 14125 12553 1572 63 4660 4624 261 12133 420 106 174 86 4363 1509 40 88
is_linear=0
shrinkage=0.05


Tree=87
num_leaves=47
num_cat=0
split_feature=10 7 1 6 10 17 14 15 26 14 4 15 4 26 15 23 19 23 17 15 7 7 6 1 23 1 15 7 9 26 6 10 7 7 23 23 9 23 9 26 26 4 19 7 19 6
split_gain=2.07589e+06 1.1299e+06 1.12608e+06 982926 2.31591e+06 1.00288e+06 1.2114e+06 986718 818542 791969 1.42854e+06 761825 710268 693522 1.40028e+06 2.65792e+06 2.22422e+06 536783 524027 1.1079e+06 772500 504864 445422 702229 879047 859226 433896 424258 537451 387660 320650 405631 336470 236346 231444 162754 237889 156234 137867 185741 121125 116462 111801 33331.6 35110.7 15725.3
threshold=1756.7994164434776 739.3636290339058 0.18635890477550934 24131.927500000002 2324.5456906905015 0.81174490092936691 -0.70710678118654735 -0.12940952255126034 18.559050000000003 0.91597561503675362 1.1000001250003126 -0.9829629131445341 0.96555934699739054 13.367850000000002 0.1294095225512602 6.2677238000000006 1.0000000180025095e-35 5.5813688000000008 0.81174490092936691 -0.12940952255126034 255.08632852354148 709.52667636726585 24980.067500000005 0.14028351398216801 9.6949885000000027 0.11573843638251087 -0.12940952255126034 404.66582167028594 2443.5219297118733 16.517650000000007 38053.147500000014 900.41847929769665 269.90103326703468 227.86323106887073 4.3785581500000008 5.7639892500000007 1523.002253024885 4.5945386500000014 1232.8205745571709 13.620050000000001 18.619650000000004 1.1409968804727437 1.0000000180025095e-35 128.58987897846276 0.6830127018922193 39613.970000000008
decision_type=2 2 2 2 2 2 2 2 2 2 2 2 2 2 2 2 2 2 2 2 2 2 2 2 2 2 2 2 2 2 2 2 2 2 2 2 2 2 2 2 2 2 2 2 2 2
left_child=11 2 3 4 -2 6 -5 -7 27 22 -11 29 18 30 15 -15 -16 34 21 20 -20 26 -3 25 -25 -24 -13 -4 -29 37 31 -14 -32 -21 -10 -31 41 43 39 -39 -19 -37 -40 45 -45 -1
right_child=1 9 8 5 -6 7 -8 -9 17 10 -12 12 13 14 16 -17 -18 40 19 33 -22 -23 23 24 -26 -27 -28 28 -30 35 32 -33 -34 -35 -36 36 -38 38 42 -41 -42 -43 -44 44 -46 -47
leaf_value=0.30904147626602485 -2.1173837522359995 -3.8025546959594445 -4.724027199745179 1.9431434674764478 20.330040928068616 5.232726626538156 -0.012415343424116963 0.77660217376787266 -5.1160446935731017 -0.11829562627352203 15.94100780240951 -1.3040105506167352 -0.23933451493015179 1.2230845814776961 2.5740150372933335 -1.6374892102856931 -0.10573465315292752 -12.539782862296471 0.83429523853548315 -0.71675817592611801 4.9444122443005849 -7.2627562700112653 2.7863339149023099 11.320706283698479 0.39647181941616921 -4.8554638935270766 -0.37991129769192572 -0.70476854736740524 9.3425072010642012 0.32706736554702126 0.30668893144209464 -1.6307814833045651 5.7343638365022072 -3.2122609857350839 1.4984297625223795 -2.0531951309122691 -8.6795753782272325 -1.3827433878389082 -5.9176938486921387 2.095152274312043 -6.7278741861473437 -5.065780095458031 -1.0660343216766011 2.8726516875624659 0.10222796232804009 -1.0848166936635972
leaf_weight=72 25 26 25 1061 20 232 3114 267 36 25 30 2143 8793 1552 1523 1701 1574 25 505 473 147 29 299 47 30 41 3120 36 20 23 1876 556 28 118 20 81 24 631 28 40 21 55 21 23 22 27
leaf_count=72 25 26 25 1061 20 232 3114 267 36 25 30 2143 8793 1552 1523 1701 1574 25 505 473 147 29 299 47 30 41 3120 36 20 23 1876 556 28 118 20 81 24 631 28 40 21 55 21 23 22 27
internal_value=0.0021262 0.891626 0.660735 0.810208 8.08421 0.738461 0.484899 2.85472 -3.17713 3.15848 8.76947 -0.188622 -0.131317 0.0339471 0.451694 -0.272757 1.21248 -6.13475 -0.576418 0.347202 1.76712 -0.793386 2.44366 2.84129 7.12422 1.85327 -0.756365 0.576604 2.98441 -1.50837 -0.201803 -0.322252 0.389479 -1.21961 -2.7688 -3.59343 -4.15556 -1.06309 -1.36347 -1.1726 -10.0862 -3.29964 -3.90142 0.437828 1.55 -0.0780984
internal_weight=30585 5400 4902 4719 45 4674 4175 499 183 498 55 25185 24138 17603 6350 3253 3097 102 6535 1243 652 5292 443 417 77 340 5263 81 56 1047 11253 9349 1904 591 56 183 160 864 720 671 46 136 49 144 45 99
internal_count=30585 5400 4902 4719 45 4674 4175 499 183 498 55 25185 24138 17603 6350 3253 3097 102 6535 1243 652 5292 443 417 77 340 5263 81 56 1047 11253 9349 1904 591 56 183 160 864 720 671 46 136 49 144 45 99
is_linear=0
shrinkage=0.05


Tree=88
num_leaves=51
num_cat=0
split_feature=7 15 6 11 19 3 15 16 21 15 12 11 15 17 5 19 14 6 15 11 6 16 11 11 11 9 9 9 16 7 23 14 11 15 11 23 0 19 23 7 9 11 11 11 7 3 6 7 5 5
split_gain=1.91884e+06 1.49352e+06 1.38058e+06 1.71027e+06 1.73176e+06 2.38725e+06 1.32889e+06 1.21092e+06 1.36889e+06 1.20926e+06 1.59577e+06 1.22979e+06 1.17367e+06 1.10753e+06 1.09545e+06 1.02225e+06 1.31338e+06 1.01121e+06 1.41843e+06 3.09668e+06 1.12834e+06 1.11602e+06 1.00493e+06 986150 926122 892523 852908 808936 757810 792044 766389 732505 1.54826e+06 744229 696336 658406 601884 579708 477535 454038 407751 396579 381725 337638 327030 271398 265913 195114 123440 42383.9
threshold=380.05603431913977 0.96592582628906831 27999.430833333336 614.20424327994806 0.6830127018922193 0.90598827827926787 1.0000000180025095e-35 1.0000000180025095e-35 1.0000000180025095e-35 -0.70710678118654757 41828.500000000007 531.76801472283285 0.78656609248549303 -0.56174490092936669 -101.935 0.93301270189221952 0.91597561503675362 38138.140000000007 -0.5 441.98575352340697 32655.292500000003 -1.0000000180025095e-35 614.20424327994806 204.25273939992789 106.19546761270797 1456.0179500695344 1743.9111632769943 1049.3359823433866 -1.0000000180025095e-35 375.23001420982661 14.286336500000003 -0.37940952255126059 230.36590789833886 0.96592582628906831 520.41605753204374 6.7407712000000011 0.28982277757773672 -0.5 10.537016500000002 277.42362965963542 2345.2743751583434 364.37064053653665 69.163290355828067 412.5423184596591 227.86323106887073 0.43877176938863682 41477.184166666673 478.88074020182006 -799.99999999999977 99.000000000000028
decision_type=2 2 2 2 2 2 2 2 2 2 2 2 2 2 2 2 2 2 2 2 2 2 2 2 2 2 2 2 2 2 2 2 2 2 2 2 2 2 2 2 2 2 2 2 2 2 2 2 2 2
left_child=17 2 3 15 6 -6 -5 9 12 10 -4 -11 -9 34 35 25 -17 18 19 21 44 24 31 39 -1 -2 -24 -16 29 36 46 32 -20 -33 37 48 -25 -3 -22 42 -29 -23 49 -32 -21 -44 -30 -39 -15 -19
right_child=1 13 7 4 5 -7 -8 8 -10 11 -12 -13 -14 14 27 16 -18 23 22 20 38 41 26 28 -26 -27 -28 40 30 -31 43 33 -34 -35 -36 -37 -38 47 -40 -41 -42 -43 45 -45 -46 -47 -48 -49 -50 -51
leaf_value=-0.58890451366595087 -2.0848521883856681 -4.4796701184908549 -1.2524743625616486 -4.901811420616351 1.5629944484574456 -10.136765934319333 2.7599635212421418 0.92358099372648061 -9.6014630622863777 1.7865045788094147 4.7646956794805266 5.2517719971342816 -3.0882456083794434 -1.2540024375915528 15.932808364232381 0.58048145063461798 16.481894705399224 -0.42229550660884546 -0.020797148607922433 -5.7205337574170985 3.7154914799603556 -0.1232456808405811 0.41740267799746605 -5.6995735306209987 -2.3740572058972367 2.1746858660757766 12.35471842988332 7.8793404171310506 1.4886369817466445 -9.5116384124755857 4.8695407995402098 -0.53574149858434283 2.184099582796907 0.50871850031136245 -6.3671356567655293 5.7635150176081176 1.2226911301826073 9.1420121519906186 -6.8348762975420279 -5.5065161932177018 3.1299252051428743 5.1614357105890916 3.0230652424773652 11.660475594329833 -13.079342242724275 0.46891263230481278 3.8322217926558326 2.3352901049455013 -6.7498284297897699 -2.0180710281327716
leaf_weight=1462 230 20 439 94 62 144 139 1382 34 695 146 406 209 21 23 30 22 1377 4189 22 21 2557 30 35 1445 262 29 121 595 21 82 8528 982 2131 34 28 245 20 20 35 75 35 110 24 72 1665 152 23 20 42
leaf_count=1462 230 20 439 94 62 144 139 1382 34 695 146 406 209 21 23 30 22 1377 4189 22 21 2557 30 35 1445 262 29 121 595 21 82 8528 982 2131 34 28 245 20 20 35 75 35 110 24 72 1665 152 23 20 42
internal_value=0.00203363 0.9338 0.665825 -0.978866 -3.2969 -6.62492 -0.33877 1.15427 0.180024 2.09259 0.254806 3.06795 0.39496 3.91311 5.46489 0.894358 7.49214 -0.166286 -0.307257 -0.988833 -8.44236 -0.804347 -0.0655334 0.525872 -1.47677 0.183238 6.3931 7.18887 1.77973 -0.376353 2.54011 -0.090008 0.398265 -0.326899 -0.702945 -0.0313216 0.340186 2.40556 -1.47111 0.0773448 6.0871 -0.0499212 0.140239 6.50176 -11.4355 0.628814 1.97 5.63714 -4.03189 -0.470919
internal_weight=30585 4679 4294 983 439 206 233 3311 1625 1686 585 1101 1591 385 288 544 52 25906 21523 5634 135 5499 15889 4383 2907 492 59 219 1154 301 853 15830 5171 10659 97 69 280 63 41 3229 196 2592 3194 106 94 1775 747 43 41 1419
internal_count=30585 4679 4294 983 439 206 233 3311 1625 1686 585 1101 1591 385 288 544 52 25906 21523 5634 135 5499 15889 4383 2907 492 59 219 1154 301 853 15830 5171 10659 97 69 280 63 41 3229 196 2592 3194 106 94 1775 747 43 41 1419
is_linear=0
shrinkage=0.05


Tree=89
num_leaves=50
num_cat=0
split_feature=7 15 15 12 13 21 15 26 14 11 14 11 9 17 4 6 15 11 6 16 11 11 10 9 9 11 21 16 7 23 14 11 15 11 26 8 0 5 26 23 7 4 11 11 26 7 5 26 5
split_gain=1.73285e+06 1.35071e+06 1.34186e+06 1.28421e+06 2.10811e+06 1.70066e+06 3.98342e+06 1.23488e+06 1.19345e+06 1.16602e+06 1.04053e+06 1.04045e+06 1.0232e+06 1.00089e+06 1.11824e+06 912730 1.28079e+06 2.80098e+06 1.01964e+06 1.01273e+06 910083 890451 841402 772454 721328 709095 704832 685702 718004 694041 661126 1.39745e+06 671688 630643 563535 560239 544550 524362 440801 433104 410941 374036 344629 322293 297825 294718 226409 205965 38369.3
threshold=380.05603431913977 0.96592582628906831 0.9159756150367534 31175.000000000004 32568.430000000004 1.0000000180025095e-35 -0.12940952255126034 18.583150000000003 0.60355339059327384 488.30152107479847 0.91597561503675362 509.51803386083446 2199.3054585573159 -0.56174490092936669 0.93245205103986051 38138.140000000007 -0.5 441.98575352340697 32655.292500000003 -0.60785761079279388 614.20424327994806 204.25273939992789 1998.6334189596382 1743.9111632769943 1049.3359823433866 122.49747787530427 1.0000000180025095e-35 -1.0000000180025095e-35 375.23001420982661 14.286336500000003 -0.37940952255126059 230.36590789833886 0.96592582628906831 520.41605753204374 18.160600000000006 2475.030458788719 0.28982277757773672 -999.99999999999977 18.589750000000006 10.537016500000002 277.42362965963542 0.76785689596171991 69.163290355828067 283.33987693072157 18.786450000000006 227.86323106887073 19.000000000000018 18.579800000000002 99.000000000000028
decision_type=2 2 2 2 2 2 2 2 2 2 2 2 2 2 2 2 2 2 2 2 2 2 2 2 2 2 2 2 2 2 2 2 2 2 2 2 2 2 2 2 2 2 2 2 2 2 2 2 2
left_child=15 2 3 4 10 8 -7 11 -5 -6 -2 35 22 33 37 16 17 19 45 25 30 40 -9 -22 -16 -1 -21 28 36 44 31 -18 -32 34 -3 -4 -23 -15 -26 -20 42 -39 48 -31 -29 -19 -44 -36 -17
right_child=1 13 7 5 9 6 -8 12 -10 -11 -12 -13 -14 14 24 21 20 18 39 26 23 27 -24 -25 38 -27 -28 29 -30 43 32 -33 -34 -35 47 -37 -38 41 -40 -41 -42 -43 46 -45 -46 -47 -48 -49 -50
leaf_value=-0.75439753364277173 -1.5282907895475442 -4.4956255723181231 -0.67034329167118778 1.0274693756577051 2.4339807995882907 -12.488052609761558 7.3796483349800104 -10.264830497503281 3.4972387408723247 -10.813488984466405 2.0062842904251132 6.7564026511342909 -17.329790020855992 5.9191082421216104 15.169361159006755 -0.40119605213326315 -0.019757537299369271 -5.446943109761115 3.5381612634658817 -0.0073836782191296678 0.39720601116457299 -5.4225108443366166 1.3507660687354304 11.757573354085286 7.460191803918268 -2.5507235191878004 -2.8773837203389925 2.350626843248151 -9.0576739276539211 0.75400216869685954 -0.50895756160351147 2.0750056785084738 0.48329450894407516 -6.0578749021802629 9.0739297648838591 -10.334630671909878 1.161805082123454 -7.2795896517347405 2.3286656185937309 -6.5094061111268546 -5.238838416205513 1.6722870801744005 0.25564356342503886 7.5809886041949781 -0.20585377246775527 -12.434333588423797 1.5304885926008414 2.102659691174825 -1.9195140880484916
leaf_weight=1180 482 20 53 2445 21 65 40 31 611 73 365 37 21 21 23 1377 4189 22 21 3061 30 35 30 29 136 1029 229 607 21 22 8528 982 2131 34 20 20 245 26 62 20 35 20 1300 84 140 72 475 23 42
leaf_count=1180 482 20 53 2445 21 65 40 31 611 73 365 37 21 21 23 1377 4189 22 21 3061 30 35 30 29 136 1029 229 607 21 22 8528 982 2131 34 20 20 245 26 62 20 35 20 1300 84 140 72 475 23 42
internal_value=0.00197943 0.887437 0.632595 0.824115 -0.79672 1.30672 -4.92114 -3.4422 1.52225 -7.85943 -0.00455118 0.0315993 -8.04646 3.72074 5.19592 -0.157975 -0.291906 -0.939568 -8.0283 -0.764111 -0.0622098 0.499617 -4.62251 6.08409 6.90463 -1.59194 -0.207965 1.69109 -0.359852 2.41439 -0.0855008 0.378372 -0.310554 -0.667473 2.29075 -3.42204 0.32238 -0.458831 5.87315 -1.40126 0.0734085 -3.43459 0.133243 6.1844 1.87186 -10.8736 0.597472 5.47776 -0.447459
internal_weight=30585 4679 4294 4102 941 3161 105 192 3056 94 847 110 82 385 288 25906 21523 5634 135 5499 15889 4383 61 59 221 2209 3290 1154 301 853 15830 5171 10659 97 63 73 280 67 198 41 3229 46 3194 106 747 94 1775 43 1419
internal_count=30585 4679 4294 4102 941 3161 105 192 3056 94 847 110 82 385 288 25906 21523 5634 135 5499 15889 4383 61 59 221 2209 3290 1154 301 853 15830 5171 10659 97 63 73 280 67 198 41 3229 46 3194 106 747 94 1775 43 1419
is_linear=0
shrinkage=0.05


Tree=90
num_leaves=35
num_cat=0
split_feature=10 15 1 11 9 9 10 12 15 11 12 0 23 10 7 1 7 11 16 8 0 8 11 9 1 14 11 13 9 9 13 10 10 24
split_gain=1.5832e+06 1.13953e+06 1.02509e+06 1.29424e+06 1.08518e+06 845705 826856 794025 793483 777617 715708 598517 529542 446097 445268 390882 1.07609e+06 622226 1.55171e+06 692249 502303 469271 381034 681754 376785 355333 473090 334740 326779 308560 293844 276848 192244 47708.8
threshold=1046.6642317271019 -0.9829629131445341 0.061552621303690887 777.22274205627548 133.87200642658311 3199.5985812441477 2887.9072378709611 41908.500000000007 0.1294095225512602 709.18839906504832 29421.500000000004 0.44690705193421881 5.8630007000000015 2228.4778661858099 867.10914946797095 0.14429117344799927 544.92069095004797 509.51803386083446 1.0000000180025095e-35 399.84265046250965 0.42420831803485737 409.14134675315387 215.26295192261028 964.05262549549161 0.16412451633533634 -0.37940952255126059 266.67506364095544 29387.120000000006 1412.3653628747913 28.63519445162547 36716.025000000009 640.79001361079702 2174.1479042678975 14.713011000000002
decision_type=2 2 2 2 2 2 2 2 2 2 2 2 2 2 2 2 2 2 2 2 2 2 2 2 2 2 2 2 2 2 2 2 2 2
left_child=14 9 3 6 10 7 11 -6 -8 12 -4 -3 32 -7 15 17 22 25 20 -20 -19 -18 31 -24 30 26 -1 -5 -27 -12 -14 -17 33 -2
right_child=1 2 4 27 5 13 8 -9 -10 -11 29 -13 24 -15 -16 16 21 18 19 -21 -22 -23 23 -25 -26 28 -28 -29 -30 -31 -32 -33 -34 -35
leaf_value=-0.039395996844725452 -0.46633698490920006 1.3864868822327463 -2.015843508023591 4.0193207000550775 -0.23750185466618998 10.716186220078242 1.5728275055720891 1.1043802466036039 10.48785734377967 -8.9726290482944915 11.966951568547417 0.11308358789266063 -6.0868211919604205 2.7562082993483341 5.9085312405947983 -0.81921693496473758 -2.4628210964202886 13.956066174316405 -9.0075869164100055 2.6819079864501956 4.8837375486161969 -11.117331208652921 -4.7890117734450621 -0.55913965107578978 -9.0085766648110894 -0.43691404884085605 2.0659889406430465 12.713834593460478 4.6241104520531371 4.2914882476806637 -1.405919760614035 0.6928656267325084 5.3987154427441695 1.4526111504009793
leaf_weight=6112 76 2777 20 20 5357 20 57 1387 44 35 33 1382 38 118 28 995 29 24 25 24 44 35 148 265 20 10353 278 28 31 24 248 434 21 55
leaf_count=6112 76 2777 20 20 5357 20 57 1387 44 35 33 1382 38 118 28 995 29 24 25 24 44 35 148 265 20 10353 278 28 31 24 248 434 21 55
internal_value=0.00182396 0.456945 0.559956 1.16602 0.184657 0.118172 1.07281 0.0385975 5.5214 -1.89363 6.04911 0.963476 -1.33428 3.97866 -0.282499 -0.292036 -0.970614 -0.215411 3.40276 -3.34289 8.24166 -7.29405 -0.747066 -2.08285 -2.52981 -0.240849 0.0525079 9.24718 -0.421361 8.86498 -2.04692 -0.359817 1.07327 0.344191
internal_weight=30585 11760 11267 4308 6959 6882 4260 6744 101 493 77 4159 458 138 18825 18797 1906 16891 117 49 68 64 1842 413 306 16774 6390 48 10384 57 286 1429 152 131
internal_count=30585 11760 11267 4308 6959 6882 4260 6744 101 493 77 4159 458 138 18825 18797 1906 16891 117 49 68 64 1842 413 306 16774 6390 48 10384 57 286 1429 152 131
is_linear=0
shrinkage=0.05


Tree=91
num_leaves=42
num_cat=0
split_feature=7 15 15 1 12 13 15 11 3 11 13 17 5 12 9 12 11 15 11 9 16 11 11 14 11 9 5 8 26 23 11 1 26 23 15 7 8 1 1 5 1
split_gain=1.48464e+06 1.23279e+06 1.21423e+06 1.45267e+06 1.11642e+06 1.88026e+06 1.18847e+06 1.04299e+06 1.01512e+06 1.00833e+06 961045 901553 879146 688688 655590 655399 1.48591e+06 1.02381e+06 2.67042e+06 1.20487e+06 1.17133e+06 1.01105e+06 819601 720071 1.59545e+06 684483 671926 646149 643021 572422 570387 564782 511591 382534 346601 296155 349430 193619 185946 113237 71097.4
threshold=380.05603431913977 0.96592582628906831 0.9159756150367534 0.15094606262164065 31175.000000000004 32568.430000000004 -0.9159756150367534 488.30152107479847 1.5400139436404057 687.63510778768716 30933.550000000003 -0.56174490092936669 -101.935 41908.500000000007 1049.3359823433866 43516.500000000007 425.07594124034773 -0.5 441.98575352340697 2475.030458788719 -1.0000000180025095e-35 364.37064053653665 614.20424327994806 -0.37940952255126059 230.36590789833886 1743.9111632769943 417.00500000000005 1658.6664974867074 17.274050000000006 6.7407712000000011 520.41605753204374 0.05307417067330545 18.160600000000006 7.8633765000000002 -0.9829629131445341 370.05562067166494 2507.049509271968 0.08601658294058849 0.15617597433275157 -799.99999999999977 0.03958990675687022
decision_type=2 2 2 2 2 2 2 2 2 2 2 2 2 2 2 2 2 2 2 2 2 2 2 2 2 2 2 2 2 2 2 2 2 2 2 2 2 2 2 2 2
left_child=15 2 4 8 5 10 13 -7 27 -8 -2 30 29 -6 -14 17 35 18 20 28 21 -1 23 24 -19 -24 -25 -4 -20 39 32 -10 -3 -16 -22 36 38 -34 -17 -13 -38
right_child=1 11 3 -5 6 7 9 -9 31 -11 -12 12 14 -15 33 16 -18 22 19 -21 34 -23 25 26 -26 -27 -28 -29 -30 -31 -32 -33 37 -35 -36 -37 40 -39 -40 -41 -42
leaf_value=-1.0482309893565682 -0.57864715281834733 -4.2890631237460326 -0.34949228134155275 -12.358930712805854 -2.1066923566035771 2.3135288984125313 1.2205212886368937 -10.215113490191667 0.23753587318189218 3.8539427033916427 4.9128901053814404 -1.0734983550418506 14.344361913998922 1.5255331052601337 3.2878701733140385 0.43971215750432979 11.13990217222887 0.018532899051584711 -13.576622881047866 3.8623779714675184 -1.2407081414344721 -5.1084662580416076 0.47618230796629385 -0.34248008453347528 2.076253164146916 11.173818042119343 1.7741339116936172 9.3954050108102649 -6.1518358166496476 5.4067763631097208 -5.7629448051452643 -8.1976106239282167 1.802824462807697 7.7536404939492547 0.225829260273815 -3.7253842872228384 7.0077666356346828 8.5419395926865658 2.9895646410942076 -6.3284401596160169 2.9707402781077796
leaf_weight=3257 759 20 49 35 375 21 2150 73 32 437 88 21 23 199 101 1553 33 4886 50 20 459 160 30 10395 1166 29 388 25 76 28 34 51 22 95 3244 38 21 21 74 20 27
leaf_count=3257 759 20 49 35 375 21 2150 73 32 437 88 21 23 199 101 1553 33 4886 50 20 459 160 30 10395 1166 29 388 25 76 28 34 51 22 95 3244 38 21 21 74 20 27
internal_value=0.00180696 0.821398 0.577942 -3.2982 0.760131 -0.751104 1.21011 -7.42122 -1.21282 1.66668 -0.00297125 3.52818 4.92825 -0.846965 6.47267 -0.146249 0.788989 -0.213867 -0.710129 -7.38088 -0.572323 -1.23979 -0.000398103 -0.0211875 0.415259 5.83302 -0.266161 3.02401 -9.18192 0.00389011 -0.636538 -4.98133 2.17683 5.4808 0.0437595 0.583198 0.683113 5.21347 0.557454 -3.72665 4.84401
internal_weight=30585 4679 4294 192 4102 941 3161 94 157 2587 847 385 288 574 219 25906 1746 24160 7266 146 7120 3417 16894 16835 6052 59 10783 74 126 69 97 83 63 196 3703 1713 1675 43 1627 41 48
internal_count=30585 4679 4294 192 4102 941 3161 94 157 2587 847 385 288 574 219 25906 1746 24160 7266 146 7120 3417 16894 16835 6052 59 10783 74 126 69 97 83 63 196 3703 1713 1675 43 1627 41 48
is_linear=0
shrinkage=0.05


Tree=92
num_leaves=55
num_cat=0
split_feature=7 1 15 15 22 23 6 18 17 23 5 17 10 16 6 15 16 3 10 21 14 9 5 1 4 7 8 4 21 6 14 14 7 7 16 1 15 0 17 9 15 10 9 4 23 4 23 18 17 2 4 16 8 23
split_gain=1.34023e+06 1.19957e+06 1.11784e+06 1.04895e+06 1.56444e+06 1.3669e+06 1.19534e+06 897114 828286 842933 790872 848858 773868 865291 721915 1.05368e+06 1.34352e+06 1.02873e+06 1.47414e+06 857676 715768 670802 652367 936184 649543 623245 590211 992573 577881 545183 520260 474748 472210 476120 517981 460536 450796 447255 575506 324784 287826 284066 274348 227976 216946 148212 146795 92666.3 92000.6 89745.2 83982.7 71554.1 63729.5 50460.3
threshold=380.05603431913977 0.18946953262365177 0.96592582628906831 -0.12940952255126034 1.5000000000000002 7.8633765000000002 26392.029166666671 -0.24999999999999997 -0.56174490092936669 4.1129010000000008 -1504.4999999999998 0.81174490092936691 684.59061149821753 1.0000000180025095e-35 38138.140000000007 -0.5 -0.60785761079279388 1.1901769177352677 1663.4810707368877 1.0000000180025095e-35 0.25881904510252091 2443.5219297118733 417.00500000000005 0.084721040309403542 1.1858000851474368 576.58915984026874 1234.7430767968854 1.1714280816354521 1.0000000180025095e-35 30445.271666666671 0.25881904510252091 0.60355339059327384 124.58725464009248 370.05562067166494 0.6078576107927941 0.11733491081238621 0.96592582628906831 0.40675408621581371 1.0000000180025095e-35 2312.5587359574915 -0.9829629131445341 370.26730456037649 540.38965734328144 1.103822511888773 6.2677238000000006 1.0688743416768982 4.5945386500000014 0.25000000000000006 0.81174490092936691 0.72311847854782785 1.2699107614444076 -0.60785761079279388 1506.3969027476808 4.8448008000000007
decision_type=2 2 2 2 2 2 2 2 2 2 2 2 2 2 2 2 2 2 2 2 2 2 2 2 2 2 2 2 2 2 2 2 2 2 2 2 2 2 2 2 2 2 2 2 2 2 2 2 2 2 2 2 2 2
left_child=14 2 10 4 30 6 7 -5 35 45 11 39 29 -14 15 16 17 41 -19 20 -18 25 26 28 -11 -7 31 -28 -24 -12 -3 -17 47 40 -35 44 -25 -6 -39 -2 46 -1 -21 -42 -4 -10 -34 48 50 -50 -16 53 -53 -49
right_child=1 3 8 5 37 21 -8 -9 9 24 12 -13 13 -15 32 22 19 18 -20 42 -22 -23 23 36 -26 -27 27 -29 -30 -31 -32 -33 33 34 -36 -37 -38 38 -40 -41 43 -43 -44 -45 -46 -47 -48 51 49 -51 -52 52 -54 -55
leaf_value=-3.1458824737913287 -13.342023010253905 3.3930458524492053 4.4958893595801461 -10.166655879974366 -7.9011038910901092 1.5730534365597895 -15.362826730205166 -1.4991753400997312 -4.1809527633303691 5.3679495947380023 -4.5701970917871684 1.5264408871853676 1.7533325773377753 0.22298684714391592 0.066276328796600711 -0.0082055367564503687 -0.54337775049048265 -8.6737576554255291 -1.9159990038334571 -1.2973262565888344 1.0455533266091823 8.092962687301636 2.7548687286747531 -1.2961253825578232 13.635028574126109 -8.6681546027319776 0.58803190530932781 -5.7973758685204295 9.7987686798789291 3.9873079194193304 12.675815836702075 -0.64700705879402776 1.6708669978898507 -7.315602831575605 1.6170075836181643 -5.7492505242143359 4.6353432222314792 6.2750728055705203 -2.9863838152731623 -4.4398385393619542 0.95761264384613765 -1.1175230137042098 -4.6266096722022736 2.2958513949116077 -1.4540137854328863 1.5259568460464479 -1.5606528033606708 -0.99554407450887883 0.56460212985315816 3.130366406194542 -2.8735212369441991 -0.44859849644957284 2.2201294409710428 -4.0924624321677472
leaf_weight=191 20 35 35 44 26 50 30 90 20 187 100 36 1940 1763 859 6915 1982 122 237 121 1102 24 266 238 27 20 3322 61 32 22 27 5019 45 35 29 27 36 22 61 23 1753 1751 128 389 26 24 149 35 134 45 24 843 22 21
leaf_count=191 20 35 35 44 26 50 30 90 20 187 100 36 1940 1763 859 6915 1982 122 237 121 1102 24 266 238 27 20 3322 61 32 22 27 5019 45 35 29 27 36 22 61 23 1753 1751 128 389 26 24 149 35 134 45 24 843 22 21
internal_value=0.00175966 0.780471 1.0349 -1.7366 1.29601 -3.74386 -6.48595 -4.39948 3.75481 5.1788 0.792939 -4.12825 0.895633 1.02499 -0.138911 -0.258023 -0.845465 -1.77446 -4.23024 -0.203775 0.0245453 1.05809 -0.0496843 1.60672 6.46958 -1.43381 -0.111642 0.471214 3.54152 -3.00713 7.57266 -0.276894 0.445917 0.917514 -3.30533 -0.431296 -0.502768 -2.31054 -0.486001 -8.78963 1.03457 -1.31854 -3.02045 1.20161 1.97724 -1.10325 -0.806323 -0.125023 0.19321 1.22346 -0.0167821 -0.491793 -0.378232 -2.2084
internal_weight=30585 4679 4250 429 171 258 164 134 346 258 3904 79 3825 3703 25906 21523 5634 2301 359 3333 3084 94 15889 572 214 70 15317 3383 298 122 62 11934 4383 2400 64 88 274 109 83 43 2336 1942 249 2142 61 44 194 1983 1062 179 883 921 865 56
internal_count=30585 4679 4250 429 171 258 164 134 346 258 3904 79 3825 3703 25906 21523 5634 2301 359 3333 3084 94 15889 572 214 70 15317 3383 298 122 62 11934 4383 2400 64 88 274 109 83 43 2336 1942 249 2142 61 44 194 1983 1062 179 883 921 865 56
is_linear=0
shrinkage=0.05


Tree=93
num_leaves=31
num_cat=0
split_feature=10 15 7 4 14 6 11 16 11 15 11 6 15 11 16 11 26 26 13 8 12 12 11 7 24 11 9 7 4 10
split_gain=1.27416e+06 994946 1.0327e+06 1.06109e+06 1.08118e+06 1.04832e+06 1.10831e+06 1.00263e+06 906332 799665 696298 654375 928554 2.21629e+06 1.6774e+06 715398 1.02501e+06 600619 754139 730522 482307 945785 429665 382883 363441 474400 193604 165017 82795.1 75488.8
threshold=2739.3066488678764 -0.9829629131445341 400.22302417199722 1.1666277497845163 0.91597561503675362 27879.015833333335 614.20424327994806 -0.8783796973249266 668.06494927022538 0.25881904510252057 709.18839906504832 35093.708333333343 -0.12940952255126034 441.98575352340697 -0.60785761079279388 201.94722782707234 17.914900000000003 18.216350000000002 43707.545000000006 2970.0870861186709 29500.500000000004 30424.500000000004 448.97942493170416 273.89130854666035 12.333636000000002 168.81697019186871 2148.5964702371089 364.41296759475995 0.77276054182948484 1110.3815560975033
decision_type=2 2 2 2 2 2 2 2 2 2 2 2 2 2 2 2 2 2 2 2 2 2 2 2 2 2 2 2 2 2
left_child=1 10 11 5 7 6 -4 -5 -7 -6 24 12 13 -3 -14 23 -17 19 20 -2 -19 -22 -23 -13 25 29 -27 28 -26 -1
right_child=17 2 3 4 9 8 -8 -9 -10 -11 -12 15 14 -15 -16 16 -18 18 -20 -21 21 22 -24 -25 27 26 -28 -29 -30 -31
leaf_value=-0.85728932699730709 12.073782099555521 -0.63111140362747131 0.5881834448748513 7.8307245574096846 10.840589671872912 0.43020310162966302 -3.3485545576271223 0.9804136204247067 2.8944701539983035 1.9422422353787856 -7.9958912456952609 0.038551181351417052 0.84493172578637743 -6.2309864800223895 -0.45989721184778676 2.0844481074171126 -0.072209084406218135 9.7668269166492276 -6.9401210277495187 1.0165215584209988 -8.3631376899991725 1.4884066720392513 5.3687792285042581 -3.1588449415533169 -2.9940326762199407 -2.7108246328404384 -7.2205051649533791 4.3517234929402671 0.28333353799059352 2.0721673890818724
leaf_weight=535 33 5141 379 59 62 1891 337 491 464 43 38 6490 3717 182 7296 1129 1075 20 22 27 20 260 98 94 20 359 25 23 233 22
leaf_count=535 33 5141 379 59 62 1891 337 491 464 43 38 6490 3717 182 7296 1129 1075 20 22 27 20 260 98 94 20 359 25 23 233 22
internal_value=0.00162128 -0.0391691 0.0208043 0.797483 2.62292 0.407414 -1.2668 1.72815 0.916756 7.24925 -1.41676 -0.0944075 -0.281561 -0.823713 -0.0194669 0.253484 1.03298 2.55472 1.8761 7.19633 2.37961 1.964 2.56264 -0.00757017 -1.20493 -1.67249 -3.02243 0.389411 0.013466 -0.738069
internal_weight=30585 30105 28850 3726 655 3071 716 550 2355 105 1255 25124 16336 5323 11013 8788 2204 480 420 60 398 378 358 6584 1217 941 384 276 253 557
internal_count=30585 30105 28850 3726 655 3071 716 550 2355 105 1255 25124 16336 5323 11013 8788 2204 480 420 60 398 378 358 6584 1217 941 384 276 253 557
is_linear=0
shrinkage=0.05


Tree=94
num_leaves=50
num_cat=0
split_feature=5 15 14 11 1 7 6 13 6 3 22 15 11 5 14 12 26 26 15 11 16 16 15 9 11 9 3 15 23 2 9 9 11 7 2 6 1 11 11 11 1 7 5 26 5 9 8 8 23
split_gain=1.17149e+06 1.20988e+06 1.02949e+06 1.69072e+06 993598 1.02036e+06 900834 891078 875474 1.52412e+06 816198 1.22647e+06 1.24127e+06 1.18299e+06 1.0439e+06 783208 762328 718884 710979 921392 689198 682311 1.13088e+06 673630 983740 613116 641666 566853 530286 525824 420967 417976 399182 397704 389027 370629 354503 328144 473700 293934 404610 289427 265898 238700 160987 64649.3 96573.3 34900.1 4730.24
threshold=178.04999999999998 0.98296291314453432 -0.70710678118654735 311.58822615612172 0.19305214367951343 777.36461542940708 43581.45416666667 32934.875000000007 32017.874166666672 0.66585374107932283 1.0000000180025095e-35 1.0000000180025095e-35 299.42770225776047 -1227.9999999999998 0.25881904510252091 26480.000000000004 18.773850000000003 18.605350000000005 0.96592582628906831 430.40480358111773 0.6078576107927941 -0.60785761079279388 1.0000000180025095e-35 2567.8214038401825 739.19286622200468 1720.0260074008504 1.0660977007725549 -0.37940952255126009 7.4403535000000014 0.5667190475409406 2626.1050338120644 2148.5964702371089 560.65504025192899 520.58208160068637 0.54484048824908471 29061.435000000001 0.11902083097981232 815.9462725892173 464.25703865863346 54.473343630432005 0.059528773834004955 346.23398046182007 434.00500000000005 19.166 250.00000000000014 627.19341434453338 1456.0179500695344 623.23814660758364 15.178679000000002
decision_type=2 2 2 2 2 2 2 2 2 2 2 2 2 2 2 2 2 2 2 2 2 2 2 2 2 2 2 2 2 2 2 2 2 2 2 2 2 2 2 2 2 2 2 2 2 2 2 2 2
left_child=2 4 3 39 5 6 15 16 9 -7 11 12 31 25 -14 -2 -3 -10 19 -15 21 33 -23 24 27 26 -12 -5 36 -27 -20 -4 -30 -6 -22 -9 -25 38 -13 45 41 -41 44 -42 -37 47 -47 -1 -8
right_child=1 7 10 23 20 8 48 35 17 -11 13 37 14 18 -16 -17 -18 -19 30 -21 34 22 -24 28 -26 29 -28 -29 32 -31 -32 -33 -34 -35 -36 42 -38 -39 -40 40 43 -43 -44 -45 -46 46 -48 -49 -50
leaf_value=-0.31487882088314223 5.0144546492905064 14.403007268773184 0.82388841297606918 -0.54375779101962141 1.2915038626902815 -4.6794549825917127 6.4417640547525323 -3.7714248806780035 -2.2396383188002642 9.7420677400007847 -1.455749568939209 -0.79701759380185988 0.78129635103485173 -0.41097271528477092 6.4897253423989429 0.39447597036868354 3.1423307796035496 5.7640235298612836 0.3998473822165316 -2.0040240373294744 -2.0217230833730393 1.6045116451111712 -9.4331993739197895 -0.34106571455578233 12.104918273925781 0.87575487163137 -11.236497826868174 3.5127991508761882 0.89426392904183738 -5.7101515613035723 5.0977621227137897 -6.3009123145682473 4.7051658076342973 -5.5348639176686607 5.5893042827296897 5.2039213575635648 -6.4851250487786762 -6.8073676231929241 2.5896326707896935 1.1228460902733441 -0.27583925598646808 -2.2458228124789339 8.1203122571952964 1.6348762393399572 -0.27028133919364533 -1.8371646958631176 0.2677675037707285 -2.1626336068373462 9.0909843732061848
leaf_weight=1625 93 35 1064 104 73 22 20 21 71 95 26 1199 135 13540 197 3828 27 45 1793 972 30 32 81 181 29 67 48 493 217 54 48 20 100 29 36 20 26 20 112 1354 2000 66 22 177 37 178 78 25 20
leaf_count=1625 93 35 1064 104 73 22 20 21 71 95 26 1199 135 13540 197 3828 27 45 1793 972 30 32 81 181 29 67 48 493 217 54 48 20 100 29 36 20 26 20 112 1354 2000 66 22 177 37 178 78 25 20
internal_value=0.001563 0.733486 -0.129257 0.407046 0.579221 0.772232 0.582537 4.96507 3.98076 7.01361 -0.314189 0.483842 1.50766 -0.446685 4.17786 0.505307 9.62696 0.887916 -0.400378 -0.517805 -2.29402 -3.66224 -6.32078 2.14976 3.25578 -4.30819 -7.86532 2.80639 0.82475 -2.08608 0.525039 0.686744 2.10747 -0.684171 2.15113 2.00795 -1.14028 -0.605666 -0.505936 0.0425335 0.308514 0.9648 3.57224 -0.119808 1.70701 -0.459321 -1.19725 -0.344171 7.95592
internal_weight=30585 4637 25948 6653 4475 4194 3961 162 233 117 19295 2747 1416 16548 332 3921 62 116 16353 14512 281 215 113 1150 626 195 74 597 524 121 1841 1084 317 102 66 100 207 1331 1311 5503 3597 1420 79 2177 57 1906 256 1650 40
internal_count=30585 4637 25948 6653 4475 4194 3961 162 233 117 19295 2747 1416 16548 332 3921 62 116 16353 14512 281 215 113 1150 626 195 74 597 524 121 1841 1084 317 102 66 100 207 1331 1311 5503 3597 1420 79 2177 57 1906 256 1650 40
is_linear=0
shrinkage=0.05


Tree=95
num_leaves=37
num_cat=0
split_feature=10 15 7 6 4 14 1 11 10 13 23 6 15 11 23 8 4 1 12 8 8 23 6 0 23 11 4 7 23 7 7 15 9 4 6 23
split_gain=1.13889e+06 888211 885571 962603 891632 1.17624e+06 871140 631217 590557 670324 655887 647936 673701 615629 549792 480479 738521 578858 549032 395063 722128 488321 425823 389131 329389 431465 296360 259474 205394 178387 149268 145173 114616 74868.7 74394.2 72529.4
threshold=2739.3066488678764 -0.9829629131445341 400.22302417199722 20886.31833333334 1.1666277497845163 0.91597561503675362 0.10659098059708945 709.18839906504832 2593.2568529125997 39513.17500000001 4.3346386500000014 37857.010833333341 -0.12940952255126034 115.81790009076933 9.2676205000000014 2700.8174739057463 1.0322299932651813 0.032970904195650928 31864.500000000004 2863.635411009132 2970.0870861186709 15.061319250000002 34589.018333333341 0.56098742105783928 5.6664435000000006 168.81697019186871 1.0992531453801524 355.91680734720831 11.355365500000001 631.16248673136681 364.41296759475995 0.37940952255126043 2567.8214038401825 0.77276054182948484 42798.356666666674 8.0902885000000015
decision_type=2 2 2 2 2 2 2 2 2 2 2 2 2 2 2 2 2 2 2 2 2 2 2 2 2 2 2 2 2 2 2 2 2 2 2 2
left_child=1 7 8 23 6 -6 -5 24 11 10 -10 12 -3 -13 -11 16 18 -18 -2 22 28 27 -17 -4 30 34 -19 -22 -21 -27 33 -20 -28 -1 -26 -25
right_child=15 2 3 4 5 -7 -8 -9 9 14 -12 13 -14 -15 -16 19 17 26 31 20 21 -23 -24 35 25 29 32 -29 -30 -31 -32 -33 -34 -35 -36 -37
leaf_value=-2.8367105419295182 -4.3593940173495902 -0.59982299702783837 -9.2700712949434916 1.2009298646593951 1.6236751593066541 7.5320196406364452 -0.52848795143600147 -7.602694247196883 -2.1765851879119871 3.8189746844768528 7.5006380829026433 -0.23026753447061027 -0.0058628647024457402 0.95698883080402508 -6.5928141106499574 -7.7400746234258024 12.307795451572964 7.5977226910224323 0.90778903342428663 3.7912392364848753 6.4233498415739652 -6.5953767286028189 2.0560258147830055 -3.66096314242253 -0.82966749199440304 -3.1769093067659426 -1.1007028024846857 0.74108982910590671 10.841860760052999 0.87452310705184932 4.1493460385004681 6.6755519278526307 4.0822395864554819 0.27983179775993522 1.6937856042000559 0.27725492477416996
leaf_weight=20 32 7550 29 1780 541 99 1231 38 22 23 78 1929 12982 2514 26 23 34 38 20 21 22 20 20 25 527 355 21 162 23 29 23 24 20 233 30 21
leaf_count=20 32 7550 29 1780 541 99 1231 38 22 23 78 1929 12982 2514 26 23 34 38 20 21 22 20 20 25 527 355 21 162 23 29 23 24 20 233 30 21
internal_value=0.00155063 -0.0370139 0.0196514 0.73888 0.8546 2.54795 0.493942 -1.33862 -0.0870383 3.04089 5.37113 -0.105821 -0.224292 0.441585 -1.72691 2.41533 4.37209 6.91755 0.546654 1.1338 1.90222 0.634301 -3.24046 -4.83142 -1.13694 -1.58206 4.47278 1.45157 7.63593 -2.86945 0.380845 4.13239 1.46444 0.0232469 -0.690954 -1.89533
internal_weight=30585 30105 28850 3726 3651 640 3011 1255 25124 149 100 24975 20532 4443 49 480 189 113 76 291 248 204 43 75 1217 941 79 184 44 384 276 44 41 253 557 46
internal_count=30585 30105 28850 3726 3651 640 3011 1255 25124 149 100 24975 20532 4443 49 480 189 113 76 291 248 204 43 75 1217 941 79 184 44 384 276 44 41 253 557 46
is_linear=0
shrinkage=0.05


Tree=96
num_leaves=36
num_cat=0
split_feature=10 4 17 11 7 7 15 15 11 26 15 14 11 8 12 9 8 5 10 26 26 13 8 7 11 12 12 9 12 4 11 11 23 7 23
split_gain=1.03113e+06 854687 899121 1.1014e+06 875858 788424 748260 710704 2.02709e+06 763331 1.15582e+06 667370 1.41361e+06 813671 1.24633e+06 835388 636587 812812 791808 533455 518973 664146 606852 478749 476787 452539 841091 416816 409901 399817 395146 391813 351226 264234 234726
threshold=2739.3066488678764 0.95345179898211219 0.81174490092936691 576.46600801760758 739.3636290339058 739.3636290339058 -0.12940952255126034 -0.9159756150367534 709.18839906504832 13.367850000000002 0.98296291314453432 0.91597561503675362 815.9462725892173 1658.6664974867074 39272.500000000007 2803.4179486041867 2567.8214038401825 -1504.4999999999998 2324.5456906905015 18.814800000000002 18.216350000000002 43707.545000000006 2970.0870861186709 867.10914946797095 255.08112789510906 29500.500000000004 30424.500000000004 1497.2305521121959 29341.500000000004 1.1666277497845163 346.17131145310685 448.97942493170416 9.2676205000000014 209.63940574600554 8.7945025000000019
decision_type=2 2 2 2 2 2 2 2 2 2 2 2 2 2 2 2 2 2 2 2 2 2 2 2 2 2 2 2 2 2 2 2 2 2 2
left_child=1 2 16 6 28 7 24 8 19 30 -11 13 29 14 -7 -15 17 27 -18 -3 22 25 -2 -19 -4 -22 -27 -1 -5 -13 -9 -28 -20 -8 -10
right_child=20 5 3 4 -6 11 33 9 34 10 -12 12 -14 15 -16 -17 18 23 32 -21 21 -23 -24 -25 -26 26 31 -29 -30 -31 -32 -33 -34 -35 -36
leaf_value=-10.965681338119508 11.058067313923555 -0.26171166776268528 0.57457742833834036 1.945304418062342 -3.1826886697915886 -3.2546935912329573 -0.5773066725455126 -0.10000662164664112 -7.3017218190147766 0.3876122625390056 3.0924032395545415 6.9437933930483737 -2.4776374762146567 5.1842927195245068 9.2783975961933969 0.24761322127601315 -11.175688371965961 -0.65651673968464408 -0.10515645868874886 -2.4628865734545085 9.2941076242356075 -6.6047764537645426 0.97785824094499851 4.7665740227117777 3.6462332284048289 -7.9992051780791513 1.2780554675667679 -3.2269156341704113 9.1445231606862318 17.275296925136022 -5.7535424192490119 4.9822791455490423 -6.2592445656131295 -3.1580289053025208 -15.588963559468588
leaf_weight=24 33 2340 564 28 25 144 456 10358 20 8608 413 21 26 170 22 172 30 5735 73 311 20 22 27 40 162 20 260 62 72 20 30 98 33 126 20
leaf_count=24 33 2340 564 28 25 144 456 10358 20 8608 413 21 26 170 22 172 30 5735 73 311 20 22 27 40 162 20 260 62 72 20 30 98 33 126 20
internal_value=0.00151894 -0.0351758 -0.500546 0.624329 5.089 0.117329 0.194094 0.0697282 -0.691607 0.175316 0.511773 1.94355 6.59777 1.31793 -1.54804 2.70949 -0.769398 -0.690514 -4.13907 -0.520774 2.29827 1.6677 6.61245 -0.618135 1.26407 2.14039 1.73835 -5.48785 7.16801 12.275 -0.116886 2.30313 -2.06169 -1.14049 -11.7246
internal_weight=30585 30105 7430 1433 125 22675 1308 22100 2691 19409 9021 575 67 508 166 342 5997 5861 136 2651 480 420 60 5775 726 398 378 86 100 41 10388 358 106 582 40
internal_count=30585 30105 7430 1433 125 22675 1308 22100 2691 19409 9021 575 67 508 166 342 5997 5861 136 2651 480 420 60 5775 726 398 378 86 100 41 10388 358 106 582 40
is_linear=0
shrinkage=0.05


Tree=97
num_leaves=47
num_cat=0
split_feature=5 15 14 11 21 9 23 13 16 12 9 6 17 15 11 5 24 16 15 10 23 5 7 9 11 15 7 19 11 23 10 11 18 15 11 15 8 5 23 16 6 5 11 9 10 8
split_gain=933635 1.28731e+06 933505 1.42474e+06 982353 1.71723e+06 1.36067e+06 864074 815292 944154 999512 728699 704011 1.27617e+06 1.26143e+06 734558 686725 599442 597823 826126 805169 568005 618100 563284 904148 573451 558691 535034 517315 492556 448083 390235 386307 382815 268598 310234 414771 260107 252980 199094 159715 150159 101293 61823.4 87776.3 32105.2
threshold=199.00000000000009 0.98296291314453432 -0.70710678118654735 311.58822615612172 1.0000000180025095e-35 1928.6294953818244 11.054572500000001 32934.875000000007 0.6078576107927941 26038.500000000004 1049.3359823433866 43581.45416666667 0.81174490092936691 1.0000000180025095e-35 299.42770225776047 -1227.9999999999998 2.6139960000000007 -0.8783796973249266 1.0000000180025095e-35 1144.1496351358087 6.7830116500000015 417.00500000000005 816.11141565159744 2567.8214038401825 739.19286622200468 -0.37940952255126009 739.3636290339058 -0.5 342.34426700996619 7.4403535000000014 1423.1258677895378 560.65504025192899 -0.5 -0.9159756150367534 54.473343630432005 -0.37940952255126009 1603.25204566808 -223.97999999999999 5.2732260000000011 -0.60785761079279388 31575.602500000005 399.99999999999994 295.04571564515408 627.19341434453338 1279.9546659124871 590.30592280092503
decision_type=2 2 2 2 2 2 2 2 2 2 2 2 2 2 2 2 2 2 2 2 2 2 2 2 2 2 2 2 2 2 2 2 2 2 2 2 2 2 2 2 2 2 2 2 2 2
left_child=2 8 3 34 12 18 30 28 9 10 41 17 15 14 -14 27 -10 -11 19 -6 -20 22 -18 24 25 -5 -17 -4 -3 37 -7 -31 -15 -23 43 36 -36 -25 40 -37 -9 -2 -40 45 -45 -1
right_child=1 7 4 23 5 6 -8 38 16 11 -12 -13 13 32 -16 26 21 -19 20 -21 -22 33 -24 29 -26 -27 -28 -29 -30 31 -32 -33 -34 -35 35 39 -38 -39 42 -41 -42 -43 -44 44 -46 -47
leaf_value=-0.26953339158059902 4.3274141853332528 3.5277227670496161 2.0352096933788726 -0.78772721331074558 -1.9423368600128204 -9.4474519034794397 -19.977948018420829 -3.5187611339403242 9.1229074130853007 1.259928793707809 14.075751559734343 7.9863380854044639 0.75304433812793858 -1.8987385673421766 4.3042646770651753 -0.33246440914110414 0.20204578422900776 -0.47847454342931783 -2.8820843150019648 -9.9825511055673886 1.8966014477341364 -0.38364501380301141 7.4308789074805475 -5.2666890746355062 11.475493384043375 3.2687998433179595 2.4926543360780187 -4.7872560428772992 13.570900886638746 0.80806750002517003 0.96584729785010914 4.5600381010712363 -0.02169579165470269 3.5103105350183861 -0.35048899114456167 1.1718001358411259 -5.2977327552761722 -0.36351618940884117 1.9310796815156939 0.26808989215553197 2.4429796054146511 -1.1173757810317553 6.4595437012513486 -2.2422787910474922 -0.3621823411831927 -1.6872266179468576
leaf_weight=1610 24 21 35 105 380 20 21 22 29 625 23 27 1055 390 327 15573 643 2385 139 34 237 76 30 31 29 501 176 148 36 218 20 101 917 366 539 840 45 176 23 2217 21 25 29 105 151 40
leaf_count=1610 24 21 35 105 380 20 21 22 29 625 23 27 1055 390 327 15573 643 2385 139 34 237 76 30 31 29 501 176 148 36 218 20 101 917 366 539 840 45 176 23 2217 21 25 29 105 151 40
internal_value=0.00144128 0.674823 -0.111882 0.396768 -0.287121 -1.94737 -9.96175 5.18101 0.512593 0.0924917 5.71167 -0.04256 -0.211145 0.537058 1.59582 -0.337452 1.6532 -0.11721 -1.31672 -2.62512 0.127041 1.45092 0.534836 1.98874 2.9901 2.56579 -0.300736 -3.47842 9.99549 0.776488 -4.34411 2.00655 -0.58282 2.8414 0.0632651 0.314976 -0.740111 -1.11962 2.21824 0.516714 -0.617749 1.58257 4.53089 -0.417484 -1.13906 -0.304906
internal_weight=30585 4405 26180 6708 19472 851 61 152 4253 3109 72 3037 18621 2689 1382 15932 1144 3010 790 414 376 1115 673 1161 635 606 15749 183 57 526 40 319 1307 442 5547 3641 584 207 95 3057 43 49 52 1906 256 1650
internal_count=30585 4405 26180 6708 19472 851 61 152 4253 3109 72 3037 18621 2689 1382 15932 1144 3010 790 414 376 1115 673 1161 635 606 15749 183 57 526 40 319 1307 442 5547 3641 584 207 95 3057 43 49 52 1906 256 1650
is_linear=0
shrinkage=0.05


Tree=98
num_leaves=33
num_cat=0
split_feature=10 15 7 6 17 16 6 15 11 11 4 16 12 13 11 26 26 15 8 23 4 23 6 26 23 11 7 11 8 7 11 4
split_gain=921903 754372 697219 1.1011e+06 785219 909289 776312 914395 2.1367e+06 872997 813162 689450 681819 603717 538939 520894 465612 901671 715543 595892 504255 420218 416976 311291 293002 410059 284235 264595 234424 127442 71140.8 69152.8
threshold=2665.9354191262587 -0.9829629131445341 478.88074020182006 20886.31833333334 0.81174490092936691 -0.8783796973249266 35668.942500000012 -0.5 441.98575352340697 247.26169252403 1.0672161339547361 -0.60785761079279388 44332.500000000007 43069.765000000007 709.18839906504832 18.626000000000001 18.565850000000001 0.1294095225512602 2273.1114059773076 8.3161285000000031 1.0025781548111021 9.6949885000000027 33913.65083333334 18.216350000000002 5.6664435000000006 168.81697019186871 631.16248673136681 56.83888447477235 661.82619661890294 364.41296759475995 65.690809271507291 0.77276054182948484
decision_type=2 2 2 2 2 2 2 2 2 2 2 2 2 2 2 2 2 2 2 2 2 2 2 2 2 2 2 2 2 2 2 2
left_child=1 14 6 28 5 -5 7 8 -3 27 -11 -9 13 16 24 -6 18 19 21 -18 -20 -2 -19 -14 29 30 -27 -8 -4 31 -26 -1
right_child=12 2 3 4 15 -7 9 11 -10 10 -12 -13 23 -15 -16 -17 17 22 20 -21 -22 -23 -24 -25 25 26 -28 -29 -30 -31 -32 -33
leaf_value=-2.7024399479797911 11.025194933546913 -0.65464079506549899 -2.4229875161431056 3.6513218939362506 3.5666776343745967 0.10026492237486942 -0.32451817247385328 0.40668710711070211 -5.7560946953677705 0.66804878220486774 3.0919716086983686 -0.32139950607682227 10.217399116331531 -4.9275826785438941 -7.0376858162879943 -1.0203337610734475 4.1269068381855307 -4.9598499751156506 0.0098176281362915962 -3.9857452789215113 3.562033209003431 2.5576934574268488 0.99462736312638622 3.1012550843463229 -0.050698011055182325 -3.1328906998969082 2.415644264984131 0.32549326211349955 -9.563779855455671 3.9338802304475209 -1.1802178047114695 0.29278455836586975
leaf_weight=20 35 3279 21 204 392 1495 2569 4930 218 1270 475 9545 30 37 38 73 120 90 206 27 193 26 43 33 274 348 24 4005 27 22 283 233
leaf_count=20 35 3279 21 204 392 1495 2569 4930 218 1270 475 9545 30 37 38 73 120 90 206 27 193 26 43 33 274 348 24 4005 27 22 283 233
internal_value=0.00142882 -0.044727 0.00785472 0.860199 1.02759 0.528543 -0.0638873 -0.248735 -0.974217 0.335431 1.32925 -0.0734112 1.63396 1.22361 -1.25048 2.84591 1.53741 -0.0705441 2.5142 2.61993 1.73268 7.51564 -3.04162 6.59667 -1.06213 -1.48615 -2.76939 0.0714691 -6.55299 0.370433 -0.625679 0.0462809
internal_weight=30585 29745 28503 2212 2164 1699 26291 17972 3497 8319 1745 14475 840 777 1242 465 740 280 460 147 399 61 133 63 1204 929 372 6574 48 275 557 253
internal_count=30585 29745 28503 2212 2164 1699 26291 17972 3497 8319 1745 14475 840 777 1242 465 740 280 460 147 399 61 133 63 1204 929 372 6574 48 275 557 253
is_linear=0
shrinkage=0.05


Tree=99
num_leaves=47
num_cat=0
split_feature=15 5 15 9 26 12 11 15 12 13 15 11 17 20 11 26 13 11 11 22 8 3 0 9 26 8 26 26 11 4 7 26 11 9 22 7 26 11 26 7 7 11 11 0 13 13
split_gain=838237 1.07397e+06 1.04064e+06 1.19476e+06 1.07523e+06 919213 1.2259e+06 2.25424e+06 1.91405e+06 1.81449e+06 887988 1.3339e+06 1.5794e+06 1.18083e+06 1.55829e+06 1.2438e+06 715409 598814 1.26112e+06 684472 593163 507608 497950 480998 461536 420266 365324 630540 552263 361041 600788 349385 335589 389814 327751 311277 288226 833650 408253 278337 238797 484988 159381 127780 48733.9 41972.2
threshold=0.96592582628906831 249.98999999999992 0.9159756150367534 2231.5016179326008 18.583150000000003 33105.500000000007 247.26169252403 -0.70710678118654757 41908.500000000007 29549.810000000005 -0.12940952255126034 204.25273939992789 0.81174490092936691 1.0000000180025095e-35 614.20424327994806 14.806550000000003 28883.550000000003 472.37178621456525 815.9462725892173 3.5000000000000004 1743.9111632769943 0.94543838656087009 0.46662214522514028 1950.5840221573269 13.605050000000002 2475.030458788719 18.595050000000004 18.160600000000006 375.17067062483983 1.1598529390988634 333.99930859017695 19.406600000000001 478.87360381594812 1222.0183875528421 3.5000000000000004 266.73632456381978 18.579800000000002 384.94467117176657 18.132100000000005 380.05603431913977 595.16997336795305 497.39075132390343 193.88810081328435 0.4756535482130797 33237.680000000008 31965.565000000006
decision_type=2 2 2 2 2 2 2 2 2 2 2 2 2 2 2 2 2 2 2 2 2 2 2 2 2 2 2 2 2 2 2 2 2 2 2 2 2 2 2 2 2 2 2 2 2 2
left_child=2 17 5 21 25 10 23 8 -8 -9 11 34 -13 14 -12 -15 -3 31 19 20 -19 32 29 24 -7 -5 27 -23 -28 39 -31 36 33 -4 -1 -25 38 -38 -2 -18 41 -24 44 -21 -33 -44
right_child=1 16 3 4 -6 6 7 9 -10 -11 13 12 -14 15 -16 -17 22 18 -20 43 -22 26 40 35 -26 -27 28 -29 -30 30 -32 42 -34 -35 -36 -37 37 -39 -40 -41 -42 -43 45 -45 -46 -47
leaf_value=0.31265547545568362 0.17075499814953699 12.169684729161469 -0.40338931303410464 1.2231668937683107 -16.7028719744475 -0.18413419278042778 -1.7174906698517607 8.5102871379446476 1.5045322817179982 1.4576696613097058 -0.30743476791186697 -3.351586625358733 3.3277755450239086 0.053835177660021008 -4.7029161131944299 2.6974796579036457 -1.5707212591171267 1.8601443422238035 -6.8403225353240975 2.7450826563153949 10.598255015496285 -2.4297975136323977 1.685465303542107 -0.80876752184751721 0.58404107604652944 -8.0897593486309045 -2.5487072261611186 5.8777055234175464 -9.5372313753763844 4.0540541965886954 15.200051785423643 -0.52818654625504102 5.6452495540272114 -6.2084971585273747 -0.91183443375057482 -4.3936080873131749 -0.35318844098744434 -10.523905917803447 4.7075507691327259 5.5481109556044856 5.7918983791351328 -6.3564453957297591 3.1453840581728865 -2.7706996132078627 2.6936855069796248 6.1370105401054031
leaf_weight=908 1795 22 810 24 22 9312 1208 93 744 3125 4131 848 98 1313 211 672 22 29 24 20 61 189 126 155 2474 23 90 25 41 31 20 26 21 29 1370 99 126 23 50 34 24 21 25 20 20 31
leaf_count=908 1795 22 810 24 22 9312 1208 93 744 3125 4131 848 98 1313 211 672 22 29 24 20 61 189 126 155 2474 23 90 25 41 31 20 26 21 29 1370 99 126 23 50 34 24 21 25 20 20 31
internal_value=0.00136721 0.869104 -0.0775881 -1.47318 -7.82487 -0.0110961 0.207205 0.851108 -0.48928 1.66407 -0.404435 -1.07968 -2.65686 -0.0602387 -0.522069 0.949722 3.67414 0.493631 3.49258 5.43789 7.83408 -1.10328 2.9606 -0.0693359 -0.0228502 -3.40771 -2.72064 -1.43645 -4.79167 5.62031 8.63338 0.271725 -0.452042 -0.611201 -0.423833 -2.21778 0.124976 -1.98289 0.29619 2.77285 1.27331 0.501401 3.11141 -0.0129989 0.900029 4.88016
internal_weight=30585 2550 28035 1274 69 26761 17210 5170 1952 3218 9551 3224 946 6327 4342 1985 300 2250 154 130 90 1205 278 12040 11786 47 345 214 131 107 51 2096 860 839 2278 254 1994 149 1845 56 171 147 102 40 46 56
internal_count=30585 2550 28035 1274 69 26761 17210 5170 1952 3218 9551 3224 946 6327 4342 1985 300 2250 154 130 90 1205 278 12040 11786 47 345 214 131 107 51 2096 860 839 2278 254 1994 149 1845 56 171 147 102 40 46 56
is_linear=0
shrinkage=0.05


Tree=100
num_leaves=52
num_cat=0
split_feature=1 11 0 15 11 24 26 8 15 15 1 4 13 7 15 24 2 7 1 1 15 12 7 8 13 24 26 11 8 6 13 11 7 26 26 15 1 8 18 1 19 10 1 24 11 10 15 11 11 19 19
split_gain=847286 1.2594e+06 873289 1.20582e+06 1.03415e+06 840365 805502 766286 690448 1.45391e+06 1.50628e+06 809719 664515 622608 574831 692716 615362 542917 719915 537632 510887 556976 482373 467911 464900 450395 414062 365037 360051 359266 437066 311137 231266 290046 829185 431389 321520 274730 346901 213243 193036 164030 160395 148383 319384 133574 92513.3 369604 67669.4 67293.1 24119.7
threshold=0.068051304740325322 255.08112789510906 0.44180263208968468 -0.5 595.13008241021805 12.462888750000003 18.160600000000006 2231.5016179326008 0.96592582628906831 0.9159756150367534 0.20179298745144222 1.2613236586545484 32705.740000000002 157.99300375878249 -0.9829629131445341 9.622142000000002 0.71241336337890915 5.3583119206558498 0.18311622431001986 0.057872501007512171 -0.9829629131445341 43787.500000000007 687.70773411900234 2762.2196417614418 36716.025000000009 13.441533750000001 18.565850000000001 83.609774535864872 1135.0050216201496 24460.21166666667 30734.650000000005 576.46600801760758 90.994374767248715 18.786450000000006 18.885400000000001 0.1294095225512602 0.040828445935011913 852.51399127078719 0.93301270189221952 0.044535469120534847 1.0000000180025095e-35 2471.3939942877191 0.21364731160036707 3.4118986500000004 97.638989728719267 1126.2271104954689 -0.5 99.536053447953677 190.30317605116554 -0.5 -0.24999999999999994
decision_type=2 2 2 2 2 2 2 2 2 2 2 2 2 2 2 2 2 2 2 2 2 2 2 2 2 2 2 2 2 2 2 2 2 2 2 2 2 2 2 2 2 2 2 2 2 2 2 2 2 2 2
left_child=1 32 14 5 6 12 -5 -7 9 17 13 28 -4 49 15 24 23 18 27 -6 26 -22 -15 -16 -3 -13 -19 -2 31 -30 -31 45 43 37 36 -36 -35 40 -39 -17 -34 -18 -20 44 50 -10 47 -45 -48 -11 -1
right_child=8 2 3 4 19 7 -8 -9 11 10 -12 25 -14 22 16 39 41 20 42 -21 21 -23 -24 -25 -26 -27 -28 -29 29 30 -32 -33 33 34 35 -37 -38 38 -40 -41 -42 -43 -44 46 -46 -47 48 -49 -50 -51 -52
leaf_value=0.17135975563061345 1.4436289160749682 -10.018039104143778 -0.71964214410781857 -1.8578582211787051 7.6703577989262417 -3.7059028082627523 1.152998870730475 8.8388114439922827 -0.075341717759495927 0.36458073386243572 -15.20277087253073 9.5190887098312373 -7.9305289538970758 -4.3538355821142636 2.4720509362314305 0.62656500598362519 8.8827297108173369 -1.0068538202938495 10.634362213300621 -0.30687668863932294 -0.31091841131767961 0.86358774724135356 2.9302281671047212 0.71143642942145868 -1.7439320793845614 1.6339582087653026 -4.1435767097222174 -5.0541573651631673 -3.7295328877766929 5.9897968069438274 1.3488557627166693 -5.9879097949239348 0.48384395670872743 -1.121677237503669 -0.92866929145704979 1.237087634844825 -5.6955983072001004 0.85143863914507456 4.1021905085892651 7.0558533904665994 -0.46141458130561069 3.4329658550649884 4.4562062194824223 -0.32059193412506115 6.1052012852386195 3.7141796909148499 -0.081927520911469431 -2.952059821967421 -2.4271852776312062 -1.1541935867524316 1.4444536168972653
leaf_weight=217 218 23 49 307 76 25 796 22 747 106 22 39 92 286 1146 34 39 509 22 29 12260 1099 24 564 60 34 132 23 29 57 415 21 1649 67 467 451 91 1241 87 20 802 24 24 1679 26 23 3964 144 30 230 44
leaf_count=217 218 23 49 307 76 25 796 22 747 106 22 39 92 286 1146 34 39 509 22 29 12260 1099 24 564 60 34 132 23 29 57 415 21 1649 67 467 451 91 1241 87 20 802 24 24 1679 26 23 3964 144 30 230 44
internal_value=0.00132578 0.2828 1.138 0.187211 0.767681 -3.52692 0.314053 2.2278 -0.244708 -0.342975 -2.62118 0.831372 -5.44737 -2.16986 1.83247 -1.28047 2.07359 -0.236279 1.91269 5.48496 -0.280467 -0.214238 -3.78228 1.89212 -4.12878 5.91834 -1.65825 0.805165 0.539592 1.58694 1.9208 -0.124936 0.0247301 0.282244 -0.441716 0.135518 -3.77531 0.488442 1.06733 3.09287 0.174479 6.89279 7.57448 -0.180103 0.927803 0.0425158 -0.234916 -0.529961 -0.100148 -0.675382 0.390694
internal_weight=30585 14265 3306 1396 1208 188 1103 47 16320 14955 668 1365 141 646 1910 137 1773 14287 287 105 14000 13359 310 1710 83 73 641 241 1292 501 472 791 10959 4855 1076 918 158 3779 1328 54 2451 63 46 6104 287 770 5817 1823 3994 336 261
internal_count=30585 14265 3306 1396 1208 188 1103 47 16320 14955 668 1365 141 646 1910 137 1773 14287 287 105 14000 13359 310 1710 83 73 641 241 1292 501 472 791 10959 4855 1076 918 158 3779 1328 54 2451 63 46 6104 287 770 5817 1823 3994 336 261
is_linear=0
shrinkage=0.05


Tree=101
num_leaves=38
num_cat=0
split_feature=10 4 17 15 9 26 1 15 26 15 2 13 26 23 3 10 9 26 1 13 5 3 12 12 3 3 5 0 9 4 26 26 1 9 9 12 23
split_gain=793651 673068 691294 716258 581144 574059 995058 569606 684162 1.01161e+06 865765 812738 677738 1.07916e+06 578163 457528 738600 451102 609489 584316 430279 566539 411179 738313 379239 600410 329091 425858 323778 286094 257799 250037 239604 394334 226518 204613 125825
threshold=2739.3066488678764 0.95345179898211219 0.81174490092936691 -0.12940952255126034 2762.2196417614418 14.827350000000001 0.034968591246364797 -0.9159756150367534 13.367850000000002 0.98296291314453432 0.52730227949592912 32028.395 17.941550000000003 5.8630007000000015 1.100889998640959 1808.0779705241741 2111.7118711774119 18.216350000000002 0.047425524799994428 43707.545000000006 -1504.4999999999998 1.9467176928395675 29500.500000000004 30424.500000000004 2.3427335009017347 2.2416948270893884 300.02500000000038 0.3434388480179375 2626.1050338120644 1.0797572184745758 18.696500000000004 17.914900000000003 0.07141723274075211 887.63544884768805 875.66521923972277 44943.500000000007 4.464591050000001
decision_type=2 2 2 2 2 2 2 2 2 2 2 2 2 2 2 2 2 2 2 2 2 2 2 2 2 2 2 2 2 2 2 2 2 2 2 2 2
left_child=1 2 4 5 20 36 -7 12 32 10 -10 -11 26 30 -15 31 -17 18 -2 22 21 -1 -19 -24 25 -6 35 -28 -22 -25 -14 -5 34 -34 -9 -3 -4
right_child=17 7 3 15 24 6 -8 8 9 11 -12 -13 13 14 -16 16 -18 19 -20 -21 28 -23 23 29 -26 -27 27 -29 -30 -31 -32 -33 33 -35 -36 -37 -38
leaf_value=-6.4507360034202463 10.955866872725949 -0.48231086275588209 2.0982944041966389 -0.76442583279792697 -3.3852960461616521 -2.8308047580718996 5.1638218719381648 0.054026372155971114 -0.36982856160883076 7.4142363342046735 0.7038917929842835 1.8272409371835512 5.198365625234751 -1.3293610368071826 -4.6622325649243619 10.156959339777629 -2.4368679635421095 8.6896343944186256 0.92478890941989045 -6.3292210846361918 -0.58205021183065775 1.9599941983716243 -7.6320848928179066 1.2519047183845204 -0.28550432205200199 -13.59886738833927 0.43345092626119208 6.7836949919713163 5.2385864573717127 4.6369789582122989 0.51842773533258291 -4.3097321691513057 -0.21316490601437532 -1.8948310725030149 1.3973347219028271 1.0024225924526893 0.26752998990323434
leaf_weight=66 30 1690 118 529 49 48 193 5453 2649 79 6440 356 38 256 266 23 22 20 30 22 5773 28 20 278 38 20 87 37 23 80 121 54 4224 379 332 268 446
leaf_count=66 30 1690 118 529 49 48 193 5453 2649 79 6440 356 38 256 266 23 22 20 30 22 5773 28 20 278 38 20 87 37 23 80 121 54 4224 379 332 268 446
internal_value=0.00128703 -0.0309059 -0.443882 0.54246 -0.679623 1.52898 3.56639 0.104429 0.197786 0.503852 0.390948 2.85658 -0.568189 -1.93618 -3.0334 -0.722523 4.08074 2.01627 6.03779 1.42877 -0.612865 -3.9511 1.87241 1.48972 -4.31468 -6.4978 -0.120018 2.36743 -0.558052 2.01917 1.66243 -1.09963 -0.0828453 -0.352012 0.131348 -0.278678 0.653607
internal_weight=30585 30105 7430 1433 5997 805 241 22675 19912 9524 9089 435 2763 681 522 628 45 480 60 420 5890 94 398 378 107 69 2082 124 5796 358 159 583 10388 4603 5785 1958 564
internal_count=30585 30105 7430 1433 5997 805 241 22675 19912 9524 9089 435 2763 681 522 628 45 480 60 420 5890 94 398 378 107 69 2082 124 5796 358 159 583 10388 4603 5785 1958 564
is_linear=0
shrinkage=0.05


Tree=102
num_leaves=53
num_cat=0
split_feature=5 7 26 26 14 15 5 9 6 0 11 14 11 21 9 23 17 11 6 12 9 5 15 10 12 19 7 19 6 12 9 3 15 5 14 15 23 6 11 5 9 10 11 11 7 26 11 9 6 7 8 7
split_gain=745627 916273 1.19889e+06 1.43334e+06 831025 791091 741624 1.02304e+06 726684 1.25548e+06 1.23476e+06 632563 1.03672e+06 706511 1.53973e+06 1.4943e+06 656727 1.08437e+06 1.64362e+06 620317 857625 601485 561298 529149 523920 512330 500822 493467 488222 446507 430226 413520 380984 367763 436120 314078 330339 295260 254286 241812 602581 579408 238206 225061 177446 351335 234557 225982 216099 204313 99841.6 59058.9
threshold=59.995000000000012 816.11141565159744 18.583150000000003 18.596550000000004 0.60355339059327384 0.96592582628906831 269.00500000000005 2273.1114059773076 36595.937500000007 0.31877558948564094 273.88431499429504 -0.70710678118654735 311.58822615612172 1.0000000180025095e-35 1543.9451096952896 11.054572500000001 0.81174490092936691 412.5423184596591 25651.764166666671 31934.000000000004 1497.2305521121959 -1227.9999999999998 1.0000000180025095e-35 2739.3066488678764 36253.500000000007 1.0000000180025095e-35 199.84189524513434 -0.5 43581.45416666667 32574.500000000004 2895.5032941072968 2.2357967022157044 -0.5 417.00500000000005 0.12940952255126043 0.60355339059327384 6.3611460000000006 27176.583333333336 73.03432169948897 485.01000000000005 1506.3969027476808 2324.5456906905015 472.37178621456525 384.94467117176657 346.23398046182007 14.773400000000001 232.95339352564329 1192.5265522846357 38735.489166666674 221.78921163140225 992.63087228520772 926.39038297204081
decision_type=2 2 2 2 2 2 2 2 2 2 2 2 2 2 2 2 2 2 2 2 2 2 2 2 2 2 2 2 2 2 2 2 2 2 2 2 2 2 2 2 2 2 2 2 2 2 2 2 2 2 2 2
left_child=11 5 24 6 51 8 -4 -8 9 10 -2 12 44 16 35 32 21 22 -19 20 50 27 -18 -11 37 33 -21 -13 30 -28 -10 -23 -16 42 -35 38 -37 -3 -15 40 -27 -41 -7 -30 46 -46 49 -48 -47 -1 -14 -5
right_child=1 2 3 4 -6 25 7 -9 28 23 -12 13 19 14 15 -17 17 18 -20 26 -22 31 -24 -25 -26 39 29 -29 43 -31 -32 -33 -34 34 -36 36 -38 -39 -40 41 -42 -43 -44 -45 45 48 47 -49 -50 -51 -52 -53
leaf_value=0.013187293885060888 -0.49365390699963235 8.0046897524374501 -9.2546035998527483 1.5383801374612032 15.287749295915877 2.1287641266655721 -5.7097745339870452 5.2236812740823497 1.0895172256212593 -0.083963565739265195 -9.4326464595257402 2.1005904063913561 5.0708482833530599 0.35164463690637304 -7.7251013889312752 -15.537545105351342 0.91383137092370981 -3.3544394540150964 5.0577172387838374 9.0295259252048687 14.149959842847743 -0.35880662242685146 -0.71959642135919943 3.6127405826009884 2.3959703237360177 1.6720980745392877 -5.6705193776669711 -4.4489527356384588 1.5067499983581629 1.3856088258608827 -1.8765663679892368 1.3422019840699777 -0.6355502725997062 12.32410493373871 3.5690731469178818 -2.7707213502234604 2.0510216673228836 16.635934771583191 -2.237622821089809 -0.22509483552560577 -3.8292973961194359 9.8715598006681962 7.74546299412137 8.1761633177364583 -6.9879259080153249 0.51717749040573835 3.1205297433148633 0.48360092882213057 -4.7032862861633307 -1.7910089114559757 0.72445690906409066 5.1470448600162166
leaf_weight=4204 85 26 27 26 20 210 39 45 1671 4361 70 35 22 131 29 35 1077 74 259 20 22 13554 1026 98 21 147 22 148 21 937 131 366 52 23 38 46 145 20 340 40 74 21 20 33 25 95 110 305 24 162 32 21
leaf_count=4204 85 26 27 26 20 210 39 45 1671 4361 70 35 22 131 29 35 1077 74 259 20 22 13554 1026 98 21 147 22 148 21 937 131 366 52 23 38 46 145 20 340 40 74 21 20 33 25 95 110 305 24 162 32 21
internal_value=0.00125396 0.442609 3.44226 1.27703 6.99741 0.337787 -2.20742 0.139922 0.179932 -0.156179 -4.56524 -0.136828 0.306498 -0.289929 -1.76147 -7.04956 -0.220604 0.537342 3.18389 1.72812 6.05189 -0.351553 0.116958 -0.00192438 9.09121 2.11678 1.38663 -3.19167 1.01514 1.21799 0.872968 -0.313988 -3.2371 3.58497 7.01576 -0.825614 0.881356 12.0316 -1.51824 0.594394 -0.178927 3.35388 2.64861 5.65715 0.00167674 -1.72151 0.053928 1.18838 -0.566068 -0.0541509 2.5553 3.22451
internal_weight=30585 7288 245 178 67 7043 111 84 6470 4614 155 23297 5980 17317 778 116 16539 2436 333 1055 76 14103 2103 4459 67 573 979 183 1856 959 1802 13920 81 291 61 662 191 46 471 282 221 61 230 54 4925 144 4781 415 119 4366 54 47
internal_count=30585 7288 245 178 67 7043 111 84 6470 4614 155 23297 5980 17317 778 116 16539 2436 333 1055 76 14103 2103 4459 67 573 979 183 1856 959 1802 13920 81 291 61 662 191 46 471 282 221 61 230 54 4925 144 4781 415 119 4366 54 47
is_linear=0
shrinkage=0.05


Tree=103
num_leaves=42
num_cat=0
split_feature=1 7 9 2 15 15 1 4 15 5 5 3 7 7 15 12 5 24 7 26 13 9 7 10 26 26 4 7 7 5 6 1 12 24 19 2 19 15 9 19 10
split_gain=721517 895322 783673 691738 594888 1.26567e+06 1.36487e+06 671062 591761 1.16115e+06 651361 720881 599359 570895 565626 520300 495766 587625 546115 477819 568000 476065 450295 423930 414273 413938 325891 296188 724469 597249 179627 134636 216517 122651 240046 486623 109191 171539 120551 76067.6 18862.4
threshold=0.068051304740325322 120.80440329893672 3199.5985812441477 0.55283953581040868 0.96592582628906831 0.9159756150367534 0.20179298745144222 1.2613236586545484 -0.5 188.04500000000016 350.00000000000017 2.2824269971427964 435.66904081343336 157.99300375878249 -0.78656609248549325 42201.500000000007 -1504.4999999999998 10.028271750000002 5.3583119206558498 8.5611500000000014 30157.975000000002 2921.6531414937131 777.36461542940708 2228.4778661858099 18.810450000000003 18.619650000000004 1.1365562247010499 595.16997336795305 544.92069095004797 -499.99999999999983 20008.381666666672 0.088007345739668272 37432.500000000007 3.5225491500000001 -0.24999999999999994 0.71241336337890915 -0.24999999999999994 0.37940952255126043 294.11983948178869 0.25000000000000017 691.3628806281389
decision_type=2 2 2 2 2 2 2 2 2 2 2 2 2 2 2 2 2 2 2 2 2 2 2 2 2 2 2 2 2 2 2 2 2 2 2 2 2 2 2 2 2
left_child=1 30 4 8 5 16 13 27 9 24 11 -10 -11 -7 15 22 17 -2 -18 39 -21 -17 -5 -4 -3 -9 -12 28 -6 -29 -1 -25 -33 34 40 -36 37 -35 -38 -16 -32
right_child=2 3 23 14 7 6 -8 25 10 12 26 -13 -14 -15 19 21 18 -19 -20 20 -22 -23 -24 31 -26 -27 -28 29 -30 -31 33 32 -34 36 35 -37 38 -39 -40 -41 -42
leaf_value=-3.8078903038754612 -0.21945759269926285 1.0831059611443035 10.045689891468395 -0.72700097402391584 0.44600027756839611 -0.61236753326362603 -14.449168214383333 9.1204365661337565 -0.15471805602836045 -4.2552705253929384 6.5898936872482299 6.4640756529285799 -13.732812123298643 -3.5872979770354045 0.17137289430868177 1.9645336864059204 1.9438768899404169 -7.9932544680701358 -0.26737454563741675 5.9829944886525475 1.5620186524850217 -3.9369122587667933 4.9825318500730731 4.8196398006876313 -3.3436241435368856 1.5887947790246262 1.7710332576915722 -3.1735611770629886 -8.7116758043657665 6.0821539979061834 0.39597803876839682 4.0074003436043864 -1.6142222145441416 -0.2621281086700068 0.55986626372617831 9.360109869086223 -1.9372257243549182 0.54393452242199558 -0.27413294154881329 -1.4772417589389919 -0.46869847394441344
leaf_weight=32 53 178 21 851 1180 336 22 36 2004 60 39 41 23 310 238 458 284 44 13792 74 2481 36 35 35 74 37 301 24 21 58 222 31 36 1510 50 22 111 1171 4069 98 87
leaf_count=32 53 178 21 851 1180 336 22 36 2004 60 39 41 23 310 238 458 284 44 13792 74 2481 36 35 35 74 37 301 24 21 58 222 31 36 1510 50 22 111 1171 4069 98 87
internal_value=0.00129661 0.261042 -0.225743 0.665055 -0.256043 -0.347649 -2.47288 0.746067 0.0417749 -1.9228 0.318413 -0.0189216 -7.01386 -2.04331 1.06189 0.228832 -0.247315 -3.79135 -0.222625 1.45933 1.69236 1.52737 -0.496086 3.7341 -0.224865 5.37615 2.3415 0.478639 0.278756 3.36751 -0.127291 2.34969 1.00744 -0.110503 0.761514 3.34028 -0.159032 0.0900114 -0.31875 -0.312415 0.151783
internal_weight=30585 14265 16320 6991 16197 14841 668 1356 2720 335 2385 2045 83 646 4271 1380 14173 97 14076 2891 2555 494 886 123 252 73 340 1283 1201 82 7274 102 67 7242 381 72 6861 2681 4180 336 309
internal_count=30585 14265 16320 6991 16197 14841 668 1356 2720 335 2385 2045 83 646 4271 1380 14173 97 14076 2891 2555 494 886 123 252 73 340 1283 1201 82 7274 102 67 7242 381 72 6861 2681 4180 336 309
is_linear=0
shrinkage=0.05


Tree=104
num_leaves=52
num_cat=0
split_feature=5 7 1 15 16 16 12 0 14 11 8 0 14 11 21 9 23 9 11 17 11 12 14 23 15 13 7 5 15 23 9 4 1 0 11 1 23 14 0 1 4 0 15 8 7 18 1 11 18 7 19
split_gain=660338 813259 926722 642512 2.5531e+06 1.26692e+06 891850 861049 602999 587036 584650 793105 550529 905965 630537 1.4011e+06 1.09923e+06 593099 835038 584394 967500 1.11919e+06 520152 535705 947528 599872 509615 507622 498496 480396 443472 427244 423606 401402 393072 392942 387514 384938 328860 296940 223788 304779 216488 167278 165416 282991 263310 200727 286722 189607 153371
threshold=59.995000000000012 816.11141565159744 0.16623843604882318 -0.12940952255126034 -0.60785761079279388 -0.60785761079279388 39848.500000000007 0.4805678920291892 0.25881904510252091 230.36590789833886 1997.8783519999365 0.42001444417778327 -0.70710678118654735 311.58822615612172 1.0000000180025095e-35 1928.6294953818244 11.054572500000001 2567.8214038401825 739.19286622200468 0.81174490092936691 412.5423184596591 29341.500000000004 0.91597561503675362 7.6432585000000008 0.60355339059327384 35241.895000000011 239.88761233091273 -1227.9999999999998 1.0000000180025095e-35 7.4403535000000014 1497.2305521121959 1.7503628991891083 0.08601658294058849 0.29175735856306567 866.73822657055348 0.20179298745144222 6.4526388000000017 0.25881904510252091 0.45796544544160572 0.068650442830567884 1.1205502485537067 0.40574566311753929 1.0000000180025095e-35 2567.8214038401825 346.23398046182007 -0.5 0.068650442830567884 232.95339352564329 0.93301270189221952 221.78921163140225 -0.24999999999999994
decision_type=2 2 2 2 2 2 2 2 2 2 2 2 2 2 2 2 2 2 2 2 2 2 2 2 2 2 2 2 2 2 2 2 2 2 2 2 2 2 2 2 2 2 2 2 2 2 2 2 2 2 2
left_child=12 2 3 4 7 6 -5 -2 -6 40 11 -11 13 44 19 26 -17 18 33 27 28 -22 23 25 37 36 42 30 -21 39 -14 -7 -29 -15 -31 -12 -3 -25 -28 -19 41 -4 -16 -27 47 -46 -47 49 -49 -1 -42
right_child=1 22 9 5 8 31 -8 -9 -10 10 35 -13 14 17 15 16 -18 29 -20 20 21 -23 -24 24 -26 43 38 32 -30 34 -32 -33 -34 -35 -36 -37 -38 -39 -40 -41 50 -43 -44 -45 45 46 -48 48 -50 -51 -52
leaf_value=0.015262300597816209 -1.1726760914084011 0.17785345274209977 -0.33067775150140127 2.2297115808343548 0.21800890699528053 0.18837797279428636 11.294916279656547 -4.4569479953653302 1.911441126048121 -6.9991287081440294 2.0866169862270354 -1.8439981598970367 -7.0746064730236924 8.2374338126182547 -1.2222160632885062 -3.7870797110892633 -18.32535800116403 -0.077197625344785747 11.311429176330567 0.86283076094898681 -1.9644468375654782 4.687692545061112 8.806735600895351 -0.11032917924360797 13.613370004594325 1.2452545611063641 -6.3253186410048912 -0.072850688618827777 -0.67650778271127299 0.99348369465823527 -1.4681329974379853 3.2775656323917843 -0.63742555382340216 1.9660091603139884 7.0342576065063476 -3.7261900761069322 -7.4495642882379984 7.7338697052001963 -1.9013760317496535 -4.1095157967201654 -3.4693883222684749 7.5568402462739215 0.84021748979366118 7.3416910055409303 -7.0335125432695662 -2.9576363020401737 1.6179601641170316 1.4214736046282095 -4.2126760729153956 -1.7227883584367718 0.72163868756670713
leaf_weight=4204 634 39 23 960 1253 2178 27 291 905 107 99 245 47 26 255 36 20 122 26 1077 84 249 35 54 23 23 57 8442 1026 269 136 117 5478 511 29 40 28 21 158 72 26 25 252 22 20 64 60 392 23 162 113
leaf_count=4204 634 39 23 960 1253 2178 27 291 905 107 99 245 47 26 255 36 20 122 26 1077 84 249 35 54 23 23 57 8442 1026 269 136 117 5478 511 29 40 28 21 158 72 26 25 252 22 20 64 60 392 23 162 113
internal_value=0.0012391 0.416585 0.317832 0.505078 -0.0132699 0.991853 2.48888 -2.20959 0.928742 -1.43816 -2.34481 -3.42644 -0.128706 0.284876 -0.271534 -1.66171 -9.20982 1.61383 2.72061 -0.206044 0.508945 3.0088 3.24259 2.27787 4.95755 -0.08994 -1.06432 -0.329571 0.11186 0.344368 -2.9387 0.347227 -0.295061 2.28441 1.60292 0.399164 -3.07233 2.15884 -3.09811 -1.58715 0.94218 3.84769 -0.197455 4.32065 -7.23062e-05 -1.66382 -0.748366 0.050375 1.09983 -0.0496065 -0.0814405
internal_weight=30585 7288 7043 6365 3083 3282 987 925 2158 678 491 352 23297 5980 17317 778 56 1055 563 16539 2436 333 245 210 98 112 722 14103 2103 492 183 2295 13920 537 298 139 67 75 215 194 187 48 507 45 4925 144 124 4781 415 4366 139
internal_count=30585 7288 7043 6365 3083 3282 987 925 2158 678 491 352 23297 5980 17317 778 56 1055 563 16539 2436 333 245 210 98 112 722 14103 2103 492 183 2295 13920 537 298 139 67 75 215 194 187 48 507 45 4925 144 124 4781 415 4366 139
is_linear=0
shrinkage=0.05


Tree=105
num_leaves=42
num_cat=0
split_feature=10 15 14 8 17 7 1 15 22 9 22 6 15 7 3 19 24 8 4 1 12 7 4 22 12 10 10 1 26 8 8 6 24 1 4 7 24 10 15 9 7
split_gain=634784 564437 718600 771614 653782 635572 973522 1.5881e+06 1.12012e+06 635420 613341 561987 655242 1.11089e+06 536456 530084 760374 437659 577762 491707 490156 433985 449820 430024 399475 716028 409427 396999 426729 348909 559688 396542 389071 329673 258564 236865 166318 138912 130594 101144 94444.6
threshold=2739.3066488678764 -0.9159756150367534 0.25881904510252091 1845.9241844862479 -0.56174490092936669 478.88074020182006 0.18946953262365177 -0.12940952255126034 5.5000000000000009 2803.4179486041867 3.5000000000000004 35093.708333333343 -0.5 456.98066971196971 2.3427335009017347 -0.9330127018922193 4.6775312500000004 2700.8174739057463 1.0322299932651813 0.032970904195650928 31864.500000000004 116.82688295623831 1.0672161339547361 3.5000000000000004 38558.500000000007 2174.1479042678975 2098.749426794398 0.1969881678844059 18.810450000000003 2863.635411009132 2970.0870861186709 34589.018333333341 2.9617447500000007 0.11031881853119817 1.0992531453801524 355.91680734720831 6.681157100000001 2324.5456906905015 0.37940952255126043 2567.8214038401825 30.808705924965142
decision_type=2 2 2 2 2 2 2 2 2 2 2 2 2 2 2 2 2 2 2 2 2 2 2 2 2 2 2 2 2 2 2 2 2 2 2 2 2 2 2 2 2
left_child=1 2 3 27 23 11 15 8 -8 24 -9 12 13 -3 -14 -7 -17 18 20 -20 -2 40 -23 -5 26 -26 -4 28 -1 31 36 -19 -32 -6 -21 -34 -31 -11 -22 -36 -13
right_child=17 5 9 4 33 6 7 10 -10 37 -12 21 14 -15 -16 16 -18 29 19 34 38 22 -24 -25 25 -27 -28 -29 -30 30 32 -33 35 -35 39 -37 -38 -39 -40 -41 -42
leaf_value=-0.44859853890179657 -4.3430346682577428 -0.8477813155994266 -0.20732379844665647 -3.6766020643711097 -0.73662866138774941 7.3781981902803695 6.8663625570553455 -2.3415184508629561 -4.0871155797110665 -8.0860718952525747 -8.4170236679230417 -0.60075245463475324 -0.0851538018376648 -11.242941846113938 3.4688782231523612 -4.0688036285407509 1.3583235541808558 -7.8639631557464602 10.882308489118303 6.593252387902675 0.6344975826853797 0.34793369252064094 1.4849139871087267 -10.921186540197759 0.9022074302482006 6.9384581785381974 -7.3501439921061209 -5.9371786238696123 -2.5206124327308252 9.2271693456172947 -6.2590482402983172 1.6015327928179788 5.6711419331509134 -6.4095323181152342 -1.5118898747184062 0.24698111975576978 2.9287622893940322 -2.7078563327174034 6.0907108519554143 3.34655258178711 0.0437013543378936
leaf_weight=1946 32 2301 451 43 130 34 66 105 35 21 69 710 13812 25 106 66 1791 23 34 38 20 3187 1196 41 681 52 20 36 284 23 20 20 22 31 21 162 21 30 24 20 2836
leaf_count=1946 32 2301 451 43 130 34 66 105 35 21 69 710 13812 25 106 66 1791 23 34 38 20 3187 1196 41 681 52 20 36 284 23 20 20 22 31 21 162 21 30 24 20 2836
internal_value=0.00120045 -0.0275907 -0.600062 -1.0882 -3.74829 0.0542818 0.874596 -1.90032 3.0677 0.376694 -4.78513 -0.0192547 -0.187687 -0.964295 -0.0578385 1.27893 1.16335 1.80326 3.67008 5.92139 0.289248 0.325789 0.658453 -7.29959 0.609938 1.3393 -0.525569 -0.799066 -0.713492 0.58235 1.30582 -3.52495 0.191484 -1.86178 3.67691 0.922698 6.35311 -5.03543 3.67994 0.881215 -0.0854664
internal_weight=30585 30105 3766 2511 245 26339 2166 275 101 1255 174 24173 16244 2326 13918 1891 1857 480 189 113 76 7929 4383 84 1204 733 471 2266 2230 291 248 43 204 161 79 184 44 51 44 41 3546
internal_count=30585 30105 3766 2511 245 26339 2166 275 101 1255 174 24173 16244 2326 13918 1891 1857 480 189 113 76 7929 4383 84 1204 733 471 2266 2230 291 248 43 204 161 79 184 44 51 44 41 3546
is_linear=0
shrinkage=0.05


Tree=106
num_leaves=37
num_cat=0
split_feature=15 15 1 9 11 19 1 23 9 12 14 7 23 15 11 16 9 14 11 8 12 5 1 7 1 7 0 23 10 8 11 7 1 6 12 6
split_gain=602531 792370 1.42052e+06 951419 737003 1.33654e+06 779563 1.75606e+06 1.11363e+06 595596 1.02039e+06 2.25912e+06 1.61296e+06 1.23941e+06 1.21386e+06 1.21159e+06 768557 654351 1.10863e+06 920648 609685 549781 533906 532862 550916 488678 454292 390300 328363 519698 305427 237011 233084 215795 232789 200876
threshold=0.96592582628906831 0.9159756150367534 0.20179298745144222 2396.8939039273037 472.37178621456525 -0.5 0.11421608886533151 7.8633765000000002 2084.4454757204603 33105.500000000007 0.25881904510252091 926.39038297204081 9.1535640000000011 -0.37940952255126009 192.31524920848992 -1.0000000180025095e-35 2895.5032941072968 -0.5 614.20424327994806 1523.002253024885 30991.000000000004 400.00000000000017 0.16412451633533634 687.70773411900234 0.07141723274075211 478.88074020182006 0.53149732641519176 5.3212885000000005 2548.6437464042765 2396.8939039273037 441.98575352340697 560.69823162522187 0.11902083097981232 32298.497500000005 32138.500000000004 29122.735000000004
decision_type=2 2 2 2 2 2 2 2 2 2 2 2 2 2 2 2 2 2 2 2 2 2 2 2 2 2 2 2 2 2 2 2 2 2 2 2
left_child=1 9 3 23 21 32 31 8 -8 16 13 12 -12 15 -15 -11 17 19 -19 -1 -18 28 -13 24 -3 -5 27 -23 29 30 -2 -7 -6 34 -30 -33
right_child=4 2 -4 25 5 6 7 -9 -10 10 11 22 -14 14 -16 -17 20 18 -20 -21 -22 26 -24 -25 -26 -27 -28 -29 33 -31 -32 35 -34 -35 -36 -37
leaf_value=0.45172599525025325 0.34277508093804265 0.087736779687646121 -13.598945375940074 -2.7609477398612285 7.3129977929592132 8.0869693793477246 0.83442291148873271 11.137343854037198 -10.880575257264651 -1.6096828357644395 1.5183953552122125 6.2127387146722706 -0.28831918866513517 -0.15776612683280919 1.2115959820683313 -0.061006171781890023 -12.728377226049249 -0.31179802268903756 -2.9244609500091769 6.1814037528991701 -1.6240839483737948 2.5760604130029683 18.110732538132439 5.9021694157041358 -2.0710578324022229 -13.590958236347545 -1.5378494852560538 9.9407463300568715 5.0445204678514886 -6.8319016702358546 -5.4507291677723764 5.2025708208233121 15.258354655674527 6.9807278409497506 -2.3256642306934707 -1.1367640243257795
leaf_weight=1079 2104 609 22 21 23 36 42 21 38 2031 2638 20 2322 4217 2625 3337 21 7921 427 74 29 39 20 28 573 21 26 34 20 25 22 31 20 28 21 20
leaf_count=1079 2104 609 22 21 23 36 42 21 38 2031 2638 20 2322 4217 2625 3337 21 7921 427 74 29 39 20 28 573 21 26 34 20 25 22 31 20 28 21 20
internal_value=0.00110008 -0.0658402 -1.28363 -1.05654 0.736789 3.42388 1.5788 -1.40618 -4.79577 -0.00781943 0.167901 0.769462 0.672702 -0.0784805 0.367703 -0.647145 -0.324436 -0.291545 -0.445771 0.824501 -6.44611 0.46776 12.4585 -0.796115 -0.959647 -8.36621 4.09447 6.09424 0.304256 0.194487 0.280287 5.02077 11.2714 3.67445 1.30394 2.74241
internal_weight=30585 28035 1274 1252 2550 231 188 101 80 26761 17210 5000 4960 12210 6842 5368 9551 9501 8348 1153 50 2319 40 1210 1182 42 99 73 2220 2151 2126 87 43 69 41 51
internal_count=30585 28035 1274 1252 2550 231 188 101 80 26761 17210 5000 4960 12210 6842 5368 9551 9501 8348 1153 50 2319 40 1210 1182 42 99 73 2220 2151 2126 87 43 69 41 51
is_linear=0
shrinkage=0.05


Tree=107
num_leaves=39
num_cat=0
split_feature=1 11 9 9 15 15 1 4 8 11 4 0 15 24 24 14 3 10 12 15 24 17 11 10 11 8 3 10 11 1 4 8 9 4 11 0 3 1
split_gain=584647 844660 655049 634501 493471 1.01995e+06 1.09492e+06 546498 541368 479157 978873 488839 530180 457336 439847 685736 700279 435455 420078 401523 366263 365969 359473 318477 300524 281971 256070 408814 236015 147172 132295 123638 208174 207005 95975.1 197716 37283.1 25323.3
threshold=0.068051304740325322 255.08112789510906 591.92233727248401 3199.5985812441477 0.96592582628906831 0.9159756150367534 0.20179298745144222 1.2613236586545484 992.63087228520772 777.22274205627548 1.0345273511806961 0.3253871199329888 -0.5 14.488881000000001 12.187840500000002 0.25881904510252091 0.96812737432763707 1155.2647847686987 46979.000000000007 0.1294095225512602 9.3891770000000019 1.0000000180025095e-35 342.34426700996619 2715.5195010526172 866.73822657055348 1135.0050216201496 1.6801335669556734 1780.3254619662914 631.09926442692938 0.044987606965191218 1.2405480896575209 1562.9693154448792 1426.8210489660182 1.0000010416688372 69.163290355828067 0.30811893661925732 0.38556042936076335 0.10038766748185719
decision_type=2 2 2 2 2 2 2 2 2 2 2 2 2 2 2 2 2 2 2 2 2 2 2 2 2 2 2 2 2 2 2 2 2 2 2 2 2 2
left_child=1 26 14 4 5 13 8 24 -7 11 -11 23 -13 18 15 17 -17 -3 -2 -15 21 -5 -9 -4 25 -6 30 -28 -22 -29 31 32 -1 -33 36 -36 -32 -23
right_child=3 2 9 20 7 6 -8 22 -10 10 -12 12 -14 19 -16 16 -18 -19 -20 -21 28 37 -24 -25 -26 -27 27 29 -30 -31 34 33 -34 -35 35 -37 -38 -39
leaf_value=0.0084438846289038982 -0.3909460821424886 -2.5531068553569471 2.2149657081695926 -2.2309760884138257 -0.037520138393882713 -0.74993549239491841 -12.948560881407364 1.5158203082084658 -3.7653326105713334 12.871690820547251 0.33778806257247923 -0.21780151141912954 1.2759763489112361 1.0782106014915003 2.7186369984149934 -2.6710521811246877 -12.62877472170468 5.511577552373593 1.600405608798305 -0.27182962679274886 3.4466315010877757 3.0223953233446395 8.5439760499681743 6.6871952413519224 -4.9886211345672606 1.5032914114172624 -7.6402742909959374 1.646946112607655 10.849972160430182 -3.0837347546939196 0.60594939038157469 -0.76582866675203509 -1.3559384761060613 1.9346817842526223 4.4303888546228407 0.77005850798798947 -0.81688061775305343 5.8420089322044744
leaf_weight=9553 11696 46 248 38 781 414 22 39 232 25 39 864 1898 1159 39 47 28 25 270 1048 25 20 34 47 24 478 27 37 20 28 75 109 287 200 39 488 116 20
leaf_count=9553 11696 46 248 38 781 414 22 39 232 25 39 864 1898 1159 39 47 28 25 270 1048 25 20 34 47 24 478 27 37 20 28 75 109 287 200 39 488 116 20
internal_value=0.00109821 0.234912 0.935284 -0.203276 -0.23054 -0.313973 -2.22178 0.682161 -1.83702 1.10679 5.35662 1.01609 0.808786 -0.223903 -1.94836 -3.20507 -6.50592 0.323611 -0.345883 0.437305 3.35981 1.25499 4.8605 2.94769 0.440818 0.548199 0.0235649 -2.58895 6.90145 -0.406657 0.0459191 -0.000512564 -0.0314838 0.982661 0.70133 1.04882 -0.257906 4.54043
internal_weight=30585 14265 3306 16320 16197 14841 668 1356 646 3121 64 3057 2762 14173 185 146 75 71 11966 2207 123 78 73 295 1283 1259 10959 92 45 65 10867 10149 9840 309 718 527 191 40
internal_count=30585 14265 3306 16320 16197 14841 668 1356 646 3121 64 3057 2762 14173 185 146 75 71 11966 2207 123 78 73 295 1283 1259 10959 92 45 65 10867 10149 9840 309 718 527 191 40
is_linear=0
shrinkage=0.05


Tree=108
num_leaves=40
num_cat=0
split_feature=5 7 1 14 10 10 23 13 10 6 6 9 7 6 15 16 16 14 7 21 9 1 17 15 14 7 7 3 23 8 10 15 1 16 13 14 7 9 24
split_gain=544000 781098 716391 576713 646290 943916 672046 642815 501191 852579 605011 585685 571127 472865 509807 2.07511e+06 1.24441e+06 424221 1.09032e+06 683262 1.52753e+06 867893 570096 667369 713669 554478 528893 444597 1.62158e+06 586132 441205 296978 684456 684001 288171 244668 202922 170100 148302
threshold=50.000000000000014 816.11141565159744 0.16623843604882318 0.91597561503675362 1307.4506428975419 1745.6262864055486 7.6432585000000008 33237.680000000008 2257.4581861031606 30049.740833333337 27735.360000000004 2084.4454757204603 235.16222203005535 43581.45416666667 -0.12940952255126034 -0.60785761079279388 -0.60785761079279388 -0.5 995.43244380087151 1.0000000180025095e-35 1928.6294953818244 0.13815152223009083 0.81174490092936691 1.0000000180025095e-35 0.25881904510252091 867.10914946797095 239.88761233091273 2.2357967022157044 5.5813688000000008 2131.9594740145162 1780.3254619662914 -0.37940952255126009 0.19305214367951343 -0.8783796973249266 26877.145000000004 0.37940952255126054 221.78921163140225 2626.1050338120644 2.7356209500000004
decision_type=2 2 2 2 2 2 2 2 2 2 2 2 2 2 2 2 2 2 2 2 2 2 2 2 2 2 2 2 2 2 2 2 2 2 2 2 2 2 2
left_child=17 2 13 4 -3 7 -7 -6 9 11 -10 -4 -11 14 15 -2 -16 18 25 22 26 -22 27 24 -24 31 36 29 -29 -19 -27 33 -33 -1 -25 -28 -21 -12 -15
right_child=1 3 8 -5 5 6 -8 -9 10 12 37 -13 -14 38 16 -17 -18 19 -20 20 21 -23 23 34 -26 30 35 28 -30 -31 -32 32 -34 -35 -36 -37 -38 -39 -40
leaf_value=-2.6822252535547091 -1.9945373651542724 9.3305104404025609 -0.01573109588916833 8.8897096922590926 -0.21436375808715821 0.62432005371766941 8.0491465308020516 -11.347142461140951 -3.3823670623779303 -0.93426954583021316 9.5320327008854253 -6.3469171612262727 -6.9115350606375276 8.2955767731439511 2.2528758166881846 0.76467304343049347 0.1977354311812218 -0.31079040149589754 -10.460627082039913 -0.46780908279562311 -16.113914829322269 -2.341116136369251 -0.30514607586391812 -2.2452878556695093 2.3188494533206758 11.068716681344169 -1.4220529677602982 4.6522634208926847 -2.4057548134240347 -2.0531300975476943 0.77906121644106774 0.29809849629452473 5.3813738263542978 0.031055850386266889 -0.00070987220278757911 -5.0233854166049401 4.3551525601096781 3.0257111509279775 2.9212606942347996
leaf_weight=272 974 26 421 36 34 84 47 20 24 64 21 39 107 20 1042 2262 2508 11444 23 421 27 20 402 171 727 20 89 180 147 503 21 5735 66 1557 848 102 22 21 38
leaf_count=272 974 26 421 36 34 84 47 20 24 64 21 39 107 20 1042 2262 2508 11444 23 421 27 20 402 171 727 20 89 180 147 503 21 5735 66 1557 848 102 22 21 38
internal_value=0.00107815 0.36183 0.27099 3.12291 2.10169 1.04101 3.32902 -4.46905 -1.255 -1.6894 2.86136 -0.56512 -4.6929 0.42656 0.387749 -0.0661767 0.801429 -0.122174 0.180003 -0.276115 -1.82259 -10.4241 -0.202969 0.548321 1.38508 0.213266 -1.16952 -0.334482 1.48172 -0.384314 5.94256 0.181705 0.356851 -0.373693 -0.379213 -3.36145 -0.219013 6.42501 4.88375
internal_weight=30585 7788 7541 247 211 185 131 54 697 631 66 460 171 6844 6786 3236 3550 22797 7694 15103 681 47 14422 2148 1129 7671 634 12274 327 11947 41 7630 5801 1829 1019 191 443 42 58
internal_count=30585 7788 7541 247 211 185 131 54 697 631 66 460 171 6844 6786 3236 3550 22797 7694 15103 681 47 14422 2148 1129 7671 634 12274 327 11947 41 7630 5801 1829 1019 191 443 42 58
is_linear=0
shrinkage=0.05


Tree=109
num_leaves=40
num_cat=0
split_feature=10 15 26 23 7 3 7 6 2 10 6 10 10 6 3 13 23 8 4 1 5 6 13 13 2 23 5 2 6 26 15 2 15 14 1 7 4 1 1
split_gain=532111 472168 616929 762842 870794 540518 531954 635064 705594 1.06799e+06 734528 564878 477892 512150 463900 461134 749839 421574 500591 443271 389446 358217 356305 825002 452089 329601 298187 428813 359563 287985 282981 282599 252269 246778 271875 261158 231412 72939.9 69361.1
threshold=2739.3066488678764 -0.9159756150367534 17.941550000000003 5.8630007000000015 926.39038297204081 1.1901769177352677 400.22302417199722 20886.31833333334 0.4520020222815761 2289.661802668134 27999.430833333336 2593.2568529125997 2199.5145717372438 41270.977500000008 2.2357967022157044 39339.810000000005 7.7021935000000008 2700.8174739057463 1.0322299932651813 0.032970904195650928 -883.02499999999998 29381.370833333338 34658.780000000006 36364.880000000012 0.5958879511042795 9.2676205000000014 300.02500000000038 0.65821504694209254 37794.750000000007 18.696500000000004 0.60355339059327384 0.4392330068072674 0.1294095225512602 0.25881904510252091 0.18635890477550934 385.01845853232277 1.0992531453801524 0.063649560407954234 0.18946953262365177
decision_type=2 2 2 2 2 2 2 2 2 2 2 2 2 2 2 2 2 2 2 2 2 2 2 2 2 2 2 2 2 2 2 2 2 2 2 2 2 2 2
left_child=1 2 26 20 5 -5 11 31 9 -9 -10 12 14 -14 -3 16 -13 18 21 -20 -4 -2 -19 -24 -25 -17 33 -28 -29 -22 -23 38 -26 34 -1 -35 -21 -38 -8
right_child=17 6 3 4 -6 -7 7 8 10 -11 -12 15 13 -15 -16 25 -18 22 19 36 29 30 23 24 32 -27 27 28 -30 -31 -32 -33 -34 35 -36 -37 37 -39 -40
leaf_value=-0.54968924564029853 -4.9091893722700037 -0.037926345756092411 -5.4179331267963766 -1.5493068122087754 5.9997139394694372 -4.4220794627119613 -3.4063662365597231 2.1984908947170672 -0.74795312801442171 13.489187462615966 1.0150034893427393 1.5417426721453669 -2.4309917939940231 2.2974431114775293 3.729737142615202 3.2659560857035901 10.653365475938127 -4.1352388361338024 10.288241700308664 6.2072315428807183 5.387487271308899 -0.61435271700844174 10.371778571388937 -4.8331600851626018 0.02987302548390754 -5.3009895623248564 6.6313077203850996 -5.125216831124348 2.1347101306554044 0.62975873302809804 6.5994404979236423 -7.7866684087802618 3.9280928711971992 0.19067247377016472 -5.1309821162621185 4.2743787188646278 -1.3255885610126314 2.801156712445346 0.42043780975341805
leaf_weight=1792 22 22306 21 360 28 302 22 133 787 24 2362 59 367 67 81 21 36 36 34 38 39 31 21 36 140 22 37 22 65 157 23 28 58 871 32 40 20 21 24
leaf_count=1792 22 22306 21 360 28 302 22 133 787 24 2362 59 367 67 81 21 36 36 34 38 39 31 21 36 140 22 37 22 65 157 23 28 58 871 32 40 20 21 24
internal_value=0.00103368 -0.0253264 -0.54892 -1.68435 -2.49667 -2.86455 0.0495558 0.635092 0.738101 3.99894 0.574305 -0.0366699 -0.0560231 -1.69741 -0.0241281 3.1411 5.06963 1.65093 3.48302 5.57863 0.898197 0.335142 0.453144 1.11456 0.24316 -1.13788 -0.188248 2.2 0.26143 1.59902 2.52222 -3.91532 1.1858 -0.297293 -0.632833 0.374475 3.44838 0.804359 -1.4432
internal_weight=30585 30105 3766 907 690 662 26339 3380 3306 157 3149 22959 22821 434 22387 138 95 480 189 113 217 76 291 255 234 43 2859 124 87 196 54 74 198 2735 1824 911 79 41 46
internal_count=30585 30105 3766 907 690 662 26339 3380 3306 157 3149 22959 22821 434 22387 138 95 480 189 113 217 76 291 255 234 43 2859 124 87 196 54 74 198 2735 1824 911 79 41 46
is_linear=0
shrinkage=0.05


Tree=110
num_leaves=47
num_cat=0
split_feature=15 15 8 11 19 17 3 12 14 26 6 15 16 11 21 11 17 15 24 8 11 6 24 4 24 7 6 26 26 4 21 7 3 13 26 3 3 11 0 24 3 11 0 11 3 3
split_gain=516893 657689 721215 646651 1.19239e+06 878195 580288 493464 880586 2.59396e+06 1.71766e+06 1.01163e+06 1.02651e+06 1.02555e+06 696412 673487 1.17812e+06 1.61859e+06 905858 553760 759788 651003 458536 373890 338769 414233 518559 338217 420809 443496 321714 289233 304280 341972 268399 233720 194454 166994 176847 138077 113093 102301 98573.9 89821.7 74273.1 57877
threshold=0.96592582628906831 0.9159756150367534 1928.6294953818244 472.37178621456525 -0.5 -0.56174490092936669 1.6073739134340836 33105.500000000007 0.25881904510252091 18.559050000000003 33137.590833333343 -0.37940952255126009 -1.0000000180025095e-35 192.31524920848992 1.0000000180025095e-35 497.39075132390343 -0.56174490092936669 -0.37940952255126009 13.273276000000001 1642.3785908357577 209.63030065910314 26887.035000000003 12.462888750000003 1.080541774242298 10.356741500000002 173.00565994580811 30878.295833333337 19.126500000000004 18.834000000000003 1.4339482434002326 1.0000000180025095e-35 631.16248673136681 1.841147238817652 35241.895000000011 18.160600000000006 0.54293289503947684 1.2883701351349146 329.63139159596329 0.508465142281599 14.064589000000002 1.3366940629555748 244.47097625518157 0.48535005821532279 247.26169252403 1.1203122761564617 1.100889998640959
decision_type=2 2 2 2 2 2 2 2 2 2 2 2 2 2 2 2 2 2 2 2 2 2 2 2 2 2 2 2 2 2 2 2 2 2 2 2 2 2 2 2 2 2 2 2 2 2
left_child=1 7 24 27 40 42 22 15 11 14 -11 12 -9 -13 -10 19 18 -18 -17 20 -1 -21 -7 -8 30 44 -27 28 29 35 36 32 34 -34 -4 -2 -3 38 45 41 -5 -30 -6 -40 -26 -29
right_child=3 2 31 4 5 6 23 8 9 10 -12 13 -14 -15 -16 16 17 -19 -20 21 -22 -23 -24 -25 25 26 -28 37 39 -31 -32 -33 33 -35 -36 -37 -38 -39 43 -41 -42 -43 -44 -45 -46 -47
leaf_value=-0.044413304317205388 -0.19226481197400169 -0.44085903422198602 -6.0857449743813934 13.534689624877203 -7.4552538790021634 -4.2976683790543504 8.1732723538350243 -1.4767528925767888 0.25372861823910603 7.2827108594454266 1.9865857598595325 -0.15690407730001707 -0.051262732830855966 1.1017655613022164 -5.0442243821280348 -3.8352074274628656 -4.757607274355002 0.5301403355822949 -14.427745532371379 3.8939333364086992 -1.2817453738047158 0.2993935855045976 3.6950155351036473 0.24956376756940571 -0.27560485497001536 -5.8571001422646072 -1.3456406006511752 2.3365685787907355 -2.7368546216902527 7.4468253577839256 5.4881328802449367 0.539553870442121 -13.563629922185624 -4.8315106168286555 0.5609486357371013 0.88050385819011212 2.821304947963128 6.0444165956122546 1.3802135889810676 -0.9089579671079463 7.6115204719702412 -7.814803875968571 -2.3728666348684402 -2.1449520088278731 -3.0378392479052914 5.7665424251556399
leaf_weight=6525 1086 375 35 20 20 33 58 2031 4025 194 719 4217 3337 2625 62 85 198 530 26 169 1531 487 37 20 386 98 181 26 22 21 27 22 20 28 26 952 51 27 84 32 23 20 20 22 25 27
leaf_count=6525 1086 375 35 20 20 33 58 2031 4025 194 719 4217 3337 2625 62 85 198 530 26 169 1531 487 37 20 386 98 181 26 22 21 27 22 20 28 26 952 51 27 84 32 23 20 20 22 25 27
internal_value=0.00105783 -0.0609431 -1.17042 0.682462 3.19945 1.45692 3.23328 -0.00808273 0.151864 0.710698 3.11868 -0.077018 -0.590777 0.326087 0.172143 -0.296278 -1.64838 -0.912557 -6.42305 -0.16589 -0.279692 1.22995 -0.080354 6.17049 -0.765559 -1.46225 -2.94559 0.430467 0.251588 0.385417 0.296503 -4.67031 -5.71724 -8.67255 -3.28929 0.309035 -0.0446139 2.46946 1.82837 -3.42752 10.6116 -5.28055 -5.03404 0.63532 -0.450602 4.15844
internal_weight=30585 28035 1274 2550 231 188 148 26761 17210 5000 913 12210 5368 6842 4087 9551 839 728 111 8712 8056 656 70 78 1143 690 279 2319 2133 2059 453 131 109 48 61 2038 426 186 159 74 43 42 40 106 411 53
internal_count=30585 28035 1274 2550 231 188 148 26761 17210 5000 913 12210 5368 6842 4087 9551 839 728 111 8712 8056 656 70 78 1143 690 279 2319 2133 2059 453 131 109 48 61 2038 426 186 159 74 43 42 40 106 411 53
is_linear=0
shrinkage=0.05


Tree=111
num_leaves=32
num_cat=0
split_feature=1 7 11 0 23 14 4 7 1 11 9 23 4 9 23 9 14 3 17 3 10 11 3 11 9 18 7 26 6 1 14
split_gain=514768 734025 560514 733420 641826 1.15219e+06 597840 509568 670179 644813 453482 448837 363085 924501 418302 402604 1.16864e+06 725630 359570 309837 433561 309500 307902 218371 216225 205692 184522 323014 166188 149019 26101.1
threshold=0.07815191598035949 926.39038297204081 255.08112789510906 0.31751194927847143 9.0393680000000014 -0.5 1.0672161339547361 5.3583119206558498 0.18058820999331973 110.66736134679337 3199.5985812441477 8.6108230000000017 1.7503628991891083 2273.1114059773076 10.903688500000003 2345.2743751583434 0.60355339059327384 2.4674322294762998 1.0000000180025095e-35 1.6801335669556734 1756.7994164434776 400.20756300939792 0.99814239400397653 46.976854820176037 2567.8214038401825 0.68301270189221941 124.58725464009248 17.274050000000006 20008.381666666672 0.21364731160036707 -0.70710678118654735
decision_type=2 2 2 2 2 2 2 2 2 2 2 2 2 2 2 2 2 2 2 2 2 2 2 2 2 2 2 2 2 2 2
left_child=1 2 19 21 6 -6 -5 8 9 23 12 -12 15 14 -14 17 -17 -9 -13 26 -21 22 -4 30 -23 -22 28 -28 -1 -10 -2
right_child=7 -3 3 4 5 -7 -8 10 29 -11 11 18 13 -15 -16 16 -18 -19 -20 20 25 24 -24 -25 -26 -27 27 -29 -30 -31 -32
leaf_value=-3.0927694586243319 -0.14758090871711113 7.1326375376550777 5.0388659866325192 0.48464501097630247 1.7044707271534218 -1.5091398624469947 2.2970648702824938 -0.26791819990363086 8.8127649733599487 -7.5092084351452915 7.1830509196519845 -2.951546029282941 -0.23872260794738415 11.399041018486024 5.8541268340024084 -2.1973000459723129 1.9391619803004614 5.828655266664466 4.4609398307800303 -8.7302844138767419 2.0765733836678897 7.58500450702814 0.8873122739861995 6.3481404313587007 2.6328462293034511 -2.8583945249553242 0.60825285926741746 -0.35679465494638024 -0.079157262398391992 3.5589283367439557 1.2883246609355723
leaf_weight=45 42 37 60 1589 422 818 637 12503 33 21 39 35 192 21 32 776 218 48 29 22 33 51 169 20 41 55 2841 1247 8358 26 125
leaf_count=45 42 37 60 1589 422 818 637 12503 33 21 39 35 192 21 32 776 218 48 29 22 33 51 169 20 41 55 2841 1247 8358 26 125
internal_value=0.000984375 0.191438 0.175332 0.708648 0.49643 -0.414979 1.00409 -0.219931 1.93963 0.593714 -0.261571 3.02783 -0.286358 1.61745 0.653812 -0.320911 -1.28907 -0.24414 0.424116 0.0150094 -2.61498 2.99139 1.99226 1.5388 5.43016 -1.00519 0.0383779 0.313859 -0.0956625 6.5955 0.92844
internal_weight=30585 16425 16388 3787 3466 1240 2226 14160 267 208 13893 103 13790 245 224 13545 994 12551 64 12601 110 321 229 187 92 88 12491 4088 8403 59 167
internal_count=30585 16425 16388 3787 3466 1240 2226 14160 267 208 13893 103 13790 245 224 13545 994 12551 64 12601 110 321 229 187 92 88 12491 4088 8403 59 167
is_linear=0
shrinkage=0.05


Tree=112
num_leaves=42
num_cat=0
split_feature=15 15 9 26 11 19 17 12 9 11 14 9 15 16 16 12 14 5 12 0 23 0 23 26 11 19 6 11 26 26 11 26 11 6 6 23 13 11 9 2 13
split_gain=473392 590801 911726 878550 588208 1.08018e+06 796652 445258 924410 738809 1.63315e+06 737416 587992 1.03619e+06 968140 533155 528928 432409 398996 737972 420060 394667 342342 309071 286579 324634 633569 392215 243154 221808 828245 480194 113428 107690 95621.9 56852.2 48519.8 36653.8 74431.8 30618 14590.3
threshold=0.96592582628906831 0.9159756150367534 2231.5016179326008 18.583150000000003 472.37178621456525 -0.5 -0.56174490092936669 33105.500000000007 133.87200642658311 687.63510778768716 0.37940952255126054 2895.5032941072968 -0.12940952255126034 -0.60785761079279388 -1.0000000180025095e-35 30991.000000000004 0.25881904510252091 400.00000000000017 30115.500000000004 0.51868615759919612 7.0548860000000007 0.53149732641519176 5.3212885000000005 18.398400000000006 145.93964872934015 -0.68301270189221952 27999.430833333336 448.97942493170416 19.406600000000001 18.579800000000002 400.20756300939792 18.160600000000006 193.88810081328435 28059.969166666669 28603.572500000006 8.5484480000000023 31965.565000000006 118.56835084442757 837.26979850809164 0.49558623179757766 38999.850000000006
decision_type=2 2 2 2 2 2 2 2 2 2 2 2 2 2 2 2 2 2 2 2 2 2 2 2 2 2 2 2 2 2 2 2 2 2 2 2 2 2 2 2 2
left_child=1 7 24 23 17 33 34 11 40 16 -11 12 14 -14 -1 -13 -10 28 19 -8 -20 22 -19 -4 37 27 -27 -26 29 31 -31 -2 35 -6 -7 -30 -34 39 -39 -3 -9
right_child=4 2 3 -5 5 6 18 8 9 10 -12 15 13 -15 -16 -17 -18 21 20 -21 -22 -23 -24 -25 25 26 -28 -29 32 30 -32 -33 36 -35 -36 -37 -38 38 -40 -41 -42
leaf_value=-1.460546547496653 0.16843010908288505 1.5686935303427958 -6.5297922924637808 -14.678772243326126 12.81259491747076 -7.1682195825803845 -4.9647128934719991 8.9530712999616355 -0.10934765478230252 0.56800111395471242 7.8229674242102369 -12.154861754504118 0.98436165286448318 -0.40051634062989916 0.34290102583218168 -1.7593801234563196 0.51038931470220672 2.2058028637170795 2.0808660033897119 6.6319622794441564 8.8744273167121701 -1.6151048000653585 9.0940213849203939 1.4497288274765014 -0.7528368796764966 -8.5934759570109218 -1.7657317947531426 6.4219333700700254 2.6810945029150357 -0.28528565860929944 -10.607972228310324 4.8275001416290015 2.3205495157241827 7.0822323335771991 -2.1780084392002652 -0.64867506857841251 5.2481691288948067 1.4618258334929686 -1.6548235328674317 -0.33448934143415937 5.9678920703842531
leaf_weight=2033 1863 21 24 22 21 20 33 20 11848 373 97 21 1961 4334 1173 29 4852 39 53 22 40 26 34 23 141 37 332 21 21 167 21 56 29 22 20 30 33 82 24 547 20
leaf_count=2033 1863 21 24 22 21 20 33 20 11848 373 97 21 1961 4334 1173 29 4852 39 53 22 40 26 34 23 141 37 332 21 21 167 21 56 29 22 20 30 33 82 24 547 20
internal_value=0.00102869 -0.0583059 -1.10985 -6.65804 0.653129 3.05369 1.39512 -0.00820557 0.143728 0.125814 2.07874 -0.281962 -0.249748 0.0309838 -0.800805 -6.2783 0.0707295 0.41279 3.08697 -0.290359 5.06621 3.62915 5.49362 -2.67596 -0.786894 -1.65445 -2.47175 0.210888 0.267786 0.146021 -1.4884 0.306837 2.51697 10.1085 -4.78721 0.747503 3.93745 -0.10196 0.747252 -0.261483 7.64257
internal_weight=30585 28035 1274 69 2550 231 188 26761 17210 17170 470 9551 9501 6295 3206 50 16700 2319 148 55 93 99 73 47 1205 531 369 162 2220 2107 188 1919 113 43 40 51 62 674 106 568 40
internal_count=30585 28035 1274 69 2550 231 188 26761 17210 17170 470 9551 9501 6295 3206 50 16700 2319 148 55 93 99 73 47 1205 531 369 162 2220 2107 188 1919 113 43 40 51 62 674 106 568 40
is_linear=0
shrinkage=0.05


Tree=113
num_leaves=43
num_cat=0
split_feature=1 7 2 9 3 14 7 7 9 4 9 3 6 9 12 7 1 5 8 8 9 16 1 26 23 1 1 3 0 5 0 23 14 12 14 7 7 17 13 23 13 1
split_gain=480809 562126 694537 415641 831770 797834 687565 569267 563410 396028 765440 456559 604167 382841 387021 393906 693581 363401 628848 352833 491377 344201 336882 355361 320832 310871 292015 285692 268263 263151 260832 254973 227841 203048 200522 332578 195888 181494 159222 67116.1 65426.8 49510.5
threshold=0.061552621303690887 266.73632456381978 0.71241336337890915 2895.5032941072968 2.2182014127490191 -0.70710678118654735 777.36461542940708 739.3636290339058 2443.5219297118733 1.7503628991891083 2273.1114059773076 0.33485988852702148 24980.067500000005 3199.5985812441477 44332.500000000007 5.3583119206558498 0.18058820999331973 299.99999999999972 3151.2881327577629 1562.9693154448792 1232.8205745571709 -0.60785761079279388 0.15617597433275157 17.914900000000003 12.221719000000002 0.15926292198568234 0.022859480456454091 1.2524231056641475 0.40291773423639782 -999.99999999999977 0.47810391946109437 9.7433180000000004 0.78656609248549325 38558.500000000007 -0.37940952255126059 209.63940574600554 212.25495460297893 -0.22252093395631442 41019.980000000003 6.607216300000001 44737.005000000012 0.040828445935011913
decision_type=2 2 2 2 2 2 2 2 2 2 2 2 2 2 2 2 2 2 2 2 2 2 2 2 2 2 2 2 2 2 2 2 2 2 2 2 2 2 2 2 2 2
left_child=1 19 3 6 5 -5 7 -3 -8 13 11 21 -13 14 15 16 -2 18 33 29 37 -11 23 -16 -24 -17 39 -4 -23 -1 -14 -20 -6 -15 36 -36 -31 41 -28 -22 -29 -21
right_child=9 2 27 4 32 -7 8 -9 -10 10 -12 12 30 17 22 25 -18 -19 31 20 26 28 24 -25 -26 -27 38 40 -30 34 -32 -33 -34 -35 35 -37 -38 -39 -40 -41 -42 -43
leaf_value=-5.12633158569336 0.35532916361093525 0.91451797122538925 10.7052115167271 2.6224932569927644 0.3320392382975062 -6.0348304046449215 8.2412252240345403 -6.9943449961620834 0.13087555190495084 -5.0570127667878815 10.013777085113524 -3.014434114138286 7.2667211443917799 9.7042491461890084 0.89674061169857389 -0.22465789888468432 6.2825572175979616 -2.8433828617025307 -3.6983203862993808 4.4922321650856416 5.9921887207031261 -3.8776463890075683 1.2393067268558913 -1.3787963645011185 6.8910186462402336 -0.84673410500779966 0.4876165642139671 5.4242740838868286 1.7124761047052299 0.22471278036394229 1.6717105588231771 2.9479033132137795 4.8449848058146827 3.4340273477633794 -0.057537070901951405 -1.5001391140029425 1.8062726586971558 8.8154908763844038 -2.8306132581622103 2.3095613585748982 1.3381417249497913 1.3289750159354439
leaf_weight=24 279 2212 21 35 288 104 57 22 34 37 24 29 56 34 779 13521 59 26 26 37 23 27 69 219 39 2358 226 20 91 3106 34 30 30 23 5816 428 208 22 42 30 20 20
leaf_count=24 279 2212 21 35 288 104 57 22 34 37 24 29 56 34 779 13521 59 26 26 37 23 27 69 219 39 2358 226 20 91 3106 34 30 30 23 5816 428 208 22 42 30 20 20
internal_value=0.00101392 0.234293 0.854428 0.737496 -0.63991 -3.85173 1.0084 0.833536 5.2454 -0.167447 1.63689 0.86939 3.18567 -0.198332 -0.219366 -0.281096 1.40546 2.40589 3.62808 0.0576028 1.51065 -0.917902 0.685203 0.396514 3.32475 -0.317083 0.634741 6.08928 0.411502 -0.00320542 5.1947 -0.148503 0.771658 7.27708 0.0101931 -0.156647 0.324494 5.01724 -0.0409755 3.98915 3.4638 3.42445
internal_weight=30585 12825 2843 2782 457 139 2325 2234 91 17760 298 274 119 17462 17323 16217 338 139 113 9982 400 155 1106 998 108 15879 321 61 118 9582 90 56 318 57 9558 6244 3314 79 268 53 40 57
internal_count=30585 12825 2843 2782 457 139 2325 2234 91 17760 298 274 119 17462 17323 16217 338 139 113 9982 400 155 1106 998 108 15879 321 61 118 9582 90 56 318 57 9558 6244 3314 79 268 53 40 57
is_linear=0
shrinkage=0.05


Tree=114
num_leaves=46
num_cat=0
split_feature=10 4 9 12 19 11 10 4 1 9 10 15 11 9 15 14 11 17 23 1 10 9 0 11 9 8 4 12 1 5 1 11 0 11 23 8 10 1 9 11 7 9 9 26 9
split_gain=457576 413459 553656 586294 611344 1.17727e+06 574949 807412 703119 815038 755679 508772 504630 529468 499364 426740 566285 1.32444e+06 1.19274e+06 762965 656784 609990 542286 1.94959e+06 430842 407114 446752 409590 401342 385284 419584 397189 295263 565907 481692 391233 285472 255192 428688 224771 257482 206032 193454 190956 106937
threshold=2739.3066488678764 1.1217164099534516 1860.6573161070698 30178.500000000004 -0.68301270189221952 456.93634900424689 2374.987419907327 1.1997576838897079 0.16073202496419656 1209.1912428964279 2127.9651067505474 0.1294095225512602 509.51803386083446 1972.6662909140466 0.37940952255126043 -0.70710678118654735 375.17067062483983 0.81174490092936691 12.4316455 0.22920403930075578 1940.014878896319 2345.2743751583434 0.45924321943375285 576.46600801760758 1799.3481316101695 2700.8174739057463 1.0322299932651813 31864.500000000004 0.032970904195650928 299.99999999999972 0.060107392327039592 425.07594124034773 0.34566461995697972 408.82633411873377 11.787801500000002 2895.5032941072968 1998.6334189596382 0.058955156445926644 2536.291659429196 448.97942493170416 412.65580852970925 3199.5985812441477 1997.8783519999365 18.245050000000003 2536.291659429196
decision_type=2 2 2 2 2 2 2 2 2 2 2 2 2 2 2 2 2 2 2 2 2 2 2 2 2 2 2 2 2 2 2 2 2 2 2 2 2 2 2 2 2 2 2 2 2
left_child=1 15 6 12 5 -5 8 -8 10 -10 -3 -6 42 -14 -9 22 20 18 -18 -19 21 -17 29 36 -22 26 27 -2 -28 31 -31 -1 41 34 35 -34 -24 38 -35 40 -30 43 -4 -27 -29
right_child=25 2 3 4 11 -7 7 14 9 -11 -12 -13 13 -15 -16 16 17 19 -20 -21 24 -23 23 -25 -26 32 28 44 39 30 -32 -33 33 37 -36 -37 -38 -39 -40 -41 -42 -43 -44 -45 -46
leaf_value=0.019688931297329619 -3.8787703884731641 0.34301416545813102 4.8352421497163327 1.6595175389205019 1.4422563871904202 12.035898506858132 -1.1622001934392112 14.639197289148965 -0.014768391130116834 -4.2827862356587465 -5.1690987146279168 -1.7123263374334929 1.4931415476117815 11.627713257262581 3.3776596169244679 -0.18999805263667957 -1.0587582210176631 1.9006248474262231 -4.7723258128798305 -6.3364897923072183 3.1768697846649978 -7.2113086512396407 1.1776429848842047 12.41608985710144 0.55378419954639624 6.5458485859318785 9.7925115672520224 5.843247856057209 5.116741219667289 2.0285676094979954 -4.6723072459930322 1.4226452405522727 -6.7618001030791888 9.2929093642461869 -9.1362362303557223 1.2704809890371958 -4.664441103068266 -2.2960902729034429 1.0848478654465257 7.2228137634277347 -1.6412902776656613 -1.420601077079773 -1.4752248170458038 0.73781887372334798 0.91721664594567331
leaf_weight=4930 32 4782 20 162 310 32 34 20 272 189 62 216 20 37 20 14570 1697 453 247 29 216 30 431 39 564 37 34 22 25 32 81 561 21 20 26 48 21 29 67 24 30 20 28 23 22
leaf_count=4930 32 4782 20 162 310 32 34 20 272 189 62 216 20 37 20 14570 1697 453 247 29 216 30 431 39 564 37 34 22 25 32 81 561 21 20 26 48 21 29 67 24 30 20 28 23 22
internal_value=0.00107605 -0.0233682 0.340295 1.54556 1.03281 3.42406 0.155184 4.50236 0.0937066 -1.77006 0.271409 0.146038 5.01861 8.15886 9.22827 -0.117775 -0.241381 -0.951184 -1.53281 1.39293 -0.129363 -0.204919 0.243308 1.83489 1.28332 1.53106 3.33139 0.357029 5.31113 0.103556 -2.77352 0.163259 0.354352 -0.628025 -3.47067 -1.23573 0.89651 1.70973 3.05597 3.28407 1.46697 2.9212 1.19905 4.36811 3.45546
internal_weight=30585 30105 6204 825 720 194 5379 74 5305 461 4844 526 105 57 40 23901 17806 2426 1944 482 15380 14600 6095 491 780 480 189 76 113 5604 113 5491 291 211 95 69 452 116 87 79 55 80 48 60 44
internal_count=30585 30105 6204 825 720 194 5379 74 5305 461 4844 526 105 57 40 23901 17806 2426 1944 482 15380 14600 6095 491 780 480 189 76 113 5604 113 5491 291 211 95 69 452 116 87 79 55 80 48 60 44
is_linear=0
shrinkage=0.05


Tree=115
num_leaves=35
num_cat=0
split_feature=15 11 19 17 10 15 1 9 1 11 1 7 5 9 10 13 10 12 9 5 10 15 26 7 2 1 23 10 3 9 9 1 6 12
split_gain=443600 529736 969780 715380 703892 525184 1.0601e+06 750185 492602 486152 439282 434604 393172 686671 808152 627529 406048 501269 416317 386834 368499 357722 539621 534669 354994 319563 306209 255192 506856 255868 222642 203803 186871 221435
threshold=0.96592582628906831 472.37178621456525 -0.5 -0.56174490092936669 1663.4810707368877 0.9159756150367534 0.20179298745144222 2396.8939039273037 0.0657414158223147 668.06494927022538 0.07141723274075211 478.88074020182006 -1227.9999999999998 1468.1825736499293 1004.4144452709654 28400.150000000005 2665.9354191262587 45392.500000000007 1972.6662909140466 400.00000000000017 1611.6507858416676 -0.9159756150367534 17.941550000000003 478.88074020182006 0.468835099884162 0.11499628604412611 5.3212885000000005 2548.6437464042765 1.780764062319619 2199.3054585573159 2273.1114059773076 0.11902083097981232 32298.497500000005 32138.500000000004
decision_type=2 2 2 2 2 2 2 2 2 2 2 2 2 2 2 2 2 2 2 2 2 2 2 2 2 2 2 2 2 2 2 2 2 2
left_child=5 19 31 25 -5 12 7 9 -6 10 -7 -9 13 14 -1 -15 21 18 -18 27 -17 22 -14 -23 -21 -4 -26 28 30 -30 -2 -3 33 -29
right_child=1 2 3 4 8 6 -8 11 -10 -11 -12 -13 16 15 -16 20 17 -19 -20 24 -22 23 -24 -25 26 -27 -28 32 29 -31 -32 -33 -34 -35
leaf_value=-0.67238211409465687 0.33746552669216728 5.9672130207717426 0.0030471231823875791 -3.944489834149679 10.332169342698721 0.15520960133321218 -11.686405066614565 -2.0867653633247722 2.7941492735821267 5.6667123014132184 -1.7732499212398478 -12.263677779977971 -0.15142619819808356 6.8651591198260977 -11.215092044778771 3.2302608554893073 3.5188358354941012 8.4511078257146099 0.35993546322198727 -1.527384127775828 -2.3411634061489885 -0.014584178258114406 -1.6012001982108122 0.92640487967257856 2.1045839764475822 -8.8276707158769891 8.6199637023380813 4.6893957533155177 -8.4419581523418419 -0.9069589070840316 -4.6093060750546666 13.284157942522848 6.3135708782590676 -2.4954033426804982
leaf_weight=36 2084 23 20 29 28 609 22 21 91 29 572 21 2856 25 36 35 127 22 565 26 170 20433 827 1629 39 20 34 20 24 21 22 20 28 21
leaf_count=36 2084 23 20 29 28 609 22 21 91 29 572 21 2856 25 36 35 127 22 565 26 170 20433 827 1629 39 20 34 20 24 21 22 20 28 21
internal_value=0.00111077 0.632359 2.91049 1.33885 2.94201 -0.0563265 -1.04776 -0.851638 4.63916 -0.620465 -0.779517 -7.3422 -0.00909007 -1.79997 -6.02523 -0.456907 0.0114179 1.18674 0.943924 0.404271 -1.37886 -0.0212226 -0.477314 0.0549346 3.44643 -4.51981 5.21469 0.267115 0.170346 -5.02189 0.283624 9.59512 3.23817 1.03746
internal_weight=30585 2550 231 188 148 28035 1274 1252 119 1210 1181 42 26761 302 72 230 26459 714 692 2319 205 25745 3683 22062 99 40 73 2220 2151 45 2106 43 69 41
internal_count=30585 2550 231 188 148 28035 1274 1252 119 1210 1181 42 26761 302 72 230 26459 714 692 2319 205 25745 3683 22062 99 40 73 2220 2151 45 2106 43 69 41
is_linear=0
shrinkage=0.05


Tree=116
num_leaves=44
num_cat=0
split_feature=1 11 7 4 7 1 11 26 10 17 6 7 1 17 3 7 1 14 11 4 0 11 7 0 15 11 11 17 11 10 15 1 10 3 3 4 24 0 13 8 11 10 11
split_gain=414934 948650 389580 358871 748386 709127 738903 3.04769e+06 692040 1.16902e+06 565294 527230 512539 491224 487811 404208 653949 353528 600143 866069 473154 876850 465302 345354 451462 568988 483708 370990 330521 303579 278737 256097 232435 301585 226777 205127 132791 199167 601336 105762 144744 73391.1 25356.2
threshold=0.061552621303690887 777.22274205627548 98.947161985937527 1.106654035126341 668.18643537312937 0.16412451633533634 400.20756300939792 17.936000000000003 2593.2568529125997 -0.56174490092936669 29573.75583333334 235.16222203005535 0.084721040309403542 -0.56174490092936669 1.780764062319619 7.2780746107896608 0.19305214367951343 -0.70710678118654735 212.21842032167106 1.0943839603903598 0.45924321943375285 576.46600801760758 777.36461542940708 0.44912654535751489 -0.78656609248549325 199.83092422830606 631.09926442692938 -0.56174490092936669 230.36590789833886 390.59366716169399 -0.12940952255126034 0.22031234280403358 1279.9546659124871 0.99814239400397653 0.99814239400397653 1.1196685235576567 3.5225491500000001 0.2958842426370355 43069.765000000007 675.15669659905097 38.159382555758121 432.57552615457649 107.92464084583229
decision_type=2 2 2 2 2 2 2 2 2 2 2 2 2 2 2 2 2 2 2 2 2 2 2 2 2 2 2 2 2 2 2 2 2 2 2 2 2 2 2 2 2 2 2
left_child=1 2 36 15 5 6 14 -8 9 -6 13 -12 -11 -7 -5 16 32 20 29 -20 22 -22 -17 24 26 -26 -4 28 -25 -19 -29 -18 33 -2 -34 -3 37 38 -1 41 -41 -38 -39
right_child=3 35 23 4 8 10 7 -9 -10 12 11 -13 -14 -15 -16 17 31 18 19 -21 21 -23 -24 27 25 -27 -28 30 -30 -31 -32 -33 34 -35 -36 -37 39 42 -40 40 -42 -43 -44
leaf_value=10.339617571149553 0.04013385409375235 9.3828476472198954 0.1237727321404893 -0.0065551196261757474 -8.3041860969543446 -3.9754097713582652 8.011145827833392 -0.75141099848007331 9.8922620741013549 -3.8800573253631594 -0.76522949864772649 -6.7720762232846994 4.0902815173421585 0.31286047431895547 5.6937191792538293 0.020817141465851667 10.496611045598984 -1.1708073434517561 -0.86836977824226802 -5.1936562043527763 1.1576986062817149 10.679684982299804 -4.2215129768035622 -0.073911848557907195 0.30355303761739005 1.7180063810905843 -5.9165075854694145 -0.58914586325168206 -2.4145268751466364 -0.06731210519602783 0.69885166244137986 2.6581547382899697 6.0232660977045702 -6.0233505054620604 0.9255570119870713 3.0047235084573432 -0.42682637935372308 0.3658716721779568 0.22204230179786683 -0.18992444578599754 -2.0661305303862707 0.0089787029647048766 -1.4622924907434554
leaf_weight=20 97 31 1316 3046 24 84 150 289 30 22 64 85 174 311 37 3124 23 703 3300 119 235 26 65 352 1295 1577 33 592 263 5436 1440 20 23 25 248 23 1283 196 49 268 166 3901 20
leaf_count=20 97 31 1316 3046 24 84 150 289 30 22 64 85 174 311 37 3124 23 703 3300 119 235 26 65 352 1295 1577 33 592 263 5436 1440 20 23 25 248 23 1283 196 49 268 166 3901 20
internal_value=0.00107004 0.21778 0.189546 -0.155426 0.241215 0.0776275 0.337257 2.25402 2.89087 1.89567 -1.60081 -4.21429 3.18047 -0.606799 0.063678 -0.28277 1.21305 -0.332997 -0.489587 -1.02039 0.100842 2.14341 -0.0669471 0.44554 0.72626 1.08055 -0.0282575 -0.00220892 -1.07716 -0.193848 0.323501 6.9942 0.564348 -1.24121 1.37878 6.77035 -0.108322 0.942684 3.26056 -0.161799 -0.910663 -0.0989402 0.190616
internal_weight=30585 12825 12771 17760 4316 4066 3522 439 250 220 544 149 196 395 3083 13444 436 13008 9558 3419 3450 261 3189 6868 4221 2872 1349 2647 615 6139 2032 43 393 122 271 54 5903 285 69 5618 434 5184 216
internal_count=30585 12825 12771 17760 4316 4066 3522 439 250 220 544 149 196 395 3083 13444 436 13008 9558 3419 3450 261 3189 6868 4221 2872 1349 2647 615 6139 2032 43 393 122 271 54 5903 285 69 5618 434 5184 216
is_linear=0
shrinkage=0.05


Tree=117
num_leaves=39
num_cat=0
split_feature=15 11 19 17 1 15 1 9 11 1 0 5 9 26 5 0 15 11 2 9 9 1 26 6 11 26 23 26 1 11 16 18 1 11 26 1 1 6
split_gain=405749 479092 866249 636931 527657 473056 950024 676259 431877 385590 383833 360482 458283 470803 353090 389178 324891 484571 348529 933573 809458 286145 267885 264615 258513 489121 254882 243806 179901 178124 273629 177304 165141 138646 86752.1 70718.2 44448 43939.6
threshold=0.96592582628906831 472.37178621456525 -0.5 -0.56174490092936669 0.063649560407954234 0.9159756150367534 0.20179298745144222 2396.8939039273037 668.06494927022538 0.07141723274075211 0.46462162509319233 -1504.4999999999998 1506.3969027476808 18.589750000000006 299.89500000000015 0.51558491325377398 -0.9829629131445341 709.18839906504832 0.54716191107484324 2895.5032941072968 133.87200642658311 0.11499628604412611 19.406600000000001 33001.590000000004 351.01163321540656 18.579800000000002 6.7407712000000011 18.696500000000004 0.11902083097981232 342.34426700996619 1.0000000180025095e-35 -0.6830127018922193 0.18946953262365177 193.88810081328435 17.216400000000004 0.084721040309403542 0.07815191598035949 31019.798333333336
decision_type=2 2 2 2 2 2 2 2 2 2 2 2 2 2 2 2 2 2 2 2 2 2 2 2 2 2 2 2 2 2 2 2 2 2 2 2 2 2
left_child=5 14 28 21 -5 11 7 8 9 -7 -6 12 -1 31 22 29 17 26 19 -18 -20 -4 24 -9 32 -26 -13 -15 -3 34 -31 -14 -2 37 -16 -17 -35 -24
right_child=1 2 3 4 10 6 -8 23 -10 -11 -12 16 13 27 15 35 18 -19 20 -21 -22 -23 33 -25 25 -27 -28 -29 -30 30 -32 -33 -34 36 -36 -37 -38 -39
leaf_value=-7.8672035707965975 0.1602078725394798 5.6749257532755539 0.035649906794230149 8.8551099948225342 6.2284984277089439 0.13618915263575609 -11.066008709617282 -10.649020868591641 5.336193435033163 -1.6705873396678019 -0.29013292551040654 0.42831495616444049 -0.14842953738299283 -8.6670773804706069 0.3457804792001844 0.60721342727541927 -0.16808775632203621 -6.3380719353023327 5.6632739935526208 -6.3753691547425069 0.156312098976543 -8.3189462682179052 -0.69509888444628043 -2.6117667411622549 -0.16150915269193977 -6.4136566895662348 -1.1050214491869765 -1.318437619805336 12.557984058402834 9.7183523657586832 2.1752285846074426 5.1739679518612958 2.9412821807861329 2.9174787498922914 3.68796888783293 -3.0275897308496331 5.8776612976881175 2.3355067327476684
leaf_weight=30 1819 23 20 28 29 609 22 22 29 572 91 402 54 22 31 27 8695 37 66 60 16523 20 27 20 115 42 828 23 20 26 23 21 54 33 52 25 25 20
leaf_count=30 1819 23 20 28 29 609 22 22 29 572 91 402 54 22 31 27 8695 37 66 60 16523 20 27 20 115 42 828 23 20 26 23 21 54 33 52 25 25 20
internal_value=0.00106727 0.604784 2.77128 1.28578 2.7984 -0.0538648 -0.99481 -0.809146 -0.589658 -0.739565 1.32362 -0.00903395 -2.44513 -1.03576 0.387871 2.48339 0.00478894 -0.776261 0.0438645 -0.211351 0.178562 -4.24254 0.206193 -6.97162 0.0781987 -1.8641 -0.603937 -5.02153 9.08911 3.91837 6.29212 1.39025 0.241918 2.65662 2.45872 -1.16435 4.2715 0.616206
internal_weight=30585 2550 231 188 148 28035 1274 1252 1210 1181 120 26761 150 120 2319 184 26611 1267 25344 8755 16589 40 2135 42 2030 157 1230 45 43 132 49 75 1873 105 83 52 58 47
internal_count=30585 2550 231 188 148 28035 1274 1252 1210 1181 120 26761 150 120 2319 184 26611 1267 25344 8755 16589 40 2135 42 2030 157 1230 45 43 132 49 75 1873 105 83 52 58 47
is_linear=0
shrinkage=0.05


Tree=118
num_leaves=50
num_cat=0
split_feature=5 7 26 26 16 14 10 12 9 12 11 23 1 11 12 0 17 15 11 14 13 18 5 7 23 9 0 1 11 10 17 14 11 11 15 6 9 13 10 11 9 9 1 14 11 7 11 7 7
split_gain=375828 534888 881412 1.16365e+06 669202 663379 610963 486498 1.02212e+06 468524 450655 1.17347e+06 631454 531476 518841 440729 330994 660211 739929 886520 650055 539564 389312 678635 361950 626223 866755 561128 867266 333180 321868 297482 1.16786e+06 543062 275370 263684 245910 224838 786887 626162 426493 387802 200295 188462 162665 353453 295991 151599 46650.3
threshold=50.000000000000014 816.11141565159744 18.583150000000003 18.596550000000004 -0.8783796973249266 0.60355339059327384 1644.3070796693785 26480.000000000004 1133.1627061669908 36253.500000000007 815.9462725892173 6.4526388000000017 0.1341894096921071 777.22274205627548 31294.500000000004 0.47225895453051486 0.81174490092936691 -0.12940952255126034 257.68101129683959 0.60355339059327384 26194.800000000007 1.0000000180025095e-35 -162.54999999999995 995.43244380087151 7.4403535000000014 1658.6664974867074 0.45366336749553832 0.12613978437322179 168.81697019186871 1144.1496351358087 -0.56174490092936669 -0.5 777.22274205627548 441.98575352340697 0.96592582628906831 27176.583333333336 162.58200991215867 26877.145000000004 995.42088291273444 464.25703865863346 2111.7118711774119 2700.8174739057463 0.14161696835341123 0.37940952255126054 224.853204396319 244.49517153773596 132.12150365067538 159.65663121619843 926.39038297204081
decision_type=2 2 2 2 2 2 2 2 2 2 2 2 2 2 2 2 2 2 2 2 2 2 2 2 2 2 2 2 2 2 2 2 2 2 2 2 2 2 2 2 2 2 2 2 2 2 2 2 2
left_child=16 7 9 4 -4 48 -6 8 36 35 13 12 -12 15 -15 -9 22 18 44 21 -21 -20 24 31 27 29 -27 34 -29 -26 -13 32 -24 -33 -1 -3 43 38 47 40 -39 -41 -38 -2 46 -46 -18 -19 -5
right_child=1 2 3 5 6 -7 -8 10 -10 -11 11 30 -14 14 -16 -17 17 37 19 20 -22 -23 23 -25 25 26 -28 28 -30 -31 -32 33 -34 -35 -36 -37 42 39 -40 41 -42 -43 -44 -45 45 -47 -48 -49 -50
leaf_value=-1.0299825122737853 0.99621263460679499 6.4979744883946013 5.2256481241143273 0.94670263643617991 0.15239177022661485 13.013639221191406 -8.1158061002225281 0.40182146734972674 10.117202118237813 1.1021618981794876 6.5488888780673351 -13.659118319424715 -4.615497558550401 -0.44001639409498738 10.018540907612554 -0.47191377561941006 0.10562117053755303 0.1888380806899268 3.7905780799714131 -1.4251151072460673 7.9531455565390194 -0.49699586866875373 0.13902305896240807 -9.0822243654160282 -0.39482902154588373 -0.082396388179980795 5.3360685333719964 1.1038191642496322 -4.6328974569182106 -2.9691388128410954 -4.6610327664288613 -0.16130121661653538 8.3156178294528615 -1.7990957711791364 1.8585702791777992 14.453660634358725 2.7483018246330793 -0.26566177215142073 -11.058393354983558 4.7366796223640444 -5.1112520485735953 -1.1703908199988879 -2.3667418770356616 -3.8893865021069844 2.5315354712804163 -5.4140672503499427 2.0042514620290137 -2.9797442574067552 4.1242792008139872
leaf_weight=735 43 27 22 26 41 21 48 5099 35 21 29 21 21 21 26 2012 828 120 129 22 106 168 5837 20 575 233 107 89 249 160 21 10820 43 530 92 20 157 1349 20 99 46 38 21 35 23 33 272 54 21
leaf_count=735 43 27 22 26 41 21 48 5099 35 21 29 21 21 21 26 2012 828 120 129 22 106 168 5837 20 575 233 107 89 249 160 21 10820 43 530 92 20 157 1349 20 99 46 38 21 35 23 33 272 54 21
internal_value=0.00102066 0.300871 2.58572 0.7307 -2.4203 5.83486 -4.34743 0.225698 2.22671 7.38736 0.145085 -3.31315 1.86119 0.189991 5.43365 0.154573 -0.101424 0.361024 1.09886 2.88025 6.34267 1.37174 -0.179905 -0.0993556 -0.799886 -0.137958 1.63346 -1.41003 -3.12353 -0.958503 -9.37322 -0.0884018 0.200223 -0.237932 -0.706782 10.1141 1.11274 -0.315068 -1.91417 -0.111451 -0.428995 3.10158 2.13496 -1.21746 0.442009 -2.16345 0.576499 -0.805894 2.42292
internal_weight=30585 7788 247 179 111 68 89 7541 291 68 7250 92 50 7158 47 7111 22797 3307 1581 425 128 297 19490 17250 2240 1075 340 1165 338 735 42 17230 5880 11350 827 47 256 1726 194 1532 1395 137 178 78 1156 56 1100 174 47
internal_count=30585 7788 247 179 111 68 89 7541 291 68 7250 92 50 7158 47 7111 22797 3307 1581 425 128 297 19490 17250 2240 1075 340 1165 338 735 42 17230 5880 11350 827 47 256 1726 194 1532 1395 137 178 78 1156 56 1100 174 47
is_linear=0
shrinkage=0.05


Tree=119
num_leaves=33
num_cat=0
split_feature=15 4 9 6 15 1 9 7 7 11 11 23 1 3 1 5 6 15 10 23 15 6 7 10 11 9 17 2 26 23 11 11
split_gain=370797 441716 629582 428117 419997 863702 603962 397688 374709 362589 403456 650727 715880 349229 342119 337078 439332 452482 338407 353860 1.63044e+06 720231 324929 264185 455364 270669 262667 261741 204623 186070 427954 328409
threshold=0.96592582628906831 1.1636545937468423 1679.8958772287044 27879.015833333335 0.9159756150367534 0.20179298745144222 2396.8939039273037 687.70773411900234 478.88074020182006 866.73822657055348 472.37178621456525 7.1080962000000012 0.11733491081238621 1.841147238817652 0.13608701970604178 -1504.4999999999998 23165.886666666669 -0.78656609248549325 428.73204713259628 9.2676205000000014 0.37940952255126043 26718.210833333334 442.0306932588071 2548.6437464042765 390.10552129938475 2396.8939039273037 0.81174490092936691 0.57563240413998551 6.7429000000000014 4.9654785000000006 333.97612482584282 286.94712952411214
decision_type=2 2 2 2 2 2 2 2 2 2 2 2 2 2 2 2 2 2 2 2 2 2 2 2 2 2 2 2 2 2 2 2
left_child=4 9 27 -4 15 6 7 13 -8 10 23 12 -12 -6 -13 16 -1 -18 22 21 -21 -20 28 24 -2 -25 -19 29 -17 31 -31 -3
right_child=1 2 3 -5 5 -7 8 -9 -10 -11 11 14 -14 -15 -16 18 17 26 19 20 -22 -23 -24 25 -26 -27 -28 -29 -30 30 -32 -33
leaf_value=-9.0802210215159835 0.25594824736754335 0.64421066354002265 11.341040046297271 2.8322222130226371 -0.55595438338264147 -10.540824020219887 -1.7175677438215775 5.2324005947441892 -11.152563094876029 -5.9063042560867647 3.5645848131988007 3.6834058814048767 -5.3824331527286109 -6.0218244946400326 11.331686444091797 -1.0319858373054753 -6.0445700008339349 -1.3841140852277243 -0.63968826136862889 -0.51953454486209416 1.0643448066529488 0.40409431962252063 -6.0842053945541386 7.8142774243788287 -3.8210415277010954 1.1497675211612997 4.0701978436638333 5.1366294892628988 -0.18852007326371581 0.31146601086439091 8.1397521331093525 -6.0368975015163429
leaf_weight=20 1936 69 28 32 1153 22 21 28 21 22 58 39 35 29 24 911 35 62 1939 7065 2109 11161 24 21 70 51 33 35 3402 85 21 24
leaf_count=20 1936 69 28 32 1153 22 21 28 21 22 58 39 35 29 24 911 35 62 1939 7065 2109 11161 24 21 70 51 33 35 3402 85 21 24
internal_value=0.0010156 0.578144 2.39771 6.92391 -0.0514973 -0.938105 -0.761085 -0.553663 -6.58483 0.34006 0.404191 2.84826 0.175935 -0.695039 6.72865 -0.00925527 -2.36494 -1.27036 0.00411138 0.082794 -0.155342 0.249561 -0.399912 0.219425 0.111845 3.17407 0.533151 1.2126 -0.366878 0.50019 1.92398 -1.12577
internal_weight=30585 2550 294 60 28035 1274 1252 1210 42 2256 2234 156 93 1182 63 26761 150 130 26611 22274 9174 13100 4337 2078 2006 72 95 234 4313 199 106 93
internal_count=30585 2550 294 60 28035 1274 1252 1210 42 2256 2234 156 93 1182 63 26761 150 130 26611 22274 9174 13100 4337 2078 2006 72 95 234 4313 199 106 93
is_linear=0
shrinkage=0.05


Tree=120
num_leaves=31
num_cat=0
split_feature=10 8 4 12 1 4 17 8 1 11 6 14 5 11 17 10 8 13 13 0 26 26 5 18 2 11 11 1 8 17
split_gain=367237 376573 398710 374568 357383 316458 349508 590299 752835 575534 879336 799403 380950 484505 385021 357635 310710 295380 708272 428361 279245 523477 258577 262092 560698 485944 212780 231723 208403 71629.2
threshold=2739.3066488678764 2700.8174739057463 1.0322299932651813 31864.500000000004 0.032970904195650928 0.95345179898211219 0.81174490092936691 2567.8214038401825 0.044535469120534847 576.46600801760758 25651.764166666671 0.78656609248549325 -1504.4999999999998 739.19286622200468 1.0000000180025095e-35 2324.5456906905015 3302.9503335992745 34658.780000000006 36444.31500000001 0.40394941000572954 19.551900000000007 19.378050000000005 -89.529999999999987 -0.5 0.468835099884162 472.37178621456525 448.97942493170416 0.062158159500752833 2970.0870861186709 -0.22252093395631442
decision_type=2 2 2 2 2 2 2 2 2 2 2 2 2 2 2 2 2 2 2 2 2 2 2 2 2 2 2 2 2 2
left_child=5 2 3 -2 -4 6 7 12 -9 20 -11 -12 14 -14 -1 -10 22 -3 -19 28 21 -8 -7 24 -24 -25 27 -6 -20 -5
right_child=1 17 4 29 26 16 9 8 15 10 11 -13 13 -15 -16 -17 -18 18 19 -21 -22 -23 23 25 -26 -27 -28 -29 -30 -31
leaf_value=-6.1555916695935382 -3.7562260386076844 -3.9365427434766618 9.201568454197476 1.0665737713466992 -2.906435921986898 4.2409464119576121 0.074276857884292308 3.1965592421254807 -10.246940799528552 -4.6282257325832665 2.9798996196746828 13.094068368982386 -0.39658836224731991 3.8186750076128089 0.76711605735123156 -3.7736117946791961 4.7132905784911578 9.2137817266713018 3.9615008754079994 -5.0023916804459363 -4.3859547459377968 8.0343539882841579 -3.1765902124708281 0.096603565556870899 -0.14112352068711093 1.2783911492914739 6.8920970352172866 3.7118281767103412 0.062022390319750868 5.1295917797088633
leaf_weight=55 32 36 34 21 20 36 1255 30 30 25 74 26 5707 68 31 76 35 22 43 35 33 20 155 15386 6142 921 24 35 155 23
leaf_count=55 32 36 34 21 20 36 1255 30 30 25 74 26 5707 68 31 76 35 22 43 35 33 20 155 15386 6142 921 24 35 155 23
internal_value=0.000949879 1.37161 3.10304 0.293758 4.97327 -0.0209488 -0.304122 -0.471746 -3.71628 0.397207 3.62459 5.71324 -0.395837 -0.346301 -3.68 -5.68438 0.0718488 0.240275 0.843037 0.0166471 0.0862419 0.205343 0.0644654 0.0576262 -0.216335 0.163424 3.06116 1.29617 0.924555 3.25733
internal_weight=30585 480 189 76 113 30105 7430 5997 136 1433 125 100 5861 5775 86 106 22675 291 255 233 1308 1275 22640 22604 6297 16307 79 55 198 44
internal_count=30585 480 189 76 113 30105 7430 5997 136 1433 125 100 5861 5775 86 106 22675 291 255 233 1308 1275 22640 22604 6297 16307 79 55 198 44
is_linear=0
shrinkage=0.05


Tree=121
num_leaves=40
num_cat=0
split_feature=1 7 26 23 15 8 7 22 12 1 7 4 9 9 1 9 1 7 15 15 23 2 1 15 24 19 2 8 8 15 18 6 13 7 26 2 9 1 12
split_gain=352600 402003 341159 315125 470179 593778 432933 439739 372560 435044 430790 386266 607696 359598 350248 263055 260108 258254 292757 248581 286859 285509 185121 239834 125953 210605 398592 100574 131639 162705 130860 133816 95779.4 89272.6 53277.1 38115.2 9337.01 5721.52 5645.74
threshold=0.061552621303690887 98.947161985937527 24.444700000000001 3.5113512000000004 0.1294095225512602 2396.8939039273037 311.59924285531133 1.0000000180025095e-35 46979.000000000007 0.13309314721995116 430.44667324903764 1.7503628991891083 1444.143480146038 3199.5985812441477 0.14551972909613339 2273.1114059773076 0.0069896247588919986 867.10914946797095 -0.12940952255126034 0.96592582628906831 4.5945386500000014 0.55165511270234202 0.12244085274588928 -0.12940952255126034 3.5225491500000001 -0.24999999999999994 0.70281878777878048 675.15669659905097 1456.0179500695344 1.0000000180025095e-35 0.93301270189221952 25324.271666666671 32155.305000000004 227.86323106887073 7.8938000000000006 0.68420491364160196 431.30090789025417 0.04124901574957867 37945.500000000007
decision_type=2 2 2 2 2 2 2 2 2 2 2 2 2 2 2 2 2 2 2 2 2 2 2 2 2 2 2 2 2 2 2 2 2 2 2 2 2 2 2
left_child=1 24 3 4 6 15 14 -8 11 10 -10 13 -13 -5 -2 -6 -3 19 -19 21 -21 -18 23 32 25 36 -27 30 29 -29 34 -32 -4 -25 -26 -30 37 -1 -38
right_child=2 16 22 8 5 -7 7 -9 9 -11 -12 12 -14 -15 -16 -17 17 18 -20 20 -22 -23 -24 33 27 26 -28 28 35 -31 31 -33 -34 -35 -36 -37 38 -39 -40
leaf_value=1.3475018928527831 0.2075131103529082 6.0162592465536946 -1.450029703604764 -0.35263056362144801 -0.06031582850668208 -8.4071276630054825 8.9881459592183415 2.1925958191371353 1.6487449083305963 7.1213402002232691 -4.3179879539161927 -0.0024390645269404126 5.1426230455881141 2.1941374439937724 2.3267187157942084 -5.6941319974263518 -0.11322984763331867 7.5591745878148977 -0.029052555757761001 -0.26319641738761823 2.2023527157055045 0.58407614458567958 -0.99290347284740865 2.8188484651811665 -0.1148518316832083 0.1992949940381866 8.3775726764678957 -2.4193290726695742 1.8519036338387467 -0.19715358445195447 -4.5533292695750367 -0.65462809650505438 2.8221736339728043 6.5871542094945914 0.25827093389453937 -0.099264561136262142 -0.49561321732707508 0.25331063871383669 0.18517989391688822
leaf_weight=24 840 20 28 14073 1554 21 29 121 223 30 34 186 82 139 253 20 2326 26 24 171 378 3977 35 30 3277 37 24 174 40 156 22 535 23 39 1350 64 38 24 138
leaf_count=24 840 20 28 14073 1554 21 29 121 223 30 34 186 82 139 253 20 2326 26 24 171 378 3977 35 30 3277 37 24 174 40 156 22 535 23 39 1350 64 38 24 138
internal_value=0.000956424 0.200727 -0.143306 -0.163926 0.318535 -0.249583 1.04716 3.55726 -0.256663 1.52413 0.845676 -0.292062 1.58504 -0.327569 0.699735 -0.135475 0.459209 0.442236 3.98758 0.415787 1.4353 0.326771 2.18466 3.11204 -0.102401 0.921185 3.50028 -0.154483 -0.884747 -1.37263 -0.0931866 -0.816509 0.493775 5.01251 -0.00595403 0.661627 0.206384 0.816843 0.0361926
internal_weight=30585 12825 17760 17605 2838 1595 1243 150 14767 287 257 14480 268 14212 1093 1574 6922 6902 50 6852 549 6303 155 120 5903 285 61 5618 434 330 5184 557 51 69 4627 104 224 48 176
internal_count=30585 12825 17760 17605 2838 1595 1243 150 14767 287 257 14480 268 14212 1093 1574 6922 6902 50 6852 549 6303 155 120 5903 285 61 5618 434 330 5184 557 51 69 4627 104 224 48 176
is_linear=0
shrinkage=0.05


Tree=122
num_leaves=38
num_cat=0
split_feature=1 7 7 1 7 0 26 9 12 18 4 7 26 7 4 9 23 17 24 17 7 3 10 9 17 1 23 0 6 7 6 13 17 7 8 4 13
split_gain=325247 573865 381018 539393 331600 435473 371691 402157 323817 356820 484194 596733 426380 519291 329185 323922 379848 303178 285226 849029 467911 256308 1.21094e+06 894239 237732 214715 199644 259176 136061 122466 94693.9 88633.5 103452 80082.9 38873.2 27611.4 2363.93
threshold=0.07815191598035949 926.39038297204081 5.3583119206558498 0.19305214367951343 124.58725464009248 0.37139645012019734 8.5611500000000014 3151.2881327577629 43787.500000000007 -0.6830127018922193 1.1137571098904708 385.01845853232277 17.941550000000003 370.05562067166494 1.0943839603903598 3199.5985812441477 8.6108230000000017 1.0000000180025095e-35 12.333636000000002 1.0000000180025095e-35 576.58915984026874 0.87297218027408441 1940.014878896319 28.63519445162547 1.0000000180025095e-35 0.22031234280403358 1.1909210000000001 0.4088404931586393 20008.381666666672 209.63940574600554 27879.015833333335 22921.570000000003 1.0000000180025095e-35 1.7693273249412476 1273.3079118111889 0.98581852781659929 41588.225000000006
decision_type=2 2 2 2 2 2 2 2 2 2 2 2 2 2 2 2 2 2 2 2 2 2 2 2 2 2 2 2 2 2 2 2 2 2 2 2 2
left_child=1 4 3 26 28 6 29 -8 15 12 14 -12 13 -10 -11 21 -17 -18 20 -20 -7 22 -4 -23 -14 -5 30 34 35 -6 -2 32 -30 -33 -28 -1 -32
right_child=2 -3 8 25 5 18 7 -9 9 10 11 -13 24 -15 -16 16 17 -19 19 -21 -22 23 -24 -25 -26 -27 27 -29 31 -31 36 33 -34 -35 -36 -37 -38
leaf_value=-1.5346153800964357 5.6249754996921713 6.2897431623308284 -0.18249737964497645 9.9671573522686963 -0.36702104105802869 0.011633407782461573 1.2756602323333728 -2.8457553256925991 -0.22159763659200366 1.0245470774055387 2.4803497637606959 12.098739475068591 6.6909414264134002 -5.0745056735965566 -5.0823196087712832 6.3222790368199346 -2.9858383419530261 3.8200072580973305 -0.27977192401451789 1.7838755232331527 -2.1788535771626187 6.6682038754508612 7.1311920771682473 -0.6610002127456186 0.11098732505525861 2.7618203399294905 2.13738994661967 -5.2961854618245914 -0.71896119946525205 -3.9462329402451335 1.1225978911441306 -1.017298871864021 3.8922336441675824 -0.052610102980137921 0.10575733481226741 -4.0945547042109753 1.9946853135880969
leaf_weight=24 22 37 8001 23 300 3185 2086 60 247 553 73 20 27 70 22 39 35 29 1183 860 263 41 56 4653 27 20 29 21 20 25 22 220 29 8112 110 21 20
leaf_count=24 22 37 8001 23 300 3185 2086 60 247 553 73 20 27 70 22 39 35 29 1183 860 263 41 56 4653 27 20 29 21 20 25 22 220 29 8112 110 21 20
internal_value=0.000975108 0.152362 -0.174626 1.69277 0.138122 0.369476 0.920559 1.15916 -0.210634 0.638017 1.32785 4.65558 -0.604266 -1.30582 0.782467 -0.279275 2.50001 0.109308 0.12136 0.589365 -0.15603 -0.301921 -0.130784 -0.595575 3.46289 6.75489 0.695299 -0.252455 -0.080508 -0.653621 3.03219 -0.065615 2.03328 -0.0782016 0.541898 -2.7924 1.57472
internal_weight=30585 16425 14160 267 16388 7962 2471 2146 13893 1039 668 93 371 317 575 12854 103 64 5491 2043 3448 12751 8057 4694 54 43 224 160 8426 325 64 8381 49 8332 139 45 42
internal_count=30585 16425 14160 267 16388 7962 2471 2146 13893 1039 668 93 371 317 575 12854 103 64 5491 2043 3448 12751 8057 4694 54 43 224 160 8426 325 64 8381 49 8332 139 45 42
is_linear=0
shrinkage=0.05


Tree=123
num_leaves=45
num_cat=0
split_feature=15 4 9 6 15 1 8 1 15 9 23 12 13 9 12 9 15 1 5 8 9 1 19 2 0 0 8 0 23 1 21 4 23 26 0 17 5 8 6 26 8 16 23 0
split_gain=333584 395749 572012 382739 372932 781500 636147 424120 321493 476354 418746 368045 564948 561639 548033 538295 500085 484603 276514 255286 412500 378328 242735 239256 303850 268613 395950 235381 234235 384290 253535 220405 205057 243627 201321 164169 204358 154613 224215 154092 100492 96504.2 91614.2 55844.7
threshold=0.96592582628906831 1.1636545937468423 1679.8958772287044 27879.015833333335 0.9159756150367534 0.20179298745144222 1928.6294953818244 0.034612725495734666 -0.9829629131445341 2148.5964702371089 8.4368815000000019 33983.500000000007 30488.450000000004 2895.5032941072968 30991.000000000004 162.58200991215867 -0.5 0.17475777883368729 -153.40499999999994 1135.0050216201496 1169.3710645709209 0.13522422607677229 -0.24999999999999994 0.50037820397095156 0.48643883837795626 0.50703107733017883 2131.9594740145162 0.4711049549032259 7.4899308000000007 0.08224046762484212 1.0000000180025095e-35 1.0000010416688372 5.6664435000000006 18.579800000000002 0.44803637224076576 -0.22252093395631442 298.97000000000008 581.70190876608717 26490.769166666669 13.460950000000002 1821.205440764641 1.0000000180025095e-35 7.0548860000000007 0.44803637224076576
decision_type=2 2 2 2 2 2 2 2 2 2 2 2 2 2 2 2 2 2 2 2 2 2 2 2 2 2 2 2 2 2 2 2 2 2 2 2 2 2 2 2 2 2 2 2
left_child=4 19 22 -4 8 6 28 -8 9 32 -11 13 16 17 -15 -14 -13 -10 -9 20 37 41 34 25 27 -21 -27 -25 29 -6 -30 -26 40 -34 -3 39 -37 43 -39 -24 -1 -22 -36 -2
right_child=1 2 3 -5 5 -7 7 18 11 10 -12 12 15 14 -16 -17 -18 -19 -20 23 21 -23 35 24 31 26 -28 -29 30 -31 -32 -33 33 -35 42 36 -38 38 -40 -41 -42 -43 -44 -45
leaf_value=0.35361195083984664 -0.68099739034283668 7.2523698270888559 10.761869250330433 2.7146156988721906 0.1212367257129863 -10.018560431107231 1.7827199915739209 -10.171081024706364 -0.070447718353844779 -1.0568864232301711 -9.4545365290806203 0.74319386982151669 6.7151855074974796 -11.197070703506469 -1.6541442336082459 0.11956407517235666 4.3517186395191167 -1.3520201962030542 -3.9513542668970234 -4.3428032674016182 -3.0091688696791734 -8.0173960580825803 -0.5116064976056417 1.5422285153439264 6.60917834058721 -0.95360200755231017 5.4383578798847818 -1.5396048225628007 0.23463078838093576 -2.3004131103871606 5.066290459180701 0.76446016091566815 -0.54762222829261287 -2.6773880500925915 3.294816252489885 0.37702043235301974 -4.8918690571002665 5.1946324059058888 0.62931949548482269 5.0964866283961712 3.7486583677927658 1.4801677125692367 0.13292112975650364 0.088431921324811855
leaf_weight=241 375 20 28 32 378 22 25 23 9326 31 28 282 30 21 49 14834 145 800 82 36 23 29 29 450 46 110 30 71 428 288 28 25 790 161 47 43 31 28 378 20 23 23 44 632
leaf_count=241 375 20 28 32 378 22 25 23 9326 31 28 282 30 21 49 14834 145 800 82 36 23 29 29 450 46 110 30 71 428 288 28 25 790 161 47 43 31 28 378 20 23 23 44 632
internal_value=0.00100284 0.548406 2.2707 6.58494 -0.0488053 -0.88426 -0.715881 -4.01311 -0.00900042 -0.78382 -5.13345 0.029759 0.184907 -0.202912 -4.63448 0.133327 1.97589 -0.171822 -5.39692 0.323049 -0.0591868 -3.6476 1.14115 1.06275 1.54335 -0.553358 0.444924 1.12009 -0.330611 -0.927835 0.541759 4.59045 -0.568552 -0.910621 2.82538 -0.389257 -1.86595 0.133723 0.956171 1.83346 0.662441 -0.78066 1.7841 -0.198485
internal_weight=30585 2550 294 60 28035 1274 1252 130 26761 1274 59 25487 15291 10196 70 14864 427 10126 105 2256 1488 75 234 768 592 176 140 521 1122 666 456 71 1215 951 111 123 74 1413 406 49 264 46 91 1007
internal_count=30585 2550 294 60 28035 1274 1252 130 26761 1274 59 25487 15291 10196 70 14864 427 10126 105 2256 1488 75 234 768 592 176 140 521 1122 666 456 71 1215 951 111 123 74 1413 406 49 264 46 91 1007
is_linear=0
shrinkage=0.05


Tree=124
num_leaves=32
num_cat=0
split_feature=10 12 12 8 12 15 11 8 22 23 26 26 10 12 1 11 17 15 23 5 10 5 9 9 8 11 9 5 1 11 23
split_gain=334105 387535 637352 600729 496870 314349 505956 1.15508e+06 1.21682e+06 356211 561263 687986 442135 336893 335853 334585 968408 2.24758e+06 1.07339e+06 666257 728526 376780 305870 594862 304890 277162 231180 313035 188756 103589 82647.7
threshold=2739.3066488678764 29500.500000000004 30424.500000000004 2700.8174739057463 33813.500000000007 -0.9159756150367534 709.18839906504832 1642.3785908357577 4.5000000000000009 4.1561886500000007 18.611300000000004 18.596550000000004 1998.6334189596382 38968.500000000007 0.24704976018373964 560.65504025192899 -0.56174490092936669 0.25881904510252057 13.260953500000001 749.93500000000017 2289.661802668134 -1227.9999999999998 1911.1456186422686 2345.2743751583434 1135.0050216201496 441.98575352340697 1287.4162629641171 199.99000000000015 0.12907691640303154 777.22274205627548 5.0056112500000003
decision_type=2 2 2 2 2 2 2 2 2 2 2 2 2 2 2 2 2 2 2 2 2 2 2 2 2 2 2 2 2 2 2
left_child=5 -2 -3 22 -5 6 9 13 -9 12 11 -11 28 -8 15 19 17 -17 -18 21 -21 -7 -4 -24 -12 -6 30 29 -1 -28 -16
right_child=1 2 3 4 25 14 7 8 -10 10 24 -13 -14 -15 26 16 18 -19 -20 20 -22 -23 23 -25 -26 -27 27 -29 -30 -31 -32
leaf_value=-1.6663069792726438e-05 7.9541582616170246 -7.5124550238109782 -1.6597233079238372 -7.1857398692044345 -0.25161855940140931 -2.2702002631383569 -1.9194521756966911 -14.557543714250839 0.86136367638905842 -0.30481073282299881 -1.0209170918528976 8.1990943896770485 7.3175123002981906 5.7342793611685439 2.4827312803268438 2.4870795763443256 1.6812672531578272 -6.4301640346084827 -5.873688264185069 1.3271752506244567 8.353380318348119 -0.0051219767648081832 9.8015744324428269 2.5526582760860523 -3.4382466663789311 3.5907941425994774 -3.9989405770735313 -0.15004480731898343 2.5215097277557725 -9.1051335342407214 -1.9037832087562199
leaf_weight=316 20 20 21 21 203 184 35 34 20 2649 328 23 25 23 21 144 1180 137 48 309 41 24182 40 95 217 60 21 28 96 24 20
leaf_count=316 20 20 21 21 203 184 35 34 20 2649 328 23 25 23 21 144 1180 137 48 309 41 24182 40 95 217 60 21 28 96 24 20
internal_value=0.000946545 1.30831 1.00273 1.40595 0.0337262 -0.019941 -0.447161 -3.74246 -8.93492 -0.345158 -0.527158 -0.228569 0.992777 1.16131 0.0411583 0.0529795 0.775513 -1.86784 1.38142 0.00883641 2.17171 -0.0223194 3.88794 4.7568 -1.98796 0.63524 -2.65501 -4.32387 0.592194 -6.86109 0.348468
internal_weight=30585 480 460 440 284 30105 3766 112 54 3654 3217 2672 437 58 26339 26225 1509 281 1228 24716 350 24366 156 135 545 263 114 73 412 45 41
internal_count=30585 480 460 440 284 30105 3766 112 54 3654 3217 2672 437 58 26339 26225 1509 281 1228 24716 350 24366 156 135 545 263 114 73 412 45 41
is_linear=0
shrinkage=0.05


Tree=125
num_leaves=32
num_cat=0
split_feature=10 12 12 8 6 7 8 12 5 0 5 12 1 8 19 23 26 11 8 11 17 3 10 7 18 0 26 0 11 1 11
split_gain=301900 351770 577749 543368 474246 257491 525152 690345 635755 578571 558083 365552 320818 255282 252669 576571 1.78394e+06 733318 431298 400191 779622 790810 626736 379220 708203 344920 981696 350289 343350 187507 360937
threshold=2739.3066488678764 29500.500000000004 30424.500000000004 2700.8174739057463 32165.270833333339 867.10914946797095 2921.6531414937131 38318.500000000007 -499.99999999999983 0.4745102917073255 253.01000000000002 36477.500000000007 0.11573843638251087 2970.0870861186709 -0.68301270189221952 9.1535640000000011 18.579800000000002 478.87360381594812 3302.9503335992745 400.20756300939792 -0.56174490092936669 0.060841725232787365 2046.8312322561817 390.17570595671549 0.25000000000000006 0.47225895453051486 19.378050000000005 0.55259521540536871 351.01163321540656 0.026910358561047291 456.93634900424689
decision_type=2 2 2 2 2 2 2 2 2 2 2 2 2 2 2 2 2 2 2 2 2 2 2 2 2 2 2 2 2 2 2
left_child=5 -2 -3 29 -5 14 7 8 -7 -10 -9 -8 -13 -6 19 25 18 -18 -17 23 22 -22 -21 28 -25 26 -16 -27 -1 -4 -31
right_child=1 2 3 4 13 6 11 10 9 -11 -12 12 -14 -15 15 16 17 -19 -20 20 21 -23 -24 24 -26 27 -28 -29 -30 30 -32
leaf_value=0.072221572969345754 7.5753887049357109 -7.1547190675281342 7.2101405396000038 -6.4072925905080957 3.3343621725199828 -6.6771887434005741 2.5815400969440292 11.421106012761593 -0.99098713020483664 4.4492553116798401 2.4300214153826243 -0.63380870675756817 -9.2424718079964308 -0.24672222571274671 0.12575638104801357 -0.4703190578946852 -2.4343290106240008 -9.8007414556571426 5.2652368927001953 0.11023799312966209 -6.451386955181758 2.8663161706267779 -6.8571211849451066 3.2689365169442732 -1.1308944372579355 -0.51544884895389953 5.2835080469295548 0.6820981713874178 -1.975472111283753 1.28074092439155 7.5052917586603476
leaf_weight=6870 20 20 30 25 66 24 21 31 95 99 39 20 23 193 11553 4969 67 69 32 167 23 471 39 242 146 4086 92 717 210 96 30
leaf_count=6870 20 20 30 25 66 24 21 31 95 99 39 20 23 193 11553 4969 67 69 32 167 23 471 39 242 146 4086 92 717 210 96 30
internal_value=0.000894726 1.24365 0.952516 1.33643 0.0313633 -0.0189606 1.3235 2.23369 0.834936 1.79377 6.51664 -2.74362 -5.34396 0.675128 -0.034887 -0.124518 -0.586867 -6.21599 -0.432573 0.201961 1.34422 2.42033 -1.23555 0.0947269 1.61467 0.0199081 0.166955 -0.336571 0.0112138 3.69694 2.81024
internal_weight=30585 480 460 440 284 30105 352 288 218 194 70 64 43 259 29753 21585 5137 136 5001 8168 700 494 206 7468 388 16448 11645 4803 7080 156 126
internal_count=30585 480 460 440 284 30105 352 288 218 194 70 64 43 259 29753 21585 5137 136 5001 8168 700 494 206 7468 388 16448 11645 4803 7080 156 126
is_linear=0
shrinkage=0.05


Tree=126
num_leaves=37
num_cat=0
split_feature=15 4 9 15 1 8 1 6 11 11 5 23 12 15 21 3 16 11 26 16 16 11 1 26 19 22 5 5 15 0 26 15 16 1 18 11
split_gain=302217 348424 510891 343597 704389 587574 378192 336158 317520 369066 563763 495400 286337 584825 995206 1.5054e+06 1.07102e+06 525002 496949 942443 303892 273306 310934 297135 269155 382423 249917 239603 238311 231467 210846 194308 170700 188994 133075 113221
threshold=0.96592582628906831 1.1636545937468423 1679.8958772287044 0.9159756150367534 0.20179298745144222 1928.6294953818244 0.034612725495734666 27879.015833333335 866.73822657055348 560.65504025192899 195.01000000000013 7.3371658000000011 44332.500000000007 -0.5 1.0000000180025095e-35 1.1631911838847659 -0.60785761079279388 478.87360381594812 16.400150000000004 -0.60785761079279388 0.6078576107927941 456.93634900424689 0.095800802092079362 18.583150000000003 -0.68301270189221952 2.5000000000000004 -153.40499999999994 -162.54999999999995 -0.12940952255126034 0.42420831803485737 19.406600000000001 -0.9159756150367534 -0.8783796973249266 0.084721040309403542 0.93301270189221952 193.88810081328435
decision_type=2 2 2 2 2 2 2 2 2 2 2 2 2 2 2 2 2 2 2 2 2 2 2 2 2 2 2 2 2 2 2 2 2 2 2 2
left_child=3 8 29 12 5 21 -7 -4 9 30 11 -11 13 14 16 -16 -1 24 27 -20 31 22 -5 -23 25 -14 -8 -15 -26 -3 34 -19 -31 -34 -2 -32
right_child=1 2 7 4 -6 6 26 -9 -10 10 -12 -13 17 18 15 -17 -18 20 19 -21 -22 23 -24 -25 28 -27 -28 -29 -30 32 35 -33 33 -35 -36 -37
leaf_value=-1.0651938586284437 0.25666622882814644 4.7604010963108809 10.130168603042076 0.096013249114114158 -9.5204624889207921 1.6175293086125302 -9.7036864775419236 2.5861781458421191 -5.534832727183467 2.8200353050690432 -3.8043809491112124 12.030076786222912 2.8805307278306209 -0.98757822134481954 -1.632890080794692 -10.805380958108341 0.13139727910469942 2.3260378908074424 1.6003285289959217 0.099359162895370542 -0.17334977238266558 6.6042583241955999 -1.7226854645303318 -0.47841080565606386 0.3600557031868139 -0.28663937620468666 -3.7890968196641612 0.00092518782378634757 -1.5457733484652043 3.8783470752239233 0.50058086559642101 8.2907756089001179 1.0656451261264308 -2.3634241013973951 -1.0896236069778016 3.7555635515848795
leaf_weight=2769 1831 35 28 715 22 25 23 32 22 51 20 20 226 650 369 50 5755 22 1482 3548 26 28 349 30 955 164 82 10508 197 29 47 40 107 63 203 62
leaf_count=2769 1831 35 28 715 22 25 23 32 22 51 20 20 226 650 369 50 5755 22 1482 3548 26 28 349 30 955 164 82 10508 197 29 47 40 107 63 203 62
internal_value=0.00085731 0.521888 2.13793 -0.0465512 -0.848475 -0.688611 -3.85746 6.21514 0.310431 0.370447 3.47154 5.54553 -0.00834394 -0.0500072 -0.374498 -2.75059 -0.257391 0.633645 0.129268 0.541824 4.36787 -0.318341 -0.501586 2.99471 0.417842 1.55136 -5.16404 -0.0567421 0.0330834 1.07047 0.237203 6.24485 0.400905 -0.211488 0.12183 2.36939
internal_weight=30585 2550 294 28035 1274 1252 130 60 2256 2234 91 71 26761 25131 8943 419 8524 1630 16188 5030 88 1122 1064 58 1542 390 105 11158 1152 234 2143 62 199 170 2034 109
internal_count=30585 2550 294 28035 1274 1252 130 60 2256 2234 91 71 26761 25131 8943 419 8524 1630 16188 5030 88 1122 1064 58 1542 390 105 11158 1152 234 2143 62 199 170 2034 109
is_linear=0
shrinkage=0.05


Tree=127
num_leaves=39
num_cat=0
split_feature=10 12 12 3 6 4 10 18 22 7 22 7 6 13 14 0 11 11 21 22 11 10 6 11 7 11 11 13 11 13 11 11 11 11 14 7 7 11
split_gain=269598 313511 527327 479110 346237 265715 404808 513421 913867 618717 598190 717442 631843 530797 266978 495667 945506 472493 893904 911309 798269 583693 565149 433961 316482 337673 263734 249515 275612 729424 408804 267289 398428 242043 157505 153462 407864 366469
threshold=2739.3066488678764 29500.500000000004 30424.500000000004 2.1005746971663721 32165.270833333339 1.1217164099534516 1677.7554946954856 -0.5 5.5000000000000009 631.16248673136681 5.5000000000000009 370.05562067166494 37408.848333333342 44360.615000000013 -0.70710678118654735 0.46462162509319233 576.46600801760758 375.17067062483983 1.0000000180025095e-35 2.5000000000000004 866.73822657055348 1940.014878896319 27735.360000000004 209.63030065910314 995.43244380087151 777.22274205627548 448.97942493170416 28058.465 497.39075132390343 32705.740000000002 464.25703865863346 488.30152107479847 668.06494927022538 295.04571564515408 0.37940952255126054 435.66904081343336 385.01845853232277 456.93634900424689
decision_type=2 2 2 2 2 2 2 2 2 2 2 2 2 2 2 2 2 2 2 2 2 2 2 2 2 2 2 2 2 2 2 2 2 2 2 2 2 2
left_child=5 -2 -3 35 -5 14 27 8 13 -10 12 -12 -9 -8 15 24 33 21 19 -19 -20 23 -23 -16 25 -1 -6 31 30 -30 -29 34 -33 -17 -7 36 -4 -37
right_child=1 2 3 4 26 6 7 10 9 -11 11 -13 -14 -15 17 16 -18 18 20 -21 -22 22 -24 -25 -26 -27 -28 28 29 -31 -32 32 -34 -35 -36 37 -38 -39
leaf_value=0.043917643038229245 7.1527448981148867 -6.8449412173316588 1.1780055498375102 -4.8204687392711643 -0.10935340664784113 2.1565622787057919 1.5467617450781233 0.34209690858697678 -8.4568511183202268 1.2621805561065675 2.0449049893329887 10.960867684012966 3.7873373239040378 -3.3529883084152683 -0.039571207153325114 0.42372108694759469 9.9668772876623919 0.45804466428208174 -2.8697536116648634 -1.5558349369182352 -12.532125626373292 6.0375341451168056 0.86399954927851419 -0.77581674778197551 -5.2344072917369866 3.0503067490427118 3.8391915167502639 -0.016086054321258224 2.4360684721348651 -4.4964025247431243 4.4438416970693151 9.8750539198375886 0.73527062251650055 3.2627478710613631 0.094397587395607385 -1.5645737163440603 7.8944939036607735 6.5942017187990931
leaf_weight=5548 20 20 42 31 209 136 340 445 49 24 57 37 189 65 12207 294 32 1103 156 1143 24 56 724 2393 27 94 52 4313 58 106 51 20 28 100 286 36 49 21
leaf_count=5548 20 20 42 31 209 136 340 445 49 24 57 37 189 65 12207 294 32 1103 156 1143 24 56 724 2393 27 94 52 4313 58 106 51 20 28 100 286 36 49 21
internal_value=0.00083293 1.17523 0.900372 1.26717 0.0895834 -0.0179301 0.273605 1.09541 -0.177734 -5.28761 1.93046 5.63287 1.3735 0.754048 -0.0936126 0.19199 1.83478 -0.19138 -0.839742 -0.567062 -4.22022 -0.0890609 1.24269 -0.16029 0.0682389 0.0945389 0.688962 0.0751255 -0.0387939 -2.04474 0.03704 1.17039 4.66743 1.15073 0.76252 3.57428 4.84113 1.50307
internal_weight=30585 480 460 440 292 30105 6204 1206 478 73 728 94 634 405 23901 6095 426 17806 2426 2246 180 15380 780 14600 5669 5642 261 4998 4528 164 4364 470 48 394 422 148 91 57
internal_count=30585 480 460 440 292 30105 6204 1206 478 73 728 94 634 405 23901 6095 426 17806 2426 2246 180 15380 780 14600 5669 5642 261 4998 4528 164 4364 470 48 394 422 148 91 57
is_linear=0
shrinkage=0.05


Tree=128
num_leaves=38
num_cat=0
split_feature=1 7 2 9 7 1 15 13 26 23 26 13 23 12 7 5 24 23 26 15 7 8 9 1 13 0 5 1 1 15 9 15 14 13 5 2 7
split_gain=277196 312556 645854 421157 617288 493742 392749 702110 488729 359857 305164 298426 548162 499675 363119 745164 501465 372743 835526 686629 335942 262713 455125 299756 254152 203883 202576 170920 164674 202405 161612 147565 147397 142081 124439 88474 74689.8
threshold=0.061552621303690887 266.73632456381978 0.71241336337890915 2131.9594740145162 777.36461542940708 0.013995159570631138 -0.78656609248549325 38312.140000000007 18.160600000000006 5.7639892500000007 24.444700000000001 26194.800000000007 6.2677238000000006 29932.500000000004 709.52667636726585 -999.99999999999977 5.4697012000000012 6.2677238000000006 18.583150000000003 0.37940952255126043 430.44667324903764 1562.9693154448792 708.38713674120231 0.028228882230358809 41421.180000000008 0.47344484209981913 -999.99999999999977 0.11269189017778734 0.12244085274588928 -0.12940952255126034 1799.3481316101695 0.78656609248549303 -0.37940952255126059 41019.980000000003 24.004999999999999 0.42815939556506483 227.86323106887073
decision_type=2 2 2 2 2 2 2 2 2 2 2 2 2 2 2 2 2 2 2 2 2 2 2 2 2 2 2 2 2 2 2 2 2 2 2 2 2
left_child=1 21 3 4 5 -3 7 -5 -8 -6 11 12 20 25 17 -16 -17 19 -19 -13 34 26 -23 31 -4 -14 -1 -22 29 35 32 -24 -28 -25 -2 -12 -31
right_child=10 2 24 6 9 -7 8 -9 -10 -11 28 14 13 -15 15 16 -18 18 -20 -21 27 22 23 33 -26 -27 30 -29 -30 36 -32 -33 -34 -35 -36 -37 -38
leaf_value=-4.5012109954833992 -2.7132676097535224 5.1993952705012632 9.7463985681720082 -6.2876568195713105 2.1771103258024564 0.71178013663199924 -2.6795470289015721 -0.40011453292586591 0.75083085377304104 11.456920789371837 2.187890305966139 0.58391080206697954 5.2168192664436681 -6.4160262869905544 -7.1952009804432215 -4.7364272831332306 1.8045051139787489 -0.17679721854594652 -1.5714053954327829 -0.41312816307273537 -3.7818774362043905 6.7486702508926388 2.0758329826090711 0.3784645435267025 3.0446983994123267 0.30146521492348627 0.28615227917958275 -10.452669003804525 -0.92257113642162736 2.682540628112132 -3.9311547158314633 6.8264995152609691 -0.126938428207474 -2.8219268249593132 1.1690465230991443 -1.9914605897665023 6.1377809678316115
leaf_weight=24 165 63 23 66 21 1471 118 208 814 21 31 3743 22 26 25 30 551 8285 1233 3204 21 34 82 224 38 257 3304 20 35 30 25 20 6229 40 23 20 39
leaf_count=24 165 63 23 66 21 1471 118 208 814 21 31 3743 22 26 25 30 551 8285 1233 3204 21 34 82 224 38 257 3304 20 35 30 25 20 6229 40 23 20 39
internal_value=0.000853129 0.17798 0.640396 0.527711 1.06561 0.899353 -0.17551 -1.83601 0.314101 6.97567 -0.127058 -0.146559 -1.30938 0.0801705 -0.11011 1.09089 1.4592 -0.154377 -0.357607 0.124076 -3.15242 0.0462262 1.30005 0.77687 5.68809 0.706321 -0.00624423 -7.20744 2.07467 2.94931 0.00551175 3.06462 0.0162473 -0.115243 -2.2346 0.542054 4.69536
internal_weight=30585 12825 2843 2782 1576 1534 1206 274 932 42 17760 17605 534 305 17071 606 581 16465 9518 6947 229 9982 400 366 61 279 9582 41 155 120 9558 102 9533 264 188 51 69
internal_count=30585 12825 2843 2782 1576 1534 1206 274 932 42 17760 17605 534 305 17071 606 581 16465 9518 6947 229 9982 400 366 61 279 9582 41 155 120 9558 102 9533 264 188 51 69
is_linear=0
shrinkage=0.05


Tree=129
num_leaves=35
num_cat=0
split_feature=15 10 5 13 16 2 15 1 8 1 17 15 9 15 16 16 1 6 8 9 22 22 10 17 10 8 1 4 9 18 9 4 1 9
split_gain=282890 317604 308970 340863 386575 302797 277107 638111 553364 334676 287077 1.10505e+06 802541 743904 2.1297e+06 1.90954e+06 710343 264708 237012 359499 512496 342518 485434 247210 223759 201509 187516 180415 157425 143302 142622 129051 48102.4 16916.3
threshold=0.96592582628906831 117.31523253839474 249.98999999999992 30032.720000000005 -0.8783796973249266 0.51670960265346821 0.9159756150367534 0.20179298745144222 1928.6294953818244 0.034612725495734666 0.81174490092936691 -0.12940952255126034 2111.7118711774119 -0.12940952255126034 -0.60785761079279388 -0.60785761079279388 0.20179298745144222 27945.633333333335 2443.5219297118733 2032.726412708347 1.5000000000000002 1.5000000000000002 2548.6437464042765 -0.22252093395631442 1962.7455307003709 1135.0050216201496 0.11031881853119817 1.1636545937468423 1169.3710645709209 -0.5 2626.1050338120644 0.29372940141148868 0.12805178196825531 71.155737247132606
decision_type=2 2 2 2 2 2 2 2 2 2 2 2 2 2 2 2 2 2 2 2 2 2 2 2 2 2 2 2 2 2 2 2 2 2
left_child=1 31 18 -4 27 26 10 8 24 -10 13 16 -13 15 -15 -3 -12 -7 19 25 -21 -20 -23 -22 -8 28 -6 -5 -2 -27 -24 32 33 -1
right_child=2 6 3 4 5 17 7 -9 9 -11 11 12 -14 14 -16 -17 -18 -19 21 20 23 22 30 -25 -26 29 -28 -29 -30 -31 -32 -33 -34 -35
leaf_value=-1.4051550919669016 0.14494803176238291 -1.2333018419321413 6.8101330184936515 2.1947495926343481 0.13404843339920045 7.4244541404360822 -0.40304039214830667 -9.0099007863583775 1.4740446568567021 -4.9067748038948711 1.0814658603439138 -0.16591335653289971 -3.8971392358858377 1.2226898542516218 -0.26096954706911957 0.1067110152432119 7.8155991857051852 1.150254322940653 6.8890125861763956 -9.2169594891866051 -3.6717215894063315 -4.2566991535309828 6.4354480493068698 2.803477177784361 2.8678405492089016 4.1754756090201832 -4.185225875628622 8.2647109314111571 -2.3675677056048925 0.96325114595833683 1.4584180286603097 -5.5863055490625317 -0.18110864428912896 -3.3862915645107154
leaf_weight=20 1525 3981 32 25 74 20 1061 22 25 105 1942 1641 157 3622 7276 7999 39 87 31 23 29 30 23 28 54 37 37 25 64 422 38 28 33 30
leaf_count=20 1525 3981 32 25 74 20 1061 22 25 105 1942 1641 157 3622 7276 7999 39 87 31 23 29 30 23 28 54 37 37 25 64 422 38 28 33 30
internal_value=0.000824159 -0.0450434 0.50492 2.00947 1.41306 0.493863 -0.034384 -0.75656 -0.6036 -3.67777 -3.19027e-05 0.403632 -0.493709 -0.0667243 0.232198 -0.338646 1.21792 2.38093 0.303507 0.180068 -3.08713 2.4376 0.862732 -0.497342 -0.242198 0.30914 -1.33018 5.33237 0.0423231 1.23071 3.40861 -2.70231 -1.67442 -2.63703
internal_weight=30585 28035 2550 300 268 218 27924 1267 1245 130 26657 3779 1798 22878 10898 11980 1981 107 2250 2128 80 122 91 57 1115 2048 111 50 1589 459 61 111 83 50
internal_count=30585 28035 2550 300 268 218 27924 1267 1245 130 26657 3779 1798 22878 10898 11980 1981 107 2250 2128 80 122 91 57 1115 2048 111 50 1589 459 61 111 83 50
is_linear=0
shrinkage=0.05


Tree=130
num_leaves=33
num_cat=0
split_feature=15 9 7 12 11 7 26 23 1 11 10 15 26 7 1 9 15 9 10 11 10 7 11 23 1 12 11 11 17 10 4 10
split_gain=264310 422968 397247 316070 554893 453858 414631 378414 259026 879128 315080 609218 298399 262799 692838 248559 231030 224367 211238 173189 273539 179014 168862 270355 140605 171626 94185.8 91853.7 58693.8 29691.3 12691.8 10420.9
threshold=-0.9829629131445341 2148.5964702371089 576.58915984026874 46979.000000000007 283.33987693072157 425.10869052098866 17.936000000000003 15.540659000000002 0.061552621303690887 777.22274205627548 2887.9072378709611 0.1294095225512602 24.444700000000001 7.2780746107896608 0.19305214367951343 3199.5985812441477 0.1294095225512602 2895.5032941072968 1983.9527159747879 709.18839906504832 2471.3939942877191 435.66904081343336 204.25273939992789 5.6664435000000006 0.12244085274588928 29587.500000000004 193.88810081328435 206.9757618120652 1.0000000180025095e-35 764.00236317173085 0.89374517103244011 1091.0918064102925
decision_type=2 2 2 2 2 2 2 2 2 2 2 2 2 2 2 2 2 2 2 2 2 2 2 2 2 2 2 2 2 2 2 2
left_child=1 19 -3 8 27 7 -7 18 9 10 17 -12 13 14 -10 -15 -11 -2 -6 20 22 -22 26 -24 25 -14 -1 29 -9 30 -5 -31
right_child=3 2 -4 4 5 6 -8 28 12 16 11 -13 24 15 -16 -17 -18 -19 -20 -21 21 -23 23 -25 -26 -27 -28 -29 -30 31 -32 -33
leaf_value=-0.27313601685548544 0.17716021955497518 -8.0103778908703784 0.34282553672790533 -0.23905017659068109 6.4054443497493354 -3.9588789737224581 4.3726239334685468 6.7189612585306167 0.41351065112898749 9.757489155275481 -0.5654734693680491 7.2695693653424573 4.1713966477625979 -0.18610100373416494 7.108499549599582 1.9298941791488655 2.9728635844874844 -1.0089001363645742 0.90846623295027273 -4.5388527840834403 6.6168539738655099 0.41463610465709988 1.4151880810374307 -2.240482183998572 -0.71413761491434924 -0.010448824895752801 3.0431928952173757 -3.3102972403026762 11.214264157613119 -0.1030127314112726 1.1477050963954794 -1.1910064567838397
leaf_weight=801 11554 36 23 21 28 31 27 23 383 27 55 44 81 16063 42 139 25 412 45 25 21 25 62 260 34 35 21 20 20 104 71 27
leaf_count=801 11554 36 23 21 28 31 27 23 383 27 55 44 81 16063 42 139 25 412 45 25 21 25 62 260 34 35 21 20 20 104 71 27
internal_value=0.000798142 -0.703936 -4.80252 0.0314525 1.39652 3.54324 -0.0719603 5.33604 0.0117039 0.187851 0.159611 2.95459 -0.11552 -0.135607 1.09028 -0.167829 6.61338 0.136242 3.07503 -0.501121 -0.41255 3.32673 -0.565685 -1.53438 2.09718 2.92029 -0.184811 -0.148832 9.01726 0.148197 0.831943 -0.334618
internal_weight=30585 1274 59 29311 417 174 58 116 28894 12117 12065 99 16777 16627 425 16202 52 11966 73 1215 1190 46 1144 322 150 116 822 243 43 223 92 131
internal_count=30585 1274 59 29311 417 174 58 116 28894 12117 12065 99 16777 16627 425 16202 52 11966 73 1215 1190 46 1144 322 150 116 822 243 43 223 92 131
is_linear=0
shrinkage=0.05


Tree=131
num_leaves=49
num_cat=0
split_feature=5 14 7 26 26 6 7 16 26 12 4 5 4 26 7 9 22 8 12 12 23 11 8 14 23 7 6 4 9 11 11 26 8 22 22 5 26 4 7 17 11 26 0 11 9 0 8 23
split_gain=245221 386656 891493 490829 1.36922e+06 1.29976e+06 1.29661e+06 1.2866e+06 1.27397e+06 921328 869984 701627 447808 429586 1.59848e+06 475056 419037 657114 347455 319160 275998 248092 268266 239014 436954 513987 331032 323005 369733 276462 232305 222692 210357 315247 202895 189680 420171 451282 430316 172353 774638 201203 143825 206927 109164 50135.4 27740.7 21180.4
threshold=50.000000000000014 0.98296291314453432 425.10869052098866 18.576600000000003 18.605350000000005 26971.845000000005 687.70773411900234 -0.8783796973249266 18.613500000000005 36185.500000000007 1.1922634221266948 449.00500000000017 1.1409968804727437 18.549850000000003 425.10869052098866 2895.5032941072968 5.5000000000000009 1194.9540858527089 30678.500000000004 26480.000000000004 8.8613665000000008 430.40480358111773 1821.205440764641 0.91597561503675362 9.6949885000000027 255.08632852354148 20505.477500000005 0.99891211525464996 1642.3785908357577 40.64548631014177 866.73822657055348 19.166 3302.9503335992745 5.5000000000000009 2.5000000000000004 -1504.4999999999998 18.589750000000006 0.39550427423027895 435.66904081343336 0.81174490092936691 544.86233109898774 19.382950000000005 0.34910156541691056 412.5423184596591 680.58438609036352 0.47810391946109437 1468.1825736499293 7.8633765000000002
decision_type=2 2 2 2 2 2 2 2 2 2 2 2 2 2 2 2 2 2 2 2 2 2 2 2 2 2 2 2 2 2 2 2 2 2 2 2 2 2 2 2 2 2 2 2 2 2 2 2
left_child=23 3 16 6 5 10 13 -7 12 11 -5 -8 -6 15 -15 -2 21 -18 34 -10 -11 22 -3 32 29 26 -26 28 -27 46 31 -31 35 42 -4 36 38 -38 -1 41 -41 -37 -34 -44 -28 -29 47 -25
right_child=1 2 18 4 8 7 9 -9 19 20 -12 -13 -14 14 -16 -17 17 -19 -20 -21 -22 -23 -24 24 25 27 44 45 -30 30 -32 -33 33 -35 -36 39 37 -39 -40 40 -42 -43 43 -45 -46 -47 -48 -49
leaf_value=-3.9869470558744489 0.33674946335055372 -0.45487571785732506 5.5327874612808232 -13.085369457488364 3.719368126496025 8.54317701997428 11.882321927785874 -2.6332414808262996 3.2135790831109752 -3.5308361597855886 -3.5576554209223161 1.5635876586914064 12.312757623990377 10.784358715905084 -0.83753646384025449 -2.5821528472916948 -0.68246945075988774 11.401733283542452 2.2461934683941034 -0.24018766203955627 3.0626725363224114 -5.5293238228843329 5.5296892913182587 1.0448371891555461 5.0551406942172488 -4.9752386131740751 -1.014225900701917 -9.3730395144508005 2.5411842895216417 -0.23358550173744874 -5.5474766393141319 -2.526490557890023 3.4032103144737982 7.3976688932335906 12.841644692718981 -0.11221587184206123 -9.0895449191704394 -0.38316659705392248 3.3413637284204074 0.11446558950144099 3.3496469827213482 0.83945835781693467 -4.7262578564598448 1.7503697318236036 -4.0003613210446911 -5.8178239297866821 2.6680607932806018 -0.077615793286537657
leaf_weight=32 4364 172 20 46 45 28 54 230 68 23 51 24 23 44 86 143 24 20 26 2188 46 20 20 329 21 41 455 20 26 1690 21 112 30 22 23 16288 31 28 50 2637 198 574 20 29 32 40 23 48
leaf_count=32 4364 172 20 46 45 28 54 230 68 23 51 24 23 44 86 143 24 20 26 2188 46 20 20 329 21 41 455 20 26 1690 21 112 30 22 23 16288 31 28 50 2637 198 574 20 29 32 40 23 48
internal_value=0.000840088 0.243048 1.92862 0.169395 -0.372376 -3.25995 0.472798 -1.39198 0.0699218 5.07992 -8.16342 8.76737 6.76235 0.325681 3.14829 0.243584 0.559062 4.94155 6.92922 -0.134705 0.845722 -0.369417 0.193912 -0.0819107 -0.509452 -1.66511 -0.949481 -4.49779 -2.06387 -0.178736 -0.43999 -0.377422 -0.0206054 2.24422 9.6453 -0.032249 -1.85311 -5.03304 0.467895 -0.0191208 0.341518 -0.0797717 0.73449 -0.934706 -1.21825 -7.13721 1.01004 0.902085
internal_weight=30585 7788 325 7463 2679 355 4784 258 2324 147 97 78 68 4637 130 4507 256 44 69 2256 69 212 192 22797 2858 635 508 127 67 2223 1823 1802 19939 101 43 19838 141 59 82 19697 2835 16862 79 49 487 60 400 377
internal_count=30585 7788 325 7463 2679 355 4784 258 2324 147 97 78 68 4637 130 4507 256 44 69 2256 69 212 192 22797 2858 635 508 127 67 2223 1823 1802 19939 101 43 19838 141 59 82 19697 2835 16862 79 49 487 60 400 377
is_linear=0
shrinkage=0.05


Tree=132
num_leaves=37
num_cat=0
split_feature=15 11 9 24 10 26 1 10 12 10 11 7 15 21 10 16 14 21 15 7 5 9 5 24 16 7 11 26 11 12 16 4 13 11 7 9
split_gain=252219 289624 605651 1.16882e+06 774786 428555 313971 285397 258881 472523 490442 401601 384756 836974 1.69944e+06 811631 456694 901635 588714 273217 253705 251605 233136 303466 198803 397950 251686 190754 189706 172557 122440 117034 113415 75427.5 66125.6 47556.5
threshold=0.96592582628906831 472.37178621456525 2345.2743751583434 10.136623750000002 2471.3939942877191 18.598000000000003 0.17248759455961213 117.31523253839474 44332.500000000007 2665.9354191262587 478.87360381594812 520.58208160068637 -0.5 1.0000000180025095e-35 1482.0118420783567 -0.60785761079279388 -0.37940952255126059 1.0000000180025095e-35 -0.37940952255126009 478.88074020182006 400.00000000000017 2803.4179486041867 365.16000000000003 12.820951500000001 -0.60785761079279388 385.01845853232277 441.98575352340697 18.640650000000004 355.85602432362407 31118.000000000004 1.0000000180025095e-35 0.29372940141148868 24717.765000000003 123.78477838558068 165.03154808419001 1232.8205745571709
decision_type=2 2 2 2 2 2 2 2 2 2 2 2 2 2 2 2 2 2 2 2 2 2 2 2 2 2 2 2 2 2 2 2 2 2 2 2
left_child=7 20 5 -4 -5 6 29 31 12 10 11 -10 13 15 -15 -9 17 -14 -18 -12 24 -11 23 -7 25 28 32 -22 -2 -3 35 33 -26 -1 -35 -29
right_child=1 2 3 4 -6 22 -8 8 9 21 19 -13 16 14 -16 -17 18 -19 -20 -21 27 -23 -24 -25 26 -27 -28 30 -30 -31 -32 -33 -34 34 -36 -37
leaf_value=-3.493509382605553 0.81416398331934714 10.525915036684758 6.6413823312520979 -10.144289606318754 1.4008056382032541 -1.1535177603222075 1.0360491142954145 -0.93648311309206811 0.31728529963241958 7.8336516169345733 6.8067744007640414 -5.7276837389809749 0.25431407715182702 -1.4819162624548947 -12.349406936645508 0.1065215079433814 0.86203415300569874 3.0630947644518529 -0.29323247149473813 0.79008524614221909 6.1954952743957783 1.5003448678553104 -3.1849826908111574 7.4023726381574368 3.548708528605375 5.8337326115828292 -4.5658875156218013 -1.9146077330216116 -3.4014399892943246 4.8080214168475228 3.8655241064367623 -5.3076465152872023 -0.067051430986224445 1.0596479902416467 -2.5029384101520886 1.3384830234267495
leaf_weight=31 578 36 31 33 25 20 20 2761 1469 32 44 27 6941 362 39 5744 1258 297 8886 33 28 31 21 20 21 38 30 22 27 25 28 28 1526 31 21 21
leaf_count=31 578 36 31 33 25 20 20 2761 1469 32 44 27 6941 362 39 5744 1258 297 8886 33 28 31 21 20 21 38 30 22 27 25 28 28 1526 31 21 21
internal_value=0.000862618 0.476848 2.16134 -1.06612 -5.22847 4.17752 6.53944 -0.0424472 -0.0323427 0.577727 0.406104 0.204428 -0.0703303 -0.337545 -2.56696 -0.232141 0.0665938 0.369976 -0.149892 4.27145 0.308191 4.78948 0.986231 3.20051 0.197124 0.937385 -0.105107 2.77185 0.620719 8.29794 1.35432 -2.56138 -0.0157047 -1.58272 -0.399074 -0.331463
internal_weight=30585 2550 231 89 58 142 81 28035 27924 1636 1573 1496 26288 8906 401 8505 17382 7238 10144 77 2319 63 61 40 2220 643 1577 99 605 61 71 111 1547 83 52 43
internal_count=30585 2550 231 89 58 142 81 28035 27924 1636 1573 1496 26288 8906 401 8505 17382 7238 10144 77 2319 63 61 40 2220 643 1577 99 605 61 71 111 1547 83 52 43
is_linear=0
shrinkage=0.05


Tree=133
num_leaves=40
num_cat=0
split_feature=15 9 23 12 11 7 26 23 4 7 7 17 7 26 15 8 10 24 11 17 8 10 10 23 11 9 9 7 8 17 11 10 24 13 26 10 6 4 13
split_gain=230947 383107 368452 273329 491897 409625 596832 290482 235860 401988 524241 736307 678631 463154 735387 671921 217285 204858 941820 540911 273452 318514 194482 159076 200717 224876 233749 183409 109386 90809.3 83592.8 43568.1 38472.3 40692.4 38306.2 26808.2 24984.8 11579.3 10778.8
threshold=-0.9829629131445341 2148.5964702371089 8.4368815000000019 46979.000000000007 283.33987693072157 456.98066971196971 17.936000000000003 15.540659000000002 1.1217164099534516 668.18643537312937 544.92069095004797 -0.56174490092936669 395.03103763224357 18.567550000000004 0.1294095225512602 891.17370951340274 1983.9527159747879 3.5225491500000001 346.17131145310685 0.81174490092936691 3302.9503335992745 2887.9072378709611 2887.9072378709611 5.6664435000000006 99.536053447953677 1891.7903955454069 1679.8958772287044 325.12058066250438 535.37981905800996 1.0000000180025095e-35 206.9757618120652 662.17795505402682 14.713011000000002 43069.765000000007 13.673400000000003 764.00236317173085 30245.165833333336 0.89374517103244011 49477.955000000009
decision_type=2 2 2 2 2 2 2 2 2 2 2 2 2 2 2 2 2 2 2 2 2 2 2 2 2 2 2 2 2 2 2 2 2 2 2 2 2 2 2
left_child=1 23 -3 8 30 7 -7 16 17 10 12 -12 -10 15 -15 -11 -6 18 28 -20 21 -19 -22 27 31 26 -26 32 -2 -9 35 36 33 -1 -34 37 -25 -5 -37
right_child=3 2 -4 4 5 6 -8 29 9 13 11 -13 -14 14 -16 -17 -18 20 19 -21 22 -23 -24 24 25 -27 -28 -29 -30 -31 -32 -33 34 -35 -36 38 -38 -39 -40
leaf_value=0.21666110132283312 0.54688220617057626 -0.7435435032844544 -8.6108730552936432 -0.24515613431280314 6.1862466341654461 -6.7682711393182933 4.7540681500020234 5.5215159724553438 0.1235398162590873 -1.4568390401204427 -7.2560404609766884 -0.3968704807584304 2.1640279958269621 3.8493489713093325 -1.8455190300511886 9.6561279510870222 0.82332813033517793 -0.051373716271498171 -5.0637434618054717 2.2902328831354781 4.0511127875507738 3.4539042864579415 -0.80415526294708251 0.79615919517882094 -1.2678038164348941 2.2973160974979403 -4.8924042350418713 4.9911926543712619 -0.61269524063070491 10.258874191804367 -3.171926300639198 2.3764624445778981 0.26720564257215568 -1.6373301456677609 2.4859271993944727 -0.7502809695437761 -0.20951703258890375 1.0788111139668359 0.15379450145267673
leaf_weight=122 416 31 28 21 29 21 22 29 4956 20 54 136 443 115 110 40 52 21858 160 29 68 64 29 80 505 39 48 21 396 21 20 20 53 38 30 70 259 71 61
leaf_count=122 416 31 28 21 29 21 22 29 4956 20 54 136 443 115 110 40 52 21858 160 29 68 64 29 80 505 39 48 21 396 21 20 20 53 38 30 70 259 71 61
internal_value=0.000851381 -0.657906 -4.55856 0.0295058 1.29893 3.32012 -0.898941 4.70136 0.011141 0.293913 0.200314 -2.37413 0.291337 2.12229 1.06932 5.98857 2.79547 -0.0610231 -0.76022 -3.92921 -0.0292038 -0.040983 2.60609 -0.464894 -0.766196 -1.3311 -1.59069 0.619255 -0.0186779 7.67345 -0.156001 0.166445 0.222505 -0.231066 1.08926 0.127416 0.0294396 0.777161 -0.331286
internal_weight=30585 1274 59 29311 417 174 43 131 28894 5874 5589 190 5399 285 225 60 81 23020 1001 189 22019 21922 97 1215 951 592 553 264 812 50 243 359 243 160 83 223 339 92 131
internal_count=30585 1274 59 29311 417 174 43 131 28894 5874 5589 190 5399 285 225 60 81 23020 1001 189 22019 21922 97 1215 951 592 553 264 812 50 243 359 243 160 83 223 339 92 131
is_linear=0
shrinkage=0.05


Tree=134
num_leaves=38
num_cat=0
split_feature=1 7 5 2 9 14 8 7 1 5 1 23 7 12 18 14 12 4 7 5 9 23 3 24 8 17 23 7 3 3 1 23 2 23 9 8 12
split_gain=231692 457961 334264 436526 406587 646458 368877 314662 455151 240267 721263 255711 229211 222871 286358 464353 539225 395204 494935 337911 226696 351892 257057 823289 637175 252564 214743 205801 356506 252210 184868 183154 233890 161075 87503.8 36013.9 28650.9
threshold=0.07815191598035949 926.39038297204081 43.565000000000005 0.69365193508210432 2895.5032941072968 -0.9159756150367534 1562.9693154448792 5.3583119206558498 0.19305214367951343 -1100.9999999999998 0.066298056667291869 5.0483115000000014 48.289519154933068 43787.500000000007 -0.6830127018922193 -0.37940952255126059 46569.000000000007 1.1137571098904708 385.01845853232277 150.00500000000002 3199.5985812441477 8.6108230000000017 0.87297218027408441 5.3330026000000013 1021.3313304389557 1.0000000180025095e-35 12.632126000000001 449.12303786824015 1.780764062319619 2.2357967022157044 0.22031234280403358 1.1909210000000001 0.59988600949294679 12.935166500000001 1287.4162629641171 1273.3079118111889 41027.500000000007
decision_type=2 2 2 2 2 2 2 2 2 2 2 2 2 2 2 2 2 2 2 2 2 2 2 2 2 2 2 2 2 2 2 2 2 2 2 2 2
left_child=1 2 9 4 6 -6 -4 8 31 10 11 -1 36 20 15 16 -15 19 -19 -16 22 -22 24 -24 -9 -23 -17 29 -29 -11 -10 34 -33 -14 -2 -34 -5
right_child=7 -3 3 12 5 -7 -8 13 30 27 -12 -13 33 14 17 26 -18 18 -20 -21 21 25 23 -25 -26 -27 -28 28 -30 -31 -32 32 35 -35 -36 -37 -38
leaf_value=3.2219719991900706 4.7983467477367778 5.6112927815161253 0.14893492684695589 1.0293674066290259 3.7724449700575615 -3.4876533331418855 1.2380948868026209 -0.15551162085353656 9.1792559870084123 -0.081060857047372759 -10.583156931740897 -1.8086278768159727 1.9410216468932864 -1.0136595363133343 0.94151900638694608 0.77834435623267595 3.899367395653444 2.1687914248817677 10.925787193207514 -4.3464930912852289 5.7670292569994928 -3.0285610451176765 -2.690605349819835 -0.34516326530952451 2.7023561336457731 3.183411209424337 -4.1616600491684315 2.3321411586347529 -0.077218975080009605 1.5005608064479143 2.4989859317597891 -5.0654199045354673 2.016275904019674 4.4973864255597196 1.0831334570816586 0.06123320186191851 -1.1345118399806646
leaf_weight=32 30 37 2789 22 38 144 1077 7858 23 10940 20 107 181 162 544 28 84 73 20 31 39 35 409 4285 199 29 97 253 388 257 20 21 29 95 34 110 45
leaf_count=32 30 37 2789 22 38 144 1077 7858 23 10940 20 107 181 162 544 28 84 73 20 31 39 35 409 4285 199 29 97 253 388 257 20 21 29 95 34 110 45
internal_value=0.000845716 0.128619 0.115898 0.4891 0.343694 -1.95945 0.452599 -0.147364 1.54965 -0.0207259 -1.94533 -0.635727 2.19915 -0.180087 0.523968 -0.588833 0.672934 1.14197 4.14827 0.649366 -0.237033 2.08803 -0.255977 -0.550058 -0.0845979 -0.208013 -3.05766 0.00528579 0.875889 -0.0446274 6.19968 0.633397 -0.274187 2.83401 2.87174 0.480644 -0.419222
internal_weight=30585 16425 16388 4391 4048 182 3866 14160 267 11997 159 139 343 13893 1039 371 246 668 93 575 12854 103 12751 4694 8057 64 125 11838 641 11197 43 224 160 276 64 139 67
internal_count=30585 16425 16388 4391 4048 182 3866 14160 267 11997 159 139 343 13893 1039 371 246 668 93 575 12854 103 12751 4694 8057 64 125 11838 641 11197 43 224 160 276 64 139 67
is_linear=0
shrinkage=0.05


Tree=135
num_leaves=47
num_cat=0
split_feature=15 11 18 4 11 15 1 8 1 23 11 2 11 17 1 5 5 9 26 26 2 23 12 9 14 26 11 15 26 12 12 4 9 9 2 19 14 11 6 1 2 6 12 26 16 11
split_gain=228432 272283 333716 358604 292811 265667 581061 492746 295375 241496 443237 277621 229833 529691 269666 228875 227456 527953 710026 510282 465216 213929 197459 882622 721357 2.14873e+06 664116 660220 295797 195708 116226 77970.3 69097 39733.2 66667.9 32693.4 31911 43452.9 47528.6 39814 33621.2 29467.3 26977.9 19793.3 18836.4 3509.8
threshold=0.96592582628906831 123.78477838558068 0.93301270189221952 1.1636545937468423 866.73822657055348 0.9159756150367534 0.20179298745144222 1928.6294953818244 0.034612725495734666 3.3427336500000004 333.97612482584282 0.51774434232221977 456.93634900424689 1.0000000180025095e-35 0.095800802092079362 -153.40499999999994 -1227.9999999999998 1468.1825736499293 18.985200000000003 17.347400000000004 0.619363149935097 3.9357560500000006 33105.500000000007 2895.5032941072968 0.25881904510252091 18.245050000000003 497.39075132390343 -0.37940952255126009 18.579800000000002 41174.500000000007 30678.500000000004 1.0910754602451853 1103.2702200378965 527.72862677927287 0.57772806162159263 1.0000000180025095e-35 0.12940952255126043 78.238657920977133 27735.360000000004 0.07321173789992147 0.47522395603374629 25953.28666666667 33725.500000000007 7.0136000000000012 -0.60785761079279388 103.46682793902117
decision_type=2 2 2 2 2 2 2 2 2 2 2 2 2 2 2 2 2 2 2 2 2 2 2 2 2 2 2 2 2 2 2 2 2 2 2 2 2 2 2 2 2 2 2 2 2 2
left_child=5 33 3 4 29 16 7 12 -9 11 -11 -5 14 -14 -7 -10 17 18 -1 -19 -21 32 23 26 27 -26 -18 -24 -25 -3 -20 -23 -4 36 35 45 37 38 -2 -39 43 -42 -36 -38 -44 -35
right_child=1 2 21 9 -6 6 -8 8 15 10 -12 -13 13 -15 -16 -17 22 19 30 20 -22 31 24 28 25 -27 -28 -29 -30 -31 -32 -33 -34 34 42 -37 40 39 -40 -41 41 -43 44 -45 -46 -47
leaf_value=-10.81444450563 1.0850473439440413 1.0047030425717673 2.2053252590179446 -4.3736238941408336 -4.7972753823321801 0.12714339519845708 -8.6217304445349665 1.339070687202307 -8.9936948724587751 1.622428885957774 7.1009424340547014 3.4985824284950895 -2.3059788540431434 7.137633113134652 -1.5665273834075246 -3.3464500063298694 -0.016946690173937361 5.8934858773549408 -3.2565615537892221 0.53527267138735002 -4.6190133833512661 -6.5963365379246799 -0.51674314302912439 -10.943153294722238 0.10622780550089859 2.7342234558906742 -1.5690649317580965 0.22829292691315201 -2.7485368114969009 -3.7645251152732158 1.8940038684436253 -2.2760095047950748 -1.513395483660698 0.52661755578084424 -1.2005618798732758 3.4414709992571311 1.7554500266483855 -0.64448988985508049 -0.51933432024924298 -2.960154776964337 -1.6764157906600408 0.0010107963315515529 1.2257879076349107 -0.11898497077551756 -0.19420652288882459 1.4707518862594258
leaf_weight=30 52 1044 24 20 22 715 22 25 23 84 66 23 27 31 349 82 8630 29 22 138 63 21 5290 23 3993 965 748 6788 22 21 20 23 24 21 38 21 41 46 359 31 27 403 37 21 60 21
leaf_count=30 52 1044 24 20 22 715 22 25 23 84 66 23 27 31 349 82 8630 29 22 138 63 21 5290 23 3993 965 748 6788 22 21 20 23 24 21 38 21 41 46 359 31 27 403 37 21 60 21
internal_value=0.000864505 0.453849 0.932332 1.14172 0.787452 -0.0403525 -0.745495 -0.60032 -3.5022 3.12265 4.06407 -0.17898 -0.261272 2.77681 -0.429338 -4.65669 -0.00675626 -1.36891 -5.07362 -0.192205 -1.09509 -1.96183 0.00884213 -0.174805 0.110426 0.618177 -0.1409 -0.0980381 -7.08385 0.907214 -0.816787 -4.43886 0.352923 -0.103747 0.540557 1.86976 -0.234346 -0.520396 -0.314194 -1.60283 0.0498478 -0.10795 -0.0888865 1.12867 0.354371 1.02203
internal_weight=30585 2550 1372 1280 1087 28035 1274 1252 130 193 150 43 1122 58 1064 105 26761 302 72 230 201 92 26459 9423 17036 4958 9378 12078 45 1065 42 44 48 1178 198 63 980 488 411 77 492 430 135 62 97 42
internal_count=30585 2550 1372 1280 1087 28035 1274 1252 130 193 150 43 1122 58 1064 105 26761 302 72 230 201 92 26459 9423 17036 4958 9378 12078 45 1065 42 44 48 1178 198 63 980 488 411 77 492 430 135 62 97 42
is_linear=0
shrinkage=0.05


Tree=136
num_leaves=36
num_cat=0
split_feature=10 26 13 3 19 15 7 22 7 26 7 16 14 26 24 26 15 10 9 26 26 14 10 14 9 18 26 7 3 7 7 7 0 6 24
split_gain=213504 351539 468261 421320 221370 1.82813e+06 1.30703e+06 883002 1.05899e+06 929645 859268 1.09232e+06 816853 697151 497334 1.21179e+06 751072 1.09513e+06 1.27735e+06 1.01469e+06 1.39569e+06 719450 672245 492134 413195 398951 384585 345577 297708 162935 366818 235579 179847 258337 119325
threshold=2767.1847758161971 18.216350000000002 43707.545000000006 2.5827488698524346 -0.68301270189221952 0.25881904510252057 687.70773411900234 5.5000000000000009 709.52667636726585 15.500850000000002 192.32579220018775 -0.60785761079279388 0.91597561503675362 17.258450000000003 8.2516140000000018 18.579800000000002 0.37940952255126043 1894.2783896509745 2055.8953207150594 18.576600000000003 18.596550000000004 -0.25881904510252113 1456.1478029944046 0.78656609248549325 727.87523075399952 0.68301270189221941 19.382950000000005 687.70773411900234 0.81112218353311982 478.88074020182006 531.8410496750497 595.16997336795305 0.33079310746324742 40188.052500000005 11.340673000000002
decision_type=2 2 2 2 2 2 2 2 2 2 2 2 2 2 2 2 2 2 2 2 2 2 2 2 2 2 2 2 2 2 2 2 2 2 2
left_child=4 3 29 -2 5 7 10 8 12 28 34 -12 -1 -11 15 23 17 26 -19 22 -21 27 -18 25 -25 -6 -16 -17 -9 32 -31 -32 -3 -34 -7
right_child=1 2 -4 -5 14 6 -8 9 -10 13 11 -13 -14 -15 16 21 19 18 -20 20 -22 -23 -24 24 -26 -27 -28 -29 -30 30 31 -33 33 -35 -36
leaf_value=0.22383681895734253 8.0853905078768715 5.3899938240051277 -6.6699666758946012 -0.9232354627336774 -0.084043455608396378 0.50442395221527137 10.705358654294695 -0.86377205601996843 -8.4528483546407607 -8.5860911531095763 4.5798645498753059 1.1529851445732671 -1.7987388372374622 -2.8281253383021752 0.058154011178754163 -4.8407373556543574 -0.23682195413832591 4.094874786470915 0.69232029109154947 -5.3031175663734533 -0.90747691033264966 -11.616076865059988 1.5555014318873066 -0.74289906371470693 -3.3214924554232463 -2.2439158172649432 3.3986560146836027 2.6329733189230877 5.2501096779959546 -6.5353594244094131 4.0882188147306442 -2.1405319452696836 1.895178801379386 -3.8964112290469082 -0.98958433965286174
leaf_weight=3472 35 29 20 20 3678 2060 34 386 37 70 318 862 582 210 8939 60 4617 372 1061 205 1470 34 589 433 242 226 86 20 20 20 31 28 156 21 142
leaf_count=3472 35 29 20 20 3678 2060 34 386 37 70 318 862 582 210 8939 60 4617 372 1061 205 1470 34 589 433 242 226 86 20 20 20 31 28 156 21 142
internal_value=0.000747634 1.20951 0.539044 4.85145 -0.0136889 0.208193 1.09125 -0.423372 -0.144792 -2.08207 0.991462 2.0796 -0.0668988 -4.29307 -0.0962056 -0.552765 0.0273921 0.294314 1.57785 -0.378268 -1.4483 -5.62222 -0.0337801 -0.425354 -1.67093 -0.209621 0.0903595 -2.96281 -0.550424 1.06651 -0.856187 1.14571 1.80445 1.18998 0.407672
internal_weight=30585 360 305 55 30225 8193 3416 4777 4091 686 3382 1180 4054 280 22032 4693 17339 10458 1433 6881 1675 114 5206 4579 675 3904 9025 80 406 285 79 59 206 177 2202
internal_count=30585 360 305 55 30225 8193 3416 4777 4091 686 3382 1180 4054 280 22032 4693 17339 10458 1433 6881 1675 114 5206 4579 675 3904 9025 80 406 285 79 59 206 177 2202
is_linear=0
shrinkage=0.05


Tree=137
num_leaves=47
num_cat=0
split_feature=4 7 10 12 10 6 9 23 10 12 11 0 9 11 10 8 0 7 17 15 11 9 15 15 16 8 19 11 8 0 11 18 11 8 9 7 9 11 3 9 10 18 8 6 11 4
split_gain=206939 406988 371018 565866 712554 734967 345001 604880 453100 525811 1.09506e+06 764426 422986 811037 441135 404528 236818 228714 184631 570517 550001 686780 627455 462922 1.42389e+06 1.32048e+06 1.02096e+06 1.94556e+06 901947 711324 621659 1.27422e+06 574578 557133 721050 637072 500331 433621 273085 235435 504050 313668 178242 167764 145944 120439
threshold=1.0666667407409056 816.11141565159744 1307.4506428975419 28804.500000000004 1706.1374638911916 34264.234166666669 2895.5032941072968 9.5720795000000027 1627.9255476811095 27319.500000000004 576.46600801760758 0.47698731950693635 1279.3207320068495 668.06494927022538 1274.7662544137927 2231.5016179326008 0.43851238162301731 442.0306932588071 0.81174490092936691 -0.12940952255126034 257.68101129683959 950.24767010606411 -0.70710678118654757 -0.12940952255126034 -0.60785761079279388 1786.1298771869133 0.6830127018922193 441.98575352340697 1374.6770639519916 0.32401151352830254 648.80539728898964 -0.6830127018922193 595.13008241021805 2396.8939039273037 2032.726412708347 668.18643537312937 1257.8883593046228 866.73822657055348 2.2013852343508646 2111.7118711774119 2074.1103910838783 1.0000000180025095e-35 1412.3653628747913 35917.845000000008 112.51103014771975 0.99459732692238245
decision_type=2 2 2 2 2 2 2 2 2 2 2 2 2 2 2 2 2 2 2 2 2 2 2 2 2 2 2 2 2 2 2 2 2 2 2 2 2 2 2 2 2 2 2 2 2 2
left_child=18 6 -3 -4 -5 -6 8 16 12 10 -10 -11 14 -14 -2 -9 43 -17 23 20 42 45 -23 26 25 32 27 29 -29 -1 38 -32 -25 35 -35 -28 -27 39 -26 40 -21 -41 44 -8 -20 -22
right_child=1 2 3 4 5 -7 7 15 9 11 -12 -13 13 -15 -16 17 -18 -19 19 37 21 22 -24 24 30 36 33 28 -30 -31 31 -33 -34 34 -36 -37 -38 -39 -40 41 -42 -43 -44 -45 -46 -47
leaf_value=0.34632472756000282 0.070326468153289343 7.8922845617930095 -5.4032749164581304 -4.1630182362000152 7.0832080552636114 -1.5333496469921537 4.9717937423842296 -9.2044366127252584 11.516862647316673 1.3824883093875562 -2.4340333335876467 -0.82043265280827515 -0.73666838626345577 -8.7388366069215717 2.424894364769139 -0.34508367304899257 -3.3146634607729712 -6.1053514037308876 -0.032720400368542756 -0.26395168000744806 10.978895926268205 -0.0094423371924233328 4.0186251839978357 0.40039072461513242 -0.19012250094048172 -2.4301172467824577 -0.081009464497694292 -0.18044007317735514 -5.5085145599758905 -0.90282717229309672 5.5809504009695621 -5.1436031419666186 6.850945970875876 6.468963634745279 1.1638518134707145 8.3022594543125319 3.6192925768716644 -7.5227545162609646 -1.8302890936990952 -0.81917734690507271 5.5716206839523821 -6.4766812624650845 -3.8217423627853395 0.0024154128747827866 1.2076264588030485 5.3142013723953916
leaf_weight=1633 6716 26 24 29 81 35 34 31 32 1316 24 561 792 32 204 48 22 26 605 1411 22 216 174 2558 6009 36 1542 108 300 3768 33 151 34 74 444 22 501 20 264 89 37 33 24 33 389 22
leaf_count=1633 6716 26 24 29 81 35 34 31 32 1316 24 561 792 32 204 48 22 26 605 1411 22 216 174 2558 6009 36 1542 108 300 3768 33 151 34 74 444 22 501 20 264 89 37 33 24 33 389 22
internal_value=0.000679685 0.186358 2.44251 1.56256 2.74467 4.49246 0.141545 -1.94073 0.183486 0.868074 5.60001 0.723988 0.0125141 -1.05765 0.14008 -4.49345 1.08731 -2.42345 -0.0904131 0.269027 0.98524 2.47346 1.79336 -0.152988 0.0804851 0.955706 -0.436587 -0.777039 -4.10204 -0.525149 -0.34372 -3.20038 0.487616 0.513224 1.93274 0.0421402 3.20997 -0.385229 -0.259431 -0.289571 -0.111093 -2.38974 0.348962 2.56029 0.453408 8.32769
internal_weight=30585 10066 195 169 145 116 9871 194 9677 1933 56 1877 7744 824 6920 105 89 74 20519 3042 1452 434 390 17477 9586 3129 7891 5809 408 5401 6457 184 2592 2082 518 1564 537 1590 6273 1570 1448 122 1018 67 994 44
internal_count=30585 10066 195 169 145 116 9871 194 9677 1933 56 1877 7744 824 6920 105 89 74 20519 3042 1452 434 390 17477 9586 3129 7891 5809 408 5401 6457 184 2592 2082 518 1564 537 1590 6273 1570 1448 122 1018 67 994 44
is_linear=0
shrinkage=0.05


Tree=138
num_leaves=35
num_cat=0
split_feature=1 11 10 7 10 11 2 9 4 10 8 13 17 1 26 7 1 4 5 1 11 3 13 7 10 9 3 23 0 0 1 7 4 10
split_gain=196996 426150 281361 513114 697120 653086 438159 928660 276015 236559 455226 228195 222035 351677 219025 220992 491853 234000 704516 449661 906997 428377 278674 187087 153923 216738 166042 145002 128848 117994 181638 140583 107804 95642.1
threshold=0.055680606748290042 777.22274205627548 2548.6437464042765 560.69823162522187 2374.987419907327 544.86233109898774 0.49192910027953335 1679.8958772287044 0.7617461767981939 2400.9679739864473 1562.9693154448792 40670.445000000007 1.0000000180025095e-35 0.02234664207335978 24.444700000000001 7.2780746107896608 0.18058820999331973 1.106654035126341 399.00000000000017 0.16073202496419656 400.20756300939792 1.6073739134340836 26407.890000000003 739.3636290339058 1262.9201617401197 1192.5265522846357 0.99814239400397653 6.0474732500000004 0.44180263208968468 0.5482539684466281 0.1341894096921071 320.50371950305129 0.10055000000000001 691.3628806281389
decision_type=2 2 2 2 2 2 2 2 2 2 2 2 2 2 2 2 2 2 2 2 2 2 2 2 2 2 2 2 2 2 2 2 2 2
left_child=1 2 3 9 5 -5 12 -8 -9 10 -1 -11 13 -4 15 16 24 18 22 20 -19 -21 -17 -3 26 -26 -2 -18 -6 31 32 -16 -31 -34
right_child=14 23 6 4 28 -7 7 8 -10 11 -12 -13 -14 -15 29 17 27 19 -20 21 -22 -23 -24 -25 25 -27 -28 -29 -30 30 -32 -33 33 -35
leaf_value=0.04117122315445159 -0.31557304977565198 8.1996118087353924 0.61543373172933402 -1.849216482430174 3.8698262951450966 -10.256303420394659 9.0833057308197009 -2.9406864665194257 1.3049229651407139 -2.7372871825249074 1.1137486512776775 0.51138466129142246 1.5821707733817723 -7.7371231648614334 2.0165585092782972 -1.3539548753503272 2.9885126754972671 0.052445076926931566 -7.5407187091942989 -1.4653141020820968 2.165605270060095 2.1098987237202755 -0.18160930297360189 1.5784472707184878 4.0716603695286642 0.33878024252081634 -5.3657186500231431 8.1227537496566775 -1.0933124011495838 0.068147921335129508 -1.4948045619328818 -3.5348290350323639 6.6493582238091369 2.9094832578458285
leaf_weight=9232 73 22 21 56 30 39 37 40 590 138 1107 88 22 30 24 526 35 3245 32 618 601 96 13319 21 44 288 20 24 22 20 23 20 26 56
leaf_count=9232 73 22 21 56 30 39 37 40 590 138 1107 88 22 30 24 526 35 3245 32 618 601 96 13319 21 44 288 20 24 22 20 23 20 26 56
internal_value=0.000673699 0.164194 0.145311 0.0801226 -2.84354 -5.37148 1.08757 1.49073 1.03112 0.121068 0.15611 -1.47562 -2.56637 -4.35204 -0.097793 -0.11384 0.939711 -0.141547 -0.243654 0.169166 0.383139 -0.982328 -0.226244 5.0755 0.340598 0.844256 -1.44721 5.17767 1.78893 1.68892 2.46773 -0.529165 3.36713 4.16118
internal_weight=30585 11495 11452 10712 147 95 740 667 630 10565 10339 226 73 51 19090 18921 484 18437 13877 4560 3846 714 13845 43 425 332 93 59 52 169 125 44 102 82
internal_count=30585 11495 11452 10712 147 95 740 667 630 10565 10339 226 73 51 19090 18921 484 18437 13877 4560 3846 714 13845 43 425 332 93 59 52 169 125 44 102 82
is_linear=0
shrinkage=0.05


Tree=139
num_leaves=36
num_cat=0
split_feature=15 15 1 9 7 7 9 18 7 5 14 13 23 20 7 9 13 9 8 2 7 13 23 15 9 9 23 1 9 14 7 8 3 23 2
split_gain=199285 251510 524243 456125 440365 330363 298141 235280 296570 213430 356964 428387 294041 196642 303810 374393 244394 340638 209449 200208 193514 491652 529978 396956 263889 235231 173769 217510 66504.1 49703.7 46251.2 62581.5 33218.8 32982.9 24842.5
threshold=0.96592582628906831 0.9159756150367534 0.20179298745144222 2345.2743751583434 488.33529821735692 687.70773411900234 837.26979850809164 0.93301270189221952 87.025755111517626 -1504.4999999999998 -0.70710678118654735 28058.465 7.9717285500000008 1.0000000180025095e-35 380.05603431913977 2345.2743751583434 27679.825000000004 1083.9811639138104 1627.7543623828017 0.45802760481737087 380.05603431913977 26636.750000000004 6.9484064500000011 -0.12940952255126034 3199.5985812441477 3005.0980100075335 1.6046511000000001 0.15094606262164065 1329.1249317153095 0.12940952255126043 9.4533727469972924 844.29610564367465 1.022738941959392 2.8293236000000004 0.55165511270234202
decision_type=2 2 2 2 2 2 2 2 2 2 2 2 2 2 2 2 2 2 2 2 2 2 2 2 2 2 2 2 2 2 2 2 2 2 2
left_child=1 9 3 5 -5 6 -3 8 30 10 -1 -12 -13 16 18 -16 17 -10 -15 -18 24 23 -23 -22 25 -11 32 28 29 -28 33 34 -9 -2 -32
right_child=7 2 -4 4 -6 -7 -8 26 13 20 11 12 -14 14 15 -17 19 -19 -20 -21 21 22 -24 -25 -26 -27 27 -29 -30 -31 31 -33 -34 -35 -36
leaf_value=2.5715191744395671 0.0023242493109269574 0.11488320603356179 -8.2052401716812806 -0.99735587392534519 -10.568734753456983 4.9752507254907066 -1.5160744882967476 3.0261287553025333 1.291813416982952 -0.051446528627623327 2.9833941028688269 -7.3016012099623682 -1.6819570426318959 1.9712991149395827 7.1386561273645475 0.64216501478965471 -2.7230717305342358 8.7896742829822365 -0.85936063588990119 0.58862048047971649 1.0510399024188519 1.2116994832302144 -0.0064776630839352423 -3.8023485536193848 -4.7375514068603515 3.9935055804252628 -1.5321912481588655 -6.3811659453131941 -3.2527050100540125 0.28068431866495575 0.02793831865245729 -2.8937384903972805 0.39930183560759935 2.7729804597659551 -0.56416253658492244
leaf_weight=34 21 719 22 27 21 27 458 22 56 22547 22 49 45 240 53 38 47 20 89 933 63 1425 2388 124 29 35 78 21 29 72 485 21 26 21 278
leaf_count=34 21 719 22 27 21 27 458 22 56 22547 22 49 45 240 53 38 47 20 89 933 63 1425 2388 124 29 35 78 21 29 72 485 21 26 21 278
internal_value=0.000658905 -0.0378388 -0.723936 -0.586028 -5.31517 -0.393233 -0.520507 0.423758 0.581478 -0.00515 -1.87963 -3.19515 -4.65742 1.0058 1.9199 4.46236 0.640762 3.35353 1.20526 0.427175 0.00548605 0.326013 0.448978 -2.17033 -0.0512284 -0.0450004 -1.03668 -1.6842 -1.10075 -0.665882 -0.177048 -0.264313 1.64055 1.42004 -0.188244
internal_weight=30585 28035 1274 1252 48 1204 1177 2550 2302 26761 150 116 94 1476 420 91 1056 76 329 980 26611 4000 3813 187 22611 22582 248 200 179 150 826 784 48 42 763
internal_count=30585 28035 1274 1252 48 1204 1177 2550 2302 26761 150 116 94 1476 420 91 1056 76 329 980 26611 4000 3813 187 22611 22582 248 200 179 150 826 784 48 42 763
is_linear=0
shrinkage=0.05


Tree=140
num_leaves=29
num_cat=0
split_feature=15 11 7 0 11 11 12 12 11 26 1 7 19 13 3 3 7 23 11 10 0 8 1 13 12 8 0 13
split_gain=195380 428062 1.0228e+06 1.49566e+06 361373 359536 755164 402687 356173 303649 283125 307901 603548 461226 677109 579901 364769 1.08125e+06 436755 373556 748806 445176 251761 191585 181760 192915 167021 118507
threshold=-0.9159756150367534 709.18839906504832 926.39038297204081 0.39242999490479041 668.06494927022538 531.76801472283285 40767.500000000007 39565.500000000007 488.30152107479847 18.810450000000003 0.24704976018373964 472.40360327348986 -0.9330127018922193 26194.800000000007 0.87297218027408441 0.59032134265119751 456.98066971196971 14.08067825 614.20424327994806 2548.6437464042765 0.53149732641519176 3151.2881327577629 0.07321173789992147 40047.610000000008 30115.500000000004 981.74367409555771 0.44912654535751489 32155.305000000004
decision_type=2 2 2 2 2 2 2 2 2 2 2 2 2 2 2 2 2 2 2 2 2 2 2 2 2 2 2 2
left_child=1 4 3 -3 5 8 7 -7 9 -1 11 16 -13 15 -15 -14 19 18 -18 21 -21 -2 -10 -8 25 -12 -5 -26
right_child=10 2 -4 26 -6 6 23 -9 22 -11 24 12 13 14 -16 -17 17 -19 -20 20 -22 -23 -24 -25 27 -27 -28 -29
leaf_value=-0.094425752431834917 -0.013952870685319696 -13.244286629438401 4.1001946960796012 3.5193861584436328 4.5465048920191249 -3.6473863170021454 5.7683945414069164 -11.886048476809547 0.55068604861988735 -1.519042059197812 -1.3136291188942759 6.7753551096793929 -7.8142376234724713 2.7805948751918859 0.27854262101139254 0.90319864320755006 0.019434242044624531 -12.824850596473329 -7.1858489759763096 1.7008032499141714 -7.1575329387664794 5.7115037895651426 6.9547739611000852 -0.87401783445607062 2.9190277562822615 -6.4645549753549929 -2.7154396445100963 -2.3325932251323356
leaf_weight=3068 23509 39 32 20 38 56 20 20 33 425 37 38 36 314 1912 39 170 20 23 531 24 33 28 22 20 36 21 21
leaf_count=3068 23509 39 32 20 38 56 20 20 33 425 37 38 36 314 1912 39 170 20 23 531 24 33 28 22 20 36 21 21
internal_value=0.000604323 -0.333756 -3.36542 -6.36548 -0.241351 -0.292124 -2.99562 -5.94173 -0.201544 -0.268148 0.048365 0.0590459 0.606833 0.502062 0.632575 -3.32887 0.00631727 -2.04887 -0.871815 0.0245681 1.30555 -0.00568474 3.55511 2.34951 -2.42721 -3.90691 0.337201 0.23756
internal_weight=30585 3822 112 80 3710 3672 118 76 3554 3493 26763 26649 2339 2301 2226 75 24310 213 193 24097 555 23542 61 42 114 73 41 41
internal_count=30585 3822 112 80 3710 3672 118 76 3554 3493 26763 26649 2339 2301 2226 75 24310 213 193 24097 555 23542 61 42 114 73 41 41
is_linear=0
shrinkage=0.05


Tree=141
num_leaves=34
num_cat=0
split_feature=15 11 0 11 7 6 23 8 6 15 21 10 16 16 15 15 23 0 8 5 11 23 8 11 2 0 6 7 11 8 0 10 15
split_gain=183993 276110 187611 687933 412473 445715 599024 340331 303473 338984 867928 1.58288e+06 941722 559327 2.48179e+06 1.47772e+06 266197 214738 179846 151423 228835 149719 224199 222319 141166 192456 147666 88760.2 87210.8 83967.6 58191.9 49149.1 47558.8
threshold=-0.9829629131445341 709.18839906504832 0.3039381004304969 242.32531917308287 230.37096178665732 35793.656666666669 8.0380085000000019 1249.0823035081685 44141.060833333344 -0.5 1.0000000180025095e-35 1482.0118420783567 -0.60785761079279388 -0.60785761079279388 -0.12940952255126034 -0.37940952255126009 0.50569352500000009 0.28385721731658087 1997.8783519999365 45.005000000000003 66.726413502835641 6.7407712000000011 2199.3054585573159 132.12150365067538 0.60568041169503728 0.40981496607995499 41270.977500000008 244.49517153773596 333.97612482584282 786.15894839621672 0.29175735856306567 1793.8878411864259 -0.70710678118654757
decision_type=2 2 2 2 2 2 2 2 2 2 2 2 2 2 2 2 2 2 2 2 2 2 2 2 2 2 2 2 2 2 2 2 2
left_child=1 21 3 18 16 6 -6 -7 9 10 12 -12 -4 14 -11 -15 -5 -18 19 27 -21 22 28 29 25 -25 -26 -2 31 30 -23 -1 -20
right_child=2 -3 8 4 5 7 -8 -9 -10 13 11 -13 -14 15 -16 -17 17 -19 32 20 -22 23 -24 24 26 -27 -28 -29 -30 -31 -32 -33 -34
leaf_value=0.11277720641509621 -0.041559926762940819 -4.7303261615068486 -0.99516467778574469 0.60845316161280094 1.2278792156832559 5.6228918902657252 -9.4819654700869602 1.4142819226273446 4.4483043474900095 -1.6597053246951838 -1.5374870493208821 -12.079024093627929 0.2606868473328709 1.9087781296161765 0.99357777900523014 -0.22666100237082856 9.662487712186925 3.2051302003860478 -4.7194669384541719 -0.77692386839050265 1.856733218189329 -2.5391126093149188 5.3622385079520098 2.7865455988711787 -2.9181339270902238 -1.3454216601390105 -0.092601643522580476 -2.7817356664339705 -2.6841380682698008 2.2893366664164776 -0.038017014430974855 2.5522500171444635 -1.3383562400124289
leaf_weight=338 1987 38 2331 22 34 54 20 392 37 1084 329 39 4147 864 4695 12772 33 23 22 121 255 24 20 35 214 129 59 29 26 36 334 21 21
leaf_count=338 1987 38 2331 22 34 54 20 392 37 1084 329 39 4147 864 4695 12772 33 23 22 121 255 24 20 35 214 129 59 29 26 36 334 21 21
internal_value=0.000520861 -0.587469 0.0260971 0.399749 1.94886 1.41503 -2.83892 1.93529 -0.016726 -0.0231863 -0.32568 -2.68438 -0.191293 0.0834883 0.495684 -0.0912256 5.30952 7.11321 0.0313831 0.0896159 1.00937 -0.456375 0.331333 -0.840219 -1.61541 -0.452025 -2.31007 -0.0823392 0.0567597 0.0214733 -0.212308 0.262183 -3.13629
internal_weight=30585 1274 29311 3013 578 500 54 446 26298 26261 6846 368 6478 19415 5779 13636 78 56 2435 2392 376 1236 405 831 437 164 273 2016 385 394 358 359 43
internal_count=30585 1274 29311 3013 578 500 54 446 26298 26261 6846 368 6478 19415 5779 13636 78 56 2435 2392 376 1236 405 831 437 164 273 2016 385 394 358 359 43
is_linear=0
shrinkage=0.05


Tree=142
num_leaves=36
num_cat=0
split_feature=4 5 7 12 2 1 2 4 7 18 12 11 2 15 23 23 23 26 15 5 5 8 13 15 7 16 1 12 17 11 15 7 3 2 18
split_gain=175947 353622 343418 319326 745940 289108 444257 461340 439498 901775 384298 303476 1.15889e+06 1.71753e+06 780880 243711 214581 707368 270394 194838 635705 574131 355046 330649 320914 232757 202538 238935 227372 493366 366131 161940 204697 132694 118479
threshold=1.0666667407409056 253.01000000000002 816.11141565159744 28991.000000000004 0.52501942278987079 0.16623843604882318 0.62138024582518969 1.0750110067229983 227.86323106887073 1.0000000180025095e-35 33251.500000000007 280.17707909155911 0.52373660476378625 -0.37940952255126009 7.9717285500000008 8.7237712500000022 7.6432585000000008 18.596550000000004 -0.70710678118654757 146.99499999999992 199.00000000000009 2626.1050338120644 39605.920000000006 0.9159756150367534 418.29903559414151 0.87837969732492682 0.24704976018373964 30052.000000000004 0.81174490092936691 412.5423184596591 -0.12940952255126034 329.67426219371572 0.85113922257099039 0.44773283914487444 0.93301270189221952
decision_type=2 2 2 2 2 2 2 2 2 2 2 2 2 2 2 2 2 2 2 2 2 2 2 2 2 2 2 2 2 2 2 2 2 2 2
left_child=1 19 5 -4 -5 11 7 -7 15 -10 -9 31 13 -13 -14 -8 17 -6 -18 26 23 24 -23 25 -22 -21 28 33 30 -30 -1 34 -33 -28 -2
right_child=2 -3 3 4 16 6 8 10 9 -11 -12 12 14 -15 -16 -17 18 -19 -20 20 21 22 -24 -25 -26 -27 27 -29 29 -31 -32 32 -34 -35 -36
leaf_value=-0.37228889353962891 0.17757591522400057 -5.5080512291590376 -1.897801971937481 9.4416928148269648 -7.5129766710599277 7.1281752630926327 2.1032726215808952 -1.4938636169061066 -2.0110853625006149 -12.27018994116014 1.3359307008236647 -6.5942515280680229 3.5165043334776378 0.19154020225000226 0.82715733715763007 -4.1779482230414517 0.26772043274130142 3.5109264813887111 6.7887696097691865 -2.7989494266112644 1.8846952810741606 6.8141039234278153 -0.39968675269020931 -7.7251336811434825 -6.4649310486133293 2.5101000739137334 -1.8140261613754998 1.5972895858401346 0.093220901746614973 1.9287128493636498 0.092526489189379529 -3.5407574749343533 -0.3111471479595378 -7.4482190661629053 -0.44349106638144548
leaf_weight=7722 6076 29 37 36 23 20 46 319 71 30 191 109 393 612 860 22 34 36 29 155 20 48 26 30 25 23 20 20 2568 426 9384 67 177 23 878
leaf_count=7722 6076 29 37 36 23 20 46 319 71 30 191 109 393 612 860 22 34 36 29 155 20 48 26 30 25 23 20 20 2568 426 9384 67 177 23 878
internal_value=0.00048552 -0.0835095 0.171697 2.24417 3.21999 0.130532 -0.848941 -0.135284 -3.07305 -5.14881 -0.433528 0.205262 0.754297 -0.842034 1.6728 0.0399421 1.3222 -0.840036 3.32872 -0.0755633 -1.2844 1.62154 4.30793 -2.94676 -2.79358 -2.10273 -0.0558956 -2.8642 -0.0469512 0.354942 -0.11731 0.0546089 -1.20882 -4.92856 0.0991079
internal_weight=30585 20519 10066 195 158 9871 699 530 169 101 510 9172 1974 721 1253 68 122 59 63 20490 327 119 74 208 45 178 20163 63 20100 2994 17106 7198 244 43 6954
internal_count=30585 20519 10066 195 158 9871 699 530 169 101 510 9172 1974 721 1253 68 122 59 63 20490 327 119 74 208 45 178 20163 63 20100 2994 17106 7198 244 43 6954
is_linear=0
shrinkage=0.05


Tree=143
num_leaves=56
num_cat=0
split_feature=19 15 11 5 11 8 13 5 21 9 12 5 6 26 5 8 14 13 26 23 15 3 11 26 14 9 14 0 26 8 26 19 3 13 5 12 16 24 14 11 15 23 24 23 26 26 9 8 0 3 12 6 6 5 0
split_gain=181696 1.54806e+06 3.33722e+06 1.1497e+06 919363 1.31383e+06 601794 634221 592202 579394 658861 547663 512189 390753 421882 385818 367975 466385 367154 330649 767807 985886 915835 730334 984919 592000 982104 893902 558445 1.07038e+06 742979 521274 741884 639692 487879 745463 480606 380482 375246 545788 339429 315174 307983 291794 871590 400353 274729 262883 260094 251882 217046 187903 160258 159426 103476
threshold=-0.68301270189221952 0.25881904510252057 472.37178621456525 -5.0049999999999946 520.41605753204374 1308.4361375932579 28598.865000000002 1.0000000180025095e-35 1.0000000180025095e-35 2055.8953207150594 41556.000000000007 749.93500000000017 34958.395833333336 16.400150000000004 -298.96999999999997 1070.3592507967403 -0.60355339059327362 33093.810000000005 17.594350000000002 9.089140500000001 0.37940952255126043 2.2182014127490191 311.58822615612172 18.567550000000004 -0.70710678118654735 1004.3136993997213 0.37940952255126054 0.44912654535751489 18.576600000000003 1911.1456186422686 18.596550000000004 0.6830127018922193 1.4976901357683527 37144.475000000013 499.03500000000014 39204.500000000007 -0.60785761079279388 8.3599170000000012 -0.37940952255126059 128.76923610072504 0.9159756150367534 11.464798000000002 4.8660612000000008 7.1626761500000002 18.834000000000003 13.605050000000002 1743.9111632769943 1860.6573161070698 0.44690705193421881 1.3963020263175536 46979.000000000007 33338.311666666676 29244.441666666669 249.98999999999992 0.32950527238135768
decision_type=2 2 2 2 2 2 2 2 2 2 2 2 2 2 2 2 2 2 2 2 2 2 2 2 2 2 2 2 2 2 2 2 2 2 2 2 2 2 2 2 2 2 2 2 2 2 2 2 2 2 2 2 2 2 2
left_child=1 4 13 15 9 6 8 -8 -6 10 11 -1 -11 14 52 -4 41 -18 49 20 22 28 43 34 37 27 -27 -24 29 -22 -30 32 -26 -33 38 -36 48 51 50 -40 -38 -15 -14 45 -45 -2 -12 -7 -23 -5 -21 -25 -3 -16 -37
right_child=19 2 3 18 5 47 7 -9 -10 12 46 -13 42 16 53 -17 17 -19 -20 23 21 36 25 24 31 26 -28 -29 30 -31 -32 33 -34 -35 35 54 40 -39 39 -41 -42 -43 -44 44 -46 -47 -48 -49 -50 -51 -52 -53 -54 -55 -56
leaf_value=-0.50266816381974089 -0.032186133247732597 -5.8736840285481628 -4.4284240550086613 13.385799939709328 1.4752193542148757 -7.1904469097985162 6.9739770145416262 -4.0454695120311923 -9.3446741308014971 -9.2934034814153392 0.66733346136109295 3.4246522274122131 0.4669876578119066 1.5391239407658577 0.43952193547119522 5.0473389319940054 1.9532334455701077 -0.30697713299257212 3.5500586332877484 0.12108371716744096 -0.17648029042482477 4.2645694394545126 4.3612523948351543 -4.0587265613555905 -5.0917646880648029 0.48818078924428959 2.8869810764811796 -2.6234313978116539 -4.2013363489300701 3.344552297803153 -0.71645964325858258 -7.0181512521982201 -15.35449106578827 4.4173219092686971 -9.6346669257027759 0.89478309725606175 -6.843482155068866 6.6632047104835515 0.005572245401307986 -1.3532995343835377 -0.24767101376056672 5.2508396085103355 -4.13673885546826 -0.16300375106775489 -4.3783015162927397 0.81765002083192639 2.9006448071393915 -14.64809986114502 -2.8930784478187563 8.2270864976369413 2.0257225453742542 2.2852172903581098 -0.87419233703613275 -2.5385354202985764 -3.1038085394639237
leaf_weight=3637 4845 36 20 61 22 35 34 20 28 27 534 90 71 133 1978 21 507 414 20 2111 4802 21 59 24 66 909 804 193 171 225 1388 24 24 23 34 42 105 23 1669 1325 24 101 73 1170 136 1940 185 21 29 51 160 21 29 45 25
leaf_count=3637 4845 36 20 61 22 35 34 20 28 27 534 90 71 133 1978 21 507 414 20 2111 4802 21 59 24 66 909 804 193 171 225 1388 24 24 23 34 42 105 23 1669 1325 24 101 73 1170 136 1940 185 21 29 51 160 21 29 45 25
internal_value=0.000424331 0.201881 1.01449 7.76054 -0.379296 -4.09348 -0.742154 2.89326 -4.64825 -0.249723 -0.139533 -0.406936 -3.09716 0.65233 0.243884 0.429513 1.38986 0.938007 10.0172 -0.0732923 0.0372856 -0.374541 0.314345 -0.407117 -3.32876 1.2823 1.61509 -0.977334 -0.274717 -0.01825 -1.10115 -5.75691 -7.9672 -1.44652 -0.2949 -3.71997 -4.02543 1.5757 -0.228501 -0.596048 -5.62774 3.15674 -1.87925 0.0791356 -0.604981 0.210887 1.24521 -10.1951 0.137709 11.1304 0.256107 -1.11279 -3.69026 0.372053 -0.620858
internal_weight=30585 8193 3416 173 4777 160 104 54 50 4617 4446 3727 171 3243 2088 41 1155 921 132 22392 16821 6765 10056 5571 205 1965 1713 252 6586 5027 1559 137 90 47 5366 101 179 68 5265 2994 129 234 144 8091 1306 6785 719 56 50 112 2271 45 65 2023 67
internal_count=30585 8193 3416 173 4777 160 104 54 50 4617 4446 3727 171 3243 2088 41 1155 921 132 22392 16821 6765 10056 5571 205 1965 1713 252 6586 5027 1559 137 90 47 5366 101 179 68 5265 2994 129 234 144 8091 1306 6785 719 56 50 112 2271 45 65 2023 67
is_linear=0
shrinkage=0.05


Tree=144
num_leaves=39
num_cat=0
split_feature=10 26 13 8 4 0 19 15 11 4 11 4 12 15 6 8 10 11 14 24 26 15 26 26 11 7 14 11 14 14 11 10 4 18 4 7 23 7
split_gain=170834 302436 411010 343954 219840 290530 187715 1.39864e+06 3.01846e+06 1.13115e+06 837408 1.87906e+06 1.1613e+06 904610 496585 858736 465061 602948 413493 403334 996178 658063 842731 1.16846e+06 843603 810586 1.08705e+06 632247 602658 432991 1.50821e+06 389581 347120 345487 165635 112779 120332 39318.1
threshold=2767.1847758161971 18.216350000000002 43707.545000000006 2970.0870861186709 1.0160001280020483 0.34566461995697972 -0.68301270189221952 0.25881904510252057 472.37178621456525 0.91135668156867056 488.30152107479847 0.45964085826965484 31429.500000000004 1.0000000180025095e-35 37978.630833333336 1658.6664974867074 2199.5145717372438 412.5423184596591 -0.37940952255126059 8.2516140000000018 18.579800000000002 0.37940952255126043 18.576600000000003 18.620500000000003 687.63510778768716 325.12058066250438 0.60355339059327384 441.98575352340697 -0.25881904510252113 0.78656609248549325 488.30152107479847 1756.7994164434776 1.1365562247010499 0.68301270189221941 0.94284587761539329 478.88074020182006 9.0393680000000014 364.41296759475995
decision_type=2 2 2 2 2 2 2 2 2 2 2 2 2 2 2 2 2 2 2 2 2 2 2 2 2 2 2 2 2 2 2 2 2 2 2 2 2 2
left_child=6 3 4 -2 5 37 7 10 16 -10 14 12 -12 -13 15 -1 17 -9 -11 20 29 25 24 -24 -23 27 -27 -21 32 33 -31 -16 -22 -8 -7 36 -6 -3
right_child=1 2 -4 -5 35 34 19 8 9 18 11 13 -14 -15 31 -17 -18 -19 -20 21 28 22 23 -25 -26 26 -28 -29 -30 30 -32 -33 -34 -35 -36 -37 -38 -39
leaf_value=-0.24377706497632465 8.240887228209397 4.8599287518587984 -6.2938150891803559 0.38365662762096953 6.4702257278442392 2.3385233688354492 -0.064992900962003941 0.57253421846555208 -1.2408511525392534 13.015225694322588 -2.1304773009163998 -8.3395317474603665 11.85564208654257 3.0193570872715547 0.13287523473024593 -2.8516384324380333 -6.4662508578922449 5.4752959769201697 7.1601354085986912 0.1028957357893302 -0.46723095065669007 -0.12596477975241929 -3.5866210957773244 -0.55849892111386268 4.8392449893622569 0.24856057021605618 2.6814965971629046 -4.6024126623819273 -10.581451855250767 -1.0976504594523739 -13.864154605865478 2.3036110657289113 -7.5623842943191537 -2.074933103362369 -2.2849252998944625 0.041306496244488344 2.2973668173141779 1.6677309136163623
leaf_weight=3221 28 21 20 27 24 23 3678 3158 31 49 34 119 25 20 720 349 22 63 93 8458 56 5120 427 1248 86 1177 752 71 34 652 23 289 24 226 102 32 63 20
leaf_count=3221 28 21 20 27 24 23 3678 3158 31 49 34 119 25 20 720 349 22 63 93 8458 56 5120 427 1248 86 1177 752 71 34 652 23 289 24 226 102 32 63 20
internal_value=0.000332477 1.08158 0.459847 4.45952 0.954155 -0.223155 -0.0125811 0.191739 0.964133 7.37992 -0.360679 -3.53594 3.89458 -6.69523 -0.222635 -0.499448 0.619707 0.670099 9.25748 -0.0885669 -0.499722 0.0227392 -0.356974 -1.33213 -0.0430279 0.272588 1.19792 0.0631907 -5.09611 -0.384201 -1.55253 0.756292 -2.66292 -0.18185 -1.42236 2.58467 3.509 3.37966
internal_weight=30585 360 305 55 285 166 30225 8193 3416 173 4777 198 59 139 4579 3570 3243 3221 142 22032 4693 17339 6881 1675 5206 10458 1929 8529 114 4579 675 1009 80 3904 125 119 87 41
internal_count=30585 360 305 55 285 166 30225 8193 3416 173 4777 198 59 139 4579 3570 3243 3221 142 22032 4693 17339 6881 1675 5206 10458 1929 8529 114 4579 675 1009 80 3904 125 119 87 41
is_linear=0
shrinkage=0.05


Tree=145
num_leaves=41
num_cat=0
split_feature=15 15 9 26 26 3 6 11 11 13 9 16 12 9 12 5 6 6 14 3 10 9 6 9 2 26 15 11 9 2 5 3 17 10 6 0 10 10 9 10
split_gain=168544 241363 476026 661049 308347 282331 768169 436810 221266 242779 268138 259990 355139 302660 280885 210738 339898 312835 328843 315115 181178 300698 295094 244610 553385 200230 190214 178575 217738 171281 168552 159369 77420.8 49435.9 43524.4 52463.2 64706.6 36091.6 23353.7 22006.9
threshold=0.96592582628906831 0.9159756150367534 2231.5016179326008 18.583150000000003 18.398400000000006 0.94543838656087009 28202.850833333338 544.86233109898774 123.78477838558068 27679.825000000004 1257.8883593046228 -0.60785761079279388 30486.500000000004 1049.3359823433866 30928.500000000004 -1504.4999999999998 23165.886666666669 27605.485833333336 -0.78656609248549292 1.440297830598712 428.73204713259628 667.49923971526641 27038.795000000002 294.11983948178869 0.54716191107484324 6.7429000000000014 -0.9159756150367534 478.87360381594812 1222.0183875528421 0.45802760481737087 485.01000000000005 0.94543838656087009 1.0000000180025095e-35 300.24574531346633 28937.635000000006 0.4331548461415981 655.7621639832571 640.79001361079702 708.38713674120231 543.68993134195205
decision_type=2 2 2 2 2 2 2 2 2 2 2 2 2 2 2 2 2 2 2 2 2 2 2 2 2 2 2 2 2 2 2 2 2 2 2 2 2 2 2 2
left_child=1 15 5 4 -4 27 -7 -8 33 10 32 12 13 -11 -14 16 -1 19 -19 -18 21 25 -23 24 -22 -17 -25 28 -3 31 -31 -13 -10 -2 35 -35 -37 39 -39 -36
right_child=8 2 3 -5 -6 6 7 -9 9 11 -12 29 14 -15 -16 20 17 18 -20 -21 23 22 -24 26 -26 -27 -28 -29 -30 30 -32 -33 -34 34 37 36 -38 38 -40 -41
leaf_value=-7.7708334750220889 -2.3129766624450685 0.049690149457982835 -5.1518490274429327 -11.665410487859145 2.7908136872450515 -9.6215643617085043 -1.5469391079175554 4.9935245680383282 4.1633240823802495 3.4726913597470244 8.364653538295201 -0.10899372644722463 8.1747267459687745 -3.8075520633591546 2.1361104736448699 -0.87605095564283841 -1.7024387265335432 2.4700751809279127 -4.3918710390004243 6.795671550577338 0.089122926958395132 -0.58811479084308338 -5.7544914234900961 -0.32108174907692488 4.1308164891699946 -0.039420013323929491 0.10226032030025989 4.4581767422773622 -4.2880911960601811 0.20664554044033243 2.9092063090205196 -5.5398463270813236 0.36918625391446624 -1.7690703377017269 -0.39450579468503566 0.34746199499879937 3.1458390027826488 1.2519440799051862 -0.050348671771059145 -1.9121712303638458
leaf_weight=20 24 810 24 22 23 27 291 27 20 20 20 31 20 44 261 911 21 23 65 21 288 64 48 3089 119 3314 18778 21 29 834 61 23 38 26 586 347 21 52 98 24
leaf_count=20 24 810 24 22 23 27 291 27 20 20 20 31 20 44 261 911 21 23 65 21 288 64 48 3089 119 3314 18778 21 29 834 61 23 38 26 586 347 21 52 98 24
internal_value=0.000321195 -0.0350829 -0.707197 -4.71602 -1.28774 -0.473922 -1.68003 -0.977688 0.389421 0.820756 3.5126 0.655905 1.82925 -1.51397 2.59339 -0.00306042 -1.86568 -0.904775 -2.59075 2.60572 0.00750827 -0.288116 -2.83365 0.0650803 1.27809 -0.219981 0.0424455 0.0113076 -0.105166 0.227864 0.393889 -2.48089 1.72598 -0.113214 -0.0654981 0.360406 0.515258 -0.286486 0.406381 -0.457257
internal_weight=30585 28035 1274 69 47 1205 345 318 2550 1372 78 1294 345 64 281 26761 150 130 88 42 26611 4337 112 22274 407 4225 21867 860 839 949 895 54 58 1178 1154 394 368 760 150 610
internal_count=30585 28035 1274 69 47 1205 345 318 2550 1372 78 1294 345 64 281 26761 150 130 88 42 26611 4337 112 22274 407 4225 21867 860 839 949 895 54 58 1178 1154 394 368 760 150 610
is_linear=0
shrinkage=0.05


Tree=146
num_leaves=37
num_cat=0
split_feature=1 11 11 8 10 26 11 9 9 8 14 8 15 11 14 9 0 10 7 15 7 5 1 26 7 15 5 7 10 11 17 11 13 11 7 5
split_gain=176378 388353 261067 655758 259835 427995 617696 376563 317366 546973 244450 197304 604507 636321 435858 391074 562196 389660 326432 490514 1.69201e+06 647530 447713 314134 295004 263935 245091 217233 572197 640912 560401 1.57028e+06 547717 541916 197149 155677
threshold=0.055680606748290042 777.22274205627548 687.63510778768716 2567.8214038401825 2612.5536112046047 18.216350000000002 379.89625017337096 2055.8953207150594 2131.9594740145162 1562.9693154448792 -0.70710678118654735 2803.4179486041867 0.60355339059327384 560.65504025192899 -1.0000000180025095e-35 2970.0870861186709 0.4331548461415981 2695.7789523617867 418.29903559414151 -0.70710678118654757 595.16997336795305 253.01000000000002 0.073808701749192462 18.583150000000003 739.3636290339058 -0.78656609248549325 248.99999999999997 400.22302417199722 2521.0321204144539 435.62761669301636 -0.56174490092936669 815.9462725892173 26636.750000000004 212.21842032167106 370.05562067166494 449.00500000000017
decision_type=2 2 2 2 2 2 2 2 2 2 2 2 2 2 2 2 2 2 2 2 2 2 2 2 2 2 2 2 2 2 2 2 2 2 2 2
left_child=1 2 4 -4 8 6 -6 -7 9 -1 -10 15 18 14 17 27 23 -14 22 20 -20 -21 34 26 -25 -24 -17 28 33 -30 31 -29 -32 -2 -13 -3
right_child=11 35 3 -5 5 7 -8 -9 10 -11 -12 12 13 -15 -16 16 -18 -19 19 21 -22 -23 25 24 -26 -27 -28 30 29 -31 32 -33 -34 -35 -36 -37
leaf_value=0.04896032297974498 -0.0043821543428923916 7.6956586988594227 -9.0993250010563766 1.6245309265702965 -1.2138637733459472 3.8412591129325957 10.001474396490281 0.1515660013853071 0.3898926786787289 1.295863185592701 -1.6839362635635142 -5.3987784611660503 -13.504059640389901 2.6373717113641595 -2.1757475545061267 9.4393324145850013 -3.2598426831469816 -4.2588914527063784 -8.4451557619730639 0.88179906961303089 2.9435928764733781 -5.2392447974920273 8.851408900306339 -3.1814500795711176 3.9486334264555647 2.3976203209455584 2.6872431000947956 -0.24979209828376772 6.5685624042389881 -2.8049800256582409 -2.4677572246835009 -10.324972346169609 1.0470796898905974 -0.68808111185580501 0.92619126642191851 1.6412330762771044
leaf_weight=9244 12012 22 25 31 20 82 30 415 214 971 420 22 26 25 37 33 33 22 74 317 57 49 20 21 42 70 24 489 62 25 118 41 1626 3819 26 21
leaf_count=9244 12012 22 25 31 20 82 30 415 214 971 420 22 26 25 37 33 33 22 74 317 57 49 20 21 42 70 24 489 62 25 118 41 1626 3819 26 21
internal_value=0.000290095 0.155017 0.136991 -3.23846 0.153861 1.21612 5.5794 0.766829 0.100195 0.167602 -0.984418 -0.0928812 -0.889984 -4.29438 -6.34015 -0.0604634 2.44859 -9.44019 -0.294414 -0.891975 -3.50495 0.0502585 1.84857 4.03242 1.55929 3.91336 6.69178 -0.081699 -0.147008 3.87369 0.375329 -1.04718 0.807983 -0.169348 -2.02367 4.84346
internal_weight=30585 11495 11452 56 11396 547 50 497 10849 10215 634 19090 745 110 85 18345 153 48 635 497 131 366 138 120 63 90 57 18192 15918 87 2274 530 1744 15831 48 43
internal_count=30585 11495 11452 56 11396 547 50 497 10849 10215 634 19090 745 110 85 18345 153 48 635 497 131 366 138 120 63 90 57 18192 15918 87 2274 530 1744 15831 48 43
is_linear=0
shrinkage=0.05


Tree=147
num_leaves=37
num_cat=0
split_feature=1 7 7 1 5 0 9 14 10 10 7 5 1 23 9 14 4 0 0 16 7 8 6 6 9 7 12 8 0 7 3 8 1 23 6 6
split_gain=163024 354495 265298 391683 257623 371245 368054 580442 342496 334345 240649 189244 641108 218673 179199 935601 1.43345e+06 690412 636147 879638 724717 599471 387168 418178 222097 938032 200116 162389 234119 150049 318237 200259 147619 69409.3 54347.8 51019.4
threshold=0.07815191598035949 926.39038297204081 5.3583119206558498 0.19305214367951343 43.565000000000005 0.30811893661925732 2895.5032941072968 -0.9159756150367534 502.90780557821176 1848.738506876083 87.025755111517626 -1100.9999999999998 0.066298056667291869 5.0483115000000014 2345.2743751583434 0.78656609248549325 1.1320004400029335 0.44180263208968468 0.37735491119627057 -1.0000000180025095e-35 709.52667636726585 2970.0870861186709 29381.370833333338 33913.65083333334 2273.1114059773076 595.16997336795305 43279.500000000007 1273.3079118111889 0.40193690434244789 449.12303786824015 1.780764062319619 3105.7539177504273 0.22031234280403358 3.2332184000000006 28264.799166666671 38807.165000000008
decision_type=2 2 2 2 2 2 2 2 2 2 2 2 2 2 2 2 2 2 2 2 2 2 2 2 2 2 2 2 2 2 2 2 2 2 2 2
left_child=1 4 3 27 11 8 9 -8 35 -7 -10 12 13 -1 21 18 17 -17 19 -16 -20 24 -23 -24 26 -26 -4 33 34 31 -31 -13 -5 -2 -29 -6
right_child=2 -3 14 32 5 6 7 -9 10 -11 -12 29 -14 -15 15 16 -18 -19 20 -21 -22 22 23 -25 25 -27 -28 28 -30 30 -32 -33 -34 -35 -36 -37
leaf_value=3.0686039359641804 5.2730862062627626 4.9311755706134601 -0.20551076856122688 8.4137385606020683 2.0315702850478039 0.15127471972068315 3.5166189054953749 -3.3683432382096847 7.8184020415445179 1.3008686829805096 2.5040741343335271 -0.058604608801278282 -9.8751966462816512 -1.5830169081936281 4.5359409036496103 5.4392338816165919 14.065518333315849 -1.9665680492064532 -4.0037769315056506 -1.0529293792269578 0.23575972740815299 -0.78576789503512179 12.000390124113665 2.2322704530798876 -1.0033376529150539 9.295551226139068 0.5080721428578937 2.6480146635495703 -5.0593318902878543 2.1186751889285089 -0.15750964332515602 2.8620991645425056 2.4270939972287131 1.3100349350452423 0.14871056632780366 -0.67522069371798477
leaf_weight=32 21 37 11537 23 20 3051 38 143 23 797 218 11139 20 107 84 49 23 84 319 409 147 22 22 22 71 31 1073 25 20 253 388 58 20 24 134 101
leaf_count=32 21 37 11537 23 20 3051 38 143 23 797 218 11139 20 107 84 49 23 84 319 409 147 22 22 22 71 31 1073 25 20 253 388 58 20 24 134 101
internal_value=0.000267463 0.107446 -0.124054 1.43416 0.0962551 0.423891 0.28583 -1.91147 1.95545 0.389657 3.04148 -0.0236873 -1.73176 -0.497835 -0.154102 -0.761717 2.81768 0.782078 -1.34631 -0.093403 -2.66876 -0.101026 4.6161 7.27458 -0.125878 2.18653 -0.144755 0.584209 -0.0961759 -0.000600916 0.742784 -0.0432208 5.74781 3.23399 0.555808 -0.214791
internal_weight=30585 16425 14160 267 16388 4391 4029 181 362 3848 241 11997 159 139 13893 1115 156 133 959 493 466 12778 66 44 12712 102 12610 224 179 11838 641 11197 43 45 159 121
internal_count=30585 16425 14160 267 16388 4391 4029 181 362 3848 241 11997 159 139 13893 1115 156 133 959 493 466 12778 66 44 12712 102 12610 224 179 11838 641 11197 43 45 159 121
is_linear=0
shrinkage=0.05


Tree=148
num_leaves=33
num_cat=0
split_feature=15 10 11 2 2 8 23 1 10 10 6 6 3 10 15 1 26 8 1 11 26 26 15 2 26 26 4 10 1 4 11 7
split_gain=158453 232605 211029 461022 442981 441658 324056 529801 216106 367053 255137 317548 239246 306957 194792 465418 849623 442572 270672 206167 175516 515315 531265 443578 274043 566944 470792 163015 147768 109130 72258 58187.8
threshold=0.96592582628906831 117.31523253839474 478.87360381594812 0.55400201476879229 0.48914893720669933 1860.6573161070698 7.1080962000000012 0.11824496080429213 2548.6437464042765 2374.987419907327 29315.593333333338 32298.497500000005 1.780764062319619 1962.7455307003709 0.9159756150367534 0.16234408796964592 18.583150000000003 1928.6294953818244 0.034612725495734666 456.93634900424689 19.249950000000002 19.378050000000005 -0.78656609248549325 0.51670960265346821 18.885400000000001 18.857700000000005 0.23170463394399546 2400.9679739864473 0.18311622431001986 0.29372940141148868 123.78477838558068 165.03154808419001
decision_type=2 2 2 2 2 2 2 2 2 2 2 2 2 2 2 2 2 2 2 2 2 2 2 2 2 2 2 2 2 2 2 2
left_child=1 29 8 4 5 -4 7 -6 9 12 -10 -12 13 -2 20 17 28 19 -19 -16 24 22 -22 -23 25 -3 -26 -8 -17 30 -1 -32
right_child=2 14 3 -5 6 -7 27 -9 10 -11 11 -13 -14 -15 15 16 -18 18 -20 -21 21 23 -24 -25 26 -27 -28 -29 -30 -31 31 -33
leaf_value=-3.2353742605447771 0.17505253751319855 0.029555400548716221 0.95095441317514462 7.2147517798928646 1.2127843982346205 10.129713506915351 6.0514593803314938 -6.4079535133894101 7.5117155108991129 -5.348110867182414 -2.5430460751441224 4.5096569428299409 -3.9425107512754551 3.4949556585152943 -0.1950714334094947 -3.4962897853290338 -12.400291997246121 1.3879406688763547 -4.3935830764137966 3.0633121272161898 -8.0605434794542266 -1.0650688635931389 -1.5032048512429232 0.59924796029568006 7.598478440871606 -2.8766181051316697 0.74551158983181809 -0.17045415564016864 1.2093727341565219 -4.9576287029529444 1.1538700801227242 -2.1869936236468228
leaf_weight=31 2117 23984 33 33 48 21 20 42 20 29 30 32 33 71 1008 33 22 25 97 50 40 769 128 833 25 168 710 21 32 28 31 21
leaf_count=31 2117 23984 33 33 48 21 20 42 20 29 30 32 33 71 1008 33 22 25 97 50 40 769 128 833 25 168 710 21 32 28 31 21
internal_value=0.000367037 -0.0339608 0.377639 1.8617 0.873152 4.63984 -0.702878 -2.37484 0.238165 0.145671 2.74374 1.11078 0.219781 0.284332 -0.0248388 -0.630327 -4.13831 -0.368398 -3.20715 -0.0383316 0.00396227 -0.47698 -3.10296 -0.199829 0.0381856 0.00922175 0.98862 2.93633 -1.19636 -2.30802 -1.36574 -0.211038
internal_weight=30585 28035 2550 218 185 54 131 90 2332 2250 82 62 2221 2188 27924 1267 87 1180 122 1058 26657 1770 168 1602 24887 24152 735 41 65 111 83 52
internal_count=30585 28035 2550 218 185 54 131 90 2332 2250 82 62 2221 2188 27924 1267 87 1180 122 1058 26657 1770 168 1602 24887 24152 735 41 65 111 83 52
is_linear=0
shrinkage=0.05


Tree=149
num_leaves=34
num_cat=0
split_feature=26 26 6 15 9 3 22 19 15 10 22 7 9 6 6 24 15 10 3 26 14 5 9 12 1 5 14 24 3 4 15 16 10
split_gain=153300 212898 430500 251804 309155 277069 234180 233080 1.04716e+06 1.17081e+06 1.04456e+06 767223 662571 677733 666749 286269 619655 994429 863219 588933 860650 431704 227775 149707 161651 149413 143912 125821 108149 100269 93315.2 33494.3 17951.1
threshold=24.444700000000001 19.747150000000001 26718.210833333334 0.1294095225512602 760.68530835330012 0.49324246559576473 5.5000000000000009 -0.68301270189221952 0.25881904510252057 790.92793130418727 5.5000000000000009 242.33534189160753 2055.8953207150594 38053.147500000014 34958.395833333336 8.9108595000000026 0.25881904510252057 2289.661802668134 2.2182014127490191 18.567550000000004 -0.25881904510252113 499.03500000000014 897.8655247089365 29500.500000000004 0.1341894096921071 800.00000000000023 1.0000000180025095e-35 7.765294550000001 0.5764194410878104 1.658110366317757 0.25881904510252057 1.0000000180025095e-35 777.93677950546407
decision_type=2 2 2 2 2 2 2 2 2 2 2 2 2 2 2 2 2 2 2 2 2 2 2 2 2 2 2 2 2 2 2 2 2
left_child=1 7 22 5 -5 29 -6 8 12 11 -11 -10 13 -1 -14 19 17 -17 -18 21 -21 -9 30 24 26 -7 32 -28 -25 -4 -3 -30 -2
right_child=23 2 3 4 6 25 -8 15 9 10 -12 -13 14 -15 -16 16 18 -19 -20 20 -22 -23 -24 28 -26 -27 27 -29 31 -31 -32 -33 -34
leaf_value=-0.43866337366681291 6.6051733242947126 -4.4973831862561848 4.3193249916113343 4.931221573932751 0.48780420806312907 -2.0059172968343781 -4.7634601891559107 -0.21357337936125256 0.38269756014082401 1.6490586922747992 6.0651223605301743 -6.3731712663173674 -9.6554897906563504 1.2048767943271699 -1.7614389186934247 0.16524680523657426 -0.21583981737332225 2.1582356568769177 -3.7016941410237614 -0.70141961648844298 -7.55487766466279 -3.4978857565861121 -8.6619995148976638 -2.415490004198892 -1.3247098523378371 1.8744802799931279 -0.43656300292295569 4.0255145234266925 -0.097700064480304716 0.10526362642645837 -0.79160368959108984 2.2234236454194596 4.0024322890667694
leaf_weight=3202 22 33 25 36 275 337 22 5265 1853 922 156 42 32 779 145 8608 7358 674 181 137 68 101 20 34 23 26 33 29 31 31 35 30 20
leaf_count=3202 22 33 25 36 275 337 22 5265 1853 922 156 42 32 779 145 8608 7358 674 181 137 68 101 20 34 23 26 33 29 31 31 35 30 20
internal_value=0.000339297 -0.00925336 -0.793691 -0.403942 0.621346 -1.21834 0.0841254 0.0130917 0.262022 0.978408 2.29315 0.229678 -0.25031 -0.116833 -3.23487 -0.066191 0.0366984 0.310182 -0.30001 -0.376805 -3.00042 -0.276033 -4.08226 1.30651 2.42265 -1.72358 3.25617 1.68123 -0.195234 2.0294 -2.62918 1.06121 5.48779
internal_weight=30585 30363 840 752 333 419 297 29523 7131 2973 1078 1895 4158 3981 177 22392 16821 9282 7539 5571 205 5366 88 222 127 363 104 62 95 56 68 61 42
internal_count=30585 30363 840 752 333 419 297 29523 7131 2973 1078 1895 4158 3981 177 22392 16821 9282 7539 5571 205 5366 88 222 127 363 104 62 95 56 68 61 42
is_linear=0
shrinkage=0.05


Tree=150
num_leaves=40
num_cat=0
split_feature=4 5 1 11 26 14 15 26 12 9 1 3 20 11 26 1 3 1 9 12 10 10 14 9 8 8 1 11 11 11 3 15 26 1 10 11 3 8 14
split_gain=156911 550097 382409 588863 1.47281e+06 1.63533e+06 957188 1.66168e+06 938870 562255 439476 405947 657619 585762 966786 647537 283420 362531 296577 357304 262980 223224 291089 206486 410437 216033 191741 279322 293495 326038 256189 885659 1.16609e+06 564723 452990 865489 554804 153379 94137.4
threshold=1.1090887273455723 397.00500000000017 0.16073202496419656 400.20756300939792 17.936000000000003 0.91597561503675362 0.37940952255126043 15.500850000000002 32138.500000000004 1083.9811639138104 0.10893823359002454 1.6073739134340836 1.0000000180025095e-35 497.39075132390343 15.500850000000002 0.17248759455961213 1.8073428942465137 0.041718575934021805 2396.8939039273037 43656.500000000007 2289.661802668134 2571.5706662195612 -1.0000000180025095e-35 1222.0183875528421 891.17370951340274 1039.4924051361979 0.05466276440019726 739.19286622200468 687.63510778768716 576.46600801760758 1.3470436256828324 -0.70710678118654757 18.814800000000002 0.095800802092079362 1292.0954870900734 866.73822657055348 0.90598827827926787 1860.6573161070698 1.0000000180025095e-35
decision_type=2 2 2 2 2 2 2 2 2 2 2 2 2 2 2 2 2 2 2 2 2 2 2 2 2 2 2 2 2 2 2 2 2 2 2 2 2 2 2
left_child=1 26 3 16 6 8 7 -5 -6 -7 -8 13 20 23 -15 -16 18 -18 37 -20 -13 -3 -23 25 -25 -4 27 28 29 -1 34 32 -32 -33 35 -28 -36 -2 -19
right_child=2 21 11 4 5 9 10 -9 -10 -11 -12 12 -14 14 15 -17 17 38 19 -21 -22 22 -24 24 -26 -27 30 -29 -30 -31 31 33 -34 -35 36 -37 -38 -39 -40
leaf_value=0.1049949147716637 0.087752238500687196 -7.5344186689007664 -0.13033294792326403 -4.9932678957188381 -3.4488708095260083 0.40483893098502333 5.6862054394012276 6.9753268476536396 0.88955704457531959 8.8385766705344704 13.254413620710373 -3.3478317488768163 8.1233254384994495 -13.56959098528732 -10.157344876994259 -1.098133799358153 -1.1102318464006697 3.6089930725097661 0.080873408743313391 -8.5000620287114934 3.1468140499408435 -6.0279974341889222 1.5612863353446678 -7.7637353189786289 -0.69811051117230782 3.6491011221463916 -0.14686499839049683 4.4736303656810037 -5.4016605186462412 3.2539727818319593 -1.6555863233903236 -0.98309051570795347 -10.473597139000894 0.56468647369538794 3.0377023352452834 -9.1107845551879318 0.35358367500719734 1.5563788482255261 8.7204882074537746
leaf_weight=8542 5266 30 212 46 196 28 42 75 339 67 39 38 30 21 22 141 27 20 27 21 25 23 26 23 145 45 10164 36 23 82 613 1056 39 1331 226 26 1270 183 20
leaf_count=8542 5266 30 212 46 196 28 42 75 339 67 39 38 30 21 22 141 27 20 27 21 25 23 26 23 145 45 10164 36 23 82 613 1056 39 1331 226 26 1270 183 20
internal_value=0.000291378 -0.0619677 0.206285 0.327904 1.56774 0.373677 5.27157 2.42161 -0.703308 6.38301 9.44742 -0.900684 2.16037 -1.37092 -3.71943 -2.37536 0.142259 3.35048 0.102552 -3.77004 -0.761614 -4.20105 -2.05024 -0.347796 -1.70567 0.542995 -0.0478196 0.138524 0.11996 0.135311 -0.157704 -0.566593 -2.19828 -0.120167 -0.051331 -0.170629 0.760834 0.137352 6.31522
internal_weight=30585 23487 7098 6396 832 630 202 121 535 95 81 702 93 609 184 163 5564 67 5497 48 63 79 49 425 168 257 23408 8683 8647 8624 14725 3039 652 2387 11686 10190 1496 5449 40
internal_count=30585 23487 7098 6396 832 630 202 121 535 95 81 702 93 609 184 163 5564 67 5497 48 63 79 49 425 168 257 23408 8683 8647 8624 14725 3039 652 2387 11686 10190 1496 5449 40
is_linear=0
shrinkage=0.05


Tree=151
num_leaves=37
num_cat=0
split_feature=9 12 14 2 12 15 7 1 5 15 1 6 6 5 14 9 11 17 6 15 9 7 23 7 16 6 1 11 9 8 5 6 5 2 12 6
split_gain=150991 766794 654344 354621 521423 603729 329436 592659 878626 1.13872e+06 593663 585706 709890 516143 469380 450375 359409 1.93236e+06 978053 789346 712246 478103 399949 330503 603484 611352 587519 428505 1.01234e+06 392505 283770 608936 558458 173190 326571 125269
threshold=2895.5032941072968 30486.500000000004 0.78656609248549325 0.59700384513092264 32501.500000000004 -0.12940952255126034 687.70773411900234 0.17248759455961213 -130.00499999999997 -0.12940952255126034 0.14297706999227716 24980.067500000005 26490.769166666669 399.99999999999994 0.25881904510252091 2396.8939039273037 648.80539728898964 -0.56174490092936669 29381.370833333338 0.60355339059327384 1523.002253024885 509.56792670586901 6.4526388000000017 380.05603431913977 1.0000000180025095e-35 29122.735000000004 0.11902083097981232 544.86233109898774 1972.6662909140466 2863.635411009132 290.00500000000017 32234.375833333335 300.00000000000017 0.56020500470501722 38016.500000000007 33913.65083333334
decision_type=2 2 2 2 2 2 2 2 2 2 2 2 2 2 2 2 2 2 2 2 2 2 2 2 2 2 2 2 2 2 2 2 2 2 2 2
left_child=6 -2 3 4 -3 -6 16 10 -9 14 11 -8 -13 -12 -10 -11 23 21 19 -19 -20 -18 -23 27 26 -26 -25 29 -29 -1 31 -5 -32 -4 35 -35
right_child=1 2 33 30 5 -7 7 8 9 15 13 12 -14 -15 -16 -17 17 18 20 -21 -22 22 -24 24 25 -27 -28 28 -30 -31 32 -33 -34 34 -36 -37
leaf_value=-0.015074729450329401 -9.4269250281651811 4.7500095148520041 0.29226374864578247 6.778440762828378 -7.825924572857943 -1.6072322697829511 -5.547708607377678 -9.1693505571683254 1.3809199333513105 -5.8983328992421509 10.184620845192358 7.7408766897784336 1.0933520010772504 0.78343343143463129 9.9740936672276472 1.5409318950291604 -3.3406295033863618 -3.9331316865267958 11.516258814075719 1.6929371243130928 1.8156328898936778 -6.7383695530891421 -16.474764451372128 1.924772079941149 1.8305217684762203 -0.82858916695420293 -0.24538261033202474 -8.1551904957989851 3.9815292930603032 -3.304692580621321 -8.8014285519031379 -0.13007986036959546 -0.79122144120581017 10.545242324102492 0.29679992104570074 4.5935152108328685
leaf_weight=25513 23 21 27 33 54 137 28 29 36 60 37 44 379 24 28 30 27 160 22 101 110 23 23 989 275 996 455 47 26 90 25 515 135 20 23 20
leaf_count=25513 23 21 27 33 54 137 28 29 36 60 37 44 379 24 28 30 27 160 22 101 110 23 23 989 275 996 455 47 26 90 25 515 135 20 23 20
internal_value=0.000247752 -0.593658 -0.383374 -0.782661 -2.57147 -3.39703 0.0210275 1.09595 -1.34107 0.182699 1.96792 1.33392 1.80146 6.55817 5.23612 -3.42884 -0.0048981 -1.38072 0.0148721 -1.75782 3.50687 -8.79274 -11.8536 0.0177319 0.542248 -0.25226 1.24126 -0.0377496 -3.83707 -0.0267673 -0.24415 0.297524 -2.08974 3.66193 5.07886 7.75412
internal_weight=30585 1033 1010 920 212 191 29552 695 183 154 512 451 423 61 64 90 28857 466 393 261 132 73 46 28391 2715 1271 1444 25676 73 25603 708 548 160 90 63 40
internal_count=30585 1033 1010 920 212 191 29552 695 183 154 512 451 423 61 64 90 28857 466 393 261 132 73 46 28391 2715 1271 1444 25676 73 25603 708 548 160 90 63 40
is_linear=0
shrinkage=0.05


Tree=152
num_leaves=42
num_cat=0
split_feature=12 11 14 4 13 7 1 15 21 9 16 8 7 14 26 11 23 9 0 16 15 26 15 1 11 26 26 26 26 7 16 7 26 11 16 24 13 15 23 1 7
split_gain=147133 339492 382609 275953 346808 244997 209314 185196 683638 1.2449e+06 624670 1.09287e+06 800052 631098 690889 584657 530654 502328 688327 458359 2.10296e+06 1.54944e+06 1.28084e+06 1.1282e+06 1.07464e+06 1.62431e+06 880558 760276 706888 444243 987486 573864 307054 175048 166256 154361 50342.4 29337.1 24844.4 14392.1 989.015
threshold=46979.000000000007 239.87965525133544 -0.25881904510252113 1.103822511888773 48063.770000000011 430.44667324903764 0.077061651740503209 -0.5 1.0000000180025095e-35 2055.8953207150594 -0.60785761079279388 3005.0980100075335 649.02696317211291 0.25881904510252091 18.696500000000004 232.95339352564329 9.2080560000000009 887.63544884768805 0.35021793181639599 -0.60785761079279388 -0.12940952255126034 14.827350000000001 -0.37940952255126009 0.18058820999331973 269.89323609900458 18.398400000000006 18.576600000000003 18.245050000000003 14.725100000000001 576.58915984026874 -1.0000000180025095e-35 488.33529821735692 18.866100000000007 190.30317605116554 -0.60785761079279388 1.9856815500000002 48680.075000000004 -0.37940952255126009 13.093436500000001 0.079306453220254175 120.80440329893672
decision_type=2 2 2 2 2 2 2 2 2 2 2 2 2 2 2 2 2 2 2 2 2 2 2 2 2 2 2 2 2 2 2 2 2 2 2 2 2 2 2 2 2
left_child=7 33 5 4 -4 35 -6 8 10 17 11 12 -1 14 -12 -15 -13 34 -19 20 24 28 23 27 32 -26 -23 -21 -22 31 -31 -24 -9 37 -10 -3 -37 38 -2 -40 -39
right_child=1 2 3 -5 6 -7 -8 19 9 -11 13 16 -14 15 -16 -17 -18 18 -20 22 21 26 29 -25 25 -27 -28 -29 -30 30 -32 -33 -34 -35 -36 36 -38 40 39 -41 -42
leaf_value=-0.70149681355388738 -0.79550403970914585 9.7501865168980189 2.8061007165908816 4.1796351693471276 -0.74569959618828507 0.58356381638844812 -7.7642146986181091 -0.26230651194847193 1.6634681146690646 -12.544988883689598 0.059215563871132429 -2.0986602977783453 5.2857350603739421 0.29047972713407016 -1.7337982614572696 1.9650331097805165 -11.188296628528171 3.7613624819119771 -5.6344275238622972 0.63312179191357432 0.39343933270595921 3.5360048828798969 -0.1878301870210404 11.274917468070983 -8.0623541057628145 -0.77474770426061124 1.1668201219776335 4.1844641648796559 -3.7799324018728164 -6.3998629649849832 -0.73238315883737348 1.7294259079736163 -4.0433814422015484 -4.2853729827880862 -1.0255906572061428 3.1020635147655717 6.3616038783121374 -0.73728098542012022 0.28546233759242662 1.2799630528738946 -1.2673758856455484
leaf_weight=2662 35 20 27 29 21 29 21 726 82 26 3460 30 56 1748 635 742 35 23 108 690 3016 676 12379 29 137 172 936 192 104 85 727 402 57 24 186 33 22 28 97 58 20
leaf_count=2662 35 20 27 29 21 29 21 726 82 26 3460 30 56 1748 635 742 35 23 108 690 3016 676 12379 29 137 172 936 192 104 85 727 402 57 24 186 33 22 28 97 58 20
internal_value=0.000219806 0.882837 2.41776 0.169058 -1.5521 4.51488 -4.35403 -0.0134052 -0.192019 -2.15097 -0.102926 -0.730834 -0.576239 0.162515 -0.219176 0.790074 -7.08852 -1.44398 -3.96875 0.0726467 0.447285 0.903719 -0.0778074 1.73613 -1.52961 -4.02142 2.16193 1.41007 0.253159 -0.199496 -1.3328 -0.127396 -0.54237 -0.305249 -0.199675 6.00725 4.49629 0.112339 0.391911 0.66345 -0.979613
internal_weight=30585 464 202 98 69 104 42 30121 9793 425 9368 2783 2718 6585 4095 2490 65 399 131 20328 5824 4732 14504 911 1092 309 1612 882 3120 13593 812 12781 783 262 268 75 55 238 190 155 48
internal_count=30585 464 202 98 69 104 42 30121 9793 425 9368 2783 2718 6585 4095 2490 65 399 131 20328 5824 4732 14504 911 1092 309 1612 882 3120 13593 812 12781 783 262 268 75 55 238 190 155 48
is_linear=0
shrinkage=0.05


Tree=153
num_leaves=37
num_cat=0
split_feature=9 9 11 1 1 26 1 7 1 5 15 1 5 18 14 0 14 9 11 17 4 2 3 7 23 7 16 10 18 11 18 10 4 11 7 17
split_gain=153647 522136 1.589e+06 396374 723307 569696 352798 301293 544843 795784 1.00772e+06 535104 472735 459473 611156 572706 426057 409206 325838 1.74897e+06 759908 957810 644129 425802 356644 288083 562787 552211 454157 392728 1.1254e+06 416729 269656 249982 193919 288409
threshold=2895.5032941072968 2921.6531414937131 472.37178621456525 0.16412451633533634 0.15094606262164065 18.598000000000003 0.13815152223009083 687.70773411900234 0.17248759455961213 -130.00499999999997 -0.12940952255126034 0.14297706999227716 399.99999999999994 -0.5 0.91597561503675362 0.42532920336836244 0.25881904510252091 2396.8939039273037 648.80539728898964 -0.56174490092936669 1.3233843357287192 0.62736349478410325 0.81112218353311982 509.56792670586901 6.4526388000000017 380.05603431913977 1.0000000180025095e-35 1144.1496351358087 -0.5 441.98575352340697 -0.93301270189221919 2593.2568529125997 0.53013352905635491 815.9462725892173 472.40360327348986 1.0000000180025095e-35
decision_type=2 2 2 2 2 2 2 2 2 2 2 2 2 2 2 2 2 2 2 2 2 2 2 2 2 2 2 2 2 2 2 2 2 2 2 2
left_child=7 2 34 4 6 33 32 18 11 -10 16 13 -13 14 -9 -15 -11 -12 25 23 21 -21 -22 -20 -25 29 27 -27 -28 31 -31 -1 -3 -5 35 -2
right_child=1 3 -4 5 -6 -7 -8 8 9 10 17 12 -14 15 -16 -17 -18 -19 19 20 22 -23 -24 24 -26 26 28 -29 -30 30 -32 -33 -34 -35 -36 -37
leaf_value=-0.021790580257937606 2.2752559894720714 -5.8683303744142705 -12.487498787244162 1.8952692110374061 -7.4695577348603139 -3.0594943802697321 5.6234185741424563 1.4231168407824502 -8.737594023386638 1.2458973110044325 -5.5886932872553343 9.713784383974577 0.71809719638824454 1.5315613775877726 7.6726309510935913 -4.9644936439447243 9.4302751095541577 1.5016629632719278 -3.2165228450298309 -0.33375359198268584 0.14631121293358182 6.8019155463150573 -11.691444341142972 -6.4196328479051594 -15.619914588133495 -0.56455800696041281 -1.3722494818837738 1.7290613034221396 0.54209502473231908 -11.601770588801458 -0.87778532368015671 2.9691879357639541 -0.2509893897371292 8.2811418624718982 4.1298783169754527 -4.4588321046268247
leaf_weight=25116 29 21 35 28 35 27 24 267 29 36 60 37 24 83 45 56 28 30 27 293 22 55 23 23 23 344 532 1100 739 25 419 116 745 35 21 33
leaf_count=25116 29 21 35 28 35 27 24 267 29 36 60 37 24 83 45 56 28 30 27 293 22 55 23 23 23 344 532 1100 739 25 419 116 745 35 21 33
internal_value=0.000191687 -0.598914 -3.71454 -0.193496 -0.538335 2.93866 -0.222195 0.0211534 1.04913 -1.2875 0.162725 1.88519 6.24325 1.28322 2.34614 -1.10229 4.91663 -3.23466 -0.00364014 -1.31364 0.0140843 0.810254 -6.02662 -8.36516 -11.2543 0.017907 0.507607 1.18264 -0.259633 -0.0338918 -1.50634 -0.00792272 -0.412446 5.51701 0.0894608 -1.32282
internal_weight=30585 1033 118 915 825 90 790 29552 695 183 154 512 61 451 312 139 64 90 28857 466 393 348 45 73 46 28391 2715 1444 1271 25676 444 25232 766 63 83 62
internal_count=30585 1033 118 915 825 90 790 29552 695 183 154 512 61 451 312 139 64 90 28857 466 393 348 45 73 46 28391 2715 1444 1271 25676 444 25232 766 63 83 62
is_linear=0
shrinkage=0.05


Tree=154
num_leaves=36
num_cat=0
split_feature=4 9 10 10 11 15 8 19 9 18 26 7 8 26 12 11 16 12 0 11 15 11 4 8 11 7 0 8 7 1 1 12 0 23 23
split_gain=146609 357213 488869 336556 288171 298426 192378 254812 155154 470363 461228 418247 692525 578616 596425 524477 488306 910223 586761 421953 1.00193e+06 370372 364326 347319 332931 448395 445994 307330 255220 351343 224627 108788 128273 127054 80137.9
threshold=1.7503628991891083 1444.143480146038 1292.0954870900734 1780.3254619662914 472.37178621456525 -0.37940952255126009 547.93299399663113 -0.24999999999999994 2345.2743751583434 0.68301270189221941 18.758650000000003 380.05603431913977 2803.4179486041867 14.827350000000001 33556.500000000007 400.20756300939792 -0.60785761079279388 39677.500000000007 0.34566461995697972 497.39075132390343 0.60355339059327384 390.10552129938475 1.1615139393244804 1997.8783519999365 283.33987693072157 260.29778111791398 0.27253655293519002 2443.5219297118733 418.29903559414151 0.067477736225598883 0.07815191598035949 28722.500000000004 0.59908397277706593 4.7644335000000009 6.5619832500000008
decision_type=2 2 2 2 2 2 2 2 2 2 2 2 2 2 2 2 2 2 2 2 2 2 2 2 2 2 2 2 2 2 2 2 2 2 2
left_child=8 4 34 -4 6 -6 31 -8 11 10 24 12 19 14 22 -14 17 -15 -18 27 -21 -16 -13 -12 25 -10 -26 -1 29 -11 -25 32 -2 -33 -3
right_child=1 2 3 -5 5 -7 7 -9 9 28 23 13 15 16 21 -17 18 -19 -20 20 -22 -23 -24 30 26 -27 -28 -29 -30 -31 -32 33 -34 -35 -36
leaf_value=-0.024514215778754178 2.3926733024915059 5.0469657884325301 -3.3447873579428116 3.7699970574256705 -7.9897040330796019 0.24388621727625531 6.1939046061038976 -0.85751084230162877 1.2907000878334047 -2.2544013587012888 -3.2492264994707973 -2.8500885851723807 0.091657427007501777 2.3376997254789975 -1.8647256731451229 -10.279287842059958 2.392078519752797 -6.8691179733616963 -0.026710750419858376 -4.4674328712241289 3.5124222944400927 2.6972072493628172 -10.13020024617513 1.630100667311595 6.2913316324234012 -7.3483437249599355 -0.4266584179557808 2.6485369949539503 -0.11010099576867145 -11.217658106630498 6.114493380247378 -4.3050620014771175 -1.9305605067377507 -0.18149143169421961 10.008438622156779
leaf_weight=24719 68 20 28 38 20 23 31 21 24 23 21 104 21 678 88 28 305 27 1388 145 53 88 20 64 24 38 2114 107 22 21 50 22 22 100 20
leaf_count=24719 68 20 28 38 20 23 31 21 24 23 21 104 21 678 88 28 305 27 1388 145 53 88 20 64 24 38 2114 107 22 21 50 22 22 100 20
internal_value=0.000121645 0.934646 3.42243 0.746657 0.0673334 -3.68013 0.689318 3.38367 -0.0127007 -0.398225 -0.279578 0.0206436 -0.0430167 0.612049 -1.45484 -5.92156 0.871127 1.97586 0.410195 -0.0312695 -2.32447 0.418564 -4.09599 2.54642 -0.454072 -4.03671 -0.348338 -0.012887 -4.5289 -6.68665 3.63305 0.0156315 1.32623 -0.954082 7.71143
internal_weight=30585 413 106 66 307 43 264 52 30172 2401 2335 27771 25073 2698 300 49 2398 705 1693 25024 198 176 124 135 2200 62 2138 24826 66 44 114 212 90 122 40
internal_count=30585 413 106 66 307 43 264 52 30172 2401 2335 27771 25073 2698 300 49 2398 705 1693 25024 198 176 124 135 2200 62 2138 24826 66 44 114 212 90 122 40
is_linear=0
shrinkage=0.05


Tree=155
num_leaves=45
num_cat=0
split_feature=4 5 18 5 11 11 15 8 9 24 1 10 14 0 22 13 18 10 10 7 9 4 10 10 15 6 6 15 14 19 15 8 11 7 10 15 7 11 3 24 10 18 11 10
split_gain=141233 326401 501633 579509 571093 740280 476054 322930 250333 464402 400317 372537 637841 843768 678789 656829 591604 386649 341688 362230 302283 463288 607309 365089 609134 232963 283473 229719 186373 641493 667827 1.30026e+06 435142 607777 320514 190306 565680 612900 556026 1.19743e+06 272669 178974 164351 147321
threshold=1.0666667407409056 146.99499999999992 -0.6830127018922193 170.01000000000013 648.80539728898964 531.76801472283285 -0.70710678118654757 2148.5964702371089 2895.5032941072968 8.425451500000003 0.043112620323068028 1627.9255476811095 0.98296291314453432 0.46247628993629081 5.5000000000000009 32934.875000000007 -0.5 1867.7165627487752 2715.5195010526172 456.98066971196971 1279.3207320068495 2.0942531922245533 684.59061149821753 1512.4994410164497 -0.37940952255126009 31650.572500000006 33201.045833333344 0.25881904510252057 0.91597561503675362 1.0000000180025095e-35 0.25881904510252057 737.99007240261528 777.22274205627548 408.87592371001875 1358.6748283408663 -0.5 995.43244380087151 531.76801472283285 1.0090803937399995 12.776583500000003 741.17480295465418 -0.6830127018922193 648.80539728898964 942.87352994662808
decision_type=2 2 2 2 2 2 2 2 2 2 2 2 2 2 2 2 2 2 2 2 2 2 2 2 2 2 2 2 2 2 2 2 2 2 2 2 2 2 2 2 2 2 2 2
left_child=1 28 3 -3 5 7 -5 -4 11 10 -10 20 13 15 17 -13 -15 -14 19 -12 23 22 -22 42 -25 -11 -27 -8 35 30 31 -30 33 -31 -32 38 37 -37 40 -40 -1 -28 -2 -23
right_child=8 2 4 6 -6 -7 27 -9 9 25 18 12 14 16 -16 -17 -18 -19 -20 -21 21 43 -24 24 -26 26 41 -29 29 32 34 -33 -34 -35 -36 36 -38 -39 39 -41 -42 -43 -44 -45
leaf_value=-0.13288159701181432 0.091678970779636701 -4.5608165281246871 -1.7646492453791063 -3.7238979854186378 -9.1830972186001869 5.6519469355157135 6.7332604701916372 -6.7417513160904257 -8.3387170096004706 -2.8902008845465526 -9.0159978463433017 5.9272948214492285 -3.0525476582845057 -2.557978764876256 12.115490334419453 1.067097502673177 0.4070202905100746 4.3379190043651539 2.8036751012448917 -0.54924806764048906 -8.6652501175495296 6.8633384561538708 -0.89355727231671078 9.1192794265747068 -0.34876861590147018 6.4536237762451183 -3.5145322895050053 1.5117437599954153 -0.75860275586921444 0.17262218627645529 -0.36938365928924238 -4.9554112848707739 -5.5872039483388267 4.223043602008631 2.8361171360887014 0.065809485603488371 -6.8391858666518646 1.7354713698522801 -1.6769260254797431 0.92018606185157559 0.74137597354105833 1.8975309546530248 3.9302695519583568 1.3752769420941671
leaf_weight=3189 6835 38 105 23 32 26 44 47 33 34 21 73 23 286 22 1168 406 68 26 30 25 21 777 29 39 24 21 41 626 1117 311 261 29 100 103 10500 28 579 1443 640 1237 49 27 29
leaf_count=3189 6835 38 105 23 32 26 44 47 33 34 21 73 23 286 22 1168 406 68 26 30 25 21 777 29 39 24 21 41 626 1117 311 261 29 100 103 10500 28 579 1443 640 1237 49 27 29
internal_value=7.78137e-05 -0.0751762 -1.57383 0.675099 -3.13318 -2.0003 2.54235 -3.33766 0.153472 -1.44544 -3.81262 0.192336 0.792524 0.577859 4.42729 1.35754 -0.820314 2.45707 -1.79076 -4.14199 0.0344553 -0.853725 -1.14631 0.14376 3.76265 0.6026 1.88313 4.26157 -0.0486388 -0.448332 -1.22447 -1.99771 0.362392 0.50864 0.43302 0.00917248 0.134975 0.153217 -0.205485 -0.878904 0.111571 0.247209 0.107354 3.76974
internal_weight=30585 20519 356 146 210 178 108 152 10066 238 110 9828 2046 1933 113 1241 692 91 77 51 7782 852 802 6930 68 128 94 85 20163 2547 1301 887 1246 1217 414 17616 11107 11079 6509 2083 4426 70 6862 50
internal_count=30585 20519 356 146 210 178 108 152 10066 238 110 9828 2046 1933 113 1241 692 91 77 51 7782 852 802 6930 68 128 94 85 20163 2547 1301 887 1246 1217 414 17616 11107 11079 6509 2083 4426 70 6862 50
is_linear=0
shrinkage=0.05


Tree=156
num_leaves=33
num_cat=0
split_feature=10 4 8 6 15 26 6 17 9 14 26 13 6 1 7 13 11 1 8 8 7 1 6 14 8 10 11 1 11 6 4 11
split_gain=140998 246271 325857 225748 265926 473703 313891 247405 198025 826365 866064 573809 556185 573437 535486 523493 473894 426175 420956 376100 275739 613938 945503 883305 362247 269086 195324 173228 148157 84693.9 55340.2 45026.5
threshold=2767.1847758161971 1.0322299932651813 2803.4179486041867 42502.757500000007 -0.12940952255126034 18.245050000000003 37857.010833333341 1.0000000180025095e-35 2345.2743751583434 0.60355339059327384 18.160600000000006 30558.585000000003 27038.795000000002 0.18058820999331973 709.52667636726585 31507.895000000004 815.9462725892173 0.19305214367951343 2567.8214038401825 3151.2881327577629 478.88074020182006 0.14161696835341123 24980.067500000005 0.12940952255126043 2863.635411009132 2500.8674186857966 687.63510778768716 0.032970904195650928 408.82633411873377 34900.12750000001 1.106654035126341 631.09926442692938
decision_type=2 2 2 2 2 2 2 2 2 2 2 2 2 2 2 2 2 2 2 2 2 2 2 2 2 2 2 2 2 2 2 2
left_child=8 3 27 4 5 -2 7 -6 19 11 -11 14 16 -14 31 18 -12 -17 -13 20 24 22 -22 -23 26 -26 -1 -3 -4 -29 -16 -10
right_child=1 2 28 -5 6 -7 -8 -9 9 10 12 15 13 -15 30 17 -18 -19 -20 -21 21 23 -24 -25 25 -27 -28 29 -30 -31 -32 -33
leaf_value=-0.0012988240632439809 -7.0478793977366552 7.6420087641477581 -1.9866438293609865 4.891682798294795 -2.2672241422574815 1.214069037437439 4.5227692339970522 3.4154674353966352 -6.7299985009148005 -7.3779542647187526 1.3798877010345461 6.1598087390940242 2.2804275765595508 9.9010993478916305 -2.7329447726976306 -0.76977971876218687 -6.7450409283637995 -4.7902521122365753 -2.4056070637702942 5.2035800857543952 -4.7904651283395703 -3.2747917689074733 1.7958287243351654 1.1776917087693928 -5.8009364012803175 -0.3195930685780265 -2.6844806888699537 4.6089229114239032 3.0064171014229459 0.26668548674810505 0.90801338104974649 -11.021242826098486
leaf_weight=26471 35 31 38 20 72 33 38 25 20 25 44 46 308 26 20 1501 29 68 20 34 57 202 912 246 46 43 67 25 23 20 20 20
leaf_count=26471 35 31 38 20 72 33 38 25 20 25 44 46 308 26 20 1501 29 68 20 34 57 202 912 246 46 43 67 25 23 20 20 20
internal_value=6.55207e-05 0.982367 2.64248 -0.0447419 -0.552708 -3.07885 0.732962 -0.782655 -0.0116663 -0.474373 1.47783 -0.9667 2.03856 2.90145 -5.07537 -0.762682 -1.89529 -0.946969 3.56699 0.0237303 0.0172649 0.696648 1.40386 -0.832712 -0.0189142 -3.18568 -0.00817409 4.80502 -0.085808 2.7269 -0.934599 -9.09222
internal_weight=30585 360 137 223 203 68 135 97 30225 2147 432 1715 407 334 80 1635 73 1569 66 28078 28044 1417 969 448 26627 89 26538 76 61 45 40 40
internal_count=30585 360 137 223 203 68 135 97 30225 2147 432 1715 407 334 80 1635 73 1569 66 28078 28044 1417 969 448 26627 89 26538 76 61 45 40 40
is_linear=0
shrinkage=0.05


Tree=157
num_leaves=34
num_cat=0
split_feature=15 9 7 12 1 0 4 8 8 1 8 14 1 9 6 7 7 18 7 23 3 13 7 7 7 19 9 7 3 7 17 7 7
split_gain=138725 331471 333911 187826 306398 228500 160562 289710 695119 322670 450218 249363 168040 237541 1.37904e+06 225567 197906 475633 170085 107316 165967 501885 329114 128796 111131 174601 85989.4 84916.4 115302 83735.8 33733.9 59103 30774.5
threshold=-0.9829629131445341 2148.5964702371089 560.69823162522187 46979.000000000007 0.13309314721995116 0.2974754952186725 1.2548017191289624 1950.5840221573269 2231.5016179326008 0.16073202496419656 1194.9540858527089 0.91597561503675362 0.061552621303690887 28.63519445162547 27396.050000000007 209.63940574600554 425.10869052098866 0.25000000000000006 370.05562067166494 5.6664435000000006 1.0660977007725549 37418.74500000001 380.05603431913977 325.12058066250438 400.22302417199722 -0.5 708.38713674120231 456.98066971196971 1.8073428942465137 412.65580852970925 -0.22252093395631442 138.02849260244491 182.17473618486298
decision_type=2 2 2 2 2 2 2 2 2 2 2 2 2 2 2 2 2 2 2 2 2 2 2 2 2 2 2 2 2 2 2 2 2
left_child=1 19 -3 6 5 27 12 9 -9 11 -11 -8 16 14 -14 -15 18 -18 -2 23 24 -22 -23 30 26 -26 -21 28 -5 -7 32 -32 -1
right_child=3 2 -4 4 -6 29 7 8 -10 10 -12 -13 13 15 -16 -17 17 -19 -20 20 21 22 -24 -25 25 -27 -28 -29 -30 -31 31 -33 -34
leaf_value=0.10815365905635232 0.10354843940361561 -7.4004566787270933 0.12196487214830187 0.080680789158785293 5.9444483032226572 6.2708601136641073 0.36634844526725252 9.0953592942555748 -2.5136294964085462 -0.37735527879625397 -6.2443043606281279 2.2921802028998033 -1.1799151188991537 -0.0049204428695571283 10.967192695140838 -0.4028543350042475 1.5011122852887229 -1.0642113198158218 -0.86570306797193575 -0.11197861912953749 -6.9606846123475297 -2.3586896110961311 2.5023856977115981 4.2230533500151202 5.3606181781942199 -0.61967028788157874 -1.4184452982109748 -2.4920096918252801 2.7390556662281358 1.8394748934110006 0.022326985474589261 2.2974166270189507 -1.7098409413732591
leaf_weight=85 10035 33 26 272 29 21 1407 29 22 180 39 190 86 9922 31 5554 681 245 473 555 38 94 54 21 21 27 162 25 47 23 85 42 31
leaf_count=85 10035 33 26 272 29 21 1407 29 22 180 39 190 86 9922 31 5554 681 245 473 555 38 94 54 21 21 27 162 25 47 23 85 42 31
internal_value=4.20033e-05 -0.510518 -4.13862 0.0222503 1.07455 0.696207 0.00702653 0.45535 4.13543 0.349778 -1.44581 0.596765 -0.0239588 -0.130716 2.10417 -0.147747 0.121629 0.821961 0.0598405 -0.331075 -0.578577 -1.91396 -0.58013 0.559293 -0.251813 2.05261 -0.408735 0.257125 0.479705 4.04692 0.226641 0.786828 -0.388109
internal_weight=30585 1274 59 29311 417 388 28894 1867 51 1816 219 1597 27027 15593 117 15476 11434 926 10508 1215 951 186 148 264 765 48 717 344 319 44 243 127 116
internal_count=30585 1274 59 29311 417 388 28894 1867 51 1816 219 1597 27027 15593 117 15476 11434 926 10508 1215 951 186 148 264 765 48 717 344 319 44 243 127 116
is_linear=0
shrinkage=0.05


end of trees

feature_importances:
price_ptf_rolling_std_24h=793
price_ptf_lag_168h=626
price_ptf_rolling_mean_24h=621
thermal_gap=578
hour_cos=577
renewable_saturation=565
price_volatility_lag24h=434
price_ptf_lag_24h=383
USD_TRY=322
hour_sin=296
temp_national=293
realtime_premium_lag24h=236
consumption_forecast=225
reserve_margin_ratio=205
system_short_signal=205
spark_spread_proxy=186
dow_cos_x=183
consumption_lag_24h=155
dow_sin_x=116
load_factor=105
HDD=79
month_cos=70
month_sin=66
day_of_week=65
is_holiday_day=44
is_weekend_x=11

parameters:
[boosting: gbdt]
[objective: regression]
[metric: l1]
[tree_learner: serial]
[device_type: cpu]
[data_sample_strategy: bagging]
[data: ]
[valid: ]
[num_iterations: 1000]
[learning_rate: 0.05]
[num_leaves: 63]
[num_threads: 11]
[seed: 42]
[deterministic: 0]
[force_col_wise: 0]
[force_row_wise: 1]
[histogram_pool_size: -1]
[max_depth: 6]
[min_data_in_leaf: 20]
[min_sum_hessian_in_leaf: 0.001]
[bagging_fraction: 0.8]
[pos_bagging_fraction: 1]
[neg_bagging_fraction: 1]
[bagging_freq: 0]
[bagging_seed: 400]
[bagging_by_query: 0]
[feature_fraction: 0.8]
[feature_fraction_bynode: 1]
[feature_fraction_seed: 30056]
[extra_trees: 0]
[extra_seed: 12879]
[early_stopping_round: 0]
[early_stopping_min_delta: 0]
[first_metric_only: 0]
[max_delta_step: 0]
[lambda_l1: 0.1]
[lambda_l2: 1]
[linear_lambda: 0]
[min_gain_to_split: 0]
[drop_rate: 0.1]
[max_drop: 50]
[skip_drop: 0.5]
[xgboost_dart_mode: 0]
[uniform_drop: 0]
[drop_seed: 17869]
[top_rate: 0.2]
[other_rate: 0.1]
[min_data_per_group: 100]
[max_cat_threshold: 32]
[cat_l2: 10]
[cat_smooth: 10]
[max_cat_to_onehot: 4]
[top_k: 20]
[monotone_constraints: ]
[monotone_constraints_method: basic]
[monotone_penalty: 0]
[feature_contri: ]
[forcedsplits_filename: ]
[refit_decay_rate: 0.9]
[cegb_tradeoff: 1]
[cegb_penalty_split: 0]
[cegb_penalty_feature_lazy: ]
[cegb_penalty_feature_coupled: ]
[path_smooth: 0]
[interaction_constraints: ]
[verbosity: -1]
[saved_feature_importance_type: 0]
[use_quantized_grad: 0]
[num_grad_quant_bins: 4]
[quant_train_renew_leaf: 0]
[stochastic_rounding: 1]
[linear_tree: 0]
[max_bin: 255]
[max_bin_by_feature: ]
[min_data_in_bin: 3]
[bin_construct_sample_cnt: 200000]
[data_random_seed: 175]
[is_enable_sparse: 1]
[enable_bundle: 1]
[use_missing: 1]
[zero_as_missing: 0]
[feature_pre_filter: 1]
[pre_partition: 0]
[two_round: 0]
[header: 0]
[label_column: ]
[weight_column: ]
[group_column: ]
[ignore_column: ]
[categorical_feature: ]
[forcedbins_filename: ]
[precise_float_parser: 0]
[parser_config_file: ]
[objective_seed: 16083]
[num_class: 1]
[is_unbalance: 0]
[scale_pos_weight: 1]
[sigmoid: 1]
[boost_from_average: 1]
[reg_sqrt: 0]
[alpha: 0.9]
[fair_c: 1]
[poisson_max_delta_step: 0.7]
[tweedie_variance_power: 1.5]
[lambdarank_truncation_level: 30]
[lambdarank_norm: 1]
[label_gain: ]
[lambdarank_position_bias_regularization: 0]
[eval_at: ]
[multi_error_top_k: 1]
[auc_mu_weights: ]
[num_machines: 1]
[local_listen_port: 12400]
[time_out: 120]
[machine_list_filename: ]
[machines: ]
[gpu_platform_id: -1]
[gpu_device_id: -1]
[gpu_use_dp: 0]
[num_gpu: 1]

end of parameters

pandas_categorical:[]
